solid OpenSCAD_Model
  facet normal -1 0 0
    outer loop
      vertex -45 -44 8
      vertex -45 -45 158
      vertex -45 -44 158
    endloop
  endfacet
  facet normal -1 0 0
    outer loop
      vertex -45 -45.9 8
      vertex -45 -45 158
      vertex -45 -44 8
    endloop
  endfacet
  facet normal -1 -0 0
    outer loop
      vertex -45 -45 158
      vertex -45 -45.9 8
      vertex -45 -45.9 158
    endloop
  endfacet
  facet normal -1 0 0
    outer loop
      vertex -45 45.9 8
      vertex -45 45 158
      vertex -45 45.9 158
    endloop
  endfacet
  facet normal -1 0 0
    outer loop
      vertex -45 44 8
      vertex -45 45 158
      vertex -45 45.9 8
    endloop
  endfacet
  facet normal -1 0 0
    outer loop
      vertex -45 44 158
      vertex -45 45 158
      vertex -45 44 8
    endloop
  endfacet
  facet normal -1 0 0
    outer loop
      vertex -45 45 158
      vertex -45 44 158
      vertex -45 45 172
    endloop
  endfacet
  facet normal -1 0 0
    outer loop
      vertex -45 -44 158
      vertex -45 45 172
      vertex -45 44 158
    endloop
  endfacet
  facet normal -1 0 0
    outer loop
      vertex -45 -45 172
      vertex -45 -44 158
      vertex -45 -45 158
    endloop
  endfacet
  facet normal -1 0 0
    outer loop
      vertex -45 -44 158
      vertex -45 -45 172
      vertex -45 45 172
    endloop
  endfacet
  facet normal -0 0 1
    outer loop
      vertex -45 45.9 158
      vertex -37.8 45 158
      vertex -37.8 45.9 158
    endloop
  endfacet
  facet normal 0 0 1
    outer loop
      vertex -37.8 45 158
      vertex -45 45.9 158
      vertex -45 45 158
    endloop
  endfacet
  facet normal -0 0 1
    outer loop
      vertex -45 -45 158
      vertex -37.8 -45.9 158
      vertex -37.8 -45 158
    endloop
  endfacet
  facet normal 0 0 1
    outer loop
      vertex -37.8 -45.9 158
      vertex -45 -45 158
      vertex -45 -45.9 158
    endloop
  endfacet
  facet normal 1 -0 0
    outer loop
      vertex -37.8 45 158
      vertex -37.8 45.9 8
      vertex -37.8 45.9 158
    endloop
  endfacet
  facet normal 1 0 0
    outer loop
      vertex -37.8 45.9 8
      vertex -37.8 45 158
      vertex -37.8 45 8
    endloop
  endfacet
  facet normal 1 -0 0
    outer loop
      vertex -37.8 -45.9 158
      vertex -37.8 -45 8
      vertex -37.8 -45 158
    endloop
  endfacet
  facet normal 1 0 0
    outer loop
      vertex -37.8 -45 8
      vertex -37.8 -45.9 158
      vertex -37.8 -45.9 8
    endloop
  endfacet
  facet normal 0 0 1
    outer loop
      vertex -45 -44 8
      vertex -45.9 -44 8
      vertex -45 -45.9 8
    endloop
  endfacet
  facet normal 0 0 1
    outer loop
      vertex 37.8 -45 8
      vertex -37.8 -45 8
      vertex 37.8 -45.9 8
    endloop
  endfacet
  facet normal 0 0 1
    outer loop
      vertex 47.8 47.8 8
      vertex 45.4 40.08 8
      vertex 47.8 -47.8 8
    endloop
  endfacet
  facet normal 0 0 1
    outer loop
      vertex 47.8 47.8 8
      vertex 45 45.9 8
      vertex 45.4 40.08 8
    endloop
  endfacet
  facet normal 0 0 1
    outer loop
      vertex 47.8 47.8 8
      vertex 37.8 45.9 8
      vertex 45 45.9 8
    endloop
  endfacet
  facet normal 0 0 1
    outer loop
      vertex 37.8 45.9 8
      vertex -37.8 45.9 8
      vertex 37.8 45 8
    endloop
  endfacet
  facet normal 0 0 1
    outer loop
      vertex 47.8 47.8 8
      vertex -37.8 45.9 8
      vertex 37.8 45.9 8
    endloop
  endfacet
  facet normal -0 0 1
    outer loop
      vertex -47.8 47.8 8
      vertex -37.8 45.9 8
      vertex 47.8 47.8 8
    endloop
  endfacet
  facet normal 0 0 1
    outer loop
      vertex -45 45.9 8
      vertex -45.9 44 8
      vertex -45 44 8
    endloop
  endfacet
  facet normal 0 0 1
    outer loop
      vertex -45.9 44 8
      vertex -47.8 47.8 8
      vertex -45.9 -44 8
    endloop
  endfacet
  facet normal 0 0 1
    outer loop
      vertex -45 45.9 8
      vertex -47.8 47.8 8
      vertex -45.9 44 8
    endloop
  endfacet
  facet normal 0 0 1
    outer loop
      vertex -37.8 45.9 8
      vertex -47.8 47.8 8
      vertex -45 45.9 8
    endloop
  endfacet
  facet normal -0 0 1
    outer loop
      vertex 45.4 -40.0715 8
      vertex 47.8 -47.8 8
      vertex 45.4 40.08 8
    endloop
  endfacet
  facet normal 0 0 1
    outer loop
      vertex 45 -45.9 8
      vertex 45.4 -40.0715 8
      vertex 45 -40.0715 8
    endloop
  endfacet
  facet normal 0 0 1
    outer loop
      vertex 45.4 -40.0715 8
      vertex 45 -45.9 8
      vertex 47.8 -47.8 8
    endloop
  endfacet
  facet normal -0 0 1
    outer loop
      vertex 37.8 -45.9 8
      vertex 47.8 -47.8 8
      vertex 45 -45.9 8
    endloop
  endfacet
  facet normal 0 0 1
    outer loop
      vertex -37.8 -45.9 8
      vertex 37.8 -45.9 8
      vertex -37.8 -45 8
    endloop
  endfacet
  facet normal 0 0 1
    outer loop
      vertex 37.8 -45.9 8
      vertex -37.8 -45.9 8
      vertex 47.8 -47.8 8
    endloop
  endfacet
  facet normal 0 0 1
    outer loop
      vertex -47.8 -47.8 8
      vertex -37.8 -45.9 8
      vertex -45 -45.9 8
    endloop
  endfacet
  facet normal 0 0 1
    outer loop
      vertex -37.8 -45.9 8
      vertex -47.8 -47.8 8
      vertex 47.8 -47.8 8
    endloop
  endfacet
  facet normal 0 0 1
    outer loop
      vertex -45.9 -44 8
      vertex -47.8 -47.8 8
      vertex -45 -45.9 8
    endloop
  endfacet
  facet normal 0 0 1
    outer loop
      vertex -47.8 -47.8 8
      vertex -45.9 -44 8
      vertex -47.8 47.8 8
    endloop
  endfacet
  facet normal 0 0 1
    outer loop
      vertex 45.4 40.08 8
      vertex 45 45.9 8
      vertex 45 40.08 8
    endloop
  endfacet
  facet normal 0 0 1
    outer loop
      vertex 37.8 45 8
      vertex -37.8 45.9 8
      vertex -37.8 45 8
    endloop
  endfacet
  facet normal 0 1 -0
    outer loop
      vertex -37.8 45.9 8
      vertex -45 45.9 158
      vertex -37.8 45.9 158
    endloop
  endfacet
  facet normal 0 1 0
    outer loop
      vertex -45 45.9 158
      vertex -37.8 45.9 8
      vertex -45 45.9 8
    endloop
  endfacet
  facet normal 0 -1 0
    outer loop
      vertex -45 -45.9 8
      vertex -37.8 -45.9 158
      vertex -45 -45.9 158
    endloop
  endfacet
  facet normal 0 -1 -0
    outer loop
      vertex -37.8 -45.9 158
      vertex -45 -45.9 8
      vertex -37.8 -45.9 8
    endloop
  endfacet
  facet normal -1 0 0
    outer loop
      vertex 37.8 45 8
      vertex 37.8 45.9 158
      vertex 37.8 45.9 8
    endloop
  endfacet
  facet normal -1 -0 0
    outer loop
      vertex 37.8 45.9 158
      vertex 37.8 45 8
      vertex 37.8 45 158
    endloop
  endfacet
  facet normal -1 0 0
    outer loop
      vertex 37.8 -45.9 8
      vertex 37.8 -45 158
      vertex 37.8 -45 8
    endloop
  endfacet
  facet normal -1 -0 0
    outer loop
      vertex 37.8 -45 158
      vertex 37.8 -45.9 8
      vertex 37.8 -45.9 158
    endloop
  endfacet
  facet normal -0 0 1
    outer loop
      vertex 37.8 45.9 158
      vertex 45 45 158
      vertex 45 45.9 158
    endloop
  endfacet
  facet normal 0 0 1
    outer loop
      vertex 45 45 158
      vertex 37.8 45.9 158
      vertex 37.8 45 158
    endloop
  endfacet
  facet normal -0 0 1
    outer loop
      vertex 37.8 -45 158
      vertex 45 -45.9 158
      vertex 45 -45 158
    endloop
  endfacet
  facet normal 0 0 1
    outer loop
      vertex 45 -45.9 158
      vertex 37.8 -45 158
      vertex 37.8 -45.9 158
    endloop
  endfacet
  facet normal 1 0 0
    outer loop
      vertex 45 40.3063 150.622
      vertex 45 45.9 158
      vertex 45 40.4513 151.304
    endloop
  endfacet
  facet normal 1 0 0
    outer loop
      vertex 45 45.9 158
      vertex 45 40.424 25.8682
      vertex 45 40.5 25
    endloop
  endfacet
  facet normal 1 0 0
    outer loop
      vertex 45 40.0677 149.966
      vertex 45 45.9 158
      vertex 45 40.3063 150.622
    endloop
  endfacet
  facet normal 1 0 0
    outer loop
      vertex 45 45.9 158
      vertex 45 40.2553 26.5451
      vertex 45 40.424 25.8682
    endloop
  endfacet
  facet normal 1 0 0
    outer loop
      vertex 45 39.7402 149.35
      vertex 45 45.9 158
      vertex 45 40.0677 149.966
    endloop
  endfacet
  facet normal 1 0 0
    outer loop
      vertex 45 45.9 158
      vertex 45 39.994 27.1918
      vertex 45 40.2553 26.5451
    endloop
  endfacet
  facet normal 1 0 0
    outer loop
      vertex 45 39.6452 27.796
      vertex 45 45.9 158
      vertex 45 39.7402 149.35
    endloop
  endfacet
  facet normal 1 0 0
    outer loop
      vertex 45 45.9 158
      vertex 45 39.6452 27.796
      vertex 45 39.994 27.1918
    endloop
  endfacet
  facet normal 1 -0 0
    outer loop
      vertex 45 39.3302 148.786
      vertex 45 39.6452 27.796
      vertex 45 39.7402 149.35
    endloop
  endfacet
  facet normal 1 0 0
    outer loop
      vertex 45 39.3302 148.786
      vertex 45 39.2157 28.3457
      vertex 45 39.6452 27.796
    endloop
  endfacet
  facet normal 1 -0 0
    outer loop
      vertex 45 38.8457 148.284
      vertex 45 39.2157 28.3457
      vertex 45 39.3302 148.786
    endloop
  endfacet
  facet normal 1 0 0
    outer loop
      vertex 45 38.8457 148.284
      vertex 45 38.7139 28.8302
      vertex 45 39.2157 28.3457
    endloop
  endfacet
  facet normal 1 -0 0
    outer loop
      vertex 45 38.296 147.855
      vertex 45 38.7139 28.8302
      vertex 45 38.8457 148.284
    endloop
  endfacet
  facet normal 1 0 0
    outer loop
      vertex 45 38.296 147.855
      vertex 45 38.1496 29.2402
      vertex 45 38.7139 28.8302
    endloop
  endfacet
  facet normal 1 -0 0
    outer loop
      vertex 45 37.6918 147.506
      vertex 45 38.1496 29.2402
      vertex 45 38.296 147.855
    endloop
  endfacet
  facet normal 1 0 0
    outer loop
      vertex 45 37.6918 147.506
      vertex 45 37.5337 29.5677
      vertex 45 38.1496 29.2402
    endloop
  endfacet
  facet normal 1 -0 0
    outer loop
      vertex 45 37.0451 147.245
      vertex 45 37.5337 29.5677
      vertex 45 37.6918 147.506
    endloop
  endfacet
  facet normal 1 0 0
    outer loop
      vertex 45 37.0451 147.245
      vertex 45 36.8782 29.8063
      vertex 45 37.5337 29.5677
    endloop
  endfacet
  facet normal 1 -0 0
    outer loop
      vertex 45 36.3682 147.076
      vertex 45 36.8782 29.8063
      vertex 45 37.0451 147.245
    endloop
  endfacet
  facet normal 1 0 0
    outer loop
      vertex 45 36.3682 147.076
      vertex 45 36.1959 29.9513
      vertex 45 36.8782 29.8063
    endloop
  endfacet
  facet normal 1 0 0
    outer loop
      vertex 45 18 141.891
      vertex 45 36.3682 147.076
      vertex 45 35.5 147
    endloop
  endfacet
  facet normal 1 0 0
    outer loop
      vertex 45 36.3682 147.076
      vertex 45 18 35.087
      vertex 45 36.1959 29.9513
    endloop
  endfacet
  facet normal 1 0 0
    outer loop
      vertex 45 36.1959 29.9513
      vertex 45 18 35.087
      vertex 45 35.5 30
    endloop
  endfacet
  facet normal 1 0 0
    outer loop
      vertex 45 18 141.891
      vertex 45 35.5 147
      vertex 45 23.087 147
    endloop
  endfacet
  facet normal 1 0 0
    outer loop
      vertex 45 18 141.891
      vertex 45 23.087 147
      vertex 45 22.9132 146.994
    endloop
  endfacet
  facet normal 1 0 0
    outer loop
      vertex 45 36.3682 147.076
      vertex 45 18 141.891
      vertex 45 18 35.087
    endloop
  endfacet
  facet normal 1 0 0
    outer loop
      vertex 45 18.0095 142.109
      vertex 45 22.9132 146.994
      vertex 45 22.4782 146.964
    endloop
  endfacet
  facet normal 1 0 0
    outer loop
      vertex 45 35.5 30
      vertex 45 18 35.087
      vertex 45 23.1091 30
    endloop
  endfacet
  facet normal 1 0 0
    outer loop
      vertex 45 18.0095 142.109
      vertex 45 22.4782 146.964
      vertex 45 22.1334 146.915
    endloop
  endfacet
  facet normal 1 0 0
    outer loop
      vertex 45 23.1091 30
      vertex 45 18 35.087
      vertex 45 22.8913 30.0095
    endloop
  endfacet
  facet normal 1 0 0
    outer loop
      vertex 45 18.0095 142.109
      vertex 45 22.1334 146.915
      vertex 45 21.7927 146.843
    endloop
  endfacet
  facet normal 1 -0 -0
    outer loop
      vertex 45 18.0061 34.9132
      vertex 45 22.8913 30.0095
      vertex 45 18 35.087
    endloop
  endfacet
  facet normal 1 0 0
    outer loop
      vertex 45 18.0095 142.109
      vertex 45 21.7927 146.843
      vertex 45 21.4576 146.747
    endloop
  endfacet
  facet normal 1 0 0
    outer loop
      vertex 45 22.8913 30.0095
      vertex 45 18.0061 34.9132
      vertex 45 22.3275 30.0588
    endloop
  endfacet
  facet normal 1 0 0
    outer loop
      vertex 45 18.0095 142.109
      vertex 45 21.4576 146.747
      vertex 45 21.1305 146.627
    endloop
  endfacet
  facet normal 1 0 0
    outer loop
      vertex 45 22.3275 30.0588
      vertex 45 18.0061 34.9132
      vertex 45 21.9412 30.1235
    endloop
  endfacet
  facet normal 1 0 0
    outer loop
      vertex 45 18.0095 142.109
      vertex 45 21.1305 146.627
      vertex 45 20.8122 146.486
    endloop
  endfacet
  facet normal 1 0 0
    outer loop
      vertex 45 21.9412 30.1235
      vertex 45 18.0061 34.9132
      vertex 45 21.6244 30.2025
    endloop
  endfacet
  facet normal 1 0 0
    outer loop
      vertex 45 18.0095 142.109
      vertex 45 20.8122 146.486
      vertex 45 20.5044 146.322
    endloop
  endfacet
  facet normal 1 0 0
    outer loop
      vertex 45 21.6244 30.2025
      vertex 45 18.0061 34.9132
      vertex 45 21.293 30.3101
    endloop
  endfacet
  facet normal 1 0 0
    outer loop
      vertex 45 18.0095 142.109
      vertex 45 20.5044 146.322
      vertex 45 20.2092 146.138
    endloop
  endfacet
  facet normal 1 0 0
    outer loop
      vertex 45 21.293 30.3101
      vertex 45 18.0061 34.9132
      vertex 45 20.9701 30.4406
    endloop
  endfacet
  facet normal 1 0 0
    outer loop
      vertex 45 18.0095 142.109
      vertex 45 20.2092 146.138
      vertex 45 19.9274 145.933
    endloop
  endfacet
  facet normal 1 0 0
    outer loop
      vertex 45 20.9701 30.4406
      vertex 45 18.0061 34.9132
      vertex 45 20.6569 30.5933
    endloop
  endfacet
  facet normal 1 0 0
    outer loop
      vertex 45 18.0095 142.109
      vertex 45 19.9274 145.933
      vertex 45 19.6604 145.709
    endloop
  endfacet
  facet normal 1 0 0
    outer loop
      vertex 45 20.6569 30.5933
      vertex 45 18.0061 34.9132
      vertex 45 20.3552 30.7676
    endloop
  endfacet
  facet normal 1 0 0
    outer loop
      vertex 45 18.0095 142.109
      vertex 45 19.6604 145.709
      vertex 45 19.4099 145.467
    endloop
  endfacet
  facet normal 1 0 0
    outer loop
      vertex 45 20.3552 30.7676
      vertex 45 18.0061 34.9132
      vertex 45 20.0665 30.9623
    endloop
  endfacet
  facet normal 1 0 0
    outer loop
      vertex 45 18.0095 142.109
      vertex 45 19.4099 145.467
      vertex 45 19.1767 145.208
    endloop
  endfacet
  facet normal 1 0 0
    outer loop
      vertex 45 20.0665 30.9623
      vertex 45 18.0061 34.9132
      vertex 45 19.792 31.1767
    endloop
  endfacet
  facet normal 1 0 0
    outer loop
      vertex 45 18.0588 142.673
      vertex 45 19.1767 145.208
      vertex 45 18.9623 144.934
    endloop
  endfacet
  facet normal 1 0 0
    outer loop
      vertex 45 19.792 31.1767
      vertex 45 18.0061 34.9132
      vertex 45 19.5331 31.4099
    endloop
  endfacet
  facet normal 1 0 0
    outer loop
      vertex 45 18.0588 142.673
      vertex 45 18.9623 144.934
      vertex 45 18.7676 144.645
    endloop
  endfacet
  facet normal 1 0 0
    outer loop
      vertex 45 19.5331 31.4099
      vertex 45 18.0061 34.9132
      vertex 45 19.2911 31.6604
    endloop
  endfacet
  facet normal 1 0 0
    outer loop
      vertex 45 18.0588 142.673
      vertex 45 18.7676 144.645
      vertex 45 18.5933 144.343
    endloop
  endfacet
  facet normal 1 0 0
    outer loop
      vertex 45 19.2911 31.6604
      vertex 45 18.0061 34.9132
      vertex 45 19.0671 31.9274
    endloop
  endfacet
  facet normal 1 0 0
    outer loop
      vertex 45 18.0588 142.673
      vertex 45 18.5933 144.343
      vertex 45 18.4406 144.03
    endloop
  endfacet
  facet normal 1 0 0
    outer loop
      vertex 45 19.0671 31.9274
      vertex 45 18.0061 34.9132
      vertex 45 18.8624 32.2092
    endloop
  endfacet
  facet normal 1 0 0
    outer loop
      vertex 45 18.0588 142.673
      vertex 45 18.4406 144.03
      vertex 45 18.3101 143.707
    endloop
  endfacet
  facet normal 1 0 0
    outer loop
      vertex 45 18.8624 32.2092
      vertex 45 18.0061 34.9132
      vertex 45 18.6779 32.5044
    endloop
  endfacet
  facet normal 1 0 0
    outer loop
      vertex 45 18.0588 142.673
      vertex 45 18.3101 143.707
      vertex 45 18.2025 143.376
    endloop
  endfacet
  facet normal 1 0 0
    outer loop
      vertex 45 18.6779 32.5044
      vertex 45 18.0061 34.9132
      vertex 45 18.5142 32.8122
    endloop
  endfacet
  facet normal 1 0 0
    outer loop
      vertex 45 18.0588 142.673
      vertex 45 18.2025 143.376
      vertex 45 18.1235 143.059
    endloop
  endfacet
  facet normal 1 0 0
    outer loop
      vertex 45 18.5142 32.8122
      vertex 45 18.0061 34.9132
      vertex 45 18.3725 33.1305
    endloop
  endfacet
  facet normal 1 0 0
    outer loop
      vertex 45 19.1767 145.208
      vertex 45 18.0588 142.673
      vertex 45 18.0095 142.109
    endloop
  endfacet
  facet normal 1 0 0
    outer loop
      vertex 45 18.3725 33.1305
      vertex 45 18.0061 34.9132
      vertex 45 18.2534 33.4576
    endloop
  endfacet
  facet normal 1 0 0
    outer loop
      vertex 45 22.9132 146.994
      vertex 45 18.0095 142.109
      vertex 45 18 141.891
    endloop
  endfacet
  facet normal 1 0 0
    outer loop
      vertex 45 18.2534 33.4576
      vertex 45 18.0061 34.9132
      vertex 45 18.1574 33.7927
    endloop
  endfacet
  facet normal 1 0 0
    outer loop
      vertex 45 18.1574 33.7927
      vertex 45 18.0061 34.9132
      vertex 45 18.0849 34.1334
    endloop
  endfacet
  facet normal 1 0 0
    outer loop
      vertex 45 18.0849 34.1334
      vertex 45 18.0061 34.9132
      vertex 45 18.0365 34.4782
    endloop
  endfacet
  facet normal 1 0 0
    outer loop
      vertex 45 45 172
      vertex 45 40.5 167
      vertex 45 45 158
    endloop
  endfacet
  facet normal 1 0 0
    outer loop
      vertex 45 45 172
      vertex 45 40.424 167.868
      vertex 45 40.5 167
    endloop
  endfacet
  facet normal 1 0 0
    outer loop
      vertex 45 45 172
      vertex 45 40.2553 168.545
      vertex 45 40.424 167.868
    endloop
  endfacet
  facet normal 1 0 0
    outer loop
      vertex 45 45 172
      vertex 45 39.994 169.192
      vertex 45 40.2553 168.545
    endloop
  endfacet
  facet normal 1 0 0
    outer loop
      vertex 45 45 172
      vertex 45 39.6452 169.796
      vertex 45 39.994 169.192
    endloop
  endfacet
  facet normal 1 0 0
    outer loop
      vertex 45 45 172
      vertex 45 39.2157 170.346
      vertex 45 39.6452 169.796
    endloop
  endfacet
  facet normal 1 0 0
    outer loop
      vertex 45 45 172
      vertex 45 38.7139 170.83
      vertex 45 39.2157 170.346
    endloop
  endfacet
  facet normal 1 0 0
    outer loop
      vertex 45 45 172
      vertex 45 38.1496 171.24
      vertex 45 38.7139 170.83
    endloop
  endfacet
  facet normal 1 0 0
    outer loop
      vertex 45 45 172
      vertex 45 37.5337 171.568
      vertex 45 38.1496 171.24
    endloop
  endfacet
  facet normal 1 0 0
    outer loop
      vertex 45 45 172
      vertex 45 36.8782 171.806
      vertex 45 37.5337 171.568
    endloop
  endfacet
  facet normal 1 0 0
    outer loop
      vertex 45 45 172
      vertex 45 36.1959 171.951
      vertex 45 36.8782 171.806
    endloop
  endfacet
  facet normal 1 0 -0
    outer loop
      vertex 45 36.1959 171.951
      vertex 45 45 172
      vertex 45 35.5 172
    endloop
  endfacet
  facet normal 1 0 0
    outer loop
      vertex 45 40.5 152
      vertex 45 45.9 158
      vertex 45 45 158
    endloop
  endfacet
  facet normal 1 0 0
    outer loop
      vertex 45 40.5 152
      vertex 45 45 158
      vertex 45 40.5 167
    endloop
  endfacet
  facet normal 1 0 0
    outer loop
      vertex 45 40.4513 151.304
      vertex 45 45.9 158
      vertex 45 40.5 152
    endloop
  endfacet
  facet normal 1 0 0
    outer loop
      vertex 45 45.9 158
      vertex 45 40.5 25
      vertex 45 45.9 8
    endloop
  endfacet
  facet normal 1 -0 0
    outer loop
      vertex 45 40.5 10
      vertex 45 45.9 8
      vertex 45 40.5 25
    endloop
  endfacet
  facet normal 1 -0 0
    outer loop
      vertex 45 40.4513 9.30414
      vertex 45 45.9 8
      vertex 45 40.5 10
    endloop
  endfacet
  facet normal 1 -0 0
    outer loop
      vertex 45 40.3063 8.62181
      vertex 45 45.9 8
      vertex 45 40.4513 9.30414
    endloop
  endfacet
  facet normal 1 0 0
    outer loop
      vertex 45 45.9 8
      vertex 45 40.3063 8.62181
      vertex 45 40.08 8
    endloop
  endfacet
  facet normal 1 -0 0
    outer loop
      vertex 45 -45 158
      vertex 45 -40.5 152
      vertex 45 -40.5 167
    endloop
  endfacet
  facet normal 1 -0 0
    outer loop
      vertex 45 -45.9 158
      vertex 45 -40.5 152
      vertex 45 -45 158
    endloop
  endfacet
  facet normal 1 0 0
    outer loop
      vertex 45 -45 158
      vertex 45 -40.5 167
      vertex 45 -45 172
    endloop
  endfacet
  facet normal 1 0 0
    outer loop
      vertex 45 -40.4513 167.696
      vertex 45 -45 172
      vertex 45 -40.5 167
    endloop
  endfacet
  facet normal 1 0 0
    outer loop
      vertex 45 -40.3063 168.378
      vertex 45 -45 172
      vertex 45 -40.4513 167.696
    endloop
  endfacet
  facet normal 1 0 0
    outer loop
      vertex 45 -40.0677 169.034
      vertex 45 -45 172
      vertex 45 -40.3063 168.378
    endloop
  endfacet
  facet normal 1 0 0
    outer loop
      vertex 45 -39.7402 169.65
      vertex 45 -45 172
      vertex 45 -40.0677 169.034
    endloop
  endfacet
  facet normal 1 0 0
    outer loop
      vertex 45 -39.3302 170.214
      vertex 45 -45 172
      vertex 45 -39.7402 169.65
    endloop
  endfacet
  facet normal 1 0 0
    outer loop
      vertex 45 -38.8457 170.716
      vertex 45 -45 172
      vertex 45 -39.3302 170.214
    endloop
  endfacet
  facet normal 1 0 0
    outer loop
      vertex 45 -38.296 171.145
      vertex 45 -45 172
      vertex 45 -38.8457 170.716
    endloop
  endfacet
  facet normal 1 0 0
    outer loop
      vertex 45 -37.6918 171.494
      vertex 45 -45 172
      vertex 45 -38.296 171.145
    endloop
  endfacet
  facet normal 1 0 0
    outer loop
      vertex 45 -37.0451 171.755
      vertex 45 -45 172
      vertex 45 -37.6918 171.494
    endloop
  endfacet
  facet normal 1 0 0
    outer loop
      vertex 45 -36.3682 171.924
      vertex 45 -45 172
      vertex 45 -37.0451 171.755
    endloop
  endfacet
  facet normal 1 -0 0
    outer loop
      vertex 45 -45 172
      vertex 45 -36.3682 171.924
      vertex 45 -35.5 172
    endloop
  endfacet
  facet normal 1 0 0
    outer loop
      vertex 45 -23.1091 147
      vertex 45 -18 141.913
      vertex 45 -18.0061 142.087
    endloop
  endfacet
  facet normal 1 0 0
    outer loop
      vertex 45 -18 141.913
      vertex 45 -36.1959 147.049
      vertex 45 -18 35.1091
    endloop
  endfacet
  facet normal 1 0 0
    outer loop
      vertex 45 -22.8913 146.99
      vertex 45 -18.0061 142.087
      vertex 45 -18.0365 142.522
    endloop
  endfacet
  facet normal 1 0 0
    outer loop
      vertex 45 -36.3682 29.924
      vertex 45 -18 35.1091
      vertex 45 -36.1959 147.049
    endloop
  endfacet
  facet normal 1 0 0
    outer loop
      vertex 45 -22.8913 146.99
      vertex 45 -18.0365 142.522
      vertex 45 -18.0849 142.867
    endloop
  endfacet
  facet normal 1 0 0
    outer loop
      vertex 45 -18 141.913
      vertex 45 -35.5 147
      vertex 45 -36.1959 147.049
    endloop
  endfacet
  facet normal 1 0 0
    outer loop
      vertex 45 -22.8913 146.99
      vertex 45 -18.0849 142.867
      vertex 45 -18.1574 143.207
    endloop
  endfacet
  facet normal 1 0 -0
    outer loop
      vertex 45 -35.5 30
      vertex 45 -18 35.1091
      vertex 45 -36.3682 29.924
    endloop
  endfacet
  facet normal 1 0 0
    outer loop
      vertex 45 -22.8913 146.99
      vertex 45 -18.1574 143.207
      vertex 45 -18.2534 143.542
    endloop
  endfacet
  facet normal 1 0 -0
    outer loop
      vertex 45 -22.9132 30.0061
      vertex 45 -18.0095 34.8913
      vertex 45 -23.087 30
    endloop
  endfacet
  facet normal 1 0 0
    outer loop
      vertex 45 -22.8913 146.99
      vertex 45 -18.2534 143.542
      vertex 45 -18.3725 143.869
    endloop
  endfacet
  facet normal 1 0 0
    outer loop
      vertex 45 -18.0095 34.8913
      vertex 45 -22.9132 30.0061
      vertex 45 -18.0588 34.3275
    endloop
  endfacet
  facet normal 1 0 0
    outer loop
      vertex 45 -22.8913 146.99
      vertex 45 -18.3725 143.869
      vertex 45 -18.5142 144.188
    endloop
  endfacet
  facet normal 1 0 0
    outer loop
      vertex 45 -18.0588 34.3275
      vertex 45 -22.9132 30.0061
      vertex 45 -18.1235 33.9412
    endloop
  endfacet
  facet normal 1 0 0
    outer loop
      vertex 45 -22.8913 146.99
      vertex 45 -18.5142 144.188
      vertex 45 -18.6779 144.496
    endloop
  endfacet
  facet normal 1 0 0
    outer loop
      vertex 45 -18.1235 33.9412
      vertex 45 -22.9132 30.0061
      vertex 45 -18.2025 33.6244
    endloop
  endfacet
  facet normal 1 0 0
    outer loop
      vertex 45 -22.8913 146.99
      vertex 45 -18.6779 144.496
      vertex 45 -18.8624 144.791
    endloop
  endfacet
  facet normal 1 0 0
    outer loop
      vertex 45 -18.2025 33.6244
      vertex 45 -22.9132 30.0061
      vertex 45 -18.3101 33.293
    endloop
  endfacet
  facet normal 1 0 0
    outer loop
      vertex 45 -22.8913 146.99
      vertex 45 -18.8624 144.791
      vertex 45 -19.0671 145.073
    endloop
  endfacet
  facet normal 1 0 0
    outer loop
      vertex 45 -18.3101 33.293
      vertex 45 -22.9132 30.0061
      vertex 45 -18.4406 32.9701
    endloop
  endfacet
  facet normal 1 0 0
    outer loop
      vertex 45 -22.8913 146.99
      vertex 45 -19.0671 145.073
      vertex 45 -19.2911 145.34
    endloop
  endfacet
  facet normal 1 0 0
    outer loop
      vertex 45 -18.4406 32.9701
      vertex 45 -22.9132 30.0061
      vertex 45 -18.5933 32.6569
    endloop
  endfacet
  facet normal 1 0 0
    outer loop
      vertex 45 -22.8913 146.99
      vertex 45 -19.2911 145.34
      vertex 45 -19.5331 145.59
    endloop
  endfacet
  facet normal 1 0 0
    outer loop
      vertex 45 -18.5933 32.6569
      vertex 45 -22.9132 30.0061
      vertex 45 -18.7676 32.3552
    endloop
  endfacet
  facet normal 1 0 0
    outer loop
      vertex 45 -22.8913 146.99
      vertex 45 -19.5331 145.59
      vertex 45 -19.792 145.823
    endloop
  endfacet
  facet normal 1 0 0
    outer loop
      vertex 45 -18.7676 32.3552
      vertex 45 -22.9132 30.0061
      vertex 45 -18.9623 32.0665
    endloop
  endfacet
  facet normal 1 0 0
    outer loop
      vertex 45 -22.3275 146.941
      vertex 45 -19.792 145.823
      vertex 45 -20.0665 146.038
    endloop
  endfacet
  facet normal 1 0 0
    outer loop
      vertex 45 -18.9623 32.0665
      vertex 45 -22.9132 30.0061
      vertex 45 -19.1767 31.792
    endloop
  endfacet
  facet normal 1 0 0
    outer loop
      vertex 45 -22.3275 146.941
      vertex 45 -20.0665 146.038
      vertex 45 -20.3552 146.232
    endloop
  endfacet
  facet normal 1 0 0
    outer loop
      vertex 45 -19.1767 31.792
      vertex 45 -22.9132 30.0061
      vertex 45 -19.4099 31.5331
    endloop
  endfacet
  facet normal 1 0 0
    outer loop
      vertex 45 -22.3275 146.941
      vertex 45 -20.3552 146.232
      vertex 45 -20.6569 146.407
    endloop
  endfacet
  facet normal 1 0 0
    outer loop
      vertex 45 -19.4099 31.5331
      vertex 45 -22.9132 30.0061
      vertex 45 -19.6604 31.2911
    endloop
  endfacet
  facet normal 1 0 0
    outer loop
      vertex 45 -22.3275 146.941
      vertex 45 -20.6569 146.407
      vertex 45 -20.9701 146.559
    endloop
  endfacet
  facet normal 1 0 0
    outer loop
      vertex 45 -19.6604 31.2911
      vertex 45 -22.9132 30.0061
      vertex 45 -19.9274 31.0671
    endloop
  endfacet
  facet normal 1 0 0
    outer loop
      vertex 45 -22.3275 146.941
      vertex 45 -20.9701 146.559
      vertex 45 -21.293 146.69
    endloop
  endfacet
  facet normal 1 0 0
    outer loop
      vertex 45 -19.9274 31.0671
      vertex 45 -22.9132 30.0061
      vertex 45 -20.2092 30.8624
    endloop
  endfacet
  facet normal 1 0 0
    outer loop
      vertex 45 -22.3275 146.941
      vertex 45 -21.293 146.69
      vertex 45 -21.6244 146.798
    endloop
  endfacet
  facet normal 1 0 0
    outer loop
      vertex 45 -20.2092 30.8624
      vertex 45 -22.9132 30.0061
      vertex 45 -20.5044 30.6779
    endloop
  endfacet
  facet normal 1 0 0
    outer loop
      vertex 45 -22.3275 146.941
      vertex 45 -21.6244 146.798
      vertex 45 -21.9412 146.877
    endloop
  endfacet
  facet normal 1 0 0
    outer loop
      vertex 45 -18 141.913
      vertex 45 -23.1091 147
      vertex 45 -35.5 147
    endloop
  endfacet
  facet normal 1 0 0
    outer loop
      vertex 45 -19.792 145.823
      vertex 45 -22.3275 146.941
      vertex 45 -22.8913 146.99
    endloop
  endfacet
  facet normal 1 0 0
    outer loop
      vertex 45 -21.1305 30.3725
      vertex 45 -22.9132 30.0061
      vertex 45 -21.4576 30.2534
    endloop
  endfacet
  facet normal 1 0 0
    outer loop
      vertex 45 -18.0061 142.087
      vertex 45 -22.8913 146.99
      vertex 45 -23.1091 147
    endloop
  endfacet
  facet normal 1 0 0
    outer loop
      vertex 45 -21.4576 30.2534
      vertex 45 -22.9132 30.0061
      vertex 45 -21.7927 30.1574
    endloop
  endfacet
  facet normal 1 0 0
    outer loop
      vertex 45 -22.1334 30.0849
      vertex 45 -22.9132 30.0061
      vertex 45 -22.4782 30.0365
    endloop
  endfacet
  facet normal 1 0 0
    outer loop
      vertex 45 -21.7927 30.1574
      vertex 45 -22.9132 30.0061
      vertex 45 -22.1334 30.0849
    endloop
  endfacet
  facet normal 1 0 0
    outer loop
      vertex 45 -20.5044 30.6779
      vertex 45 -22.9132 30.0061
      vertex 45 -20.8122 30.5142
    endloop
  endfacet
  facet normal 1 0 0
    outer loop
      vertex 45 -20.8122 30.5142
      vertex 45 -22.9132 30.0061
      vertex 45 -21.1305 30.3725
    endloop
  endfacet
  facet normal 1 0 0
    outer loop
      vertex 45 -18 35.1091
      vertex 45 -23.087 30
      vertex 45 -18.0095 34.8913
    endloop
  endfacet
  facet normal 1 0 -0
    outer loop
      vertex 45 -23.087 30
      vertex 45 -18 35.1091
      vertex 45 -35.5 30
    endloop
  endfacet
  facet normal 1 0 0
    outer loop
      vertex 45 -36.8782 147.194
      vertex 45 -36.3682 29.924
      vertex 45 -36.1959 147.049
    endloop
  endfacet
  facet normal 1 0 0
    outer loop
      vertex 45 -36.8782 147.194
      vertex 45 -37.0451 29.7553
      vertex 45 -36.3682 29.924
    endloop
  endfacet
  facet normal 1 0 0
    outer loop
      vertex 45 -37.5337 147.432
      vertex 45 -37.0451 29.7553
      vertex 45 -36.8782 147.194
    endloop
  endfacet
  facet normal 1 0 0
    outer loop
      vertex 45 -37.5337 147.432
      vertex 45 -37.6918 29.494
      vertex 45 -37.0451 29.7553
    endloop
  endfacet
  facet normal 1 0 0
    outer loop
      vertex 45 -38.1496 147.76
      vertex 45 -37.6918 29.494
      vertex 45 -37.5337 147.432
    endloop
  endfacet
  facet normal 1 0 0
    outer loop
      vertex 45 -38.1496 147.76
      vertex 45 -38.296 29.1452
      vertex 45 -37.6918 29.494
    endloop
  endfacet
  facet normal 1 0 0
    outer loop
      vertex 45 -38.7139 148.17
      vertex 45 -38.296 29.1452
      vertex 45 -38.1496 147.76
    endloop
  endfacet
  facet normal 1 0 0
    outer loop
      vertex 45 -38.7139 148.17
      vertex 45 -38.8457 28.7157
      vertex 45 -38.296 29.1452
    endloop
  endfacet
  facet normal 1 0 0
    outer loop
      vertex 45 -39.2157 148.654
      vertex 45 -38.8457 28.7157
      vertex 45 -38.7139 148.17
    endloop
  endfacet
  facet normal 1 0 0
    outer loop
      vertex 45 -39.2157 148.654
      vertex 45 -39.3302 28.2139
      vertex 45 -38.8457 28.7157
    endloop
  endfacet
  facet normal 1 0 0
    outer loop
      vertex 45 -39.6452 149.204
      vertex 45 -39.3302 28.2139
      vertex 45 -39.2157 148.654
    endloop
  endfacet
  facet normal 1 0 0
    outer loop
      vertex 45 -39.6452 149.204
      vertex 45 -39.7402 27.6496
      vertex 45 -39.3302 28.2139
    endloop
  endfacet
  facet normal 1 0 0
    outer loop
      vertex 45 -39.994 149.808
      vertex 45 -39.7402 27.6496
      vertex 45 -39.6452 149.204
    endloop
  endfacet
  facet normal 1 0 0
    outer loop
      vertex 45 -39.994 149.808
      vertex 45 -40.0677 27.0337
      vertex 45 -39.7402 27.6496
    endloop
  endfacet
  facet normal 1 0 0
    outer loop
      vertex 45 -40.2553 150.455
      vertex 45 -40.0677 27.0337
      vertex 45 -39.994 149.808
    endloop
  endfacet
  facet normal 1 0 0
    outer loop
      vertex 45 -40.2553 150.455
      vertex 45 -40.3063 26.3782
      vertex 45 -40.0677 27.0337
    endloop
  endfacet
  facet normal 1 0 0
    outer loop
      vertex 45 -40.424 151.132
      vertex 45 -40.3063 26.3782
      vertex 45 -40.2553 150.455
    endloop
  endfacet
  facet normal 1 0 0
    outer loop
      vertex 45 -40.424 151.132
      vertex 45 -40.4513 25.6959
      vertex 45 -40.3063 26.3782
    endloop
  endfacet
  facet normal 1 0 0
    outer loop
      vertex 45 -40.5 152
      vertex 45 -40.4513 25.6959
      vertex 45 -40.424 151.132
    endloop
  endfacet
  facet normal 1 0 0
    outer loop
      vertex 45 -40.4513 25.6959
      vertex 45 -40.5 152
      vertex 45 -40.5 25
    endloop
  endfacet
  facet normal 1 0 0
    outer loop
      vertex 45 -40.5 152
      vertex 45 -45.9 158
      vertex 45 -40.5 25
    endloop
  endfacet
  facet normal 1 0 0
    outer loop
      vertex 45 -45.9 8
      vertex 45 -40.5 25
      vertex 45 -45.9 158
    endloop
  endfacet
  facet normal 1 0 0
    outer loop
      vertex 45 -40.2553 8.45491
      vertex 45 -45.9 8
      vertex 45 -40.0715 8
    endloop
  endfacet
  facet normal 1 0 0
    outer loop
      vertex 45 -40.424 9.13176
      vertex 45 -45.9 8
      vertex 45 -40.2553 8.45491
    endloop
  endfacet
  facet normal 1 0 0
    outer loop
      vertex 45 -40.5 10
      vertex 45 -45.9 8
      vertex 45 -40.424 9.13176
    endloop
  endfacet
  facet normal 1 0 0
    outer loop
      vertex 45 -40.5 25
      vertex 45 -45.9 8
      vertex 45 -40.5 10
    endloop
  endfacet
  facet normal 0 1 -0
    outer loop
      vertex 45 45.9 8
      vertex 37.8 45.9 158
      vertex 45 45.9 158
    endloop
  endfacet
  facet normal 0 1 0
    outer loop
      vertex 37.8 45.9 158
      vertex 45 45.9 8
      vertex 37.8 45.9 8
    endloop
  endfacet
  facet normal 0 -1 0
    outer loop
      vertex 37.8 -45.9 8
      vertex 45 -45.9 158
      vertex 37.8 -45.9 158
    endloop
  endfacet
  facet normal 0 -1 -0
    outer loop
      vertex 45 -45.9 158
      vertex 37.8 -45.9 8
      vertex 45 -45.9 8
    endloop
  endfacet
  facet normal -1 0 0
    outer loop
      vertex -47.8 -47.8 0
      vertex -47.8 47.8 8
      vertex -47.8 47.8 0
    endloop
  endfacet
  facet normal -1 -0 0
    outer loop
      vertex -47.8 47.8 8
      vertex -47.8 -47.8 0
      vertex -47.8 -47.8 8
    endloop
  endfacet
  facet normal 1 -0 0
    outer loop
      vertex 47.8 -47.8 8
      vertex 47.8 47.8 0
      vertex 47.8 47.8 8
    endloop
  endfacet
  facet normal 1 0 0
    outer loop
      vertex 47.8 47.8 0
      vertex 47.8 -47.8 8
      vertex 47.8 -47.8 0
    endloop
  endfacet
  facet normal 0 0 -1
    outer loop
      vertex -47.8 -47.8 0
      vertex 47.8 47.8 0
      vertex 47.8 -47.8 0
    endloop
  endfacet
  facet normal -0 0 -1
    outer loop
      vertex 47.8 47.8 0
      vertex -47.8 -47.8 0
      vertex -47.8 47.8 0
    endloop
  endfacet
  facet normal 0 -1 0
    outer loop
      vertex -47.8 -47.8 0
      vertex 47.8 -47.8 8
      vertex -47.8 -47.8 8
    endloop
  endfacet
  facet normal 0 -1 -0
    outer loop
      vertex 47.8 -47.8 8
      vertex -47.8 -47.8 0
      vertex 47.8 -47.8 0
    endloop
  endfacet
  facet normal 0 1 -0
    outer loop
      vertex 47.8 47.8 0
      vertex -47.8 47.8 8
      vertex 47.8 47.8 8
    endloop
  endfacet
  facet normal 0 1 0
    outer loop
      vertex -47.8 47.8 8
      vertex 47.8 47.8 0
      vertex -47.8 47.8 0
    endloop
  endfacet
  facet normal 0 0 1
    outer loop
      vertex 46.6 46.6 177
      vertex 44 44 177
      vertex 46.6 -46.6 177
    endloop
  endfacet
  facet normal 0 0 1
    outer loop
      vertex 46.6 46.6 177
      vertex -44 44 177
      vertex 44 44 177
    endloop
  endfacet
  facet normal 0 0 1
    outer loop
      vertex -44 44 177
      vertex -46.6 46.6 177
      vertex -44 -44 177
    endloop
  endfacet
  facet normal -0 0 1
    outer loop
      vertex -46.6 46.6 177
      vertex -44 44 177
      vertex 46.6 46.6 177
    endloop
  endfacet
  facet normal -0 0 1
    outer loop
      vertex 44 -44 177
      vertex 46.6 -46.6 177
      vertex 44 44 177
    endloop
  endfacet
  facet normal -0 0 1
    outer loop
      vertex -44 -44 177
      vertex 46.6 -46.6 177
      vertex 44 -44 177
    endloop
  endfacet
  facet normal 0 0 1
    outer loop
      vertex -44 -44 177
      vertex -46.6 -46.6 177
      vertex 46.6 -46.6 177
    endloop
  endfacet
  facet normal 0 0 1
    outer loop
      vertex -46.6 -46.6 177
      vertex -44 -44 177
      vertex -46.6 46.6 177
    endloop
  endfacet
  facet normal 0 1 0
    outer loop
      vertex 45 45 172
      vertex 35.8 45 171.2
      vertex -45 45 172
    endloop
  endfacet
  facet normal 0 1 -0
    outer loop
      vertex 37.8 45 158
      vertex 35.8 45 171.2
      vertex 45 45 172
    endloop
  endfacet
  facet normal 0 1 0
    outer loop
      vertex 35.8 45 171.2
      vertex 37.8 45 158
      vertex 35.8 45 158.8
    endloop
  endfacet
  facet normal 0 1 0
    outer loop
      vertex 37.8 45 158
      vertex 45 45 172
      vertex 45 45 158
    endloop
  endfacet
  facet normal 0 1 -0
    outer loop
      vertex -35.8 45 171.2
      vertex -45 45 172
      vertex 35.8 45 171.2
    endloop
  endfacet
  facet normal 0 1 0
    outer loop
      vertex -37.8 45 158
      vertex -35.8 45 171.2
      vertex -35.8 45 158.8
    endloop
  endfacet
  facet normal 0 1 0
    outer loop
      vertex 35.6 45 155.8
      vertex 35.8 45 158.8
      vertex 37.8 45 158
    endloop
  endfacet
  facet normal 0 1 0
    outer loop
      vertex 35.8 45 158.8
      vertex 0.75 45 157
      vertex -35.8 45 158.8
    endloop
  endfacet
  facet normal 0 1 0
    outer loop
      vertex -35.8 45 171.2
      vertex -37.8 45 158
      vertex -45 45 172
    endloop
  endfacet
  facet normal 0 1 0
    outer loop
      vertex -45 45 172
      vertex -37.8 45 158
      vertex -45 45 158
    endloop
  endfacet
  facet normal 0 1 0
    outer loop
      vertex -0.75 45 157
      vertex -2.95 45 122.7
      vertex -2.95 45 155.8
    endloop
  endfacet
  facet normal 0 1 0
    outer loop
      vertex -2.95 45 122.7
      vertex -3.14999 45 119.4
      vertex -35.6 45 122.7
    endloop
  endfacet
  facet normal 0 1 0
    outer loop
      vertex -3.14999 45 84.1
      vertex -2.95 45 122.7
      vertex -0.75 45 157
    endloop
  endfacet
  facet normal 0 1 0
    outer loop
      vertex -2.95 45 122.7
      vertex -3.14999 45 84.1
      vertex -3.14999 45 119.4
    endloop
  endfacet
  facet normal 0 1 0
    outer loop
      vertex -3.14999 45 84.1
      vertex -3.14999 45 81.9
      vertex -35.4 45 84.1
    endloop
  endfacet
  facet normal 0 1 0
    outer loop
      vertex -0.75 45 157
      vertex -3.14999 45 81.9
      vertex -3.14999 45 84.1
    endloop
  endfacet
  facet normal 0 1 -0
    outer loop
      vertex -0.75 45 9
      vertex -3.14999 45 81.9
      vertex -0.75 45 157
    endloop
  endfacet
  facet normal 0 1 0
    outer loop
      vertex -3.14999 45 46.6
      vertex -3.14999 45 44.4
      vertex -35.4 45 46.6
    endloop
  endfacet
  facet normal 0 1 0
    outer loop
      vertex -3.14999 45 81.9
      vertex -0.75 45 9
      vertex -3.14999 45 46.6
    endloop
  endfacet
  facet normal 0 1 0
    outer loop
      vertex -3.14999 45 46.6
      vertex -0.75 45 9
      vertex -3.14999 45 44.4
    endloop
  endfacet
  facet normal 0 1 0
    outer loop
      vertex -37.8 45 8
      vertex -3.14999 45 9.09999
      vertex -0.75 45 9
    endloop
  endfacet
  facet normal 0 1 0
    outer loop
      vertex -3.14999 45 44.4
      vertex -0.75 45 9
      vertex -3.14999 45 9.09999
    endloop
  endfacet
  facet normal 0 1 -0
    outer loop
      vertex -0.75 45 157
      vertex -35.8 45 158.8
      vertex 0.75 45 157
    endloop
  endfacet
  facet normal 0 1 0
    outer loop
      vertex 35.8 45 158.8
      vertex 35.6 45 155.8
      vertex 2.95 45 155.8
    endloop
  endfacet
  facet normal 0 1 0
    outer loop
      vertex 37.8 45 158
      vertex 35.6 45 122.7
      vertex 35.6 45 155.8
    endloop
  endfacet
  facet normal 0 1 0
    outer loop
      vertex 35.6 45 122.7
      vertex 35.4 45 119.4
      vertex 2.95 45 122.7
    endloop
  endfacet
  facet normal 0 1 0
    outer loop
      vertex 35.4 45 84.1
      vertex 35.6 45 122.7
      vertex 37.8 45 158
    endloop
  endfacet
  facet normal 0 1 0
    outer loop
      vertex 35.6 45 122.7
      vertex 35.4 45 84.1
      vertex 35.4 45 119.4
    endloop
  endfacet
  facet normal 0 1 0
    outer loop
      vertex 35.4 45 84.1
      vertex 35.4 45 81.9
      vertex 3.14999 45 84.1
    endloop
  endfacet
  facet normal 0 1 0
    outer loop
      vertex 37.8 45 158
      vertex 35.4 45 81.9
      vertex 35.4 45 84.1
    endloop
  endfacet
  facet normal 0 1 -0
    outer loop
      vertex 37.8 45 8
      vertex 35.4 45 81.9
      vertex 37.8 45 158
    endloop
  endfacet
  facet normal 0 1 0
    outer loop
      vertex 35.4 45 46.6
      vertex 35.4 45 44.4
      vertex 3.14999 45 46.6
    endloop
  endfacet
  facet normal 0 1 0
    outer loop
      vertex 35.4 45 81.9
      vertex 37.8 45 8
      vertex 35.4 45 46.6
    endloop
  endfacet
  facet normal 0 1 0
    outer loop
      vertex 35.4 45 46.6
      vertex 37.8 45 8
      vertex 35.4 45 44.4
    endloop
  endfacet
  facet normal 0 1 0
    outer loop
      vertex 37.8 45 8
      vertex 3.14999 45 9.09999
      vertex 35.4 45 9.09999
    endloop
  endfacet
  facet normal 0 1 0
    outer loop
      vertex 0.75 45 9
      vertex 37.8 45 8
      vertex -0.75 45 9
    endloop
  endfacet
  facet normal 0 1 0
    outer loop
      vertex 3.14999 45 9.09999
      vertex 37.8 45 8
      vertex 0.75 45 9
    endloop
  endfacet
  facet normal 0 1 0
    outer loop
      vertex 35.4 45 44.4
      vertex 37.8 45 8
      vertex 35.4 45 9.09999
    endloop
  endfacet
  facet normal 0 1 -0
    outer loop
      vertex -2.95 45 155.8
      vertex -35.8 45 158.8
      vertex -0.75 45 157
    endloop
  endfacet
  facet normal 0 1 -0
    outer loop
      vertex -35.6 45 155.8
      vertex -35.8 45 158.8
      vertex -2.95 45 155.8
    endloop
  endfacet
  facet normal 0 1 0
    outer loop
      vertex -35.8 45 158.8
      vertex -35.6 45 155.8
      vertex -37.8 45 158
    endloop
  endfacet
  facet normal 0 1 -0
    outer loop
      vertex -35.6 45 122.7
      vertex -37.8 45 158
      vertex -35.6 45 155.8
    endloop
  endfacet
  facet normal 0 1 -0
    outer loop
      vertex -35.4 45 119.4
      vertex -35.6 45 122.7
      vertex -3.14999 45 119.4
    endloop
  endfacet
  facet normal 0 1 -0
    outer loop
      vertex -35.4 45 84.1
      vertex -35.6 45 122.7
      vertex -35.4 45 119.4
    endloop
  endfacet
  facet normal 0 1 0
    outer loop
      vertex -35.6 45 122.7
      vertex -35.4 45 84.1
      vertex -37.8 45 158
    endloop
  endfacet
  facet normal 0 1 0
    outer loop
      vertex -35.4 45 81.9
      vertex -35.4 45 84.1
      vertex -3.14999 45 81.9
    endloop
  endfacet
  facet normal 0 1 -0
    outer loop
      vertex -35.4 45 81.9
      vertex -37.8 45 158
      vertex -35.4 45 84.1
    endloop
  endfacet
  facet normal 0 1 0
    outer loop
      vertex -37.8 45 8
      vertex -35.4 45 81.9
      vertex -35.4 45 46.6
    endloop
  endfacet
  facet normal 0 1 0
    outer loop
      vertex -35.4 45 44.4
      vertex -35.4 45 46.6
      vertex -3.14999 45 44.4
    endloop
  endfacet
  facet normal 0 1 0
    outer loop
      vertex -37.8 45 8
      vertex -35.4 45 46.6
      vertex -35.4 45 44.4
    endloop
  endfacet
  facet normal 0 1 0
    outer loop
      vertex -37.8 45 8
      vertex -35.4 45 44.4
      vertex -35.4 45 9.09999
    endloop
  endfacet
  facet normal 0 1 0
    outer loop
      vertex -37.8 45 8
      vertex -0.75 45 9
      vertex 37.8 45 8
    endloop
  endfacet
  facet normal 0 1 0
    outer loop
      vertex -35.4 45 81.9
      vertex -37.8 45 8
      vertex -37.8 45 158
    endloop
  endfacet
  facet normal 0 1 0
    outer loop
      vertex -3.14999 45 9.09999
      vertex -37.8 45 8
      vertex -35.4 45 9.09999
    endloop
  endfacet
  facet normal 0 1 0
    outer loop
      vertex 35.8 45 158.8
      vertex 2.95 45 155.8
      vertex 0.75 45 157
    endloop
  endfacet
  facet normal 0 1 -0
    outer loop
      vertex 2.95 45 122.7
      vertex 0.75 45 157
      vertex 2.95 45 155.8
    endloop
  endfacet
  facet normal 0 1 -0
    outer loop
      vertex 3.14999 45 119.4
      vertex 2.95 45 122.7
      vertex 35.4 45 119.4
    endloop
  endfacet
  facet normal 0 1 -0
    outer loop
      vertex 3.14999 45 84.1
      vertex 2.95 45 122.7
      vertex 3.14999 45 119.4
    endloop
  endfacet
  facet normal 0 1 0
    outer loop
      vertex 2.95 45 122.7
      vertex 3.14999 45 84.1
      vertex 0.75 45 157
    endloop
  endfacet
  facet normal 0 1 0
    outer loop
      vertex 3.14999 45 81.9
      vertex 3.14999 45 84.1
      vertex 35.4 45 81.9
    endloop
  endfacet
  facet normal 0 1 -0
    outer loop
      vertex 3.14999 45 81.9
      vertex 0.75 45 157
      vertex 3.14999 45 84.1
    endloop
  endfacet
  facet normal 0 1 0
    outer loop
      vertex 0.75 45 9
      vertex 3.14999 45 81.9
      vertex 3.14999 45 46.6
    endloop
  endfacet
  facet normal 0 1 0
    outer loop
      vertex 3.14999 45 44.4
      vertex 3.14999 45 46.6
      vertex 35.4 45 44.4
    endloop
  endfacet
  facet normal 0 1 0
    outer loop
      vertex 0.75 45 9
      vertex 3.14999 45 46.6
      vertex 3.14999 45 44.4
    endloop
  endfacet
  facet normal 0 1 0
    outer loop
      vertex 0.75 45 9
      vertex 3.14999 45 44.4
      vertex 3.14999 45 9.09999
    endloop
  endfacet
  facet normal 0 1 0
    outer loop
      vertex 3.14999 45 81.9
      vertex 0.75 45 9
      vertex 0.75 45 157
    endloop
  endfacet
  facet normal 0 -1 0
    outer loop
      vertex -3.14999 -45 9.09999
      vertex 3.14999 -45 44.4
      vertex -3.14999 -45 44.4
    endloop
  endfacet
  facet normal 0 -1 -0
    outer loop
      vertex 3.14999 -45 44.4
      vertex -3.14999 -45 9.09999
      vertex 3.14999 -45 9.09999
    endloop
  endfacet
  facet normal 0 -1 0
    outer loop
      vertex -3.14999 -45 46.6
      vertex 3.14999 -45 81.9
      vertex -3.14999 -45 81.9
    endloop
  endfacet
  facet normal 0 -1 -0
    outer loop
      vertex 3.14999 -45 81.9
      vertex -3.14999 -45 46.6
      vertex 3.14999 -45 46.6
    endloop
  endfacet
  facet normal 0 -1 0
    outer loop
      vertex -3.14999 -45 84.1
      vertex 3.14999 -45 119.4
      vertex -3.14999 -45 119.4
    endloop
  endfacet
  facet normal 0 -1 -0
    outer loop
      vertex 3.14999 -45 119.4
      vertex -3.14999 -45 84.1
      vertex 3.14999 -45 84.1
    endloop
  endfacet
  facet normal 0 -1 0
    outer loop
      vertex -2.95 -45 122.7
      vertex 2.95 -45 155.8
      vertex -2.95 -45 155.8
    endloop
  endfacet
  facet normal 0 -1 -0
    outer loop
      vertex 2.95 -45 155.8
      vertex -2.95 -45 122.7
      vertex 2.95 -45 122.7
    endloop
  endfacet
  facet normal 0 -1 0
    outer loop
      vertex -45 -45 172
      vertex -2.95 -45 155.8
      vertex 45 -45 172
    endloop
  endfacet
  facet normal 0 -1 0
    outer loop
      vertex -37.8 -45 158
      vertex -35.6 -45 122.7
      vertex -35.6 -45 155.8
    endloop
  endfacet
  facet normal 0 -1 0
    outer loop
      vertex -3.14999 -45 119.4
      vertex -2.95 -45 122.7
      vertex -35.6 -45 122.7
    endloop
  endfacet
  facet normal 0 -1 -0
    outer loop
      vertex -2.95 -45 122.7
      vertex -3.14999 -45 119.4
      vertex 2.95 -45 122.7
    endloop
  endfacet
  facet normal 0 -1 0
    outer loop
      vertex -3.14999 -45 119.4
      vertex -35.6 -45 122.7
      vertex -35.4 -45 119.4
    endloop
  endfacet
  facet normal 0 -1 0
    outer loop
      vertex -35.4 -45 84.1
      vertex -35.6 -45 122.7
      vertex -37.8 -45 158
    endloop
  endfacet
  facet normal 0 -1 0
    outer loop
      vertex -35.6 -45 122.7
      vertex -35.4 -45 84.1
      vertex -35.4 -45 119.4
    endloop
  endfacet
  facet normal 0 -1 0
    outer loop
      vertex -3.14999 -45 81.9
      vertex -3.14999 -45 84.1
      vertex -35.4 -45 84.1
    endloop
  endfacet
  facet normal 0 -1 0
    outer loop
      vertex -3.14999 -45 84.1
      vertex -3.14999 -45 81.9
      vertex 3.14999 -45 84.1
    endloop
  endfacet
  facet normal 0 -1 0
    outer loop
      vertex -3.14999 -45 81.9
      vertex -35.4 -45 84.1
      vertex -35.4 -45 81.9
    endloop
  endfacet
  facet normal 0 -1 0
    outer loop
      vertex -37.8 -45 158
      vertex -35.4 -45 81.9
      vertex -35.4 -45 84.1
    endloop
  endfacet
  facet normal 0 -1 0
    outer loop
      vertex -37.8 -45 8
      vertex -35.4 -45 81.9
      vertex -37.8 -45 158
    endloop
  endfacet
  facet normal 0 -1 0
    outer loop
      vertex -3.14999 -45 44.4
      vertex -3.14999 -45 46.6
      vertex -35.4 -45 46.6
    endloop
  endfacet
  facet normal 0 -1 0
    outer loop
      vertex -3.14999 -45 46.6
      vertex -3.14999 -45 44.4
      vertex 3.14999 -45 46.6
    endloop
  endfacet
  facet normal 0 -1 0
    outer loop
      vertex -3.14999 -45 44.4
      vertex -35.4 -45 46.6
      vertex -35.4 -45 44.4
    endloop
  endfacet
  facet normal 0 -1 -0
    outer loop
      vertex -35.4 -45 81.9
      vertex -37.8 -45 8
      vertex -35.4 -45 46.6
    endloop
  endfacet
  facet normal 0 -1 -0
    outer loop
      vertex -35.4 -45 46.6
      vertex -37.8 -45 8
      vertex -35.4 -45 44.4
    endloop
  endfacet
  facet normal 0 -1 0
    outer loop
      vertex -37.8 -45 8
      vertex -3.14999 -45 9.09999
      vertex -35.4 -45 9.09999
    endloop
  endfacet
  facet normal 0 -1 -0
    outer loop
      vertex -3.14999 -45 9.09999
      vertex -37.8 -45 8
      vertex 3.14999 -45 9.09999
    endloop
  endfacet
  facet normal 0 -1 0
    outer loop
      vertex 37.8 -45 8
      vertex 3.14999 -45 9.09999
      vertex -37.8 -45 8
    endloop
  endfacet
  facet normal 0 -1 -0
    outer loop
      vertex -35.4 -45 44.4
      vertex -37.8 -45 8
      vertex -35.4 -45 9.09999
    endloop
  endfacet
  facet normal 0 -1 0
    outer loop
      vertex -37.8 -45 158
      vertex -45 -45 172
      vertex -45 -45 158
    endloop
  endfacet
  facet normal 0 -1 0
    outer loop
      vertex -2.95 -45 155.8
      vertex -37.8 -45 158
      vertex -35.6 -45 155.8
    endloop
  endfacet
  facet normal 0 -1 0
    outer loop
      vertex -37.8 -45 158
      vertex -2.95 -45 155.8
      vertex -45 -45 172
    endloop
  endfacet
  facet normal 0 -1 -0
    outer loop
      vertex 45 -45 172
      vertex 37.8 -45 158
      vertex 45 -45 158
    endloop
  endfacet
  facet normal 0 -1 0
    outer loop
      vertex 2.95 -45 155.8
      vertex 45 -45 172
      vertex -2.95 -45 155.8
    endloop
  endfacet
  facet normal 0 -1 0
    outer loop
      vertex 45 -45 172
      vertex 2.95 -45 155.8
      vertex 37.8 -45 158
    endloop
  endfacet
  facet normal 0 -1 0
    outer loop
      vertex 35.6 -45 155.8
      vertex 37.8 -45 158
      vertex 2.95 -45 155.8
    endloop
  endfacet
  facet normal 0 -1 0
    outer loop
      vertex 35.6 -45 122.7
      vertex 37.8 -45 158
      vertex 35.6 -45 155.8
    endloop
  endfacet
  facet normal 0 -1 0
    outer loop
      vertex 3.14999 -45 119.4
      vertex 2.95 -45 122.7
      vertex -3.14999 -45 119.4
    endloop
  endfacet
  facet normal 0 -1 0
    outer loop
      vertex 2.95 -45 122.7
      vertex 3.14999 -45 119.4
      vertex 35.6 -45 122.7
    endloop
  endfacet
  facet normal 0 -1 0
    outer loop
      vertex 35.4 -45 119.4
      vertex 35.6 -45 122.7
      vertex 3.14999 -45 119.4
    endloop
  endfacet
  facet normal 0 -1 0
    outer loop
      vertex 35.4 -45 84.1
      vertex 35.6 -45 122.7
      vertex 35.4 -45 119.4
    endloop
  endfacet
  facet normal 0 -1 -0
    outer loop
      vertex 35.6 -45 122.7
      vertex 35.4 -45 84.1
      vertex 37.8 -45 158
    endloop
  endfacet
  facet normal 0 -1 0
    outer loop
      vertex 3.14999 -45 81.9
      vertex 3.14999 -45 84.1
      vertex -3.14999 -45 81.9
    endloop
  endfacet
  facet normal 0 -1 0
    outer loop
      vertex 3.14999 -45 84.1
      vertex 3.14999 -45 81.9
      vertex 35.4 -45 84.1
    endloop
  endfacet
  facet normal 0 -1 0
    outer loop
      vertex 35.4 -45 81.9
      vertex 35.4 -45 84.1
      vertex 3.14999 -45 81.9
    endloop
  endfacet
  facet normal 0 -1 0
    outer loop
      vertex 35.4 -45 81.9
      vertex 37.8 -45 158
      vertex 35.4 -45 84.1
    endloop
  endfacet
  facet normal 0 -1 0
    outer loop
      vertex 37.8 -45 8
      vertex 35.4 -45 81.9
      vertex 35.4 -45 46.6
    endloop
  endfacet
  facet normal 0 -1 0
    outer loop
      vertex 3.14999 -45 44.4
      vertex 3.14999 -45 46.6
      vertex -3.14999 -45 44.4
    endloop
  endfacet
  facet normal 0 -1 0
    outer loop
      vertex 3.14999 -45 46.6
      vertex 3.14999 -45 44.4
      vertex 35.4 -45 46.6
    endloop
  endfacet
  facet normal 0 -1 0
    outer loop
      vertex 35.4 -45 44.4
      vertex 35.4 -45 46.6
      vertex 3.14999 -45 44.4
    endloop
  endfacet
  facet normal 0 -1 0
    outer loop
      vertex 37.8 -45 8
      vertex 35.4 -45 46.6
      vertex 35.4 -45 44.4
    endloop
  endfacet
  facet normal 0 -1 0
    outer loop
      vertex 37.8 -45 8
      vertex 35.4 -45 44.4
      vertex 35.4 -45 9.09999
    endloop
  endfacet
  facet normal 0 -1 0
    outer loop
      vertex 35.4 -45 81.9
      vertex 37.8 -45 8
      vertex 37.8 -45 158
    endloop
  endfacet
  facet normal 0 -1 0
    outer loop
      vertex 3.14999 -45 9.09999
      vertex 37.8 -45 8
      vertex 35.4 -45 9.09999
    endloop
  endfacet
  facet normal -1 0 0
    outer loop
      vertex -45.9 -44 8
      vertex -45.9 44 158
      vertex -45.9 44 8
    endloop
  endfacet
  facet normal -1 -0 0
    outer loop
      vertex -45.9 44 158
      vertex -45.9 -44 8
      vertex -45.9 -44 158
    endloop
  endfacet
  facet normal -0 0 1
    outer loop
      vertex -45.9 44 158
      vertex -45 -44 158
      vertex -45 44 158
    endloop
  endfacet
  facet normal 0 0 1
    outer loop
      vertex -45 -44 158
      vertex -45.9 44 158
      vertex -45.9 -44 158
    endloop
  endfacet
  facet normal 0 -1 0
    outer loop
      vertex -45.9 -44 8
      vertex -45 -44 158
      vertex -45.9 -44 158
    endloop
  endfacet
  facet normal 0 -1 -0
    outer loop
      vertex -45 -44 158
      vertex -45.9 -44 8
      vertex -45 -44 8
    endloop
  endfacet
  facet normal 0 1 -0
    outer loop
      vertex -45 44 8
      vertex -45.9 44 158
      vertex -45 44 158
    endloop
  endfacet
  facet normal 0 1 0
    outer loop
      vertex -45.9 44 158
      vertex -45 44 8
      vertex -45.9 44 8
    endloop
  endfacet
  facet normal -1 0 0
    outer loop
      vertex -46.6 -46.6 172
      vertex -46.6 46.6 177
      vertex -46.6 46.6 172
    endloop
  endfacet
  facet normal -1 -0 0
    outer loop
      vertex -46.6 46.6 177
      vertex -46.6 -46.6 172
      vertex -46.6 -46.6 177
    endloop
  endfacet
  facet normal 1 -0 0
    outer loop
      vertex 46.6 -46.6 177
      vertex 46.6 46.6 172
      vertex 46.6 46.6 177
    endloop
  endfacet
  facet normal 1 0 0
    outer loop
      vertex 46.6 46.6 172
      vertex 46.6 -46.6 177
      vertex 46.6 -46.6 172
    endloop
  endfacet
  facet normal 0 0 -1
    outer loop
      vertex 46.6 -46.6 172
      vertex 45.4 -35.5 172
      vertex 46.6 46.6 172
    endloop
  endfacet
  facet normal 0 0 -1
    outer loop
      vertex 46.6 -46.6 172
      vertex 45 -45 172
      vertex 45.4 -35.5 172
    endloop
  endfacet
  facet normal 0 0 -1
    outer loop
      vertex 46.6 -46.6 172
      vertex -45 -45 172
      vertex 45 -45 172
    endloop
  endfacet
  facet normal -0 0 -1
    outer loop
      vertex -45 -45 172
      vertex -46.6 -46.6 172
      vertex -45 45 172
    endloop
  endfacet
  facet normal 0 0 -1
    outer loop
      vertex -46.6 -46.6 172
      vertex -45 -45 172
      vertex 46.6 -46.6 172
    endloop
  endfacet
  facet normal 0 0 -1
    outer loop
      vertex 45.4 35.5 172
      vertex 46.6 46.6 172
      vertex 45.4 -35.5 172
    endloop
  endfacet
  facet normal 0 0 -1
    outer loop
      vertex 45 45 172
      vertex 45.4 35.5 172
      vertex 45 35.5 172
    endloop
  endfacet
  facet normal 0 0 -1
    outer loop
      vertex 45.4 35.5 172
      vertex 45 45 172
      vertex 46.6 46.6 172
    endloop
  endfacet
  facet normal 0 0 -1
    outer loop
      vertex -45 45 172
      vertex 46.6 46.6 172
      vertex 45 45 172
    endloop
  endfacet
  facet normal 0 0 -1
    outer loop
      vertex -45 45 172
      vertex -46.6 46.6 172
      vertex 46.6 46.6 172
    endloop
  endfacet
  facet normal 0 0 -1
    outer loop
      vertex -46.6 46.6 172
      vertex -45 45 172
      vertex -46.6 -46.6 172
    endloop
  endfacet
  facet normal -0 0 -1
    outer loop
      vertex 45.4 -35.5 172
      vertex 45 -45 172
      vertex 45 -35.5 172
    endloop
  endfacet
  facet normal 0 0 -1
    outer loop
      vertex 45 -35.5 172
      vertex 45.4 35.5 172
      vertex 45.4 -35.5 172
    endloop
  endfacet
  facet normal 0 0 -1
    outer loop
      vertex 45 -35.5 172
      vertex 45 35.5 172
      vertex 45.4 35.5 172
    endloop
  endfacet
  facet normal 0 0 -1
    outer loop
      vertex 41.4 -35.5 172
      vertex 45 35.5 172
      vertex 45 -35.5 172
    endloop
  endfacet
  facet normal -0 0 -1
    outer loop
      vertex 45 35.5 172
      vertex 41.4 -35.5 172
      vertex 41.4 35.5 172
    endloop
  endfacet
  facet normal 0 -1 0
    outer loop
      vertex -46.6 -46.6 172
      vertex 46.6 -46.6 177
      vertex -46.6 -46.6 177
    endloop
  endfacet
  facet normal 0 -1 -0
    outer loop
      vertex 46.6 -46.6 177
      vertex -46.6 -46.6 172
      vertex 46.6 -46.6 172
    endloop
  endfacet
  facet normal 0 1 -0
    outer loop
      vertex 46.6 46.6 172
      vertex -46.6 46.6 177
      vertex 46.6 46.6 177
    endloop
  endfacet
  facet normal 0 1 0
    outer loop
      vertex -46.6 46.6 177
      vertex 46.6 46.6 172
      vertex -46.6 46.6 172
    endloop
  endfacet
  facet normal -1 0 0
    outer loop
      vertex -44 -44 177
      vertex -44 44 181.2
      vertex -44 44 177
    endloop
  endfacet
  facet normal -1 -0 0
    outer loop
      vertex -44 44 181.2
      vertex -44 -44 177
      vertex -44 -44 181.2
    endloop
  endfacet
  facet normal 0 0 1
    outer loop
      vertex 44 44 181.2
      vertex 40.8 40.8 181.2
      vertex 44 -44 181.2
    endloop
  endfacet
  facet normal 0 0 1
    outer loop
      vertex 44 44 181.2
      vertex -40.8 40.8 181.2
      vertex 40.8 40.8 181.2
    endloop
  endfacet
  facet normal 0 0 1
    outer loop
      vertex -40.8 40.8 181.2
      vertex -44 44 181.2
      vertex -40.8 -40.8 181.2
    endloop
  endfacet
  facet normal -0 0 1
    outer loop
      vertex -44 44 181.2
      vertex -40.8 40.8 181.2
      vertex 44 44 181.2
    endloop
  endfacet
  facet normal -0 0 1
    outer loop
      vertex 40.8 -40.8 181.2
      vertex 44 -44 181.2
      vertex 40.8 40.8 181.2
    endloop
  endfacet
  facet normal -0 0 1
    outer loop
      vertex -40.8 -40.8 181.2
      vertex 44 -44 181.2
      vertex 40.8 -40.8 181.2
    endloop
  endfacet
  facet normal 0 0 1
    outer loop
      vertex -40.8 -40.8 181.2
      vertex -44 -44 181.2
      vertex 44 -44 181.2
    endloop
  endfacet
  facet normal 0 0 1
    outer loop
      vertex -44 -44 181.2
      vertex -40.8 -40.8 181.2
      vertex -44 44 181.2
    endloop
  endfacet
  facet normal 1 -0 0
    outer loop
      vertex 44 -44 181.2
      vertex 44 44 177
      vertex 44 44 181.2
    endloop
  endfacet
  facet normal 1 0 0
    outer loop
      vertex 44 44 177
      vertex 44 -44 181.2
      vertex 44 -44 177
    endloop
  endfacet
  facet normal 0 -1 0
    outer loop
      vertex -44 -44 177
      vertex 44 -44 181.2
      vertex -44 -44 181.2
    endloop
  endfacet
  facet normal 0 -1 -0
    outer loop
      vertex 44 -44 181.2
      vertex -44 -44 177
      vertex 44 -44 177
    endloop
  endfacet
  facet normal 0 1 -0
    outer loop
      vertex 44 44 177
      vertex -44 44 181.2
      vertex 44 44 181.2
    endloop
  endfacet
  facet normal 0 1 0
    outer loop
      vertex -44 44 181.2
      vertex 44 44 177
      vertex -44 44 177
    endloop
  endfacet
  facet normal -1 0 0
    outer loop
      vertex -40.8 -40.8 181.2
      vertex -40.8 40.8 185.4
      vertex -40.8 40.8 181.2
    endloop
  endfacet
  facet normal -1 -0 0
    outer loop
      vertex -40.8 40.8 185.4
      vertex -40.8 -40.8 181.2
      vertex -40.8 -40.8 185.4
    endloop
  endfacet
  facet normal 0 0 1
    outer loop
      vertex 40.8 40.8 185.4
      vertex 37.6 37.6 185.4
      vertex 40.8 -40.8 185.4
    endloop
  endfacet
  facet normal 0 0 1
    outer loop
      vertex 40.8 40.8 185.4
      vertex -37.6 37.6 185.4
      vertex 37.6 37.6 185.4
    endloop
  endfacet
  facet normal 0 0 1
    outer loop
      vertex -37.6 37.6 185.4
      vertex -40.8 40.8 185.4
      vertex -37.6 -37.6 185.4
    endloop
  endfacet
  facet normal -0 0 1
    outer loop
      vertex -40.8 40.8 185.4
      vertex -37.6 37.6 185.4
      vertex 40.8 40.8 185.4
    endloop
  endfacet
  facet normal -0 0 1
    outer loop
      vertex 37.6 -37.6 185.4
      vertex 40.8 -40.8 185.4
      vertex 37.6 37.6 185.4
    endloop
  endfacet
  facet normal -0 0 1
    outer loop
      vertex -37.6 -37.6 185.4
      vertex 40.8 -40.8 185.4
      vertex 37.6 -37.6 185.4
    endloop
  endfacet
  facet normal 0 0 1
    outer loop
      vertex -37.6 -37.6 185.4
      vertex -40.8 -40.8 185.4
      vertex 40.8 -40.8 185.4
    endloop
  endfacet
  facet normal 0 0 1
    outer loop
      vertex -40.8 -40.8 185.4
      vertex -37.6 -37.6 185.4
      vertex -40.8 40.8 185.4
    endloop
  endfacet
  facet normal 1 -0 0
    outer loop
      vertex 40.8 -40.8 185.4
      vertex 40.8 40.8 181.2
      vertex 40.8 40.8 185.4
    endloop
  endfacet
  facet normal 1 0 0
    outer loop
      vertex 40.8 40.8 181.2
      vertex 40.8 -40.8 185.4
      vertex 40.8 -40.8 181.2
    endloop
  endfacet
  facet normal 0 1 -0
    outer loop
      vertex 40.8 40.8 181.2
      vertex -40.8 40.8 185.4
      vertex 40.8 40.8 185.4
    endloop
  endfacet
  facet normal 0 1 0
    outer loop
      vertex -40.8 40.8 185.4
      vertex 40.8 40.8 181.2
      vertex -40.8 40.8 181.2
    endloop
  endfacet
  facet normal 0 -1 0
    outer loop
      vertex -40.8 -40.8 181.2
      vertex 40.8 -40.8 185.4
      vertex -40.8 -40.8 185.4
    endloop
  endfacet
  facet normal 0 -1 -0
    outer loop
      vertex 40.8 -40.8 185.4
      vertex -40.8 -40.8 181.2
      vertex 40.8 -40.8 181.2
    endloop
  endfacet
  facet normal 0 -0.317297 0.948326
    outer loop
      vertex -11 -11 194.4
      vertex 37.6 -37.6 185.5
      vertex 11 -11 194.4
    endloop
  endfacet
  facet normal 0 -0.317297 0.948326
    outer loop
      vertex 37.6 -37.6 185.5
      vertex -11 -11 194.4
      vertex -37.6 -37.6 185.5
    endloop
  endfacet
  facet normal -0.317297 0 0.948326
    outer loop
      vertex -37.6 37.6 185.5
      vertex -11 -11 194.4
      vertex -11 11 194.4
    endloop
  endfacet
  facet normal -0.317297 0 0.948326
    outer loop
      vertex -11 -11 194.4
      vertex -37.6 37.6 185.5
      vertex -37.6 -37.6 185.5
    endloop
  endfacet
  facet normal 0 -1 0
    outer loop
      vertex -37.6 -37.6 185.4
      vertex 37.6 -37.6 185.5
      vertex -37.6 -37.6 185.5
    endloop
  endfacet
  facet normal 0 -1 -0
    outer loop
      vertex 37.6 -37.6 185.5
      vertex -37.6 -37.6 185.4
      vertex 37.6 -37.6 185.4
    endloop
  endfacet
  facet normal -1 0 0
    outer loop
      vertex -37.6 -37.6 185.4
      vertex -37.6 37.6 185.5
      vertex -37.6 37.6 185.4
    endloop
  endfacet
  facet normal -1 -0 0
    outer loop
      vertex -37.6 37.6 185.5
      vertex -37.6 -37.6 185.4
      vertex -37.6 -37.6 185.5
    endloop
  endfacet
  facet normal 0 1 -0
    outer loop
      vertex 37.6 37.6 185.4
      vertex -37.6 37.6 185.5
      vertex 37.6 37.6 185.5
    endloop
  endfacet
  facet normal 0 1 0
    outer loop
      vertex -37.6 37.6 185.5
      vertex 37.6 37.6 185.4
      vertex -37.6 37.6 185.4
    endloop
  endfacet
  facet normal 0 0.317297 0.948326
    outer loop
      vertex 37.6 37.6 185.5
      vertex -11 11 194.4
      vertex 11 11 194.4
    endloop
  endfacet
  facet normal 0 0.317297 0.948326
    outer loop
      vertex -11 11 194.4
      vertex 37.6 37.6 185.5
      vertex -37.6 37.6 185.5
    endloop
  endfacet
  facet normal -0 0 1
    outer loop
      vertex -11 11 194.4
      vertex 11 -11 194.4
      vertex 11 11 194.4
    endloop
  endfacet
  facet normal 0 0 1
    outer loop
      vertex 11 -11 194.4
      vertex -11 11 194.4
      vertex -11 -11 194.4
    endloop
  endfacet
  facet normal 1 -0 0
    outer loop
      vertex 37.6 -37.6 185.5
      vertex 37.6 37.6 185.4
      vertex 37.6 37.6 185.5
    endloop
  endfacet
  facet normal 1 0 0
    outer loop
      vertex 37.6 37.6 185.4
      vertex 37.6 -37.6 185.5
      vertex 37.6 -37.6 185.4
    endloop
  endfacet
  facet normal 0.317297 0 0.948326
    outer loop
      vertex 11 11 194.4
      vertex 37.6 -37.6 185.5
      vertex 37.6 37.6 185.5
    endloop
  endfacet
  facet normal 0.317297 0 0.948326
    outer loop
      vertex 37.6 -37.6 185.5
      vertex 11 11 194.4
      vertex 11 -11 194.4
    endloop
  endfacet
  facet normal 1 0 0
    outer loop
      vertex -41.4 35.6 122.7
      vertex -41.4 39 174
      vertex -41.4 35.6 155.8
    endloop
  endfacet
  facet normal 1 0 0
    outer loop
      vertex -41.4 39 174
      vertex -41.4 2.95 155.8
      vertex -41.4 35.6 155.8
    endloop
  endfacet
  facet normal 1 0 0
    outer loop
      vertex -41.4 2.95 155.8
      vertex -41.4 -2.95 155.8
      vertex -41.4 2.95 122.7
    endloop
  endfacet
  facet normal 1 0 0
    outer loop
      vertex -41.4 39 174
      vertex -41.4 -2.95 155.8
      vertex -41.4 2.95 155.8
    endloop
  endfacet
  facet normal 1 -0 0
    outer loop
      vertex -41.4 -41.4 174
      vertex -41.4 -2.95 155.8
      vertex -41.4 39 174
    endloop
  endfacet
  facet normal 1 0 0
    outer loop
      vertex -41.4 -35.6 155.8
      vertex -41.4 -41.4 174
      vertex -41.4 -35.6 122.7
    endloop
  endfacet
  facet normal 1 0 0
    outer loop
      vertex -41.4 -2.95 155.8
      vertex -41.4 -41.4 174
      vertex -41.4 -35.6 155.8
    endloop
  endfacet
  facet normal 1 0 0
    outer loop
      vertex -41.4 39 174
      vertex -41.4 35.6 122.7
      vertex -41.4 39 3
    endloop
  endfacet
  facet normal 1 -0 0
    outer loop
      vertex -41.4 2.95 122.7
      vertex -41.4 39 3
      vertex -41.4 35.6 122.7
    endloop
  endfacet
  facet normal 1 0 0
    outer loop
      vertex -41.4 -2.95 122.7
      vertex -41.4 2.95 122.7
      vertex -41.4 -2.95 155.8
    endloop
  endfacet
  facet normal 1 -0 0
    outer loop
      vertex -41.4 -2.95 122.7
      vertex -41.4 39 3
      vertex -41.4 2.95 122.7
    endloop
  endfacet
  facet normal 1 0 0
    outer loop
      vertex -41.4 -41.4 3
      vertex -41.4 -2.95 122.7
      vertex -41.4 -35.6 122.7
    endloop
  endfacet
  facet normal 1 0 0
    outer loop
      vertex -41.4 -2.95 122.7
      vertex -41.4 -41.4 3
      vertex -41.4 39 3
    endloop
  endfacet
  facet normal 1 0 0
    outer loop
      vertex -41.4 -41.4 3
      vertex -41.4 -35.6 122.7
      vertex -41.4 -41.4 174
    endloop
  endfacet
  facet normal 0 0 -1
    outer loop
      vertex -41.4 -41.4 174
      vertex 41.4 39 174
      vertex 41.4 -41.4 174
    endloop
  endfacet
  facet normal -0 0 -1
    outer loop
      vertex 41.4 39 174
      vertex -41.4 -41.4 174
      vertex -41.4 39 174
    endloop
  endfacet
  facet normal -1 0 0
    outer loop
      vertex 41.4 39 3
      vertex 41.4 38.8457 6.28427
      vertex 41.4 39 6.4441
    endloop
  endfacet
  facet normal -1 0 0
    outer loop
      vertex 41.4 39 3
      vertex 41.4 38.296 5.85481
      vertex 41.4 38.8457 6.28427
    endloop
  endfacet
  facet normal -1 0 0
    outer loop
      vertex 41.4 39 3
      vertex 41.4 37.6918 5.50603
      vertex 41.4 38.296 5.85481
    endloop
  endfacet
  facet normal -1 0 0
    outer loop
      vertex 41.4 39 3
      vertex 41.4 37.0451 5.24472
      vertex 41.4 37.6918 5.50603
    endloop
  endfacet
  facet normal -1 0 0
    outer loop
      vertex 41.4 39 3
      vertex 41.4 36.3682 5.07596
      vertex 41.4 37.0451 5.24472
    endloop
  endfacet
  facet normal -1 0 0
    outer loop
      vertex 41.4 39 3
      vertex 41.4 35.5 5
      vertex 41.4 36.3682 5.07596
    endloop
  endfacet
  facet normal -1 0 0
    outer loop
      vertex 41.4 39 3
      vertex 41.4 -35.5 5
      vertex 41.4 35.5 5
    endloop
  endfacet
  facet normal -1 0 0
    outer loop
      vertex 41.4 -41.4 3
      vertex 41.4 -40.5 25
      vertex 41.4 -40.5 10
    endloop
  endfacet
  facet normal -1 -0 0
    outer loop
      vertex 41.4 -40.5 25
      vertex 41.4 -41.4 3
      vertex 41.4 -40.5 152
    endloop
  endfacet
  facet normal -1 0 0
    outer loop
      vertex 41.4 -41.4 174
      vertex 41.4 -40.5 152
      vertex 41.4 -41.4 3
    endloop
  endfacet
  facet normal -1 -0 0
    outer loop
      vertex 41.4 -40.424 9.13176
      vertex 41.4 -41.4 3
      vertex 41.4 -40.5 10
    endloop
  endfacet
  facet normal -1 -0 0
    outer loop
      vertex 41.4 -40.2553 8.45491
      vertex 41.4 -41.4 3
      vertex 41.4 -40.424 9.13176
    endloop
  endfacet
  facet normal -1 -0 0
    outer loop
      vertex 41.4 -39.994 7.80815
      vertex 41.4 -41.4 3
      vertex 41.4 -40.2553 8.45491
    endloop
  endfacet
  facet normal -1 -0 0
    outer loop
      vertex 41.4 -39.6452 7.20404
      vertex 41.4 -41.4 3
      vertex 41.4 -39.994 7.80815
    endloop
  endfacet
  facet normal -1 -0 0
    outer loop
      vertex 41.4 -39.2157 6.65434
      vertex 41.4 -41.4 3
      vertex 41.4 -39.6452 7.20404
    endloop
  endfacet
  facet normal -1 -0 0
    outer loop
      vertex 41.4 -38.7139 6.16978
      vertex 41.4 -41.4 3
      vertex 41.4 -39.2157 6.65434
    endloop
  endfacet
  facet normal -1 -0 0
    outer loop
      vertex 41.4 -38.1496 5.75977
      vertex 41.4 -41.4 3
      vertex 41.4 -38.7139 6.16978
    endloop
  endfacet
  facet normal -1 -0 0
    outer loop
      vertex 41.4 -37.5337 5.43227
      vertex 41.4 -41.4 3
      vertex 41.4 -38.1496 5.75977
    endloop
  endfacet
  facet normal -1 -0 0
    outer loop
      vertex 41.4 -36.8782 5.1937
      vertex 41.4 -41.4 3
      vertex 41.4 -37.5337 5.43227
    endloop
  endfacet
  facet normal -1 -0 0
    outer loop
      vertex 41.4 -36.1959 5.04866
      vertex 41.4 -41.4 3
      vertex 41.4 -36.8782 5.1937
    endloop
  endfacet
  facet normal -1 -0 0
    outer loop
      vertex 41.4 -35.5 5
      vertex 41.4 -41.4 3
      vertex 41.4 -36.1959 5.04866
    endloop
  endfacet
  facet normal -1 0 0
    outer loop
      vertex 41.4 -41.4 3
      vertex 41.4 -35.5 5
      vertex 41.4 39 3
    endloop
  endfacet
  facet normal -1 0 0
    outer loop
      vertex 41.4 -36.1959 147.049
      vertex 41.4 -18 141.913
      vertex 41.4 -18 35.1091
    endloop
  endfacet
  facet normal -1 0 0
    outer loop
      vertex 41.4 -23.087 30
      vertex 41.4 -18 35.1091
      vertex 41.4 -18.0095 34.8913
    endloop
  endfacet
  facet normal -1 -0 -0
    outer loop
      vertex 41.4 -35.5 147
      vertex 41.4 -18 141.913
      vertex 41.4 -36.1959 147.049
    endloop
  endfacet
  facet normal -1 0 0
    outer loop
      vertex 41.4 -22.9132 30.0061
      vertex 41.4 -18.0095 34.8913
      vertex 41.4 -18.0588 34.3275
    endloop
  endfacet
  facet normal -1 0 0
    outer loop
      vertex 41.4 -18 35.1091
      vertex 41.4 -35.5 30
      vertex 41.4 -36.3682 29.924
    endloop
  endfacet
  facet normal -1 0 0
    outer loop
      vertex 41.4 -22.9132 30.0061
      vertex 41.4 -18.0588 34.3275
      vertex 41.4 -18.1235 33.9412
    endloop
  endfacet
  facet normal -1 -0 -0
    outer loop
      vertex 41.4 -23.1091 147
      vertex 41.4 -18 141.913
      vertex 41.4 -35.5 147
    endloop
  endfacet
  facet normal -1 0 0
    outer loop
      vertex 41.4 -22.9132 30.0061
      vertex 41.4 -18.1235 33.9412
      vertex 41.4 -18.2025 33.6244
    endloop
  endfacet
  facet normal -1 -0 -0
    outer loop
      vertex 41.4 -22.8913 146.99
      vertex 41.4 -18.0061 142.087
      vertex 41.4 -23.1091 147
    endloop
  endfacet
  facet normal -1 0 0
    outer loop
      vertex 41.4 -22.9132 30.0061
      vertex 41.4 -18.2025 33.6244
      vertex 41.4 -18.3101 33.293
    endloop
  endfacet
  facet normal -1 0 0
    outer loop
      vertex 41.4 -18.0061 142.087
      vertex 41.4 -22.8913 146.99
      vertex 41.4 -18.0365 142.522
    endloop
  endfacet
  facet normal -1 0 0
    outer loop
      vertex 41.4 -22.9132 30.0061
      vertex 41.4 -18.3101 33.293
      vertex 41.4 -18.4406 32.9701
    endloop
  endfacet
  facet normal -1 0 0
    outer loop
      vertex 41.4 -18.0365 142.522
      vertex 41.4 -22.8913 146.99
      vertex 41.4 -18.0849 142.867
    endloop
  endfacet
  facet normal -1 0 0
    outer loop
      vertex 41.4 -22.9132 30.0061
      vertex 41.4 -18.4406 32.9701
      vertex 41.4 -18.5933 32.6569
    endloop
  endfacet
  facet normal -1 0 0
    outer loop
      vertex 41.4 -18.0849 142.867
      vertex 41.4 -22.8913 146.99
      vertex 41.4 -18.1574 143.207
    endloop
  endfacet
  facet normal -1 0 0
    outer loop
      vertex 41.4 -22.9132 30.0061
      vertex 41.4 -18.5933 32.6569
      vertex 41.4 -18.7676 32.3552
    endloop
  endfacet
  facet normal -1 0 0
    outer loop
      vertex 41.4 -18.1574 143.207
      vertex 41.4 -22.8913 146.99
      vertex 41.4 -18.2534 143.542
    endloop
  endfacet
  facet normal -1 0 0
    outer loop
      vertex 41.4 -22.9132 30.0061
      vertex 41.4 -18.7676 32.3552
      vertex 41.4 -18.9623 32.0665
    endloop
  endfacet
  facet normal -1 0 0
    outer loop
      vertex 41.4 -18.2534 143.542
      vertex 41.4 -22.8913 146.99
      vertex 41.4 -18.3725 143.869
    endloop
  endfacet
  facet normal -1 0 0
    outer loop
      vertex 41.4 -22.9132 30.0061
      vertex 41.4 -18.9623 32.0665
      vertex 41.4 -19.1767 31.792
    endloop
  endfacet
  facet normal -1 0 0
    outer loop
      vertex 41.4 -18.3725 143.869
      vertex 41.4 -22.8913 146.99
      vertex 41.4 -18.5142 144.188
    endloop
  endfacet
  facet normal -1 0 0
    outer loop
      vertex 41.4 -22.9132 30.0061
      vertex 41.4 -19.1767 31.792
      vertex 41.4 -19.4099 31.5331
    endloop
  endfacet
  facet normal -1 0 0
    outer loop
      vertex 41.4 -18.5142 144.188
      vertex 41.4 -22.8913 146.99
      vertex 41.4 -18.6779 144.496
    endloop
  endfacet
  facet normal -1 0 0
    outer loop
      vertex 41.4 -22.9132 30.0061
      vertex 41.4 -19.4099 31.5331
      vertex 41.4 -19.6604 31.2911
    endloop
  endfacet
  facet normal -1 0 0
    outer loop
      vertex 41.4 -18.6779 144.496
      vertex 41.4 -22.8913 146.99
      vertex 41.4 -18.8624 144.791
    endloop
  endfacet
  facet normal -1 0 0
    outer loop
      vertex 41.4 -22.9132 30.0061
      vertex 41.4 -19.6604 31.2911
      vertex 41.4 -19.9274 31.0671
    endloop
  endfacet
  facet normal -1 0 0
    outer loop
      vertex 41.4 -18.8624 144.791
      vertex 41.4 -22.8913 146.99
      vertex 41.4 -19.0671 145.073
    endloop
  endfacet
  facet normal -1 0 0
    outer loop
      vertex 41.4 -22.9132 30.0061
      vertex 41.4 -19.9274 31.0671
      vertex 41.4 -20.2092 30.8624
    endloop
  endfacet
  facet normal -1 0 0
    outer loop
      vertex 41.4 -19.0671 145.073
      vertex 41.4 -22.8913 146.99
      vertex 41.4 -19.2911 145.34
    endloop
  endfacet
  facet normal -1 0 0
    outer loop
      vertex 41.4 -22.9132 30.0061
      vertex 41.4 -20.2092 30.8624
      vertex 41.4 -20.5044 30.6779
    endloop
  endfacet
  facet normal -1 0 0
    outer loop
      vertex 41.4 -19.2911 145.34
      vertex 41.4 -22.8913 146.99
      vertex 41.4 -19.5331 145.59
    endloop
  endfacet
  facet normal -1 0 0
    outer loop
      vertex 41.4 -22.9132 30.0061
      vertex 41.4 -20.5044 30.6779
      vertex 41.4 -20.8122 30.5142
    endloop
  endfacet
  facet normal -1 0 0
    outer loop
      vertex 41.4 -19.5331 145.59
      vertex 41.4 -22.8913 146.99
      vertex 41.4 -19.792 145.823
    endloop
  endfacet
  facet normal -1 0 0
    outer loop
      vertex 41.4 -22.9132 30.0061
      vertex 41.4 -20.8122 30.5142
      vertex 41.4 -21.1305 30.3725
    endloop
  endfacet
  facet normal -1 -0 -0
    outer loop
      vertex 41.4 -22.3275 146.941
      vertex 41.4 -19.792 145.823
      vertex 41.4 -22.8913 146.99
    endloop
  endfacet
  facet normal -1 0 0
    outer loop
      vertex 41.4 -22.9132 30.0061
      vertex 41.4 -21.1305 30.3725
      vertex 41.4 -21.4576 30.2534
    endloop
  endfacet
  facet normal -1 0 0
    outer loop
      vertex 41.4 -19.792 145.823
      vertex 41.4 -22.3275 146.941
      vertex 41.4 -20.0665 146.038
    endloop
  endfacet
  facet normal -1 0 0
    outer loop
      vertex 41.4 -22.9132 30.0061
      vertex 41.4 -21.4576 30.2534
      vertex 41.4 -21.7927 30.1574
    endloop
  endfacet
  facet normal -1 0 0
    outer loop
      vertex 41.4 -18 35.1091
      vertex 41.4 -23.087 30
      vertex 41.4 -35.5 30
    endloop
  endfacet
  facet normal -1 0 0
    outer loop
      vertex 41.4 -22.9132 30.0061
      vertex 41.4 -21.7927 30.1574
      vertex 41.4 -22.1334 30.0849
    endloop
  endfacet
  facet normal -1 0 0
    outer loop
      vertex 41.4 -20.0665 146.038
      vertex 41.4 -22.3275 146.941
      vertex 41.4 -20.3552 146.232
    endloop
  endfacet
  facet normal -1 0 0
    outer loop
      vertex 41.4 -22.9132 30.0061
      vertex 41.4 -22.1334 30.0849
      vertex 41.4 -22.4782 30.0365
    endloop
  endfacet
  facet normal -1 0 0
    outer loop
      vertex 41.4 -20.9701 146.559
      vertex 41.4 -22.3275 146.941
      vertex 41.4 -21.293 146.69
    endloop
  endfacet
  facet normal -1 0 0
    outer loop
      vertex 41.4 -18.0095 34.8913
      vertex 41.4 -22.9132 30.0061
      vertex 41.4 -23.087 30
    endloop
  endfacet
  facet normal -1 0 0
    outer loop
      vertex 41.4 -21.293 146.69
      vertex 41.4 -22.3275 146.941
      vertex 41.4 -21.6244 146.798
    endloop
  endfacet
  facet normal -1 0 0
    outer loop
      vertex 41.4 -21.6244 146.798
      vertex 41.4 -22.3275 146.941
      vertex 41.4 -21.9412 146.877
    endloop
  endfacet
  facet normal -1 0 0
    outer loop
      vertex 41.4 -20.3552 146.232
      vertex 41.4 -22.3275 146.941
      vertex 41.4 -20.6569 146.407
    endloop
  endfacet
  facet normal -1 0 0
    outer loop
      vertex 41.4 -20.6569 146.407
      vertex 41.4 -22.3275 146.941
      vertex 41.4 -20.9701 146.559
    endloop
  endfacet
  facet normal -1 0 0
    outer loop
      vertex 41.4 -18 141.913
      vertex 41.4 -23.1091 147
      vertex 41.4 -18.0061 142.087
    endloop
  endfacet
  facet normal -1 -0 0
    outer loop
      vertex 41.4 -18 35.1091
      vertex 41.4 -36.3682 29.924
      vertex 41.4 -36.1959 147.049
    endloop
  endfacet
  facet normal -1 0 0
    outer loop
      vertex 41.4 -36.3682 29.924
      vertex 41.4 -36.8782 147.194
      vertex 41.4 -36.1959 147.049
    endloop
  endfacet
  facet normal -1 0 0
    outer loop
      vertex 41.4 -37.0451 29.7553
      vertex 41.4 -36.8782 147.194
      vertex 41.4 -36.3682 29.924
    endloop
  endfacet
  facet normal -1 0 0
    outer loop
      vertex 41.4 -37.0451 29.7553
      vertex 41.4 -37.5337 147.432
      vertex 41.4 -36.8782 147.194
    endloop
  endfacet
  facet normal -1 0 0
    outer loop
      vertex 41.4 -37.6918 29.494
      vertex 41.4 -37.5337 147.432
      vertex 41.4 -37.0451 29.7553
    endloop
  endfacet
  facet normal -1 0 0
    outer loop
      vertex 41.4 -37.6918 29.494
      vertex 41.4 -38.1496 147.76
      vertex 41.4 -37.5337 147.432
    endloop
  endfacet
  facet normal -1 0 0
    outer loop
      vertex 41.4 -38.296 29.1452
      vertex 41.4 -38.1496 147.76
      vertex 41.4 -37.6918 29.494
    endloop
  endfacet
  facet normal -1 0 0
    outer loop
      vertex 41.4 -38.296 29.1452
      vertex 41.4 -38.7139 148.17
      vertex 41.4 -38.1496 147.76
    endloop
  endfacet
  facet normal -1 0 0
    outer loop
      vertex 41.4 -38.8457 28.7157
      vertex 41.4 -38.7139 148.17
      vertex 41.4 -38.296 29.1452
    endloop
  endfacet
  facet normal -1 0 0
    outer loop
      vertex 41.4 -38.8457 28.7157
      vertex 41.4 -39.2157 148.654
      vertex 41.4 -38.7139 148.17
    endloop
  endfacet
  facet normal -1 0 0
    outer loop
      vertex 41.4 -39.3302 28.2139
      vertex 41.4 -39.2157 148.654
      vertex 41.4 -38.8457 28.7157
    endloop
  endfacet
  facet normal -1 0 0
    outer loop
      vertex 41.4 -39.3302 28.2139
      vertex 41.4 -39.6452 149.204
      vertex 41.4 -39.2157 148.654
    endloop
  endfacet
  facet normal -1 0 0
    outer loop
      vertex 41.4 -39.7402 27.6496
      vertex 41.4 -39.6452 149.204
      vertex 41.4 -39.3302 28.2139
    endloop
  endfacet
  facet normal -1 0 0
    outer loop
      vertex 41.4 -39.7402 27.6496
      vertex 41.4 -39.994 149.808
      vertex 41.4 -39.6452 149.204
    endloop
  endfacet
  facet normal -1 0 0
    outer loop
      vertex 41.4 -40.0677 27.0337
      vertex 41.4 -39.994 149.808
      vertex 41.4 -39.7402 27.6496
    endloop
  endfacet
  facet normal -1 0 0
    outer loop
      vertex 41.4 -40.0677 27.0337
      vertex 41.4 -40.2553 150.455
      vertex 41.4 -39.994 149.808
    endloop
  endfacet
  facet normal -1 0 0
    outer loop
      vertex 41.4 -40.3063 26.3782
      vertex 41.4 -40.2553 150.455
      vertex 41.4 -40.0677 27.0337
    endloop
  endfacet
  facet normal -1 0 0
    outer loop
      vertex 41.4 -40.3063 26.3782
      vertex 41.4 -40.424 151.132
      vertex 41.4 -40.2553 150.455
    endloop
  endfacet
  facet normal -1 0 0
    outer loop
      vertex 41.4 -40.4513 25.6959
      vertex 41.4 -40.424 151.132
      vertex 41.4 -40.3063 26.3782
    endloop
  endfacet
  facet normal -1 0 0
    outer loop
      vertex 41.4 -40.5 152
      vertex 41.4 -40.4513 25.6959
      vertex 41.4 -40.5 25
    endloop
  endfacet
  facet normal -1 0 0
    outer loop
      vertex 41.4 -40.4513 25.6959
      vertex 41.4 -40.5 152
      vertex 41.4 -40.424 151.132
    endloop
  endfacet
  facet normal -1 0 0
    outer loop
      vertex 41.4 38.7139 170.83
      vertex 41.4 39 174
      vertex 41.4 39 170.554
    endloop
  endfacet
  facet normal -1 0 0
    outer loop
      vertex 41.4 38.1496 171.24
      vertex 41.4 39 174
      vertex 41.4 38.7139 170.83
    endloop
  endfacet
  facet normal -1 0 0
    outer loop
      vertex 41.4 37.5337 171.568
      vertex 41.4 39 174
      vertex 41.4 38.1496 171.24
    endloop
  endfacet
  facet normal -1 0 0
    outer loop
      vertex 41.4 36.8782 171.806
      vertex 41.4 39 174
      vertex 41.4 37.5337 171.568
    endloop
  endfacet
  facet normal -1 0 0
    outer loop
      vertex 41.4 36.1959 171.951
      vertex 41.4 39 174
      vertex 41.4 36.8782 171.806
    endloop
  endfacet
  facet normal -1 0 0
    outer loop
      vertex 41.4 35.5 172
      vertex 41.4 39 174
      vertex 41.4 36.1959 171.951
    endloop
  endfacet
  facet normal -1 0 0
    outer loop
      vertex 41.4 -35.5 172
      vertex 41.4 39 174
      vertex 41.4 35.5 172
    endloop
  endfacet
  facet normal -1 0 0
    outer loop
      vertex 41.4 -35.5 172
      vertex 41.4 -41.4 174
      vertex 41.4 39 174
    endloop
  endfacet
  facet normal -1 0 0
    outer loop
      vertex 41.4 -36.3682 171.924
      vertex 41.4 -41.4 174
      vertex 41.4 -35.5 172
    endloop
  endfacet
  facet normal -1 0 0
    outer loop
      vertex 41.4 -37.0451 171.755
      vertex 41.4 -41.4 174
      vertex 41.4 -36.3682 171.924
    endloop
  endfacet
  facet normal -1 0 0
    outer loop
      vertex 41.4 -37.6918 171.494
      vertex 41.4 -41.4 174
      vertex 41.4 -37.0451 171.755
    endloop
  endfacet
  facet normal -1 0 0
    outer loop
      vertex 41.4 -38.296 171.145
      vertex 41.4 -41.4 174
      vertex 41.4 -37.6918 171.494
    endloop
  endfacet
  facet normal -1 0 0
    outer loop
      vertex 41.4 -38.8457 170.716
      vertex 41.4 -41.4 174
      vertex 41.4 -38.296 171.145
    endloop
  endfacet
  facet normal -1 0 0
    outer loop
      vertex 41.4 -39.3302 170.214
      vertex 41.4 -41.4 174
      vertex 41.4 -38.8457 170.716
    endloop
  endfacet
  facet normal -1 0 0
    outer loop
      vertex 41.4 -39.7402 169.65
      vertex 41.4 -41.4 174
      vertex 41.4 -39.3302 170.214
    endloop
  endfacet
  facet normal -1 0 0
    outer loop
      vertex 41.4 -40.0677 169.034
      vertex 41.4 -41.4 174
      vertex 41.4 -39.7402 169.65
    endloop
  endfacet
  facet normal -1 0 0
    outer loop
      vertex 41.4 -40.3063 168.378
      vertex 41.4 -41.4 174
      vertex 41.4 -40.0677 169.034
    endloop
  endfacet
  facet normal -1 0 0
    outer loop
      vertex 41.4 -40.4513 167.696
      vertex 41.4 -41.4 174
      vertex 41.4 -40.3063 168.378
    endloop
  endfacet
  facet normal -1 0 0
    outer loop
      vertex 41.4 -40.5 167
      vertex 41.4 -41.4 174
      vertex 41.4 -40.4513 167.696
    endloop
  endfacet
  facet normal -1 0 0
    outer loop
      vertex 41.4 -40.5 152
      vertex 41.4 -41.4 174
      vertex 41.4 -40.5 167
    endloop
  endfacet
  facet normal -1 0 0
    outer loop
      vertex 41.4 39 28.554
      vertex 41.4 38.8457 148.284
      vertex 41.4 39 148.444
    endloop
  endfacet
  facet normal -1 0 0
    outer loop
      vertex 41.4 38.7139 28.8302
      vertex 41.4 38.8457 148.284
      vertex 41.4 39 28.554
    endloop
  endfacet
  facet normal -1 0 0
    outer loop
      vertex 41.4 38.7139 28.8302
      vertex 41.4 38.296 147.855
      vertex 41.4 38.8457 148.284
    endloop
  endfacet
  facet normal -1 0 0
    outer loop
      vertex 41.4 38.1496 29.2402
      vertex 41.4 38.296 147.855
      vertex 41.4 38.7139 28.8302
    endloop
  endfacet
  facet normal -1 0 0
    outer loop
      vertex 41.4 38.1496 29.2402
      vertex 41.4 37.6918 147.506
      vertex 41.4 38.296 147.855
    endloop
  endfacet
  facet normal -1 0 0
    outer loop
      vertex 41.4 37.5337 29.5677
      vertex 41.4 37.6918 147.506
      vertex 41.4 38.1496 29.2402
    endloop
  endfacet
  facet normal -1 0 0
    outer loop
      vertex 41.4 37.5337 29.5677
      vertex 41.4 37.0451 147.245
      vertex 41.4 37.6918 147.506
    endloop
  endfacet
  facet normal -1 0 0
    outer loop
      vertex 41.4 36.8782 29.8063
      vertex 41.4 37.0451 147.245
      vertex 41.4 37.5337 29.5677
    endloop
  endfacet
  facet normal -1 0 0
    outer loop
      vertex 41.4 36.8782 29.8063
      vertex 41.4 36.3682 147.076
      vertex 41.4 37.0451 147.245
    endloop
  endfacet
  facet normal -1 0 0
    outer loop
      vertex 41.4 36.1959 29.9513
      vertex 41.4 36.3682 147.076
      vertex 41.4 36.8782 29.8063
    endloop
  endfacet
  facet normal -1 0 0
    outer loop
      vertex 41.4 18 35.087
      vertex 41.4 36.1959 29.9513
      vertex 41.4 35.5 30
    endloop
  endfacet
  facet normal -1 0 0
    outer loop
      vertex 41.4 36.1959 29.9513
      vertex 41.4 18 35.087
      vertex 41.4 36.3682 147.076
    endloop
  endfacet
  facet normal -1 0 0
    outer loop
      vertex 41.4 18 35.087
      vertex 41.4 35.5 30
      vertex 41.4 23.1091 30
    endloop
  endfacet
  facet normal -1 0 0
    outer loop
      vertex 41.4 18 141.891
      vertex 41.4 36.3682 147.076
      vertex 41.4 18 35.087
    endloop
  endfacet
  facet normal -1 -0 0
    outer loop
      vertex 41.4 35.5 147
      vertex 41.4 18 141.891
      vertex 41.4 23.087 147
    endloop
  endfacet
  facet normal -1 0 0
    outer loop
      vertex 41.4 18 35.087
      vertex 41.4 23.1091 30
      vertex 41.4 22.8913 30.0095
    endloop
  endfacet
  facet normal -1 0 0
    outer loop
      vertex 41.4 23.087 147
      vertex 41.4 18 141.891
      vertex 41.4 22.9132 146.994
    endloop
  endfacet
  facet normal -1 0 0
    outer loop
      vertex 41.4 18.0061 34.9132
      vertex 41.4 22.8913 30.0095
      vertex 41.4 22.3275 30.0588
    endloop
  endfacet
  facet normal -1 0 0
    outer loop
      vertex 41.4 36.3682 147.076
      vertex 41.4 18 141.891
      vertex 41.4 35.5 147
    endloop
  endfacet
  facet normal -1 0 0
    outer loop
      vertex 41.4 18.0061 34.9132
      vertex 41.4 22.3275 30.0588
      vertex 41.4 21.9412 30.1235
    endloop
  endfacet
  facet normal -1 0 -0
    outer loop
      vertex 41.4 18.0095 142.109
      vertex 41.4 22.9132 146.994
      vertex 41.4 18 141.891
    endloop
  endfacet
  facet normal -1 0 0
    outer loop
      vertex 41.4 18.0061 34.9132
      vertex 41.4 21.9412 30.1235
      vertex 41.4 21.6244 30.2025
    endloop
  endfacet
  facet normal -1 0 0
    outer loop
      vertex 41.4 22.9132 146.994
      vertex 41.4 18.0095 142.109
      vertex 41.4 22.4782 146.964
    endloop
  endfacet
  facet normal -1 0 0
    outer loop
      vertex 41.4 18.0061 34.9132
      vertex 41.4 21.6244 30.2025
      vertex 41.4 21.293 30.3101
    endloop
  endfacet
  facet normal -1 0 0
    outer loop
      vertex 41.4 22.4782 146.964
      vertex 41.4 18.0095 142.109
      vertex 41.4 22.1334 146.915
    endloop
  endfacet
  facet normal -1 0 0
    outer loop
      vertex 41.4 18.0061 34.9132
      vertex 41.4 21.293 30.3101
      vertex 41.4 20.9701 30.4406
    endloop
  endfacet
  facet normal -1 0 0
    outer loop
      vertex 41.4 22.1334 146.915
      vertex 41.4 18.0095 142.109
      vertex 41.4 21.7927 146.843
    endloop
  endfacet
  facet normal -1 0 0
    outer loop
      vertex 41.4 18.0061 34.9132
      vertex 41.4 20.9701 30.4406
      vertex 41.4 20.6569 30.5933
    endloop
  endfacet
  facet normal -1 0 0
    outer loop
      vertex 41.4 21.7927 146.843
      vertex 41.4 18.0095 142.109
      vertex 41.4 21.4576 146.747
    endloop
  endfacet
  facet normal -1 0 0
    outer loop
      vertex 41.4 18.0061 34.9132
      vertex 41.4 20.6569 30.5933
      vertex 41.4 20.3552 30.7676
    endloop
  endfacet
  facet normal -1 0 0
    outer loop
      vertex 41.4 21.4576 146.747
      vertex 41.4 18.0095 142.109
      vertex 41.4 21.1305 146.627
    endloop
  endfacet
  facet normal -1 0 0
    outer loop
      vertex 41.4 18.0061 34.9132
      vertex 41.4 20.3552 30.7676
      vertex 41.4 20.0665 30.9623
    endloop
  endfacet
  facet normal -1 0 0
    outer loop
      vertex 41.4 21.1305 146.627
      vertex 41.4 18.0095 142.109
      vertex 41.4 20.8122 146.486
    endloop
  endfacet
  facet normal -1 0 0
    outer loop
      vertex 41.4 18.0061 34.9132
      vertex 41.4 20.0665 30.9623
      vertex 41.4 19.792 31.1767
    endloop
  endfacet
  facet normal -1 0 0
    outer loop
      vertex 41.4 20.8122 146.486
      vertex 41.4 18.0095 142.109
      vertex 41.4 20.5044 146.322
    endloop
  endfacet
  facet normal -1 0 0
    outer loop
      vertex 41.4 18.0061 34.9132
      vertex 41.4 19.792 31.1767
      vertex 41.4 19.5331 31.4099
    endloop
  endfacet
  facet normal -1 0 0
    outer loop
      vertex 41.4 20.5044 146.322
      vertex 41.4 18.0095 142.109
      vertex 41.4 20.2092 146.138
    endloop
  endfacet
  facet normal -1 0 0
    outer loop
      vertex 41.4 18.0061 34.9132
      vertex 41.4 19.5331 31.4099
      vertex 41.4 19.2911 31.6604
    endloop
  endfacet
  facet normal -1 0 0
    outer loop
      vertex 41.4 20.2092 146.138
      vertex 41.4 18.0095 142.109
      vertex 41.4 19.9274 145.933
    endloop
  endfacet
  facet normal -1 0 0
    outer loop
      vertex 41.4 18.0061 34.9132
      vertex 41.4 19.2911 31.6604
      vertex 41.4 19.0671 31.9274
    endloop
  endfacet
  facet normal -1 0 0
    outer loop
      vertex 41.4 19.9274 145.933
      vertex 41.4 18.0095 142.109
      vertex 41.4 19.6604 145.709
    endloop
  endfacet
  facet normal -1 0 0
    outer loop
      vertex 41.4 18.0061 34.9132
      vertex 41.4 19.0671 31.9274
      vertex 41.4 18.8624 32.2092
    endloop
  endfacet
  facet normal -1 0 0
    outer loop
      vertex 41.4 19.6604 145.709
      vertex 41.4 18.0095 142.109
      vertex 41.4 19.4099 145.467
    endloop
  endfacet
  facet normal -1 0 0
    outer loop
      vertex 41.4 18.0061 34.9132
      vertex 41.4 18.8624 32.2092
      vertex 41.4 18.6779 32.5044
    endloop
  endfacet
  facet normal -1 0 0
    outer loop
      vertex 41.4 19.4099 145.467
      vertex 41.4 18.0095 142.109
      vertex 41.4 19.1767 145.208
    endloop
  endfacet
  facet normal -1 0 0
    outer loop
      vertex 41.4 18.0061 34.9132
      vertex 41.4 18.6779 32.5044
      vertex 41.4 18.5142 32.8122
    endloop
  endfacet
  facet normal -1 0 -0
    outer loop
      vertex 41.4 18.0588 142.673
      vertex 41.4 19.1767 145.208
      vertex 41.4 18.0095 142.109
    endloop
  endfacet
  facet normal -1 0 0
    outer loop
      vertex 41.4 18.0061 34.9132
      vertex 41.4 18.5142 32.8122
      vertex 41.4 18.3725 33.1305
    endloop
  endfacet
  facet normal -1 0 0
    outer loop
      vertex 41.4 19.1767 145.208
      vertex 41.4 18.0588 142.673
      vertex 41.4 18.9623 144.934
    endloop
  endfacet
  facet normal -1 0 0
    outer loop
      vertex 41.4 18.0061 34.9132
      vertex 41.4 18.3725 33.1305
      vertex 41.4 18.2534 33.4576
    endloop
  endfacet
  facet normal -1 0 0
    outer loop
      vertex 41.4 18.9623 144.934
      vertex 41.4 18.0588 142.673
      vertex 41.4 18.7676 144.645
    endloop
  endfacet
  facet normal -1 0 0
    outer loop
      vertex 41.4 18.0061 34.9132
      vertex 41.4 18.2534 33.4576
      vertex 41.4 18.1574 33.7927
    endloop
  endfacet
  facet normal -1 0 0
    outer loop
      vertex 41.4 18.7676 144.645
      vertex 41.4 18.0588 142.673
      vertex 41.4 18.5933 144.343
    endloop
  endfacet
  facet normal -1 0 0
    outer loop
      vertex 41.4 18.0061 34.9132
      vertex 41.4 18.1574 33.7927
      vertex 41.4 18.0849 34.1334
    endloop
  endfacet
  facet normal -1 0 0
    outer loop
      vertex 41.4 18.5933 144.343
      vertex 41.4 18.0588 142.673
      vertex 41.4 18.4406 144.03
    endloop
  endfacet
  facet normal -1 0 0
    outer loop
      vertex 41.4 18.0061 34.9132
      vertex 41.4 18.0849 34.1334
      vertex 41.4 18.0365 34.4782
    endloop
  endfacet
  facet normal -1 0 0
    outer loop
      vertex 41.4 18.4406 144.03
      vertex 41.4 18.0588 142.673
      vertex 41.4 18.3101 143.707
    endloop
  endfacet
  facet normal -1 0 0
    outer loop
      vertex 41.4 22.8913 30.0095
      vertex 41.4 18.0061 34.9132
      vertex 41.4 18 35.087
    endloop
  endfacet
  facet normal -1 0 0
    outer loop
      vertex 41.4 18.3101 143.707
      vertex 41.4 18.0588 142.673
      vertex 41.4 18.2025 143.376
    endloop
  endfacet
  facet normal -1 0 0
    outer loop
      vertex 41.4 18.2025 143.376
      vertex 41.4 18.0588 142.673
      vertex 41.4 18.1235 143.059
    endloop
  endfacet
  facet normal 0 -1 0
    outer loop
      vertex -41.4 39 174
      vertex 31 39 170.554
      vertex 41.4 39 174
    endloop
  endfacet
  facet normal 0 -1 0
    outer loop
      vertex -41.4 39 174
      vertex 31 39 148.444
      vertex 31 39 170.554
    endloop
  endfacet
  facet normal 0 -1 0
    outer loop
      vertex 31 39 148.444
      vertex 31 39 28.554
      vertex 41.4 39 148.444
    endloop
  endfacet
  facet normal 0 -1 0
    outer loop
      vertex -41.4 39 174
      vertex 31 39 28.554
      vertex 31 39 148.444
    endloop
  endfacet
  facet normal 0 -1 0
    outer loop
      vertex -41.4 39 3
      vertex 31 39 28.554
      vertex -41.4 39 174
    endloop
  endfacet
  facet normal 0 -1 -0
    outer loop
      vertex 31 39 28.554
      vertex -41.4 39 3
      vertex 31 39 6.4441
    endloop
  endfacet
  facet normal 0 -1 0
    outer loop
      vertex 41.4 39 3
      vertex 31 39 6.4441
      vertex -41.4 39 3
    endloop
  endfacet
  facet normal 0 -1 0
    outer loop
      vertex 31 39 6.4441
      vertex 41.4 39 3
      vertex 41.4 39 6.4441
    endloop
  endfacet
  facet normal 0 -1 -0
    outer loop
      vertex 41.4 39 174
      vertex 31 39 170.554
      vertex 41.4 39 170.554
    endloop
  endfacet
  facet normal 0 -1 -0
    outer loop
      vertex 41.4 39 148.444
      vertex 31 39 28.554
      vertex 41.4 39 28.554
    endloop
  endfacet
  facet normal -0 0 1
    outer loop
      vertex -41.4 39 3
      vertex 41.4 -41.4 3
      vertex 41.4 39 3
    endloop
  endfacet
  facet normal 0 0 1
    outer loop
      vertex 41.4 -41.4 3
      vertex -41.4 39 3
      vertex -41.4 -41.4 3
    endloop
  endfacet
  facet normal 0 1 -0
    outer loop
      vertex 2.95 -41.4 122.7
      vertex -2.95 -41.4 155.8
      vertex 2.95 -41.4 155.8
    endloop
  endfacet
  facet normal 0 1 0
    outer loop
      vertex -2.95 -41.4 155.8
      vertex 2.95 -41.4 122.7
      vertex -2.95 -41.4 122.7
    endloop
  endfacet
  facet normal 0 1 0
    outer loop
      vertex 2.95 -41.4 155.8
      vertex 41.4 -41.4 174
      vertex 35.6 -41.4 155.8
    endloop
  endfacet
  facet normal 0 1 0
    outer loop
      vertex 41.4 -41.4 174
      vertex 35.6 -41.4 122.7
      vertex 35.6 -41.4 155.8
    endloop
  endfacet
  facet normal 0 1 0
    outer loop
      vertex 41.4 -41.4 3
      vertex 2.95 -41.4 122.7
      vertex 35.6 -41.4 122.7
    endloop
  endfacet
  facet normal 0 1 0
    outer loop
      vertex 2.95 -41.4 122.7
      vertex 41.4 -41.4 3
      vertex -2.95 -41.4 122.7
    endloop
  endfacet
  facet normal 0 1 0
    outer loop
      vertex -41.4 -41.4 3
      vertex -2.95 -41.4 122.7
      vertex 41.4 -41.4 3
    endloop
  endfacet
  facet normal 0 1 -0
    outer loop
      vertex 41.4 -41.4 3
      vertex 35.6 -41.4 122.7
      vertex 41.4 -41.4 174
    endloop
  endfacet
  facet normal 0 1 0
    outer loop
      vertex 41.4 -41.4 174
      vertex 2.95 -41.4 155.8
      vertex -41.4 -41.4 174
    endloop
  endfacet
  facet normal 0 1 -0
    outer loop
      vertex -2.95 -41.4 155.8
      vertex -41.4 -41.4 174
      vertex 2.95 -41.4 155.8
    endloop
  endfacet
  facet normal 0 1 -0
    outer loop
      vertex -35.6 -41.4 155.8
      vertex -41.4 -41.4 174
      vertex -2.95 -41.4 155.8
    endloop
  endfacet
  facet normal 0 1 -0
    outer loop
      vertex -35.6 -41.4 122.7
      vertex -41.4 -41.4 174
      vertex -35.6 -41.4 155.8
    endloop
  endfacet
  facet normal 0 1 0
    outer loop
      vertex -35.6 -41.4 122.7
      vertex -41.4 -41.4 3
      vertex -41.4 -41.4 174
    endloop
  endfacet
  facet normal 0 1 0
    outer loop
      vertex -2.95 -41.4 122.7
      vertex -41.4 -41.4 3
      vertex -35.6 -41.4 122.7
    endloop
  endfacet
  facet normal -1 0 0
    outer loop
      vertex 45.4 39.7402 7.3504
      vertex 45.4 40.08 8
      vertex 45.4 40.0677 7.96632
    endloop
  endfacet
  facet normal -1 0 0
    outer loop
      vertex 45.4 39.3302 6.78606
      vertex 45.4 40.08 8
      vertex 45.4 39.7402 7.3504
    endloop
  endfacet
  facet normal -1 0 0
    outer loop
      vertex 45.4 38.8457 6.28427
      vertex 45.4 40.08 8
      vertex 45.4 39.3302 6.78606
    endloop
  endfacet
  facet normal -1 0 0
    outer loop
      vertex 45.4 38.296 5.85481
      vertex 45.4 40.08 8
      vertex 45.4 38.8457 6.28427
    endloop
  endfacet
  facet normal -1 0 0
    outer loop
      vertex 45.4 37.6918 5.50603
      vertex 45.4 40.08 8
      vertex 45.4 38.296 5.85481
    endloop
  endfacet
  facet normal -1 0 0
    outer loop
      vertex 45.4 37.0451 5.24472
      vertex 45.4 40.08 8
      vertex 45.4 37.6918 5.50603
    endloop
  endfacet
  facet normal -1 0 0
    outer loop
      vertex 45.4 36.3682 5.07596
      vertex 45.4 40.08 8
      vertex 45.4 37.0451 5.24472
    endloop
  endfacet
  facet normal -1 0 0
    outer loop
      vertex 45.4 35.5 5
      vertex 45.4 40.08 8
      vertex 45.4 36.3682 5.07596
    endloop
  endfacet
  facet normal -1 0 0
    outer loop
      vertex 45.4 -35.5 5
      vertex 45.4 40.08 8
      vertex 45.4 35.5 5
    endloop
  endfacet
  facet normal -1 0 0
    outer loop
      vertex 45.4 -40.0715 8
      vertex 45.4 -35.5 5
      vertex 45.4 -36.1959 5.04866
    endloop
  endfacet
  facet normal -1 0 0
    outer loop
      vertex 45.4 -40.0715 8
      vertex 45.4 -36.1959 5.04866
      vertex 45.4 -36.8782 5.1937
    endloop
  endfacet
  facet normal -1 0 0
    outer loop
      vertex 45.4 -40.0715 8
      vertex 45.4 -36.8782 5.1937
      vertex 45.4 -37.5337 5.43227
    endloop
  endfacet
  facet normal -1 0 0
    outer loop
      vertex 45.4 -40.0715 8
      vertex 45.4 -37.5337 5.43227
      vertex 45.4 -38.1496 5.75977
    endloop
  endfacet
  facet normal -1 0 0
    outer loop
      vertex 45.4 -40.0715 8
      vertex 45.4 -38.1496 5.75977
      vertex 45.4 -38.7139 6.16978
    endloop
  endfacet
  facet normal -1 0 0
    outer loop
      vertex 45.4 -40.0715 8
      vertex 45.4 -38.7139 6.16978
      vertex 45.4 -39.2157 6.65434
    endloop
  endfacet
  facet normal -1 0 0
    outer loop
      vertex 45.4 -40.0715 8
      vertex 45.4 -39.2157 6.65434
      vertex 45.4 -39.6452 7.20404
    endloop
  endfacet
  facet normal -1 0 0
    outer loop
      vertex 45.4 -40.0715 8
      vertex 45.4 -39.6452 7.20404
      vertex 45.4 -39.994 7.80815
    endloop
  endfacet
  facet normal -1 0 0
    outer loop
      vertex 45.4 -35.5 5
      vertex 45.4 -40.0715 8
      vertex 45.4 40.08 8
    endloop
  endfacet
  facet normal 1 0 0
    outer loop
      vertex 31 39 148.444
      vertex 31 40.5 152
      vertex 31 40.5 167
    endloop
  endfacet
  facet normal 1 0 0
    outer loop
      vertex 31 39 170.554
      vertex 31 40.5 167
      vertex 31 40.424 167.868
    endloop
  endfacet
  facet normal 1 0 0
    outer loop
      vertex 31 39 148.444
      vertex 31 40.5 167
      vertex 31 39 170.554
    endloop
  endfacet
  facet normal 1 0 0
    outer loop
      vertex 31 39 170.554
      vertex 31 40.424 167.868
      vertex 31 40.2553 168.545
    endloop
  endfacet
  facet normal 1 0 0
    outer loop
      vertex 31 40.5 152
      vertex 31 39 148.444
      vertex 31 40.4513 151.304
    endloop
  endfacet
  facet normal 1 0 0
    outer loop
      vertex 31 39 170.554
      vertex 31 40.2553 168.545
      vertex 31 39.994 169.192
    endloop
  endfacet
  facet normal 1 0 0
    outer loop
      vertex 31 40.4513 151.304
      vertex 31 39 148.444
      vertex 31 40.3063 150.622
    endloop
  endfacet
  facet normal 1 0 0
    outer loop
      vertex 31 39 170.554
      vertex 31 39.994 169.192
      vertex 31 39.6452 169.796
    endloop
  endfacet
  facet normal 1 0 0
    outer loop
      vertex 31 40.3063 150.622
      vertex 31 39 148.444
      vertex 31 40.0677 149.966
    endloop
  endfacet
  facet normal 1 0 0
    outer loop
      vertex 31 39 170.554
      vertex 31 39.6452 169.796
      vertex 31 39.2157 170.346
    endloop
  endfacet
  facet normal 1 0 0
    outer loop
      vertex 31 40.0677 149.966
      vertex 31 39 148.444
      vertex 31 39.7402 149.35
    endloop
  endfacet
  facet normal 1 0 0
    outer loop
      vertex 31 39.7402 149.35
      vertex 31 39 148.444
      vertex 31 39.3302 148.786
    endloop
  endfacet
  facet normal 1 0 0
    outer loop
      vertex 31 39 6.4441
      vertex 31 40.5 10
      vertex 31 40.5 25
    endloop
  endfacet
  facet normal 1 0 0
    outer loop
      vertex 31 39 28.554
      vertex 31 40.5 25
      vertex 31 40.424 25.8682
    endloop
  endfacet
  facet normal 1 0 0
    outer loop
      vertex 31 39 6.4441
      vertex 31 40.5 25
      vertex 31 39 28.554
    endloop
  endfacet
  facet normal 1 0 0
    outer loop
      vertex 31 39 28.554
      vertex 31 40.424 25.8682
      vertex 31 40.2553 26.5451
    endloop
  endfacet
  facet normal 1 0 0
    outer loop
      vertex 31 40.5 10
      vertex 31 39 6.4441
      vertex 31 40.4513 9.30414
    endloop
  endfacet
  facet normal 1 0 0
    outer loop
      vertex 31 39 28.554
      vertex 31 40.2553 26.5451
      vertex 31 39.994 27.1918
    endloop
  endfacet
  facet normal 1 0 0
    outer loop
      vertex 31 40.4513 9.30414
      vertex 31 39 6.4441
      vertex 31 40.3063 8.62181
    endloop
  endfacet
  facet normal 1 0 0
    outer loop
      vertex 31 39 28.554
      vertex 31 39.994 27.1918
      vertex 31 39.6452 27.796
    endloop
  endfacet
  facet normal 1 0 0
    outer loop
      vertex 31 40.3063 8.62181
      vertex 31 39 6.4441
      vertex 31 40.0677 7.96632
    endloop
  endfacet
  facet normal 1 0 0
    outer loop
      vertex 31 39 28.554
      vertex 31 39.6452 27.796
      vertex 31 39.2157 28.3457
    endloop
  endfacet
  facet normal 1 0 0
    outer loop
      vertex 31 40.0677 7.96632
      vertex 31 39 6.4441
      vertex 31 39.7402 7.3504
    endloop
  endfacet
  facet normal 1 0 0
    outer loop
      vertex 31 39.7402 7.3504
      vertex 31 39 6.4441
      vertex 31 39.3302 6.78606
    endloop
  endfacet
  facet normal 0 0.978156 -0.207874
    outer loop
      vertex 45 -40.4513 25.6959
      vertex 41.4 -40.3063 26.3782
      vertex 45 -40.3063 26.3782
    endloop
  endfacet
  facet normal 0 0.978156 -0.207874
    outer loop
      vertex 41.4 -40.3063 26.3782
      vertex 45 -40.4513 25.6959
      vertex 41.4 -40.4513 25.6959
    endloop
  endfacet
  facet normal 0 0.939685 -0.342042
    outer loop
      vertex 45 -40.3063 26.3782
      vertex 41.4 -40.0677 27.0337
      vertex 45 -40.0677 27.0337
    endloop
  endfacet
  facet normal 0 0.939685 -0.342042
    outer loop
      vertex 41.4 -40.0677 27.0337
      vertex 45 -40.3063 26.3782
      vertex 41.4 -40.3063 26.3782
    endloop
  endfacet
  facet normal 0 0.882936 -0.469494
    outer loop
      vertex 45 -40.0677 27.0337
      vertex 41.4 -39.7402 27.6496
      vertex 45 -39.7402 27.6496
    endloop
  endfacet
  facet normal 0 0.882936 -0.469494
    outer loop
      vertex 41.4 -39.7402 27.6496
      vertex 45 -40.0677 27.0337
      vertex 41.4 -40.0677 27.0337
    endloop
  endfacet
  facet normal 0 0.809009 -0.587797
    outer loop
      vertex 45 -39.7402 27.6496
      vertex 41.4 -39.3302 28.2139
      vertex 45 -39.3302 28.2139
    endloop
  endfacet
  facet normal 0 0.809009 -0.587797
    outer loop
      vertex 41.4 -39.3302 28.2139
      vertex 45 -39.7402 27.6496
      vertex 41.4 -39.7402 27.6496
    endloop
  endfacet
  facet normal 0 0.719399 -0.694597
    outer loop
      vertex 45 -39.3302 28.2139
      vertex 41.4 -38.8457 28.7157
      vertex 45 -38.8457 28.7157
    endloop
  endfacet
  facet normal 0 0.719399 -0.694597
    outer loop
      vertex 41.4 -38.8457 28.7157
      vertex 45 -39.3302 28.2139
      vertex 41.4 -39.3302 28.2139
    endloop
  endfacet
  facet normal 0 0.615686 -0.787992
    outer loop
      vertex 41.4 -38.8457 28.7157
      vertex 45 -38.296 29.1452
      vertex 45 -38.8457 28.7157
    endloop
  endfacet
  facet normal 0 0.615686 -0.787992
    outer loop
      vertex 45 -38.296 29.1452
      vertex 41.4 -38.8457 28.7157
      vertex 41.4 -38.296 29.1452
    endloop
  endfacet
  facet normal 0 0.499962 -0.866047
    outer loop
      vertex 41.4 -38.296 29.1452
      vertex 45 -37.6918 29.494
      vertex 45 -38.296 29.1452
    endloop
  endfacet
  facet normal 0 0.499962 -0.866047
    outer loop
      vertex 45 -37.6918 29.494
      vertex 41.4 -38.296 29.1452
      vertex 41.4 -37.6918 29.494
    endloop
  endfacet
  facet normal 0 0.374627 -0.927176
    outer loop
      vertex 41.4 -37.6918 29.494
      vertex 45 -37.0451 29.7553
      vertex 45 -37.6918 29.494
    endloop
  endfacet
  facet normal 0 0.374627 -0.927176
    outer loop
      vertex 45 -37.0451 29.7553
      vertex 41.4 -37.6918 29.494
      vertex 41.4 -37.0451 29.7553
    endloop
  endfacet
  facet normal 0 0.241827 -0.970319
    outer loop
      vertex 41.4 -37.0451 29.7553
      vertex 45 -36.3682 29.924
      vertex 45 -37.0451 29.7553
    endloop
  endfacet
  facet normal 0 0.241827 -0.970319
    outer loop
      vertex 45 -36.3682 29.924
      vertex 41.4 -37.0451 29.7553
      vertex 41.4 -36.3682 29.924
    endloop
  endfacet
  facet normal 0 0.087204 -0.99619
    outer loop
      vertex 41.4 -36.3682 29.924
      vertex 45 -35.5 30
      vertex 45 -36.3682 29.924
    endloop
  endfacet
  facet normal 0 0.087204 -0.99619
    outer loop
      vertex 45 -35.5 30
      vertex 41.4 -36.3682 29.924
      vertex 41.4 -35.5 30
    endloop
  endfacet
  facet normal 0 0 -1
    outer loop
      vertex 41.4 -35.5 30
      vertex 45 -23.087 30
      vertex 45 -35.5 30
    endloop
  endfacet
  facet normal -0 0 -1
    outer loop
      vertex 45 -23.087 30
      vertex 41.4 -35.5 30
      vertex 41.4 -23.087 30
    endloop
  endfacet
  facet normal 0 0.0350762 -0.999385
    outer loop
      vertex 41.4 -23.087 30
      vertex 45 -22.9132 30.0061
      vertex 45 -23.087 30
    endloop
  endfacet
  facet normal 0 0.0350762 -0.999385
    outer loop
      vertex 45 -22.9132 30.0061
      vertex 41.4 -23.087 30
      vertex 41.4 -22.9132 30.0061
    endloop
  endfacet
  facet normal 0 0.069715 -0.997567
    outer loop
      vertex 41.4 -22.9132 30.0061
      vertex 45 -22.4782 30.0365
      vertex 45 -22.9132 30.0061
    endloop
  endfacet
  facet normal 0 0.069715 -0.997567
    outer loop
      vertex 45 -22.4782 30.0365
      vertex 41.4 -22.9132 30.0061
      vertex 41.4 -22.4782 30.0365
    endloop
  endfacet
  facet normal 0 0.139008 -0.990291
    outer loop
      vertex 41.4 -22.4782 30.0365
      vertex 45 -22.1334 30.0849
      vertex 45 -22.4782 30.0365
    endloop
  endfacet
  facet normal 0 0.139008 -0.990291
    outer loop
      vertex 45 -22.1334 30.0849
      vertex 41.4 -22.4782 30.0365
      vertex 41.4 -22.1334 30.0849
    endloop
  endfacet
  facet normal 0 0.208137 -0.9781
    outer loop
      vertex 41.4 -22.1334 30.0849
      vertex 45 -21.7927 30.1574
      vertex 45 -22.1334 30.0849
    endloop
  endfacet
  facet normal 0 0.208137 -0.9781
    outer loop
      vertex 45 -21.7927 30.1574
      vertex 41.4 -22.1334 30.0849
      vertex 41.4 -21.7927 30.1574
    endloop
  endfacet
  facet normal 0 0.275403 -0.961329
    outer loop
      vertex 41.4 -21.7927 30.1574
      vertex 45 -21.4576 30.2534
      vertex 45 -21.7927 30.1574
    endloop
  endfacet
  facet normal 0 0.275403 -0.961329
    outer loop
      vertex 45 -21.4576 30.2534
      vertex 41.4 -21.7927 30.1574
      vertex 41.4 -21.4576 30.2534
    endloop
  endfacet
  facet normal 0 0.342135 -0.939651
    outer loop
      vertex 41.4 -21.4576 30.2534
      vertex 45 -21.1305 30.3725
      vertex 45 -21.4576 30.2534
    endloop
  endfacet
  facet normal 0 0.342135 -0.939651
    outer loop
      vertex 45 -21.1305 30.3725
      vertex 41.4 -21.4576 30.2534
      vertex 41.4 -21.1305 30.3725
    endloop
  endfacet
  facet normal 0 0.406698 -0.913563
    outer loop
      vertex 41.4 -21.1305 30.3725
      vertex 45 -20.8122 30.5142
      vertex 45 -21.1305 30.3725
    endloop
  endfacet
  facet normal 0 0.406698 -0.913563
    outer loop
      vertex 45 -20.8122 30.5142
      vertex 41.4 -21.1305 30.3725
      vertex 41.4 -20.8122 30.5142
    endloop
  endfacet
  facet normal 0 0.469561 -0.8829
    outer loop
      vertex 41.4 -20.8122 30.5142
      vertex 45 -20.5044 30.6779
      vertex 45 -20.8122 30.5142
    endloop
  endfacet
  facet normal 0 0.469561 -0.8829
    outer loop
      vertex 45 -20.5044 30.6779
      vertex 41.4 -20.8122 30.5142
      vertex 41.4 -20.5044 30.6779
    endloop
  endfacet
  facet normal 0 0.529999 -0.847998
    outer loop
      vertex 41.4 -20.5044 30.6779
      vertex 45 -20.2092 30.8624
      vertex 45 -20.5044 30.6779
    endloop
  endfacet
  facet normal 0 0.529999 -0.847998
    outer loop
      vertex 45 -20.2092 30.8624
      vertex 41.4 -20.5044 30.6779
      vertex 41.4 -20.2092 30.8624
    endloop
  endfacet
  facet normal 0 0.587711 -0.809071
    outer loop
      vertex 41.4 -20.2092 30.8624
      vertex 45 -19.9274 31.0671
      vertex 45 -20.2092 30.8624
    endloop
  endfacet
  facet normal 0 0.587711 -0.809071
    outer loop
      vertex 45 -19.9274 31.0671
      vertex 41.4 -20.2092 30.8624
      vertex 41.4 -19.9274 31.0671
    endloop
  endfacet
  facet normal 0 0.642721 -0.7661
    outer loop
      vertex 41.4 -19.9274 31.0671
      vertex 45 -19.6604 31.2911
      vertex 45 -19.9274 31.0671
    endloop
  endfacet
  facet normal 0 0.642721 -0.7661
    outer loop
      vertex 45 -19.6604 31.2911
      vertex 41.4 -19.9274 31.0671
      vertex 41.4 -19.6604 31.2911
    endloop
  endfacet
  facet normal 0 0.694799 -0.719204
    outer loop
      vertex 41.4 -19.6604 31.2911
      vertex 45 -19.4099 31.5331
      vertex 45 -19.6604 31.2911
    endloop
  endfacet
  facet normal 0 0.694799 -0.719204
    outer loop
      vertex 45 -19.4099 31.5331
      vertex 41.4 -19.6604 31.2911
      vertex 41.4 -19.4099 31.5331
    endloop
  endfacet
  facet normal 0 0.743023 -0.669266
    outer loop
      vertex 45 -19.4099 31.5331
      vertex 41.4 -19.1767 31.792
      vertex 45 -19.1767 31.792
    endloop
  endfacet
  facet normal 0 0.743023 -0.669266
    outer loop
      vertex 41.4 -19.1767 31.792
      vertex 45 -19.4099 31.5331
      vertex 41.4 -19.4099 31.5331
    endloop
  endfacet
  facet normal 0 0.788098 -0.615549
    outer loop
      vertex 45 -19.1767 31.792
      vertex 41.4 -18.9623 32.0665
      vertex 45 -18.9623 32.0665
    endloop
  endfacet
  facet normal 0 0.788098 -0.615549
    outer loop
      vertex 41.4 -18.9623 32.0665
      vertex 45 -19.1767 31.792
      vertex 41.4 -19.1767 31.792
    endloop
  endfacet
  facet normal 0 0.829078 -0.559132
    outer loop
      vertex 45 -18.9623 32.0665
      vertex 41.4 -18.7676 32.3552
      vertex 45 -18.7676 32.3552
    endloop
  endfacet
  facet normal 0 0.829078 -0.559132
    outer loop
      vertex 41.4 -18.7676 32.3552
      vertex 45 -18.9623 32.0665
      vertex 41.4 -18.9623 32.0665
    endloop
  endfacet
  facet normal 0 0.865884 -0.500244
    outer loop
      vertex 45 -18.7676 32.3552
      vertex 41.4 -18.5933 32.6569
      vertex 45 -18.5933 32.6569
    endloop
  endfacet
  facet normal 0 0.865884 -0.500244
    outer loop
      vertex 41.4 -18.5933 32.6569
      vertex 45 -18.7676 32.3552
      vertex 41.4 -18.7676 32.3552
    endloop
  endfacet
  facet normal 0 0.898859 -0.438237
    outer loop
      vertex 45 -18.5933 32.6569
      vertex 41.4 -18.4406 32.9701
      vertex 45 -18.4406 32.9701
    endloop
  endfacet
  facet normal 0 0.898859 -0.438237
    outer loop
      vertex 41.4 -18.4406 32.9701
      vertex 45 -18.5933 32.6569
      vertex 41.4 -18.5933 32.6569
    endloop
  endfacet
  facet normal 0 0.927144 -0.374705
    outer loop
      vertex 45 -18.4406 32.9701
      vertex 41.4 -18.3101 33.293
      vertex 45 -18.3101 33.293
    endloop
  endfacet
  facet normal 0 0.927144 -0.374705
    outer loop
      vertex 41.4 -18.3101 33.293
      vertex 45 -18.4406 32.9701
      vertex 41.4 -18.4406 32.9701
    endloop
  endfacet
  facet normal 0 0.951123 -0.308813
    outer loop
      vertex 45 -18.3101 33.293
      vertex 41.4 -18.2025 33.6244
      vertex 45 -18.2025 33.6244
    endloop
  endfacet
  facet normal 0 0.951123 -0.308813
    outer loop
      vertex 41.4 -18.2025 33.6244
      vertex 45 -18.3101 33.293
      vertex 41.4 -18.3101 33.293
    endloop
  endfacet
  facet normal 0 0.970286 -0.241959
    outer loop
      vertex 45 -18.2025 33.6244
      vertex 41.4 -18.1235 33.9412
      vertex 45 -18.1235 33.9412
    endloop
  endfacet
  facet normal 0 0.970286 -0.241959
    outer loop
      vertex 41.4 -18.1235 33.9412
      vertex 45 -18.2025 33.6244
      vertex 41.4 -18.2025 33.6244
    endloop
  endfacet
  facet normal 0 0.986263 -0.165186
    outer loop
      vertex 45 -18.1235 33.9412
      vertex 41.4 -18.0588 34.3275
      vertex 45 -18.0588 34.3275
    endloop
  endfacet
  facet normal 0 0.986263 -0.165186
    outer loop
      vertex 41.4 -18.0588 34.3275
      vertex 45 -18.1235 33.9412
      vertex 41.4 -18.1235 33.9412
    endloop
  endfacet
  facet normal 0 0.996199 -0.08711
    outer loop
      vertex 45 -18.0588 34.3275
      vertex 41.4 -18.0095 34.8913
      vertex 45 -18.0095 34.8913
    endloop
  endfacet
  facet normal 0 0.996199 -0.08711
    outer loop
      vertex 41.4 -18.0095 34.8913
      vertex 45 -18.0588 34.3275
      vertex 41.4 -18.0588 34.3275
    endloop
  endfacet
  facet normal 0 0.99905 -0.0435766
    outer loop
      vertex 45 -18.0095 34.8913
      vertex 41.4 -18 35.1091
      vertex 45 -18 35.1091
    endloop
  endfacet
  facet normal 0 0.99905 -0.0435766
    outer loop
      vertex 41.4 -18 35.1091
      vertex 45 -18.0095 34.8913
      vertex 41.4 -18.0095 34.8913
    endloop
  endfacet
  facet normal 0 1 -0
    outer loop
      vertex 45 -18 35.1091
      vertex 41.4 -18 141.913
      vertex 45 -18 141.913
    endloop
  endfacet
  facet normal 0 1 0
    outer loop
      vertex 41.4 -18 141.913
      vertex 45 -18 35.1091
      vertex 41.4 -18 35.1091
    endloop
  endfacet
  facet normal 0 0.999386 0.0350359
    outer loop
      vertex 45 -18 141.913
      vertex 41.4 -18.0061 142.087
      vertex 45 -18.0061 142.087
    endloop
  endfacet
  facet normal 0 0.999386 0.0350359
    outer loop
      vertex 41.4 -18.0061 142.087
      vertex 45 -18 141.913
      vertex 41.4 -18 141.913
    endloop
  endfacet
  facet normal 0 0.997567 0.069715
    outer loop
      vertex 45 -18.0061 142.087
      vertex 41.4 -18.0365 142.522
      vertex 45 -18.0365 142.522
    endloop
  endfacet
  facet normal 0 0.997567 0.069715
    outer loop
      vertex 41.4 -18.0365 142.522
      vertex 45 -18.0061 142.087
      vertex 41.4 -18.0061 142.087
    endloop
  endfacet
  facet normal 0 0.990302 0.138929
    outer loop
      vertex 45 -18.0365 142.522
      vertex 41.4 -18.0849 142.867
      vertex 45 -18.0849 142.867
    endloop
  endfacet
  facet normal 0 0.990302 0.138929
    outer loop
      vertex 41.4 -18.0849 142.867
      vertex 45 -18.0365 142.522
      vertex 41.4 -18.0365 142.522
    endloop
  endfacet
  facet normal 0 0.978012 0.208547
    outer loop
      vertex 45 -18.0849 142.867
      vertex 41.4 -18.1574 143.207
      vertex 45 -18.1574 143.207
    endloop
  endfacet
  facet normal 0 0.978012 0.208547
    outer loop
      vertex 41.4 -18.1574 143.207
      vertex 45 -18.0849 142.867
      vertex 41.4 -18.0849 142.867
    endloop
  endfacet
  facet normal 0 0.961307 0.275479
    outer loop
      vertex 45 -18.1574 143.207
      vertex 41.4 -18.2534 143.542
      vertex 45 -18.2534 143.542
    endloop
  endfacet
  facet normal 0 0.961307 0.275479
    outer loop
      vertex 41.4 -18.2534 143.542
      vertex 45 -18.1574 143.207
      vertex 41.4 -18.1574 143.207
    endloop
  endfacet
  facet normal 0 0.939617 0.342228
    outer loop
      vertex 45 -18.2534 143.542
      vertex 41.4 -18.3725 143.869
      vertex 45 -18.3725 143.869
    endloop
  endfacet
  facet normal 0 0.939617 0.342228
    outer loop
      vertex 41.4 -18.3725 143.869
      vertex 45 -18.2534 143.542
      vertex 41.4 -18.2534 143.542
    endloop
  endfacet
  facet normal 0 0.913894 0.405952
    outer loop
      vertex 45 -18.3725 143.869
      vertex 41.4 -18.5142 144.188
      vertex 45 -18.5142 144.188
    endloop
  endfacet
  facet normal 0 0.913894 0.405952
    outer loop
      vertex 41.4 -18.5142 144.188
      vertex 45 -18.3725 143.869
      vertex 41.4 -18.3725 143.869
    endloop
  endfacet
  facet normal 0 0.883027 0.469323
    outer loop
      vertex 45 -18.5142 144.188
      vertex 41.4 -18.6779 144.496
      vertex 45 -18.6779 144.496
    endloop
  endfacet
  facet normal 0 0.883027 0.469323
    outer loop
      vertex 41.4 -18.6779 144.496
      vertex 45 -18.5142 144.188
      vertex 41.4 -18.5142 144.188
    endloop
  endfacet
  facet normal 0 0.847837 0.530257
    outer loop
      vertex 45 -18.6779 144.496
      vertex 41.4 -18.8624 144.791
      vertex 45 -18.8624 144.791
    endloop
  endfacet
  facet normal 0 0.847837 0.530257
    outer loop
      vertex 41.4 -18.8624 144.791
      vertex 45 -18.6779 144.496
      vertex 41.4 -18.6779 144.496
    endloop
  endfacet
  facet normal 0 0.809269 0.587438
    outer loop
      vertex 45 -18.8624 144.791
      vertex 41.4 -19.0671 145.073
      vertex 45 -19.0671 145.073
    endloop
  endfacet
  facet normal 0 0.809269 0.587438
    outer loop
      vertex 41.4 -19.0671 145.073
      vertex 45 -18.8624 144.791
      vertex 41.4 -18.8624 144.791
    endloop
  endfacet
  facet normal 0 0.7661 0.642721
    outer loop
      vertex 45 -19.0671 145.073
      vertex 41.4 -19.2911 145.34
      vertex 45 -19.2911 145.34
    endloop
  endfacet
  facet normal 0 0.7661 0.642721
    outer loop
      vertex 41.4 -19.2911 145.34
      vertex 45 -19.0671 145.073
      vertex 41.4 -19.0671 145.073
    endloop
  endfacet
  facet normal 0 0.718509 0.695517
    outer loop
      vertex 45 -19.2911 145.34
      vertex 41.4 -19.5331 145.59
      vertex 45 -19.5331 145.59
    endloop
  endfacet
  facet normal 0 0.718509 0.695517
    outer loop
      vertex 41.4 -19.5331 145.59
      vertex 45 -19.2911 145.34
      vertex 41.4 -19.2911 145.34
    endloop
  endfacet
  facet normal -0 0.668949 0.743308
    outer loop
      vertex 41.4 -19.5331 145.59
      vertex 45 -19.792 145.823
      vertex 45 -19.5331 145.59
    endloop
  endfacet
  facet normal 0 0.668949 0.743308
    outer loop
      vertex 45 -19.792 145.823
      vertex 41.4 -19.5331 145.59
      vertex 41.4 -19.792 145.823
    endloop
  endfacet
  facet normal -0 0.616618 0.787263
    outer loop
      vertex 41.4 -19.792 145.823
      vertex 45 -20.0665 146.038
      vertex 45 -19.792 145.823
    endloop
  endfacet
  facet normal 0 0.616618 0.787263
    outer loop
      vertex 45 -20.0665 146.038
      vertex 41.4 -19.792 145.823
      vertex 41.4 -20.0665 146.038
    endloop
  endfacet
  facet normal -0 0.557748 0.83001
    outer loop
      vertex 41.4 -20.0665 146.038
      vertex 45 -20.3552 146.232
      vertex 45 -20.0665 146.038
    endloop
  endfacet
  facet normal 0 0.557748 0.83001
    outer loop
      vertex 45 -20.3552 146.232
      vertex 41.4 -20.0665 146.038
      vertex 41.4 -20.3552 146.232
    endloop
  endfacet
  facet normal -0 0.501748 0.865014
    outer loop
      vertex 41.4 -20.3552 146.232
      vertex 45 -20.6569 146.407
      vertex 45 -20.3552 146.232
    endloop
  endfacet
  facet normal 0 0.501748 0.865014
    outer loop
      vertex 45 -20.6569 146.407
      vertex 41.4 -20.3552 146.232
      vertex 41.4 -20.6569 146.407
    endloop
  endfacet
  facet normal -0 0.436612 0.89965
    outer loop
      vertex 41.4 -20.6569 146.407
      vertex 45 -20.9701 146.559
      vertex 45 -20.6569 146.407
    endloop
  endfacet
  facet normal 0 0.436612 0.89965
    outer loop
      vertex 45 -20.9701 146.559
      vertex 41.4 -20.6569 146.407
      vertex 41.4 -20.9701 146.559
    endloop
  endfacet
  facet normal -0 0.375938 0.926645
    outer loop
      vertex 41.4 -20.9701 146.559
      vertex 45 -21.293 146.69
      vertex 45 -20.9701 146.559
    endloop
  endfacet
  facet normal 0 0.375938 0.926645
    outer loop
      vertex 45 -21.293 146.69
      vertex 41.4 -20.9701 146.559
      vertex 41.4 -21.293 146.69
    endloop
  endfacet
  facet normal -0 0.309851 0.950785
    outer loop
      vertex 41.4 -21.293 146.69
      vertex 45 -21.6244 146.798
      vertex 45 -21.293 146.69
    endloop
  endfacet
  facet normal 0 0.309851 0.950785
    outer loop
      vertex 45 -21.6244 146.798
      vertex 41.4 -21.293 146.69
      vertex 41.4 -21.6244 146.798
    endloop
  endfacet
  facet normal -0 0.241959 0.970286
    outer loop
      vertex 41.4 -21.6244 146.798
      vertex 45 -21.9412 146.877
      vertex 45 -21.6244 146.798
    endloop
  endfacet
  facet normal 0 0.241959 0.970286
    outer loop
      vertex 45 -21.9412 146.877
      vertex 41.4 -21.6244 146.798
      vertex 41.4 -21.9412 146.877
    endloop
  endfacet
  facet normal -0 0.163446 0.986552
    outer loop
      vertex 41.4 -21.9412 146.877
      vertex 45 -22.3275 146.941
      vertex 45 -21.9412 146.877
    endloop
  endfacet
  facet normal 0 0.163446 0.986552
    outer loop
      vertex 45 -22.3275 146.941
      vertex 41.4 -21.9412 146.877
      vertex 41.4 -22.3275 146.941
    endloop
  endfacet
  facet normal -0 0.0865839 0.996245
    outer loop
      vertex 41.4 -22.3275 146.941
      vertex 45 -22.8913 146.99
      vertex 45 -22.3275 146.941
    endloop
  endfacet
  facet normal 0 0.0865839 0.996245
    outer loop
      vertex 45 -22.8913 146.99
      vertex 41.4 -22.3275 146.941
      vertex 41.4 -22.8913 146.99
    endloop
  endfacet
  facet normal -0 0.0458654 0.998948
    outer loop
      vertex 41.4 -22.8913 146.99
      vertex 45 -23.1091 147
      vertex 45 -22.8913 146.99
    endloop
  endfacet
  facet normal 0 0.0458654 0.998948
    outer loop
      vertex 45 -23.1091 147
      vertex 41.4 -22.8913 146.99
      vertex 41.4 -23.1091 147
    endloop
  endfacet
  facet normal -0 0 1
    outer loop
      vertex 41.4 -23.1091 147
      vertex 45 -35.5 147
      vertex 45 -23.1091 147
    endloop
  endfacet
  facet normal 0 0 1
    outer loop
      vertex 45 -35.5 147
      vertex 41.4 -23.1091 147
      vertex 41.4 -35.5 147
    endloop
  endfacet
  facet normal -0 0.0702385 0.99753
    outer loop
      vertex 41.4 -35.5 147
      vertex 45 -36.1959 147.049
      vertex 45 -35.5 147
    endloop
  endfacet
  facet normal 0 0.0702385 0.99753
    outer loop
      vertex 45 -36.1959 147.049
      vertex 41.4 -35.5 147
      vertex 41.4 -36.1959 147.049
    endloop
  endfacet
  facet normal -0 0.207874 0.978156
    outer loop
      vertex 41.4 -36.1959 147.049
      vertex 45 -36.8782 147.194
      vertex 45 -36.1959 147.049
    endloop
  endfacet
  facet normal 0 0.207874 0.978156
    outer loop
      vertex 45 -36.8782 147.194
      vertex 41.4 -36.1959 147.049
      vertex 41.4 -36.8782 147.194
    endloop
  endfacet
  facet normal -0 0.341282 0.939961
    outer loop
      vertex 41.4 -36.8782 147.194
      vertex 45 -37.5337 147.432
      vertex 45 -36.8782 147.194
    endloop
  endfacet
  facet normal 0 0.341282 0.939961
    outer loop
      vertex 45 -37.5337 147.432
      vertex 41.4 -36.8782 147.194
      vertex 41.4 -37.5337 147.432
    endloop
  endfacet
  facet normal -0 0.470053 0.882638
    outer loop
      vertex 41.4 -37.5337 147.432
      vertex 45 -38.1496 147.76
      vertex 45 -37.5337 147.432
    endloop
  endfacet
  facet normal 0 0.470053 0.882638
    outer loop
      vertex 45 -38.1496 147.76
      vertex 41.4 -37.5337 147.432
      vertex 41.4 -38.1496 147.76
    endloop
  endfacet
  facet normal -0 0.587797 0.809009
    outer loop
      vertex 41.4 -38.1496 147.76
      vertex 45 -38.7139 148.17
      vertex 45 -38.1496 147.76
    endloop
  endfacet
  facet normal 0 0.587797 0.809009
    outer loop
      vertex 45 -38.7139 148.17
      vertex 41.4 -38.1496 147.76
      vertex 41.4 -38.7139 148.17
    endloop
  endfacet
  facet normal -0 0.694226 0.719757
    outer loop
      vertex 41.4 -38.7139 148.17
      vertex 45 -39.2157 148.654
      vertex 45 -38.7139 148.17
    endloop
  endfacet
  facet normal 0 0.694226 0.719757
    outer loop
      vertex 45 -39.2157 148.654
      vertex 41.4 -38.7139 148.17
      vertex 41.4 -39.2157 148.654
    endloop
  endfacet
  facet normal 0 0.788155 0.615477
    outer loop
      vertex 45 -39.2157 148.654
      vertex 41.4 -39.6452 149.204
      vertex 45 -39.6452 149.204
    endloop
  endfacet
  facet normal 0 0.788155 0.615477
    outer loop
      vertex 41.4 -39.6452 149.204
      vertex 45 -39.2157 148.654
      vertex 41.4 -39.2157 148.654
    endloop
  endfacet
  facet normal 0 0.865975 0.500086
    outer loop
      vertex 45 -39.6452 149.204
      vertex 41.4 -39.994 149.808
      vertex 45 -39.994 149.808
    endloop
  endfacet
  facet normal 0 0.865975 0.500086
    outer loop
      vertex 41.4 -39.994 149.808
      vertex 45 -39.6452 149.204
      vertex 41.4 -39.6452 149.204
    endloop
  endfacet
  facet normal 0 0.927236 0.374477
    outer loop
      vertex 45 -39.994 149.808
      vertex 41.4 -40.2553 150.455
      vertex 45 -40.2553 150.455
    endloop
  endfacet
  facet normal 0 0.927236 0.374477
    outer loop
      vertex 41.4 -40.2553 150.455
      vertex 45 -39.994 149.808
      vertex 41.4 -39.994 149.808
    endloop
  endfacet
  facet normal 0 0.970328 0.241794
    outer loop
      vertex 45 -40.2553 150.455
      vertex 41.4 -40.424 151.132
      vertex 45 -40.424 151.132
    endloop
  endfacet
  facet normal 0 0.970328 0.241794
    outer loop
      vertex 41.4 -40.424 151.132
      vertex 45 -40.2553 150.455
      vertex 41.4 -40.2553 150.455
    endloop
  endfacet
  facet normal 0 0.996189 0.0872239
    outer loop
      vertex 45 -40.424 151.132
      vertex 41.4 -40.5 152
      vertex 45 -40.5 152
    endloop
  endfacet
  facet normal 0 0.996189 0.0872239
    outer loop
      vertex 41.4 -40.5 152
      vertex 45 -40.424 151.132
      vertex 41.4 -40.424 151.132
    endloop
  endfacet
  facet normal 0 1 -0
    outer loop
      vertex 45 -40.5 152
      vertex 41.4 -40.5 167
      vertex 45 -40.5 167
    endloop
  endfacet
  facet normal 0 1 0
    outer loop
      vertex 41.4 -40.5 167
      vertex 45 -40.5 152
      vertex 41.4 -40.5 152
    endloop
  endfacet
  facet normal 0 0.997561 -0.0698006
    outer loop
      vertex 45 -40.5 167
      vertex 41.4 -40.4513 167.696
      vertex 45 -40.4513 167.696
    endloop
  endfacet
  facet normal 0 0.997561 -0.0698006
    outer loop
      vertex 41.4 -40.4513 167.696
      vertex 45 -40.5 167
      vertex 41.4 -40.5 167
    endloop
  endfacet
  facet normal 0 0.978137 -0.207962
    outer loop
      vertex 45 -40.4513 167.696
      vertex 41.4 -40.3063 168.378
      vertex 45 -40.3063 168.378
    endloop
  endfacet
  facet normal 0 0.978137 -0.207962
    outer loop
      vertex 41.4 -40.3063 168.378
      vertex 45 -40.4513 167.696
      vertex 41.4 -40.4513 167.696
    endloop
  endfacet
  facet normal 0 0.939768 -0.341812
    outer loop
      vertex 45 -40.3063 168.378
      vertex 41.4 -40.0677 169.034
      vertex 45 -40.0677 169.034
    endloop
  endfacet
  facet normal 0 0.939768 -0.341812
    outer loop
      vertex 41.4 -40.0677 169.034
      vertex 45 -40.3063 168.378
      vertex 41.4 -40.3063 168.378
    endloop
  endfacet
  facet normal 0 0.882967 -0.469435
    outer loop
      vertex 45 -40.0677 169.034
      vertex 41.4 -39.7402 169.65
      vertex 45 -39.7402 169.65
    endloop
  endfacet
  facet normal 0 0.882967 -0.469435
    outer loop
      vertex 41.4 -39.7402 169.65
      vertex 45 -40.0677 169.034
      vertex 41.4 -40.0677 169.034
    endloop
  endfacet
  facet normal 0 0.80886 -0.588001
    outer loop
      vertex 45 -39.7402 169.65
      vertex 41.4 -39.3302 170.214
      vertex 45 -39.3302 170.214
    endloop
  endfacet
  facet normal 0 0.80886 -0.588001
    outer loop
      vertex 41.4 -39.3302 170.214
      vertex 45 -39.7402 169.65
      vertex 41.4 -39.7402 169.65
    endloop
  endfacet
  facet normal 0 0.719537 -0.694454
    outer loop
      vertex 45 -39.3302 170.214
      vertex 41.4 -38.8457 170.716
      vertex 45 -38.8457 170.716
    endloop
  endfacet
  facet normal 0 0.719537 -0.694454
    outer loop
      vertex 41.4 -38.8457 170.716
      vertex 45 -39.3302 170.214
      vertex 41.4 -39.3302 170.214
    endloop
  endfacet
  facet normal 0 0.61524 -0.78834
    outer loop
      vertex 41.4 -38.8457 170.716
      vertex 45 -38.296 171.145
      vertex 45 -38.8457 170.716
    endloop
  endfacet
  facet normal 0 0.61524 -0.78834
    outer loop
      vertex 45 -38.296 171.145
      vertex 41.4 -38.8457 170.716
      vertex 41.4 -38.296 171.145
    endloop
  endfacet
  facet normal 0 0.500177 -0.865923
    outer loop
      vertex 41.4 -38.296 171.145
      vertex 45 -37.6918 171.494
      vertex 45 -38.296 171.145
    endloop
  endfacet
  facet normal 0 0.500177 -0.865923
    outer loop
      vertex 45 -37.6918 171.494
      vertex 41.4 -38.296 171.145
      vertex 41.4 -37.6918 171.494
    endloop
  endfacet
  facet normal 0 0.374257 -0.927325
    outer loop
      vertex 41.4 -37.6918 171.494
      vertex 45 -37.0451 171.755
      vertex 45 -37.6918 171.494
    endloop
  endfacet
  facet normal 0 0.374257 -0.927325
    outer loop
      vertex 45 -37.0451 171.755
      vertex 41.4 -37.6918 171.494
      vertex 41.4 -37.0451 171.755
    endloop
  endfacet
  facet normal 0 0.242232 -0.970218
    outer loop
      vertex 41.4 -37.0451 171.755
      vertex 45 -36.3682 171.924
      vertex 45 -37.0451 171.755
    endloop
  endfacet
  facet normal 0 0.242232 -0.970218
    outer loop
      vertex 45 -36.3682 171.924
      vertex 41.4 -37.0451 171.755
      vertex 41.4 -36.3682 171.924
    endloop
  endfacet
  facet normal 0 0.087204 -0.99619
    outer loop
      vertex 41.4 -36.3682 171.924
      vertex 45 -35.5 172
      vertex 45 -36.3682 171.924
    endloop
  endfacet
  facet normal 0 0.087204 -0.99619
    outer loop
      vertex 45 -35.5 172
      vertex 41.4 -36.3682 171.924
      vertex 41.4 -35.5 172
    endloop
  endfacet
  facet normal 0 -0.0702385 -0.99753
    outer loop
      vertex 41.4 35.5 172
      vertex 45 36.1959 171.951
      vertex 45 35.5 172
    endloop
  endfacet
  facet normal -0 -0.0702385 -0.99753
    outer loop
      vertex 45 36.1959 171.951
      vertex 41.4 35.5 172
      vertex 41.4 36.1959 171.951
    endloop
  endfacet
  facet normal 0 -0.207874 -0.978156
    outer loop
      vertex 41.4 36.1959 171.951
      vertex 45 36.8782 171.806
      vertex 45 36.1959 171.951
    endloop
  endfacet
  facet normal -0 -0.207874 -0.978156
    outer loop
      vertex 45 36.8782 171.806
      vertex 41.4 36.1959 171.951
      vertex 41.4 36.8782 171.806
    endloop
  endfacet
  facet normal 0 -0.341282 -0.939961
    outer loop
      vertex 41.4 36.8782 171.806
      vertex 45 37.5337 171.568
      vertex 45 36.8782 171.806
    endloop
  endfacet
  facet normal -0 -0.341282 -0.939961
    outer loop
      vertex 45 37.5337 171.568
      vertex 41.4 36.8782 171.806
      vertex 41.4 37.5337 171.568
    endloop
  endfacet
  facet normal 0 -0.470053 -0.882638
    outer loop
      vertex 41.4 37.5337 171.568
      vertex 45 38.1496 171.24
      vertex 45 37.5337 171.568
    endloop
  endfacet
  facet normal -0 -0.470053 -0.882638
    outer loop
      vertex 45 38.1496 171.24
      vertex 41.4 37.5337 171.568
      vertex 41.4 38.1496 171.24
    endloop
  endfacet
  facet normal 0 -0.587797 -0.809009
    outer loop
      vertex 41.4 38.1496 171.24
      vertex 45 38.7139 170.83
      vertex 45 38.1496 171.24
    endloop
  endfacet
  facet normal -0 -0.587797 -0.809009
    outer loop
      vertex 45 38.7139 170.83
      vertex 41.4 38.1496 171.24
      vertex 41.4 38.7139 170.83
    endloop
  endfacet
  facet normal 0 -0.694289 -0.719696
    outer loop
      vertex 41.4 39 170.554
      vertex 45 38.7139 170.83
      vertex 41.4 38.7139 170.83
    endloop
  endfacet
  facet normal 9.72171e-06 -0.694226 -0.719757
    outer loop
      vertex 45 38.7139 170.83
      vertex 41.4 39 170.554
      vertex 45 39.2157 170.346
    endloop
  endfacet
  facet normal 0 -0.694142 -0.719838
    outer loop
      vertex 31 39.2157 170.346
      vertex 41.4 39 170.554
      vertex 31 39 170.554
    endloop
  endfacet
  facet normal 0 -0.694142 -0.719838
    outer loop
      vertex 41.4 39 170.554
      vertex 31 39.2157 170.346
      vertex 45 39.2157 170.346
    endloop
  endfacet
  facet normal 0 -0.788155 -0.615477
    outer loop
      vertex 31 39.6452 169.796
      vertex 45 39.2157 170.346
      vertex 31 39.2157 170.346
    endloop
  endfacet
  facet normal 0 -0.788155 -0.615477
    outer loop
      vertex 45 39.2157 170.346
      vertex 31 39.6452 169.796
      vertex 45 39.6452 169.796
    endloop
  endfacet
  facet normal 0 -0.865975 -0.500086
    outer loop
      vertex 31 39.994 169.192
      vertex 45 39.6452 169.796
      vertex 31 39.6452 169.796
    endloop
  endfacet
  facet normal 0 -0.865975 -0.500086
    outer loop
      vertex 45 39.6452 169.796
      vertex 31 39.994 169.192
      vertex 45 39.994 169.192
    endloop
  endfacet
  facet normal 0 -0.927236 -0.374477
    outer loop
      vertex 31 40.2553 168.545
      vertex 45 39.994 169.192
      vertex 31 39.994 169.192
    endloop
  endfacet
  facet normal 0 -0.927236 -0.374477
    outer loop
      vertex 45 39.994 169.192
      vertex 31 40.2553 168.545
      vertex 45 40.2553 168.545
    endloop
  endfacet
  facet normal 0 -0.970328 -0.241794
    outer loop
      vertex 31 40.424 167.868
      vertex 45 40.2553 168.545
      vertex 31 40.2553 168.545
    endloop
  endfacet
  facet normal 0 -0.970328 -0.241794
    outer loop
      vertex 45 40.2553 168.545
      vertex 31 40.424 167.868
      vertex 45 40.424 167.868
    endloop
  endfacet
  facet normal 0 -0.996189 -0.0872239
    outer loop
      vertex 31 40.5 167
      vertex 45 40.424 167.868
      vertex 31 40.424 167.868
    endloop
  endfacet
  facet normal 0 -0.996189 -0.0872239
    outer loop
      vertex 45 40.424 167.868
      vertex 31 40.5 167
      vertex 45 40.5 167
    endloop
  endfacet
  facet normal 0 -1 0
    outer loop
      vertex 31 40.5 152
      vertex 45 40.5 167
      vertex 31 40.5 167
    endloop
  endfacet
  facet normal 0 -1 -0
    outer loop
      vertex 45 40.5 167
      vertex 31 40.5 152
      vertex 45 40.5 152
    endloop
  endfacet
  facet normal 0 -0.997561 0.0698006
    outer loop
      vertex 31 40.4513 151.304
      vertex 45 40.5 152
      vertex 31 40.5 152
    endloop
  endfacet
  facet normal 0 -0.997561 0.0698006
    outer loop
      vertex 45 40.5 152
      vertex 31 40.4513 151.304
      vertex 45 40.4513 151.304
    endloop
  endfacet
  facet normal 0 -0.978137 0.207962
    outer loop
      vertex 31 40.3063 150.622
      vertex 45 40.4513 151.304
      vertex 31 40.4513 151.304
    endloop
  endfacet
  facet normal 0 -0.978137 0.207962
    outer loop
      vertex 45 40.4513 151.304
      vertex 31 40.3063 150.622
      vertex 45 40.3063 150.622
    endloop
  endfacet
  facet normal 0 -0.939768 0.341812
    outer loop
      vertex 31 40.0677 149.966
      vertex 45 40.3063 150.622
      vertex 31 40.3063 150.622
    endloop
  endfacet
  facet normal 0 -0.939768 0.341812
    outer loop
      vertex 45 40.3063 150.622
      vertex 31 40.0677 149.966
      vertex 45 40.0677 149.966
    endloop
  endfacet
  facet normal 0 -0.882967 0.469435
    outer loop
      vertex 31 39.7402 149.35
      vertex 45 40.0677 149.966
      vertex 31 40.0677 149.966
    endloop
  endfacet
  facet normal 0 -0.882967 0.469435
    outer loop
      vertex 45 40.0677 149.966
      vertex 31 39.7402 149.35
      vertex 45 39.7402 149.35
    endloop
  endfacet
  facet normal 0 -0.80886 0.588001
    outer loop
      vertex 31 39.3302 148.786
      vertex 45 39.7402 149.35
      vertex 31 39.7402 149.35
    endloop
  endfacet
  facet normal 0 -0.80886 0.588001
    outer loop
      vertex 45 39.7402 149.35
      vertex 31 39.3302 148.786
      vertex 45 39.3302 148.786
    endloop
  endfacet
  facet normal 0 -0.719409 0.694587
    outer loop
      vertex 41.4 39 148.444
      vertex 31 39.3302 148.786
      vertex 31 39 148.444
    endloop
  endfacet
  facet normal 0 -0.719409 0.694587
    outer loop
      vertex 31 39.3302 148.786
      vertex 41.4 39 148.444
      vertex 45 39.3302 148.786
    endloop
  endfacet
  facet normal 0 -0.719812 0.694169
    outer loop
      vertex 45 38.8457 148.284
      vertex 41.4 39 148.444
      vertex 41.4 38.8457 148.284
    endloop
  endfacet
  facet normal 2.44464e-05 -0.719537 0.694454
    outer loop
      vertex 41.4 39 148.444
      vertex 45 38.8457 148.284
      vertex 45 39.3302 148.786
    endloop
  endfacet
  facet normal 0 -0.61524 0.78834
    outer loop
      vertex 41.4 38.8457 148.284
      vertex 45 38.296 147.855
      vertex 45 38.8457 148.284
    endloop
  endfacet
  facet normal 0 -0.61524 0.78834
    outer loop
      vertex 45 38.296 147.855
      vertex 41.4 38.8457 148.284
      vertex 41.4 38.296 147.855
    endloop
  endfacet
  facet normal 0 -0.500177 0.865923
    outer loop
      vertex 41.4 38.296 147.855
      vertex 45 37.6918 147.506
      vertex 45 38.296 147.855
    endloop
  endfacet
  facet normal 0 -0.500177 0.865923
    outer loop
      vertex 45 37.6918 147.506
      vertex 41.4 38.296 147.855
      vertex 41.4 37.6918 147.506
    endloop
  endfacet
  facet normal 0 -0.374257 0.927325
    outer loop
      vertex 41.4 37.6918 147.506
      vertex 45 37.0451 147.245
      vertex 45 37.6918 147.506
    endloop
  endfacet
  facet normal 0 -0.374257 0.927325
    outer loop
      vertex 45 37.0451 147.245
      vertex 41.4 37.6918 147.506
      vertex 41.4 37.0451 147.245
    endloop
  endfacet
  facet normal 0 -0.242232 0.970218
    outer loop
      vertex 41.4 37.0451 147.245
      vertex 45 36.3682 147.076
      vertex 45 37.0451 147.245
    endloop
  endfacet
  facet normal 0 -0.242232 0.970218
    outer loop
      vertex 45 36.3682 147.076
      vertex 41.4 37.0451 147.245
      vertex 41.4 36.3682 147.076
    endloop
  endfacet
  facet normal 0 -0.087204 0.99619
    outer loop
      vertex 41.4 36.3682 147.076
      vertex 45 35.5 147
      vertex 45 36.3682 147.076
    endloop
  endfacet
  facet normal 0 -0.087204 0.99619
    outer loop
      vertex 45 35.5 147
      vertex 41.4 36.3682 147.076
      vertex 41.4 35.5 147
    endloop
  endfacet
  facet normal -0 0 1
    outer loop
      vertex 41.4 35.5 147
      vertex 45 23.087 147
      vertex 45 35.5 147
    endloop
  endfacet
  facet normal 0 0 1
    outer loop
      vertex 45 23.087 147
      vertex 41.4 35.5 147
      vertex 41.4 23.087 147
    endloop
  endfacet
  facet normal 0 -0.0345019 0.999405
    outer loop
      vertex 41.4 23.087 147
      vertex 45 22.9132 146.994
      vertex 45 23.087 147
    endloop
  endfacet
  facet normal 0 -0.0345019 0.999405
    outer loop
      vertex 45 22.9132 146.994
      vertex 41.4 23.087 147
      vertex 41.4 22.9132 146.994
    endloop
  endfacet
  facet normal 0 -0.0688021 0.99763
    outer loop
      vertex 41.4 22.9132 146.994
      vertex 45 22.4782 146.964
      vertex 45 22.9132 146.994
    endloop
  endfacet
  facet normal 0 -0.0688021 0.99763
    outer loop
      vertex 45 22.4782 146.964
      vertex 41.4 22.9132 146.994
      vertex 41.4 22.4782 146.964
    endloop
  endfacet
  facet normal 0 -0.140698 0.990053
    outer loop
      vertex 41.4 22.4782 146.964
      vertex 45 22.1334 146.915
      vertex 45 22.4782 146.964
    endloop
  endfacet
  facet normal 0 -0.140698 0.990053
    outer loop
      vertex 45 22.1334 146.915
      vertex 41.4 22.4782 146.964
      vertex 41.4 22.1334 146.915
    endloop
  endfacet
  facet normal 0 -0.206763 0.978391
    outer loop
      vertex 41.4 22.1334 146.915
      vertex 45 21.7927 146.843
      vertex 45 22.1334 146.915
    endloop
  endfacet
  facet normal 0 -0.206763 0.978391
    outer loop
      vertex 45 21.7927 146.843
      vertex 41.4 22.1334 146.915
      vertex 41.4 21.7927 146.843
    endloop
  endfacet
  facet normal 0 -0.275403 0.961329
    outer loop
      vertex 41.4 21.7927 146.843
      vertex 45 21.4576 146.747
      vertex 45 21.7927 146.843
    endloop
  endfacet
  facet normal 0 -0.275403 0.961329
    outer loop
      vertex 45 21.4576 146.747
      vertex 41.4 21.7927 146.843
      vertex 41.4 21.4576 146.747
    endloop
  endfacet
  facet normal 0 -0.344415 0.938818
    outer loop
      vertex 41.4 21.4576 146.747
      vertex 45 21.1305 146.627
      vertex 45 21.4576 146.747
    endloop
  endfacet
  facet normal 0 -0.344415 0.938818
    outer loop
      vertex 45 21.1305 146.627
      vertex 41.4 21.4576 146.747
      vertex 41.4 21.1305 146.627
    endloop
  endfacet
  facet normal 0 -0.405019 0.914308
    outer loop
      vertex 41.4 21.1305 146.627
      vertex 45 20.8122 146.486
      vertex 45 21.1305 146.627
    endloop
  endfacet
  facet normal 0 -0.405019 0.914308
    outer loop
      vertex 45 20.8122 146.486
      vertex 41.4 21.1305 146.627
      vertex 41.4 20.8122 146.486
    endloop
  endfacet
  facet normal 0 -0.470231 0.882543
    outer loop
      vertex 41.4 20.8122 146.486
      vertex 45 20.5044 146.322
      vertex 45 20.8122 146.486
    endloop
  endfacet
  facet normal 0 -0.470231 0.882543
    outer loop
      vertex 45 20.5044 146.322
      vertex 41.4 20.8122 146.486
      vertex 41.4 20.5044 146.322
    endloop
  endfacet
  facet normal 0 -0.528965 0.848644
    outer loop
      vertex 41.4 20.5044 146.322
      vertex 45 20.2092 146.138
      vertex 45 20.5044 146.322
    endloop
  endfacet
  facet normal 0 -0.528965 0.848644
    outer loop
      vertex 45 20.2092 146.138
      vertex 41.4 20.5044 146.322
      vertex 41.4 20.2092 146.138
    endloop
  endfacet
  facet normal 0 -0.588274 0.808662
    outer loop
      vertex 41.4 20.2092 146.138
      vertex 45 19.9274 145.933
      vertex 45 20.2092 146.138
    endloop
  endfacet
  facet normal 0 -0.588274 0.808662
    outer loop
      vertex 45 19.9274 145.933
      vertex 41.4 20.2092 146.138
      vertex 41.4 19.9274 145.933
    endloop
  endfacet
  facet normal 0 -0.642721 0.7661
    outer loop
      vertex 41.4 19.9274 145.933
      vertex 45 19.6604 145.709
      vertex 45 19.9274 145.933
    endloop
  endfacet
  facet normal 0 -0.642721 0.7661
    outer loop
      vertex 45 19.6604 145.709
      vertex 41.4 19.9274 145.933
      vertex 41.4 19.6604 145.709
    endloop
  endfacet
  facet normal 0 -0.694799 0.719204
    outer loop
      vertex 41.4 19.6604 145.709
      vertex 45 19.4099 145.467
      vertex 45 19.6604 145.709
    endloop
  endfacet
  facet normal 0 -0.694799 0.719204
    outer loop
      vertex 45 19.4099 145.467
      vertex 41.4 19.6604 145.709
      vertex 41.4 19.4099 145.467
    endloop
  endfacet
  facet normal 0 -0.743151 0.669123
    outer loop
      vertex 41.4 19.1767 145.208
      vertex 45 19.4099 145.467
      vertex 41.4 19.4099 145.467
    endloop
  endfacet
  facet normal 0 -0.743151 0.669123
    outer loop
      vertex 45 19.4099 145.467
      vertex 41.4 19.1767 145.208
      vertex 45 19.1767 145.208
    endloop
  endfacet
  facet normal 0 -0.787554 0.616246
    outer loop
      vertex 41.4 18.9623 144.934
      vertex 45 19.1767 145.208
      vertex 41.4 19.1767 145.208
    endloop
  endfacet
  facet normal 0 -0.787554 0.616246
    outer loop
      vertex 45 19.1767 145.208
      vertex 41.4 18.9623 144.934
      vertex 45 18.9623 144.934
    endloop
  endfacet
  facet normal 0 -0.829347 0.558733
    outer loop
      vertex 41.4 18.7676 144.645
      vertex 45 18.9623 144.934
      vertex 41.4 18.9623 144.934
    endloop
  endfacet
  facet normal 0 -0.829347 0.558733
    outer loop
      vertex 45 18.9623 144.934
      vertex 41.4 18.7676 144.645
      vertex 45 18.7676 144.645
    endloop
  endfacet
  facet normal 0 -0.8661 0.499871
    outer loop
      vertex 41.4 18.5933 144.343
      vertex 45 18.7676 144.645
      vertex 41.4 18.7676 144.645
    endloop
  endfacet
  facet normal 0 -0.8661 0.499871
    outer loop
      vertex 45 18.7676 144.645
      vertex 41.4 18.5933 144.343
      vertex 45 18.5933 144.343
    endloop
  endfacet
  facet normal 0 -0.898749 0.438463
    outer loop
      vertex 41.4 18.4406 144.03
      vertex 45 18.5933 144.343
      vertex 41.4 18.5933 144.343
    endloop
  endfacet
  facet normal 0 -0.898749 0.438463
    outer loop
      vertex 45 18.5933 144.343
      vertex 41.4 18.4406 144.03
      vertex 45 18.4406 144.03
    endloop
  endfacet
  facet normal 0 -0.927184 0.374605
    outer loop
      vertex 41.4 18.3101 143.707
      vertex 45 18.4406 144.03
      vertex 41.4 18.4406 144.03
    endloop
  endfacet
  facet normal 0 -0.927184 0.374605
    outer loop
      vertex 45 18.4406 144.03
      vertex 41.4 18.3101 143.707
      vertex 45 18.3101 143.707
    endloop
  endfacet
  facet normal 0 -0.951013 0.309151
    outer loop
      vertex 41.4 18.2025 143.376
      vertex 45 18.3101 143.707
      vertex 41.4 18.3101 143.707
    endloop
  endfacet
  facet normal 0 -0.951013 0.309151
    outer loop
      vertex 45 18.3101 143.707
      vertex 41.4 18.2025 143.376
      vertex 45 18.2025 143.376
    endloop
  endfacet
  facet normal 0 -0.970322 0.241815
    outer loop
      vertex 41.4 18.1235 143.059
      vertex 45 18.2025 143.376
      vertex 41.4 18.2025 143.376
    endloop
  endfacet
  facet normal 0 -0.970322 0.241815
    outer loop
      vertex 45 18.2025 143.376
      vertex 41.4 18.1235 143.059
      vertex 45 18.1235 143.059
    endloop
  endfacet
  facet normal 0 -0.986242 0.16531
    outer loop
      vertex 41.4 18.0588 142.673
      vertex 45 18.1235 143.059
      vertex 41.4 18.1235 143.059
    endloop
  endfacet
  facet normal 0 -0.986242 0.16531
    outer loop
      vertex 45 18.1235 143.059
      vertex 41.4 18.0588 142.673
      vertex 45 18.0588 142.673
    endloop
  endfacet
  facet normal 0 -0.996201 0.0870793
    outer loop
      vertex 41.4 18.0095 142.109
      vertex 45 18.0588 142.673
      vertex 41.4 18.0588 142.673
    endloop
  endfacet
  facet normal 0 -0.996201 0.0870793
    outer loop
      vertex 45 18.0588 142.673
      vertex 41.4 18.0095 142.109
      vertex 45 18.0095 142.109
    endloop
  endfacet
  facet normal 0 -0.999052 0.0435367
    outer loop
      vertex 41.4 18 141.891
      vertex 45 18.0095 142.109
      vertex 41.4 18.0095 142.109
    endloop
  endfacet
  facet normal 0 -0.999052 0.0435367
    outer loop
      vertex 45 18.0095 142.109
      vertex 41.4 18 141.891
      vertex 45 18 141.891
    endloop
  endfacet
  facet normal 0 -1 0
    outer loop
      vertex 41.4 18 35.087
      vertex 45 18 141.891
      vertex 41.4 18 141.891
    endloop
  endfacet
  facet normal 0 -1 -0
    outer loop
      vertex 45 18 141.891
      vertex 41.4 18 35.087
      vertex 45 18 35.087
    endloop
  endfacet
  facet normal 0 -0.999385 -0.0350762
    outer loop
      vertex 41.4 18.0061 34.9132
      vertex 45 18 35.087
      vertex 41.4 18 35.087
    endloop
  endfacet
  facet normal 0 -0.999385 -0.0350762
    outer loop
      vertex 45 18 35.087
      vertex 41.4 18.0061 34.9132
      vertex 45 18.0061 34.9132
    endloop
  endfacet
  facet normal 0 -0.997567 -0.069715
    outer loop
      vertex 41.4 18.0365 34.4782
      vertex 45 18.0061 34.9132
      vertex 41.4 18.0061 34.9132
    endloop
  endfacet
  facet normal 0 -0.997567 -0.069715
    outer loop
      vertex 45 18.0061 34.9132
      vertex 41.4 18.0365 34.4782
      vertex 45 18.0365 34.4782
    endloop
  endfacet
  facet normal 0 -0.990291 -0.139008
    outer loop
      vertex 41.4 18.0849 34.1334
      vertex 45 18.0365 34.4782
      vertex 41.4 18.0365 34.4782
    endloop
  endfacet
  facet normal 0 -0.990291 -0.139008
    outer loop
      vertex 45 18.0365 34.4782
      vertex 41.4 18.0849 34.1334
      vertex 45 18.0849 34.1334
    endloop
  endfacet
  facet normal 0 -0.9781 -0.208137
    outer loop
      vertex 41.4 18.1574 33.7927
      vertex 45 18.0849 34.1334
      vertex 41.4 18.0849 34.1334
    endloop
  endfacet
  facet normal 0 -0.9781 -0.208137
    outer loop
      vertex 45 18.0849 34.1334
      vertex 41.4 18.1574 33.7927
      vertex 45 18.1574 33.7927
    endloop
  endfacet
  facet normal 0 -0.961329 -0.275403
    outer loop
      vertex 41.4 18.2534 33.4576
      vertex 45 18.1574 33.7927
      vertex 41.4 18.1574 33.7927
    endloop
  endfacet
  facet normal 0 -0.961329 -0.275403
    outer loop
      vertex 45 18.1574 33.7927
      vertex 41.4 18.2534 33.4576
      vertex 45 18.2534 33.4576
    endloop
  endfacet
  facet normal 0 -0.939651 -0.342135
    outer loop
      vertex 41.4 18.3725 33.1305
      vertex 45 18.2534 33.4576
      vertex 41.4 18.2534 33.4576
    endloop
  endfacet
  facet normal 0 -0.939651 -0.342135
    outer loop
      vertex 45 18.2534 33.4576
      vertex 41.4 18.3725 33.1305
      vertex 45 18.3725 33.1305
    endloop
  endfacet
  facet normal 0 -0.913563 -0.406698
    outer loop
      vertex 41.4 18.5142 32.8122
      vertex 45 18.3725 33.1305
      vertex 41.4 18.3725 33.1305
    endloop
  endfacet
  facet normal 0 -0.913563 -0.406698
    outer loop
      vertex 45 18.3725 33.1305
      vertex 41.4 18.5142 32.8122
      vertex 45 18.5142 32.8122
    endloop
  endfacet
  facet normal 0 -0.8829 -0.469561
    outer loop
      vertex 41.4 18.6779 32.5044
      vertex 45 18.5142 32.8122
      vertex 41.4 18.5142 32.8122
    endloop
  endfacet
  facet normal 0 -0.8829 -0.469561
    outer loop
      vertex 45 18.5142 32.8122
      vertex 41.4 18.6779 32.5044
      vertex 45 18.6779 32.5044
    endloop
  endfacet
  facet normal 0 -0.847998 -0.529999
    outer loop
      vertex 41.4 18.8624 32.2092
      vertex 45 18.6779 32.5044
      vertex 41.4 18.6779 32.5044
    endloop
  endfacet
  facet normal 0 -0.847998 -0.529999
    outer loop
      vertex 45 18.6779 32.5044
      vertex 41.4 18.8624 32.2092
      vertex 45 18.8624 32.2092
    endloop
  endfacet
  facet normal 0 -0.809071 -0.587711
    outer loop
      vertex 41.4 19.0671 31.9274
      vertex 45 18.8624 32.2092
      vertex 41.4 18.8624 32.2092
    endloop
  endfacet
  facet normal 0 -0.809071 -0.587711
    outer loop
      vertex 45 18.8624 32.2092
      vertex 41.4 19.0671 31.9274
      vertex 45 19.0671 31.9274
    endloop
  endfacet
  facet normal 0 -0.7661 -0.642721
    outer loop
      vertex 41.4 19.2911 31.6604
      vertex 45 19.0671 31.9274
      vertex 41.4 19.0671 31.9274
    endloop
  endfacet
  facet normal 0 -0.7661 -0.642721
    outer loop
      vertex 45 19.0671 31.9274
      vertex 41.4 19.2911 31.6604
      vertex 45 19.2911 31.6604
    endloop
  endfacet
  facet normal 0 -0.719204 -0.694799
    outer loop
      vertex 41.4 19.5331 31.4099
      vertex 45 19.2911 31.6604
      vertex 41.4 19.2911 31.6604
    endloop
  endfacet
  facet normal 0 -0.719204 -0.694799
    outer loop
      vertex 45 19.2911 31.6604
      vertex 41.4 19.5331 31.4099
      vertex 45 19.5331 31.4099
    endloop
  endfacet
  facet normal 0 -0.669266 -0.743023
    outer loop
      vertex 41.4 19.5331 31.4099
      vertex 45 19.792 31.1767
      vertex 45 19.5331 31.4099
    endloop
  endfacet
  facet normal -0 -0.669266 -0.743023
    outer loop
      vertex 45 19.792 31.1767
      vertex 41.4 19.5331 31.4099
      vertex 41.4 19.792 31.1767
    endloop
  endfacet
  facet normal 0 -0.615549 -0.788098
    outer loop
      vertex 41.4 19.792 31.1767
      vertex 45 20.0665 30.9623
      vertex 45 19.792 31.1767
    endloop
  endfacet
  facet normal -0 -0.615549 -0.788098
    outer loop
      vertex 45 20.0665 30.9623
      vertex 41.4 19.792 31.1767
      vertex 41.4 20.0665 30.9623
    endloop
  endfacet
  facet normal 0 -0.559132 -0.829078
    outer loop
      vertex 41.4 20.0665 30.9623
      vertex 45 20.3552 30.7676
      vertex 45 20.0665 30.9623
    endloop
  endfacet
  facet normal -0 -0.559132 -0.829078
    outer loop
      vertex 45 20.3552 30.7676
      vertex 41.4 20.0665 30.9623
      vertex 41.4 20.3552 30.7676
    endloop
  endfacet
  facet normal 0 -0.500244 -0.865884
    outer loop
      vertex 41.4 20.3552 30.7676
      vertex 45 20.6569 30.5933
      vertex 45 20.3552 30.7676
    endloop
  endfacet
  facet normal -0 -0.500244 -0.865884
    outer loop
      vertex 45 20.6569 30.5933
      vertex 41.4 20.3552 30.7676
      vertex 41.4 20.6569 30.5933
    endloop
  endfacet
  facet normal 0 -0.438237 -0.898859
    outer loop
      vertex 41.4 20.6569 30.5933
      vertex 45 20.9701 30.4406
      vertex 45 20.6569 30.5933
    endloop
  endfacet
  facet normal -0 -0.438237 -0.898859
    outer loop
      vertex 45 20.9701 30.4406
      vertex 41.4 20.6569 30.5933
      vertex 41.4 20.9701 30.4406
    endloop
  endfacet
  facet normal 0 -0.374705 -0.927144
    outer loop
      vertex 41.4 20.9701 30.4406
      vertex 45 21.293 30.3101
      vertex 45 20.9701 30.4406
    endloop
  endfacet
  facet normal -0 -0.374705 -0.927144
    outer loop
      vertex 45 21.293 30.3101
      vertex 41.4 20.9701 30.4406
      vertex 41.4 21.293 30.3101
    endloop
  endfacet
  facet normal 0 -0.308813 -0.951123
    outer loop
      vertex 41.4 21.293 30.3101
      vertex 45 21.6244 30.2025
      vertex 45 21.293 30.3101
    endloop
  endfacet
  facet normal -0 -0.308813 -0.951123
    outer loop
      vertex 45 21.6244 30.2025
      vertex 41.4 21.293 30.3101
      vertex 41.4 21.6244 30.2025
    endloop
  endfacet
  facet normal 0 -0.241959 -0.970286
    outer loop
      vertex 41.4 21.6244 30.2025
      vertex 45 21.9412 30.1235
      vertex 45 21.6244 30.2025
    endloop
  endfacet
  facet normal -0 -0.241959 -0.970286
    outer loop
      vertex 45 21.9412 30.1235
      vertex 41.4 21.6244 30.2025
      vertex 41.4 21.9412 30.1235
    endloop
  endfacet
  facet normal 0 -0.165186 -0.986263
    outer loop
      vertex 41.4 21.9412 30.1235
      vertex 45 22.3275 30.0588
      vertex 45 21.9412 30.1235
    endloop
  endfacet
  facet normal -0 -0.165186 -0.986263
    outer loop
      vertex 45 22.3275 30.0588
      vertex 41.4 21.9412 30.1235
      vertex 41.4 22.3275 30.0588
    endloop
  endfacet
  facet normal 0 -0.08711 -0.996199
    outer loop
      vertex 41.4 22.3275 30.0588
      vertex 45 22.8913 30.0095
      vertex 45 22.3275 30.0588
    endloop
  endfacet
  facet normal -0 -0.08711 -0.996199
    outer loop
      vertex 45 22.8913 30.0095
      vertex 41.4 22.3275 30.0588
      vertex 41.4 22.8913 30.0095
    endloop
  endfacet
  facet normal 0 -0.0435766 -0.99905
    outer loop
      vertex 41.4 22.8913 30.0095
      vertex 45 23.1091 30
      vertex 45 22.8913 30.0095
    endloop
  endfacet
  facet normal -0 -0.0435766 -0.99905
    outer loop
      vertex 45 23.1091 30
      vertex 41.4 22.8913 30.0095
      vertex 41.4 23.1091 30
    endloop
  endfacet
  facet normal 0 0 -1
    outer loop
      vertex 41.4 23.1091 30
      vertex 45 35.5 30
      vertex 45 23.1091 30
    endloop
  endfacet
  facet normal -0 0 -1
    outer loop
      vertex 45 35.5 30
      vertex 41.4 23.1091 30
      vertex 41.4 35.5 30
    endloop
  endfacet
  facet normal 0 -0.0698106 -0.99756
    outer loop
      vertex 41.4 35.5 30
      vertex 45 36.1959 29.9513
      vertex 45 35.5 30
    endloop
  endfacet
  facet normal -0 -0.0698106 -0.99756
    outer loop
      vertex 45 36.1959 29.9513
      vertex 41.4 35.5 30
      vertex 41.4 36.1959 29.9513
    endloop
  endfacet
  facet normal 0 -0.207874 -0.978156
    outer loop
      vertex 41.4 36.1959 29.9513
      vertex 45 36.8782 29.8063
      vertex 45 36.1959 29.9513
    endloop
  endfacet
  facet normal -0 -0.207874 -0.978156
    outer loop
      vertex 45 36.8782 29.8063
      vertex 41.4 36.1959 29.9513
      vertex 41.4 36.8782 29.8063
    endloop
  endfacet
  facet normal 0 -0.342042 -0.939685
    outer loop
      vertex 41.4 36.8782 29.8063
      vertex 45 37.5337 29.5677
      vertex 45 36.8782 29.8063
    endloop
  endfacet
  facet normal -0 -0.342042 -0.939685
    outer loop
      vertex 45 37.5337 29.5677
      vertex 41.4 36.8782 29.8063
      vertex 41.4 37.5337 29.5677
    endloop
  endfacet
  facet normal 0 -0.469494 -0.882936
    outer loop
      vertex 41.4 37.5337 29.5677
      vertex 45 38.1496 29.2402
      vertex 45 37.5337 29.5677
    endloop
  endfacet
  facet normal -0 -0.469494 -0.882936
    outer loop
      vertex 45 38.1496 29.2402
      vertex 41.4 37.5337 29.5677
      vertex 41.4 38.1496 29.2402
    endloop
  endfacet
  facet normal 0 -0.587797 -0.809009
    outer loop
      vertex 41.4 38.1496 29.2402
      vertex 45 38.7139 28.8302
      vertex 45 38.1496 29.2402
    endloop
  endfacet
  facet normal -0 -0.587797 -0.809009
    outer loop
      vertex 45 38.7139 28.8302
      vertex 41.4 38.1496 29.2402
      vertex 41.4 38.7139 28.8302
    endloop
  endfacet
  facet normal 0 -0.69455 -0.719445
    outer loop
      vertex 41.4 39 28.554
      vertex 45 38.7139 28.8302
      vertex 41.4 38.7139 28.8302
    endloop
  endfacet
  facet normal -7.28367e-06 -0.694597 -0.719399
    outer loop
      vertex 45 38.7139 28.8302
      vertex 41.4 39 28.554
      vertex 45 39.2157 28.3457
    endloop
  endfacet
  facet normal 0 -0.69466 -0.719338
    outer loop
      vertex 31 39.2157 28.3457
      vertex 41.4 39 28.554
      vertex 31 39 28.554
    endloop
  endfacet
  facet normal 0 -0.69466 -0.719338
    outer loop
      vertex 41.4 39 28.554
      vertex 31 39.2157 28.3457
      vertex 45 39.2157 28.3457
    endloop
  endfacet
  facet normal 0 -0.787992 -0.615686
    outer loop
      vertex 31 39.6452 27.796
      vertex 45 39.2157 28.3457
      vertex 31 39.2157 28.3457
    endloop
  endfacet
  facet normal 0 -0.787992 -0.615686
    outer loop
      vertex 45 39.2157 28.3457
      vertex 31 39.6452 27.796
      vertex 45 39.6452 27.796
    endloop
  endfacet
  facet normal 0 -0.866047 -0.499962
    outer loop
      vertex 31 39.994 27.1918
      vertex 45 39.6452 27.796
      vertex 31 39.6452 27.796
    endloop
  endfacet
  facet normal 0 -0.866047 -0.499962
    outer loop
      vertex 45 39.6452 27.796
      vertex 31 39.994 27.1918
      vertex 45 39.994 27.1918
    endloop
  endfacet
  facet normal 0 -0.927176 -0.374627
    outer loop
      vertex 31 40.2553 26.5451
      vertex 45 39.994 27.1918
      vertex 31 39.994 27.1918
    endloop
  endfacet
  facet normal 0 -0.927176 -0.374627
    outer loop
      vertex 45 39.994 27.1918
      vertex 31 40.2553 26.5451
      vertex 45 40.2553 26.5451
    endloop
  endfacet
  facet normal 0 -0.970319 -0.241827
    outer loop
      vertex 31 40.424 25.8682
      vertex 45 40.2553 26.5451
      vertex 31 40.2553 26.5451
    endloop
  endfacet
  facet normal 0 -0.970319 -0.241827
    outer loop
      vertex 45 40.2553 26.5451
      vertex 31 40.424 25.8682
      vertex 45 40.424 25.8682
    endloop
  endfacet
  facet normal 0 -0.99619 -0.087204
    outer loop
      vertex 31 40.5 25
      vertex 45 40.424 25.8682
      vertex 31 40.424 25.8682
    endloop
  endfacet
  facet normal 0 -0.99619 -0.087204
    outer loop
      vertex 45 40.424 25.8682
      vertex 31 40.5 25
      vertex 45 40.5 25
    endloop
  endfacet
  facet normal 0 -1 0
    outer loop
      vertex 31 40.5 10
      vertex 45 40.5 25
      vertex 31 40.5 25
    endloop
  endfacet
  facet normal 0 -1 -0
    outer loop
      vertex 45 40.5 25
      vertex 31 40.5 10
      vertex 45 40.5 10
    endloop
  endfacet
  facet normal 0 -0.99756 0.0698146
    outer loop
      vertex 31 40.4513 9.30414
      vertex 45 40.5 10
      vertex 31 40.5 10
    endloop
  endfacet
  facet normal 0 -0.99756 0.0698146
    outer loop
      vertex 45 40.5 10
      vertex 31 40.4513 9.30414
      vertex 45 40.4513 9.30414
    endloop
  endfacet
  facet normal 0 -0.978157 0.207865
    outer loop
      vertex 31 40.3063 8.62181
      vertex 45 40.4513 9.30414
      vertex 31 40.4513 9.30414
    endloop
  endfacet
  facet normal 0 -0.978157 0.207865
    outer loop
      vertex 45 40.4513 9.30414
      vertex 31 40.3063 8.62181
      vertex 45 40.3063 8.62181
    endloop
  endfacet
  facet normal 0 -0.939702 0.341993
    outer loop
      vertex 31 40.3063 8.62181
      vertex 45 40.08 8
      vertex 45 40.3063 8.62181
    endloop
  endfacet
  facet normal 2.71137e-06 -0.939683 0.342047
    outer loop
      vertex 31 40.0677 7.96632
      vertex 45 40.08 8
      vertex 31 40.3063 8.62181
    endloop
  endfacet
  facet normal 0 -0.93932 0.343042
    outer loop
      vertex 45.4 40.0677 7.96632
      vertex 45 40.08 8
      vertex 31 40.0677 7.96632
    endloop
  endfacet
  facet normal 0 -0.93932 0.343042
    outer loop
      vertex 45 40.08 8
      vertex 45.4 40.0677 7.96632
      vertex 45.4 40.08 8
    endloop
  endfacet
  facet normal 0 -0.882942 0.469482
    outer loop
      vertex 31 39.7402 7.3504
      vertex 45.4 40.0677 7.96632
      vertex 31 40.0677 7.96632
    endloop
  endfacet
  facet normal 0 -0.882942 0.469482
    outer loop
      vertex 45.4 40.0677 7.96632
      vertex 31 39.7402 7.3504
      vertex 45.4 39.7402 7.3504
    endloop
  endfacet
  facet normal 0 -0.809029 0.587769
    outer loop
      vertex 31 39.3302 6.78606
      vertex 45.4 39.7402 7.3504
      vertex 31 39.7402 7.3504
    endloop
  endfacet
  facet normal 0 -0.809029 0.587769
    outer loop
      vertex 45.4 39.7402 7.3504
      vertex 31 39.3302 6.78606
      vertex 45.4 39.3302 6.78606
    endloop
  endfacet
  facet normal 0 -0.719368 0.694629
    outer loop
      vertex 41.4 39 6.4441
      vertex 31 39.3302 6.78606
      vertex 31 39 6.4441
    endloop
  endfacet
  facet normal 0 -0.719368 0.694629
    outer loop
      vertex 31 39.3302 6.78606
      vertex 41.4 39 6.4441
      vertex 45.4 39.3302 6.78606
    endloop
  endfacet
  facet normal 0 -0.719443 0.694551
    outer loop
      vertex 45.4 38.8457 6.28427
      vertex 41.4 39 6.4441
      vertex 41.4 38.8457 6.28427
    endloop
  endfacet
  facet normal 4.09953e-06 -0.719392 0.694604
    outer loop
      vertex 41.4 39 6.4441
      vertex 45.4 38.8457 6.28427
      vertex 45.4 39.3302 6.78606
    endloop
  endfacet
  facet normal 0 -0.61565 0.78802
    outer loop
      vertex 41.4 38.8457 6.28427
      vertex 45.4 38.296 5.85481
      vertex 45.4 38.8457 6.28427
    endloop
  endfacet
  facet normal 0 -0.61565 0.78802
    outer loop
      vertex 45.4 38.296 5.85481
      vertex 41.4 38.8457 6.28427
      vertex 41.4 38.296 5.85481
    endloop
  endfacet
  facet normal 0 -0.499941 0.86606
    outer loop
      vertex 41.4 38.296 5.85481
      vertex 45.4 37.6918 5.50603
      vertex 45.4 38.296 5.85481
    endloop
  endfacet
  facet normal 0 -0.499941 0.86606
    outer loop
      vertex 45.4 37.6918 5.50603
      vertex 41.4 38.296 5.85481
      vertex 41.4 37.6918 5.50603
    endloop
  endfacet
  facet normal 0 -0.374639 0.927171
    outer loop
      vertex 41.4 37.6918 5.50603
      vertex 45.4 37.0451 5.24472
      vertex 45.4 37.6918 5.50603
    endloop
  endfacet
  facet normal 0 -0.374639 0.927171
    outer loop
      vertex 45.4 37.0451 5.24472
      vertex 41.4 37.6918 5.50603
      vertex 41.4 37.0451 5.24472
    endloop
  endfacet
  facet normal 0 -0.241908 0.970299
    outer loop
      vertex 41.4 37.0451 5.24472
      vertex 45.4 36.3682 5.07596
      vertex 45.4 37.0451 5.24472
    endloop
  endfacet
  facet normal 0 -0.241908 0.970299
    outer loop
      vertex 45.4 36.3682 5.07596
      vertex 41.4 37.0451 5.24472
      vertex 41.4 36.3682 5.07596
    endloop
  endfacet
  facet normal 0 -0.0871584 0.996194
    outer loop
      vertex 41.4 36.3682 5.07596
      vertex 45.4 35.5 5
      vertex 45.4 36.3682 5.07596
    endloop
  endfacet
  facet normal 0 -0.0871584 0.996194
    outer loop
      vertex 45.4 35.5 5
      vertex 41.4 36.3682 5.07596
      vertex 41.4 35.5 5
    endloop
  endfacet
  facet normal -0 0 1
    outer loop
      vertex 41.4 35.5 5
      vertex 45.4 -35.5 5
      vertex 45.4 35.5 5
    endloop
  endfacet
  facet normal 0 0 1
    outer loop
      vertex 45.4 -35.5 5
      vertex 41.4 35.5 5
      vertex 41.4 -35.5 5
    endloop
  endfacet
  facet normal -0 0.0697535 0.997564
    outer loop
      vertex 41.4 -35.5 5
      vertex 45.4 -36.1959 5.04866
      vertex 45.4 -35.5 5
    endloop
  endfacet
  facet normal 0 0.0697535 0.997564
    outer loop
      vertex 45.4 -36.1959 5.04866
      vertex 41.4 -35.5 5
      vertex 41.4 -36.1959 5.04866
    endloop
  endfacet
  facet normal -0 0.207929 0.978144
    outer loop
      vertex 41.4 -36.1959 5.04866
      vertex 45.4 -36.8782 5.1937
      vertex 45.4 -36.1959 5.04866
    endloop
  endfacet
  facet normal 0 0.207929 0.978144
    outer loop
      vertex 45.4 -36.8782 5.1937
      vertex 41.4 -36.1959 5.04866
      vertex 41.4 -36.8782 5.1937
    endloop
  endfacet
  facet normal -0 0.342004 0.939698
    outer loop
      vertex 41.4 -36.8782 5.1937
      vertex 45.4 -37.5337 5.43227
      vertex 45.4 -36.8782 5.1937
    endloop
  endfacet
  facet normal 0 0.342004 0.939698
    outer loop
      vertex 45.4 -37.5337 5.43227
      vertex 41.4 -36.8782 5.1937
      vertex 41.4 -37.5337 5.43227
    endloop
  endfacet
  facet normal -0 0.469494 0.882936
    outer loop
      vertex 41.4 -37.5337 5.43227
      vertex 45.4 -38.1496 5.75977
      vertex 45.4 -37.5337 5.43227
    endloop
  endfacet
  facet normal 0 0.469494 0.882936
    outer loop
      vertex 45.4 -38.1496 5.75977
      vertex 41.4 -37.5337 5.43227
      vertex 41.4 -38.1496 5.75977
    endloop
  endfacet
  facet normal -0 0.587806 0.809002
    outer loop
      vertex 41.4 -38.1496 5.75977
      vertex 45.4 -38.7139 6.16978
      vertex 45.4 -38.1496 5.75977
    endloop
  endfacet
  facet normal 0 0.587806 0.809002
    outer loop
      vertex 45.4 -38.7139 6.16978
      vertex 41.4 -38.1496 5.75977
      vertex 41.4 -38.7139 6.16978
    endloop
  endfacet
  facet normal -0 0.694642 0.719356
    outer loop
      vertex 41.4 -38.7139 6.16978
      vertex 45.4 -39.2157 6.65434
      vertex 45.4 -38.7139 6.16978
    endloop
  endfacet
  facet normal 0 0.694642 0.719356
    outer loop
      vertex 45.4 -39.2157 6.65434
      vertex 41.4 -38.7139 6.16978
      vertex 41.4 -39.2157 6.65434
    endloop
  endfacet
  facet normal 0 0.787992 0.615686
    outer loop
      vertex 45.4 -39.2157 6.65434
      vertex 41.4 -39.6452 7.20404
      vertex 45.4 -39.6452 7.20404
    endloop
  endfacet
  facet normal 0 0.787992 0.615686
    outer loop
      vertex 41.4 -39.6452 7.20404
      vertex 45.4 -39.2157 6.65434
      vertex 41.4 -39.2157 6.65434
    endloop
  endfacet
  facet normal 0 0.866015 0.500018
    outer loop
      vertex 45.4 -39.6452 7.20404
      vertex 41.4 -39.994 7.80815
      vertex 45.4 -39.994 7.80815
    endloop
  endfacet
  facet normal 0 0.866015 0.500018
    outer loop
      vertex 41.4 -39.994 7.80815
      vertex 45.4 -39.6452 7.20404
      vertex 41.4 -39.6452 7.20404
    endloop
  endfacet
  facet normal 0 0.927205 0.374555
    outer loop
      vertex 45.4 -40.0715 8
      vertex 45.4 -39.994 7.80815
      vertex 45 -40.0715 8
    endloop
  endfacet
  facet normal 0 0.927181 0.374614
    outer loop
      vertex 45 -40.0715 8
      vertex 41.4 -40.2553 8.45491
      vertex 45 -40.2553 8.45491
    endloop
  endfacet
  facet normal -0 0.927205 0.374555
    outer loop
      vertex 41.4 -39.994 7.80815
      vertex 45 -40.0715 8
      vertex 45.4 -39.994 7.80815
    endloop
  endfacet
  facet normal -2.59042e-06 0.927188 0.374597
    outer loop
      vertex 45 -40.0715 8
      vertex 41.4 -39.994 7.80815
      vertex 41.4 -40.2553 8.45491
    endloop
  endfacet
  facet normal 0 0.970315 0.241844
    outer loop
      vertex 45 -40.2553 8.45491
      vertex 41.4 -40.424 9.13176
      vertex 45 -40.424 9.13176
    endloop
  endfacet
  facet normal 0 0.970315 0.241844
    outer loop
      vertex 41.4 -40.424 9.13176
      vertex 45 -40.2553 8.45491
      vertex 41.4 -40.2553 8.45491
    endloop
  endfacet
  facet normal 0 0.996191 0.0872
    outer loop
      vertex 45 -40.424 9.13176
      vertex 41.4 -40.5 10
      vertex 45 -40.5 10
    endloop
  endfacet
  facet normal 0 0.996191 0.0872
    outer loop
      vertex 41.4 -40.5 10
      vertex 45 -40.424 9.13176
      vertex 41.4 -40.424 9.13176
    endloop
  endfacet
  facet normal 0 1 -0
    outer loop
      vertex 45 -40.5 10
      vertex 41.4 -40.5 25
      vertex 45 -40.5 25
    endloop
  endfacet
  facet normal 0 1 0
    outer loop
      vertex 41.4 -40.5 25
      vertex 45 -40.5 10
      vertex 41.4 -40.5 10
    endloop
  endfacet
  facet normal 0 0.99756 -0.0698106
    outer loop
      vertex 45 -40.5 25
      vertex 41.4 -40.4513 25.6959
      vertex 45 -40.4513 25.6959
    endloop
  endfacet
  facet normal 0 0.99756 -0.0698106
    outer loop
      vertex 41.4 -40.4513 25.6959
      vertex 45 -40.5 25
      vertex 41.4 -40.5 25
    endloop
  endfacet
  facet normal 1 -0 0
    outer loop
      vertex -0.75 42.8 157
      vertex -0.75 45 9
      vertex -0.75 45 157
    endloop
  endfacet
  facet normal 1 0 0
    outer loop
      vertex -0.75 45 9
      vertex -0.75 42.8 157
      vertex -0.75 42.8 9
    endloop
  endfacet
  facet normal 0 0 -1
    outer loop
      vertex -0.75 42.8 157
      vertex 0.75 45 157
      vertex 0.75 42.8 157
    endloop
  endfacet
  facet normal -0 0 -1
    outer loop
      vertex 0.75 45 157
      vertex -0.75 42.8 157
      vertex -0.75 45 157
    endloop
  endfacet
  facet normal -1 0 0
    outer loop
      vertex 0.75 42.8 9
      vertex 0.75 45 157
      vertex 0.75 45 9
    endloop
  endfacet
  facet normal -1 -0 0
    outer loop
      vertex 0.75 45 157
      vertex 0.75 42.8 9
      vertex 0.75 42.8 157
    endloop
  endfacet
  facet normal -0 0 1
    outer loop
      vertex -0.75 45 9
      vertex 0.75 42.8 9
      vertex 0.75 45 9
    endloop
  endfacet
  facet normal 0 0 1
    outer loop
      vertex 0.75 42.8 9
      vertex -0.75 45 9
      vertex -0.75 42.8 9
    endloop
  endfacet
  facet normal 0 1 -0
    outer loop
      vertex 0.75 42.8 9
      vertex -0.75 42.8 157
      vertex 0.75 42.8 157
    endloop
  endfacet
  facet normal 0 1 0
    outer loop
      vertex -0.75 42.8 157
      vertex 0.75 42.8 9
      vertex -0.75 42.8 9
    endloop
  endfacet
  facet normal 0 1 -0
    outer loop
      vertex -2.95 41.35 122.7
      vertex -35.6 41.35 155.8
      vertex -2.95 41.35 155.8
    endloop
  endfacet
  facet normal 0 1 0
    outer loop
      vertex -35.6 41.35 155.8
      vertex -2.95 41.35 122.7
      vertex -35.6 41.35 122.7
    endloop
  endfacet
  facet normal 0 1 -0
    outer loop
      vertex 35.6 41.35 122.7
      vertex 2.95 41.35 155.8
      vertex 35.6 41.35 155.8
    endloop
  endfacet
  facet normal 0 1 0
    outer loop
      vertex 2.95 41.35 155.8
      vertex 35.6 41.35 122.7
      vertex 2.95 41.35 122.7
    endloop
  endfacet
  facet normal 0 0 -1
    outer loop
      vertex -35.6 41.35 155.8
      vertex -2.95 45 155.8
      vertex -2.95 41.35 155.8
    endloop
  endfacet
  facet normal -0 0 -1
    outer loop
      vertex -2.95 45 155.8
      vertex -35.6 41.35 155.8
      vertex -35.6 45 155.8
    endloop
  endfacet
  facet normal 1 -0 0
    outer loop
      vertex -35.6 41.35 155.8
      vertex -35.6 45 122.7
      vertex -35.6 45 155.8
    endloop
  endfacet
  facet normal 1 0 0
    outer loop
      vertex -35.6 45 122.7
      vertex -35.6 41.35 155.8
      vertex -35.6 41.35 122.7
    endloop
  endfacet
  facet normal -0 0 1
    outer loop
      vertex -35.6 45 122.7
      vertex -2.95 41.35 122.7
      vertex -2.95 45 122.7
    endloop
  endfacet
  facet normal 0 0 1
    outer loop
      vertex -2.95 41.35 122.7
      vertex -35.6 45 122.7
      vertex -35.6 41.35 122.7
    endloop
  endfacet
  facet normal -1 0 0
    outer loop
      vertex -2.95 41.35 122.7
      vertex -2.95 45 155.8
      vertex -2.95 45 122.7
    endloop
  endfacet
  facet normal -1 -0 0
    outer loop
      vertex -2.95 45 155.8
      vertex -2.95 41.35 122.7
      vertex -2.95 41.35 155.8
    endloop
  endfacet
  facet normal 0 0 -1
    outer loop
      vertex 2.95 41.35 155.8
      vertex 35.6 45 155.8
      vertex 35.6 41.35 155.8
    endloop
  endfacet
  facet normal -0 0 -1
    outer loop
      vertex 35.6 45 155.8
      vertex 2.95 41.35 155.8
      vertex 2.95 45 155.8
    endloop
  endfacet
  facet normal 1 -0 0
    outer loop
      vertex 2.95 41.35 155.8
      vertex 2.95 45 122.7
      vertex 2.95 45 155.8
    endloop
  endfacet
  facet normal 1 0 0
    outer loop
      vertex 2.95 45 122.7
      vertex 2.95 41.35 155.8
      vertex 2.95 41.35 122.7
    endloop
  endfacet
  facet normal -0 0 1
    outer loop
      vertex 2.95 45 122.7
      vertex 35.6 41.35 122.7
      vertex 35.6 45 122.7
    endloop
  endfacet
  facet normal 0 0 1
    outer loop
      vertex 35.6 41.35 122.7
      vertex 2.95 45 122.7
      vertex 2.95 41.35 122.7
    endloop
  endfacet
  facet normal -1 0 0
    outer loop
      vertex 35.6 41.35 122.7
      vertex 35.6 45 155.8
      vertex 35.6 45 122.7
    endloop
  endfacet
  facet normal -1 -0 0
    outer loop
      vertex 35.6 45 155.8
      vertex 35.6 41.35 122.7
      vertex 35.6 41.35 155.8
    endloop
  endfacet
  facet normal 0 1 0
    outer loop
      vertex -3.14999 43.3 119.4
      vertex -7.7895 43.3 112.062
      vertex -35.4 43.3 119.4
    endloop
  endfacet
  facet normal 0 1 0
    outer loop
      vertex -3.14999 43.3 119.4
      vertex -7.7895 43.3 91.4375
      vertex -7.7895 43.3 112.062
    endloop
  endfacet
  facet normal 0 1 0
    outer loop
      vertex -7.7895 43.3 91.4375
      vertex -3.14999 43.3 84.1
      vertex -30.7605 43.3 91.4375
    endloop
  endfacet
  facet normal 0 1 -0
    outer loop
      vertex -3.14999 43.3 84.1
      vertex -7.7895 43.3 91.4375
      vertex -3.14999 43.3 119.4
    endloop
  endfacet
  facet normal 0 1 -0
    outer loop
      vertex -30.7605 43.3 112.062
      vertex -35.4 43.3 119.4
      vertex -7.7895 43.3 112.062
    endloop
  endfacet
  facet normal 0 1 -0
    outer loop
      vertex -30.7605 43.3 91.4375
      vertex -35.4 43.3 119.4
      vertex -30.7605 43.3 112.062
    endloop
  endfacet
  facet normal 0 1 0
    outer loop
      vertex -30.7605 43.3 91.4375
      vertex -35.4 43.3 84.1
      vertex -35.4 43.3 119.4
    endloop
  endfacet
  facet normal 0 1 0
    outer loop
      vertex -35.4 43.3 84.1
      vertex -30.7605 43.3 91.4375
      vertex -3.14999 43.3 84.1
    endloop
  endfacet
  facet normal 0 1 -0
    outer loop
      vertex 35.4 43.3 84.1
      vertex 3.14999 43.3 119.4
      vertex 35.4 43.3 119.4
    endloop
  endfacet
  facet normal 0 1 0
    outer loop
      vertex 3.14999 43.3 119.4
      vertex 35.4 43.3 84.1
      vertex 3.14999 43.3 84.1
    endloop
  endfacet
  facet normal 0 1 -0
    outer loop
      vertex -3.14999 43.3 46.6
      vertex -35.4 43.3 81.9
      vertex -3.14999 43.3 81.9
    endloop
  endfacet
  facet normal 0 1 0
    outer loop
      vertex -35.4 43.3 81.9
      vertex -3.14999 43.3 46.6
      vertex -35.4 43.3 46.6
    endloop
  endfacet
  facet normal 0 1 -0
    outer loop
      vertex 35.4 43.3 46.6
      vertex 3.14999 43.3 81.9
      vertex 35.4 43.3 81.9
    endloop
  endfacet
  facet normal 0 1 0
    outer loop
      vertex 3.14999 43.3 81.9
      vertex 35.4 43.3 46.6
      vertex 3.14999 43.3 46.6
    endloop
  endfacet
  facet normal 0 1 -0
    outer loop
      vertex -3.14999 43.3 9.09999
      vertex -35.4 43.3 44.4
      vertex -3.14999 43.3 44.4
    endloop
  endfacet
  facet normal 0 1 0
    outer loop
      vertex -35.4 43.3 44.4
      vertex -3.14999 43.3 9.09999
      vertex -35.4 43.3 9.09999
    endloop
  endfacet
  facet normal 0 1 -0
    outer loop
      vertex 35.4 43.3 9.09999
      vertex 3.14999 43.3 44.4
      vertex 35.4 43.3 44.4
    endloop
  endfacet
  facet normal 0 1 0
    outer loop
      vertex 3.14999 43.3 44.4
      vertex 35.4 43.3 9.09999
      vertex 3.14999 43.3 9.09999
    endloop
  endfacet
  facet normal 0 0 -1
    outer loop
      vertex -35.4 43.3 119.4
      vertex -3.14999 45 119.4
      vertex -3.14999 43.3 119.4
    endloop
  endfacet
  facet normal -0 0 -1
    outer loop
      vertex -3.14999 45 119.4
      vertex -35.4 43.3 119.4
      vertex -35.4 45 119.4
    endloop
  endfacet
  facet normal 1 -0 0
    outer loop
      vertex -35.4 43.3 119.4
      vertex -35.4 45 84.1
      vertex -35.4 45 119.4
    endloop
  endfacet
  facet normal 1 0 0
    outer loop
      vertex -35.4 45 84.1
      vertex -35.4 43.3 119.4
      vertex -35.4 43.3 84.1
    endloop
  endfacet
  facet normal -0 0 1
    outer loop
      vertex -35.4 45 84.1
      vertex -3.14999 43.3 84.1
      vertex -3.14999 45 84.1
    endloop
  endfacet
  facet normal 0 0 1
    outer loop
      vertex -3.14999 43.3 84.1
      vertex -35.4 45 84.1
      vertex -35.4 43.3 84.1
    endloop
  endfacet
  facet normal -1 0 0
    outer loop
      vertex -3.14999 43.3 84.1
      vertex -3.14999 45 119.4
      vertex -3.14999 45 84.1
    endloop
  endfacet
  facet normal -1 -0 0
    outer loop
      vertex -3.14999 45 119.4
      vertex -3.14999 43.3 84.1
      vertex -3.14999 43.3 119.4
    endloop
  endfacet
  facet normal 0 0 -1
    outer loop
      vertex 3.14999 43.3 119.4
      vertex 35.4 45 119.4
      vertex 35.4 43.3 119.4
    endloop
  endfacet
  facet normal -0 0 -1
    outer loop
      vertex 35.4 45 119.4
      vertex 3.14999 43.3 119.4
      vertex 3.14999 45 119.4
    endloop
  endfacet
  facet normal 1 -0 0
    outer loop
      vertex 3.14999 43.3 119.4
      vertex 3.14999 45 84.1
      vertex 3.14999 45 119.4
    endloop
  endfacet
  facet normal 1 0 0
    outer loop
      vertex 3.14999 45 84.1
      vertex 3.14999 43.3 119.4
      vertex 3.14999 43.3 84.1
    endloop
  endfacet
  facet normal -0 0 1
    outer loop
      vertex 3.14999 45 84.1
      vertex 35.4 43.3 84.1
      vertex 35.4 45 84.1
    endloop
  endfacet
  facet normal 0 0 1
    outer loop
      vertex 35.4 43.3 84.1
      vertex 3.14999 45 84.1
      vertex 3.14999 43.3 84.1
    endloop
  endfacet
  facet normal -1 0 0
    outer loop
      vertex 35.4 43.3 84.1
      vertex 35.4 45 119.4
      vertex 35.4 45 84.1
    endloop
  endfacet
  facet normal -1 -0 0
    outer loop
      vertex 35.4 45 119.4
      vertex 35.4 43.3 84.1
      vertex 35.4 43.3 119.4
    endloop
  endfacet
  facet normal 0 0 -1
    outer loop
      vertex -35.4 43.3 81.9
      vertex -3.14999 45 81.9
      vertex -3.14999 43.3 81.9
    endloop
  endfacet
  facet normal -0 0 -1
    outer loop
      vertex -3.14999 45 81.9
      vertex -35.4 43.3 81.9
      vertex -35.4 45 81.9
    endloop
  endfacet
  facet normal 1 -0 0
    outer loop
      vertex -35.4 43.3 81.9
      vertex -35.4 45 46.6
      vertex -35.4 45 81.9
    endloop
  endfacet
  facet normal 1 0 0
    outer loop
      vertex -35.4 45 46.6
      vertex -35.4 43.3 81.9
      vertex -35.4 43.3 46.6
    endloop
  endfacet
  facet normal -0 0 1
    outer loop
      vertex -35.4 45 46.6
      vertex -3.14999 43.3 46.6
      vertex -3.14999 45 46.6
    endloop
  endfacet
  facet normal 0 0 1
    outer loop
      vertex -3.14999 43.3 46.6
      vertex -35.4 45 46.6
      vertex -35.4 43.3 46.6
    endloop
  endfacet
  facet normal -1 0 0
    outer loop
      vertex -3.14999 43.3 46.6
      vertex -3.14999 45 81.9
      vertex -3.14999 45 46.6
    endloop
  endfacet
  facet normal -1 -0 0
    outer loop
      vertex -3.14999 45 81.9
      vertex -3.14999 43.3 46.6
      vertex -3.14999 43.3 81.9
    endloop
  endfacet
  facet normal 0 0 -1
    outer loop
      vertex 3.14999 43.3 81.9
      vertex 35.4 45 81.9
      vertex 35.4 43.3 81.9
    endloop
  endfacet
  facet normal -0 0 -1
    outer loop
      vertex 35.4 45 81.9
      vertex 3.14999 43.3 81.9
      vertex 3.14999 45 81.9
    endloop
  endfacet
  facet normal 1 -0 0
    outer loop
      vertex 3.14999 43.3 81.9
      vertex 3.14999 45 46.6
      vertex 3.14999 45 81.9
    endloop
  endfacet
  facet normal 1 0 0
    outer loop
      vertex 3.14999 45 46.6
      vertex 3.14999 43.3 81.9
      vertex 3.14999 43.3 46.6
    endloop
  endfacet
  facet normal -0 0 1
    outer loop
      vertex 3.14999 45 46.6
      vertex 35.4 43.3 46.6
      vertex 35.4 45 46.6
    endloop
  endfacet
  facet normal 0 0 1
    outer loop
      vertex 35.4 43.3 46.6
      vertex 3.14999 45 46.6
      vertex 3.14999 43.3 46.6
    endloop
  endfacet
  facet normal -1 0 0
    outer loop
      vertex 35.4 43.3 46.6
      vertex 35.4 45 81.9
      vertex 35.4 45 46.6
    endloop
  endfacet
  facet normal -1 -0 0
    outer loop
      vertex 35.4 45 81.9
      vertex 35.4 43.3 46.6
      vertex 35.4 43.3 81.9
    endloop
  endfacet
  facet normal 0 0 -1
    outer loop
      vertex -35.4 43.3 44.4
      vertex -3.14999 45 44.4
      vertex -3.14999 43.3 44.4
    endloop
  endfacet
  facet normal -0 0 -1
    outer loop
      vertex -3.14999 45 44.4
      vertex -35.4 43.3 44.4
      vertex -35.4 45 44.4
    endloop
  endfacet
  facet normal 1 -0 0
    outer loop
      vertex -35.4 43.3 44.4
      vertex -35.4 45 9.09999
      vertex -35.4 45 44.4
    endloop
  endfacet
  facet normal 1 0 0
    outer loop
      vertex -35.4 45 9.09999
      vertex -35.4 43.3 44.4
      vertex -35.4 43.3 9.09999
    endloop
  endfacet
  facet normal -0 0 1
    outer loop
      vertex -35.4 45 9.09999
      vertex -3.14999 43.3 9.09999
      vertex -3.14999 45 9.09999
    endloop
  endfacet
  facet normal 0 0 1
    outer loop
      vertex -3.14999 43.3 9.09999
      vertex -35.4 45 9.09999
      vertex -35.4 43.3 9.09999
    endloop
  endfacet
  facet normal -1 0 0
    outer loop
      vertex -3.14999 43.3 9.09999
      vertex -3.14999 45 44.4
      vertex -3.14999 45 9.09999
    endloop
  endfacet
  facet normal -1 -0 0
    outer loop
      vertex -3.14999 45 44.4
      vertex -3.14999 43.3 9.09999
      vertex -3.14999 43.3 44.4
    endloop
  endfacet
  facet normal 0 0 -1
    outer loop
      vertex 3.14999 43.3 44.4
      vertex 35.4 45 44.4
      vertex 35.4 43.3 44.4
    endloop
  endfacet
  facet normal -0 0 -1
    outer loop
      vertex 35.4 45 44.4
      vertex 3.14999 43.3 44.4
      vertex 3.14999 45 44.4
    endloop
  endfacet
  facet normal 1 -0 0
    outer loop
      vertex 3.14999 43.3 44.4
      vertex 3.14999 45 9.09999
      vertex 3.14999 45 44.4
    endloop
  endfacet
  facet normal 1 0 0
    outer loop
      vertex 3.14999 45 9.09999
      vertex 3.14999 43.3 44.4
      vertex 3.14999 43.3 9.09999
    endloop
  endfacet
  facet normal -0 0 1
    outer loop
      vertex 3.14999 45 9.09999
      vertex 35.4 43.3 9.09999
      vertex 35.4 45 9.09999
    endloop
  endfacet
  facet normal 0 0 1
    outer loop
      vertex 35.4 43.3 9.09999
      vertex 3.14999 45 9.09999
      vertex 3.14999 43.3 9.09999
    endloop
  endfacet
  facet normal -1 0 0
    outer loop
      vertex 35.4 43.3 9.09999
      vertex 35.4 45 44.4
      vertex 35.4 45 9.09999
    endloop
  endfacet
  facet normal -1 -0 0
    outer loop
      vertex 35.4 45 44.4
      vertex 35.4 43.3 9.09999
      vertex 35.4 43.3 44.4
    endloop
  endfacet
  facet normal 1 -0 0
    outer loop
      vertex -35.8 42.05 171.2
      vertex -35.8 45 158.8
      vertex -35.8 45 171.2
    endloop
  endfacet
  facet normal 1 0 0
    outer loop
      vertex -35.8 45 158.8
      vertex -35.8 42.05 171.2
      vertex -35.8 42.05 158.8
    endloop
  endfacet
  facet normal -0 0 1
    outer loop
      vertex -35.8 45 158.8
      vertex 35.8 42.05 158.8
      vertex 35.8 45 158.8
    endloop
  endfacet
  facet normal 0 0 1
    outer loop
      vertex 35.8 42.05 158.8
      vertex -35.8 45 158.8
      vertex -35.8 42.05 158.8
    endloop
  endfacet
  facet normal 0 0 -1
    outer loop
      vertex -35.8 42.05 171.2
      vertex 35.8 45 171.2
      vertex 35.8 42.05 171.2
    endloop
  endfacet
  facet normal -0 0 -1
    outer loop
      vertex 35.8 45 171.2
      vertex -35.8 42.05 171.2
      vertex -35.8 45 171.2
    endloop
  endfacet
  facet normal 0 1 -0
    outer loop
      vertex 35.8 42.05 158.8
      vertex -35.8 42.05 171.2
      vertex 35.8 42.05 171.2
    endloop
  endfacet
  facet normal 0 1 0
    outer loop
      vertex -35.8 42.05 171.2
      vertex 35.8 42.05 158.8
      vertex -35.8 42.05 158.8
    endloop
  endfacet
  facet normal -1 0 0
    outer loop
      vertex 35.8 42.05 158.8
      vertex 35.8 45 171.2
      vertex 35.8 45 158.8
    endloop
  endfacet
  facet normal -1 -0 0
    outer loop
      vertex 35.8 45 171.2
      vertex 35.8 42.05 158.8
      vertex 35.8 42.05 171.2
    endloop
  endfacet
  facet normal 1 -0 0
    outer loop
      vertex -30.7605 41.4 112.062
      vertex -30.7605 43.3 91.4375
      vertex -30.7605 43.3 112.062
    endloop
  endfacet
  facet normal 1 0 0
    outer loop
      vertex -30.7605 43.3 91.4375
      vertex -30.7605 41.4 112.062
      vertex -30.7605 41.4 91.4375
    endloop
  endfacet
  facet normal 0 1 -0
    outer loop
      vertex -7.7895 41.4 91.4375
      vertex -30.7605 41.4 112.062
      vertex -7.7895 41.4 112.062
    endloop
  endfacet
  facet normal 0 1 0
    outer loop
      vertex -30.7605 41.4 112.062
      vertex -7.7895 41.4 91.4375
      vertex -30.7605 41.4 91.4375
    endloop
  endfacet
  facet normal -0 0 1
    outer loop
      vertex -30.7605 43.3 91.4375
      vertex -7.7895 41.4 91.4375
      vertex -7.7895 43.3 91.4375
    endloop
  endfacet
  facet normal 0 0 1
    outer loop
      vertex -7.7895 41.4 91.4375
      vertex -30.7605 43.3 91.4375
      vertex -30.7605 41.4 91.4375
    endloop
  endfacet
  facet normal -1 0 0
    outer loop
      vertex -7.7895 41.4 91.4375
      vertex -7.7895 43.3 112.062
      vertex -7.7895 43.3 91.4375
    endloop
  endfacet
  facet normal -1 -0 0
    outer loop
      vertex -7.7895 43.3 112.062
      vertex -7.7895 41.4 91.4375
      vertex -7.7895 41.4 112.062
    endloop
  endfacet
  facet normal 0 0 -1
    outer loop
      vertex -30.7605 41.4 112.062
      vertex -7.7895 43.3 112.062
      vertex -7.7895 41.4 112.062
    endloop
  endfacet
  facet normal -0 0 -1
    outer loop
      vertex -7.7895 43.3 112.062
      vertex -30.7605 41.4 112.062
      vertex -30.7605 43.3 112.062
    endloop
  endfacet
  facet normal 1 -0 0
    outer loop
      vertex -45 -35.6 155.8
      vertex -45 -2.95 122.7
      vertex -45 -2.95 155.8
    endloop
  endfacet
  facet normal 1 0 0
    outer loop
      vertex -45 -2.95 122.7
      vertex -45 -35.6 155.8
      vertex -45 -35.6 122.7
    endloop
  endfacet
  facet normal 1 -0 0
    outer loop
      vertex -45 2.95 155.8
      vertex -45 35.6 122.7
      vertex -45 35.6 155.8
    endloop
  endfacet
  facet normal 1 0 0
    outer loop
      vertex -45 35.6 122.7
      vertex -45 2.95 155.8
      vertex -45 2.95 122.7
    endloop
  endfacet
  facet normal 0 0 -1
    outer loop
      vertex -45 -35.6 155.8
      vertex -41.4 -2.95 155.8
      vertex -41.4 -35.6 155.8
    endloop
  endfacet
  facet normal -0 0 -1
    outer loop
      vertex -41.4 -2.95 155.8
      vertex -45 -35.6 155.8
      vertex -45 -2.95 155.8
    endloop
  endfacet
  facet normal 0 1 -0
    outer loop
      vertex -41.4 -35.6 122.7
      vertex -45 -35.6 155.8
      vertex -41.4 -35.6 155.8
    endloop
  endfacet
  facet normal 0 1 0
    outer loop
      vertex -45 -35.6 155.8
      vertex -41.4 -35.6 122.7
      vertex -45 -35.6 122.7
    endloop
  endfacet
  facet normal -0 0 1
    outer loop
      vertex -45 -2.95 122.7
      vertex -41.4 -35.6 122.7
      vertex -41.4 -2.95 122.7
    endloop
  endfacet
  facet normal 0 0 1
    outer loop
      vertex -41.4 -35.6 122.7
      vertex -45 -2.95 122.7
      vertex -45 -35.6 122.7
    endloop
  endfacet
  facet normal 0 -1 0
    outer loop
      vertex -45 -2.95 122.7
      vertex -41.4 -2.95 155.8
      vertex -45 -2.95 155.8
    endloop
  endfacet
  facet normal 0 -1 -0
    outer loop
      vertex -41.4 -2.95 155.8
      vertex -45 -2.95 122.7
      vertex -41.4 -2.95 122.7
    endloop
  endfacet
  facet normal 0 0 -1
    outer loop
      vertex -45 2.95 155.8
      vertex -41.4 35.6 155.8
      vertex -41.4 2.95 155.8
    endloop
  endfacet
  facet normal -0 0 -1
    outer loop
      vertex -41.4 35.6 155.8
      vertex -45 2.95 155.8
      vertex -45 35.6 155.8
    endloop
  endfacet
  facet normal 0 1 -0
    outer loop
      vertex -41.4 2.95 122.7
      vertex -45 2.95 155.8
      vertex -41.4 2.95 155.8
    endloop
  endfacet
  facet normal 0 1 0
    outer loop
      vertex -45 2.95 155.8
      vertex -41.4 2.95 122.7
      vertex -45 2.95 122.7
    endloop
  endfacet
  facet normal -0 0 1
    outer loop
      vertex -45 35.6 122.7
      vertex -41.4 2.95 122.7
      vertex -41.4 35.6 122.7
    endloop
  endfacet
  facet normal 0 0 1
    outer loop
      vertex -41.4 2.95 122.7
      vertex -45 35.6 122.7
      vertex -45 2.95 122.7
    endloop
  endfacet
  facet normal 0 -1 0
    outer loop
      vertex -45 35.6 122.7
      vertex -41.4 35.6 155.8
      vertex -45 35.6 155.8
    endloop
  endfacet
  facet normal 0 -1 -0
    outer loop
      vertex -41.4 35.6 155.8
      vertex -45 35.6 122.7
      vertex -41.4 35.6 122.7
    endloop
  endfacet
  facet normal 1 -0 0
    outer loop
      vertex -45 -35.4 119.4
      vertex -45 -3.14999 84.1
      vertex -45 -3.14999 119.4
    endloop
  endfacet
  facet normal 1 0 0
    outer loop
      vertex -45 -3.14999 84.1
      vertex -45 -35.4 119.4
      vertex -45 -35.4 84.1
    endloop
  endfacet
  facet normal 1 -0 0
    outer loop
      vertex -45 3.14999 119.4
      vertex -45 35.4 84.1
      vertex -45 35.4 119.4
    endloop
  endfacet
  facet normal 1 0 0
    outer loop
      vertex -45 35.4 84.1
      vertex -45 3.14999 119.4
      vertex -45 3.14999 84.1
    endloop
  endfacet
  facet normal 1 -0 0
    outer loop
      vertex -45 -35.4 81.9
      vertex -45 -3.14999 46.6
      vertex -45 -3.14999 81.9
    endloop
  endfacet
  facet normal 1 0 0
    outer loop
      vertex -45 -3.14999 46.6
      vertex -45 -35.4 81.9
      vertex -45 -35.4 46.6
    endloop
  endfacet
  facet normal 1 -0 0
    outer loop
      vertex -45 3.14999 81.9
      vertex -45 35.4 46.6
      vertex -45 35.4 81.9
    endloop
  endfacet
  facet normal 1 0 0
    outer loop
      vertex -45 35.4 46.6
      vertex -45 3.14999 81.9
      vertex -45 3.14999 46.6
    endloop
  endfacet
  facet normal 1 -0 0
    outer loop
      vertex -45 -35.4 44.4
      vertex -45 -3.14999 9.09999
      vertex -45 -3.14999 44.4
    endloop
  endfacet
  facet normal 1 0 0
    outer loop
      vertex -45 -3.14999 9.09999
      vertex -45 -35.4 44.4
      vertex -45 -35.4 9.09999
    endloop
  endfacet
  facet normal 1 -0 0
    outer loop
      vertex -45 3.14999 44.4
      vertex -45 35.4 9.09999
      vertex -45 35.4 44.4
    endloop
  endfacet
  facet normal 1 0 0
    outer loop
      vertex -45 35.4 9.09999
      vertex -45 3.14999 44.4
      vertex -45 3.14999 9.09999
    endloop
  endfacet
  facet normal -1 0 0
    outer loop
      vertex -43.3 -35.4 84.1
      vertex -43.3 -3.14999 119.4
      vertex -43.3 -3.14999 84.1
    endloop
  endfacet
  facet normal -1 -0 0
    outer loop
      vertex -43.3 -3.14999 119.4
      vertex -43.3 -35.4 84.1
      vertex -43.3 -35.4 119.4
    endloop
  endfacet
  facet normal -1 0 0
    outer loop
      vertex -43.3 3.14999 84.1
      vertex -43.3 35.4 119.4
      vertex -43.3 35.4 84.1
    endloop
  endfacet
  facet normal -1 -0 0
    outer loop
      vertex -43.3 35.4 119.4
      vertex -43.3 3.14999 84.1
      vertex -43.3 3.14999 119.4
    endloop
  endfacet
  facet normal -1 0 0
    outer loop
      vertex -43.3 -35.4 46.6
      vertex -43.3 -3.14999 81.9
      vertex -43.3 -3.14999 46.6
    endloop
  endfacet
  facet normal -1 -0 0
    outer loop
      vertex -43.3 -3.14999 81.9
      vertex -43.3 -35.4 46.6
      vertex -43.3 -35.4 81.9
    endloop
  endfacet
  facet normal -1 0 0
    outer loop
      vertex -43.3 3.14999 46.6
      vertex -43.3 35.4 81.9
      vertex -43.3 35.4 46.6
    endloop
  endfacet
  facet normal -1 -0 0
    outer loop
      vertex -43.3 35.4 81.9
      vertex -43.3 3.14999 46.6
      vertex -43.3 3.14999 81.9
    endloop
  endfacet
  facet normal -1 0 0
    outer loop
      vertex -43.3 -35.4 9.09999
      vertex -43.3 -3.14999 44.4
      vertex -43.3 -3.14999 9.09999
    endloop
  endfacet
  facet normal -1 -0 0
    outer loop
      vertex -43.3 -3.14999 44.4
      vertex -43.3 -35.4 9.09999
      vertex -43.3 -35.4 44.4
    endloop
  endfacet
  facet normal -1 0 0
    outer loop
      vertex -43.3 3.14999 9.09999
      vertex -43.3 35.4 44.4
      vertex -43.3 35.4 9.09999
    endloop
  endfacet
  facet normal -1 -0 0
    outer loop
      vertex -43.3 35.4 44.4
      vertex -43.3 3.14999 9.09999
      vertex -43.3 3.14999 44.4
    endloop
  endfacet
  facet normal 0 0 -1
    outer loop
      vertex -45 -35.4 119.4
      vertex -43.3 -3.14999 119.4
      vertex -43.3 -35.4 119.4
    endloop
  endfacet
  facet normal -0 0 -1
    outer loop
      vertex -43.3 -3.14999 119.4
      vertex -45 -35.4 119.4
      vertex -45 -3.14999 119.4
    endloop
  endfacet
  facet normal 0 1 -0
    outer loop
      vertex -43.3 -35.4 84.1
      vertex -45 -35.4 119.4
      vertex -43.3 -35.4 119.4
    endloop
  endfacet
  facet normal 0 1 0
    outer loop
      vertex -45 -35.4 119.4
      vertex -43.3 -35.4 84.1
      vertex -45 -35.4 84.1
    endloop
  endfacet
  facet normal -0 0 1
    outer loop
      vertex -45 -3.14999 84.1
      vertex -43.3 -35.4 84.1
      vertex -43.3 -3.14999 84.1
    endloop
  endfacet
  facet normal 0 0 1
    outer loop
      vertex -43.3 -35.4 84.1
      vertex -45 -3.14999 84.1
      vertex -45 -35.4 84.1
    endloop
  endfacet
  facet normal 0 -1 0
    outer loop
      vertex -45 -3.14999 84.1
      vertex -43.3 -3.14999 119.4
      vertex -45 -3.14999 119.4
    endloop
  endfacet
  facet normal 0 -1 -0
    outer loop
      vertex -43.3 -3.14999 119.4
      vertex -45 -3.14999 84.1
      vertex -43.3 -3.14999 84.1
    endloop
  endfacet
  facet normal 0 0 -1
    outer loop
      vertex -45 3.14999 119.4
      vertex -43.3 35.4 119.4
      vertex -43.3 3.14999 119.4
    endloop
  endfacet
  facet normal -0 0 -1
    outer loop
      vertex -43.3 35.4 119.4
      vertex -45 3.14999 119.4
      vertex -45 35.4 119.4
    endloop
  endfacet
  facet normal 0 1 -0
    outer loop
      vertex -43.3 3.14999 84.1
      vertex -45 3.14999 119.4
      vertex -43.3 3.14999 119.4
    endloop
  endfacet
  facet normal 0 1 0
    outer loop
      vertex -45 3.14999 119.4
      vertex -43.3 3.14999 84.1
      vertex -45 3.14999 84.1
    endloop
  endfacet
  facet normal -0 0 1
    outer loop
      vertex -45 35.4 84.1
      vertex -43.3 3.14999 84.1
      vertex -43.3 35.4 84.1
    endloop
  endfacet
  facet normal 0 0 1
    outer loop
      vertex -43.3 3.14999 84.1
      vertex -45 35.4 84.1
      vertex -45 3.14999 84.1
    endloop
  endfacet
  facet normal 0 -1 0
    outer loop
      vertex -45 35.4 84.1
      vertex -43.3 35.4 119.4
      vertex -45 35.4 119.4
    endloop
  endfacet
  facet normal 0 -1 -0
    outer loop
      vertex -43.3 35.4 119.4
      vertex -45 35.4 84.1
      vertex -43.3 35.4 84.1
    endloop
  endfacet
  facet normal 0 0 -1
    outer loop
      vertex -45 -35.4 81.9
      vertex -43.3 -3.14999 81.9
      vertex -43.3 -35.4 81.9
    endloop
  endfacet
  facet normal -0 0 -1
    outer loop
      vertex -43.3 -3.14999 81.9
      vertex -45 -35.4 81.9
      vertex -45 -3.14999 81.9
    endloop
  endfacet
  facet normal 0 1 -0
    outer loop
      vertex -43.3 -35.4 46.6
      vertex -45 -35.4 81.9
      vertex -43.3 -35.4 81.9
    endloop
  endfacet
  facet normal 0 1 0
    outer loop
      vertex -45 -35.4 81.9
      vertex -43.3 -35.4 46.6
      vertex -45 -35.4 46.6
    endloop
  endfacet
  facet normal -0 0 1
    outer loop
      vertex -45 -3.14999 46.6
      vertex -43.3 -35.4 46.6
      vertex -43.3 -3.14999 46.6
    endloop
  endfacet
  facet normal 0 0 1
    outer loop
      vertex -43.3 -35.4 46.6
      vertex -45 -3.14999 46.6
      vertex -45 -35.4 46.6
    endloop
  endfacet
  facet normal 0 -1 0
    outer loop
      vertex -45 -3.14999 46.6
      vertex -43.3 -3.14999 81.9
      vertex -45 -3.14999 81.9
    endloop
  endfacet
  facet normal 0 -1 -0
    outer loop
      vertex -43.3 -3.14999 81.9
      vertex -45 -3.14999 46.6
      vertex -43.3 -3.14999 46.6
    endloop
  endfacet
  facet normal 0 0 -1
    outer loop
      vertex -45 3.14999 81.9
      vertex -43.3 35.4 81.9
      vertex -43.3 3.14999 81.9
    endloop
  endfacet
  facet normal -0 0 -1
    outer loop
      vertex -43.3 35.4 81.9
      vertex -45 3.14999 81.9
      vertex -45 35.4 81.9
    endloop
  endfacet
  facet normal 0 1 -0
    outer loop
      vertex -43.3 3.14999 46.6
      vertex -45 3.14999 81.9
      vertex -43.3 3.14999 81.9
    endloop
  endfacet
  facet normal 0 1 0
    outer loop
      vertex -45 3.14999 81.9
      vertex -43.3 3.14999 46.6
      vertex -45 3.14999 46.6
    endloop
  endfacet
  facet normal -0 0 1
    outer loop
      vertex -45 35.4 46.6
      vertex -43.3 3.14999 46.6
      vertex -43.3 35.4 46.6
    endloop
  endfacet
  facet normal 0 0 1
    outer loop
      vertex -43.3 3.14999 46.6
      vertex -45 35.4 46.6
      vertex -45 3.14999 46.6
    endloop
  endfacet
  facet normal 0 -1 0
    outer loop
      vertex -45 35.4 46.6
      vertex -43.3 35.4 81.9
      vertex -45 35.4 81.9
    endloop
  endfacet
  facet normal 0 -1 -0
    outer loop
      vertex -43.3 35.4 81.9
      vertex -45 35.4 46.6
      vertex -43.3 35.4 46.6
    endloop
  endfacet
  facet normal 0 0 -1
    outer loop
      vertex -45 -35.4 44.4
      vertex -43.3 -3.14999 44.4
      vertex -43.3 -35.4 44.4
    endloop
  endfacet
  facet normal -0 0 -1
    outer loop
      vertex -43.3 -3.14999 44.4
      vertex -45 -35.4 44.4
      vertex -45 -3.14999 44.4
    endloop
  endfacet
  facet normal 0 1 -0
    outer loop
      vertex -43.3 -35.4 9.09999
      vertex -45 -35.4 44.4
      vertex -43.3 -35.4 44.4
    endloop
  endfacet
  facet normal 0 1 0
    outer loop
      vertex -45 -35.4 44.4
      vertex -43.3 -35.4 9.09999
      vertex -45 -35.4 9.09999
    endloop
  endfacet
  facet normal -0 0 1
    outer loop
      vertex -45 -3.14999 9.09999
      vertex -43.3 -35.4 9.09999
      vertex -43.3 -3.14999 9.09999
    endloop
  endfacet
  facet normal 0 0 1
    outer loop
      vertex -43.3 -35.4 9.09999
      vertex -45 -3.14999 9.09999
      vertex -45 -35.4 9.09999
    endloop
  endfacet
  facet normal 0 -1 0
    outer loop
      vertex -45 -3.14999 9.09999
      vertex -43.3 -3.14999 44.4
      vertex -45 -3.14999 44.4
    endloop
  endfacet
  facet normal 0 -1 -0
    outer loop
      vertex -43.3 -3.14999 44.4
      vertex -45 -3.14999 9.09999
      vertex -43.3 -3.14999 9.09999
    endloop
  endfacet
  facet normal 0 0 -1
    outer loop
      vertex -45 3.14999 44.4
      vertex -43.3 35.4 44.4
      vertex -43.3 3.14999 44.4
    endloop
  endfacet
  facet normal -0 0 -1
    outer loop
      vertex -43.3 35.4 44.4
      vertex -45 3.14999 44.4
      vertex -45 35.4 44.4
    endloop
  endfacet
  facet normal 0 1 -0
    outer loop
      vertex -43.3 3.14999 9.09999
      vertex -45 3.14999 44.4
      vertex -43.3 3.14999 44.4
    endloop
  endfacet
  facet normal 0 1 0
    outer loop
      vertex -45 3.14999 44.4
      vertex -43.3 3.14999 9.09999
      vertex -45 3.14999 9.09999
    endloop
  endfacet
  facet normal -0 0 1
    outer loop
      vertex -45 35.4 9.09999
      vertex -43.3 3.14999 9.09999
      vertex -43.3 35.4 9.09999
    endloop
  endfacet
  facet normal 0 0 1
    outer loop
      vertex -43.3 3.14999 9.09999
      vertex -45 35.4 9.09999
      vertex -45 3.14999 9.09999
    endloop
  endfacet
  facet normal 0 -1 0
    outer loop
      vertex -45 35.4 9.09999
      vertex -43.3 35.4 44.4
      vertex -45 35.4 44.4
    endloop
  endfacet
  facet normal 0 -1 -0
    outer loop
      vertex -43.3 35.4 44.4
      vertex -45 35.4 9.09999
      vertex -43.3 35.4 9.09999
    endloop
  endfacet
  facet normal 0 0 -1
    outer loop
      vertex 2.95 -45 155.8
      vertex 35.6 -41.4 155.8
      vertex 35.6 -45 155.8
    endloop
  endfacet
  facet normal -0 0 -1
    outer loop
      vertex 35.6 -41.4 155.8
      vertex 2.95 -45 155.8
      vertex 2.95 -41.4 155.8
    endloop
  endfacet
  facet normal -1 0 0
    outer loop
      vertex 35.6 -45 122.7
      vertex 35.6 -41.4 155.8
      vertex 35.6 -41.4 122.7
    endloop
  endfacet
  facet normal -1 -0 0
    outer loop
      vertex 35.6 -41.4 155.8
      vertex 35.6 -45 122.7
      vertex 35.6 -45 155.8
    endloop
  endfacet
  facet normal -0 0 1
    outer loop
      vertex 2.95 -41.4 122.7
      vertex 35.6 -45 122.7
      vertex 35.6 -41.4 122.7
    endloop
  endfacet
  facet normal 0 0 1
    outer loop
      vertex 35.6 -45 122.7
      vertex 2.95 -41.4 122.7
      vertex 2.95 -45 122.7
    endloop
  endfacet
  facet normal 1 -0 0
    outer loop
      vertex 2.95 -45 155.8
      vertex 2.95 -41.4 122.7
      vertex 2.95 -41.4 155.8
    endloop
  endfacet
  facet normal 1 0 0
    outer loop
      vertex 2.95 -41.4 122.7
      vertex 2.95 -45 155.8
      vertex 2.95 -45 122.7
    endloop
  endfacet
  facet normal 0 0 -1
    outer loop
      vertex -35.6 -45 155.8
      vertex -2.95 -41.4 155.8
      vertex -2.95 -45 155.8
    endloop
  endfacet
  facet normal -0 0 -1
    outer loop
      vertex -2.95 -41.4 155.8
      vertex -35.6 -45 155.8
      vertex -35.6 -41.4 155.8
    endloop
  endfacet
  facet normal -1 0 0
    outer loop
      vertex -2.95 -45 122.7
      vertex -2.95 -41.4 155.8
      vertex -2.95 -41.4 122.7
    endloop
  endfacet
  facet normal -1 -0 0
    outer loop
      vertex -2.95 -41.4 155.8
      vertex -2.95 -45 122.7
      vertex -2.95 -45 155.8
    endloop
  endfacet
  facet normal -0 0 1
    outer loop
      vertex -35.6 -41.4 122.7
      vertex -2.95 -45 122.7
      vertex -2.95 -41.4 122.7
    endloop
  endfacet
  facet normal 0 0 1
    outer loop
      vertex -2.95 -45 122.7
      vertex -35.6 -41.4 122.7
      vertex -35.6 -45 122.7
    endloop
  endfacet
  facet normal 1 -0 0
    outer loop
      vertex -35.6 -45 155.8
      vertex -35.6 -41.4 122.7
      vertex -35.6 -41.4 155.8
    endloop
  endfacet
  facet normal 1 0 0
    outer loop
      vertex -35.6 -41.4 122.7
      vertex -35.6 -45 155.8
      vertex -35.6 -45 122.7
    endloop
  endfacet
  facet normal 0 -1 0
    outer loop
      vertex 3.14999 -43.3 84.1
      vertex 35.4 -43.3 119.4
      vertex 3.14999 -43.3 119.4
    endloop
  endfacet
  facet normal 0 -1 -0
    outer loop
      vertex 35.4 -43.3 119.4
      vertex 3.14999 -43.3 84.1
      vertex 35.4 -43.3 84.1
    endloop
  endfacet
  facet normal 0 -1 0
    outer loop
      vertex 3.14999 -43.3 46.6
      vertex 35.4 -43.3 81.9
      vertex 3.14999 -43.3 81.9
    endloop
  endfacet
  facet normal 0 -1 -0
    outer loop
      vertex 35.4 -43.3 81.9
      vertex 3.14999 -43.3 46.6
      vertex 35.4 -43.3 46.6
    endloop
  endfacet
  facet normal 0 -1 0
    outer loop
      vertex -35.4 -43.3 84.1
      vertex -3.14999 -43.3 119.4
      vertex -35.4 -43.3 119.4
    endloop
  endfacet
  facet normal 0 -1 -0
    outer loop
      vertex -3.14999 -43.3 119.4
      vertex -35.4 -43.3 84.1
      vertex -3.14999 -43.3 84.1
    endloop
  endfacet
  facet normal 0 -1 0
    outer loop
      vertex 3.14999 -43.3 9.09999
      vertex 35.4 -43.3 44.4
      vertex 3.14999 -43.3 44.4
    endloop
  endfacet
  facet normal 0 -1 -0
    outer loop
      vertex 35.4 -43.3 44.4
      vertex 3.14999 -43.3 9.09999
      vertex 35.4 -43.3 9.09999
    endloop
  endfacet
  facet normal 0 -1 0
    outer loop
      vertex -35.4 -43.3 46.6
      vertex -3.14999 -43.3 81.9
      vertex -35.4 -43.3 81.9
    endloop
  endfacet
  facet normal 0 -1 -0
    outer loop
      vertex -3.14999 -43.3 81.9
      vertex -35.4 -43.3 46.6
      vertex -3.14999 -43.3 46.6
    endloop
  endfacet
  facet normal 0 -1 0
    outer loop
      vertex -35.4 -43.3 9.09999
      vertex -3.14999 -43.3 44.4
      vertex -35.4 -43.3 44.4
    endloop
  endfacet
  facet normal 0 -1 -0
    outer loop
      vertex -3.14999 -43.3 44.4
      vertex -35.4 -43.3 9.09999
      vertex -3.14999 -43.3 9.09999
    endloop
  endfacet
  facet normal 0 0 -1
    outer loop
      vertex 3.14999 -45 119.4
      vertex 35.4 -43.3 119.4
      vertex 35.4 -45 119.4
    endloop
  endfacet
  facet normal -0 0 -1
    outer loop
      vertex 35.4 -43.3 119.4
      vertex 3.14999 -45 119.4
      vertex 3.14999 -43.3 119.4
    endloop
  endfacet
  facet normal -1 0 0
    outer loop
      vertex 35.4 -45 84.1
      vertex 35.4 -43.3 119.4
      vertex 35.4 -43.3 84.1
    endloop
  endfacet
  facet normal -1 -0 0
    outer loop
      vertex 35.4 -43.3 119.4
      vertex 35.4 -45 84.1
      vertex 35.4 -45 119.4
    endloop
  endfacet
  facet normal -0 0 1
    outer loop
      vertex 3.14999 -43.3 84.1
      vertex 35.4 -45 84.1
      vertex 35.4 -43.3 84.1
    endloop
  endfacet
  facet normal 0 0 1
    outer loop
      vertex 35.4 -45 84.1
      vertex 3.14999 -43.3 84.1
      vertex 3.14999 -45 84.1
    endloop
  endfacet
  facet normal 1 -0 0
    outer loop
      vertex 3.14999 -45 119.4
      vertex 3.14999 -43.3 84.1
      vertex 3.14999 -43.3 119.4
    endloop
  endfacet
  facet normal 1 0 0
    outer loop
      vertex 3.14999 -43.3 84.1
      vertex 3.14999 -45 119.4
      vertex 3.14999 -45 84.1
    endloop
  endfacet
  facet normal 0 0 -1
    outer loop
      vertex -35.4 -45 119.4
      vertex -3.14999 -43.3 119.4
      vertex -3.14999 -45 119.4
    endloop
  endfacet
  facet normal -0 0 -1
    outer loop
      vertex -3.14999 -43.3 119.4
      vertex -35.4 -45 119.4
      vertex -35.4 -43.3 119.4
    endloop
  endfacet
  facet normal -1 0 0
    outer loop
      vertex -3.14999 -45 84.1
      vertex -3.14999 -43.3 119.4
      vertex -3.14999 -43.3 84.1
    endloop
  endfacet
  facet normal -1 -0 0
    outer loop
      vertex -3.14999 -43.3 119.4
      vertex -3.14999 -45 84.1
      vertex -3.14999 -45 119.4
    endloop
  endfacet
  facet normal -0 0 1
    outer loop
      vertex -35.4 -43.3 84.1
      vertex -3.14999 -45 84.1
      vertex -3.14999 -43.3 84.1
    endloop
  endfacet
  facet normal 0 0 1
    outer loop
      vertex -3.14999 -45 84.1
      vertex -35.4 -43.3 84.1
      vertex -35.4 -45 84.1
    endloop
  endfacet
  facet normal 1 -0 0
    outer loop
      vertex -35.4 -45 119.4
      vertex -35.4 -43.3 84.1
      vertex -35.4 -43.3 119.4
    endloop
  endfacet
  facet normal 1 0 0
    outer loop
      vertex -35.4 -43.3 84.1
      vertex -35.4 -45 119.4
      vertex -35.4 -45 84.1
    endloop
  endfacet
  facet normal 0 0 -1
    outer loop
      vertex 3.14999 -45 81.9
      vertex 35.4 -43.3 81.9
      vertex 35.4 -45 81.9
    endloop
  endfacet
  facet normal -0 0 -1
    outer loop
      vertex 35.4 -43.3 81.9
      vertex 3.14999 -45 81.9
      vertex 3.14999 -43.3 81.9
    endloop
  endfacet
  facet normal -1 0 0
    outer loop
      vertex 35.4 -45 46.6
      vertex 35.4 -43.3 81.9
      vertex 35.4 -43.3 46.6
    endloop
  endfacet
  facet normal -1 -0 0
    outer loop
      vertex 35.4 -43.3 81.9
      vertex 35.4 -45 46.6
      vertex 35.4 -45 81.9
    endloop
  endfacet
  facet normal -0 0 1
    outer loop
      vertex 3.14999 -43.3 46.6
      vertex 35.4 -45 46.6
      vertex 35.4 -43.3 46.6
    endloop
  endfacet
  facet normal 0 0 1
    outer loop
      vertex 35.4 -45 46.6
      vertex 3.14999 -43.3 46.6
      vertex 3.14999 -45 46.6
    endloop
  endfacet
  facet normal 1 -0 0
    outer loop
      vertex 3.14999 -45 81.9
      vertex 3.14999 -43.3 46.6
      vertex 3.14999 -43.3 81.9
    endloop
  endfacet
  facet normal 1 0 0
    outer loop
      vertex 3.14999 -43.3 46.6
      vertex 3.14999 -45 81.9
      vertex 3.14999 -45 46.6
    endloop
  endfacet
  facet normal 0 0 -1
    outer loop
      vertex -35.4 -45 81.9
      vertex -3.14999 -43.3 81.9
      vertex -3.14999 -45 81.9
    endloop
  endfacet
  facet normal -0 0 -1
    outer loop
      vertex -3.14999 -43.3 81.9
      vertex -35.4 -45 81.9
      vertex -35.4 -43.3 81.9
    endloop
  endfacet
  facet normal -1 0 0
    outer loop
      vertex -3.14999 -45 46.6
      vertex -3.14999 -43.3 81.9
      vertex -3.14999 -43.3 46.6
    endloop
  endfacet
  facet normal -1 -0 0
    outer loop
      vertex -3.14999 -43.3 81.9
      vertex -3.14999 -45 46.6
      vertex -3.14999 -45 81.9
    endloop
  endfacet
  facet normal -0 0 1
    outer loop
      vertex -35.4 -43.3 46.6
      vertex -3.14999 -45 46.6
      vertex -3.14999 -43.3 46.6
    endloop
  endfacet
  facet normal 0 0 1
    outer loop
      vertex -3.14999 -45 46.6
      vertex -35.4 -43.3 46.6
      vertex -35.4 -45 46.6
    endloop
  endfacet
  facet normal 1 -0 0
    outer loop
      vertex -35.4 -45 81.9
      vertex -35.4 -43.3 46.6
      vertex -35.4 -43.3 81.9
    endloop
  endfacet
  facet normal 1 0 0
    outer loop
      vertex -35.4 -43.3 46.6
      vertex -35.4 -45 81.9
      vertex -35.4 -45 46.6
    endloop
  endfacet
  facet normal 0 0 -1
    outer loop
      vertex 3.14999 -45 44.4
      vertex 35.4 -43.3 44.4
      vertex 35.4 -45 44.4
    endloop
  endfacet
  facet normal -0 0 -1
    outer loop
      vertex 35.4 -43.3 44.4
      vertex 3.14999 -45 44.4
      vertex 3.14999 -43.3 44.4
    endloop
  endfacet
  facet normal -1 0 0
    outer loop
      vertex 35.4 -45 9.09999
      vertex 35.4 -43.3 44.4
      vertex 35.4 -43.3 9.09999
    endloop
  endfacet
  facet normal -1 -0 0
    outer loop
      vertex 35.4 -43.3 44.4
      vertex 35.4 -45 9.09999
      vertex 35.4 -45 44.4
    endloop
  endfacet
  facet normal -0 0 1
    outer loop
      vertex 3.14999 -43.3 9.09999
      vertex 35.4 -45 9.09999
      vertex 35.4 -43.3 9.09999
    endloop
  endfacet
  facet normal 0 0 1
    outer loop
      vertex 35.4 -45 9.09999
      vertex 3.14999 -43.3 9.09999
      vertex 3.14999 -45 9.09999
    endloop
  endfacet
  facet normal 1 -0 0
    outer loop
      vertex 3.14999 -45 44.4
      vertex 3.14999 -43.3 9.09999
      vertex 3.14999 -43.3 44.4
    endloop
  endfacet
  facet normal 1 0 0
    outer loop
      vertex 3.14999 -43.3 9.09999
      vertex 3.14999 -45 44.4
      vertex 3.14999 -45 9.09999
    endloop
  endfacet
  facet normal 0 0 -1
    outer loop
      vertex -35.4 -45 44.4
      vertex -3.14999 -43.3 44.4
      vertex -3.14999 -45 44.4
    endloop
  endfacet
  facet normal -0 0 -1
    outer loop
      vertex -3.14999 -43.3 44.4
      vertex -35.4 -45 44.4
      vertex -35.4 -43.3 44.4
    endloop
  endfacet
  facet normal -1 0 0
    outer loop
      vertex -3.14999 -45 9.09999
      vertex -3.14999 -43.3 44.4
      vertex -3.14999 -43.3 9.09999
    endloop
  endfacet
  facet normal -1 -0 0
    outer loop
      vertex -3.14999 -43.3 44.4
      vertex -3.14999 -45 9.09999
      vertex -3.14999 -45 44.4
    endloop
  endfacet
  facet normal -0 0 1
    outer loop
      vertex -35.4 -43.3 9.09999
      vertex -3.14999 -45 9.09999
      vertex -3.14999 -43.3 9.09999
    endloop
  endfacet
  facet normal 0 0 1
    outer loop
      vertex -3.14999 -45 9.09999
      vertex -35.4 -43.3 9.09999
      vertex -35.4 -45 9.09999
    endloop
  endfacet
  facet normal 1 -0 0
    outer loop
      vertex -35.4 -45 44.4
      vertex -35.4 -43.3 9.09999
      vertex -35.4 -43.3 44.4
    endloop
  endfacet
  facet normal 1 0 0
    outer loop
      vertex -35.4 -43.3 9.09999
      vertex -35.4 -45 44.4
      vertex -35.4 -45 9.09999
    endloop
  endfacet
endsolid OpenSCAD_Model
