solid OpenSCAD_Model
  facet normal -1 0 0
    outer loop
      vertex 45.4 -7.3362 18
      vertex 45.4 7.3362 24
      vertex 45.4 7.3362 18
    endloop
  endfacet
  facet normal -1 -0 0
    outer loop
      vertex 45.4 7.3362 24
      vertex 45.4 -7.3362 18
      vertex 45.4 -7.3362 24
    endloop
  endfacet
  facet normal -1 0 0
    outer loop
      vertex 45.4 -7.3362 50
      vertex 45.4 7.3362 56
      vertex 45.4 7.3362 50
    endloop
  endfacet
  facet normal -1 -0 0
    outer loop
      vertex 45.4 7.3362 56
      vertex 45.4 -7.3362 50
      vertex 45.4 -7.3362 56
    endloop
  endfacet
  facet normal -1 0 0
    outer loop
      vertex 45.4 -7.3362 82
      vertex 45.4 7.3362 88
      vertex 45.4 7.3362 82
    endloop
  endfacet
  facet normal -1 -0 0
    outer loop
      vertex 45.4 7.3362 88
      vertex 45.4 -7.3362 82
      vertex 45.4 -7.3362 88
    endloop
  endfacet
  facet normal -1 0 0
    outer loop
      vertex 45.4 -7.3362 114
      vertex 45.4 7.3362 120
      vertex 45.4 7.3362 114
    endloop
  endfacet
  facet normal -1 -0 0
    outer loop
      vertex 45.4 7.3362 120
      vertex 45.4 -7.3362 114
      vertex 45.4 -7.3362 120
    endloop
  endfacet
  facet normal 1 -0 0
    outer loop
      vertex 31 27.3256 30
      vertex 31 32.52 24
      vertex 31 32.52 30
    endloop
  endfacet
  facet normal 1 0 0
    outer loop
      vertex 31 32.52 24
      vertex 31 27.3256 30
      vertex 31 32.52 18
    endloop
  endfacet
  facet normal 1 0 0
    outer loop
      vertex 31 27.3256 5
      vertex 31 32.52 18
      vertex 31 27.3256 30
    endloop
  endfacet
  facet normal 1 0 0
    outer loop
      vertex 31 32.52 18
      vertex 31 27.3256 5
      vertex 31 32.52 5
    endloop
  endfacet
  facet normal 1 -0 0
    outer loop
      vertex 31 32.52 24
      vertex 31 33.831 18
      vertex 31 33.831 24
    endloop
  endfacet
  facet normal 1 0 0
    outer loop
      vertex 31 33.831 18
      vertex 31 32.52 24
      vertex 31 32.52 18
    endloop
  endfacet
  facet normal 1 -0 0
    outer loop
      vertex 31 -33.831 24
      vertex 31 -32.52 18
      vertex 31 -32.52 24
    endloop
  endfacet
  facet normal 1 0 0
    outer loop
      vertex 31 -32.52 18
      vertex 31 -33.831 24
      vertex 31 -33.831 18
    endloop
  endfacet
  facet normal 1 0 0
    outer loop
      vertex 31 -32.52 24
      vertex 31 -27.3256 30
      vertex 31 -32.52 30
    endloop
  endfacet
  facet normal 1 0 0
    outer loop
      vertex 31 -32.52 18
      vertex 31 -27.3256 30
      vertex 31 -32.52 24
    endloop
  endfacet
  facet normal 1 0 0
    outer loop
      vertex 31 -27.3256 30
      vertex 31 -32.52 18
      vertex 31 -27.3256 5
    endloop
  endfacet
  facet normal 1 0 0
    outer loop
      vertex 31 -27.3256 5
      vertex 31 -32.52 18
      vertex 31 -32.52 5
    endloop
  endfacet
  facet normal 1 -0 0
    outer loop
      vertex 31 -33.831 120
      vertex 31 -32.52 114
      vertex 31 -32.52 120
    endloop
  endfacet
  facet normal 1 0 0
    outer loop
      vertex 31 -32.52 114
      vertex 31 -33.831 120
      vertex 31 -33.831 114
    endloop
  endfacet
  facet normal 1 0 0
    outer loop
      vertex 31 -32.52 120
      vertex 31 -27.3256 135
      vertex 31 -32.52 135
    endloop
  endfacet
  facet normal 1 0 0
    outer loop
      vertex 31 -27.3256 135
      vertex 31 -32.52 120
      vertex 31 -27.3256 110
    endloop
  endfacet
  facet normal 1 -0 0
    outer loop
      vertex 31 -32.52 114
      vertex 31 -27.3256 110
      vertex 31 -32.52 120
    endloop
  endfacet
  facet normal 1 0 0
    outer loop
      vertex 31 -27.3256 110
      vertex 31 -32.52 114
      vertex 31 -32.52 110
    endloop
  endfacet
  facet normal 1 -0 0
    outer loop
      vertex 31 27.3256 135
      vertex 31 32.52 120
      vertex 31 32.52 135
    endloop
  endfacet
  facet normal 1 0 0
    outer loop
      vertex 31 27.3256 110
      vertex 31 32.52 120
      vertex 31 27.3256 135
    endloop
  endfacet
  facet normal 1 0 0
    outer loop
      vertex 31 32.52 120
      vertex 31 27.3256 110
      vertex 31 32.52 114
    endloop
  endfacet
  facet normal 1 0 0
    outer loop
      vertex 31 32.52 114
      vertex 31 27.3256 110
      vertex 31 32.52 110
    endloop
  endfacet
  facet normal 1 -0 0
    outer loop
      vertex 31 32.52 120
      vertex 31 33.831 114
      vertex 31 33.831 120
    endloop
  endfacet
  facet normal 1 0 0
    outer loop
      vertex 31 33.831 114
      vertex 31 32.52 120
      vertex 31 32.52 114
    endloop
  endfacet
  facet normal 0 0 -1
    outer loop
      vertex 36.4058 -26.4503 30
      vertex 34.182 -23.087 30
      vertex 38.4668 -23.087 30
    endloop
  endfacet
  facet normal 0 0 -1
    outer loop
      vertex 31.7142 -26.6114 30
      vertex 36.4058 -26.4503 30
      vertex 31.8198 -31.8198 30
    endloop
  endfacet
  facet normal -0 0 -1
    outer loop
      vertex 36.4058 -26.4503 30
      vertex 31.7142 -26.6114 30
      vertex 34.182 -23.087 30
    endloop
  endfacet
  facet normal 0 0 -1
    outer loop
      vertex 31 -27.3256 30
      vertex 31.8198 -31.8198 30
      vertex 31 -32.52 30
    endloop
  endfacet
  facet normal 0 0 -1
    outer loop
      vertex 31.8198 -31.8198 30
      vertex 31 -27.3256 30
      vertex 31.7142 -26.6114 30
    endloop
  endfacet
  facet normal 0 0.0350762 -0.999385
    outer loop
      vertex 38.4668 -23.087 30
      vertex 34.3037 -22.9132 30.0061
      vertex 38.5733 -22.9132 30.0061
    endloop
  endfacet
  facet normal 0 0.0350762 -0.999385
    outer loop
      vertex 34.3037 -22.9132 30.0061
      vertex 38.4668 -23.087 30
      vertex 34.182 -23.087 30
    endloop
  endfacet
  facet normal 0 0.069715 -0.997567
    outer loop
      vertex 38.5733 -22.9132 30.0061
      vertex 34.6083 -22.4782 30.0365
      vertex 38.8399 -22.4782 30.0365
    endloop
  endfacet
  facet normal 0 0.069715 -0.997567
    outer loop
      vertex 34.6083 -22.4782 30.0365
      vertex 38.5733 -22.9132 30.0061
      vertex 34.3037 -22.9132 30.0061
    endloop
  endfacet
  facet normal 0 0.139008 -0.990291
    outer loop
      vertex 38.8399 -22.4782 30.0365
      vertex 34.8498 -22.1334 30.0849
      vertex 39.0512 -22.1334 30.0849
    endloop
  endfacet
  facet normal 0 0.139008 -0.990291
    outer loop
      vertex 34.8498 -22.1334 30.0849
      vertex 38.8399 -22.4782 30.0365
      vertex 34.6083 -22.4782 30.0365
    endloop
  endfacet
  facet normal 0 0.208137 -0.9781
    outer loop
      vertex 39.0512 -22.1334 30.0849
      vertex 35.0883 -21.7927 30.1574
      vertex 39.26 -21.7927 30.1574
    endloop
  endfacet
  facet normal 0 0.208137 -0.9781
    outer loop
      vertex 35.0883 -21.7927 30.1574
      vertex 39.0512 -22.1334 30.0849
      vertex 34.8498 -22.1334 30.0849
    endloop
  endfacet
  facet normal 0 0.275403 -0.961329
    outer loop
      vertex 39.26 -21.7927 30.1574
      vertex 35.323 -21.4576 30.2534
      vertex 39.4653 -21.4576 30.2534
    endloop
  endfacet
  facet normal 0 0.275403 -0.961329
    outer loop
      vertex 35.323 -21.4576 30.2534
      vertex 39.26 -21.7927 30.1574
      vertex 35.0883 -21.7927 30.1574
    endloop
  endfacet
  facet normal 0 0.342135 -0.939651
    outer loop
      vertex 39.4653 -21.4576 30.2534
      vertex 35.552 -21.1305 30.3725
      vertex 39.6658 -21.1305 30.3725
    endloop
  endfacet
  facet normal 0 0.342135 -0.939651
    outer loop
      vertex 35.552 -21.1305 30.3725
      vertex 39.4653 -21.4576 30.2534
      vertex 35.323 -21.4576 30.2534
    endloop
  endfacet
  facet normal 0 0.406698 -0.913563
    outer loop
      vertex 39.6658 -21.1305 30.3725
      vertex 35.7749 -20.8122 30.5142
      vertex 39.8608 -20.8122 30.5142
    endloop
  endfacet
  facet normal 0 0.406698 -0.913563
    outer loop
      vertex 35.7749 -20.8122 30.5142
      vertex 39.6658 -21.1305 30.3725
      vertex 35.552 -21.1305 30.3725
    endloop
  endfacet
  facet normal 0 0.469561 -0.8829
    outer loop
      vertex 39.8608 -20.8122 30.5142
      vertex 35.9446 -20.5044 30.6779
      vertex 40.0494 -20.5044 30.6779
    endloop
  endfacet
  facet normal -9.47389e-06 0.469467 -0.88295
    outer loop
      vertex 39.8608 -20.8122 30.5142
      vertex 35.8535 -20.7 30.5739
      vertex 35.9446 -20.5044 30.6779
    endloop
  endfacet
  facet normal 0 0.46973 -0.88281
    outer loop
      vertex 35.8535 -20.7 30.5739
      vertex 39.8608 -20.8122 30.5142
      vertex 35.7749 -20.8122 30.5142
    endloop
  endfacet
  facet normal -0.00380413 0.531266 -0.847197
    outer loop
      vertex 40.0494 -20.5044 30.6779
      vertex 40.1866 -20.2092 30.8624
      vertex 40.0953 -20.4296 30.7246
    endloop
  endfacet
  facet normal 0 0.529999 -0.847998
    outer loop
      vertex 40.0494 -20.5044 30.6779
      vertex 36.0823 -20.2092 30.8624
      vertex 40.1866 -20.2092 30.8624
    endloop
  endfacet
  facet normal 0 0.529999 -0.847998
    outer loop
      vertex 36.0823 -20.2092 30.8624
      vertex 40.0494 -20.5044 30.6779
      vertex 35.9446 -20.5044 30.6779
    endloop
  endfacet
  facet normal 0 0.587711 -0.809071
    outer loop
      vertex 40.1866 -20.2092 30.8624
      vertex 36.2137 -19.9274 31.0671
      vertex 40.3033 -19.9274 31.0671
    endloop
  endfacet
  facet normal 0 0.587711 -0.809071
    outer loop
      vertex 36.2137 -19.9274 31.0671
      vertex 40.1866 -20.2092 30.8624
      vertex 36.0823 -20.2092 30.8624
    endloop
  endfacet
  facet normal 0 0.642721 -0.7661
    outer loop
      vertex 40.3033 -19.9274 31.0671
      vertex 36.3382 -19.6604 31.2911
      vertex 40.4139 -19.6604 31.2911
    endloop
  endfacet
  facet normal 0 0.642721 -0.7661
    outer loop
      vertex 36.3382 -19.6604 31.2911
      vertex 40.3033 -19.9274 31.0671
      vertex 36.2137 -19.9274 31.0671
    endloop
  endfacet
  facet normal 0 0.694799 -0.719204
    outer loop
      vertex 40.4139 -19.6604 31.2911
      vertex 36.455 -19.4099 31.5331
      vertex 40.5177 -19.4099 31.5331
    endloop
  endfacet
  facet normal 0 0.694799 -0.719204
    outer loop
      vertex 36.455 -19.4099 31.5331
      vertex 40.4139 -19.6604 31.2911
      vertex 36.3382 -19.6604 31.2911
    endloop
  endfacet
  facet normal 0 0.743023 -0.669266
    outer loop
      vertex 40.5177 -19.4099 31.5331
      vertex 36.5638 -19.1767 31.792
      vertex 40.6142 -19.1767 31.792
    endloop
  endfacet
  facet normal 0 0.743023 -0.669266
    outer loop
      vertex 36.5638 -19.1767 31.792
      vertex 40.5177 -19.4099 31.5331
      vertex 36.455 -19.4099 31.5331
    endloop
  endfacet
  facet normal 0 0.788098 -0.615549
    outer loop
      vertex 40.6142 -19.1767 31.792
      vertex 36.6638 -18.9623 32.0665
      vertex 40.7031 -18.9623 32.0665
    endloop
  endfacet
  facet normal 0 0.788098 -0.615549
    outer loop
      vertex 36.6638 -18.9623 32.0665
      vertex 40.6142 -19.1767 31.792
      vertex 36.5638 -19.1767 31.792
    endloop
  endfacet
  facet normal 0 0.829078 -0.559132
    outer loop
      vertex 40.7031 -18.9623 32.0665
      vertex 36.7546 -18.7676 32.3552
      vertex 40.7837 -18.7676 32.3552
    endloop
  endfacet
  facet normal 0 0.829078 -0.559132
    outer loop
      vertex 36.7546 -18.7676 32.3552
      vertex 40.7031 -18.9623 32.0665
      vertex 36.6638 -18.9623 32.0665
    endloop
  endfacet
  facet normal 0 0.865884 -0.500244
    outer loop
      vertex 40.7837 -18.7676 32.3552
      vertex 36.8358 -18.5933 32.6569
      vertex 40.8559 -18.5933 32.6569
    endloop
  endfacet
  facet normal 0 0.865884 -0.500244
    outer loop
      vertex 36.8358 -18.5933 32.6569
      vertex 40.7837 -18.7676 32.3552
      vertex 36.7546 -18.7676 32.3552
    endloop
  endfacet
  facet normal 0 0.898859 -0.438237
    outer loop
      vertex 40.8559 -18.5933 32.6569
      vertex 36.907 -18.4406 32.9701
      vertex 40.9191 -18.4406 32.9701
    endloop
  endfacet
  facet normal 0 0.898859 -0.438237
    outer loop
      vertex 36.907 -18.4406 32.9701
      vertex 40.8559 -18.5933 32.6569
      vertex 36.8358 -18.5933 32.6569
    endloop
  endfacet
  facet normal 0 0.927144 -0.374705
    outer loop
      vertex 40.9191 -18.4406 32.9701
      vertex 36.9679 -18.3101 33.293
      vertex 40.9732 -18.3101 33.293
    endloop
  endfacet
  facet normal 0 0.927144 -0.374705
    outer loop
      vertex 36.9679 -18.3101 33.293
      vertex 40.9191 -18.4406 32.9701
      vertex 36.907 -18.4406 32.9701
    endloop
  endfacet
  facet normal 0 0.951123 -0.308813
    outer loop
      vertex 40.9732 -18.3101 33.293
      vertex 37.0181 -18.2025 33.6244
      vertex 41.0178 -18.2025 33.6244
    endloop
  endfacet
  facet normal 0 0.951123 -0.308813
    outer loop
      vertex 37.0181 -18.2025 33.6244
      vertex 40.9732 -18.3101 33.293
      vertex 36.9679 -18.3101 33.293
    endloop
  endfacet
  facet normal 0 0.970286 -0.241959
    outer loop
      vertex 41.0178 -18.2025 33.6244
      vertex 37.0549 -18.1235 33.9412
      vertex 41.0505 -18.1235 33.9412
    endloop
  endfacet
  facet normal 0 0.970286 -0.241959
    outer loop
      vertex 37.0549 -18.1235 33.9412
      vertex 41.0178 -18.2025 33.6244
      vertex 37.0181 -18.2025 33.6244
    endloop
  endfacet
  facet normal 0 0.986263 -0.165186
    outer loop
      vertex 41.0505 -18.1235 33.9412
      vertex 37.085 -18.0588 34.3275
      vertex 41.0773 -18.0588 34.3275
    endloop
  endfacet
  facet normal 0 0.986263 -0.165186
    outer loop
      vertex 37.085 -18.0588 34.3275
      vertex 41.0505 -18.1235 33.9412
      vertex 37.0549 -18.1235 33.9412
    endloop
  endfacet
  facet normal 0 0.996199 -0.08711
    outer loop
      vertex 41.0773 -18.0588 34.3275
      vertex 37.108 -18.0095 34.8913
      vertex 41.0977 -18.0095 34.8913
    endloop
  endfacet
  facet normal 0 0.996199 -0.08711
    outer loop
      vertex 37.108 -18.0095 34.8913
      vertex 41.0773 -18.0588 34.3275
      vertex 37.085 -18.0588 34.3275
    endloop
  endfacet
  facet normal 0 0.99905 -0.0435766
    outer loop
      vertex 41.0977 -18.0095 34.8913
      vertex 37.1125 -18 35.1091
      vertex 41.1017 -18 35.1091
    endloop
  endfacet
  facet normal 0 0.99905 -0.0435766
    outer loop
      vertex 37.1125 -18 35.1091
      vertex 41.0977 -18.0095 34.8913
      vertex 37.108 -18.0095 34.8913
    endloop
  endfacet
  facet normal 0 1 0
    outer loop
      vertex 42.1807 -18 56
      vertex 42.1807 -18 50
      vertex 41.1017 -18 56
    endloop
  endfacet
  facet normal 0 1 0
    outer loop
      vertex 42.1807 -18 88
      vertex 42.1807 -18 82
      vertex 41.1017 -18 88
    endloop
  endfacet
  facet normal 0 1 -0
    outer loop
      vertex 41.1017 -18 88
      vertex 37.1125 -18 104.913
      vertex 41.1017 -18 104.913
    endloop
  endfacet
  facet normal 0 1 0
    outer loop
      vertex 41.1017 -18 82
      vertex 41.1017 -18 88
      vertex 42.1807 -18 82
    endloop
  endfacet
  facet normal 0 1 0
    outer loop
      vertex 41.1017 -18 88
      vertex 41.1017 -18 82
      vertex 37.1125 -18 104.913
    endloop
  endfacet
  facet normal 0 1 0
    outer loop
      vertex 37.1125 -18 35.1091
      vertex 41.1017 -18 82
      vertex 41.1017 -18 56
    endloop
  endfacet
  facet normal 0 1 0
    outer loop
      vertex 41.1017 -18 50
      vertex 41.1017 -18 56
      vertex 42.1807 -18 50
    endloop
  endfacet
  facet normal 0 1 0
    outer loop
      vertex 37.1125 -18 35.1091
      vertex 41.1017 -18 56
      vertex 41.1017 -18 50
    endloop
  endfacet
  facet normal 0 1 0
    outer loop
      vertex 37.1125 -18 35.1091
      vertex 41.1017 -18 50
      vertex 41.1017 -18 35.1091
    endloop
  endfacet
  facet normal 0 1 0
    outer loop
      vertex 41.1017 -18 82
      vertex 37.1125 -18 35.1091
      vertex 37.1125 -18 104.913
    endloop
  endfacet
  facet normal -0 0.999386 0.0350359
    outer loop
      vertex 37.1125 -18 104.913
      vertex 41.0991 -18.0061 105.087
      vertex 41.1017 -18 104.913
    endloop
  endfacet
  facet normal 0 0.999386 0.0350359
    outer loop
      vertex 41.0991 -18.0061 105.087
      vertex 37.1125 -18 104.913
      vertex 37.1096 -18.0061 105.087
    endloop
  endfacet
  facet normal -0 0.997567 0.069715
    outer loop
      vertex 37.1096 -18.0061 105.087
      vertex 41.0865 -18.0365 105.522
      vertex 41.0991 -18.0061 105.087
    endloop
  endfacet
  facet normal 0 0.997567 0.069715
    outer loop
      vertex 41.0865 -18.0365 105.522
      vertex 37.1096 -18.0061 105.087
      vertex 37.0955 -18.0365 105.522
    endloop
  endfacet
  facet normal -0 0.990302 0.138929
    outer loop
      vertex 37.0955 -18.0365 105.522
      vertex 41.0665 -18.0849 105.867
      vertex 41.0865 -18.0365 105.522
    endloop
  endfacet
  facet normal 0 0.990302 0.138929
    outer loop
      vertex 41.0665 -18.0849 105.867
      vertex 37.0955 -18.0365 105.522
      vertex 37.0729 -18.0849 105.867
    endloop
  endfacet
  facet normal -0 0.978012 0.208547
    outer loop
      vertex 37.0729 -18.0849 105.867
      vertex 41.0365 -18.1574 106.207
      vertex 41.0665 -18.0849 105.867
    endloop
  endfacet
  facet normal 0 0.978012 0.208547
    outer loop
      vertex 41.0365 -18.1574 106.207
      vertex 37.0729 -18.0849 105.867
      vertex 37.0391 -18.1574 106.207
    endloop
  endfacet
  facet normal -0 0.961307 0.275479
    outer loop
      vertex 37.0391 -18.1574 106.207
      vertex 40.9967 -18.2534 106.542
      vertex 41.0365 -18.1574 106.207
    endloop
  endfacet
  facet normal 0 0.961307 0.275479
    outer loop
      vertex 40.9967 -18.2534 106.542
      vertex 37.0391 -18.1574 106.207
      vertex 36.9943 -18.2534 106.542
    endloop
  endfacet
  facet normal -0 0.939617 0.342228
    outer loop
      vertex 36.9943 -18.2534 106.542
      vertex 40.9474 -18.3725 106.869
      vertex 40.9967 -18.2534 106.542
    endloop
  endfacet
  facet normal 0 0.939617 0.342228
    outer loop
      vertex 40.9474 -18.3725 106.869
      vertex 36.9943 -18.2534 106.542
      vertex 36.9388 -18.3725 106.869
    endloop
  endfacet
  facet normal -0 0.913894 0.405952
    outer loop
      vertex 36.9388 -18.3725 106.869
      vertex 40.8887 -18.5142 107.188
      vertex 40.9474 -18.3725 106.869
    endloop
  endfacet
  facet normal 0 0.913894 0.405952
    outer loop
      vertex 40.8887 -18.5142 107.188
      vertex 36.9388 -18.3725 106.869
      vertex 36.8727 -18.5142 107.188
    endloop
  endfacet
  facet normal -0 0.883027 0.469323
    outer loop
      vertex 36.8727 -18.5142 107.188
      vertex 40.8209 -18.6779 107.496
      vertex 40.8887 -18.5142 107.188
    endloop
  endfacet
  facet normal 0 0.883027 0.469323
    outer loop
      vertex 40.8209 -18.6779 107.496
      vertex 36.8727 -18.5142 107.188
      vertex 36.7964 -18.6779 107.496
    endloop
  endfacet
  facet normal -0 0.847837 0.530257
    outer loop
      vertex 36.7964 -18.6779 107.496
      vertex 40.7445 -18.8624 107.791
      vertex 40.8209 -18.6779 107.496
    endloop
  endfacet
  facet normal 0 0.847837 0.530257
    outer loop
      vertex 40.7445 -18.8624 107.791
      vertex 36.7964 -18.6779 107.496
      vertex 36.7104 -18.8624 107.791
    endloop
  endfacet
  facet normal -0 0.809269 0.587438
    outer loop
      vertex 36.7104 -18.8624 107.791
      vertex 40.6596 -19.0671 108.073
      vertex 40.7445 -18.8624 107.791
    endloop
  endfacet
  facet normal 0 0.809269 0.587438
    outer loop
      vertex 40.6596 -19.0671 108.073
      vertex 36.7104 -18.8624 107.791
      vertex 36.6149 -19.0671 108.073
    endloop
  endfacet
  facet normal -0 0.7661 0.642721
    outer loop
      vertex 36.6149 -19.0671 108.073
      vertex 40.5669 -19.2911 108.34
      vertex 40.6596 -19.0671 108.073
    endloop
  endfacet
  facet normal 0 0.7661 0.642721
    outer loop
      vertex 40.5669 -19.2911 108.34
      vertex 36.6149 -19.0671 108.073
      vertex 36.5104 -19.2911 108.34
    endloop
  endfacet
  facet normal -0 0.718509 0.695517
    outer loop
      vertex 36.5104 -19.2911 108.34
      vertex 40.4666 -19.5331 108.59
      vertex 40.5669 -19.2911 108.34
    endloop
  endfacet
  facet normal 0 0.718509 0.695517
    outer loop
      vertex 40.4666 -19.5331 108.59
      vertex 36.5104 -19.2911 108.34
      vertex 36.3976 -19.5331 108.59
    endloop
  endfacet
  facet normal -0 0.668949 0.743308
    outer loop
      vertex 36.3976 -19.5331 108.59
      vertex 40.3594 -19.792 108.823
      vertex 40.4666 -19.5331 108.59
    endloop
  endfacet
  facet normal 0 0.668949 0.743308
    outer loop
      vertex 40.3594 -19.792 108.823
      vertex 36.3976 -19.5331 108.59
      vertex 36.2769 -19.792 108.823
    endloop
  endfacet
  facet normal -0 0.616618 0.787263
    outer loop
      vertex 36.2769 -19.792 108.823
      vertex 40.2457 -20.0665 109.038
      vertex 40.3594 -19.792 108.823
    endloop
  endfacet
  facet normal 0 0.616618 0.787263
    outer loop
      vertex 40.2457 -20.0665 109.038
      vertex 36.2769 -19.792 108.823
      vertex 36.1489 -20.0665 109.038
    endloop
  endfacet
  facet normal -0 0.557748 0.83001
    outer loop
      vertex 36.1489 -20.0665 109.038
      vertex 40.1261 -20.3552 109.232
      vertex 40.2457 -20.0665 109.038
    endloop
  endfacet
  facet normal 0 0.557748 0.83001
    outer loop
      vertex 40.1261 -20.3552 109.232
      vertex 36.1489 -20.0665 109.038
      vertex 36.0143 -20.3552 109.232
    endloop
  endfacet
  facet normal 0.0121033 0.496597 0.867897
    outer loop
      vertex 40.1261 -20.3552 109.232
      vertex 39.956 -20.6569 109.407
      vertex 40.0953 -20.4296 109.275
    endloop
  endfacet
  facet normal -0 0.501748 0.865014
    outer loop
      vertex 36.0143 -20.3552 109.232
      vertex 39.956 -20.6569 109.407
      vertex 40.1261 -20.3552 109.232
    endloop
  endfacet
  facet normal 0 0.501748 0.865014
    outer loop
      vertex 39.956 -20.6569 109.407
      vertex 36.0143 -20.3552 109.232
      vertex 35.8735 -20.6569 109.407
    endloop
  endfacet
  facet normal -0 0.436612 0.89965
    outer loop
      vertex 35.8735 -20.6569 109.407
      vertex 39.7641 -20.9701 109.559
      vertex 39.956 -20.6569 109.407
    endloop
  endfacet
  facet normal 0.000134372 0.437962 0.898993
    outer loop
      vertex 35.8535 -20.7 109.428
      vertex 39.7641 -20.9701 109.559
      vertex 35.8735 -20.6569 109.407
    endloop
  endfacet
  facet normal 0 0.436388 0.899759
    outer loop
      vertex 39.7641 -20.9701 109.559
      vertex 35.8535 -20.7 109.428
      vertex 35.6644 -20.9701 109.559
    endloop
  endfacet
  facet normal -0 0.375938 0.926645
    outer loop
      vertex 35.6644 -20.9701 109.559
      vertex 39.5662 -21.293 109.69
      vertex 39.7641 -20.9701 109.559
    endloop
  endfacet
  facet normal 0 0.375938 0.926645
    outer loop
      vertex 39.5662 -21.293 109.69
      vertex 35.6644 -20.9701 109.559
      vertex 35.4382 -21.293 109.69
    endloop
  endfacet
  facet normal -0 0.309851 0.950785
    outer loop
      vertex 35.4382 -21.293 109.69
      vertex 39.3631 -21.6244 109.798
      vertex 39.5662 -21.293 109.69
    endloop
  endfacet
  facet normal 0 0.309851 0.950785
    outer loop
      vertex 39.3631 -21.6244 109.798
      vertex 35.4382 -21.293 109.69
      vertex 35.2062 -21.6244 109.798
    endloop
  endfacet
  facet normal -0 0.241959 0.970286
    outer loop
      vertex 35.2062 -21.6244 109.798
      vertex 39.169 -21.9412 109.877
      vertex 39.3631 -21.6244 109.798
    endloop
  endfacet
  facet normal 0 0.241959 0.970286
    outer loop
      vertex 39.169 -21.9412 109.877
      vertex 35.2062 -21.6244 109.798
      vertex 34.9844 -21.9412 109.877
    endloop
  endfacet
  facet normal -0 0.163446 0.986552
    outer loop
      vertex 34.9844 -21.9412 109.877
      vertex 38.9323 -22.3275 109.941
      vertex 39.169 -21.9412 109.877
    endloop
  endfacet
  facet normal 0 0.163446 0.986552
    outer loop
      vertex 38.9323 -22.3275 109.941
      vertex 34.9844 -21.9412 109.877
      vertex 34.7139 -22.3275 109.941
    endloop
  endfacet
  facet normal -0 0.0865839 0.996245
    outer loop
      vertex 34.7139 -22.3275 109.941
      vertex 38.5868 -22.8913 109.99
      vertex 38.9323 -22.3275 109.941
    endloop
  endfacet
  facet normal 0 0.0865839 0.996245
    outer loop
      vertex 38.5868 -22.8913 109.99
      vertex 34.7139 -22.3275 109.941
      vertex 34.3191 -22.8913 109.99
    endloop
  endfacet
  facet normal -0 0.0458654 0.998948
    outer loop
      vertex 34.3191 -22.8913 109.99
      vertex 38.4533 -23.1091 110
      vertex 38.5868 -22.8913 109.99
    endloop
  endfacet
  facet normal 0 0.0458654 0.998948
    outer loop
      vertex 38.4533 -23.1091 110
      vertex 34.3191 -22.8913 109.99
      vertex 34.1666 -23.1091 110
    endloop
  endfacet
  facet normal -0 0 1
    outer loop
      vertex 34.1666 -23.1091 110
      vertex 36.4058 -26.4503 110
      vertex 38.4533 -23.1091 110
    endloop
  endfacet
  facet normal 0 0 1
    outer loop
      vertex 31.7142 -26.6114 110
      vertex 36.4058 -26.4503 110
      vertex 34.1666 -23.1091 110
    endloop
  endfacet
  facet normal 0 0 1
    outer loop
      vertex 36.4058 -26.4503 110
      vertex 31.7142 -26.6114 110
      vertex 31.8198 -31.8198 110
    endloop
  endfacet
  facet normal -0 0 1
    outer loop
      vertex 31 -27.3256 110
      vertex 31.8198 -31.8198 110
      vertex 31.7142 -26.6114 110
    endloop
  endfacet
  facet normal 0 0 1
    outer loop
      vertex 31.8198 -31.8198 110
      vertex 31 -27.3256 110
      vertex 31 -32.52 110
    endloop
  endfacet
  facet normal 0 0 -1
    outer loop
      vertex 41.4 0 135
      vertex 45 0 135
      vertex 44.446 -7.03955 135
    endloop
  endfacet
  facet normal 0 0 -1
    outer loop
      vertex 40.771 -7.18903 135
      vertex 44.446 -7.03955 135
      vertex 42.7975 -13.9058 135
    endloop
  endfacet
  facet normal 0 0 -1
    outer loop
      vertex 45 0 135
      vertex 41.4 0 135
      vertex 44.446 7.03955 135
    endloop
  endfacet
  facet normal 0 0 -1
    outer loop
      vertex 40.771 7.18903 135
      vertex 44.446 7.03955 135
      vertex 41.4 0 135
    endloop
  endfacet
  facet normal -0 0 -1
    outer loop
      vertex 44.446 -7.03955 135
      vertex 40.771 -7.18903 135
      vertex 41.4 0 135
    endloop
  endfacet
  facet normal 0 0 -1
    outer loop
      vertex 38.9033 -14.1596 135
      vertex 42.7975 -13.9058 135
      vertex 40.0953 -20.4296 135
    endloop
  endfacet
  facet normal -0 0 -1
    outer loop
      vertex 42.7975 -13.9058 135
      vertex 38.9033 -14.1596 135
      vertex 40.771 -7.18903 135
    endloop
  endfacet
  facet normal 0 0 -1
    outer loop
      vertex 35.8535 -20.7 135
      vertex 40.0953 -20.4296 135
      vertex 36.4058 -26.4503 135
    endloop
  endfacet
  facet normal -0 0 -1
    outer loop
      vertex 40.0953 -20.4296 135
      vertex 35.8535 -20.7 135
      vertex 38.9033 -14.1596 135
    endloop
  endfacet
  facet normal 0 0 -1
    outer loop
      vertex 31.7142 -26.6114 135
      vertex 36.4058 -26.4503 135
      vertex 31.8198 -31.8198 135
    endloop
  endfacet
  facet normal -0 0 -1
    outer loop
      vertex 36.4058 -26.4503 135
      vertex 31.7142 -26.6114 135
      vertex 35.8535 -20.7 135
    endloop
  endfacet
  facet normal 0 0 -1
    outer loop
      vertex 31 -27.3256 135
      vertex 31.8198 -31.8198 135
      vertex 31 -32.52 135
    endloop
  endfacet
  facet normal 0 0 -1
    outer loop
      vertex 31.8198 -31.8198 135
      vertex 31 -27.3256 135
      vertex 31.7142 -26.6114 135
    endloop
  endfacet
  facet normal 0 0 -1
    outer loop
      vertex 44.446 7.03955 135
      vertex 40.771 7.18903 135
      vertex 42.7975 13.9058 135
    endloop
  endfacet
  facet normal 0 0 -1
    outer loop
      vertex 38.9033 14.1596 135
      vertex 42.7975 13.9058 135
      vertex 40.771 7.18903 135
    endloop
  endfacet
  facet normal 0 0 -1
    outer loop
      vertex 42.7975 13.9058 135
      vertex 38.9033 14.1596 135
      vertex 40.0953 20.4296 135
    endloop
  endfacet
  facet normal 0 0 -1
    outer loop
      vertex 35.8535 20.7 135
      vertex 40.0953 20.4296 135
      vertex 38.9033 14.1596 135
    endloop
  endfacet
  facet normal 0 0 -1
    outer loop
      vertex 40.0953 20.4296 135
      vertex 35.8535 20.7 135
      vertex 36.4058 26.4503 135
    endloop
  endfacet
  facet normal 0 0 -1
    outer loop
      vertex 31.7142 26.6114 135
      vertex 36.4058 26.4503 135
      vertex 35.8535 20.7 135
    endloop
  endfacet
  facet normal 0 0 -1
    outer loop
      vertex 36.4058 26.4503 135
      vertex 31.7142 26.6114 135
      vertex 31.8198 31.8198 135
    endloop
  endfacet
  facet normal 0 0 -1
    outer loop
      vertex 31 27.3256 135
      vertex 31.8198 31.8198 135
      vertex 31.7142 26.6114 135
    endloop
  endfacet
  facet normal -0 0 -1
    outer loop
      vertex 31.8198 31.8198 135
      vertex 31 27.3256 135
      vertex 31 32.52 135
    endloop
  endfacet
  facet normal 0 0 1
    outer loop
      vertex 36.4058 26.4503 110
      vertex 34.182 23.087 110
      vertex 38.4668 23.087 110
    endloop
  endfacet
  facet normal -0 0 1
    outer loop
      vertex 31.7142 26.6114 110
      vertex 36.4058 26.4503 110
      vertex 31.8198 31.8198 110
    endloop
  endfacet
  facet normal 0 0 1
    outer loop
      vertex 36.4058 26.4503 110
      vertex 31.7142 26.6114 110
      vertex 34.182 23.087 110
    endloop
  endfacet
  facet normal 0 0 1
    outer loop
      vertex 31 27.3256 110
      vertex 31.8198 31.8198 110
      vertex 31 32.52 110
    endloop
  endfacet
  facet normal 0 0 1
    outer loop
      vertex 31.8198 31.8198 110
      vertex 31 27.3256 110
      vertex 31.7142 26.6114 110
    endloop
  endfacet
  facet normal 0 -0.0345019 0.999405
    outer loop
      vertex 38.4668 23.087 110
      vertex 34.3037 22.9132 109.994
      vertex 38.5733 22.9132 109.994
    endloop
  endfacet
  facet normal 0 -0.0345019 0.999405
    outer loop
      vertex 34.3037 22.9132 109.994
      vertex 38.4668 23.087 110
      vertex 34.182 23.087 110
    endloop
  endfacet
  facet normal 0 -0.0688021 0.99763
    outer loop
      vertex 38.5733 22.9132 109.994
      vertex 34.6083 22.4782 109.964
      vertex 38.8399 22.4782 109.964
    endloop
  endfacet
  facet normal 0 -0.0688021 0.99763
    outer loop
      vertex 34.6083 22.4782 109.964
      vertex 38.5733 22.9132 109.994
      vertex 34.3037 22.9132 109.994
    endloop
  endfacet
  facet normal 0 -0.140698 0.990053
    outer loop
      vertex 38.8399 22.4782 109.964
      vertex 34.8498 22.1334 109.915
      vertex 39.0512 22.1334 109.915
    endloop
  endfacet
  facet normal 0 -0.140698 0.990053
    outer loop
      vertex 34.8498 22.1334 109.915
      vertex 38.8399 22.4782 109.964
      vertex 34.6083 22.4782 109.964
    endloop
  endfacet
  facet normal 0 -0.206763 0.978391
    outer loop
      vertex 39.0512 22.1334 109.915
      vertex 35.0883 21.7927 109.843
      vertex 39.26 21.7927 109.843
    endloop
  endfacet
  facet normal 0 -0.206763 0.978391
    outer loop
      vertex 35.0883 21.7927 109.843
      vertex 39.0512 22.1334 109.915
      vertex 34.8498 22.1334 109.915
    endloop
  endfacet
  facet normal 0 -0.275403 0.961329
    outer loop
      vertex 39.26 21.7927 109.843
      vertex 35.323 21.4576 109.747
      vertex 39.4653 21.4576 109.747
    endloop
  endfacet
  facet normal 0 -0.275403 0.961329
    outer loop
      vertex 35.323 21.4576 109.747
      vertex 39.26 21.7927 109.843
      vertex 35.0883 21.7927 109.843
    endloop
  endfacet
  facet normal 0 -0.344415 0.938818
    outer loop
      vertex 39.4653 21.4576 109.747
      vertex 35.552 21.1305 109.627
      vertex 39.6658 21.1305 109.627
    endloop
  endfacet
  facet normal 0 -0.344415 0.938818
    outer loop
      vertex 35.552 21.1305 109.627
      vertex 39.4653 21.4576 109.747
      vertex 35.323 21.4576 109.747
    endloop
  endfacet
  facet normal 0 -0.405019 0.914308
    outer loop
      vertex 39.6658 21.1305 109.627
      vertex 35.7749 20.8122 109.486
      vertex 39.8608 20.8122 109.486
    endloop
  endfacet
  facet normal 0 -0.405019 0.914308
    outer loop
      vertex 35.7749 20.8122 109.486
      vertex 39.6658 21.1305 109.627
      vertex 35.552 21.1305 109.627
    endloop
  endfacet
  facet normal 0 -0.470231 0.882543
    outer loop
      vertex 39.8608 20.8122 109.486
      vertex 35.9446 20.5044 109.322
      vertex 40.0494 20.5044 109.322
    endloop
  endfacet
  facet normal -7.47226e-05 -0.46949 0.882938
    outer loop
      vertex 39.8608 20.8122 109.486
      vertex 35.8535 20.7 109.426
      vertex 35.9446 20.5044 109.322
    endloop
  endfacet
  facet normal 0 -0.471567 0.88183
    outer loop
      vertex 35.8535 20.7 109.426
      vertex 39.8608 20.8122 109.486
      vertex 35.7749 20.8122 109.486
    endloop
  endfacet
  facet normal 0.0288989 -0.519036 0.854263
    outer loop
      vertex 40.0494 20.5044 109.322
      vertex 40.1866 20.2092 109.138
      vertex 40.0953 20.4296 109.275
    endloop
  endfacet
  facet normal 0 -0.528965 0.848644
    outer loop
      vertex 40.0494 20.5044 109.322
      vertex 36.0823 20.2092 109.138
      vertex 40.1866 20.2092 109.138
    endloop
  endfacet
  facet normal 0 -0.528965 0.848644
    outer loop
      vertex 36.0823 20.2092 109.138
      vertex 40.0494 20.5044 109.322
      vertex 35.9446 20.5044 109.322
    endloop
  endfacet
  facet normal 0 -0.588274 0.808662
    outer loop
      vertex 40.1866 20.2092 109.138
      vertex 36.2137 19.9274 108.933
      vertex 40.3033 19.9274 108.933
    endloop
  endfacet
  facet normal 0 -0.588274 0.808662
    outer loop
      vertex 36.2137 19.9274 108.933
      vertex 40.1866 20.2092 109.138
      vertex 36.0823 20.2092 109.138
    endloop
  endfacet
  facet normal 0 -0.642721 0.7661
    outer loop
      vertex 40.3033 19.9274 108.933
      vertex 36.3382 19.6604 108.709
      vertex 40.4139 19.6604 108.709
    endloop
  endfacet
  facet normal 0 -0.642721 0.7661
    outer loop
      vertex 36.3382 19.6604 108.709
      vertex 40.3033 19.9274 108.933
      vertex 36.2137 19.9274 108.933
    endloop
  endfacet
  facet normal 0 -0.694799 0.719204
    outer loop
      vertex 40.4139 19.6604 108.709
      vertex 36.455 19.4099 108.467
      vertex 40.5177 19.4099 108.467
    endloop
  endfacet
  facet normal 0 -0.694799 0.719204
    outer loop
      vertex 36.455 19.4099 108.467
      vertex 40.4139 19.6604 108.709
      vertex 36.3382 19.6604 108.709
    endloop
  endfacet
  facet normal 0 -0.743151 0.669123
    outer loop
      vertex 36.5638 19.1767 108.208
      vertex 40.5177 19.4099 108.467
      vertex 36.455 19.4099 108.467
    endloop
  endfacet
  facet normal 0 -0.743151 0.669123
    outer loop
      vertex 40.5177 19.4099 108.467
      vertex 36.5638 19.1767 108.208
      vertex 40.6142 19.1767 108.208
    endloop
  endfacet
  facet normal 0 -0.787554 0.616246
    outer loop
      vertex 36.6638 18.9623 107.934
      vertex 40.6142 19.1767 108.208
      vertex 36.5638 19.1767 108.208
    endloop
  endfacet
  facet normal 0 -0.787554 0.616246
    outer loop
      vertex 40.6142 19.1767 108.208
      vertex 36.6638 18.9623 107.934
      vertex 40.7031 18.9623 107.934
    endloop
  endfacet
  facet normal 0 -0.829347 0.558733
    outer loop
      vertex 36.7546 18.7676 107.645
      vertex 40.7031 18.9623 107.934
      vertex 36.6638 18.9623 107.934
    endloop
  endfacet
  facet normal 0 -0.829347 0.558733
    outer loop
      vertex 40.7031 18.9623 107.934
      vertex 36.7546 18.7676 107.645
      vertex 40.7837 18.7676 107.645
    endloop
  endfacet
  facet normal 0 -0.8661 0.499871
    outer loop
      vertex 36.8358 18.5933 107.343
      vertex 40.7837 18.7676 107.645
      vertex 36.7546 18.7676 107.645
    endloop
  endfacet
  facet normal 0 -0.8661 0.499871
    outer loop
      vertex 40.7837 18.7676 107.645
      vertex 36.8358 18.5933 107.343
      vertex 40.8559 18.5933 107.343
    endloop
  endfacet
  facet normal 0 -0.898749 0.438463
    outer loop
      vertex 36.907 18.4406 107.03
      vertex 40.8559 18.5933 107.343
      vertex 36.8358 18.5933 107.343
    endloop
  endfacet
  facet normal 0 -0.898749 0.438463
    outer loop
      vertex 40.8559 18.5933 107.343
      vertex 36.907 18.4406 107.03
      vertex 40.9191 18.4406 107.03
    endloop
  endfacet
  facet normal 0 -0.927184 0.374605
    outer loop
      vertex 36.9679 18.3101 106.707
      vertex 40.9191 18.4406 107.03
      vertex 36.907 18.4406 107.03
    endloop
  endfacet
  facet normal 0 -0.927184 0.374605
    outer loop
      vertex 40.9191 18.4406 107.03
      vertex 36.9679 18.3101 106.707
      vertex 40.9732 18.3101 106.707
    endloop
  endfacet
  facet normal 0 -0.951013 0.309151
    outer loop
      vertex 37.0181 18.2025 106.376
      vertex 40.9732 18.3101 106.707
      vertex 36.9679 18.3101 106.707
    endloop
  endfacet
  facet normal 0 -0.951013 0.309151
    outer loop
      vertex 40.9732 18.3101 106.707
      vertex 37.0181 18.2025 106.376
      vertex 41.0178 18.2025 106.376
    endloop
  endfacet
  facet normal 0 -0.970322 0.241815
    outer loop
      vertex 37.0549 18.1235 106.059
      vertex 41.0178 18.2025 106.376
      vertex 37.0181 18.2025 106.376
    endloop
  endfacet
  facet normal 0 -0.970322 0.241815
    outer loop
      vertex 41.0178 18.2025 106.376
      vertex 37.0549 18.1235 106.059
      vertex 41.0505 18.1235 106.059
    endloop
  endfacet
  facet normal 0 -0.986242 0.16531
    outer loop
      vertex 37.085 18.0588 105.673
      vertex 41.0505 18.1235 106.059
      vertex 37.0549 18.1235 106.059
    endloop
  endfacet
  facet normal 0 -0.986242 0.16531
    outer loop
      vertex 41.0505 18.1235 106.059
      vertex 37.085 18.0588 105.673
      vertex 41.0773 18.0588 105.673
    endloop
  endfacet
  facet normal 0 -0.996201 0.0870793
    outer loop
      vertex 37.108 18.0095 105.109
      vertex 41.0773 18.0588 105.673
      vertex 37.085 18.0588 105.673
    endloop
  endfacet
  facet normal 0 -0.996201 0.0870793
    outer loop
      vertex 41.0773 18.0588 105.673
      vertex 37.108 18.0095 105.109
      vertex 41.0977 18.0095 105.109
    endloop
  endfacet
  facet normal 0 -0.999052 0.0435367
    outer loop
      vertex 37.1125 18 104.891
      vertex 41.0977 18.0095 105.109
      vertex 37.108 18.0095 105.109
    endloop
  endfacet
  facet normal 0 -0.999052 0.0435367
    outer loop
      vertex 41.0977 18.0095 105.109
      vertex 37.1125 18 104.891
      vertex 41.1017 18 104.891
    endloop
  endfacet
  facet normal 0 -1 0
    outer loop
      vertex 37.1125 18 104.891
      vertex 41.1017 18 88
      vertex 41.1017 18 104.891
    endloop
  endfacet
  facet normal 0 -1 0
    outer loop
      vertex 41.1017 18 88
      vertex 41.1017 18 82
      vertex 42.1807 18 88
    endloop
  endfacet
  facet normal 0 -1 0
    outer loop
      vertex 37.1125 18 104.891
      vertex 41.1017 18 82
      vertex 41.1017 18 88
    endloop
  endfacet
  facet normal 0 -1 0
    outer loop
      vertex 37.1125 18 35.087
      vertex 41.1017 18 82
      vertex 37.1125 18 104.891
    endloop
  endfacet
  facet normal 0 -1 0
    outer loop
      vertex 41.1017 18 56
      vertex 41.1017 18 50
      vertex 42.1807 18 56
    endloop
  endfacet
  facet normal 0 -1 -0
    outer loop
      vertex 41.1017 18 82
      vertex 37.1125 18 35.087
      vertex 41.1017 18 56
    endloop
  endfacet
  facet normal 0 -1 -0
    outer loop
      vertex 41.1017 18 56
      vertex 37.1125 18 35.087
      vertex 41.1017 18 50
    endloop
  endfacet
  facet normal 0 -1 -0
    outer loop
      vertex 41.1017 18 50
      vertex 37.1125 18 35.087
      vertex 41.1017 18 35.087
    endloop
  endfacet
  facet normal 0 -1 -0
    outer loop
      vertex 42.1807 18 88
      vertex 41.1017 18 82
      vertex 42.1807 18 82
    endloop
  endfacet
  facet normal 0 -1 -0
    outer loop
      vertex 42.1807 18 56
      vertex 41.1017 18 50
      vertex 42.1807 18 50
    endloop
  endfacet
  facet normal -0 -0.999385 -0.0350762
    outer loop
      vertex 41.0991 18.0061 34.9132
      vertex 37.1125 18 35.087
      vertex 37.1096 18.0061 34.9132
    endloop
  endfacet
  facet normal 0 -0.999385 -0.0350762
    outer loop
      vertex 37.1125 18 35.087
      vertex 41.0991 18.0061 34.9132
      vertex 41.1017 18 35.087
    endloop
  endfacet
  facet normal -0 -0.997567 -0.069715
    outer loop
      vertex 41.0865 18.0365 34.4782
      vertex 37.1096 18.0061 34.9132
      vertex 37.0955 18.0365 34.4782
    endloop
  endfacet
  facet normal 0 -0.997567 -0.069715
    outer loop
      vertex 37.1096 18.0061 34.9132
      vertex 41.0865 18.0365 34.4782
      vertex 41.0991 18.0061 34.9132
    endloop
  endfacet
  facet normal -0 -0.990291 -0.139008
    outer loop
      vertex 41.0665 18.0849 34.1334
      vertex 37.0955 18.0365 34.4782
      vertex 37.0729 18.0849 34.1334
    endloop
  endfacet
  facet normal 0 -0.990291 -0.139008
    outer loop
      vertex 37.0955 18.0365 34.4782
      vertex 41.0665 18.0849 34.1334
      vertex 41.0865 18.0365 34.4782
    endloop
  endfacet
  facet normal -0 -0.9781 -0.208137
    outer loop
      vertex 41.0365 18.1574 33.7927
      vertex 37.0729 18.0849 34.1334
      vertex 37.0391 18.1574 33.7927
    endloop
  endfacet
  facet normal 0 -0.9781 -0.208137
    outer loop
      vertex 37.0729 18.0849 34.1334
      vertex 41.0365 18.1574 33.7927
      vertex 41.0665 18.0849 34.1334
    endloop
  endfacet
  facet normal -0 -0.961329 -0.275403
    outer loop
      vertex 40.9967 18.2534 33.4576
      vertex 37.0391 18.1574 33.7927
      vertex 36.9943 18.2534 33.4576
    endloop
  endfacet
  facet normal 0 -0.961329 -0.275403
    outer loop
      vertex 37.0391 18.1574 33.7927
      vertex 40.9967 18.2534 33.4576
      vertex 41.0365 18.1574 33.7927
    endloop
  endfacet
  facet normal -0 -0.939651 -0.342135
    outer loop
      vertex 40.9474 18.3725 33.1305
      vertex 36.9943 18.2534 33.4576
      vertex 36.9388 18.3725 33.1305
    endloop
  endfacet
  facet normal 0 -0.939651 -0.342135
    outer loop
      vertex 36.9943 18.2534 33.4576
      vertex 40.9474 18.3725 33.1305
      vertex 40.9967 18.2534 33.4576
    endloop
  endfacet
  facet normal -0 -0.913563 -0.406698
    outer loop
      vertex 40.8887 18.5142 32.8122
      vertex 36.9388 18.3725 33.1305
      vertex 36.8727 18.5142 32.8122
    endloop
  endfacet
  facet normal 0 -0.913563 -0.406698
    outer loop
      vertex 36.9388 18.3725 33.1305
      vertex 40.8887 18.5142 32.8122
      vertex 40.9474 18.3725 33.1305
    endloop
  endfacet
  facet normal -0 -0.8829 -0.469561
    outer loop
      vertex 40.8209 18.6779 32.5044
      vertex 36.8727 18.5142 32.8122
      vertex 36.7964 18.6779 32.5044
    endloop
  endfacet
  facet normal 0 -0.8829 -0.469561
    outer loop
      vertex 36.8727 18.5142 32.8122
      vertex 40.8209 18.6779 32.5044
      vertex 40.8887 18.5142 32.8122
    endloop
  endfacet
  facet normal -0 -0.847998 -0.529999
    outer loop
      vertex 40.7445 18.8624 32.2092
      vertex 36.7964 18.6779 32.5044
      vertex 36.7104 18.8624 32.2092
    endloop
  endfacet
  facet normal 0 -0.847998 -0.529999
    outer loop
      vertex 36.7964 18.6779 32.5044
      vertex 40.7445 18.8624 32.2092
      vertex 40.8209 18.6779 32.5044
    endloop
  endfacet
  facet normal -0 -0.809071 -0.587711
    outer loop
      vertex 40.6596 19.0671 31.9274
      vertex 36.7104 18.8624 32.2092
      vertex 36.6149 19.0671 31.9274
    endloop
  endfacet
  facet normal 0 -0.809071 -0.587711
    outer loop
      vertex 36.7104 18.8624 32.2092
      vertex 40.6596 19.0671 31.9274
      vertex 40.7445 18.8624 32.2092
    endloop
  endfacet
  facet normal -0 -0.7661 -0.642721
    outer loop
      vertex 40.5669 19.2911 31.6604
      vertex 36.6149 19.0671 31.9274
      vertex 36.5104 19.2911 31.6604
    endloop
  endfacet
  facet normal 0 -0.7661 -0.642721
    outer loop
      vertex 36.6149 19.0671 31.9274
      vertex 40.5669 19.2911 31.6604
      vertex 40.6596 19.0671 31.9274
    endloop
  endfacet
  facet normal -0 -0.719204 -0.694799
    outer loop
      vertex 40.4666 19.5331 31.4099
      vertex 36.5104 19.2911 31.6604
      vertex 36.3976 19.5331 31.4099
    endloop
  endfacet
  facet normal 0 -0.719204 -0.694799
    outer loop
      vertex 36.5104 19.2911 31.6604
      vertex 40.4666 19.5331 31.4099
      vertex 40.5669 19.2911 31.6604
    endloop
  endfacet
  facet normal 0 -0.669266 -0.743023
    outer loop
      vertex 36.3976 19.5331 31.4099
      vertex 40.3594 19.792 31.1767
      vertex 40.4666 19.5331 31.4099
    endloop
  endfacet
  facet normal -0 -0.669266 -0.743023
    outer loop
      vertex 40.3594 19.792 31.1767
      vertex 36.3976 19.5331 31.4099
      vertex 36.2769 19.792 31.1767
    endloop
  endfacet
  facet normal 0 -0.615549 -0.788098
    outer loop
      vertex 36.2769 19.792 31.1767
      vertex 40.2457 20.0665 30.9623
      vertex 40.3594 19.792 31.1767
    endloop
  endfacet
  facet normal -0 -0.615549 -0.788098
    outer loop
      vertex 40.2457 20.0665 30.9623
      vertex 36.2769 19.792 31.1767
      vertex 36.1489 20.0665 30.9623
    endloop
  endfacet
  facet normal 0 -0.559132 -0.829078
    outer loop
      vertex 36.1489 20.0665 30.9623
      vertex 40.1261 20.3552 30.7676
      vertex 40.2457 20.0665 30.9623
    endloop
  endfacet
  facet normal -0 -0.559132 -0.829078
    outer loop
      vertex 40.1261 20.3552 30.7676
      vertex 36.1489 20.0665 30.9623
      vertex 36.0143 20.3552 30.7676
    endloop
  endfacet
  facet normal -0.00133318 -0.500807 -0.865558
    outer loop
      vertex 40.1261 20.3552 30.7676
      vertex 39.956 20.6569 30.5933
      vertex 40.0953 20.4296 30.7246
    endloop
  endfacet
  facet normal 0 -0.500244 -0.865884
    outer loop
      vertex 36.0143 20.3552 30.7676
      vertex 39.956 20.6569 30.5933
      vertex 40.1261 20.3552 30.7676
    endloop
  endfacet
  facet normal -0 -0.500244 -0.865884
    outer loop
      vertex 39.956 20.6569 30.5933
      vertex 36.0143 20.3552 30.7676
      vertex 35.8735 20.6569 30.5933
    endloop
  endfacet
  facet normal 0 -0.438237 -0.898859
    outer loop
      vertex 35.8735 20.6569 30.5933
      vertex 39.7641 20.9701 30.4406
      vertex 39.956 20.6569 30.5933
    endloop
  endfacet
  facet normal -2.15505e-05 -0.438021 -0.898965
    outer loop
      vertex 35.8535 20.7 30.5723
      vertex 39.7641 20.9701 30.4406
      vertex 35.8735 20.6569 30.5933
    endloop
  endfacet
  facet normal -0 -0.438273 -0.898842
    outer loop
      vertex 39.7641 20.9701 30.4406
      vertex 35.8535 20.7 30.5723
      vertex 35.6644 20.9701 30.4406
    endloop
  endfacet
  facet normal 0 -0.374705 -0.927144
    outer loop
      vertex 35.6644 20.9701 30.4406
      vertex 39.5662 21.293 30.3101
      vertex 39.7641 20.9701 30.4406
    endloop
  endfacet
  facet normal -0 -0.374705 -0.927144
    outer loop
      vertex 39.5662 21.293 30.3101
      vertex 35.6644 20.9701 30.4406
      vertex 35.4382 21.293 30.3101
    endloop
  endfacet
  facet normal 0 -0.308813 -0.951123
    outer loop
      vertex 35.4382 21.293 30.3101
      vertex 39.3631 21.6244 30.2025
      vertex 39.5662 21.293 30.3101
    endloop
  endfacet
  facet normal -0 -0.308813 -0.951123
    outer loop
      vertex 39.3631 21.6244 30.2025
      vertex 35.4382 21.293 30.3101
      vertex 35.2062 21.6244 30.2025
    endloop
  endfacet
  facet normal 0 -0.241959 -0.970286
    outer loop
      vertex 35.2062 21.6244 30.2025
      vertex 39.169 21.9412 30.1235
      vertex 39.3631 21.6244 30.2025
    endloop
  endfacet
  facet normal -0 -0.241959 -0.970286
    outer loop
      vertex 39.169 21.9412 30.1235
      vertex 35.2062 21.6244 30.2025
      vertex 34.9844 21.9412 30.1235
    endloop
  endfacet
  facet normal 0 -0.165186 -0.986263
    outer loop
      vertex 34.9844 21.9412 30.1235
      vertex 38.9323 22.3275 30.0588
      vertex 39.169 21.9412 30.1235
    endloop
  endfacet
  facet normal -0 -0.165186 -0.986263
    outer loop
      vertex 38.9323 22.3275 30.0588
      vertex 34.9844 21.9412 30.1235
      vertex 34.7139 22.3275 30.0588
    endloop
  endfacet
  facet normal 0 -0.08711 -0.996199
    outer loop
      vertex 34.7139 22.3275 30.0588
      vertex 38.5868 22.8913 30.0095
      vertex 38.9323 22.3275 30.0588
    endloop
  endfacet
  facet normal -0 -0.08711 -0.996199
    outer loop
      vertex 38.5868 22.8913 30.0095
      vertex 34.7139 22.3275 30.0588
      vertex 34.3191 22.8913 30.0095
    endloop
  endfacet
  facet normal 0 -0.0435766 -0.99905
    outer loop
      vertex 34.3191 22.8913 30.0095
      vertex 38.4533 23.1091 30
      vertex 38.5868 22.8913 30.0095
    endloop
  endfacet
  facet normal -0 -0.0435766 -0.99905
    outer loop
      vertex 38.4533 23.1091 30
      vertex 34.3191 22.8913 30.0095
      vertex 34.1666 23.1091 30
    endloop
  endfacet
  facet normal 0 0 -1
    outer loop
      vertex 34.1666 23.1091 30
      vertex 36.4058 26.4503 30
      vertex 38.4533 23.1091 30
    endloop
  endfacet
  facet normal 0 0 -1
    outer loop
      vertex 31.7142 26.6114 30
      vertex 36.4058 26.4503 30
      vertex 34.1666 23.1091 30
    endloop
  endfacet
  facet normal 0 0 -1
    outer loop
      vertex 36.4058 26.4503 30
      vertex 31.7142 26.6114 30
      vertex 31.8198 31.8198 30
    endloop
  endfacet
  facet normal 0 0 -1
    outer loop
      vertex 31 27.3256 30
      vertex 31.8198 31.8198 30
      vertex 31.7142 26.6114 30
    endloop
  endfacet
  facet normal -0 0 -1
    outer loop
      vertex 31.8198 31.8198 30
      vertex 31 27.3256 30
      vertex 31 32.52 30
    endloop
  endfacet
  facet normal 0 0 1
    outer loop
      vertex 41.4 0 5
      vertex 45 0 5
      vertex 44.446 7.03955 5
    endloop
  endfacet
  facet normal -0 0 1
    outer loop
      vertex 40.771 7.18903 5
      vertex 44.446 7.03955 5
      vertex 42.7975 13.9058 5
    endloop
  endfacet
  facet normal 0 0 1
    outer loop
      vertex 45 0 5
      vertex 41.4 0 5
      vertex 44.446 -7.03955 5
    endloop
  endfacet
  facet normal 0 0 1
    outer loop
      vertex 40.771 -7.18903 5
      vertex 44.446 -7.03955 5
      vertex 41.4 0 5
    endloop
  endfacet
  facet normal 0 0 1
    outer loop
      vertex 44.446 7.03955 5
      vertex 40.771 7.18903 5
      vertex 41.4 0 5
    endloop
  endfacet
  facet normal -0 0 1
    outer loop
      vertex 38.9033 14.1596 5
      vertex 42.7975 13.9058 5
      vertex 40.0953 20.4296 5
    endloop
  endfacet
  facet normal 0 0 1
    outer loop
      vertex 42.7975 13.9058 5
      vertex 38.9033 14.1596 5
      vertex 40.771 7.18903 5
    endloop
  endfacet
  facet normal -0 0 1
    outer loop
      vertex 35.8535 20.7 5
      vertex 40.0953 20.4296 5
      vertex 36.4058 26.4503 5
    endloop
  endfacet
  facet normal 0 0 1
    outer loop
      vertex 40.0953 20.4296 5
      vertex 35.8535 20.7 5
      vertex 38.9033 14.1596 5
    endloop
  endfacet
  facet normal -0 0 1
    outer loop
      vertex 31.7142 26.6114 5
      vertex 36.4058 26.4503 5
      vertex 31.8198 31.8198 5
    endloop
  endfacet
  facet normal 0 0 1
    outer loop
      vertex 36.4058 26.4503 5
      vertex 31.7142 26.6114 5
      vertex 35.8535 20.7 5
    endloop
  endfacet
  facet normal 0 0 1
    outer loop
      vertex 31 27.3256 5
      vertex 31.8198 31.8198 5
      vertex 31 32.52 5
    endloop
  endfacet
  facet normal 0 0 1
    outer loop
      vertex 31.8198 31.8198 5
      vertex 31 27.3256 5
      vertex 31.7142 26.6114 5
    endloop
  endfacet
  facet normal 0 0 1
    outer loop
      vertex 44.446 -7.03955 5
      vertex 40.771 -7.18903 5
      vertex 42.7975 -13.9058 5
    endloop
  endfacet
  facet normal 0 0 1
    outer loop
      vertex 38.9033 -14.1596 5
      vertex 42.7975 -13.9058 5
      vertex 40.771 -7.18903 5
    endloop
  endfacet
  facet normal 0 0 1
    outer loop
      vertex 42.7975 -13.9058 5
      vertex 38.9033 -14.1596 5
      vertex 40.0953 -20.4296 5
    endloop
  endfacet
  facet normal 0 0 1
    outer loop
      vertex 35.8535 -20.7 5
      vertex 40.0953 -20.4296 5
      vertex 38.9033 -14.1596 5
    endloop
  endfacet
  facet normal 0 0 1
    outer loop
      vertex 40.0953 -20.4296 5
      vertex 35.8535 -20.7 5
      vertex 36.4058 -26.4503 5
    endloop
  endfacet
  facet normal 0 0 1
    outer loop
      vertex 31.7142 -26.6114 5
      vertex 36.4058 -26.4503 5
      vertex 35.8535 -20.7 5
    endloop
  endfacet
  facet normal 0 0 1
    outer loop
      vertex 36.4058 -26.4503 5
      vertex 31.7142 -26.6114 5
      vertex 31.8198 -31.8198 5
    endloop
  endfacet
  facet normal -0 0 1
    outer loop
      vertex 31 -27.3256 5
      vertex 31.8198 -31.8198 5
      vertex 31.7142 -26.6114 5
    endloop
  endfacet
  facet normal 0 0 1
    outer loop
      vertex 31.8198 -31.8198 5
      vertex 31 -27.3256 5
      vertex 31 -32.52 5
    endloop
  endfacet
  facet normal 1 -0 0
    outer loop
      vertex -45.4 -7.3362 24
      vertex -45.4 7.3362 18
      vertex -45.4 7.3362 24
    endloop
  endfacet
  facet normal 1 0 0
    outer loop
      vertex -45.4 7.3362 18
      vertex -45.4 -7.3362 24
      vertex -45.4 -7.3362 18
    endloop
  endfacet
  facet normal 1 -0 0
    outer loop
      vertex -45.4 -7.3362 56
      vertex -45.4 7.3362 50
      vertex -45.4 7.3362 56
    endloop
  endfacet
  facet normal 1 0 0
    outer loop
      vertex -45.4 7.3362 50
      vertex -45.4 -7.3362 56
      vertex -45.4 -7.3362 50
    endloop
  endfacet
  facet normal 1 -0 0
    outer loop
      vertex -45.4 -7.3362 88
      vertex -45.4 7.3362 82
      vertex -45.4 7.3362 88
    endloop
  endfacet
  facet normal 1 0 0
    outer loop
      vertex -45.4 7.3362 82
      vertex -45.4 -7.3362 88
      vertex -45.4 -7.3362 82
    endloop
  endfacet
  facet normal 1 -0 0
    outer loop
      vertex -45.4 -7.3362 120
      vertex -45.4 7.3362 114
      vertex -45.4 7.3362 120
    endloop
  endfacet
  facet normal 1 0 0
    outer loop
      vertex -45.4 7.3362 114
      vertex -45.4 -7.3362 120
      vertex -45.4 -7.3362 114
    endloop
  endfacet
  facet normal -1 0 0
    outer loop
      vertex -31 27.3256 5
      vertex -31 32.52 18
      vertex -31 32.52 5
    endloop
  endfacet
  facet normal -1 0 0
    outer loop
      vertex -31 27.3256 30
      vertex -31 32.52 18
      vertex -31 27.3256 5
    endloop
  endfacet
  facet normal -1 0 0
    outer loop
      vertex -31 32.52 18
      vertex -31 27.3256 30
      vertex -31 32.52 24
    endloop
  endfacet
  facet normal -1 0 0
    outer loop
      vertex -31 32.52 24
      vertex -31 27.3256 30
      vertex -31 32.52 30
    endloop
  endfacet
  facet normal -1 0 0
    outer loop
      vertex -31 32.52 18
      vertex -31 33.831 24
      vertex -31 33.831 18
    endloop
  endfacet
  facet normal -1 -0 0
    outer loop
      vertex -31 33.831 24
      vertex -31 32.52 18
      vertex -31 32.52 24
    endloop
  endfacet
  facet normal -1 0 0
    outer loop
      vertex -31 -33.831 18
      vertex -31 -32.52 24
      vertex -31 -32.52 18
    endloop
  endfacet
  facet normal -1 -0 0
    outer loop
      vertex -31 -32.52 24
      vertex -31 -33.831 18
      vertex -31 -33.831 24
    endloop
  endfacet
  facet normal -1 0 0
    outer loop
      vertex -31 -32.52 18
      vertex -31 -27.3256 5
      vertex -31 -32.52 5
    endloop
  endfacet
  facet normal -1 0 0
    outer loop
      vertex -31 -27.3256 5
      vertex -31 -32.52 18
      vertex -31 -27.3256 30
    endloop
  endfacet
  facet normal -1 0 0
    outer loop
      vertex -31 -32.52 24
      vertex -31 -27.3256 30
      vertex -31 -32.52 18
    endloop
  endfacet
  facet normal -1 -0 0
    outer loop
      vertex -31 -27.3256 30
      vertex -31 -32.52 24
      vertex -31 -32.52 30
    endloop
  endfacet
  facet normal -1 0 0
    outer loop
      vertex -31 -33.831 114
      vertex -31 -32.52 120
      vertex -31 -32.52 114
    endloop
  endfacet
  facet normal -1 -0 0
    outer loop
      vertex -31 -32.52 120
      vertex -31 -33.831 114
      vertex -31 -33.831 120
    endloop
  endfacet
  facet normal -1 0 0
    outer loop
      vertex -31 -32.52 114
      vertex -31 -27.3256 110
      vertex -31 -32.52 110
    endloop
  endfacet
  facet normal -1 0 0
    outer loop
      vertex -31 -32.52 120
      vertex -31 -27.3256 110
      vertex -31 -32.52 114
    endloop
  endfacet
  facet normal -1 0 0
    outer loop
      vertex -31 -27.3256 110
      vertex -31 -32.52 120
      vertex -31 -27.3256 135
    endloop
  endfacet
  facet normal -1 -0 0
    outer loop
      vertex -31 -27.3256 135
      vertex -31 -32.52 120
      vertex -31 -32.52 135
    endloop
  endfacet
  facet normal -1 0 0
    outer loop
      vertex -31 27.3256 110
      vertex -31 32.52 114
      vertex -31 32.52 110
    endloop
  endfacet
  facet normal -1 -0 0
    outer loop
      vertex -31 32.52 114
      vertex -31 27.3256 110
      vertex -31 32.52 120
    endloop
  endfacet
  facet normal -1 0 0
    outer loop
      vertex -31 27.3256 135
      vertex -31 32.52 120
      vertex -31 27.3256 110
    endloop
  endfacet
  facet normal -1 0 0
    outer loop
      vertex -31 32.52 120
      vertex -31 27.3256 135
      vertex -31 32.52 135
    endloop
  endfacet
  facet normal -1 0 0
    outer loop
      vertex -31 32.52 114
      vertex -31 33.831 120
      vertex -31 33.831 114
    endloop
  endfacet
  facet normal -1 -0 0
    outer loop
      vertex -31 33.831 120
      vertex -31 32.52 114
      vertex -31 32.52 120
    endloop
  endfacet
  facet normal 0 0 -1
    outer loop
      vertex -31.8198 -31.8198 30
      vertex -31 -27.3256 30
      vertex -31 -32.52 30
    endloop
  endfacet
  facet normal -0 0 -1
    outer loop
      vertex -31 -27.3256 30
      vertex -31.8198 -31.8198 30
      vertex -31.7142 -26.6114 30
    endloop
  endfacet
  facet normal 0 0 -1
    outer loop
      vertex -36.4058 -26.4503 30
      vertex -31.7142 -26.6114 30
      vertex -31.8198 -31.8198 30
    endloop
  endfacet
  facet normal 0 0 -1
    outer loop
      vertex -31.7142 -26.6114 30
      vertex -36.4058 -26.4503 30
      vertex -34.182 -23.087 30
    endloop
  endfacet
  facet normal -0 0 -1
    outer loop
      vertex -34.182 -23.087 30
      vertex -36.4058 -26.4503 30
      vertex -38.4668 -23.087 30
    endloop
  endfacet
  facet normal 0 0.0350762 -0.999385
    outer loop
      vertex -38.4668 -23.087 30
      vertex -34.3037 -22.9132 30.0061
      vertex -34.182 -23.087 30
    endloop
  endfacet
  facet normal 0 0.0350762 -0.999385
    outer loop
      vertex -34.3037 -22.9132 30.0061
      vertex -38.4668 -23.087 30
      vertex -38.5733 -22.9132 30.0061
    endloop
  endfacet
  facet normal 0 0.069715 -0.997567
    outer loop
      vertex -38.5733 -22.9132 30.0061
      vertex -34.6083 -22.4782 30.0365
      vertex -34.3037 -22.9132 30.0061
    endloop
  endfacet
  facet normal 0 0.069715 -0.997567
    outer loop
      vertex -34.6083 -22.4782 30.0365
      vertex -38.5733 -22.9132 30.0061
      vertex -38.8399 -22.4782 30.0365
    endloop
  endfacet
  facet normal 0 0.139008 -0.990291
    outer loop
      vertex -38.8399 -22.4782 30.0365
      vertex -34.8498 -22.1334 30.0849
      vertex -34.6083 -22.4782 30.0365
    endloop
  endfacet
  facet normal 0 0.139008 -0.990291
    outer loop
      vertex -34.8498 -22.1334 30.0849
      vertex -38.8399 -22.4782 30.0365
      vertex -39.0512 -22.1334 30.0849
    endloop
  endfacet
  facet normal 0 0.208137 -0.9781
    outer loop
      vertex -39.0512 -22.1334 30.0849
      vertex -35.0883 -21.7927 30.1574
      vertex -34.8498 -22.1334 30.0849
    endloop
  endfacet
  facet normal 0 0.208137 -0.9781
    outer loop
      vertex -35.0883 -21.7927 30.1574
      vertex -39.0512 -22.1334 30.0849
      vertex -39.26 -21.7927 30.1574
    endloop
  endfacet
  facet normal 0 0.275403 -0.961329
    outer loop
      vertex -39.26 -21.7927 30.1574
      vertex -35.323 -21.4576 30.2534
      vertex -35.0883 -21.7927 30.1574
    endloop
  endfacet
  facet normal 0 0.275403 -0.961329
    outer loop
      vertex -35.323 -21.4576 30.2534
      vertex -39.26 -21.7927 30.1574
      vertex -39.4653 -21.4576 30.2534
    endloop
  endfacet
  facet normal 0 0.342135 -0.939651
    outer loop
      vertex -39.4653 -21.4576 30.2534
      vertex -35.552 -21.1305 30.3725
      vertex -35.323 -21.4576 30.2534
    endloop
  endfacet
  facet normal 0 0.342135 -0.939651
    outer loop
      vertex -35.552 -21.1305 30.3725
      vertex -39.4653 -21.4576 30.2534
      vertex -39.6658 -21.1305 30.3725
    endloop
  endfacet
  facet normal 0 0.406698 -0.913563
    outer loop
      vertex -39.6658 -21.1305 30.3725
      vertex -35.7749 -20.8122 30.5142
      vertex -35.552 -21.1305 30.3725
    endloop
  endfacet
  facet normal 0 0.406698 -0.913563
    outer loop
      vertex -35.7749 -20.8122 30.5142
      vertex -39.6658 -21.1305 30.3725
      vertex -39.8608 -20.8122 30.5142
    endloop
  endfacet
  facet normal 0 0.46973 -0.88281
    outer loop
      vertex -39.8608 -20.8122 30.5142
      vertex -35.8535 -20.7 30.5739
      vertex -35.7749 -20.8122 30.5142
    endloop
  endfacet
  facet normal 9.47389e-06 0.469467 -0.88295
    outer loop
      vertex -39.8608 -20.8122 30.5142
      vertex -35.9446 -20.5044 30.6779
      vertex -35.8535 -20.7 30.5739
    endloop
  endfacet
  facet normal 0 0.469561 -0.8829
    outer loop
      vertex -35.9446 -20.5044 30.6779
      vertex -39.8608 -20.8122 30.5142
      vertex -40.0494 -20.5044 30.6779
    endloop
  endfacet
  facet normal 0 0.529999 -0.847998
    outer loop
      vertex -40.0494 -20.5044 30.6779
      vertex -36.0823 -20.2092 30.8624
      vertex -35.9446 -20.5044 30.6779
    endloop
  endfacet
  facet normal 0.00380413 0.531266 -0.847197
    outer loop
      vertex -40.1866 -20.2092 30.8624
      vertex -40.0494 -20.5044 30.6779
      vertex -40.0953 -20.4296 30.7246
    endloop
  endfacet
  facet normal 0 0.529999 -0.847998
    outer loop
      vertex -40.0494 -20.5044 30.6779
      vertex -40.1866 -20.2092 30.8624
      vertex -36.0823 -20.2092 30.8624
    endloop
  endfacet
  facet normal 0 0.587711 -0.809071
    outer loop
      vertex -40.1866 -20.2092 30.8624
      vertex -36.2137 -19.9274 31.0671
      vertex -36.0823 -20.2092 30.8624
    endloop
  endfacet
  facet normal 0 0.587711 -0.809071
    outer loop
      vertex -36.2137 -19.9274 31.0671
      vertex -40.1866 -20.2092 30.8624
      vertex -40.3033 -19.9274 31.0671
    endloop
  endfacet
  facet normal 0 0.642721 -0.7661
    outer loop
      vertex -40.3033 -19.9274 31.0671
      vertex -36.3382 -19.6604 31.2911
      vertex -36.2137 -19.9274 31.0671
    endloop
  endfacet
  facet normal 0 0.642721 -0.7661
    outer loop
      vertex -36.3382 -19.6604 31.2911
      vertex -40.3033 -19.9274 31.0671
      vertex -40.4139 -19.6604 31.2911
    endloop
  endfacet
  facet normal 0 0.694799 -0.719204
    outer loop
      vertex -40.4139 -19.6604 31.2911
      vertex -36.455 -19.4099 31.5331
      vertex -36.3382 -19.6604 31.2911
    endloop
  endfacet
  facet normal 0 0.694799 -0.719204
    outer loop
      vertex -36.455 -19.4099 31.5331
      vertex -40.4139 -19.6604 31.2911
      vertex -40.5177 -19.4099 31.5331
    endloop
  endfacet
  facet normal 0 0.743023 -0.669266
    outer loop
      vertex -40.5177 -19.4099 31.5331
      vertex -36.5638 -19.1767 31.792
      vertex -36.455 -19.4099 31.5331
    endloop
  endfacet
  facet normal 0 0.743023 -0.669266
    outer loop
      vertex -36.5638 -19.1767 31.792
      vertex -40.5177 -19.4099 31.5331
      vertex -40.6142 -19.1767 31.792
    endloop
  endfacet
  facet normal 0 0.788098 -0.615549
    outer loop
      vertex -40.6142 -19.1767 31.792
      vertex -36.6638 -18.9623 32.0665
      vertex -36.5638 -19.1767 31.792
    endloop
  endfacet
  facet normal 0 0.788098 -0.615549
    outer loop
      vertex -36.6638 -18.9623 32.0665
      vertex -40.6142 -19.1767 31.792
      vertex -40.7031 -18.9623 32.0665
    endloop
  endfacet
  facet normal 0 0.829078 -0.559132
    outer loop
      vertex -40.7031 -18.9623 32.0665
      vertex -36.7546 -18.7676 32.3552
      vertex -36.6638 -18.9623 32.0665
    endloop
  endfacet
  facet normal 0 0.829078 -0.559132
    outer loop
      vertex -36.7546 -18.7676 32.3552
      vertex -40.7031 -18.9623 32.0665
      vertex -40.7837 -18.7676 32.3552
    endloop
  endfacet
  facet normal 0 0.865884 -0.500244
    outer loop
      vertex -40.7837 -18.7676 32.3552
      vertex -36.8358 -18.5933 32.6569
      vertex -36.7546 -18.7676 32.3552
    endloop
  endfacet
  facet normal 0 0.865884 -0.500244
    outer loop
      vertex -36.8358 -18.5933 32.6569
      vertex -40.7837 -18.7676 32.3552
      vertex -40.8559 -18.5933 32.6569
    endloop
  endfacet
  facet normal 0 0.898859 -0.438237
    outer loop
      vertex -40.8559 -18.5933 32.6569
      vertex -36.907 -18.4406 32.9701
      vertex -36.8358 -18.5933 32.6569
    endloop
  endfacet
  facet normal 0 0.898859 -0.438237
    outer loop
      vertex -36.907 -18.4406 32.9701
      vertex -40.8559 -18.5933 32.6569
      vertex -40.9191 -18.4406 32.9701
    endloop
  endfacet
  facet normal 0 0.927144 -0.374705
    outer loop
      vertex -40.9191 -18.4406 32.9701
      vertex -36.9679 -18.3101 33.293
      vertex -36.907 -18.4406 32.9701
    endloop
  endfacet
  facet normal 0 0.927144 -0.374705
    outer loop
      vertex -36.9679 -18.3101 33.293
      vertex -40.9191 -18.4406 32.9701
      vertex -40.9732 -18.3101 33.293
    endloop
  endfacet
  facet normal 0 0.951123 -0.308813
    outer loop
      vertex -40.9732 -18.3101 33.293
      vertex -37.0181 -18.2025 33.6244
      vertex -36.9679 -18.3101 33.293
    endloop
  endfacet
  facet normal 0 0.951123 -0.308813
    outer loop
      vertex -37.0181 -18.2025 33.6244
      vertex -40.9732 -18.3101 33.293
      vertex -41.0178 -18.2025 33.6244
    endloop
  endfacet
  facet normal 0 0.970286 -0.241959
    outer loop
      vertex -41.0178 -18.2025 33.6244
      vertex -37.0549 -18.1235 33.9412
      vertex -37.0181 -18.2025 33.6244
    endloop
  endfacet
  facet normal 0 0.970286 -0.241959
    outer loop
      vertex -37.0549 -18.1235 33.9412
      vertex -41.0178 -18.2025 33.6244
      vertex -41.0505 -18.1235 33.9412
    endloop
  endfacet
  facet normal 0 0.986263 -0.165186
    outer loop
      vertex -41.0505 -18.1235 33.9412
      vertex -37.085 -18.0588 34.3275
      vertex -37.0549 -18.1235 33.9412
    endloop
  endfacet
  facet normal 0 0.986263 -0.165186
    outer loop
      vertex -37.085 -18.0588 34.3275
      vertex -41.0505 -18.1235 33.9412
      vertex -41.0773 -18.0588 34.3275
    endloop
  endfacet
  facet normal 0 0.996199 -0.08711
    outer loop
      vertex -41.0773 -18.0588 34.3275
      vertex -37.108 -18.0095 34.8913
      vertex -37.085 -18.0588 34.3275
    endloop
  endfacet
  facet normal 0 0.996199 -0.08711
    outer loop
      vertex -37.108 -18.0095 34.8913
      vertex -41.0773 -18.0588 34.3275
      vertex -41.0977 -18.0095 34.8913
    endloop
  endfacet
  facet normal 0 0.99905 -0.0435766
    outer loop
      vertex -41.0977 -18.0095 34.8913
      vertex -37.1125 -18 35.1091
      vertex -37.108 -18.0095 34.8913
    endloop
  endfacet
  facet normal 0 0.99905 -0.0435766
    outer loop
      vertex -37.1125 -18 35.1091
      vertex -41.0977 -18.0095 34.8913
      vertex -41.1017 -18 35.1091
    endloop
  endfacet
  facet normal 0 1 0
    outer loop
      vertex -37.1125 -18 104.913
      vertex -41.1017 -18 88
      vertex -41.1017 -18 104.913
    endloop
  endfacet
  facet normal 0 1 0
    outer loop
      vertex -41.1017 -18 88
      vertex -41.1017 -18 82
      vertex -42.1807 -18 88
    endloop
  endfacet
  facet normal 0 1 0
    outer loop
      vertex -37.1125 -18 104.913
      vertex -41.1017 -18 82
      vertex -41.1017 -18 88
    endloop
  endfacet
  facet normal 0 1 -0
    outer loop
      vertex -37.1125 -18 35.1091
      vertex -41.1017 -18 82
      vertex -37.1125 -18 104.913
    endloop
  endfacet
  facet normal 0 1 0
    outer loop
      vertex -41.1017 -18 56
      vertex -41.1017 -18 50
      vertex -42.1807 -18 56
    endloop
  endfacet
  facet normal 0 1 0
    outer loop
      vertex -41.1017 -18 82
      vertex -37.1125 -18 35.1091
      vertex -41.1017 -18 56
    endloop
  endfacet
  facet normal 0 1 0
    outer loop
      vertex -41.1017 -18 56
      vertex -37.1125 -18 35.1091
      vertex -41.1017 -18 50
    endloop
  endfacet
  facet normal 0 1 0
    outer loop
      vertex -41.1017 -18 50
      vertex -37.1125 -18 35.1091
      vertex -41.1017 -18 35.1091
    endloop
  endfacet
  facet normal 0 1 0
    outer loop
      vertex -42.1807 -18 88
      vertex -41.1017 -18 82
      vertex -42.1807 -18 82
    endloop
  endfacet
  facet normal 0 1 0
    outer loop
      vertex -42.1807 -18 56
      vertex -41.1017 -18 50
      vertex -42.1807 -18 50
    endloop
  endfacet
  facet normal 0 0.999386 0.0350359
    outer loop
      vertex -37.1125 -18 104.913
      vertex -41.0991 -18.0061 105.087
      vertex -37.1096 -18.0061 105.087
    endloop
  endfacet
  facet normal 0 0.999386 0.0350359
    outer loop
      vertex -41.0991 -18.0061 105.087
      vertex -37.1125 -18 104.913
      vertex -41.1017 -18 104.913
    endloop
  endfacet
  facet normal 0 0.997567 0.069715
    outer loop
      vertex -37.1096 -18.0061 105.087
      vertex -41.0865 -18.0365 105.522
      vertex -37.0955 -18.0365 105.522
    endloop
  endfacet
  facet normal 0 0.997567 0.069715
    outer loop
      vertex -41.0865 -18.0365 105.522
      vertex -37.1096 -18.0061 105.087
      vertex -41.0991 -18.0061 105.087
    endloop
  endfacet
  facet normal 0 0.990302 0.138929
    outer loop
      vertex -37.0955 -18.0365 105.522
      vertex -41.0665 -18.0849 105.867
      vertex -37.0729 -18.0849 105.867
    endloop
  endfacet
  facet normal 0 0.990302 0.138929
    outer loop
      vertex -41.0665 -18.0849 105.867
      vertex -37.0955 -18.0365 105.522
      vertex -41.0865 -18.0365 105.522
    endloop
  endfacet
  facet normal 0 0.978012 0.208547
    outer loop
      vertex -37.0729 -18.0849 105.867
      vertex -41.0365 -18.1574 106.207
      vertex -37.0391 -18.1574 106.207
    endloop
  endfacet
  facet normal 0 0.978012 0.208547
    outer loop
      vertex -41.0365 -18.1574 106.207
      vertex -37.0729 -18.0849 105.867
      vertex -41.0665 -18.0849 105.867
    endloop
  endfacet
  facet normal 0 0.961307 0.275479
    outer loop
      vertex -37.0391 -18.1574 106.207
      vertex -40.9967 -18.2534 106.542
      vertex -36.9943 -18.2534 106.542
    endloop
  endfacet
  facet normal 0 0.961307 0.275479
    outer loop
      vertex -40.9967 -18.2534 106.542
      vertex -37.0391 -18.1574 106.207
      vertex -41.0365 -18.1574 106.207
    endloop
  endfacet
  facet normal 0 0.939617 0.342228
    outer loop
      vertex -36.9943 -18.2534 106.542
      vertex -40.9474 -18.3725 106.869
      vertex -36.9388 -18.3725 106.869
    endloop
  endfacet
  facet normal 0 0.939617 0.342228
    outer loop
      vertex -40.9474 -18.3725 106.869
      vertex -36.9943 -18.2534 106.542
      vertex -40.9967 -18.2534 106.542
    endloop
  endfacet
  facet normal 0 0.913894 0.405952
    outer loop
      vertex -36.9388 -18.3725 106.869
      vertex -40.8887 -18.5142 107.188
      vertex -36.8727 -18.5142 107.188
    endloop
  endfacet
  facet normal 0 0.913894 0.405952
    outer loop
      vertex -40.8887 -18.5142 107.188
      vertex -36.9388 -18.3725 106.869
      vertex -40.9474 -18.3725 106.869
    endloop
  endfacet
  facet normal 0 0.883027 0.469323
    outer loop
      vertex -36.8727 -18.5142 107.188
      vertex -40.8209 -18.6779 107.496
      vertex -36.7964 -18.6779 107.496
    endloop
  endfacet
  facet normal 0 0.883027 0.469323
    outer loop
      vertex -40.8209 -18.6779 107.496
      vertex -36.8727 -18.5142 107.188
      vertex -40.8887 -18.5142 107.188
    endloop
  endfacet
  facet normal 0 0.847837 0.530257
    outer loop
      vertex -36.7964 -18.6779 107.496
      vertex -40.7445 -18.8624 107.791
      vertex -36.7104 -18.8624 107.791
    endloop
  endfacet
  facet normal 0 0.847837 0.530257
    outer loop
      vertex -40.7445 -18.8624 107.791
      vertex -36.7964 -18.6779 107.496
      vertex -40.8209 -18.6779 107.496
    endloop
  endfacet
  facet normal 0 0.809269 0.587438
    outer loop
      vertex -36.7104 -18.8624 107.791
      vertex -40.6596 -19.0671 108.073
      vertex -36.6149 -19.0671 108.073
    endloop
  endfacet
  facet normal 0 0.809269 0.587438
    outer loop
      vertex -40.6596 -19.0671 108.073
      vertex -36.7104 -18.8624 107.791
      vertex -40.7445 -18.8624 107.791
    endloop
  endfacet
  facet normal 0 0.7661 0.642721
    outer loop
      vertex -36.6149 -19.0671 108.073
      vertex -40.5669 -19.2911 108.34
      vertex -36.5104 -19.2911 108.34
    endloop
  endfacet
  facet normal 0 0.7661 0.642721
    outer loop
      vertex -40.5669 -19.2911 108.34
      vertex -36.6149 -19.0671 108.073
      vertex -40.6596 -19.0671 108.073
    endloop
  endfacet
  facet normal 0 0.718509 0.695517
    outer loop
      vertex -36.5104 -19.2911 108.34
      vertex -40.4666 -19.5331 108.59
      vertex -36.3976 -19.5331 108.59
    endloop
  endfacet
  facet normal 0 0.718509 0.695517
    outer loop
      vertex -40.4666 -19.5331 108.59
      vertex -36.5104 -19.2911 108.34
      vertex -40.5669 -19.2911 108.34
    endloop
  endfacet
  facet normal 0 0.668949 0.743308
    outer loop
      vertex -36.3976 -19.5331 108.59
      vertex -40.3594 -19.792 108.823
      vertex -36.2769 -19.792 108.823
    endloop
  endfacet
  facet normal 0 0.668949 0.743308
    outer loop
      vertex -40.3594 -19.792 108.823
      vertex -36.3976 -19.5331 108.59
      vertex -40.4666 -19.5331 108.59
    endloop
  endfacet
  facet normal 0 0.616618 0.787263
    outer loop
      vertex -36.2769 -19.792 108.823
      vertex -40.2457 -20.0665 109.038
      vertex -36.1489 -20.0665 109.038
    endloop
  endfacet
  facet normal 0 0.616618 0.787263
    outer loop
      vertex -40.2457 -20.0665 109.038
      vertex -36.2769 -19.792 108.823
      vertex -40.3594 -19.792 108.823
    endloop
  endfacet
  facet normal 0 0.557748 0.83001
    outer loop
      vertex -36.1489 -20.0665 109.038
      vertex -40.1261 -20.3552 109.232
      vertex -36.0143 -20.3552 109.232
    endloop
  endfacet
  facet normal 0 0.557748 0.83001
    outer loop
      vertex -40.1261 -20.3552 109.232
      vertex -36.1489 -20.0665 109.038
      vertex -40.2457 -20.0665 109.038
    endloop
  endfacet
  facet normal 0 0.501748 0.865014
    outer loop
      vertex -36.0143 -20.3552 109.232
      vertex -39.956 -20.6569 109.407
      vertex -35.8735 -20.6569 109.407
    endloop
  endfacet
  facet normal -0 0.501748 0.865014
    outer loop
      vertex -40.1261 -20.3552 109.232
      vertex -39.956 -20.6569 109.407
      vertex -36.0143 -20.3552 109.232
    endloop
  endfacet
  facet normal -0.0121033 0.496597 0.867897
    outer loop
      vertex -39.956 -20.6569 109.407
      vertex -40.1261 -20.3552 109.232
      vertex -40.0953 -20.4296 109.275
    endloop
  endfacet
  facet normal 0 0.436388 0.899759
    outer loop
      vertex -35.8535 -20.7 109.428
      vertex -39.7641 -20.9701 109.559
      vertex -35.6644 -20.9701 109.559
    endloop
  endfacet
  facet normal -0.000134372 0.437962 0.898993
    outer loop
      vertex -35.8735 -20.6569 109.407
      vertex -39.7641 -20.9701 109.559
      vertex -35.8535 -20.7 109.428
    endloop
  endfacet
  facet normal 0 0.436612 0.89965
    outer loop
      vertex -39.7641 -20.9701 109.559
      vertex -35.8735 -20.6569 109.407
      vertex -39.956 -20.6569 109.407
    endloop
  endfacet
  facet normal 0 0.375938 0.926645
    outer loop
      vertex -35.6644 -20.9701 109.559
      vertex -39.5662 -21.293 109.69
      vertex -35.4382 -21.293 109.69
    endloop
  endfacet
  facet normal 0 0.375938 0.926645
    outer loop
      vertex -39.5662 -21.293 109.69
      vertex -35.6644 -20.9701 109.559
      vertex -39.7641 -20.9701 109.559
    endloop
  endfacet
  facet normal 0 0.309851 0.950785
    outer loop
      vertex -35.4382 -21.293 109.69
      vertex -39.3631 -21.6244 109.798
      vertex -35.2062 -21.6244 109.798
    endloop
  endfacet
  facet normal 0 0.309851 0.950785
    outer loop
      vertex -39.3631 -21.6244 109.798
      vertex -35.4382 -21.293 109.69
      vertex -39.5662 -21.293 109.69
    endloop
  endfacet
  facet normal 0 0.241959 0.970286
    outer loop
      vertex -35.2062 -21.6244 109.798
      vertex -39.169 -21.9412 109.877
      vertex -34.9844 -21.9412 109.877
    endloop
  endfacet
  facet normal 0 0.241959 0.970286
    outer loop
      vertex -39.169 -21.9412 109.877
      vertex -35.2062 -21.6244 109.798
      vertex -39.3631 -21.6244 109.798
    endloop
  endfacet
  facet normal 0 0.163446 0.986552
    outer loop
      vertex -34.9844 -21.9412 109.877
      vertex -38.9323 -22.3275 109.941
      vertex -34.7139 -22.3275 109.941
    endloop
  endfacet
  facet normal 0 0.163446 0.986552
    outer loop
      vertex -38.9323 -22.3275 109.941
      vertex -34.9844 -21.9412 109.877
      vertex -39.169 -21.9412 109.877
    endloop
  endfacet
  facet normal 0 0.0865839 0.996245
    outer loop
      vertex -34.7139 -22.3275 109.941
      vertex -38.5868 -22.8913 109.99
      vertex -34.3191 -22.8913 109.99
    endloop
  endfacet
  facet normal 0 0.0865839 0.996245
    outer loop
      vertex -38.5868 -22.8913 109.99
      vertex -34.7139 -22.3275 109.941
      vertex -38.9323 -22.3275 109.941
    endloop
  endfacet
  facet normal 0 0.0458654 0.998948
    outer loop
      vertex -34.3191 -22.8913 109.99
      vertex -38.4533 -23.1091 110
      vertex -34.1666 -23.1091 110
    endloop
  endfacet
  facet normal 0 0.0458654 0.998948
    outer loop
      vertex -38.4533 -23.1091 110
      vertex -34.3191 -22.8913 109.99
      vertex -38.5868 -22.8913 109.99
    endloop
  endfacet
  facet normal 0 0 1
    outer loop
      vertex -31.8198 -31.8198 110
      vertex -31 -27.3256 110
      vertex -31.7142 -26.6114 110
    endloop
  endfacet
  facet normal 0 0 1
    outer loop
      vertex -31 -27.3256 110
      vertex -31.8198 -31.8198 110
      vertex -31 -32.52 110
    endloop
  endfacet
  facet normal -0 0 1
    outer loop
      vertex -36.4058 -26.4503 110
      vertex -31.7142 -26.6114 110
      vertex -34.1666 -23.1091 110
    endloop
  endfacet
  facet normal 0 0 1
    outer loop
      vertex -31.7142 -26.6114 110
      vertex -36.4058 -26.4503 110
      vertex -31.8198 -31.8198 110
    endloop
  endfacet
  facet normal 0 -0 1
    outer loop
      vertex -36.4058 -26.4503 110
      vertex -34.1666 -23.1091 110
      vertex -38.4533 -23.1091 110
    endloop
  endfacet
  facet normal 0 0 -1
    outer loop
      vertex -31.8198 -31.8198 135
      vertex -31 -27.3256 135
      vertex -31 -32.52 135
    endloop
  endfacet
  facet normal -0 0 -1
    outer loop
      vertex -31 -27.3256 135
      vertex -31.8198 -31.8198 135
      vertex -31.7142 -26.6114 135
    endloop
  endfacet
  facet normal 0 0 -1
    outer loop
      vertex -36.4058 -26.4503 135
      vertex -31.7142 -26.6114 135
      vertex -31.8198 -31.8198 135
    endloop
  endfacet
  facet normal 0 0 -1
    outer loop
      vertex -31.7142 -26.6114 135
      vertex -36.4058 -26.4503 135
      vertex -35.8535 -20.7 135
    endloop
  endfacet
  facet normal 0 0 -1
    outer loop
      vertex -40.0953 -20.4296 135
      vertex -35.8535 -20.7 135
      vertex -36.4058 -26.4503 135
    endloop
  endfacet
  facet normal 0 0 -1
    outer loop
      vertex -35.8535 -20.7 135
      vertex -40.0953 -20.4296 135
      vertex -38.9033 -14.1596 135
    endloop
  endfacet
  facet normal 0 0 -1
    outer loop
      vertex -42.7975 -13.9058 135
      vertex -38.9033 -14.1596 135
      vertex -40.0953 -20.4296 135
    endloop
  endfacet
  facet normal 0 0 -1
    outer loop
      vertex -38.9033 -14.1596 135
      vertex -42.7975 -13.9058 135
      vertex -40.771 -7.18903 135
    endloop
  endfacet
  facet normal 0 0 -1
    outer loop
      vertex -44.446 -7.03955 135
      vertex -40.771 -7.18903 135
      vertex -42.7975 -13.9058 135
    endloop
  endfacet
  facet normal 0 0 -1
    outer loop
      vertex -31.8198 31.8198 135
      vertex -31 27.3256 135
      vertex -31.7142 26.6114 135
    endloop
  endfacet
  facet normal 0 0 -1
    outer loop
      vertex -31 27.3256 135
      vertex -31.8198 31.8198 135
      vertex -31 32.52 135
    endloop
  endfacet
  facet normal 0 0 -1
    outer loop
      vertex -36.4058 26.4503 135
      vertex -31.7142 26.6114 135
      vertex -35.8535 20.7 135
    endloop
  endfacet
  facet normal -0 0 -1
    outer loop
      vertex -31.7142 26.6114 135
      vertex -36.4058 26.4503 135
      vertex -31.8198 31.8198 135
    endloop
  endfacet
  facet normal 0 0 -1
    outer loop
      vertex -40.0953 20.4296 135
      vertex -35.8535 20.7 135
      vertex -38.9033 14.1596 135
    endloop
  endfacet
  facet normal -0 0 -1
    outer loop
      vertex -35.8535 20.7 135
      vertex -40.0953 20.4296 135
      vertex -36.4058 26.4503 135
    endloop
  endfacet
  facet normal 0 0 -1
    outer loop
      vertex -42.7975 13.9058 135
      vertex -38.9033 14.1596 135
      vertex -40.771 7.18903 135
    endloop
  endfacet
  facet normal 0 0 -1
    outer loop
      vertex -44.446 7.03955 135
      vertex -40.771 7.18903 135
      vertex -41.4 0 135
    endloop
  endfacet
  facet normal 0 0 -1
    outer loop
      vertex -40.771 -7.18903 135
      vertex -44.446 -7.03955 135
      vertex -41.4 0 135
    endloop
  endfacet
  facet normal -0 0 -1
    outer loop
      vertex -38.9033 14.1596 135
      vertex -42.7975 13.9058 135
      vertex -40.0953 20.4296 135
    endloop
  endfacet
  facet normal 0 0 -1
    outer loop
      vertex -45 0 135
      vertex -41.4 0 135
      vertex -44.446 -7.03955 135
    endloop
  endfacet
  facet normal -0 0 -1
    outer loop
      vertex -40.771 7.18903 135
      vertex -44.446 7.03955 135
      vertex -42.7975 13.9058 135
    endloop
  endfacet
  facet normal 0 0 -1
    outer loop
      vertex -41.4 0 135
      vertex -45 0 135
      vertex -44.446 7.03955 135
    endloop
  endfacet
  facet normal -0 0 1
    outer loop
      vertex -31.8198 31.8198 110
      vertex -31 27.3256 110
      vertex -31 32.52 110
    endloop
  endfacet
  facet normal 0 0 1
    outer loop
      vertex -31 27.3256 110
      vertex -31.8198 31.8198 110
      vertex -31.7142 26.6114 110
    endloop
  endfacet
  facet normal 0 0 1
    outer loop
      vertex -36.4058 26.4503 110
      vertex -31.7142 26.6114 110
      vertex -31.8198 31.8198 110
    endloop
  endfacet
  facet normal 0 0 1
    outer loop
      vertex -31.7142 26.6114 110
      vertex -36.4058 26.4503 110
      vertex -34.182 23.087 110
    endloop
  endfacet
  facet normal 0 0 1
    outer loop
      vertex -34.182 23.087 110
      vertex -36.4058 26.4503 110
      vertex -38.4668 23.087 110
    endloop
  endfacet
  facet normal 0 -0.0345019 0.999405
    outer loop
      vertex -38.4668 23.087 110
      vertex -34.3037 22.9132 109.994
      vertex -34.182 23.087 110
    endloop
  endfacet
  facet normal 0 -0.0345019 0.999405
    outer loop
      vertex -34.3037 22.9132 109.994
      vertex -38.4668 23.087 110
      vertex -38.5733 22.9132 109.994
    endloop
  endfacet
  facet normal 0 -0.0688021 0.99763
    outer loop
      vertex -38.5733 22.9132 109.994
      vertex -34.6083 22.4782 109.964
      vertex -34.3037 22.9132 109.994
    endloop
  endfacet
  facet normal 0 -0.0688021 0.99763
    outer loop
      vertex -34.6083 22.4782 109.964
      vertex -38.5733 22.9132 109.994
      vertex -38.8399 22.4782 109.964
    endloop
  endfacet
  facet normal 0 -0.140698 0.990053
    outer loop
      vertex -38.8399 22.4782 109.964
      vertex -34.8498 22.1334 109.915
      vertex -34.6083 22.4782 109.964
    endloop
  endfacet
  facet normal 0 -0.140698 0.990053
    outer loop
      vertex -34.8498 22.1334 109.915
      vertex -38.8399 22.4782 109.964
      vertex -39.0512 22.1334 109.915
    endloop
  endfacet
  facet normal 0 -0.206763 0.978391
    outer loop
      vertex -39.0512 22.1334 109.915
      vertex -35.0883 21.7927 109.843
      vertex -34.8498 22.1334 109.915
    endloop
  endfacet
  facet normal 0 -0.206763 0.978391
    outer loop
      vertex -35.0883 21.7927 109.843
      vertex -39.0512 22.1334 109.915
      vertex -39.26 21.7927 109.843
    endloop
  endfacet
  facet normal 0 -0.275403 0.961329
    outer loop
      vertex -39.26 21.7927 109.843
      vertex -35.323 21.4576 109.747
      vertex -35.0883 21.7927 109.843
    endloop
  endfacet
  facet normal 0 -0.275403 0.961329
    outer loop
      vertex -35.323 21.4576 109.747
      vertex -39.26 21.7927 109.843
      vertex -39.4653 21.4576 109.747
    endloop
  endfacet
  facet normal 0 -0.344415 0.938818
    outer loop
      vertex -39.4653 21.4576 109.747
      vertex -35.552 21.1305 109.627
      vertex -35.323 21.4576 109.747
    endloop
  endfacet
  facet normal 0 -0.344415 0.938818
    outer loop
      vertex -35.552 21.1305 109.627
      vertex -39.4653 21.4576 109.747
      vertex -39.6658 21.1305 109.627
    endloop
  endfacet
  facet normal 0 -0.405019 0.914308
    outer loop
      vertex -39.6658 21.1305 109.627
      vertex -35.7749 20.8122 109.486
      vertex -35.552 21.1305 109.627
    endloop
  endfacet
  facet normal 0 -0.405019 0.914308
    outer loop
      vertex -35.7749 20.8122 109.486
      vertex -39.6658 21.1305 109.627
      vertex -39.8608 20.8122 109.486
    endloop
  endfacet
  facet normal 0 -0.471567 0.88183
    outer loop
      vertex -39.8608 20.8122 109.486
      vertex -35.8535 20.7 109.426
      vertex -35.7749 20.8122 109.486
    endloop
  endfacet
  facet normal 7.47226e-05 -0.46949 0.882938
    outer loop
      vertex -39.8608 20.8122 109.486
      vertex -35.9446 20.5044 109.322
      vertex -35.8535 20.7 109.426
    endloop
  endfacet
  facet normal 0 -0.470231 0.882543
    outer loop
      vertex -35.9446 20.5044 109.322
      vertex -39.8608 20.8122 109.486
      vertex -40.0494 20.5044 109.322
    endloop
  endfacet
  facet normal 0 -0.528965 0.848644
    outer loop
      vertex -40.0494 20.5044 109.322
      vertex -36.0823 20.2092 109.138
      vertex -35.9446 20.5044 109.322
    endloop
  endfacet
  facet normal -0.0288989 -0.519036 0.854263
    outer loop
      vertex -40.1866 20.2092 109.138
      vertex -40.0494 20.5044 109.322
      vertex -40.0953 20.4296 109.275
    endloop
  endfacet
  facet normal 0 -0.528965 0.848644
    outer loop
      vertex -40.0494 20.5044 109.322
      vertex -40.1866 20.2092 109.138
      vertex -36.0823 20.2092 109.138
    endloop
  endfacet
  facet normal 0 -0.588274 0.808662
    outer loop
      vertex -40.1866 20.2092 109.138
      vertex -36.2137 19.9274 108.933
      vertex -36.0823 20.2092 109.138
    endloop
  endfacet
  facet normal 0 -0.588274 0.808662
    outer loop
      vertex -36.2137 19.9274 108.933
      vertex -40.1866 20.2092 109.138
      vertex -40.3033 19.9274 108.933
    endloop
  endfacet
  facet normal 0 -0.642721 0.7661
    outer loop
      vertex -40.3033 19.9274 108.933
      vertex -36.3382 19.6604 108.709
      vertex -36.2137 19.9274 108.933
    endloop
  endfacet
  facet normal 0 -0.642721 0.7661
    outer loop
      vertex -36.3382 19.6604 108.709
      vertex -40.3033 19.9274 108.933
      vertex -40.4139 19.6604 108.709
    endloop
  endfacet
  facet normal 0 -0.694799 0.719204
    outer loop
      vertex -40.4139 19.6604 108.709
      vertex -36.455 19.4099 108.467
      vertex -36.3382 19.6604 108.709
    endloop
  endfacet
  facet normal 0 -0.694799 0.719204
    outer loop
      vertex -36.455 19.4099 108.467
      vertex -40.4139 19.6604 108.709
      vertex -40.5177 19.4099 108.467
    endloop
  endfacet
  facet normal 0 -0.743151 0.669123
    outer loop
      vertex -36.5638 19.1767 108.208
      vertex -40.5177 19.4099 108.467
      vertex -40.6142 19.1767 108.208
    endloop
  endfacet
  facet normal 0 -0.743151 0.669123
    outer loop
      vertex -40.5177 19.4099 108.467
      vertex -36.5638 19.1767 108.208
      vertex -36.455 19.4099 108.467
    endloop
  endfacet
  facet normal 0 -0.787554 0.616246
    outer loop
      vertex -36.6638 18.9623 107.934
      vertex -40.6142 19.1767 108.208
      vertex -40.7031 18.9623 107.934
    endloop
  endfacet
  facet normal 0 -0.787554 0.616246
    outer loop
      vertex -40.6142 19.1767 108.208
      vertex -36.6638 18.9623 107.934
      vertex -36.5638 19.1767 108.208
    endloop
  endfacet
  facet normal 0 -0.829347 0.558733
    outer loop
      vertex -36.7546 18.7676 107.645
      vertex -40.7031 18.9623 107.934
      vertex -40.7837 18.7676 107.645
    endloop
  endfacet
  facet normal 0 -0.829347 0.558733
    outer loop
      vertex -40.7031 18.9623 107.934
      vertex -36.7546 18.7676 107.645
      vertex -36.6638 18.9623 107.934
    endloop
  endfacet
  facet normal 0 -0.8661 0.499871
    outer loop
      vertex -36.8358 18.5933 107.343
      vertex -40.7837 18.7676 107.645
      vertex -40.8559 18.5933 107.343
    endloop
  endfacet
  facet normal 0 -0.8661 0.499871
    outer loop
      vertex -40.7837 18.7676 107.645
      vertex -36.8358 18.5933 107.343
      vertex -36.7546 18.7676 107.645
    endloop
  endfacet
  facet normal 0 -0.898749 0.438463
    outer loop
      vertex -36.907 18.4406 107.03
      vertex -40.8559 18.5933 107.343
      vertex -40.9191 18.4406 107.03
    endloop
  endfacet
  facet normal 0 -0.898749 0.438463
    outer loop
      vertex -40.8559 18.5933 107.343
      vertex -36.907 18.4406 107.03
      vertex -36.8358 18.5933 107.343
    endloop
  endfacet
  facet normal 0 -0.927184 0.374605
    outer loop
      vertex -36.9679 18.3101 106.707
      vertex -40.9191 18.4406 107.03
      vertex -40.9732 18.3101 106.707
    endloop
  endfacet
  facet normal 0 -0.927184 0.374605
    outer loop
      vertex -40.9191 18.4406 107.03
      vertex -36.9679 18.3101 106.707
      vertex -36.907 18.4406 107.03
    endloop
  endfacet
  facet normal 0 -0.951013 0.309151
    outer loop
      vertex -37.0181 18.2025 106.376
      vertex -40.9732 18.3101 106.707
      vertex -41.0178 18.2025 106.376
    endloop
  endfacet
  facet normal 0 -0.951013 0.309151
    outer loop
      vertex -40.9732 18.3101 106.707
      vertex -37.0181 18.2025 106.376
      vertex -36.9679 18.3101 106.707
    endloop
  endfacet
  facet normal 0 -0.970322 0.241815
    outer loop
      vertex -37.0549 18.1235 106.059
      vertex -41.0178 18.2025 106.376
      vertex -41.0505 18.1235 106.059
    endloop
  endfacet
  facet normal 0 -0.970322 0.241815
    outer loop
      vertex -41.0178 18.2025 106.376
      vertex -37.0549 18.1235 106.059
      vertex -37.0181 18.2025 106.376
    endloop
  endfacet
  facet normal 0 -0.986242 0.16531
    outer loop
      vertex -37.085 18.0588 105.673
      vertex -41.0505 18.1235 106.059
      vertex -41.0773 18.0588 105.673
    endloop
  endfacet
  facet normal 0 -0.986242 0.16531
    outer loop
      vertex -41.0505 18.1235 106.059
      vertex -37.085 18.0588 105.673
      vertex -37.0549 18.1235 106.059
    endloop
  endfacet
  facet normal 0 -0.996201 0.0870793
    outer loop
      vertex -37.108 18.0095 105.109
      vertex -41.0773 18.0588 105.673
      vertex -41.0977 18.0095 105.109
    endloop
  endfacet
  facet normal 0 -0.996201 0.0870793
    outer loop
      vertex -41.0773 18.0588 105.673
      vertex -37.108 18.0095 105.109
      vertex -37.085 18.0588 105.673
    endloop
  endfacet
  facet normal 0 -0.999052 0.0435367
    outer loop
      vertex -37.1125 18 104.891
      vertex -41.0977 18.0095 105.109
      vertex -41.1017 18 104.891
    endloop
  endfacet
  facet normal 0 -0.999052 0.0435367
    outer loop
      vertex -41.0977 18.0095 105.109
      vertex -37.1125 18 104.891
      vertex -37.108 18.0095 105.109
    endloop
  endfacet
  facet normal 0 -1 0
    outer loop
      vertex -42.1807 18 56
      vertex -42.1807 18 50
      vertex -41.1017 18 56
    endloop
  endfacet
  facet normal 0 -1 0
    outer loop
      vertex -42.1807 18 88
      vertex -42.1807 18 82
      vertex -41.1017 18 88
    endloop
  endfacet
  facet normal 0 -1 0
    outer loop
      vertex -41.1017 18 88
      vertex -37.1125 18 104.891
      vertex -41.1017 18 104.891
    endloop
  endfacet
  facet normal 0 -1 0
    outer loop
      vertex -41.1017 18 82
      vertex -41.1017 18 88
      vertex -42.1807 18 82
    endloop
  endfacet
  facet normal 0 -1 0
    outer loop
      vertex -41.1017 18 88
      vertex -41.1017 18 82
      vertex -37.1125 18 104.891
    endloop
  endfacet
  facet normal 0 -1 0
    outer loop
      vertex -37.1125 18 35.087
      vertex -41.1017 18 82
      vertex -41.1017 18 56
    endloop
  endfacet
  facet normal 0 -1 0
    outer loop
      vertex -41.1017 18 50
      vertex -41.1017 18 56
      vertex -42.1807 18 50
    endloop
  endfacet
  facet normal 0 -1 0
    outer loop
      vertex -37.1125 18 35.087
      vertex -41.1017 18 56
      vertex -41.1017 18 50
    endloop
  endfacet
  facet normal 0 -1 0
    outer loop
      vertex -37.1125 18 35.087
      vertex -41.1017 18 50
      vertex -41.1017 18 35.087
    endloop
  endfacet
  facet normal 0 -1 0
    outer loop
      vertex -41.1017 18 82
      vertex -37.1125 18 35.087
      vertex -37.1125 18 104.891
    endloop
  endfacet
  facet normal 0 -0.999385 -0.0350762
    outer loop
      vertex -41.0991 18.0061 34.9132
      vertex -37.1125 18 35.087
      vertex -41.1017 18 35.087
    endloop
  endfacet
  facet normal 0 -0.999385 -0.0350762
    outer loop
      vertex -37.1125 18 35.087
      vertex -41.0991 18.0061 34.9132
      vertex -37.1096 18.0061 34.9132
    endloop
  endfacet
  facet normal 0 -0.997567 -0.069715
    outer loop
      vertex -41.0865 18.0365 34.4782
      vertex -37.1096 18.0061 34.9132
      vertex -41.0991 18.0061 34.9132
    endloop
  endfacet
  facet normal 0 -0.997567 -0.069715
    outer loop
      vertex -37.1096 18.0061 34.9132
      vertex -41.0865 18.0365 34.4782
      vertex -37.0955 18.0365 34.4782
    endloop
  endfacet
  facet normal 0 -0.990291 -0.139008
    outer loop
      vertex -41.0665 18.0849 34.1334
      vertex -37.0955 18.0365 34.4782
      vertex -41.0865 18.0365 34.4782
    endloop
  endfacet
  facet normal 0 -0.990291 -0.139008
    outer loop
      vertex -37.0955 18.0365 34.4782
      vertex -41.0665 18.0849 34.1334
      vertex -37.0729 18.0849 34.1334
    endloop
  endfacet
  facet normal 0 -0.9781 -0.208137
    outer loop
      vertex -41.0365 18.1574 33.7927
      vertex -37.0729 18.0849 34.1334
      vertex -41.0665 18.0849 34.1334
    endloop
  endfacet
  facet normal 0 -0.9781 -0.208137
    outer loop
      vertex -37.0729 18.0849 34.1334
      vertex -41.0365 18.1574 33.7927
      vertex -37.0391 18.1574 33.7927
    endloop
  endfacet
  facet normal 0 -0.961329 -0.275403
    outer loop
      vertex -40.9967 18.2534 33.4576
      vertex -37.0391 18.1574 33.7927
      vertex -41.0365 18.1574 33.7927
    endloop
  endfacet
  facet normal 0 -0.961329 -0.275403
    outer loop
      vertex -37.0391 18.1574 33.7927
      vertex -40.9967 18.2534 33.4576
      vertex -36.9943 18.2534 33.4576
    endloop
  endfacet
  facet normal 0 -0.939651 -0.342135
    outer loop
      vertex -40.9474 18.3725 33.1305
      vertex -36.9943 18.2534 33.4576
      vertex -40.9967 18.2534 33.4576
    endloop
  endfacet
  facet normal 0 -0.939651 -0.342135
    outer loop
      vertex -36.9943 18.2534 33.4576
      vertex -40.9474 18.3725 33.1305
      vertex -36.9388 18.3725 33.1305
    endloop
  endfacet
  facet normal 0 -0.913563 -0.406698
    outer loop
      vertex -40.8887 18.5142 32.8122
      vertex -36.9388 18.3725 33.1305
      vertex -40.9474 18.3725 33.1305
    endloop
  endfacet
  facet normal 0 -0.913563 -0.406698
    outer loop
      vertex -36.9388 18.3725 33.1305
      vertex -40.8887 18.5142 32.8122
      vertex -36.8727 18.5142 32.8122
    endloop
  endfacet
  facet normal 0 -0.8829 -0.469561
    outer loop
      vertex -40.8209 18.6779 32.5044
      vertex -36.8727 18.5142 32.8122
      vertex -40.8887 18.5142 32.8122
    endloop
  endfacet
  facet normal 0 -0.8829 -0.469561
    outer loop
      vertex -36.8727 18.5142 32.8122
      vertex -40.8209 18.6779 32.5044
      vertex -36.7964 18.6779 32.5044
    endloop
  endfacet
  facet normal 0 -0.847998 -0.529999
    outer loop
      vertex -40.7445 18.8624 32.2092
      vertex -36.7964 18.6779 32.5044
      vertex -40.8209 18.6779 32.5044
    endloop
  endfacet
  facet normal 0 -0.847998 -0.529999
    outer loop
      vertex -36.7964 18.6779 32.5044
      vertex -40.7445 18.8624 32.2092
      vertex -36.7104 18.8624 32.2092
    endloop
  endfacet
  facet normal 0 -0.809071 -0.587711
    outer loop
      vertex -40.6596 19.0671 31.9274
      vertex -36.7104 18.8624 32.2092
      vertex -40.7445 18.8624 32.2092
    endloop
  endfacet
  facet normal 0 -0.809071 -0.587711
    outer loop
      vertex -36.7104 18.8624 32.2092
      vertex -40.6596 19.0671 31.9274
      vertex -36.6149 19.0671 31.9274
    endloop
  endfacet
  facet normal 0 -0.7661 -0.642721
    outer loop
      vertex -40.5669 19.2911 31.6604
      vertex -36.6149 19.0671 31.9274
      vertex -40.6596 19.0671 31.9274
    endloop
  endfacet
  facet normal 0 -0.7661 -0.642721
    outer loop
      vertex -36.6149 19.0671 31.9274
      vertex -40.5669 19.2911 31.6604
      vertex -36.5104 19.2911 31.6604
    endloop
  endfacet
  facet normal 0 -0.719204 -0.694799
    outer loop
      vertex -40.4666 19.5331 31.4099
      vertex -36.5104 19.2911 31.6604
      vertex -40.5669 19.2911 31.6604
    endloop
  endfacet
  facet normal 0 -0.719204 -0.694799
    outer loop
      vertex -36.5104 19.2911 31.6604
      vertex -40.4666 19.5331 31.4099
      vertex -36.3976 19.5331 31.4099
    endloop
  endfacet
  facet normal 0 -0.669266 -0.743023
    outer loop
      vertex -36.3976 19.5331 31.4099
      vertex -40.3594 19.792 31.1767
      vertex -36.2769 19.792 31.1767
    endloop
  endfacet
  facet normal 0 -0.669266 -0.743023
    outer loop
      vertex -40.3594 19.792 31.1767
      vertex -36.3976 19.5331 31.4099
      vertex -40.4666 19.5331 31.4099
    endloop
  endfacet
  facet normal 0 -0.615549 -0.788098
    outer loop
      vertex -36.2769 19.792 31.1767
      vertex -40.2457 20.0665 30.9623
      vertex -36.1489 20.0665 30.9623
    endloop
  endfacet
  facet normal 0 -0.615549 -0.788098
    outer loop
      vertex -40.2457 20.0665 30.9623
      vertex -36.2769 19.792 31.1767
      vertex -40.3594 19.792 31.1767
    endloop
  endfacet
  facet normal 0 -0.559132 -0.829078
    outer loop
      vertex -36.1489 20.0665 30.9623
      vertex -40.1261 20.3552 30.7676
      vertex -36.0143 20.3552 30.7676
    endloop
  endfacet
  facet normal 0 -0.559132 -0.829078
    outer loop
      vertex -40.1261 20.3552 30.7676
      vertex -36.1489 20.0665 30.9623
      vertex -40.2457 20.0665 30.9623
    endloop
  endfacet
  facet normal 0 -0.500244 -0.865884
    outer loop
      vertex -36.0143 20.3552 30.7676
      vertex -39.956 20.6569 30.5933
      vertex -35.8735 20.6569 30.5933
    endloop
  endfacet
  facet normal 0 -0.500244 -0.865884
    outer loop
      vertex -40.1261 20.3552 30.7676
      vertex -39.956 20.6569 30.5933
      vertex -36.0143 20.3552 30.7676
    endloop
  endfacet
  facet normal 0.00133318 -0.500807 -0.865558
    outer loop
      vertex -39.956 20.6569 30.5933
      vertex -40.1261 20.3552 30.7676
      vertex -40.0953 20.4296 30.7246
    endloop
  endfacet
  facet normal 0 -0.438273 -0.898842
    outer loop
      vertex -35.8535 20.7 30.5723
      vertex -39.7641 20.9701 30.4406
      vertex -35.6644 20.9701 30.4406
    endloop
  endfacet
  facet normal 2.15505e-05 -0.438021 -0.898965
    outer loop
      vertex -35.8735 20.6569 30.5933
      vertex -39.7641 20.9701 30.4406
      vertex -35.8535 20.7 30.5723
    endloop
  endfacet
  facet normal 0 -0.438237 -0.898859
    outer loop
      vertex -39.7641 20.9701 30.4406
      vertex -35.8735 20.6569 30.5933
      vertex -39.956 20.6569 30.5933
    endloop
  endfacet
  facet normal 0 -0.374705 -0.927144
    outer loop
      vertex -35.6644 20.9701 30.4406
      vertex -39.5662 21.293 30.3101
      vertex -35.4382 21.293 30.3101
    endloop
  endfacet
  facet normal 0 -0.374705 -0.927144
    outer loop
      vertex -39.5662 21.293 30.3101
      vertex -35.6644 20.9701 30.4406
      vertex -39.7641 20.9701 30.4406
    endloop
  endfacet
  facet normal 0 -0.308813 -0.951123
    outer loop
      vertex -35.4382 21.293 30.3101
      vertex -39.3631 21.6244 30.2025
      vertex -35.2062 21.6244 30.2025
    endloop
  endfacet
  facet normal 0 -0.308813 -0.951123
    outer loop
      vertex -39.3631 21.6244 30.2025
      vertex -35.4382 21.293 30.3101
      vertex -39.5662 21.293 30.3101
    endloop
  endfacet
  facet normal 0 -0.241959 -0.970286
    outer loop
      vertex -35.2062 21.6244 30.2025
      vertex -39.169 21.9412 30.1235
      vertex -34.9844 21.9412 30.1235
    endloop
  endfacet
  facet normal 0 -0.241959 -0.970286
    outer loop
      vertex -39.169 21.9412 30.1235
      vertex -35.2062 21.6244 30.2025
      vertex -39.3631 21.6244 30.2025
    endloop
  endfacet
  facet normal 0 -0.165186 -0.986263
    outer loop
      vertex -34.9844 21.9412 30.1235
      vertex -38.9323 22.3275 30.0588
      vertex -34.7139 22.3275 30.0588
    endloop
  endfacet
  facet normal 0 -0.165186 -0.986263
    outer loop
      vertex -38.9323 22.3275 30.0588
      vertex -34.9844 21.9412 30.1235
      vertex -39.169 21.9412 30.1235
    endloop
  endfacet
  facet normal 0 -0.08711 -0.996199
    outer loop
      vertex -34.7139 22.3275 30.0588
      vertex -38.5868 22.8913 30.0095
      vertex -34.3191 22.8913 30.0095
    endloop
  endfacet
  facet normal 0 -0.08711 -0.996199
    outer loop
      vertex -38.5868 22.8913 30.0095
      vertex -34.7139 22.3275 30.0588
      vertex -38.9323 22.3275 30.0588
    endloop
  endfacet
  facet normal 0 -0.0435766 -0.99905
    outer loop
      vertex -34.3191 22.8913 30.0095
      vertex -38.4533 23.1091 30
      vertex -34.1666 23.1091 30
    endloop
  endfacet
  facet normal 0 -0.0435766 -0.99905
    outer loop
      vertex -38.4533 23.1091 30
      vertex -34.3191 22.8913 30.0095
      vertex -38.5868 22.8913 30.0095
    endloop
  endfacet
  facet normal 0 0 -1
    outer loop
      vertex -31.8198 31.8198 30
      vertex -31 27.3256 30
      vertex -31.7142 26.6114 30
    endloop
  endfacet
  facet normal 0 0 -1
    outer loop
      vertex -31 27.3256 30
      vertex -31.8198 31.8198 30
      vertex -31 32.52 30
    endloop
  endfacet
  facet normal 0 0 -1
    outer loop
      vertex -36.4058 26.4503 30
      vertex -31.7142 26.6114 30
      vertex -34.1666 23.1091 30
    endloop
  endfacet
  facet normal -0 0 -1
    outer loop
      vertex -31.7142 26.6114 30
      vertex -36.4058 26.4503 30
      vertex -31.8198 31.8198 30
    endloop
  endfacet
  facet normal 0 -0 -1
    outer loop
      vertex -36.4058 26.4503 30
      vertex -34.1666 23.1091 30
      vertex -38.4533 23.1091 30
    endloop
  endfacet
  facet normal -0 0 1
    outer loop
      vertex -31.8198 31.8198 5
      vertex -31 27.3256 5
      vertex -31 32.52 5
    endloop
  endfacet
  facet normal 0 0 1
    outer loop
      vertex -31 27.3256 5
      vertex -31.8198 31.8198 5
      vertex -31.7142 26.6114 5
    endloop
  endfacet
  facet normal 0 0 1
    outer loop
      vertex -36.4058 26.4503 5
      vertex -31.7142 26.6114 5
      vertex -31.8198 31.8198 5
    endloop
  endfacet
  facet normal 0 0 1
    outer loop
      vertex -31.7142 26.6114 5
      vertex -36.4058 26.4503 5
      vertex -35.8535 20.7 5
    endloop
  endfacet
  facet normal 0 0 1
    outer loop
      vertex -40.0953 20.4296 5
      vertex -35.8535 20.7 5
      vertex -36.4058 26.4503 5
    endloop
  endfacet
  facet normal 0 0 1
    outer loop
      vertex -35.8535 20.7 5
      vertex -40.0953 20.4296 5
      vertex -38.9033 14.1596 5
    endloop
  endfacet
  facet normal 0 0 1
    outer loop
      vertex -42.7975 13.9058 5
      vertex -38.9033 14.1596 5
      vertex -40.0953 20.4296 5
    endloop
  endfacet
  facet normal 0 0 1
    outer loop
      vertex -38.9033 14.1596 5
      vertex -42.7975 13.9058 5
      vertex -40.771 7.18903 5
    endloop
  endfacet
  facet normal 0 0 1
    outer loop
      vertex -44.446 7.03955 5
      vertex -40.771 7.18903 5
      vertex -42.7975 13.9058 5
    endloop
  endfacet
  facet normal 0 0 1
    outer loop
      vertex -31.8198 -31.8198 5
      vertex -31 -27.3256 5
      vertex -31.7142 -26.6114 5
    endloop
  endfacet
  facet normal 0 0 1
    outer loop
      vertex -31 -27.3256 5
      vertex -31.8198 -31.8198 5
      vertex -31 -32.52 5
    endloop
  endfacet
  facet normal -0 0 1
    outer loop
      vertex -36.4058 -26.4503 5
      vertex -31.7142 -26.6114 5
      vertex -35.8535 -20.7 5
    endloop
  endfacet
  facet normal 0 0 1
    outer loop
      vertex -31.7142 -26.6114 5
      vertex -36.4058 -26.4503 5
      vertex -31.8198 -31.8198 5
    endloop
  endfacet
  facet normal -0 0 1
    outer loop
      vertex -40.0953 -20.4296 5
      vertex -35.8535 -20.7 5
      vertex -38.9033 -14.1596 5
    endloop
  endfacet
  facet normal 0 0 1
    outer loop
      vertex -35.8535 -20.7 5
      vertex -40.0953 -20.4296 5
      vertex -36.4058 -26.4503 5
    endloop
  endfacet
  facet normal -0 0 1
    outer loop
      vertex -42.7975 -13.9058 5
      vertex -38.9033 -14.1596 5
      vertex -40.771 -7.18903 5
    endloop
  endfacet
  facet normal -0 0 1
    outer loop
      vertex -44.446 -7.03955 5
      vertex -40.771 -7.18903 5
      vertex -41.4 0 5
    endloop
  endfacet
  facet normal 0 0 1
    outer loop
      vertex -40.771 7.18903 5
      vertex -44.446 7.03955 5
      vertex -41.4 0 5
    endloop
  endfacet
  facet normal 0 0 1
    outer loop
      vertex -38.9033 -14.1596 5
      vertex -42.7975 -13.9058 5
      vertex -40.0953 -20.4296 5
    endloop
  endfacet
  facet normal 0 0 1
    outer loop
      vertex -45 0 5
      vertex -41.4 0 5
      vertex -44.446 7.03955 5
    endloop
  endfacet
  facet normal 0 0 1
    outer loop
      vertex -40.771 -7.18903 5
      vertex -44.446 -7.03955 5
      vertex -42.7975 -13.9058 5
    endloop
  endfacet
  facet normal 0 0 1
    outer loop
      vertex -41.4 0 5
      vertex -45 0 5
      vertex -44.446 -7.03955 5
    endloop
  endfacet
  facet normal -0.90631 -0.422614 0
    outer loop
      vertex 38.9033 14.1596 3
      vertex 35.8535 20.7 5
      vertex 35.8535 20.7 3
    endloop
  endfacet
  facet normal -0.90631 -0.422614 0
    outer loop
      vertex 35.8535 20.7 5
      vertex 38.9033 14.1596 3
      vertex 38.9033 14.1596 5
    endloop
  endfacet
  facet normal -0.90631 -0.422614 0
    outer loop
      vertex 38.9033 14.1596 135
      vertex 35.8535 20.7 136
      vertex 35.8535 20.7 135
    endloop
  endfacet
  facet normal -0.90631 -0.422614 0
    outer loop
      vertex 35.8535 20.7 136
      vertex 38.9033 14.1596 135
      vertex 38.9033 14.1596 136
    endloop
  endfacet
  facet normal -0.911678 -0.410036 0.0267158
    outer loop
      vertex 36.0143 20.3552 30.7676
      vertex 35.8535 20.7 30.5723
      vertex 35.8735 20.6569 30.5933
    endloop
  endfacet
  facet normal -0.906312 -0.42261 0
    outer loop
      vertex 35.8535 20.7 30.5723
      vertex 37.1125 18 104.891
      vertex 35.8535 20.7 109.426
    endloop
  endfacet
  facet normal -0.906275 -0.422688 -7.08121e-05
    outer loop
      vertex 35.8535 20.7 30.5723
      vertex 36.0143 20.3552 30.7676
      vertex 37.1096 18.0061 34.9132
    endloop
  endfacet
  facet normal -0.906312 -0.42261 0
    outer loop
      vertex 35.8535 20.7 30.5723
      vertex 37.1125 18 35.087
      vertex 37.1125 18 104.891
    endloop
  endfacet
  facet normal -0.906343 -0.422542 2.97226e-05
    outer loop
      vertex 37.1096 18.0061 34.9132
      vertex 36.0143 20.3552 30.7676
      vertex 36.1489 20.0665 30.9623
    endloop
  endfacet
  facet normal -0.906514 -0.422175 -0.000314902
    outer loop
      vertex 37.108 18.0095 105.109
      vertex 35.8535 20.7 109.426
      vertex 37.1125 18 104.891
    endloop
  endfacet
  facet normal -0.906302 -0.422632 -2.68603e-05
    outer loop
      vertex 37.1096 18.0061 34.9132
      vertex 36.1489 20.0665 30.9623
      vertex 36.2769 19.792 31.1767
    endloop
  endfacet
  facet normal -0.906371 -0.422482 -8.24146e-05
    outer loop
      vertex 36.0823 20.2092 109.138
      vertex 35.8535 20.7 109.426
      vertex 37.108 18.0095 105.109
    endloop
  endfacet
  facet normal -0.90636 -0.422507 4.59014e-05
    outer loop
      vertex 37.1096 18.0061 34.9132
      vertex 36.2769 19.792 31.1767
      vertex 36.3976 19.5331 31.4099
    endloop
  endfacet
  facet normal -0.90792 -0.419082 -0.007106
    outer loop
      vertex 35.8535 20.7 109.426
      vertex 36.0823 20.2092 109.138
      vertex 35.9446 20.5044 109.322
    endloop
  endfacet
  facet normal -0.906419 -0.422379 0.000113769
    outer loop
      vertex 37.1096 18.0061 34.9132
      vertex 36.3976 19.5331 31.4099
      vertex 36.5104 19.2911 31.6604
    endloop
  endfacet
  facet normal -0.906315 -0.422602 -2.22463e-06
    outer loop
      vertex 36.0823 20.2092 109.138
      vertex 37.108 18.0095 105.109
      vertex 36.2137 19.9274 108.933
    endloop
  endfacet
  facet normal -0.906169 -0.422917 -0.000145022
    outer loop
      vertex 37.1096 18.0061 34.9132
      vertex 36.5104 19.2911 31.6604
      vertex 36.6149 19.0671 31.9274
    endloop
  endfacet
  facet normal -0.906313 -0.422607 6.89621e-07
    outer loop
      vertex 36.2137 19.9274 108.933
      vertex 37.108 18.0095 105.109
      vertex 36.3382 19.6604 108.709
    endloop
  endfacet
  facet normal -0.906136 -0.422987 -0.000175333
    outer loop
      vertex 37.1096 18.0061 34.9132
      vertex 36.6149 19.0671 31.9274
      vertex 36.7104 18.8624 32.2092
    endloop
  endfacet
  facet normal -0.906328 -0.422574 -1.76472e-05
    outer loop
      vertex 36.3382 19.6604 108.709
      vertex 37.108 18.0095 105.109
      vertex 36.455 19.4099 108.467
    endloop
  endfacet
  facet normal -0.906395 -0.422431 3.90389e-05
    outer loop
      vertex 37.1096 18.0061 34.9132
      vertex 36.7104 18.8624 32.2092
      vertex 36.7964 18.6779 32.5044
    endloop
  endfacet
  facet normal -0.906146 -0.422965 0.000180892
    outer loop
      vertex 36.455 19.4099 108.467
      vertex 37.108 18.0095 105.109
      vertex 36.5638 19.1767 108.208
    endloop
  endfacet
  facet normal -0.906425 -0.422368 6.04152e-05
    outer loop
      vertex 37.1096 18.0061 34.9132
      vertex 36.7964 18.6779 32.5044
      vertex 36.8727 18.5142 32.8122
    endloop
  endfacet
  facet normal -0.90636 -0.422506 -2.9655e-05
    outer loop
      vertex 37.085 18.0588 105.673
      vertex 36.5638 19.1767 108.208
      vertex 37.108 18.0095 105.109
    endloop
  endfacet
  facet normal -0.906153 -0.42295 -0.00011115
    outer loop
      vertex 37.1096 18.0061 34.9132
      vertex 36.8727 18.5142 32.8122
      vertex 36.9388 18.3725 33.1305
    endloop
  endfacet
  facet normal -0.906186 -0.42288 0.000170846
    outer loop
      vertex 36.5638 19.1767 108.208
      vertex 37.085 18.0588 105.673
      vertex 36.6638 18.9623 107.934
    endloop
  endfacet
  facet normal -0.906489 -0.422229 6.94056e-05
    outer loop
      vertex 37.1096 18.0061 34.9132
      vertex 36.9388 18.3725 33.1305
      vertex 36.9943 18.2534 33.4576
    endloop
  endfacet
  facet normal -0.906203 -0.422842 0.000152598
    outer loop
      vertex 36.6638 18.9623 107.934
      vertex 37.085 18.0588 105.673
      vertex 36.7546 18.7676 107.645
    endloop
  endfacet
  facet normal -0.905965 -0.423353 -0.000163135
    outer loop
      vertex 37.1096 18.0061 34.9132
      vertex 36.9943 18.2534 33.4576
      vertex 37.0391 18.1574 33.7927
    endloop
  endfacet
  facet normal -0.90662 -0.421947 -0.000238853
    outer loop
      vertex 36.7546 18.7676 107.645
      vertex 37.085 18.0588 105.673
      vertex 36.8358 18.5933 107.343
    endloop
  endfacet
  facet normal -0.906195 -0.42286 -8.21085e-05
    outer loop
      vertex 37.1096 18.0061 34.9132
      vertex 37.0391 18.1574 33.7927
      vertex 37.0729 18.0849 34.1334
    endloop
  endfacet
  facet normal -0.906291 -0.422655 3.67846e-05
    outer loop
      vertex 36.8358 18.5933 107.343
      vertex 37.085 18.0588 105.673
      vertex 36.907 18.4406 107.03
    endloop
  endfacet
  facet normal -0.905009 -0.425392 -0.000393777
    outer loop
      vertex 37.1096 18.0061 34.9132
      vertex 37.0729 18.0849 34.1334
      vertex 37.0955 18.0365 34.4782
    endloop
  endfacet
  facet normal -0.905821 -0.42366 0.000381082
    outer loop
      vertex 36.907 18.4406 107.03
      vertex 37.085 18.0588 105.673
      vertex 36.9679 18.3101 106.707
    endloop
  endfacet
  facet normal -0.906509 -0.422187 0.000308039
    outer loop
      vertex 35.8535 20.7 30.5723
      vertex 37.1096 18.0061 34.9132
      vertex 37.1125 18 35.087
    endloop
  endfacet
  facet normal -0.905644 -0.42404 0.000493493
    outer loop
      vertex 36.9679 18.3101 106.707
      vertex 37.085 18.0588 105.673
      vertex 37.0181 18.2025 106.376
    endloop
  endfacet
  facet normal -0.906049 -0.423173 0.000277693
    outer loop
      vertex 37.0181 18.2025 106.376
      vertex 37.085 18.0588 105.673
      vertex 37.0549 18.1235 106.059
    endloop
  endfacet
  facet normal 0.965928 -0.258811 0
    outer loop
      vertex -40.771 7.18903 5
      vertex -38.9033 14.1596 3
      vertex -38.9033 14.1596 5
    endloop
  endfacet
  facet normal 0.965928 -0.258811 0
    outer loop
      vertex -38.9033 14.1596 3
      vertex -40.771 7.18903 5
      vertex -40.771 7.18903 3
    endloop
  endfacet
  facet normal 0.965928 -0.258811 0
    outer loop
      vertex -40.771 7.18903 136
      vertex -38.9033 14.1596 135
      vertex -38.9033 14.1596 136
    endloop
  endfacet
  facet normal 0.965928 -0.258811 0
    outer loop
      vertex -38.9033 14.1596 135
      vertex -40.771 7.18903 136
      vertex -40.771 7.18903 135
    endloop
  endfacet
  facet normal -0.819146 -0.573585 0
    outer loop
      vertex 35.8535 20.7 3
      vertex 31.7142 26.6114 5
      vertex 31.7142 26.6114 3
    endloop
  endfacet
  facet normal -0.819146 -0.573585 0
    outer loop
      vertex 31.7142 26.6114 5
      vertex 35.8535 20.7 3
      vertex 35.8535 20.7 5
    endloop
  endfacet
  facet normal -0.819146 -0.573585 0
    outer loop
      vertex 35.8535 20.7 135
      vertex 31.7142 26.6114 136
      vertex 31.7142 26.6114 135
    endloop
  endfacet
  facet normal -0.819146 -0.573585 0
    outer loop
      vertex 31.7142 26.6114 136
      vertex 35.8535 20.7 135
      vertex 35.8535 20.7 136
    endloop
  endfacet
  facet normal -0.819145 -0.573586 -1.91957e-05
    outer loop
      vertex 35.8535 20.7 30.5723
      vertex 31.7142 26.6114 30
      vertex 34.1666 23.1091 30
    endloop
  endfacet
  facet normal -0.819146 -0.573585 0
    outer loop
      vertex 31.7142 26.6114 30
      vertex 35.8535 20.7 30.5723
      vertex 31.7142 26.6114 110
    endloop
  endfacet
  facet normal -0.819153 -0.573575 -0.000160348
    outer loop
      vertex 31.7142 26.6114 110
      vertex 35.8535 20.7 109.426
      vertex 34.182 23.087 110
    endloop
  endfacet
  facet normal -0.819164 -0.573559 0.000153512
    outer loop
      vertex 35.8535 20.7 30.5723
      vertex 34.1666 23.1091 30
      vertex 34.3191 22.8913 30.0095
    endloop
  endfacet
  facet normal -0.819145 -0.573587 -8.43696e-05
    outer loop
      vertex 34.182 23.087 110
      vertex 35.8535 20.7 109.426
      vertex 34.3037 22.9132 109.994
    endloop
  endfacet
  facet normal -0.819131 -0.573606 -0.000119459
    outer loop
      vertex 35.8535 20.7 30.5723
      vertex 34.3191 22.8913 30.0095
      vertex 34.7139 22.3275 30.0588
    endloop
  endfacet
  facet normal -0.819146 -0.573585 0
    outer loop
      vertex 31.7142 26.6114 110
      vertex 35.8535 20.7 30.5723
      vertex 35.8535 20.7 109.426
    endloop
  endfacet
  facet normal -0.819134 -0.573602 -9.91948e-05
    outer loop
      vertex 35.8535 20.7 30.5723
      vertex 34.7139 22.3275 30.0588
      vertex 34.9844 21.9412 30.1235
    endloop
  endfacet
  facet normal -0.819147 -0.573584 -0.000101008
    outer loop
      vertex 34.3037 22.9132 109.994
      vertex 35.8535 20.7 109.426
      vertex 34.6083 22.4782 109.964
    endloop
  endfacet
  facet normal -0.819254 -0.57343 0.000607501
    outer loop
      vertex 35.8535 20.7 30.5723
      vertex 34.9844 21.9412 30.1235
      vertex 35.2062 21.6244 30.2025
    endloop
  endfacet
  facet normal -0.819025 -0.573757 0.000752163
    outer loop
      vertex 34.6083 22.4782 109.964
      vertex 35.8535 20.7 109.426
      vertex 34.8498 22.1334 109.915
    endloop
  endfacet
  facet normal -0.819502 -0.573073 0.00193177
    outer loop
      vertex 35.8535 20.7 30.5723
      vertex 35.2062 21.6244 30.2025
      vertex 35.4382 21.293 30.3101
    endloop
  endfacet
  facet normal -0.819341 -0.573304 -0.00122376
    outer loop
      vertex 34.8498 22.1334 109.915
      vertex 35.8535 20.7 109.426
      vertex 35.0883 21.7927 109.843
    endloop
  endfacet
  facet normal -0.818248 -0.574851 -0.00407332
    outer loop
      vertex 35.8535 20.7 30.5723
      vertex 35.4382 21.293 30.3101
      vertex 35.6644 20.9701 30.4406
    endloop
  endfacet
  facet normal -0.818961 -0.573848 0.000897302
    outer loop
      vertex 35.0883 21.7927 109.843
      vertex 35.8535 20.7 109.426
      vertex 35.323 21.4576 109.747
    endloop
  endfacet
  facet normal -0.819557 -0.572994 -0.00210313
    outer loop
      vertex 35.323 21.4576 109.747
      vertex 35.8535 20.7 109.426
      vertex 35.552 21.1305 109.627
    endloop
  endfacet
  facet normal -0.819589 -0.572947 -0.00225038
    outer loop
      vertex 35.552 21.1305 109.627
      vertex 35.8535 20.7 109.426
      vertex 35.7749 20.8122 109.486
    endloop
  endfacet
  facet normal -0.0871614 -0.996194 0
    outer loop
      vertex 0 41.4 3
      vertex 7.18903 40.771 136
      vertex 0 41.4 136
    endloop
  endfacet
  facet normal -0.0871614 -0.996194 -0
    outer loop
      vertex 7.18903 40.771 136
      vertex 0 41.4 3
      vertex 7.18903 40.771 3
    endloop
  endfacet
  facet normal -0.258811 -0.965928 0
    outer loop
      vertex 7.18903 40.771 3
      vertex 14.1596 38.9033 136
      vertex 7.18903 40.771 136
    endloop
  endfacet
  facet normal -0.258811 -0.965928 -0
    outer loop
      vertex 14.1596 38.9033 136
      vertex 7.18903 40.771 3
      vertex 14.1596 38.9033 3
    endloop
  endfacet
  facet normal 0.422614 -0.90631 0
    outer loop
      vertex -20.7 35.8535 3
      vertex -14.1596 38.9033 136
      vertex -20.7 35.8535 136
    endloop
  endfacet
  facet normal 0.422614 -0.90631 0
    outer loop
      vertex -14.1596 38.9033 136
      vertex -20.7 35.8535 3
      vertex -14.1596 38.9033 3
    endloop
  endfacet
  facet normal 0.90631 -0.422614 0
    outer loop
      vertex -38.9033 14.1596 5
      vertex -35.8535 20.7 3
      vertex -35.8535 20.7 5
    endloop
  endfacet
  facet normal 0.90631 -0.422614 0
    outer loop
      vertex -35.8535 20.7 3
      vertex -38.9033 14.1596 5
      vertex -38.9033 14.1596 3
    endloop
  endfacet
  facet normal 0.90631 -0.422614 0
    outer loop
      vertex -38.9033 14.1596 136
      vertex -35.8535 20.7 135
      vertex -35.8535 20.7 136
    endloop
  endfacet
  facet normal 0.90631 -0.422614 0
    outer loop
      vertex -35.8535 20.7 135
      vertex -38.9033 14.1596 136
      vertex -38.9033 14.1596 135
    endloop
  endfacet
  facet normal 0.906312 -0.42261 0
    outer loop
      vertex -37.1125 18 104.891
      vertex -35.8535 20.7 30.5723
      vertex -35.8535 20.7 109.426
    endloop
  endfacet
  facet normal 0.90792 -0.419082 -0.007106
    outer loop
      vertex -36.0823 20.2092 109.138
      vertex -35.8535 20.7 109.426
      vertex -35.9446 20.5044 109.322
    endloop
  endfacet
  facet normal 0.906312 -0.42261 0
    outer loop
      vertex -37.1125 18 35.087
      vertex -35.8535 20.7 30.5723
      vertex -37.1125 18 104.891
    endloop
  endfacet
  facet normal 0.906371 -0.422482 -8.24146e-05
    outer loop
      vertex -35.8535 20.7 109.426
      vertex -36.0823 20.2092 109.138
      vertex -37.108 18.0095 105.109
    endloop
  endfacet
  facet normal 0.906509 -0.422187 0.000308039
    outer loop
      vertex -37.1096 18.0061 34.9132
      vertex -35.8535 20.7 30.5723
      vertex -37.1125 18 35.087
    endloop
  endfacet
  facet normal 0.906315 -0.422602 -2.22463e-06
    outer loop
      vertex -37.108 18.0095 105.109
      vertex -36.0823 20.2092 109.138
      vertex -36.2137 19.9274 108.933
    endloop
  endfacet
  facet normal 0.906275 -0.422688 -7.08121e-05
    outer loop
      vertex -36.0143 20.3552 30.7676
      vertex -35.8535 20.7 30.5723
      vertex -37.1096 18.0061 34.9132
    endloop
  endfacet
  facet normal 0.906313 -0.422607 6.89621e-07
    outer loop
      vertex -37.108 18.0095 105.109
      vertex -36.2137 19.9274 108.933
      vertex -36.3382 19.6604 108.709
    endloop
  endfacet
  facet normal 0.911678 -0.410036 0.0267158
    outer loop
      vertex -35.8535 20.7 30.5723
      vertex -36.0143 20.3552 30.7676
      vertex -35.8735 20.6569 30.5933
    endloop
  endfacet
  facet normal 0.906328 -0.422574 -1.76472e-05
    outer loop
      vertex -37.108 18.0095 105.109
      vertex -36.3382 19.6604 108.709
      vertex -36.455 19.4099 108.467
    endloop
  endfacet
  facet normal 0.906343 -0.422542 2.97226e-05
    outer loop
      vertex -36.0143 20.3552 30.7676
      vertex -37.1096 18.0061 34.9132
      vertex -36.1489 20.0665 30.9623
    endloop
  endfacet
  facet normal 0.906146 -0.422965 0.000180892
    outer loop
      vertex -37.108 18.0095 105.109
      vertex -36.455 19.4099 108.467
      vertex -36.5638 19.1767 108.208
    endloop
  endfacet
  facet normal 0.906302 -0.422632 -2.68603e-05
    outer loop
      vertex -36.1489 20.0665 30.9623
      vertex -37.1096 18.0061 34.9132
      vertex -36.2769 19.792 31.1767
    endloop
  endfacet
  facet normal 0.906186 -0.42288 0.000170846
    outer loop
      vertex -37.085 18.0588 105.673
      vertex -36.5638 19.1767 108.208
      vertex -36.6638 18.9623 107.934
    endloop
  endfacet
  facet normal 0.90636 -0.422507 4.59014e-05
    outer loop
      vertex -36.2769 19.792 31.1767
      vertex -37.1096 18.0061 34.9132
      vertex -36.3976 19.5331 31.4099
    endloop
  endfacet
  facet normal 0.906203 -0.422842 0.000152598
    outer loop
      vertex -37.085 18.0588 105.673
      vertex -36.6638 18.9623 107.934
      vertex -36.7546 18.7676 107.645
    endloop
  endfacet
  facet normal 0.906419 -0.422379 0.000113769
    outer loop
      vertex -36.3976 19.5331 31.4099
      vertex -37.1096 18.0061 34.9132
      vertex -36.5104 19.2911 31.6604
    endloop
  endfacet
  facet normal 0.90662 -0.421947 -0.000238853
    outer loop
      vertex -37.085 18.0588 105.673
      vertex -36.7546 18.7676 107.645
      vertex -36.8358 18.5933 107.343
    endloop
  endfacet
  facet normal 0.906169 -0.422917 -0.000145022
    outer loop
      vertex -36.5104 19.2911 31.6604
      vertex -37.1096 18.0061 34.9132
      vertex -36.6149 19.0671 31.9274
    endloop
  endfacet
  facet normal 0.906291 -0.422655 3.67846e-05
    outer loop
      vertex -37.085 18.0588 105.673
      vertex -36.8358 18.5933 107.343
      vertex -36.907 18.4406 107.03
    endloop
  endfacet
  facet normal 0.906136 -0.422987 -0.000175333
    outer loop
      vertex -36.6149 19.0671 31.9274
      vertex -37.1096 18.0061 34.9132
      vertex -36.7104 18.8624 32.2092
    endloop
  endfacet
  facet normal 0.905821 -0.42366 0.000381082
    outer loop
      vertex -37.085 18.0588 105.673
      vertex -36.907 18.4406 107.03
      vertex -36.9679 18.3101 106.707
    endloop
  endfacet
  facet normal 0.906395 -0.422431 3.90389e-05
    outer loop
      vertex -36.7104 18.8624 32.2092
      vertex -37.1096 18.0061 34.9132
      vertex -36.7964 18.6779 32.5044
    endloop
  endfacet
  facet normal 0.905644 -0.42404 0.000493493
    outer loop
      vertex -37.085 18.0588 105.673
      vertex -36.9679 18.3101 106.707
      vertex -37.0181 18.2025 106.376
    endloop
  endfacet
  facet normal 0.906425 -0.422368 6.04152e-05
    outer loop
      vertex -36.7964 18.6779 32.5044
      vertex -37.1096 18.0061 34.9132
      vertex -36.8727 18.5142 32.8122
    endloop
  endfacet
  facet normal 0.906049 -0.423173 0.000277693
    outer loop
      vertex -37.085 18.0588 105.673
      vertex -37.0181 18.2025 106.376
      vertex -37.0549 18.1235 106.059
    endloop
  endfacet
  facet normal 0.906153 -0.42295 -0.00011115
    outer loop
      vertex -36.8727 18.5142 32.8122
      vertex -37.1096 18.0061 34.9132
      vertex -36.9388 18.3725 33.1305
    endloop
  endfacet
  facet normal 0.90636 -0.422506 -2.9655e-05
    outer loop
      vertex -36.5638 19.1767 108.208
      vertex -37.085 18.0588 105.673
      vertex -37.108 18.0095 105.109
    endloop
  endfacet
  facet normal 0.906489 -0.422229 6.94056e-05
    outer loop
      vertex -36.9388 18.3725 33.1305
      vertex -37.1096 18.0061 34.9132
      vertex -36.9943 18.2534 33.4576
    endloop
  endfacet
  facet normal 0.906514 -0.422175 -0.000314902
    outer loop
      vertex -35.8535 20.7 109.426
      vertex -37.108 18.0095 105.109
      vertex -37.1125 18 104.891
    endloop
  endfacet
  facet normal 0.905965 -0.423353 -0.000163135
    outer loop
      vertex -36.9943 18.2534 33.4576
      vertex -37.1096 18.0061 34.9132
      vertex -37.0391 18.1574 33.7927
    endloop
  endfacet
  facet normal 0.906195 -0.42286 -8.21085e-05
    outer loop
      vertex -37.0391 18.1574 33.7927
      vertex -37.1096 18.0061 34.9132
      vertex -37.0729 18.0849 34.1334
    endloop
  endfacet
  facet normal 0.905009 -0.425392 -0.000393777
    outer loop
      vertex -37.0729 18.0849 34.1334
      vertex -37.1096 18.0061 34.9132
      vertex -37.0955 18.0365 34.4782
    endloop
  endfacet
  facet normal -0.996194 0.0871614 0
    outer loop
      vertex 40.771 -7.18903 3
      vertex 41.4 0 5
      vertex 41.4 0 3
    endloop
  endfacet
  facet normal -0.996194 0.0871614 0
    outer loop
      vertex 41.4 0 5
      vertex 40.771 -7.18903 3
      vertex 40.771 -7.18903 5
    endloop
  endfacet
  facet normal -0.996194 0.0871614 0
    outer loop
      vertex 40.771 -7.18903 135
      vertex 41.4 0 136
      vertex 41.4 0 135
    endloop
  endfacet
  facet normal -0.996194 0.0871614 0
    outer loop
      vertex 41.4 0 136
      vertex 40.771 -7.18903 135
      vertex 40.771 -7.18903 136
    endloop
  endfacet
  facet normal -0.258811 0.965928 0
    outer loop
      vertex 14.1596 -38.9033 3
      vertex 7.18903 -40.771 136
      vertex 14.1596 -38.9033 136
    endloop
  endfacet
  facet normal -0.258811 0.965928 0
    outer loop
      vertex 7.18903 -40.771 136
      vertex 14.1596 -38.9033 3
      vertex 7.18903 -40.771 3
    endloop
  endfacet
  facet normal 0.0871614 -0.996194 0
    outer loop
      vertex -7.18903 40.771 3
      vertex 0 41.4 136
      vertex -7.18903 40.771 136
    endloop
  endfacet
  facet normal 0.0871614 -0.996194 0
    outer loop
      vertex 0 41.4 136
      vertex -7.18903 40.771 3
      vertex 0 41.4 3
    endloop
  endfacet
  facet normal -0.422614 -0.90631 0
    outer loop
      vertex 14.1596 38.9033 3
      vertex 20.7 35.8535 136
      vertex 14.1596 38.9033 136
    endloop
  endfacet
  facet normal -0.422614 -0.90631 -0
    outer loop
      vertex 20.7 35.8535 136
      vertex 14.1596 38.9033 3
      vertex 20.7 35.8535 3
    endloop
  endfacet
  facet normal 0.996194 -0.0871614 0
    outer loop
      vertex -41.4 0 5
      vertex -40.771 7.18903 3
      vertex -40.771 7.18903 5
    endloop
  endfacet
  facet normal 0.996194 -0.0871614 0
    outer loop
      vertex -40.771 7.18903 3
      vertex -41.4 0 5
      vertex -41.4 0 3
    endloop
  endfacet
  facet normal 0.996194 -0.0871614 0
    outer loop
      vertex -41.4 0 136
      vertex -40.771 7.18903 135
      vertex -40.771 7.18903 136
    endloop
  endfacet
  facet normal 0.996194 -0.0871614 0
    outer loop
      vertex -40.771 7.18903 135
      vertex -41.4 0 136
      vertex -41.4 0 135
    endloop
  endfacet
  facet normal 0.819146 -0.573585 0
    outer loop
      vertex -35.8535 20.7 136
      vertex -31.7142 26.6114 135
      vertex -31.7142 26.6114 136
    endloop
  endfacet
  facet normal 0.819146 -0.573585 0
    outer loop
      vertex -31.7142 26.6114 135
      vertex -35.8535 20.7 136
      vertex -35.8535 20.7 135
    endloop
  endfacet
  facet normal 0.819146 -0.573585 0
    outer loop
      vertex -35.8535 20.7 5
      vertex -31.7142 26.6114 3
      vertex -31.7142 26.6114 5
    endloop
  endfacet
  facet normal 0.819146 -0.573585 0
    outer loop
      vertex -31.7142 26.6114 3
      vertex -35.8535 20.7 5
      vertex -35.8535 20.7 3
    endloop
  endfacet
  facet normal 0.819146 -0.573585 0
    outer loop
      vertex -35.8535 20.7 30.5723
      vertex -31.7142 26.6114 30
      vertex -31.7142 26.6114 110
    endloop
  endfacet
  facet normal 0.819153 -0.573575 -0.000160348
    outer loop
      vertex -35.8535 20.7 109.426
      vertex -31.7142 26.6114 110
      vertex -34.182 23.087 110
    endloop
  endfacet
  facet normal 0.819145 -0.573587 -8.43696e-05
    outer loop
      vertex -35.8535 20.7 109.426
      vertex -34.182 23.087 110
      vertex -34.3037 22.9132 109.994
    endloop
  endfacet
  facet normal 0.819146 -0.573585 0
    outer loop
      vertex -35.8535 20.7 30.5723
      vertex -31.7142 26.6114 110
      vertex -35.8535 20.7 109.426
    endloop
  endfacet
  facet normal 0.819147 -0.573584 -0.000101008
    outer loop
      vertex -35.8535 20.7 109.426
      vertex -34.3037 22.9132 109.994
      vertex -34.6083 22.4782 109.964
    endloop
  endfacet
  facet normal 0.819145 -0.573586 -1.91957e-05
    outer loop
      vertex -31.7142 26.6114 30
      vertex -35.8535 20.7 30.5723
      vertex -34.1666 23.1091 30
    endloop
  endfacet
  facet normal 0.819025 -0.573757 0.000752163
    outer loop
      vertex -35.8535 20.7 109.426
      vertex -34.6083 22.4782 109.964
      vertex -34.8498 22.1334 109.915
    endloop
  endfacet
  facet normal 0.819164 -0.573559 0.000153512
    outer loop
      vertex -34.1666 23.1091 30
      vertex -35.8535 20.7 30.5723
      vertex -34.3191 22.8913 30.0095
    endloop
  endfacet
  facet normal 0.819341 -0.573304 -0.00122376
    outer loop
      vertex -35.8535 20.7 109.426
      vertex -34.8498 22.1334 109.915
      vertex -35.0883 21.7927 109.843
    endloop
  endfacet
  facet normal 0.819131 -0.573606 -0.000119459
    outer loop
      vertex -34.3191 22.8913 30.0095
      vertex -35.8535 20.7 30.5723
      vertex -34.7139 22.3275 30.0588
    endloop
  endfacet
  facet normal 0.818961 -0.573848 0.000897302
    outer loop
      vertex -35.8535 20.7 109.426
      vertex -35.0883 21.7927 109.843
      vertex -35.323 21.4576 109.747
    endloop
  endfacet
  facet normal 0.819134 -0.573602 -9.91948e-05
    outer loop
      vertex -34.7139 22.3275 30.0588
      vertex -35.8535 20.7 30.5723
      vertex -34.9844 21.9412 30.1235
    endloop
  endfacet
  facet normal 0.819557 -0.572994 -0.00210313
    outer loop
      vertex -35.8535 20.7 109.426
      vertex -35.323 21.4576 109.747
      vertex -35.552 21.1305 109.627
    endloop
  endfacet
  facet normal 0.819254 -0.57343 0.000607501
    outer loop
      vertex -34.9844 21.9412 30.1235
      vertex -35.8535 20.7 30.5723
      vertex -35.2062 21.6244 30.2025
    endloop
  endfacet
  facet normal 0.819589 -0.572947 -0.00225038
    outer loop
      vertex -35.8535 20.7 109.426
      vertex -35.552 21.1305 109.627
      vertex -35.7749 20.8122 109.486
    endloop
  endfacet
  facet normal 0.819502 -0.573073 0.00193177
    outer loop
      vertex -35.2062 21.6244 30.2025
      vertex -35.8535 20.7 30.5723
      vertex -35.4382 21.293 30.3101
    endloop
  endfacet
  facet normal 0.818248 -0.574851 -0.00407332
    outer loop
      vertex -35.4382 21.293 30.3101
      vertex -35.8535 20.7 30.5723
      vertex -35.6644 20.9701 30.4406
    endloop
  endfacet
  facet normal 0.573585 -0.819146 0
    outer loop
      vertex -26.6114 31.7142 3
      vertex -20.7 35.8535 136
      vertex -26.6114 31.7142 136
    endloop
  endfacet
  facet normal 0.573585 -0.819146 0
    outer loop
      vertex -20.7 35.8535 136
      vertex -26.6114 31.7142 3
      vertex -20.7 35.8535 3
    endloop
  endfacet
  facet normal 0.258811 -0.965928 0
    outer loop
      vertex -14.1596 38.9033 3
      vertex -7.18903 40.771 136
      vertex -14.1596 38.9033 136
    endloop
  endfacet
  facet normal 0.258811 -0.965928 0
    outer loop
      vertex -7.18903 40.771 136
      vertex -14.1596 38.9033 3
      vertex -7.18903 40.771 3
    endloop
  endfacet
  facet normal 0.707107 -0.707107 0
    outer loop
      vertex -31.7142 26.6114 110
      vertex -31 27.3256 30
      vertex -31 27.3256 110
    endloop
  endfacet
  facet normal 0.707107 -0.707107 0
    outer loop
      vertex -31 27.3256 30
      vertex -31.7142 26.6114 110
      vertex -31.7142 26.6114 30
    endloop
  endfacet
  facet normal 0.707107 -0.707107 0
    outer loop
      vertex -31 27.3256 110
      vertex -26.6114 31.7142 136
      vertex -31 27.3256 135
    endloop
  endfacet
  facet normal 0.707107 -0.707107 0
    outer loop
      vertex -31.7142 26.6114 136
      vertex -31 27.3256 135
      vertex -26.6114 31.7142 136
    endloop
  endfacet
  facet normal 0.707107 -0.707107 0
    outer loop
      vertex -31 27.3256 135
      vertex -31.7142 26.6114 136
      vertex -31.7142 26.6114 135
    endloop
  endfacet
  facet normal 0.707107 -0.707107 0
    outer loop
      vertex -26.6114 31.7142 136
      vertex -31 27.3256 110
      vertex -26.6114 31.7142 3
    endloop
  endfacet
  facet normal 0.707107 -0.707107 0
    outer loop
      vertex -31 27.3256 30
      vertex -26.6114 31.7142 3
      vertex -31 27.3256 110
    endloop
  endfacet
  facet normal 0.707107 -0.707107 0
    outer loop
      vertex -31 27.3256 5
      vertex -26.6114 31.7142 3
      vertex -31 27.3256 30
    endloop
  endfacet
  facet normal 0.707107 -0.707107 0
    outer loop
      vertex -31.7142 26.6114 3
      vertex -31 27.3256 5
      vertex -31.7142 26.6114 5
    endloop
  endfacet
  facet normal 0.707107 -0.707107 0
    outer loop
      vertex -31 27.3256 5
      vertex -31.7142 26.6114 3
      vertex -26.6114 31.7142 3
    endloop
  endfacet
  facet normal -0.996194 -0.0871614 0
    outer loop
      vertex 41.4 0 3
      vertex 40.771 7.18903 5
      vertex 40.771 7.18903 3
    endloop
  endfacet
  facet normal -0.996194 -0.0871614 0
    outer loop
      vertex 40.771 7.18903 5
      vertex 41.4 0 3
      vertex 41.4 0 5
    endloop
  endfacet
  facet normal -0.996194 -0.0871614 0
    outer loop
      vertex 41.4 0 135
      vertex 40.771 7.18903 136
      vertex 40.771 7.18903 135
    endloop
  endfacet
  facet normal -0.996194 -0.0871614 0
    outer loop
      vertex 40.771 7.18903 136
      vertex 41.4 0 135
      vertex 41.4 0 136
    endloop
  endfacet
  facet normal -0.965928 0.258811 0
    outer loop
      vertex 38.9033 -14.1596 3
      vertex 40.771 -7.18903 5
      vertex 40.771 -7.18903 3
    endloop
  endfacet
  facet normal -0.965928 0.258811 0
    outer loop
      vertex 40.771 -7.18903 5
      vertex 38.9033 -14.1596 3
      vertex 38.9033 -14.1596 5
    endloop
  endfacet
  facet normal -0.965928 0.258811 0
    outer loop
      vertex 38.9033 -14.1596 135
      vertex 40.771 -7.18903 136
      vertex 40.771 -7.18903 135
    endloop
  endfacet
  facet normal -0.965928 0.258811 0
    outer loop
      vertex 40.771 -7.18903 136
      vertex 38.9033 -14.1596 135
      vertex 38.9033 -14.1596 136
    endloop
  endfacet
  facet normal -0.573585 0.819146 0
    outer loop
      vertex 26.6114 -31.7142 3
      vertex 20.7 -35.8535 136
      vertex 26.6114 -31.7142 136
    endloop
  endfacet
  facet normal -0.573585 0.819146 0
    outer loop
      vertex 20.7 -35.8535 136
      vertex 26.6114 -31.7142 3
      vertex 20.7 -35.8535 3
    endloop
  endfacet
  facet normal -0.965928 -0.258811 0
    outer loop
      vertex 40.771 7.18903 3
      vertex 38.9033 14.1596 5
      vertex 38.9033 14.1596 3
    endloop
  endfacet
  facet normal -0.965928 -0.258811 0
    outer loop
      vertex 38.9033 14.1596 5
      vertex 40.771 7.18903 3
      vertex 40.771 7.18903 5
    endloop
  endfacet
  facet normal -0.965928 -0.258811 0
    outer loop
      vertex 40.771 7.18903 135
      vertex 38.9033 14.1596 136
      vertex 38.9033 14.1596 135
    endloop
  endfacet
  facet normal -0.965928 -0.258811 0
    outer loop
      vertex 38.9033 14.1596 136
      vertex 40.771 7.18903 135
      vertex 40.771 7.18903 136
    endloop
  endfacet
  facet normal -0.573585 -0.819146 0
    outer loop
      vertex 20.7 35.8535 3
      vertex 26.6114 31.7142 136
      vertex 20.7 35.8535 136
    endloop
  endfacet
  facet normal -0.573585 -0.819146 -0
    outer loop
      vertex 26.6114 31.7142 136
      vertex 20.7 35.8535 3
      vertex 26.6114 31.7142 3
    endloop
  endfacet
  facet normal -0.707107 -0.707107 0
    outer loop
      vertex 31.7142 26.6114 30
      vertex 31 27.3256 110
      vertex 31 27.3256 30
    endloop
  endfacet
  facet normal -0.707107 -0.707107 0
    outer loop
      vertex 31 27.3256 110
      vertex 31.7142 26.6114 30
      vertex 31.7142 26.6114 110
    endloop
  endfacet
  facet normal -0.707107 -0.707107 -0
    outer loop
      vertex 31 27.3256 30
      vertex 26.6114 31.7142 3
      vertex 31 27.3256 5
    endloop
  endfacet
  facet normal -0.707107 -0.707107 0
    outer loop
      vertex 31.7142 26.6114 3
      vertex 31 27.3256 5
      vertex 26.6114 31.7142 3
    endloop
  endfacet
  facet normal -0.707107 -0.707107 0
    outer loop
      vertex 31 27.3256 5
      vertex 31.7142 26.6114 3
      vertex 31.7142 26.6114 5
    endloop
  endfacet
  facet normal -0.707107 -0.707107 0
    outer loop
      vertex 26.6114 31.7142 3
      vertex 31 27.3256 30
      vertex 26.6114 31.7142 136
    endloop
  endfacet
  facet normal -0.707107 -0.707107 -0
    outer loop
      vertex 31 27.3256 110
      vertex 26.6114 31.7142 136
      vertex 31 27.3256 30
    endloop
  endfacet
  facet normal -0.707107 -0.707107 -0
    outer loop
      vertex 31 27.3256 135
      vertex 26.6114 31.7142 136
      vertex 31 27.3256 110
    endloop
  endfacet
  facet normal -0.707107 -0.707107 -0
    outer loop
      vertex 31.7142 26.6114 136
      vertex 31 27.3256 135
      vertex 31.7142 26.6114 135
    endloop
  endfacet
  facet normal -0.707107 -0.707107 0
    outer loop
      vertex 31 27.3256 135
      vertex 31.7142 26.6114 136
      vertex 26.6114 31.7142 136
    endloop
  endfacet
  facet normal 0 0 -1
    outer loop
      vertex 40.771 -7.18903 136
      vertex 40.771 7.18903 136
      vertex 41.4 0 136
    endloop
  endfacet
  facet normal 0 0 -1
    outer loop
      vertex 38.9033 -14.1596 136
      vertex 40.771 7.18903 136
      vertex 40.771 -7.18903 136
    endloop
  endfacet
  facet normal 0 0 -1
    outer loop
      vertex 38.9033 -14.1596 136
      vertex 38.9033 14.1596 136
      vertex 40.771 7.18903 136
    endloop
  endfacet
  facet normal 0 0 -1
    outer loop
      vertex 35.8535 -20.7 136
      vertex 38.9033 14.1596 136
      vertex 38.9033 -14.1596 136
    endloop
  endfacet
  facet normal 0 0 -1
    outer loop
      vertex 35.8535 -20.7 136
      vertex 35.8535 20.7 136
      vertex 38.9033 14.1596 136
    endloop
  endfacet
  facet normal 0 0 -1
    outer loop
      vertex 31.7142 -26.6114 136
      vertex 35.8535 20.7 136
      vertex 35.8535 -20.7 136
    endloop
  endfacet
  facet normal 0 0 -1
    outer loop
      vertex 31.7142 -26.6114 136
      vertex 31.7142 26.6114 136
      vertex 35.8535 20.7 136
    endloop
  endfacet
  facet normal 0 0 -1
    outer loop
      vertex 26.6114 -31.7142 136
      vertex 31.7142 26.6114 136
      vertex 31.7142 -26.6114 136
    endloop
  endfacet
  facet normal 0 0 -1
    outer loop
      vertex 26.6114 -31.7142 136
      vertex 26.6114 31.7142 136
      vertex 31.7142 26.6114 136
    endloop
  endfacet
  facet normal 0 0 -1
    outer loop
      vertex 20.7 -35.8535 136
      vertex 26.6114 31.7142 136
      vertex 26.6114 -31.7142 136
    endloop
  endfacet
  facet normal 0 0 -1
    outer loop
      vertex 20.7 -35.8535 136
      vertex 20.7 35.8535 136
      vertex 26.6114 31.7142 136
    endloop
  endfacet
  facet normal 0 0 -1
    outer loop
      vertex 14.1596 -38.9033 136
      vertex 20.7 35.8535 136
      vertex 20.7 -35.8535 136
    endloop
  endfacet
  facet normal 0 0 -1
    outer loop
      vertex 14.1596 -38.9033 136
      vertex 14.1596 38.9033 136
      vertex 20.7 35.8535 136
    endloop
  endfacet
  facet normal 0 0 -1
    outer loop
      vertex 7.18903 -40.771 136
      vertex 14.1596 38.9033 136
      vertex 14.1596 -38.9033 136
    endloop
  endfacet
  facet normal 0 0 -1
    outer loop
      vertex 7.18903 -40.771 136
      vertex 7.18903 40.771 136
      vertex 14.1596 38.9033 136
    endloop
  endfacet
  facet normal 0 0 -1
    outer loop
      vertex 0 -41.4 136
      vertex 7.18903 40.771 136
      vertex 7.18903 -40.771 136
    endloop
  endfacet
  facet normal 0 0 -1
    outer loop
      vertex 0 -41.4 136
      vertex 0 41.4 136
      vertex 7.18903 40.771 136
    endloop
  endfacet
  facet normal 0 0 -1
    outer loop
      vertex -7.18903 -40.771 136
      vertex 0 41.4 136
      vertex 0 -41.4 136
    endloop
  endfacet
  facet normal 0 0 -1
    outer loop
      vertex -7.18903 -40.771 136
      vertex -7.18903 40.771 136
      vertex 0 41.4 136
    endloop
  endfacet
  facet normal 0 0 -1
    outer loop
      vertex -14.1596 -38.9033 136
      vertex -7.18903 40.771 136
      vertex -7.18903 -40.771 136
    endloop
  endfacet
  facet normal 0 0 -1
    outer loop
      vertex -14.1596 -38.9033 136
      vertex -14.1596 38.9033 136
      vertex -7.18903 40.771 136
    endloop
  endfacet
  facet normal 0 0 -1
    outer loop
      vertex -20.7 -35.8535 136
      vertex -14.1596 38.9033 136
      vertex -14.1596 -38.9033 136
    endloop
  endfacet
  facet normal 0 0 -1
    outer loop
      vertex -20.7 -35.8535 136
      vertex -20.7 35.8535 136
      vertex -14.1596 38.9033 136
    endloop
  endfacet
  facet normal 0 0 -1
    outer loop
      vertex -26.6114 -31.7142 136
      vertex -20.7 35.8535 136
      vertex -20.7 -35.8535 136
    endloop
  endfacet
  facet normal 0 0 -1
    outer loop
      vertex -26.6114 -31.7142 136
      vertex -26.6114 31.7142 136
      vertex -20.7 35.8535 136
    endloop
  endfacet
  facet normal 0 0 -1
    outer loop
      vertex -31.7142 -26.6114 136
      vertex -26.6114 31.7142 136
      vertex -26.6114 -31.7142 136
    endloop
  endfacet
  facet normal 0 0 -1
    outer loop
      vertex -31.7142 -26.6114 136
      vertex -31.7142 26.6114 136
      vertex -26.6114 31.7142 136
    endloop
  endfacet
  facet normal 0 0 -1
    outer loop
      vertex -35.8535 -20.7 136
      vertex -31.7142 26.6114 136
      vertex -31.7142 -26.6114 136
    endloop
  endfacet
  facet normal 0 0 -1
    outer loop
      vertex -35.8535 -20.7 136
      vertex -35.8535 20.7 136
      vertex -31.7142 26.6114 136
    endloop
  endfacet
  facet normal 0 0 -1
    outer loop
      vertex -38.9033 -14.1596 136
      vertex -35.8535 20.7 136
      vertex -35.8535 -20.7 136
    endloop
  endfacet
  facet normal 0 0 -1
    outer loop
      vertex -38.9033 -14.1596 136
      vertex -38.9033 14.1596 136
      vertex -35.8535 20.7 136
    endloop
  endfacet
  facet normal 0 0 -1
    outer loop
      vertex -40.771 -7.18903 136
      vertex -38.9033 14.1596 136
      vertex -38.9033 -14.1596 136
    endloop
  endfacet
  facet normal 0 0 -1
    outer loop
      vertex -40.771 -7.18903 136
      vertex -40.771 7.18903 136
      vertex -38.9033 14.1596 136
    endloop
  endfacet
  facet normal 0 -0 -1
    outer loop
      vertex -40.771 7.18903 136
      vertex -40.771 -7.18903 136
      vertex -41.4 0 136
    endloop
  endfacet
  facet normal -0.90631 0.422614 0
    outer loop
      vertex 35.8535 -20.7 3
      vertex 38.9033 -14.1596 5
      vertex 38.9033 -14.1596 3
    endloop
  endfacet
  facet normal -0.90631 0.422614 0
    outer loop
      vertex 38.9033 -14.1596 5
      vertex 35.8535 -20.7 3
      vertex 35.8535 -20.7 5
    endloop
  endfacet
  facet normal -0.90631 0.422614 0
    outer loop
      vertex 35.8535 -20.7 135
      vertex 38.9033 -14.1596 136
      vertex 38.9033 -14.1596 135
    endloop
  endfacet
  facet normal -0.90631 0.422614 0
    outer loop
      vertex 38.9033 -14.1596 136
      vertex 35.8535 -20.7 135
      vertex 35.8535 -20.7 136
    endloop
  endfacet
  facet normal -0.906312 0.42261 0
    outer loop
      vertex 35.8535 -20.7 109.428
      vertex 37.1125 -18 104.913
      vertex 37.1125 -18 35.1091
    endloop
  endfacet
  facet normal -0.906514 0.422175 0.000315215
    outer loop
      vertex 35.8535 -20.7 30.5739
      vertex 37.1125 -18 35.1091
      vertex 37.108 -18.0095 34.8913
    endloop
  endfacet
  facet normal -0.906509 0.422187 -0.000307664
    outer loop
      vertex 37.1125 -18 104.913
      vertex 35.8535 -20.7 109.428
      vertex 37.1096 -18.0061 105.087
    endloop
  endfacet
  facet normal -0.906336 0.422559 2.40822e-05
    outer loop
      vertex 35.8535 -20.7 30.5739
      vertex 37.108 -18.0095 34.8913
      vertex 37.085 -18.0588 34.3275
    endloop
  endfacet
  facet normal -0.906312 0.42261 0
    outer loop
      vertex 37.1125 -18 35.1091
      vertex 35.8535 -20.7 30.5739
      vertex 35.8535 -20.7 109.428
    endloop
  endfacet
  facet normal -0.90621 0.422829 -0.000207402
    outer loop
      vertex 35.8535 -20.7 30.5739
      vertex 37.085 -18.0588 34.3275
      vertex 37.0549 -18.1235 33.9412
    endloop
  endfacet
  facet normal -0.906211 0.422827 0.000175555
    outer loop
      vertex 37.1096 -18.0061 105.087
      vertex 35.8535 -20.7 109.428
      vertex 37.0955 -18.0365 105.522
    endloop
  endfacet
  facet normal -0.906235 0.422775 -0.000157128
    outer loop
      vertex 35.8535 -20.7 30.5739
      vertex 37.0549 -18.1235 33.9412
      vertex 37.0181 -18.2025 33.6244
    endloop
  endfacet
  facet normal -0.906367 0.422492 -0.000102204
    outer loop
      vertex 37.0955 -18.0365 105.522
      vertex 35.8535 -20.7 109.428
      vertex 37.0729 -18.0849 105.867
    endloop
  endfacet
  facet normal -0.906362 0.422502 0.00011531
    outer loop
      vertex 35.8535 -20.7 30.5739
      vertex 37.0181 -18.2025 33.6244
      vertex 36.9679 -18.3101 33.293
    endloop
  endfacet
  facet normal -0.906301 0.422632 2.31545e-05
    outer loop
      vertex 37.0729 -18.0849 105.867
      vertex 35.8535 -20.7 109.428
      vertex 37.0391 -18.1574 106.207
    endloop
  endfacet
  facet normal -0.906422 0.422374 0.000251602
    outer loop
      vertex 35.8535 -20.7 30.5739
      vertex 36.9679 -18.3101 33.293
      vertex 36.907 -18.4406 32.9701
    endloop
  endfacet
  facet normal -0.906386 0.42245 -0.000151823
    outer loop
      vertex 37.0391 -18.1574 106.207
      vertex 35.8535 -20.7 109.428
      vertex 36.9943 -18.2534 106.542
    endloop
  endfacet
  facet normal -0.906319 0.422594 -4.50847e-07
    outer loop
      vertex 35.8535 -20.7 30.5739
      vertex 36.907 -18.4406 32.9701
      vertex 36.8358 -18.5933 32.6569
    endloop
  endfacet
  facet normal -0.906243 0.422757 0.000164798
    outer loop
      vertex 36.9943 -18.2534 106.542
      vertex 35.8535 -20.7 109.428
      vertex 36.9388 -18.3725 106.869
    endloop
  endfacet
  facet normal -0.906129 0.423001 -0.000501568
    outer loop
      vertex 35.8535 -20.7 30.5739
      vertex 36.8358 -18.5933 32.6569
      vertex 36.7546 -18.7676 32.3552
    endloop
  endfacet
  facet normal -0.906373 0.422477 -0.000144929
    outer loop
      vertex 36.9388 -18.3725 106.869
      vertex 35.8535 -20.7 109.428
      vertex 36.8727 -18.5142 107.188
    endloop
  endfacet
  facet normal -0.906333 0.422563 7.62203e-05
    outer loop
      vertex 35.8535 -20.7 30.5739
      vertex 36.7546 -18.7676 32.3552
      vertex 36.6638 -18.9623 32.0665
    endloop
  endfacet
  facet normal -0.906239 0.422765 0.000196598
    outer loop
      vertex 36.8727 -18.5142 107.188
      vertex 35.8535 -20.7 109.428
      vertex 36.7964 -18.6779 107.496
    endloop
  endfacet
  facet normal -0.906387 0.422447 0.000240648
    outer loop
      vertex 35.8535 -20.7 30.5739
      vertex 36.6638 -18.9623 32.0665
      vertex 36.5638 -19.1767 31.792
    endloop
  endfacet
  facet normal -0.906222 0.422802 0.000243292
    outer loop
      vertex 36.7964 -18.6779 107.496
      vertex 35.8535 -20.7 109.428
      vertex 36.7104 -18.8624 107.791
    endloop
  endfacet
  facet normal -0.906548 0.422103 0.000764869
    outer loop
      vertex 35.8535 -20.7 30.5739
      vertex 36.5638 -19.1767 31.792
      vertex 36.455 -19.4099 31.5331
    endloop
  endfacet
  facet normal -0.906446 0.422322 -0.000412707
    outer loop
      vertex 36.7104 -18.8624 107.791
      vertex 35.8535 -20.7 109.428
      vertex 36.6149 -19.0671 108.073
    endloop
  endfacet
  facet normal -0.906359 0.422509 9.993e-05
    outer loop
      vertex 35.8535 -20.7 30.5739
      vertex 36.455 -19.4099 31.5331
      vertex 36.3382 -19.6604 31.2911
    endloop
  endfacet
  facet normal -0.906498 0.422209 -0.00057792
    outer loop
      vertex 36.6149 -19.0671 108.073
      vertex 35.8535 -20.7 109.428
      vertex 36.5104 -19.2911 108.34
    endloop
  endfacet
  facet normal -0.906421 0.422376 0.00033516
    outer loop
      vertex 35.8535 -20.7 30.5739
      vertex 36.3382 -19.6604 31.2911
      vertex 36.2137 -19.9274 31.0671
    endloop
  endfacet
  facet normal -0.906189 0.422872 0.000467519
    outer loop
      vertex 36.5104 -19.2911 108.34
      vertex 35.8535 -20.7 109.428
      vertex 36.3976 -19.5331 108.59
    endloop
  endfacet
  facet normal -0.906515 0.422172 0.00072266
    outer loop
      vertex 35.8535 -20.7 30.5739
      vertex 36.2137 -19.9274 31.0671
      vertex 36.0823 -20.2092 30.8624
    endloop
  endfacet
  facet normal -0.906215 0.422817 0.00037384
    outer loop
      vertex 36.3976 -19.5331 108.59
      vertex 35.8535 -20.7 109.428
      vertex 36.2769 -19.792 108.823
    endloop
  endfacet
  facet normal -0.907895 0.419139 0.00697681
    outer loop
      vertex 35.8535 -20.7 30.5739
      vertex 36.0823 -20.2092 30.8624
      vertex 35.9446 -20.5044 30.6779
    endloop
  endfacet
  facet normal -0.906316 0.4226 -2.17659e-05
    outer loop
      vertex 36.2769 -19.792 108.823
      vertex 35.8535 -20.7 109.428
      vertex 36.1489 -20.0665 109.038
    endloop
  endfacet
  facet normal -0.906043 0.423184 0.00113233
    outer loop
      vertex 36.1489 -20.0665 109.038
      vertex 35.8535 -20.7 109.428
      vertex 36.0143 -20.3552 109.232
    endloop
  endfacet
  facet normal -0.911573 0.410313 -0.0260449
    outer loop
      vertex 36.0143 -20.3552 109.232
      vertex 35.8535 -20.7 109.428
      vertex 35.8735 -20.6569 109.407
    endloop
  endfacet
  facet normal 0.996194 0.0871614 0
    outer loop
      vertex -40.771 -7.18903 136
      vertex -41.4 0 135
      vertex -41.4 0 136
    endloop
  endfacet
  facet normal 0.996194 0.0871614 0
    outer loop
      vertex -41.4 0 135
      vertex -40.771 -7.18903 136
      vertex -40.771 -7.18903 135
    endloop
  endfacet
  facet normal 0.996194 0.0871614 0
    outer loop
      vertex -40.771 -7.18903 5
      vertex -41.4 0 3
      vertex -41.4 0 5
    endloop
  endfacet
  facet normal 0.996194 0.0871614 0
    outer loop
      vertex -41.4 0 3
      vertex -40.771 -7.18903 5
      vertex -40.771 -7.18903 3
    endloop
  endfacet
  facet normal -0.422614 0.90631 0
    outer loop
      vertex 20.7 -35.8535 3
      vertex 14.1596 -38.9033 136
      vertex 20.7 -35.8535 136
    endloop
  endfacet
  facet normal -0.422614 0.90631 0
    outer loop
      vertex 14.1596 -38.9033 136
      vertex 20.7 -35.8535 3
      vertex 14.1596 -38.9033 3
    endloop
  endfacet
  facet normal -0.707107 0.707107 0
    outer loop
      vertex 31.7142 -26.6114 3
      vertex 31 -27.3256 5
      vertex 31.7142 -26.6114 5
    endloop
  endfacet
  facet normal -0.707107 0.707107 0
    outer loop
      vertex 26.6114 -31.7142 3
      vertex 31 -27.3256 30
      vertex 31 -27.3256 5
    endloop
  endfacet
  facet normal -0.707107 0.707107 0
    outer loop
      vertex 31 -27.3256 30
      vertex 26.6114 -31.7142 3
      vertex 31 -27.3256 110
    endloop
  endfacet
  facet normal -0.707107 0.707107 0
    outer loop
      vertex 31 -27.3256 110
      vertex 26.6114 -31.7142 3
      vertex 26.6114 -31.7142 136
    endloop
  endfacet
  facet normal -0.707107 0.707107 0
    outer loop
      vertex 26.6114 -31.7142 3
      vertex 31 -27.3256 5
      vertex 31.7142 -26.6114 3
    endloop
  endfacet
  facet normal -0.707107 0.707107 0
    outer loop
      vertex 31 -27.3256 30
      vertex 31.7142 -26.6114 110
      vertex 31.7142 -26.6114 30
    endloop
  endfacet
  facet normal -0.707107 0.707107 0
    outer loop
      vertex 31.7142 -26.6114 110
      vertex 31 -27.3256 30
      vertex 31 -27.3256 110
    endloop
  endfacet
  facet normal -0.707107 0.707107 0
    outer loop
      vertex 31 -27.3256 135
      vertex 31.7142 -26.6114 136
      vertex 31.7142 -26.6114 135
    endloop
  endfacet
  facet normal -0.707107 0.707107 0
    outer loop
      vertex 31 -27.3256 135
      vertex 26.6114 -31.7142 136
      vertex 31.7142 -26.6114 136
    endloop
  endfacet
  facet normal -0.707107 0.707107 0
    outer loop
      vertex 31 -27.3256 110
      vertex 26.6114 -31.7142 136
      vertex 31 -27.3256 135
    endloop
  endfacet
  facet normal 0.0871614 0.996194 -0
    outer loop
      vertex 0 -41.4 3
      vertex -7.18903 -40.771 136
      vertex 0 -41.4 136
    endloop
  endfacet
  facet normal 0.0871614 0.996194 0
    outer loop
      vertex -7.18903 -40.771 136
      vertex 0 -41.4 3
      vertex -7.18903 -40.771 3
    endloop
  endfacet
  facet normal -0.0871614 0.996194 0
    outer loop
      vertex 7.18903 -40.771 3
      vertex 0 -41.4 136
      vertex 7.18903 -40.771 136
    endloop
  endfacet
  facet normal -0.0871614 0.996194 0
    outer loop
      vertex 0 -41.4 136
      vertex 7.18903 -40.771 3
      vertex 0 -41.4 3
    endloop
  endfacet
  facet normal 0.819146 0.573585 0
    outer loop
      vertex -31.7142 -26.6114 136
      vertex -35.8535 -20.7 135
      vertex -35.8535 -20.7 136
    endloop
  endfacet
  facet normal 0.819146 0.573585 0
    outer loop
      vertex -35.8535 -20.7 135
      vertex -31.7142 -26.6114 136
      vertex -31.7142 -26.6114 135
    endloop
  endfacet
  facet normal 0.819146 0.573585 0
    outer loop
      vertex -31.7142 -26.6114 5
      vertex -35.8535 -20.7 3
      vertex -35.8535 -20.7 5
    endloop
  endfacet
  facet normal 0.819146 0.573585 0
    outer loop
      vertex -35.8535 -20.7 3
      vertex -31.7142 -26.6114 5
      vertex -31.7142 -26.6114 3
    endloop
  endfacet
  facet normal 0.819146 0.573585 0
    outer loop
      vertex -31.7142 -26.6114 110
      vertex -35.8535 -20.7 30.5739
      vertex -35.8535 -20.7 109.428
    endloop
  endfacet
  facet normal 0.819075 0.573687 0.000501598
    outer loop
      vertex -34.7139 -22.3275 109.941
      vertex -35.8535 -20.7 109.428
      vertex -35.6644 -20.9701 109.559
    endloop
  endfacet
  facet normal 0.819146 0.573585 -0
    outer loop
      vertex -31.7142 -26.6114 30
      vertex -35.8535 -20.7 30.5739
      vertex -31.7142 -26.6114 110
    endloop
  endfacet
  facet normal 0.819393 0.573229 -0.00191688
    outer loop
      vertex -34.7139 -22.3275 109.941
      vertex -35.6644 -20.9701 109.559
      vertex -35.4382 -21.293 109.69
    endloop
  endfacet
  facet normal 0.819153 0.573575 0.000160376
    outer loop
      vertex -34.182 -23.087 30
      vertex -35.8535 -20.7 30.5739
      vertex -31.7142 -26.6114 30
    endloop
  endfacet
  facet normal 0.819081 0.573677 0.000832722
    outer loop
      vertex -34.7139 -22.3275 109.941
      vertex -35.4382 -21.293 109.69
      vertex -35.2062 -21.6244 109.798
    endloop
  endfacet
  facet normal 0.819145 0.573587 8.46233e-05
    outer loop
      vertex -34.3037 -22.9132 30.0061
      vertex -35.8535 -20.7 30.5739
      vertex -34.182 -23.087 30
    endloop
  endfacet
  facet normal 0.819061 0.573706 0.00104437
    outer loop
      vertex -34.7139 -22.3275 109.941
      vertex -35.2062 -21.6244 109.798
      vertex -34.9844 -21.9412 109.877
    endloop
  endfacet
  facet normal 0.819179 0.573538 0.000369911
    outer loop
      vertex -35.552 -21.1305 30.3725
      vertex -35.8535 -20.7 30.5739
      vertex -34.3037 -22.9132 30.0061
    endloop
  endfacet
  facet normal 0.819131 0.573606 0.000119342
    outer loop
      vertex -35.8535 -20.7 109.428
      vertex -34.7139 -22.3275 109.941
      vertex -34.3191 -22.8913 109.99
    endloop
  endfacet
  facet normal 0.819618 0.572906 0.00237664
    outer loop
      vertex -35.8535 -20.7 30.5739
      vertex -35.552 -21.1305 30.3725
      vertex -35.7749 -20.8122 30.5142
    endloop
  endfacet
  facet normal 0.819165 0.573559 -0.000155452
    outer loop
      vertex -35.8535 -20.7 109.428
      vertex -34.3191 -22.8913 109.99
      vertex -34.1666 -23.1091 110
    endloop
  endfacet
  facet normal 0.819145 0.573586 1.92058e-05
    outer loop
      vertex -35.8535 -20.7 109.428
      vertex -34.1666 -23.1091 110
      vertex -31.7142 -26.6114 110
    endloop
  endfacet
  facet normal 0.819209 0.573492 0.00204723
    outer loop
      vertex -34.8498 -22.1334 30.0849
      vertex -34.3037 -22.9132 30.0061
      vertex -34.6083 -22.4782 30.0365
    endloop
  endfacet
  facet normal 0.819015 0.573769 -0.00204062
    outer loop
      vertex -35.0883 -21.7927 30.1574
      vertex -34.3037 -22.9132 30.0061
      vertex -34.8498 -22.1334 30.0849
    endloop
  endfacet
  facet normal 0.819074 0.573687 -0.000714198
    outer loop
      vertex -35.552 -21.1305 30.3725
      vertex -34.3037 -22.9132 30.0061
      vertex -35.323 -21.4576 30.2534
    endloop
  endfacet
  facet normal 0.819202 0.573504 0.000891556
    outer loop
      vertex -35.323 -21.4576 30.2534
      vertex -34.3037 -22.9132 30.0061
      vertex -35.0883 -21.7927 30.1574
    endloop
  endfacet
  facet normal 0.90631 0.422614 0
    outer loop
      vertex -35.8535 -20.7 136
      vertex -38.9033 -14.1596 135
      vertex -38.9033 -14.1596 136
    endloop
  endfacet
  facet normal 0.90631 0.422614 0
    outer loop
      vertex -38.9033 -14.1596 135
      vertex -35.8535 -20.7 136
      vertex -35.8535 -20.7 135
    endloop
  endfacet
  facet normal 0.90631 0.422614 0
    outer loop
      vertex -35.8535 -20.7 5
      vertex -38.9033 -14.1596 3
      vertex -38.9033 -14.1596 5
    endloop
  endfacet
  facet normal 0.90631 0.422614 0
    outer loop
      vertex -38.9033 -14.1596 3
      vertex -35.8535 -20.7 5
      vertex -35.8535 -20.7 3
    endloop
  endfacet
  facet normal 0.906509 0.422187 -0.000307664
    outer loop
      vertex -35.8535 -20.7 109.428
      vertex -37.1125 -18 104.913
      vertex -37.1096 -18.0061 105.087
    endloop
  endfacet
  facet normal 0.906312 0.42261 0
    outer loop
      vertex -37.1125 -18 104.913
      vertex -35.8535 -20.7 109.428
      vertex -37.1125 -18 35.1091
    endloop
  endfacet
  facet normal 0.906211 0.422827 0.000175555
    outer loop
      vertex -35.8535 -20.7 109.428
      vertex -37.1096 -18.0061 105.087
      vertex -37.0955 -18.0365 105.522
    endloop
  endfacet
  facet normal 0.906312 0.42261 -0
    outer loop
      vertex -35.8535 -20.7 30.5739
      vertex -37.1125 -18 35.1091
      vertex -35.8535 -20.7 109.428
    endloop
  endfacet
  facet normal 0.906367 0.422492 -0.000102204
    outer loop
      vertex -35.8535 -20.7 109.428
      vertex -37.0955 -18.0365 105.522
      vertex -37.0729 -18.0849 105.867
    endloop
  endfacet
  facet normal 0.906514 0.422175 0.000315215
    outer loop
      vertex -37.1125 -18 35.1091
      vertex -35.8535 -20.7 30.5739
      vertex -37.108 -18.0095 34.8913
    endloop
  endfacet
  facet normal 0.906301 0.422632 2.31545e-05
    outer loop
      vertex -35.8535 -20.7 109.428
      vertex -37.0729 -18.0849 105.867
      vertex -37.0391 -18.1574 106.207
    endloop
  endfacet
  facet normal 0.906336 0.422559 2.40822e-05
    outer loop
      vertex -37.108 -18.0095 34.8913
      vertex -35.8535 -20.7 30.5739
      vertex -37.085 -18.0588 34.3275
    endloop
  endfacet
  facet normal 0.906386 0.42245 -0.000151823
    outer loop
      vertex -35.8535 -20.7 109.428
      vertex -37.0391 -18.1574 106.207
      vertex -36.9943 -18.2534 106.542
    endloop
  endfacet
  facet normal 0.90621 0.422829 -0.000207402
    outer loop
      vertex -37.085 -18.0588 34.3275
      vertex -35.8535 -20.7 30.5739
      vertex -37.0549 -18.1235 33.9412
    endloop
  endfacet
  facet normal 0.906243 0.422757 0.000164798
    outer loop
      vertex -35.8535 -20.7 109.428
      vertex -36.9943 -18.2534 106.542
      vertex -36.9388 -18.3725 106.869
    endloop
  endfacet
  facet normal 0.906235 0.422775 -0.000157128
    outer loop
      vertex -37.0549 -18.1235 33.9412
      vertex -35.8535 -20.7 30.5739
      vertex -37.0181 -18.2025 33.6244
    endloop
  endfacet
  facet normal 0.906373 0.422477 -0.000144929
    outer loop
      vertex -35.8535 -20.7 109.428
      vertex -36.9388 -18.3725 106.869
      vertex -36.8727 -18.5142 107.188
    endloop
  endfacet
  facet normal 0.906362 0.422502 0.00011531
    outer loop
      vertex -37.0181 -18.2025 33.6244
      vertex -35.8535 -20.7 30.5739
      vertex -36.9679 -18.3101 33.293
    endloop
  endfacet
  facet normal 0.906239 0.422765 0.000196598
    outer loop
      vertex -35.8535 -20.7 109.428
      vertex -36.8727 -18.5142 107.188
      vertex -36.7964 -18.6779 107.496
    endloop
  endfacet
  facet normal 0.906422 0.422374 0.000251602
    outer loop
      vertex -36.9679 -18.3101 33.293
      vertex -35.8535 -20.7 30.5739
      vertex -36.907 -18.4406 32.9701
    endloop
  endfacet
  facet normal 0.906222 0.422802 0.000243292
    outer loop
      vertex -35.8535 -20.7 109.428
      vertex -36.7964 -18.6779 107.496
      vertex -36.7104 -18.8624 107.791
    endloop
  endfacet
  facet normal 0.906319 0.422594 -4.50847e-07
    outer loop
      vertex -36.907 -18.4406 32.9701
      vertex -35.8535 -20.7 30.5739
      vertex -36.8358 -18.5933 32.6569
    endloop
  endfacet
  facet normal 0.906446 0.422322 -0.000412707
    outer loop
      vertex -35.8535 -20.7 109.428
      vertex -36.7104 -18.8624 107.791
      vertex -36.6149 -19.0671 108.073
    endloop
  endfacet
  facet normal 0.906129 0.423001 -0.000501568
    outer loop
      vertex -36.8358 -18.5933 32.6569
      vertex -35.8535 -20.7 30.5739
      vertex -36.7546 -18.7676 32.3552
    endloop
  endfacet
  facet normal 0.906498 0.422209 -0.00057792
    outer loop
      vertex -35.8535 -20.7 109.428
      vertex -36.6149 -19.0671 108.073
      vertex -36.5104 -19.2911 108.34
    endloop
  endfacet
  facet normal 0.906333 0.422563 7.62203e-05
    outer loop
      vertex -36.7546 -18.7676 32.3552
      vertex -35.8535 -20.7 30.5739
      vertex -36.6638 -18.9623 32.0665
    endloop
  endfacet
  facet normal 0.906189 0.422872 0.000467519
    outer loop
      vertex -35.8535 -20.7 109.428
      vertex -36.5104 -19.2911 108.34
      vertex -36.3976 -19.5331 108.59
    endloop
  endfacet
  facet normal 0.906387 0.422447 0.000240648
    outer loop
      vertex -36.6638 -18.9623 32.0665
      vertex -35.8535 -20.7 30.5739
      vertex -36.5638 -19.1767 31.792
    endloop
  endfacet
  facet normal 0.906215 0.422817 0.00037384
    outer loop
      vertex -35.8535 -20.7 109.428
      vertex -36.3976 -19.5331 108.59
      vertex -36.2769 -19.792 108.823
    endloop
  endfacet
  facet normal 0.906548 0.422103 0.000764869
    outer loop
      vertex -36.5638 -19.1767 31.792
      vertex -35.8535 -20.7 30.5739
      vertex -36.455 -19.4099 31.5331
    endloop
  endfacet
  facet normal 0.906316 0.4226 -2.17659e-05
    outer loop
      vertex -35.8535 -20.7 109.428
      vertex -36.2769 -19.792 108.823
      vertex -36.1489 -20.0665 109.038
    endloop
  endfacet
  facet normal 0.906359 0.422509 9.993e-05
    outer loop
      vertex -36.455 -19.4099 31.5331
      vertex -35.8535 -20.7 30.5739
      vertex -36.3382 -19.6604 31.2911
    endloop
  endfacet
  facet normal 0.906043 0.423184 0.00113233
    outer loop
      vertex -35.8535 -20.7 109.428
      vertex -36.1489 -20.0665 109.038
      vertex -36.0143 -20.3552 109.232
    endloop
  endfacet
  facet normal 0.906421 0.422376 0.00033516
    outer loop
      vertex -36.3382 -19.6604 31.2911
      vertex -35.8535 -20.7 30.5739
      vertex -36.2137 -19.9274 31.0671
    endloop
  endfacet
  facet normal 0.911573 0.410313 -0.0260449
    outer loop
      vertex -35.8535 -20.7 109.428
      vertex -36.0143 -20.3552 109.232
      vertex -35.8735 -20.6569 109.407
    endloop
  endfacet
  facet normal 0.906515 0.422172 0.00072266
    outer loop
      vertex -36.2137 -19.9274 31.0671
      vertex -35.8535 -20.7 30.5739
      vertex -36.0823 -20.2092 30.8624
    endloop
  endfacet
  facet normal 0.907895 0.419139 0.00697681
    outer loop
      vertex -36.0823 -20.2092 30.8624
      vertex -35.8535 -20.7 30.5739
      vertex -35.9446 -20.5044 30.6779
    endloop
  endfacet
  facet normal 0.707107 0.707107 0
    outer loop
      vertex -31.7142 -26.6114 136
      vertex -31 -27.3256 135
      vertex -31.7142 -26.6114 135
    endloop
  endfacet
  facet normal 0.707107 0.707107 0
    outer loop
      vertex -26.6114 -31.7142 136
      vertex -31 -27.3256 110
      vertex -31 -27.3256 135
    endloop
  endfacet
  facet normal 0.707107 0.707107 0
    outer loop
      vertex -31 -27.3256 110
      vertex -26.6114 -31.7142 136
      vertex -31 -27.3256 30
    endloop
  endfacet
  facet normal 0.707107 0.707107 -0
    outer loop
      vertex -26.6114 -31.7142 3
      vertex -31 -27.3256 30
      vertex -26.6114 -31.7142 136
    endloop
  endfacet
  facet normal 0.707107 0.707107 0
    outer loop
      vertex -26.6114 -31.7142 136
      vertex -31 -27.3256 135
      vertex -31.7142 -26.6114 136
    endloop
  endfacet
  facet normal 0.707107 0.707107 0
    outer loop
      vertex -31 -27.3256 110
      vertex -31.7142 -26.6114 30
      vertex -31.7142 -26.6114 110
    endloop
  endfacet
  facet normal 0.707107 0.707107 0
    outer loop
      vertex -31.7142 -26.6114 30
      vertex -31 -27.3256 110
      vertex -31 -27.3256 30
    endloop
  endfacet
  facet normal 0.707107 0.707107 0
    outer loop
      vertex -31 -27.3256 5
      vertex -31.7142 -26.6114 3
      vertex -31.7142 -26.6114 5
    endloop
  endfacet
  facet normal 0.707107 0.707107 0
    outer loop
      vertex -31 -27.3256 5
      vertex -26.6114 -31.7142 3
      vertex -31.7142 -26.6114 3
    endloop
  endfacet
  facet normal 0.707107 0.707107 0
    outer loop
      vertex -31 -27.3256 30
      vertex -26.6114 -31.7142 3
      vertex -31 -27.3256 5
    endloop
  endfacet
  facet normal -0.819146 0.573585 0
    outer loop
      vertex 31.7142 -26.6114 3
      vertex 35.8535 -20.7 5
      vertex 35.8535 -20.7 3
    endloop
  endfacet
  facet normal -0.819146 0.573585 0
    outer loop
      vertex 35.8535 -20.7 5
      vertex 31.7142 -26.6114 3
      vertex 31.7142 -26.6114 5
    endloop
  endfacet
  facet normal -0.819146 0.573585 0
    outer loop
      vertex 31.7142 -26.6114 135
      vertex 35.8535 -20.7 136
      vertex 35.8535 -20.7 135
    endloop
  endfacet
  facet normal -0.819146 0.573585 0
    outer loop
      vertex 35.8535 -20.7 136
      vertex 31.7142 -26.6114 135
      vertex 31.7142 -26.6114 136
    endloop
  endfacet
  facet normal -0.819618 0.572906 0.00237664
    outer loop
      vertex 35.552 -21.1305 30.3725
      vertex 35.8535 -20.7 30.5739
      vertex 35.7749 -20.8122 30.5142
    endloop
  endfacet
  facet normal -0.819146 0.573585 0
    outer loop
      vertex 35.8535 -20.7 30.5739
      vertex 31.7142 -26.6114 30
      vertex 35.8535 -20.7 109.428
    endloop
  endfacet
  facet normal -0.819179 0.573538 0.000369911
    outer loop
      vertex 35.8535 -20.7 30.5739
      vertex 35.552 -21.1305 30.3725
      vertex 34.3037 -22.9132 30.0061
    endloop
  endfacet
  facet normal -0.819146 0.573585 0
    outer loop
      vertex 31.7142 -26.6114 110
      vertex 35.8535 -20.7 109.428
      vertex 31.7142 -26.6114 30
    endloop
  endfacet
  facet normal -0.819074 0.573687 -0.000714198
    outer loop
      vertex 34.3037 -22.9132 30.0061
      vertex 35.552 -21.1305 30.3725
      vertex 35.323 -21.4576 30.2534
    endloop
  endfacet
  facet normal -0.819145 0.573586 1.92058e-05
    outer loop
      vertex 34.1666 -23.1091 110
      vertex 35.8535 -20.7 109.428
      vertex 31.7142 -26.6114 110
    endloop
  endfacet
  facet normal -0.819202 0.573504 0.000891556
    outer loop
      vertex 34.3037 -22.9132 30.0061
      vertex 35.323 -21.4576 30.2534
      vertex 35.0883 -21.7927 30.1574
    endloop
  endfacet
  facet normal -0.819165 0.573559 -0.000155452
    outer loop
      vertex 34.3191 -22.8913 109.99
      vertex 35.8535 -20.7 109.428
      vertex 34.1666 -23.1091 110
    endloop
  endfacet
  facet normal -0.819015 0.573769 -0.00204062
    outer loop
      vertex 34.3037 -22.9132 30.0061
      vertex 35.0883 -21.7927 30.1574
      vertex 34.8498 -22.1334 30.0849
    endloop
  endfacet
  facet normal -0.819131 0.573606 0.000119342
    outer loop
      vertex 34.7139 -22.3275 109.941
      vertex 35.8535 -20.7 109.428
      vertex 34.3191 -22.8913 109.99
    endloop
  endfacet
  facet normal -0.819209 0.573492 0.00204723
    outer loop
      vertex 34.3037 -22.9132 30.0061
      vertex 34.8498 -22.1334 30.0849
      vertex 34.6083 -22.4782 30.0365
    endloop
  endfacet
  facet normal -0.819153 0.573575 0.000160376
    outer loop
      vertex 35.8535 -20.7 30.5739
      vertex 34.182 -23.087 30
      vertex 31.7142 -26.6114 30
    endloop
  endfacet
  facet normal -0.819145 0.573587 8.46233e-05
    outer loop
      vertex 35.8535 -20.7 30.5739
      vertex 34.3037 -22.9132 30.0061
      vertex 34.182 -23.087 30
    endloop
  endfacet
  facet normal -0.819075 0.573687 0.000501598
    outer loop
      vertex 35.8535 -20.7 109.428
      vertex 34.7139 -22.3275 109.941
      vertex 35.6644 -20.9701 109.559
    endloop
  endfacet
  facet normal -0.819061 0.573706 0.00104437
    outer loop
      vertex 35.2062 -21.6244 109.798
      vertex 34.7139 -22.3275 109.941
      vertex 34.9844 -21.9412 109.877
    endloop
  endfacet
  facet normal -0.819393 0.573229 -0.00191688
    outer loop
      vertex 35.6644 -20.9701 109.559
      vertex 34.7139 -22.3275 109.941
      vertex 35.4382 -21.293 109.69
    endloop
  endfacet
  facet normal -0.819081 0.573677 0.000832722
    outer loop
      vertex 35.4382 -21.293 109.69
      vertex 34.7139 -22.3275 109.941
      vertex 35.2062 -21.6244 109.798
    endloop
  endfacet
  facet normal 0.573585 0.819146 -0
    outer loop
      vertex -20.7 -35.8535 3
      vertex -26.6114 -31.7142 136
      vertex -20.7 -35.8535 136
    endloop
  endfacet
  facet normal 0.573585 0.819146 0
    outer loop
      vertex -26.6114 -31.7142 136
      vertex -20.7 -35.8535 3
      vertex -26.6114 -31.7142 3
    endloop
  endfacet
  facet normal 0 0 1
    outer loop
      vertex 40.771 7.18903 3
      vertex 40.771 -7.18903 3
      vertex 41.4 0 3
    endloop
  endfacet
  facet normal 0 0 1
    outer loop
      vertex 38.9033 14.1596 3
      vertex 40.771 -7.18903 3
      vertex 40.771 7.18903 3
    endloop
  endfacet
  facet normal 0 0 1
    outer loop
      vertex 38.9033 14.1596 3
      vertex 38.9033 -14.1596 3
      vertex 40.771 -7.18903 3
    endloop
  endfacet
  facet normal 0 0 1
    outer loop
      vertex 35.8535 20.7 3
      vertex 38.9033 -14.1596 3
      vertex 38.9033 14.1596 3
    endloop
  endfacet
  facet normal 0 0 1
    outer loop
      vertex 35.8535 20.7 3
      vertex 35.8535 -20.7 3
      vertex 38.9033 -14.1596 3
    endloop
  endfacet
  facet normal 0 0 1
    outer loop
      vertex 31.7142 26.6114 3
      vertex 35.8535 -20.7 3
      vertex 35.8535 20.7 3
    endloop
  endfacet
  facet normal 0 0 1
    outer loop
      vertex 31.7142 26.6114 3
      vertex 31.7142 -26.6114 3
      vertex 35.8535 -20.7 3
    endloop
  endfacet
  facet normal 0 0 1
    outer loop
      vertex 26.6114 31.7142 3
      vertex 31.7142 -26.6114 3
      vertex 31.7142 26.6114 3
    endloop
  endfacet
  facet normal 0 0 1
    outer loop
      vertex 26.6114 31.7142 3
      vertex 26.6114 -31.7142 3
      vertex 31.7142 -26.6114 3
    endloop
  endfacet
  facet normal 0 0 1
    outer loop
      vertex 20.7 35.8535 3
      vertex 26.6114 -31.7142 3
      vertex 26.6114 31.7142 3
    endloop
  endfacet
  facet normal 0 0 1
    outer loop
      vertex 20.7 35.8535 3
      vertex 20.7 -35.8535 3
      vertex 26.6114 -31.7142 3
    endloop
  endfacet
  facet normal 0 0 1
    outer loop
      vertex 14.1596 38.9033 3
      vertex 20.7 -35.8535 3
      vertex 20.7 35.8535 3
    endloop
  endfacet
  facet normal 0 0 1
    outer loop
      vertex 14.1596 38.9033 3
      vertex 14.1596 -38.9033 3
      vertex 20.7 -35.8535 3
    endloop
  endfacet
  facet normal 0 0 1
    outer loop
      vertex 7.18903 40.771 3
      vertex 14.1596 -38.9033 3
      vertex 14.1596 38.9033 3
    endloop
  endfacet
  facet normal 0 0 1
    outer loop
      vertex 7.18903 40.771 3
      vertex 7.18903 -40.771 3
      vertex 14.1596 -38.9033 3
    endloop
  endfacet
  facet normal 0 0 1
    outer loop
      vertex 0 41.4 3
      vertex 7.18903 -40.771 3
      vertex 7.18903 40.771 3
    endloop
  endfacet
  facet normal 0 0 1
    outer loop
      vertex 0 41.4 3
      vertex 0 -41.4 3
      vertex 7.18903 -40.771 3
    endloop
  endfacet
  facet normal -0 0 1
    outer loop
      vertex -7.18903 40.771 3
      vertex 0 -41.4 3
      vertex 0 41.4 3
    endloop
  endfacet
  facet normal 0 0 1
    outer loop
      vertex -7.18903 40.771 3
      vertex -7.18903 -40.771 3
      vertex 0 -41.4 3
    endloop
  endfacet
  facet normal -0 0 1
    outer loop
      vertex -14.1596 38.9033 3
      vertex -7.18903 -40.771 3
      vertex -7.18903 40.771 3
    endloop
  endfacet
  facet normal 0 0 1
    outer loop
      vertex -14.1596 38.9033 3
      vertex -14.1596 -38.9033 3
      vertex -7.18903 -40.771 3
    endloop
  endfacet
  facet normal -0 0 1
    outer loop
      vertex -20.7 35.8535 3
      vertex -14.1596 -38.9033 3
      vertex -14.1596 38.9033 3
    endloop
  endfacet
  facet normal 0 0 1
    outer loop
      vertex -20.7 35.8535 3
      vertex -20.7 -35.8535 3
      vertex -14.1596 -38.9033 3
    endloop
  endfacet
  facet normal -0 0 1
    outer loop
      vertex -26.6114 31.7142 3
      vertex -20.7 -35.8535 3
      vertex -20.7 35.8535 3
    endloop
  endfacet
  facet normal 0 0 1
    outer loop
      vertex -26.6114 31.7142 3
      vertex -26.6114 -31.7142 3
      vertex -20.7 -35.8535 3
    endloop
  endfacet
  facet normal -0 0 1
    outer loop
      vertex -31.7142 26.6114 3
      vertex -26.6114 -31.7142 3
      vertex -26.6114 31.7142 3
    endloop
  endfacet
  facet normal 0 0 1
    outer loop
      vertex -31.7142 26.6114 3
      vertex -31.7142 -26.6114 3
      vertex -26.6114 -31.7142 3
    endloop
  endfacet
  facet normal -0 0 1
    outer loop
      vertex -35.8535 20.7 3
      vertex -31.7142 -26.6114 3
      vertex -31.7142 26.6114 3
    endloop
  endfacet
  facet normal 0 0 1
    outer loop
      vertex -35.8535 20.7 3
      vertex -35.8535 -20.7 3
      vertex -31.7142 -26.6114 3
    endloop
  endfacet
  facet normal -0 0 1
    outer loop
      vertex -38.9033 14.1596 3
      vertex -35.8535 -20.7 3
      vertex -35.8535 20.7 3
    endloop
  endfacet
  facet normal 0 0 1
    outer loop
      vertex -38.9033 14.1596 3
      vertex -38.9033 -14.1596 3
      vertex -35.8535 -20.7 3
    endloop
  endfacet
  facet normal -0 0 1
    outer loop
      vertex -40.771 7.18903 3
      vertex -38.9033 -14.1596 3
      vertex -38.9033 14.1596 3
    endloop
  endfacet
  facet normal 0 0 1
    outer loop
      vertex -40.771 7.18903 3
      vertex -40.771 -7.18903 3
      vertex -38.9033 -14.1596 3
    endloop
  endfacet
  facet normal 0 -0 1
    outer loop
      vertex -40.771 -7.18903 3
      vertex -40.771 7.18903 3
      vertex -41.4 0 3
    endloop
  endfacet
  facet normal 0.965928 0.258811 0
    outer loop
      vertex -38.9033 -14.1596 136
      vertex -40.771 -7.18903 135
      vertex -40.771 -7.18903 136
    endloop
  endfacet
  facet normal 0.965928 0.258811 0
    outer loop
      vertex -40.771 -7.18903 135
      vertex -38.9033 -14.1596 136
      vertex -38.9033 -14.1596 135
    endloop
  endfacet
  facet normal 0.965928 0.258811 0
    outer loop
      vertex -38.9033 -14.1596 5
      vertex -40.771 -7.18903 3
      vertex -40.771 -7.18903 5
    endloop
  endfacet
  facet normal 0.965928 0.258811 0
    outer loop
      vertex -40.771 -7.18903 3
      vertex -38.9033 -14.1596 5
      vertex -38.9033 -14.1596 3
    endloop
  endfacet
  facet normal 0.422614 0.90631 -0
    outer loop
      vertex -14.1596 -38.9033 3
      vertex -20.7 -35.8535 136
      vertex -14.1596 -38.9033 136
    endloop
  endfacet
  facet normal 0.422614 0.90631 0
    outer loop
      vertex -20.7 -35.8535 136
      vertex -14.1596 -38.9033 3
      vertex -20.7 -35.8535 3
    endloop
  endfacet
  facet normal 0.258811 0.965928 -0
    outer loop
      vertex -7.18903 -40.771 3
      vertex -14.1596 -38.9033 136
      vertex -7.18903 -40.771 136
    endloop
  endfacet
  facet normal 0.258811 0.965928 0
    outer loop
      vertex -14.1596 -38.9033 136
      vertex -7.18903 -40.771 3
      vertex -14.1596 -38.9033 3
    endloop
  endfacet
  facet normal 0.649461 0.760395 0
    outer loop
      vertex 31 32.52 135
      vertex 31.8198 31.8198 140
      vertex 31.8198 31.8198 135
    endloop
  endfacet
  facet normal 0.649449 0.760405 3.42993e-06
    outer loop
      vertex 31.8198 31.8198 140
      vertex 31 32.52 135
      vertex 26.4503 36.4058 140
    endloop
  endfacet
  facet normal 0.649447 0.760407 0
    outer loop
      vertex 26.4503 36.4058 120
      vertex 31 32.52 135
      vertex 31 32.52 120
    endloop
  endfacet
  facet normal 0.649447 0.760407 0
    outer loop
      vertex 31 32.52 135
      vertex 26.4503 36.4058 120
      vertex 26.4503 36.4058 140
    endloop
  endfacet
  facet normal 0.649461 0.760395 0
    outer loop
      vertex 31.8198 31.8198 5
      vertex 31.8198 31.8198 0
      vertex 31 32.52 5
    endloop
  endfacet
  facet normal 0.649447 0.760407 -0
    outer loop
      vertex 31 32.52 5
      vertex 26.4503 36.4058 18
      vertex 31 32.52 18
    endloop
  endfacet
  facet normal 0.649449 0.760405 -3.42993e-06
    outer loop
      vertex 26.4503 36.4058 0
      vertex 31 32.52 5
      vertex 31.8198 31.8198 0
    endloop
  endfacet
  facet normal 0.649447 0.760407 0
    outer loop
      vertex 31 32.52 5
      vertex 26.4503 36.4058 0
      vertex 26.4503 36.4058 18
    endloop
  endfacet
  facet normal 0.649461 0.760395 0
    outer loop
      vertex 31 32.52 30
      vertex 31.8198 31.8198 50
      vertex 31.8198 31.8198 30
    endloop
  endfacet
  facet normal 0.649449 0.760405 8.57483e-07
    outer loop
      vertex 31.8198 31.8198 50
      vertex 31 32.52 30
      vertex 26.4503 36.4058 50
    endloop
  endfacet
  facet normal 0.649447 0.760407 0
    outer loop
      vertex 26.4503 36.4058 24
      vertex 31 32.52 30
      vertex 31 32.52 24
    endloop
  endfacet
  facet normal 0.649447 0.760407 0
    outer loop
      vertex 31 32.52 30
      vertex 26.4503 36.4058 24
      vertex 26.4503 36.4058 50
    endloop
  endfacet
  facet normal 0.649461 0.760395 0
    outer loop
      vertex 31.8198 31.8198 110
      vertex 31.8198 31.8198 88
      vertex 31 32.52 110
    endloop
  endfacet
  facet normal 0.649447 0.760407 -0
    outer loop
      vertex 31 32.52 110
      vertex 26.4503 36.4058 114
      vertex 31 32.52 114
    endloop
  endfacet
  facet normal 0.649449 0.760405 -7.7953e-07
    outer loop
      vertex 26.4503 36.4058 88
      vertex 31 32.52 110
      vertex 31.8198 31.8198 88
    endloop
  endfacet
  facet normal 0.649447 0.760407 0
    outer loop
      vertex 31 32.52 110
      vertex 26.4503 36.4058 88
      vertex 26.4503 36.4058 114
    endloop
  endfacet
  facet normal 0.649449 0.760405 -0
    outer loop
      vertex 31.8198 31.8198 56
      vertex 26.4503 36.4058 82
      vertex 31.8198 31.8198 82
    endloop
  endfacet
  facet normal 0.649449 0.760405 0
    outer loop
      vertex 26.4503 36.4058 82
      vertex 31.8198 31.8198 56
      vertex 26.4503 36.4058 56
    endloop
  endfacet
  facet normal 0.972368 -0.233453 0
    outer loop
      vertex 42.7975 -13.9058 5
      vertex 44.446 -7.03955 0
      vertex 44.446 -7.03955 5
    endloop
  endfacet
  facet normal 0.972368 -0.233453 0
    outer loop
      vertex 44.446 -7.03955 0
      vertex 42.7975 -13.9058 5
      vertex 42.7975 -13.9058 0
    endloop
  endfacet
  facet normal 0.972368 -0.233453 0
    outer loop
      vertex 42.7975 -13.9058 140
      vertex 44.446 -7.03955 135
      vertex 44.446 -7.03955 140
    endloop
  endfacet
  facet normal 0.972368 -0.233453 0
    outer loop
      vertex 44.446 -7.03955 135
      vertex 42.7975 -13.9058 140
      vertex 42.7975 -13.9058 135
    endloop
  endfacet
  facet normal -0.382678 0.923882 0
    outer loop
      vertex -13.9058 42.7975 0
      vertex -20.4296 40.0953 18
      vertex -13.9058 42.7975 18
    endloop
  endfacet
  facet normal -0.382678 0.923882 0
    outer loop
      vertex -20.4296 40.0953 18
      vertex -13.9058 42.7975 0
      vertex -20.4296 40.0953 0
    endloop
  endfacet
  facet normal -0.382678 0.923882 0
    outer loop
      vertex -13.9058 42.7975 120
      vertex -20.4296 40.0953 140
      vertex -13.9058 42.7975 140
    endloop
  endfacet
  facet normal -0.382678 0.923882 0
    outer loop
      vertex -20.4296 40.0953 140
      vertex -13.9058 42.7975 120
      vertex -20.4296 40.0953 120
    endloop
  endfacet
  facet normal -0.382678 0.923882 0
    outer loop
      vertex -13.9058 42.7975 24
      vertex -20.4296 40.0953 50
      vertex -13.9058 42.7975 50
    endloop
  endfacet
  facet normal -0.382678 0.923882 0
    outer loop
      vertex -20.4296 40.0953 50
      vertex -13.9058 42.7975 24
      vertex -20.4296 40.0953 24
    endloop
  endfacet
  facet normal -0.382678 0.923882 0
    outer loop
      vertex -13.9058 42.7975 56
      vertex -20.4296 40.0953 82
      vertex -13.9058 42.7975 82
    endloop
  endfacet
  facet normal -0.382678 0.923882 0
    outer loop
      vertex -20.4296 40.0953 82
      vertex -13.9058 42.7975 56
      vertex -20.4296 40.0953 56
    endloop
  endfacet
  facet normal -0.382678 0.923882 0
    outer loop
      vertex -13.9058 42.7975 88
      vertex -20.4296 40.0953 114
      vertex -13.9058 42.7975 114
    endloop
  endfacet
  facet normal -0.382678 0.923882 0
    outer loop
      vertex -20.4296 40.0953 114
      vertex -13.9058 42.7975 88
      vertex -20.4296 40.0953 88
    endloop
  endfacet
  facet normal -0.85264 0.5225 0
    outer loop
      vertex -40.0953 20.4296 0
      vertex -36.4058 26.4503 5
      vertex -36.4058 26.4503 0
    endloop
  endfacet
  facet normal -0.85264 0.5225 0
    outer loop
      vertex -36.4058 26.4503 5
      vertex -40.0953 20.4296 0
      vertex -40.0953 20.4296 5
    endloop
  endfacet
  facet normal -0.85264 0.5225 0
    outer loop
      vertex -40.0953 20.4296 135
      vertex -36.4058 26.4503 140
      vertex -36.4058 26.4503 135
    endloop
  endfacet
  facet normal -0.85264 0.5225 0
    outer loop
      vertex -36.4058 26.4503 140
      vertex -40.0953 20.4296 135
      vertex -40.0953 20.4296 140
    endloop
  endfacet
  facet normal -0.852639 0.5225 0
    outer loop
      vertex -38.4533 23.1091 30
      vertex -36.4058 26.4503 50
      vertex -36.4058 26.4503 30
    endloop
  endfacet
  facet normal -0.852574 0.522607 0.000551688
    outer loop
      vertex -40.0953 20.4296 30.7246
      vertex -38.4533 23.1091 30
      vertex -38.5868 22.8913 30.0095
    endloop
  endfacet
  facet normal -0.852635 0.522507 7.579e-05
    outer loop
      vertex -40.0953 20.4296 30.7246
      vertex -38.5868 22.8913 30.0095
      vertex -38.9323 22.3275 30.0588
    endloop
  endfacet
  facet normal -0.852681 0.522432 -0.000215511
    outer loop
      vertex -40.0953 20.4296 30.7246
      vertex -38.9323 22.3275 30.0588
      vertex -39.169 21.9412 30.1235
    endloop
  endfacet
  facet normal -0.852749 0.52232 -0.000603788
    outer loop
      vertex -40.0953 20.4296 30.7246
      vertex -39.169 21.9412 30.1235
      vertex -39.3631 21.6244 30.2025
    endloop
  endfacet
  facet normal -0.852584 0.52259 0.000245439
    outer loop
      vertex -40.0953 20.4296 30.7246
      vertex -39.3631 21.6244 30.2025
      vertex -39.5662 21.293 30.3101
    endloop
  endfacet
  facet normal -0.85246 0.522792 0.000824337
    outer loop
      vertex -40.0953 20.4296 30.7246
      vertex -39.5662 21.293 30.3101
      vertex -39.7641 20.9701 30.4406
    endloop
  endfacet
  facet normal -0.85296 0.521974 -0.00131512
    outer loop
      vertex -40.0953 20.4296 30.7246
      vertex -39.7641 20.9701 30.4406
      vertex -39.956 20.6569 30.5933
    endloop
  endfacet
  facet normal -0.85264 0.522499 3.93507e-07
    outer loop
      vertex -38.4533 23.1091 30
      vertex -40.0953 20.4296 30.7246
      vertex -36.4058 26.4503 50
    endloop
  endfacet
  facet normal -0.85264 0.5225 0
    outer loop
      vertex -36.4058 26.4503 50
      vertex -40.0953 20.4296 30.7246
      vertex -40.0953 20.4296 50
    endloop
  endfacet
  facet normal -0.852644 0.522493 0
    outer loop
      vertex -36.4058 26.4503 88
      vertex -38.4668 23.087 110
      vertex -36.4058 26.4503 110
    endloop
  endfacet
  facet normal -0.852634 0.522508 3.25717e-06
    outer loop
      vertex -40.0953 20.4296 109.275
      vertex -38.4668 23.087 110
      vertex -36.4058 26.4503 88
    endloop
  endfacet
  facet normal -0.852653 0.522478 0.000156492
    outer loop
      vertex -38.4668 23.087 110
      vertex -40.0953 20.4296 109.275
      vertex -38.5733 22.9132 109.994
    endloop
  endfacet
  facet normal -0.852606 0.522554 -0.000206695
    outer loop
      vertex -38.5733 22.9132 109.994
      vertex -40.0953 20.4296 109.275
      vertex -38.8399 22.4782 109.964
    endloop
  endfacet
  facet normal -0.85263 0.522515 -4.5122e-05
    outer loop
      vertex -38.8399 22.4782 109.964
      vertex -40.0953 20.4296 109.275
      vertex -39.0512 22.1334 109.915
    endloop
  endfacet
  facet normal -0.852595 0.522572 -0.0002554
    outer loop
      vertex -39.0512 22.1334 109.915
      vertex -40.0953 20.4296 109.275
      vertex -39.26 21.7927 109.843
    endloop
  endfacet
  facet normal -0.852814 0.522214 0.000926236
    outer loop
      vertex -39.26 21.7927 109.843
      vertex -40.0953 20.4296 109.275
      vertex -39.4653 21.4576 109.747
    endloop
  endfacet
  facet normal -0.852394 0.522899 -0.00112623
    outer loop
      vertex -39.4653 21.4576 109.747
      vertex -40.0953 20.4296 109.275
      vertex -39.6658 21.1305 109.627
    endloop
  endfacet
  facet normal -0.85314 0.521677 0.00221763
    outer loop
      vertex -39.6658 21.1305 109.627
      vertex -40.0953 20.4296 109.275
      vertex -39.8608 20.8122 109.486
    endloop
  endfacet
  facet normal -0.85264 0.5225 0
    outer loop
      vertex -40.0953 20.4296 109.275
      vertex -36.4058 26.4503 88
      vertex -40.0953 20.4296 88
    endloop
  endfacet
  facet normal -0.854544 0.519316 0.00805822
    outer loop
      vertex -39.8608 20.8122 109.486
      vertex -40.0953 20.4296 109.275
      vertex -40.0494 20.5044 109.322
    endloop
  endfacet
  facet normal -0.85264 0.5225 0
    outer loop
      vertex -40.0953 20.4296 56
      vertex -36.4058 26.4503 82
      vertex -36.4058 26.4503 56
    endloop
  endfacet
  facet normal -0.85264 0.5225 0
    outer loop
      vertex -36.4058 26.4503 82
      vertex -40.0953 20.4296 56
      vertex -40.0953 20.4296 82
    endloop
  endfacet
  facet normal 0.996918 -0.0784556 0
    outer loop
      vertex 44.446 -7.03955 5
      vertex 45 0 0
      vertex 45 0 5
    endloop
  endfacet
  facet normal 0.996918 -0.0784556 0
    outer loop
      vertex 45 0 0
      vertex 44.446 -7.03955 5
      vertex 44.446 -7.03955 0
    endloop
  endfacet
  facet normal 0.996918 -0.0784556 0
    outer loop
      vertex 44.446 -7.03955 140
      vertex 45 0 135
      vertex 45 0 140
    endloop
  endfacet
  facet normal 0.996918 -0.0784556 0
    outer loop
      vertex 45 0 135
      vertex 44.446 -7.03955 140
      vertex 44.446 -7.03955 135
    endloop
  endfacet
  facet normal -0.923882 -0.382678 0
    outer loop
      vertex -40.0953 -20.4296 0
      vertex -42.7975 -13.9058 5
      vertex -42.7975 -13.9058 0
    endloop
  endfacet
  facet normal -0.923882 -0.382678 0
    outer loop
      vertex -42.7975 -13.9058 5
      vertex -40.0953 -20.4296 0
      vertex -40.0953 -20.4296 5
    endloop
  endfacet
  facet normal -0.923882 -0.382678 0
    outer loop
      vertex -40.0953 -20.4296 135
      vertex -42.7975 -13.9058 140
      vertex -42.7975 -13.9058 135
    endloop
  endfacet
  facet normal -0.923882 -0.382678 0
    outer loop
      vertex -42.7975 -13.9058 140
      vertex -40.0953 -20.4296 135
      vertex -40.0953 -20.4296 140
    endloop
  endfacet
  facet normal -0.924066 -0.382232 -0.000298725
    outer loop
      vertex -40.0953 -20.4296 30.7246
      vertex -41.1017 -18 35.1091
      vertex -41.0977 -18.0095 34.8913
    endloop
  endfacet
  facet normal -0.923861 -0.382728 3.84838e-05
    outer loop
      vertex -40.0953 -20.4296 30.7246
      vertex -41.0977 -18.0095 34.8913
      vertex -41.0773 -18.0588 34.3275
    endloop
  endfacet
  facet normal -0.923883 -0.382674 -2.76056e-06
    outer loop
      vertex -40.0953 -20.4296 30.7246
      vertex -41.0773 -18.0588 34.3275
      vertex -41.0505 -18.1235 33.9412
    endloop
  endfacet
  facet normal -0.923833 -0.382796 9.95262e-05
    outer loop
      vertex -40.0953 -20.4296 30.7246
      vertex -41.0505 -18.1235 33.9412
      vertex -41.0178 -18.2025 33.6244
    endloop
  endfacet
  facet normal -0.923946 -0.382522 -0.000146732
    outer loop
      vertex -40.0953 -20.4296 30.7246
      vertex -41.0178 -18.2025 33.6244
      vertex -40.9732 -18.3101 33.293
    endloop
  endfacet
  facet normal -0.923996 -0.382403 -0.00026195
    outer loop
      vertex -40.0953 -20.4296 30.7246
      vertex -40.9732 -18.3101 33.293
      vertex -40.9191 -18.4406 32.9701
    endloop
  endfacet
  facet normal -0.923773 -0.38294 0.000295075
    outer loop
      vertex -40.0953 -20.4296 30.7246
      vertex -40.9191 -18.4406 32.9701
      vertex -40.8559 -18.5933 32.6569
    endloop
  endfacet
  facet normal -0.923896 -0.382643 -3.52184e-05
    outer loop
      vertex -40.0953 -20.4296 30.7246
      vertex -40.8559 -18.5933 32.6569
      vertex -40.7837 -18.7676 32.3552
    endloop
  endfacet
  facet normal -0.923737 -0.383026 0.000422659
    outer loop
      vertex -40.0953 -20.4296 30.7246
      vertex -40.7837 -18.7676 32.3552
      vertex -40.7031 -18.9623 32.0665
    endloop
  endfacet
  facet normal -0.924213 -0.381877 -0.00104934
    outer loop
      vertex -40.0953 -20.4296 30.7246
      vertex -40.7031 -18.9623 32.0665
      vertex -40.6142 -19.1767 31.792
    endloop
  endfacet
  facet normal -0.923518 -0.383553 0.00125607
    outer loop
      vertex -40.0953 -20.4296 30.7246
      vertex -40.6142 -19.1767 31.792
      vertex -40.5177 -19.4099 31.5331
    endloop
  endfacet
  facet normal -0.924068 -0.382228 -0.000703106
    outer loop
      vertex -40.0953 -20.4296 30.7246
      vertex -40.5177 -19.4099 31.5331
      vertex -40.4139 -19.6604 31.2911
    endloop
  endfacet
  facet normal -0.923969 -0.382468 -0.000321376
    outer loop
      vertex -40.0953 -20.4296 30.7246
      vertex -40.4139 -19.6604 31.2911
      vertex -40.3033 -19.9274 31.0671
    endloop
  endfacet
  facet normal -0.923619 -0.38331 0.00112589
    outer loop
      vertex -40.0953 -20.4296 30.7246
      vertex -40.3033 -19.9274 31.0671
      vertex -40.1866 -20.2092 30.8624
    endloop
  endfacet
  facet normal -0.923876 -0.382692 0
    outer loop
      vertex -41.1017 -18 35.1091
      vertex -40.0953 -20.4296 30.7246
      vertex -40.0953 -20.4296 50
    endloop
  endfacet
  facet normal -0.923876 -0.382692 0
    outer loop
      vertex -41.1017 -18 35.1091
      vertex -40.0953 -20.4296 50
      vertex -41.1017 -18 50
    endloop
  endfacet
  facet normal -0.923876 -0.382692 0
    outer loop
      vertex -40.0953 -20.4296 88
      vertex -41.1017 -18 104.913
      vertex -41.1017 -18 88
    endloop
  endfacet
  facet normal -0.923876 -0.382692 -0
    outer loop
      vertex -40.0953 -20.4296 109.275
      vertex -41.1017 -18 104.913
      vertex -40.0953 -20.4296 88
    endloop
  endfacet
  facet normal -0.924139 -0.382056 0.00041506
    outer loop
      vertex -41.1017 -18 104.913
      vertex -40.0953 -20.4296 109.275
      vertex -41.0991 -18.0061 105.087
    endloop
  endfacet
  facet normal -0.923898 -0.382638 2.05132e-05
    outer loop
      vertex -41.0991 -18.0061 105.087
      vertex -40.0953 -20.4296 109.275
      vertex -41.0865 -18.0365 105.522
    endloop
  endfacet
  facet normal -0.923798 -0.382881 -0.000160782
    outer loop
      vertex -41.0865 -18.0365 105.522
      vertex -40.0953 -20.4296 109.275
      vertex -41.0665 -18.0849 105.867
    endloop
  endfacet
  facet normal -0.923819 -0.382829 -0.000119231
    outer loop
      vertex -41.0665 -18.0849 105.867
      vertex -40.0953 -20.4296 109.275
      vertex -41.0365 -18.1574 106.207
    endloop
  endfacet
  facet normal -0.92395 -0.382513 0.000155147
    outer loop
      vertex -41.0365 -18.1574 106.207
      vertex -40.0953 -20.4296 109.275
      vertex -40.9967 -18.2534 106.542
    endloop
  endfacet
  facet normal -0.923807 -0.382859 -0.00016767
    outer loop
      vertex -40.9967 -18.2534 106.542
      vertex -40.0953 -20.4296 109.275
      vertex -40.9474 -18.3725 106.869
    endloop
  endfacet
  facet normal -0.923887 -0.382665 2.6959e-05
    outer loop
      vertex -40.9474 -18.3725 106.869
      vertex -40.0953 -20.4296 109.275
      vertex -40.8887 -18.5142 107.188
    endloop
  endfacet
  facet normal -0.923855 -0.382743 -5.7522e-05
    outer loop
      vertex -40.8887 -18.5142 107.188
      vertex -40.0953 -20.4296 109.275
      vertex -40.8209 -18.6779 107.496
    endloop
  endfacet
  facet normal -0.923799 -0.382877 -0.000212273
    outer loop
      vertex -40.8209 -18.6779 107.496
      vertex -40.0953 -20.4296 109.275
      vertex -40.7445 -18.8624 107.791
    endloop
  endfacet
  facet normal -0.924237 -0.381819 0.00109724
    outer loop
      vertex -40.7445 -18.8624 107.791
      vertex -40.0953 -20.4296 109.275
      vertex -40.6596 -19.0671 108.073
    endloop
  endfacet
  facet normal -0.923592 -0.383377 -0.000971564
    outer loop
      vertex -40.6596 -19.0671 108.073
      vertex -40.0953 -20.4296 109.275
      vertex -40.5669 -19.2911 108.34
    endloop
  endfacet
  facet normal -0.92417 -0.381981 0.00101911
    outer loop
      vertex -40.5669 -19.2911 108.34
      vertex -40.0953 -20.4296 109.275
      vertex -40.4666 -19.5331 108.59
    endloop
  endfacet
  facet normal -0.923699 -0.383119 -0.000725475
    outer loop
      vertex -40.4666 -19.5331 108.59
      vertex -40.0953 -20.4296 109.275
      vertex -40.3594 -19.792 108.823
    endloop
  endfacet
  facet normal -0.923875 -0.382694 -2.34342e-05
    outer loop
      vertex -40.3594 -19.792 108.823
      vertex -40.0953 -20.4296 109.275
      vertex -40.2457 -20.0665 109.038
    endloop
  endfacet
  facet normal -0.924539 -0.381077 0.00287502
    outer loop
      vertex -40.2457 -20.0665 109.038
      vertex -40.0953 -20.4296 109.275
      vertex -40.1261 -20.3552 109.232
    endloop
  endfacet
  facet normal -0.923876 -0.382692 0
    outer loop
      vertex -40.0953 -20.4296 56
      vertex -41.1017 -18 82
      vertex -41.1017 -18 56
    endloop
  endfacet
  facet normal -0.923876 -0.382692 0
    outer loop
      vertex -41.1017 -18 82
      vertex -40.0953 -20.4296 56
      vertex -40.0953 -20.4296 82
    endloop
  endfacet
  facet normal 0.923882 0.382678 0
    outer loop
      vertex 42.7975 13.9058 5
      vertex 40.0953 20.4296 0
      vertex 40.0953 20.4296 5
    endloop
  endfacet
  facet normal 0.923882 0.382678 0
    outer loop
      vertex 40.0953 20.4296 0
      vertex 42.7975 13.9058 5
      vertex 42.7975 13.9058 0
    endloop
  endfacet
  facet normal 0.923882 0.382678 0
    outer loop
      vertex 42.7975 13.9058 140
      vertex 40.0953 20.4296 135
      vertex 40.0953 20.4296 140
    endloop
  endfacet
  facet normal 0.923882 0.382678 0
    outer loop
      vertex 40.0953 20.4296 135
      vertex 42.7975 13.9058 140
      vertex 42.7975 13.9058 135
    endloop
  endfacet
  facet normal 0.923876 0.382692 0
    outer loop
      vertex 41.1017 18 35.087
      vertex 40.0953 20.4296 30.7246
      vertex 40.0953 20.4296 50
    endloop
  endfacet
  facet normal 0.924139 0.382055 -0.000415573
    outer loop
      vertex 41.0991 18.0061 34.9132
      vertex 40.0953 20.4296 30.7246
      vertex 41.1017 18 35.087
    endloop
  endfacet
  facet normal 0.923877 0.382689 1.4296e-05
    outer loop
      vertex 40.2457 20.0665 30.9623
      vertex 40.0953 20.4296 30.7246
      vertex 41.0991 18.0061 34.9132
    endloop
  endfacet
  facet normal 0.924524 0.381113 -0.0028027
    outer loop
      vertex 40.0953 20.4296 30.7246
      vertex 40.2457 20.0665 30.9623
      vertex 40.1261 20.3552 30.7676
    endloop
  endfacet
  facet normal 0.923878 0.382688 1.31947e-05
    outer loop
      vertex 40.2457 20.0665 30.9623
      vertex 41.0991 18.0061 34.9132
      vertex 40.3594 19.792 31.1767
    endloop
  endfacet
  facet normal 0.923962 0.382485 -0.000100378
    outer loop
      vertex 40.3594 19.792 31.1767
      vertex 41.0991 18.0061 34.9132
      vertex 40.4666 19.5331 31.4099
    endloop
  endfacet
  facet normal 0.92373 0.383043 0.000184831
    outer loop
      vertex 40.4666 19.5331 31.4099
      vertex 41.0991 18.0061 34.9132
      vertex 40.5669 19.2911 31.6604
    endloop
  endfacet
  facet normal 0.924096 0.382161 -0.000223634
    outer loop
      vertex 40.5669 19.2911 31.6604
      vertex 41.0991 18.0061 34.9132
      vertex 40.6596 19.0671 31.9274
    endloop
  endfacet
  facet normal 0.92354 0.383502 0.000335009
    outer loop
      vertex 40.6596 19.0671 31.9274
      vertex 41.0991 18.0061 34.9132
      vertex 40.7445 18.8624 32.2092
    endloop
  endfacet
  facet normal 0.923924 0.382575 -8.93485e-06
    outer loop
      vertex 40.7445 18.8624 32.2092
      vertex 41.0991 18.0061 34.9132
      vertex 40.8209 18.6779 32.5044
    endloop
  endfacet
  facet normal 0.923871 0.382704 3.30059e-05
    outer loop
      vertex 40.8209 18.6779 32.5044
      vertex 41.0991 18.0061 34.9132
      vertex 40.8887 18.5142 32.8122
    endloop
  endfacet
  facet normal 0.923802 0.38287 8.00952e-05
    outer loop
      vertex 40.8887 18.5142 32.8122
      vertex 41.0991 18.0061 34.9132
      vertex 40.9474 18.3725 33.1305
    endloop
  endfacet
  facet normal 0.924008 0.382373 -3.94704e-05
    outer loop
      vertex 40.9474 18.3725 33.1305
      vertex 41.0991 18.0061 34.9132
      vertex 40.9967 18.2534 33.4576
    endloop
  endfacet
  facet normal 0.923515 0.383562 0.000197151
    outer loop
      vertex 40.9967 18.2534 33.4576
      vertex 41.0991 18.0061 34.9132
      vertex 41.0365 18.1574 33.7927
    endloop
  endfacet
  facet normal 0.923991 0.382414 1.55615e-05
    outer loop
      vertex 41.0365 18.1574 33.7927
      vertex 41.0991 18.0061 34.9132
      vertex 41.0665 18.0849 34.1334
    endloop
  endfacet
  facet normal 0.923876 0.382692 -0
    outer loop
      vertex 41.1017 18 35.087
      vertex 40.0953 20.4296 50
      vertex 41.1017 18 50
    endloop
  endfacet
  facet normal 0.924607 0.380923 -0.000160922
    outer loop
      vertex 41.0665 18.0849 34.1334
      vertex 41.0991 18.0061 34.9132
      vertex 41.0865 18.0365 34.4782
    endloop
  endfacet
  facet normal 0.92386 0.382732 -4.12139e-05
    outer loop
      vertex 41.0977 18.0095 105.109
      vertex 40.0953 20.4296 109.275
      vertex 40.1866 20.2092 109.138
    endloop
  endfacet
  facet normal 0.923924 0.382576 5.80326e-05
    outer loop
      vertex 41.0977 18.0095 105.109
      vertex 40.1866 20.2092 109.138
      vertex 40.3033 19.9274 108.933
    endloop
  endfacet
  facet normal 0.923867 0.382715 -2.33389e-05
    outer loop
      vertex 41.0977 18.0095 105.109
      vertex 40.3033 19.9274 108.933
      vertex 40.4139 19.6604 108.709
    endloop
  endfacet
  facet normal 0.923783 0.382916 -0.000131538
    outer loop
      vertex 41.0977 18.0095 105.109
      vertex 40.4139 19.6604 108.709
      vertex 40.5177 19.4099 108.467
    endloop
  endfacet
  facet normal 0.924113 0.382119 0.000258077
    outer loop
      vertex 41.0977 18.0095 105.109
      vertex 40.5177 19.4099 108.467
      vertex 40.6142 19.1767 108.208
    endloop
  endfacet
  facet normal 0.923575 0.383417 -0.000360826
    outer loop
      vertex 41.0773 18.0588 105.673
      vertex 40.6142 19.1767 108.208
      vertex 40.7031 18.9623 107.934
    endloop
  endfacet
  facet normal 0.924053 0.382265 0.000178717
    outer loop
      vertex 41.0773 18.0588 105.673
      vertex 40.7031 18.9623 107.934
      vertex 40.7837 18.7676 107.645
    endloop
  endfacet
  facet normal 0.923871 0.382704 -6.2702e-06
    outer loop
      vertex 41.0773 18.0588 105.673
      vertex 40.7837 18.7676 107.645
      vertex 40.8559 18.5933 107.343
    endloop
  endfacet
  facet normal 0.924196 0.381918 0.0002885
    outer loop
      vertex 41.0773 18.0588 105.673
      vertex 40.8559 18.5933 107.343
      vertex 40.9191 18.4406 107.03
    endloop
  endfacet
  facet normal 0.923612 0.383329 -0.00017659
    outer loop
      vertex 41.0773 18.0588 105.673
      vertex 40.9191 18.4406 107.03
      vertex 40.9732 18.3101 106.707
    endloop
  endfacet
  facet normal 0.923542 0.383497 -0.000224323
    outer loop
      vertex 41.0773 18.0588 105.673
      vertex 40.9732 18.3101 106.707
      vertex 41.0178 18.2025 106.376
    endloop
  endfacet
  facet normal 0.924172 0.381976 0.000139772
    outer loop
      vertex 41.0773 18.0588 105.673
      vertex 41.0178 18.2025 106.376
      vertex 41.0505 18.1235 106.059
    endloop
  endfacet
  facet normal 0.923827 0.38281 -4.69114e-05
    outer loop
      vertex 40.6142 19.1767 108.208
      vertex 41.0773 18.0588 105.673
      vertex 41.0977 18.0095 105.109
    endloop
  endfacet
  facet normal 0.924066 0.382232 0.000298425
    outer loop
      vertex 40.0953 20.4296 109.275
      vertex 41.0977 18.0095 105.109
      vertex 41.1017 18 104.891
    endloop
  endfacet
  facet normal 0.923876 0.382692 0
    outer loop
      vertex 40.0953 20.4296 109.275
      vertex 41.1017 18 104.891
      vertex 40.0953 20.4296 88
    endloop
  endfacet
  facet normal 0.923876 0.382692 0
    outer loop
      vertex 40.0953 20.4296 88
      vertex 41.1017 18 104.891
      vertex 41.1017 18 88
    endloop
  endfacet
  facet normal 0.923876 0.382692 0
    outer loop
      vertex 41.1017 18 82
      vertex 40.0953 20.4296 56
      vertex 40.0953 20.4296 82
    endloop
  endfacet
  facet normal 0.923876 0.382692 0
    outer loop
      vertex 40.0953 20.4296 56
      vertex 41.1017 18 82
      vertex 41.1017 18 56
    endloop
  endfacet
  facet normal 0.85264 0.5225 0
    outer loop
      vertex 40.0953 20.4296 5
      vertex 36.4058 26.4503 0
      vertex 36.4058 26.4503 5
    endloop
  endfacet
  facet normal 0.85264 0.5225 0
    outer loop
      vertex 36.4058 26.4503 0
      vertex 40.0953 20.4296 5
      vertex 40.0953 20.4296 0
    endloop
  endfacet
  facet normal 0.85264 0.5225 0
    outer loop
      vertex 40.0953 20.4296 140
      vertex 36.4058 26.4503 135
      vertex 36.4058 26.4503 140
    endloop
  endfacet
  facet normal 0.85264 0.5225 0
    outer loop
      vertex 36.4058 26.4503 135
      vertex 40.0953 20.4296 140
      vertex 40.0953 20.4296 135
    endloop
  endfacet
  facet normal 0.852639 0.5225 0
    outer loop
      vertex 36.4058 26.4503 50
      vertex 38.4533 23.1091 30
      vertex 36.4058 26.4503 30
    endloop
  endfacet
  facet normal 0.85264 0.522499 3.93507e-07
    outer loop
      vertex 40.0953 20.4296 30.7246
      vertex 38.4533 23.1091 30
      vertex 36.4058 26.4503 50
    endloop
  endfacet
  facet normal 0.852574 0.522607 0.000551688
    outer loop
      vertex 38.4533 23.1091 30
      vertex 40.0953 20.4296 30.7246
      vertex 38.5868 22.8913 30.0095
    endloop
  endfacet
  facet normal 0.852635 0.522507 7.579e-05
    outer loop
      vertex 38.5868 22.8913 30.0095
      vertex 40.0953 20.4296 30.7246
      vertex 38.9323 22.3275 30.0588
    endloop
  endfacet
  facet normal 0.852681 0.522432 -0.000215511
    outer loop
      vertex 38.9323 22.3275 30.0588
      vertex 40.0953 20.4296 30.7246
      vertex 39.169 21.9412 30.1235
    endloop
  endfacet
  facet normal 0.852749 0.52232 -0.000603788
    outer loop
      vertex 39.169 21.9412 30.1235
      vertex 40.0953 20.4296 30.7246
      vertex 39.3631 21.6244 30.2025
    endloop
  endfacet
  facet normal 0.852584 0.52259 0.000245439
    outer loop
      vertex 39.3631 21.6244 30.2025
      vertex 40.0953 20.4296 30.7246
      vertex 39.5662 21.293 30.3101
    endloop
  endfacet
  facet normal 0.85246 0.522792 0.000824337
    outer loop
      vertex 39.5662 21.293 30.3101
      vertex 40.0953 20.4296 30.7246
      vertex 39.7641 20.9701 30.4406
    endloop
  endfacet
  facet normal 0.85264 0.5225 -0
    outer loop
      vertex 40.0953 20.4296 30.7246
      vertex 36.4058 26.4503 50
      vertex 40.0953 20.4296 50
    endloop
  endfacet
  facet normal 0.85296 0.521974 -0.00131512
    outer loop
      vertex 39.7641 20.9701 30.4406
      vertex 40.0953 20.4296 30.7246
      vertex 39.956 20.6569 30.5933
    endloop
  endfacet
  facet normal 0.852644 0.522493 0
    outer loop
      vertex 38.4668 23.087 110
      vertex 36.4058 26.4503 88
      vertex 36.4058 26.4503 110
    endloop
  endfacet
  facet normal 0.852653 0.522478 0.000156492
    outer loop
      vertex 40.0953 20.4296 109.275
      vertex 38.4668 23.087 110
      vertex 38.5733 22.9132 109.994
    endloop
  endfacet
  facet normal 0.852606 0.522554 -0.000206695
    outer loop
      vertex 40.0953 20.4296 109.275
      vertex 38.5733 22.9132 109.994
      vertex 38.8399 22.4782 109.964
    endloop
  endfacet
  facet normal 0.85263 0.522515 -4.5122e-05
    outer loop
      vertex 40.0953 20.4296 109.275
      vertex 38.8399 22.4782 109.964
      vertex 39.0512 22.1334 109.915
    endloop
  endfacet
  facet normal 0.852595 0.522572 -0.0002554
    outer loop
      vertex 40.0953 20.4296 109.275
      vertex 39.0512 22.1334 109.915
      vertex 39.26 21.7927 109.843
    endloop
  endfacet
  facet normal 0.852814 0.522214 0.000926236
    outer loop
      vertex 40.0953 20.4296 109.275
      vertex 39.26 21.7927 109.843
      vertex 39.4653 21.4576 109.747
    endloop
  endfacet
  facet normal 0.852394 0.522899 -0.00112623
    outer loop
      vertex 40.0953 20.4296 109.275
      vertex 39.4653 21.4576 109.747
      vertex 39.6658 21.1305 109.627
    endloop
  endfacet
  facet normal 0.85314 0.521677 0.00221763
    outer loop
      vertex 40.0953 20.4296 109.275
      vertex 39.6658 21.1305 109.627
      vertex 39.8608 20.8122 109.486
    endloop
  endfacet
  facet normal 0.854544 0.519316 0.00805822
    outer loop
      vertex 40.0953 20.4296 109.275
      vertex 39.8608 20.8122 109.486
      vertex 40.0494 20.5044 109.322
    endloop
  endfacet
  facet normal 0.852634 0.522508 3.25717e-06
    outer loop
      vertex 38.4668 23.087 110
      vertex 40.0953 20.4296 109.275
      vertex 36.4058 26.4503 88
    endloop
  endfacet
  facet normal 0.85264 0.5225 0
    outer loop
      vertex 36.4058 26.4503 88
      vertex 40.0953 20.4296 109.275
      vertex 40.0953 20.4296 88
    endloop
  endfacet
  facet normal 0.85264 0.5225 0
    outer loop
      vertex 40.0953 20.4296 82
      vertex 36.4058 26.4503 56
      vertex 36.4058 26.4503 82
    endloop
  endfacet
  facet normal 0.85264 0.5225 0
    outer loop
      vertex 36.4058 26.4503 56
      vertex 40.0953 20.4296 82
      vertex 40.0953 20.4296 56
    endloop
  endfacet
  facet normal 0.760405 0.649449 0
    outer loop
      vertex 36.4058 26.4503 140
      vertex 31.8198 31.8198 135
      vertex 31.8198 31.8198 140
    endloop
  endfacet
  facet normal 0.760405 0.649449 0
    outer loop
      vertex 31.8198 31.8198 135
      vertex 36.4058 26.4503 140
      vertex 36.4058 26.4503 135
    endloop
  endfacet
  facet normal 0.760405 0.649449 0
    outer loop
      vertex 36.4058 26.4503 5
      vertex 31.8198 31.8198 0
      vertex 31.8198 31.8198 5
    endloop
  endfacet
  facet normal 0.760405 0.649449 0
    outer loop
      vertex 31.8198 31.8198 0
      vertex 36.4058 26.4503 5
      vertex 36.4058 26.4503 0
    endloop
  endfacet
  facet normal 0.760405 0.649449 0
    outer loop
      vertex 36.4058 26.4503 50
      vertex 31.8198 31.8198 30
      vertex 31.8198 31.8198 50
    endloop
  endfacet
  facet normal 0.760405 0.649449 0
    outer loop
      vertex 31.8198 31.8198 30
      vertex 36.4058 26.4503 50
      vertex 36.4058 26.4503 30
    endloop
  endfacet
  facet normal 0.760405 0.649449 0
    outer loop
      vertex 36.4058 26.4503 110
      vertex 31.8198 31.8198 88
      vertex 31.8198 31.8198 110
    endloop
  endfacet
  facet normal 0.760405 0.649449 0
    outer loop
      vertex 31.8198 31.8198 88
      vertex 36.4058 26.4503 110
      vertex 36.4058 26.4503 88
    endloop
  endfacet
  facet normal 0.760405 0.649449 0
    outer loop
      vertex 36.4058 26.4503 82
      vertex 31.8198 31.8198 56
      vertex 31.8198 31.8198 82
    endloop
  endfacet
  facet normal 0.760405 0.649449 0
    outer loop
      vertex 31.8198 31.8198 56
      vertex 36.4058 26.4503 82
      vertex 36.4058 26.4503 56
    endloop
  endfacet
  facet normal 0.5225 0.85264 -0
    outer loop
      vertex 26.4503 36.4058 0
      vertex 20.4296 40.0953 18
      vertex 26.4503 36.4058 18
    endloop
  endfacet
  facet normal 0.5225 0.85264 0
    outer loop
      vertex 20.4296 40.0953 18
      vertex 26.4503 36.4058 0
      vertex 20.4296 40.0953 0
    endloop
  endfacet
  facet normal 0.5225 0.85264 -0
    outer loop
      vertex 26.4503 36.4058 120
      vertex 20.4296 40.0953 140
      vertex 26.4503 36.4058 140
    endloop
  endfacet
  facet normal 0.5225 0.85264 0
    outer loop
      vertex 20.4296 40.0953 140
      vertex 26.4503 36.4058 120
      vertex 20.4296 40.0953 120
    endloop
  endfacet
  facet normal 0.5225 0.85264 -0
    outer loop
      vertex 26.4503 36.4058 24
      vertex 20.4296 40.0953 50
      vertex 26.4503 36.4058 50
    endloop
  endfacet
  facet normal 0.5225 0.85264 0
    outer loop
      vertex 20.4296 40.0953 50
      vertex 26.4503 36.4058 24
      vertex 20.4296 40.0953 24
    endloop
  endfacet
  facet normal 0.5225 0.85264 -0
    outer loop
      vertex 26.4503 36.4058 56
      vertex 20.4296 40.0953 82
      vertex 26.4503 36.4058 82
    endloop
  endfacet
  facet normal 0.5225 0.85264 0
    outer loop
      vertex 20.4296 40.0953 82
      vertex 26.4503 36.4058 56
      vertex 20.4296 40.0953 56
    endloop
  endfacet
  facet normal 0.5225 0.85264 -0
    outer loop
      vertex 26.4503 36.4058 88
      vertex 20.4296 40.0953 114
      vertex 26.4503 36.4058 114
    endloop
  endfacet
  facet normal 0.5225 0.85264 0
    outer loop
      vertex 20.4296 40.0953 114
      vertex 26.4503 36.4058 88
      vertex 20.4296 40.0953 88
    endloop
  endfacet
  facet normal 0.0784556 0.996918 0
    outer loop
      vertex 7.03955 44.446 50
      vertex 0 45 48
      vertex 0 45 50
    endloop
  endfacet
  facet normal 0.0784556 0.996918 -0
    outer loop
      vertex 7.03955 44.446 24
      vertex 0 45 48
      vertex 7.03955 44.446 50
    endloop
  endfacet
  facet normal 0.0784556 0.996918 0
    outer loop
      vertex 0 45 48
      vertex 7.03955 44.446 24
      vertex 0 45 24
    endloop
  endfacet
  facet normal 0.0784556 0.996918 0
    outer loop
      vertex 7.03955 44.446 114
      vertex 0 45 112
      vertex 0 45 114
    endloop
  endfacet
  facet normal 0.0784556 0.996918 -0
    outer loop
      vertex 7.03955 44.446 88
      vertex 0 45 112
      vertex 7.03955 44.446 114
    endloop
  endfacet
  facet normal 0.0784556 0.996918 0
    outer loop
      vertex 0 45 112
      vertex 7.03955 44.446 88
      vertex 0 45 88
    endloop
  endfacet
  facet normal 0.0784556 0.996918 -0
    outer loop
      vertex 7.03955 44.446 0
      vertex 0 45 18
      vertex 7.03955 44.446 18
    endloop
  endfacet
  facet normal 0.0784556 0.996918 0
    outer loop
      vertex 0 45 18
      vertex 7.03955 44.446 0
      vertex 0 45 0
    endloop
  endfacet
  facet normal 0.0784556 0.996918 -0
    outer loop
      vertex 7.03955 44.446 120
      vertex 0 45 140
      vertex 7.03955 44.446 140
    endloop
  endfacet
  facet normal 0.0784556 0.996918 0
    outer loop
      vertex 0 45 140
      vertex 7.03955 44.446 120
      vertex 0 45 120
    endloop
  endfacet
  facet normal 0.0784556 0.996918 -0
    outer loop
      vertex 7.03955 44.446 56
      vertex 0 45 82
      vertex 7.03955 44.446 82
    endloop
  endfacet
  facet normal 0.0784556 0.996918 0
    outer loop
      vertex 0 45 82
      vertex 7.03955 44.446 56
      vertex 0 45 56
    endloop
  endfacet
  facet normal -0.996918 0.0784556 0
    outer loop
      vertex -45 0 0
      vertex -44.446 7.03955 5
      vertex -44.446 7.03955 0
    endloop
  endfacet
  facet normal -0.996918 0.0784556 0
    outer loop
      vertex -44.446 7.03955 5
      vertex -45 0 0
      vertex -45 0 5
    endloop
  endfacet
  facet normal -0.996918 0.0784556 0
    outer loop
      vertex -45 0 135
      vertex -44.446 7.03955 140
      vertex -44.446 7.03955 135
    endloop
  endfacet
  facet normal -0.996918 0.0784556 0
    outer loop
      vertex -44.446 7.03955 140
      vertex -45 0 135
      vertex -45 0 140
    endloop
  endfacet
  facet normal -0.760405 0.649449 0
    outer loop
      vertex -36.4058 26.4503 135
      vertex -31.8198 31.8198 140
      vertex -31.8198 31.8198 135
    endloop
  endfacet
  facet normal -0.760405 0.649449 0
    outer loop
      vertex -31.8198 31.8198 140
      vertex -36.4058 26.4503 135
      vertex -36.4058 26.4503 140
    endloop
  endfacet
  facet normal -0.760405 0.649449 0
    outer loop
      vertex -36.4058 26.4503 0
      vertex -31.8198 31.8198 5
      vertex -31.8198 31.8198 0
    endloop
  endfacet
  facet normal -0.760405 0.649449 0
    outer loop
      vertex -31.8198 31.8198 5
      vertex -36.4058 26.4503 0
      vertex -36.4058 26.4503 5
    endloop
  endfacet
  facet normal -0.760405 0.649449 0
    outer loop
      vertex -36.4058 26.4503 30
      vertex -31.8198 31.8198 50
      vertex -31.8198 31.8198 30
    endloop
  endfacet
  facet normal -0.760405 0.649449 0
    outer loop
      vertex -31.8198 31.8198 50
      vertex -36.4058 26.4503 30
      vertex -36.4058 26.4503 50
    endloop
  endfacet
  facet normal -0.760405 0.649449 0
    outer loop
      vertex -36.4058 26.4503 88
      vertex -31.8198 31.8198 110
      vertex -31.8198 31.8198 88
    endloop
  endfacet
  facet normal -0.760405 0.649449 0
    outer loop
      vertex -31.8198 31.8198 110
      vertex -36.4058 26.4503 88
      vertex -36.4058 26.4503 110
    endloop
  endfacet
  facet normal -0.760405 0.649449 0
    outer loop
      vertex -36.4058 26.4503 56
      vertex -31.8198 31.8198 82
      vertex -31.8198 31.8198 56
    endloop
  endfacet
  facet normal -0.760405 0.649449 0
    outer loop
      vertex -31.8198 31.8198 82
      vertex -36.4058 26.4503 56
      vertex -36.4058 26.4503 82
    endloop
  endfacet
  facet normal -0.5225 0.85264 0
    outer loop
      vertex -20.4296 40.0953 0
      vertex -26.4503 36.4058 18
      vertex -20.4296 40.0953 18
    endloop
  endfacet
  facet normal -0.5225 0.85264 0
    outer loop
      vertex -26.4503 36.4058 18
      vertex -20.4296 40.0953 0
      vertex -26.4503 36.4058 0
    endloop
  endfacet
  facet normal -0.5225 0.85264 0
    outer loop
      vertex -20.4296 40.0953 120
      vertex -26.4503 36.4058 140
      vertex -20.4296 40.0953 140
    endloop
  endfacet
  facet normal -0.5225 0.85264 0
    outer loop
      vertex -26.4503 36.4058 140
      vertex -20.4296 40.0953 120
      vertex -26.4503 36.4058 120
    endloop
  endfacet
  facet normal -0.5225 0.85264 0
    outer loop
      vertex -20.4296 40.0953 24
      vertex -26.4503 36.4058 50
      vertex -20.4296 40.0953 50
    endloop
  endfacet
  facet normal -0.5225 0.85264 0
    outer loop
      vertex -26.4503 36.4058 50
      vertex -20.4296 40.0953 24
      vertex -26.4503 36.4058 24
    endloop
  endfacet
  facet normal -0.5225 0.85264 0
    outer loop
      vertex -20.4296 40.0953 56
      vertex -26.4503 36.4058 82
      vertex -20.4296 40.0953 82
    endloop
  endfacet
  facet normal -0.5225 0.85264 0
    outer loop
      vertex -26.4503 36.4058 82
      vertex -20.4296 40.0953 56
      vertex -26.4503 36.4058 56
    endloop
  endfacet
  facet normal -0.5225 0.85264 0
    outer loop
      vertex -20.4296 40.0953 88
      vertex -26.4503 36.4058 114
      vertex -20.4296 40.0953 114
    endloop
  endfacet
  facet normal -0.5225 0.85264 0
    outer loop
      vertex -26.4503 36.4058 114
      vertex -20.4296 40.0953 88
      vertex -26.4503 36.4058 88
    endloop
  endfacet
  facet normal -0.0784556 0.996918 0
    outer loop
      vertex 0 45 48
      vertex -7.03955 44.446 50
      vertex 0 45 50
    endloop
  endfacet
  facet normal -0.0784556 0.996918 0
    outer loop
      vertex -7.03955 44.446 24
      vertex 0 45 48
      vertex 0 45 24
    endloop
  endfacet
  facet normal -0.0784556 0.996918 0
    outer loop
      vertex 0 45 48
      vertex -7.03955 44.446 24
      vertex -7.03955 44.446 50
    endloop
  endfacet
  facet normal -0.0784556 0.996918 0
    outer loop
      vertex 0 45 112
      vertex -7.03955 44.446 114
      vertex 0 45 114
    endloop
  endfacet
  facet normal -0.0784556 0.996918 0
    outer loop
      vertex -7.03955 44.446 88
      vertex 0 45 112
      vertex 0 45 88
    endloop
  endfacet
  facet normal -0.0784556 0.996918 0
    outer loop
      vertex 0 45 112
      vertex -7.03955 44.446 88
      vertex -7.03955 44.446 114
    endloop
  endfacet
  facet normal -0.0784556 0.996918 0
    outer loop
      vertex 0 45 0
      vertex -7.03955 44.446 18
      vertex 0 45 18
    endloop
  endfacet
  facet normal -0.0784556 0.996918 0
    outer loop
      vertex -7.03955 44.446 18
      vertex 0 45 0
      vertex -7.03955 44.446 0
    endloop
  endfacet
  facet normal -0.0784556 0.996918 0
    outer loop
      vertex 0 45 120
      vertex -7.03955 44.446 140
      vertex 0 45 140
    endloop
  endfacet
  facet normal -0.0784556 0.996918 0
    outer loop
      vertex -7.03955 44.446 140
      vertex 0 45 120
      vertex -7.03955 44.446 120
    endloop
  endfacet
  facet normal -0.0784556 0.996918 0
    outer loop
      vertex 0 45 56
      vertex -7.03955 44.446 82
      vertex 0 45 82
    endloop
  endfacet
  facet normal -0.0784556 0.996918 0
    outer loop
      vertex -7.03955 44.446 82
      vertex 0 45 56
      vertex -7.03955 44.446 56
    endloop
  endfacet
  facet normal -0.649449 0.760405 3.42993e-06
    outer loop
      vertex -26.4503 36.4058 140
      vertex -31 32.52 135
      vertex -31.8198 31.8198 140
    endloop
  endfacet
  facet normal -0.649447 0.760407 0
    outer loop
      vertex -26.4503 36.4058 120
      vertex -31 32.52 135
      vertex -26.4503 36.4058 140
    endloop
  endfacet
  facet normal -0.649447 0.760407 0
    outer loop
      vertex -31 32.52 135
      vertex -26.4503 36.4058 120
      vertex -31 32.52 120
    endloop
  endfacet
  facet normal -0.649461 0.760395 0
    outer loop
      vertex -31.8198 31.8198 140
      vertex -31 32.52 135
      vertex -31.8198 31.8198 135
    endloop
  endfacet
  facet normal -0.649447 0.760407 0
    outer loop
      vertex -26.4503 36.4058 18
      vertex -31 32.52 5
      vertex -31 32.52 18
    endloop
  endfacet
  facet normal -0.649447 0.760407 0
    outer loop
      vertex -26.4503 36.4058 0
      vertex -31 32.52 5
      vertex -26.4503 36.4058 18
    endloop
  endfacet
  facet normal -0.649449 0.760405 -3.42993e-06
    outer loop
      vertex -31.8198 31.8198 0
      vertex -31 32.52 5
      vertex -26.4503 36.4058 0
    endloop
  endfacet
  facet normal -0.649461 0.760395 0
    outer loop
      vertex -31 32.52 5
      vertex -31.8198 31.8198 0
      vertex -31.8198 31.8198 5
    endloop
  endfacet
  facet normal -0.649449 0.760405 8.57483e-07
    outer loop
      vertex -26.4503 36.4058 50
      vertex -31 32.52 30
      vertex -31.8198 31.8198 50
    endloop
  endfacet
  facet normal -0.649447 0.760407 0
    outer loop
      vertex -26.4503 36.4058 24
      vertex -31 32.52 30
      vertex -26.4503 36.4058 50
    endloop
  endfacet
  facet normal -0.649447 0.760407 0
    outer loop
      vertex -31 32.52 30
      vertex -26.4503 36.4058 24
      vertex -31 32.52 24
    endloop
  endfacet
  facet normal -0.649461 0.760395 0
    outer loop
      vertex -31.8198 31.8198 50
      vertex -31 32.52 30
      vertex -31.8198 31.8198 30
    endloop
  endfacet
  facet normal -0.649447 0.760407 0
    outer loop
      vertex -26.4503 36.4058 114
      vertex -31 32.52 110
      vertex -31 32.52 114
    endloop
  endfacet
  facet normal -0.649447 0.760407 0
    outer loop
      vertex -26.4503 36.4058 88
      vertex -31 32.52 110
      vertex -26.4503 36.4058 114
    endloop
  endfacet
  facet normal -0.649449 0.760405 -7.7953e-07
    outer loop
      vertex -31.8198 31.8198 88
      vertex -31 32.52 110
      vertex -26.4503 36.4058 88
    endloop
  endfacet
  facet normal -0.649461 0.760395 0
    outer loop
      vertex -31 32.52 110
      vertex -31.8198 31.8198 88
      vertex -31.8198 31.8198 110
    endloop
  endfacet
  facet normal -0.649449 0.760405 0
    outer loop
      vertex -26.4503 36.4058 56
      vertex -31.8198 31.8198 82
      vertex -26.4503 36.4058 82
    endloop
  endfacet
  facet normal -0.649449 0.760405 0
    outer loop
      vertex -31.8198 31.8198 82
      vertex -26.4503 36.4058 56
      vertex -31.8198 31.8198 56
    endloop
  endfacet
  facet normal 0.0784556 -0.996918 0
    outer loop
      vertex 0 -45 0
      vertex 7.03955 -44.446 18
      vertex 0 -45 18
    endloop
  endfacet
  facet normal 0.0784556 -0.996918 0
    outer loop
      vertex 7.03955 -44.446 18
      vertex 0 -45 0
      vertex 7.03955 -44.446 0
    endloop
  endfacet
  facet normal 0.0784556 -0.996918 0
    outer loop
      vertex 0 -45 120
      vertex 7.03955 -44.446 140
      vertex 0 -45 140
    endloop
  endfacet
  facet normal 0.0784556 -0.996918 0
    outer loop
      vertex 7.03955 -44.446 140
      vertex 0 -45 120
      vertex 7.03955 -44.446 120
    endloop
  endfacet
  facet normal 0.0784556 -0.996918 0
    outer loop
      vertex 0 -45 24
      vertex 7.03955 -44.446 50
      vertex 0 -45 50
    endloop
  endfacet
  facet normal 0.0784556 -0.996918 0
    outer loop
      vertex 7.03955 -44.446 50
      vertex 0 -45 24
      vertex 7.03955 -44.446 24
    endloop
  endfacet
  facet normal 0.0784556 -0.996918 0
    outer loop
      vertex 0 -45 56
      vertex 7.03955 -44.446 82
      vertex 0 -45 82
    endloop
  endfacet
  facet normal 0.0784556 -0.996918 0
    outer loop
      vertex 7.03955 -44.446 82
      vertex 0 -45 56
      vertex 7.03955 -44.446 56
    endloop
  endfacet
  facet normal 0.0784556 -0.996918 0
    outer loop
      vertex 0 -45 88
      vertex 7.03955 -44.446 114
      vertex 0 -45 114
    endloop
  endfacet
  facet normal 0.0784556 -0.996918 0
    outer loop
      vertex 7.03955 -44.446 114
      vertex 0 -45 88
      vertex 7.03955 -44.446 88
    endloop
  endfacet
  facet normal 0.760405 -0.649449 0
    outer loop
      vertex 31.8198 -31.8198 140
      vertex 36.4058 -26.4503 135
      vertex 36.4058 -26.4503 140
    endloop
  endfacet
  facet normal 0.760405 -0.649449 0
    outer loop
      vertex 36.4058 -26.4503 135
      vertex 31.8198 -31.8198 140
      vertex 31.8198 -31.8198 135
    endloop
  endfacet
  facet normal 0.760405 -0.649449 0
    outer loop
      vertex 31.8198 -31.8198 5
      vertex 36.4058 -26.4503 0
      vertex 36.4058 -26.4503 5
    endloop
  endfacet
  facet normal 0.760405 -0.649449 0
    outer loop
      vertex 36.4058 -26.4503 0
      vertex 31.8198 -31.8198 5
      vertex 31.8198 -31.8198 0
    endloop
  endfacet
  facet normal 0.760405 -0.649449 0
    outer loop
      vertex 31.8198 -31.8198 50
      vertex 36.4058 -26.4503 30
      vertex 36.4058 -26.4503 50
    endloop
  endfacet
  facet normal 0.760405 -0.649449 0
    outer loop
      vertex 36.4058 -26.4503 30
      vertex 31.8198 -31.8198 50
      vertex 31.8198 -31.8198 30
    endloop
  endfacet
  facet normal 0.760405 -0.649449 0
    outer loop
      vertex 31.8198 -31.8198 110
      vertex 36.4058 -26.4503 88
      vertex 36.4058 -26.4503 110
    endloop
  endfacet
  facet normal 0.760405 -0.649449 0
    outer loop
      vertex 36.4058 -26.4503 88
      vertex 31.8198 -31.8198 110
      vertex 31.8198 -31.8198 88
    endloop
  endfacet
  facet normal 0.760405 -0.649449 0
    outer loop
      vertex 31.8198 -31.8198 82
      vertex 36.4058 -26.4503 56
      vertex 36.4058 -26.4503 82
    endloop
  endfacet
  facet normal 0.760405 -0.649449 0
    outer loop
      vertex 36.4058 -26.4503 56
      vertex 31.8198 -31.8198 82
      vertex 31.8198 -31.8198 56
    endloop
  endfacet
  facet normal 0.923882 -0.382678 0
    outer loop
      vertex 40.0953 -20.4296 5
      vertex 42.7975 -13.9058 0
      vertex 42.7975 -13.9058 5
    endloop
  endfacet
  facet normal 0.923882 -0.382678 0
    outer loop
      vertex 42.7975 -13.9058 0
      vertex 40.0953 -20.4296 5
      vertex 40.0953 -20.4296 0
    endloop
  endfacet
  facet normal 0.923882 -0.382678 0
    outer loop
      vertex 40.0953 -20.4296 140
      vertex 42.7975 -13.9058 135
      vertex 42.7975 -13.9058 140
    endloop
  endfacet
  facet normal 0.923882 -0.382678 0
    outer loop
      vertex 42.7975 -13.9058 135
      vertex 40.0953 -20.4296 140
      vertex 40.0953 -20.4296 135
    endloop
  endfacet
  facet normal 0.923876 -0.382692 0
    outer loop
      vertex 40.0953 -20.4296 50
      vertex 41.1017 -18 35.1091
      vertex 41.1017 -18 50
    endloop
  endfacet
  facet normal 0.923876 -0.382692 0
    outer loop
      vertex 40.0953 -20.4296 30.7246
      vertex 41.1017 -18 35.1091
      vertex 40.0953 -20.4296 50
    endloop
  endfacet
  facet normal 0.924066 -0.382232 -0.000298725
    outer loop
      vertex 41.1017 -18 35.1091
      vertex 40.0953 -20.4296 30.7246
      vertex 41.0977 -18.0095 34.8913
    endloop
  endfacet
  facet normal 0.923861 -0.382728 3.84838e-05
    outer loop
      vertex 41.0977 -18.0095 34.8913
      vertex 40.0953 -20.4296 30.7246
      vertex 41.0773 -18.0588 34.3275
    endloop
  endfacet
  facet normal 0.923883 -0.382674 -2.76056e-06
    outer loop
      vertex 41.0773 -18.0588 34.3275
      vertex 40.0953 -20.4296 30.7246
      vertex 41.0505 -18.1235 33.9412
    endloop
  endfacet
  facet normal 0.923833 -0.382796 9.95262e-05
    outer loop
      vertex 41.0505 -18.1235 33.9412
      vertex 40.0953 -20.4296 30.7246
      vertex 41.0178 -18.2025 33.6244
    endloop
  endfacet
  facet normal 0.923946 -0.382522 -0.000146732
    outer loop
      vertex 41.0178 -18.2025 33.6244
      vertex 40.0953 -20.4296 30.7246
      vertex 40.9732 -18.3101 33.293
    endloop
  endfacet
  facet normal 0.923996 -0.382403 -0.00026195
    outer loop
      vertex 40.9732 -18.3101 33.293
      vertex 40.0953 -20.4296 30.7246
      vertex 40.9191 -18.4406 32.9701
    endloop
  endfacet
  facet normal 0.923773 -0.38294 0.000295075
    outer loop
      vertex 40.9191 -18.4406 32.9701
      vertex 40.0953 -20.4296 30.7246
      vertex 40.8559 -18.5933 32.6569
    endloop
  endfacet
  facet normal 0.923896 -0.382643 -3.52184e-05
    outer loop
      vertex 40.8559 -18.5933 32.6569
      vertex 40.0953 -20.4296 30.7246
      vertex 40.7837 -18.7676 32.3552
    endloop
  endfacet
  facet normal 0.923737 -0.383026 0.000422659
    outer loop
      vertex 40.7837 -18.7676 32.3552
      vertex 40.0953 -20.4296 30.7246
      vertex 40.7031 -18.9623 32.0665
    endloop
  endfacet
  facet normal 0.924213 -0.381877 -0.00104934
    outer loop
      vertex 40.7031 -18.9623 32.0665
      vertex 40.0953 -20.4296 30.7246
      vertex 40.6142 -19.1767 31.792
    endloop
  endfacet
  facet normal 0.923518 -0.383553 0.00125607
    outer loop
      vertex 40.6142 -19.1767 31.792
      vertex 40.0953 -20.4296 30.7246
      vertex 40.5177 -19.4099 31.5331
    endloop
  endfacet
  facet normal 0.924068 -0.382228 -0.000703106
    outer loop
      vertex 40.5177 -19.4099 31.5331
      vertex 40.0953 -20.4296 30.7246
      vertex 40.4139 -19.6604 31.2911
    endloop
  endfacet
  facet normal 0.923969 -0.382468 -0.000321376
    outer loop
      vertex 40.4139 -19.6604 31.2911
      vertex 40.0953 -20.4296 30.7246
      vertex 40.3033 -19.9274 31.0671
    endloop
  endfacet
  facet normal 0.923619 -0.38331 0.00112589
    outer loop
      vertex 40.3033 -19.9274 31.0671
      vertex 40.0953 -20.4296 30.7246
      vertex 40.1866 -20.2092 30.8624
    endloop
  endfacet
  facet normal 0.924139 -0.382056 0.00041506
    outer loop
      vertex 40.0953 -20.4296 109.275
      vertex 41.1017 -18 104.913
      vertex 41.0991 -18.0061 105.087
    endloop
  endfacet
  facet normal 0.923898 -0.382638 2.05132e-05
    outer loop
      vertex 40.0953 -20.4296 109.275
      vertex 41.0991 -18.0061 105.087
      vertex 41.0865 -18.0365 105.522
    endloop
  endfacet
  facet normal 0.923798 -0.382881 -0.000160782
    outer loop
      vertex 40.0953 -20.4296 109.275
      vertex 41.0865 -18.0365 105.522
      vertex 41.0665 -18.0849 105.867
    endloop
  endfacet
  facet normal 0.923819 -0.382829 -0.000119231
    outer loop
      vertex 40.0953 -20.4296 109.275
      vertex 41.0665 -18.0849 105.867
      vertex 41.0365 -18.1574 106.207
    endloop
  endfacet
  facet normal 0.92395 -0.382513 0.000155147
    outer loop
      vertex 40.0953 -20.4296 109.275
      vertex 41.0365 -18.1574 106.207
      vertex 40.9967 -18.2534 106.542
    endloop
  endfacet
  facet normal 0.923807 -0.382859 -0.00016767
    outer loop
      vertex 40.0953 -20.4296 109.275
      vertex 40.9967 -18.2534 106.542
      vertex 40.9474 -18.3725 106.869
    endloop
  endfacet
  facet normal 0.923887 -0.382665 2.6959e-05
    outer loop
      vertex 40.0953 -20.4296 109.275
      vertex 40.9474 -18.3725 106.869
      vertex 40.8887 -18.5142 107.188
    endloop
  endfacet
  facet normal 0.923855 -0.382743 -5.7522e-05
    outer loop
      vertex 40.0953 -20.4296 109.275
      vertex 40.8887 -18.5142 107.188
      vertex 40.8209 -18.6779 107.496
    endloop
  endfacet
  facet normal 0.923799 -0.382877 -0.000212273
    outer loop
      vertex 40.0953 -20.4296 109.275
      vertex 40.8209 -18.6779 107.496
      vertex 40.7445 -18.8624 107.791
    endloop
  endfacet
  facet normal 0.924237 -0.381819 0.00109724
    outer loop
      vertex 40.0953 -20.4296 109.275
      vertex 40.7445 -18.8624 107.791
      vertex 40.6596 -19.0671 108.073
    endloop
  endfacet
  facet normal 0.923592 -0.383377 -0.000971564
    outer loop
      vertex 40.0953 -20.4296 109.275
      vertex 40.6596 -19.0671 108.073
      vertex 40.5669 -19.2911 108.34
    endloop
  endfacet
  facet normal 0.92417 -0.381981 0.00101911
    outer loop
      vertex 40.0953 -20.4296 109.275
      vertex 40.5669 -19.2911 108.34
      vertex 40.4666 -19.5331 108.59
    endloop
  endfacet
  facet normal 0.923699 -0.383119 -0.000725475
    outer loop
      vertex 40.0953 -20.4296 109.275
      vertex 40.4666 -19.5331 108.59
      vertex 40.3594 -19.792 108.823
    endloop
  endfacet
  facet normal 0.923875 -0.382694 -2.34342e-05
    outer loop
      vertex 40.0953 -20.4296 109.275
      vertex 40.3594 -19.792 108.823
      vertex 40.2457 -20.0665 109.038
    endloop
  endfacet
  facet normal 0.924539 -0.381077 0.00287502
    outer loop
      vertex 40.0953 -20.4296 109.275
      vertex 40.2457 -20.0665 109.038
      vertex 40.1261 -20.3552 109.232
    endloop
  endfacet
  facet normal 0.923876 -0.382692 0
    outer loop
      vertex 41.1017 -18 104.913
      vertex 40.0953 -20.4296 109.275
      vertex 40.0953 -20.4296 88
    endloop
  endfacet
  facet normal 0.923876 -0.382692 0
    outer loop
      vertex 41.1017 -18 104.913
      vertex 40.0953 -20.4296 88
      vertex 41.1017 -18 88
    endloop
  endfacet
  facet normal 0.923876 -0.382692 0
    outer loop
      vertex 40.0953 -20.4296 82
      vertex 41.1017 -18 56
      vertex 41.1017 -18 82
    endloop
  endfacet
  facet normal 0.923876 -0.382692 0
    outer loop
      vertex 41.1017 -18 56
      vertex 40.0953 -20.4296 82
      vertex 40.0953 -20.4296 56
    endloop
  endfacet
  facet normal 0.382678 -0.923882 0
    outer loop
      vertex 13.9058 -42.7975 0
      vertex 20.4296 -40.0953 18
      vertex 13.9058 -42.7975 18
    endloop
  endfacet
  facet normal 0.382678 -0.923882 0
    outer loop
      vertex 20.4296 -40.0953 18
      vertex 13.9058 -42.7975 0
      vertex 20.4296 -40.0953 0
    endloop
  endfacet
  facet normal 0.382678 -0.923882 0
    outer loop
      vertex 13.9058 -42.7975 120
      vertex 20.4296 -40.0953 140
      vertex 13.9058 -42.7975 140
    endloop
  endfacet
  facet normal 0.382678 -0.923882 0
    outer loop
      vertex 20.4296 -40.0953 140
      vertex 13.9058 -42.7975 120
      vertex 20.4296 -40.0953 120
    endloop
  endfacet
  facet normal 0.382678 -0.923882 0
    outer loop
      vertex 13.9058 -42.7975 24
      vertex 20.4296 -40.0953 50
      vertex 13.9058 -42.7975 50
    endloop
  endfacet
  facet normal 0.382678 -0.923882 0
    outer loop
      vertex 20.4296 -40.0953 50
      vertex 13.9058 -42.7975 24
      vertex 20.4296 -40.0953 24
    endloop
  endfacet
  facet normal 0.382678 -0.923882 0
    outer loop
      vertex 13.9058 -42.7975 56
      vertex 20.4296 -40.0953 82
      vertex 13.9058 -42.7975 82
    endloop
  endfacet
  facet normal 0.382678 -0.923882 0
    outer loop
      vertex 20.4296 -40.0953 82
      vertex 13.9058 -42.7975 56
      vertex 20.4296 -40.0953 56
    endloop
  endfacet
  facet normal 0.382678 -0.923882 0
    outer loop
      vertex 13.9058 -42.7975 88
      vertex 20.4296 -40.0953 114
      vertex 13.9058 -42.7975 114
    endloop
  endfacet
  facet normal 0.382678 -0.923882 0
    outer loop
      vertex 20.4296 -40.0953 114
      vertex 13.9058 -42.7975 88
      vertex 20.4296 -40.0953 88
    endloop
  endfacet
  facet normal 0.5225 -0.85264 0
    outer loop
      vertex 20.4296 -40.0953 0
      vertex 26.4503 -36.4058 18
      vertex 20.4296 -40.0953 18
    endloop
  endfacet
  facet normal 0.5225 -0.85264 0
    outer loop
      vertex 26.4503 -36.4058 18
      vertex 20.4296 -40.0953 0
      vertex 26.4503 -36.4058 0
    endloop
  endfacet
  facet normal 0.5225 -0.85264 0
    outer loop
      vertex 20.4296 -40.0953 120
      vertex 26.4503 -36.4058 140
      vertex 20.4296 -40.0953 140
    endloop
  endfacet
  facet normal 0.5225 -0.85264 0
    outer loop
      vertex 26.4503 -36.4058 140
      vertex 20.4296 -40.0953 120
      vertex 26.4503 -36.4058 120
    endloop
  endfacet
  facet normal 0.5225 -0.85264 0
    outer loop
      vertex 20.4296 -40.0953 24
      vertex 26.4503 -36.4058 50
      vertex 20.4296 -40.0953 50
    endloop
  endfacet
  facet normal 0.5225 -0.85264 0
    outer loop
      vertex 26.4503 -36.4058 50
      vertex 20.4296 -40.0953 24
      vertex 26.4503 -36.4058 24
    endloop
  endfacet
  facet normal 0.5225 -0.85264 0
    outer loop
      vertex 20.4296 -40.0953 56
      vertex 26.4503 -36.4058 82
      vertex 20.4296 -40.0953 82
    endloop
  endfacet
  facet normal 0.5225 -0.85264 0
    outer loop
      vertex 26.4503 -36.4058 82
      vertex 20.4296 -40.0953 56
      vertex 26.4503 -36.4058 56
    endloop
  endfacet
  facet normal 0.5225 -0.85264 0
    outer loop
      vertex 20.4296 -40.0953 88
      vertex 26.4503 -36.4058 114
      vertex 20.4296 -40.0953 114
    endloop
  endfacet
  facet normal 0.5225 -0.85264 0
    outer loop
      vertex 26.4503 -36.4058 114
      vertex 20.4296 -40.0953 88
      vertex 26.4503 -36.4058 88
    endloop
  endfacet
  facet normal -0.0784556 -0.996918 0
    outer loop
      vertex -7.03955 -44.446 0
      vertex 0 -45 18
      vertex -7.03955 -44.446 18
    endloop
  endfacet
  facet normal -0.0784556 -0.996918 -0
    outer loop
      vertex 0 -45 18
      vertex -7.03955 -44.446 0
      vertex 0 -45 0
    endloop
  endfacet
  facet normal -0.0784556 -0.996918 0
    outer loop
      vertex -7.03955 -44.446 120
      vertex 0 -45 140
      vertex -7.03955 -44.446 140
    endloop
  endfacet
  facet normal -0.0784556 -0.996918 -0
    outer loop
      vertex 0 -45 140
      vertex -7.03955 -44.446 120
      vertex 0 -45 120
    endloop
  endfacet
  facet normal -0.0784556 -0.996918 0
    outer loop
      vertex -7.03955 -44.446 24
      vertex 0 -45 50
      vertex -7.03955 -44.446 50
    endloop
  endfacet
  facet normal -0.0784556 -0.996918 -0
    outer loop
      vertex 0 -45 50
      vertex -7.03955 -44.446 24
      vertex 0 -45 24
    endloop
  endfacet
  facet normal -0.0784556 -0.996918 0
    outer loop
      vertex -7.03955 -44.446 56
      vertex 0 -45 82
      vertex -7.03955 -44.446 82
    endloop
  endfacet
  facet normal -0.0784556 -0.996918 -0
    outer loop
      vertex 0 -45 82
      vertex -7.03955 -44.446 56
      vertex 0 -45 56
    endloop
  endfacet
  facet normal -0.0784556 -0.996918 0
    outer loop
      vertex -7.03955 -44.446 88
      vertex 0 -45 114
      vertex -7.03955 -44.446 114
    endloop
  endfacet
  facet normal -0.0784556 -0.996918 -0
    outer loop
      vertex 0 -45 114
      vertex -7.03955 -44.446 88
      vertex 0 -45 88
    endloop
  endfacet
  facet normal -0.649461 -0.760395 0
    outer loop
      vertex -31 -32.52 135
      vertex -31.8198 -31.8198 140
      vertex -31.8198 -31.8198 135
    endloop
  endfacet
  facet normal -0.649449 -0.760405 3.42993e-06
    outer loop
      vertex -31.8198 -31.8198 140
      vertex -31 -32.52 135
      vertex -26.4503 -36.4058 140
    endloop
  endfacet
  facet normal -0.649447 -0.760407 0
    outer loop
      vertex -26.4503 -36.4058 120
      vertex -31 -32.52 135
      vertex -31 -32.52 120
    endloop
  endfacet
  facet normal -0.649447 -0.760407 0
    outer loop
      vertex -31 -32.52 135
      vertex -26.4503 -36.4058 120
      vertex -26.4503 -36.4058 140
    endloop
  endfacet
  facet normal -0.649461 -0.760395 -0
    outer loop
      vertex -31.8198 -31.8198 5
      vertex -31.8198 -31.8198 0
      vertex -31 -32.52 5
    endloop
  endfacet
  facet normal -0.649447 -0.760407 0
    outer loop
      vertex -31 -32.52 5
      vertex -26.4503 -36.4058 18
      vertex -31 -32.52 18
    endloop
  endfacet
  facet normal -0.649449 -0.760405 -3.42993e-06
    outer loop
      vertex -26.4503 -36.4058 0
      vertex -31 -32.52 5
      vertex -31.8198 -31.8198 0
    endloop
  endfacet
  facet normal -0.649447 -0.760407 0
    outer loop
      vertex -31 -32.52 5
      vertex -26.4503 -36.4058 0
      vertex -26.4503 -36.4058 18
    endloop
  endfacet
  facet normal -0.649461 -0.760395 0
    outer loop
      vertex -31 -32.52 30
      vertex -31.8198 -31.8198 50
      vertex -31.8198 -31.8198 30
    endloop
  endfacet
  facet normal -0.649449 -0.760405 8.57483e-07
    outer loop
      vertex -31.8198 -31.8198 50
      vertex -31 -32.52 30
      vertex -26.4503 -36.4058 50
    endloop
  endfacet
  facet normal -0.649447 -0.760407 0
    outer loop
      vertex -26.4503 -36.4058 24
      vertex -31 -32.52 30
      vertex -31 -32.52 24
    endloop
  endfacet
  facet normal -0.649447 -0.760407 0
    outer loop
      vertex -31 -32.52 30
      vertex -26.4503 -36.4058 24
      vertex -26.4503 -36.4058 50
    endloop
  endfacet
  facet normal -0.649461 -0.760395 -0
    outer loop
      vertex -31.8198 -31.8198 110
      vertex -31.8198 -31.8198 88
      vertex -31 -32.52 110
    endloop
  endfacet
  facet normal -0.649447 -0.760407 0
    outer loop
      vertex -31 -32.52 110
      vertex -26.4503 -36.4058 114
      vertex -31 -32.52 114
    endloop
  endfacet
  facet normal -0.649449 -0.760405 -7.7953e-07
    outer loop
      vertex -26.4503 -36.4058 88
      vertex -31 -32.52 110
      vertex -31.8198 -31.8198 88
    endloop
  endfacet
  facet normal -0.649447 -0.760407 0
    outer loop
      vertex -31 -32.52 110
      vertex -26.4503 -36.4058 88
      vertex -26.4503 -36.4058 114
    endloop
  endfacet
  facet normal -0.649449 -0.760405 0
    outer loop
      vertex -31.8198 -31.8198 56
      vertex -26.4503 -36.4058 82
      vertex -31.8198 -31.8198 82
    endloop
  endfacet
  facet normal -0.649449 -0.760405 -0
    outer loop
      vertex -26.4503 -36.4058 82
      vertex -31.8198 -31.8198 56
      vertex -26.4503 -36.4058 56
    endloop
  endfacet
  facet normal -0.85264 -0.5225 0
    outer loop
      vertex -36.4058 -26.4503 0
      vertex -40.0953 -20.4296 5
      vertex -40.0953 -20.4296 0
    endloop
  endfacet
  facet normal -0.85264 -0.5225 0
    outer loop
      vertex -40.0953 -20.4296 5
      vertex -36.4058 -26.4503 0
      vertex -36.4058 -26.4503 5
    endloop
  endfacet
  facet normal -0.85264 -0.5225 0
    outer loop
      vertex -36.4058 -26.4503 135
      vertex -40.0953 -20.4296 140
      vertex -40.0953 -20.4296 135
    endloop
  endfacet
  facet normal -0.85264 -0.5225 0
    outer loop
      vertex -40.0953 -20.4296 140
      vertex -36.4058 -26.4503 135
      vertex -36.4058 -26.4503 140
    endloop
  endfacet
  facet normal -0.854601 -0.519218 -0.00832328
    outer loop
      vertex -39.8608 -20.8122 30.5142
      vertex -40.0953 -20.4296 30.7246
      vertex -40.0494 -20.5044 30.6779
    endloop
  endfacet
  facet normal -0.852671 -0.522448 -0.000299544
    outer loop
      vertex -40.0953 -20.4296 30.7246
      vertex -39.8608 -20.8122 30.5142
      vertex -38.5733 -22.9132 30.0061
    endloop
  endfacet
  facet normal -0.85256 -0.522628 0.00072884
    outer loop
      vertex -38.5733 -22.9132 30.0061
      vertex -39.8608 -20.8122 30.5142
      vertex -39.6658 -21.1305 30.3725
    endloop
  endfacet
  facet normal -0.85269 -0.522417 -0.000687905
    outer loop
      vertex -38.5733 -22.9132 30.0061
      vertex -39.6658 -21.1305 30.3725
      vertex -39.4653 -21.4576 30.2534
    endloop
  endfacet
  facet normal -0.852553 -0.522639 0.0011172
    outer loop
      vertex -38.5733 -22.9132 30.0061
      vertex -39.4653 -21.4576 30.2534
      vertex -39.26 -21.7927 30.1574
    endloop
  endfacet
  facet normal -0.852624 -0.522525 -4.91097e-05
    outer loop
      vertex -38.5733 -22.9132 30.0061
      vertex -39.26 -21.7927 30.1574
      vertex -39.0512 -22.1334 30.0849
    endloop
  endfacet
  facet normal -0.852592 -0.522577 0.000659681
    outer loop
      vertex -38.5733 -22.9132 30.0061
      vertex -39.0512 -22.1334 30.0849
      vertex -38.8399 -22.4782 30.0365
    endloop
  endfacet
  facet normal -0.852653 -0.522478 -0.00015697
    outer loop
      vertex -40.0953 -20.4296 30.7246
      vertex -38.5733 -22.9132 30.0061
      vertex -38.4668 -23.087 30
    endloop
  endfacet
  facet normal -0.852634 -0.522508 -3.56868e-06
    outer loop
      vertex -40.0953 -20.4296 30.7246
      vertex -38.4668 -23.087 30
      vertex -36.4058 -26.4503 50
    endloop
  endfacet
  facet normal -0.852644 -0.522493 -0
    outer loop
      vertex -36.4058 -26.4503 50
      vertex -38.4668 -23.087 30
      vertex -36.4058 -26.4503 30
    endloop
  endfacet
  facet normal -0.85264 -0.5225 0
    outer loop
      vertex -40.0953 -20.4296 30.7246
      vertex -36.4058 -26.4503 50
      vertex -40.0953 -20.4296 50
    endloop
  endfacet
  facet normal -0.85264 -0.5225 0
    outer loop
      vertex -36.4058 -26.4503 88
      vertex -40.0953 -20.4296 109.275
      vertex -40.0953 -20.4296 88
    endloop
  endfacet
  facet normal -0.85264 -0.522499 -3.59137e-07
    outer loop
      vertex -38.4533 -23.1091 110
      vertex -40.0953 -20.4296 109.275
      vertex -36.4058 -26.4503 88
    endloop
  endfacet
  facet normal -0.852573 -0.522608 -0.000556959
    outer loop
      vertex -38.5868 -22.8913 109.99
      vertex -40.0953 -20.4296 109.275
      vertex -38.4533 -23.1091 110
    endloop
  endfacet
  facet normal -0.852635 -0.522507 -7.5607e-05
    outer loop
      vertex -38.9323 -22.3275 109.941
      vertex -40.0953 -20.4296 109.275
      vertex -38.5868 -22.8913 109.99
    endloop
  endfacet
  facet normal -0.852684 -0.522427 0.000237122
    outer loop
      vertex -40.0953 -20.4296 109.275
      vertex -38.9323 -22.3275 109.941
      vertex -39.956 -20.6569 109.407
    endloop
  endfacet
  facet normal -0.852602 -0.522561 -0.000341307
    outer loop
      vertex -39.956 -20.6569 109.407
      vertex -38.9323 -22.3275 109.941
      vertex -39.7641 -20.9701 109.559
    endloop
  endfacet
  facet normal -0.852629 -0.522516 -0.00047699
    outer loop
      vertex -39.3631 -21.6244 109.798
      vertex -38.9323 -22.3275 109.941
      vertex -39.169 -21.9412 109.877
    endloop
  endfacet
  facet normal -0.85276 -0.522302 0.000970628
    outer loop
      vertex -39.5662 -21.293 109.69
      vertex -38.9323 -22.3275 109.941
      vertex -39.3631 -21.6244 109.798
    endloop
  endfacet
  facet normal -0.852725 -0.522359 0.000645591
    outer loop
      vertex -39.7641 -20.9701 109.559
      vertex -38.9323 -22.3275 109.941
      vertex -39.5662 -21.293 109.69
    endloop
  endfacet
  facet normal -0.852639 -0.5225 0
    outer loop
      vertex -38.4533 -23.1091 110
      vertex -36.4058 -26.4503 88
      vertex -36.4058 -26.4503 110
    endloop
  endfacet
  facet normal -0.85264 -0.5225 0
    outer loop
      vertex -36.4058 -26.4503 56
      vertex -40.0953 -20.4296 82
      vertex -40.0953 -20.4296 56
    endloop
  endfacet
  facet normal -0.85264 -0.5225 0
    outer loop
      vertex -40.0953 -20.4296 82
      vertex -36.4058 -26.4503 56
      vertex -36.4058 -26.4503 82
    endloop
  endfacet
  facet normal -0.996918 -0.0784556 0
    outer loop
      vertex -44.446 -7.03955 0
      vertex -45 0 5
      vertex -45 0 0
    endloop
  endfacet
  facet normal -0.996918 -0.0784556 0
    outer loop
      vertex -45 0 5
      vertex -44.446 -7.03955 0
      vertex -44.446 -7.03955 5
    endloop
  endfacet
  facet normal -0.996918 -0.0784556 0
    outer loop
      vertex -44.446 -7.03955 135
      vertex -45 0 140
      vertex -45 0 135
    endloop
  endfacet
  facet normal -0.996918 -0.0784556 0
    outer loop
      vertex -45 0 140
      vertex -44.446 -7.03955 135
      vertex -44.446 -7.03955 140
    endloop
  endfacet
  facet normal 0 0 -1
    outer loop
      vertex 44.446 -7.03955 0
      vertex 44.446 7.03955 0
      vertex 45 0 0
    endloop
  endfacet
  facet normal 0 0 -1
    outer loop
      vertex 42.7975 -13.9058 0
      vertex 44.446 7.03955 0
      vertex 44.446 -7.03955 0
    endloop
  endfacet
  facet normal 0 0 -1
    outer loop
      vertex 42.7975 -13.9058 0
      vertex 42.7975 13.9058 0
      vertex 44.446 7.03955 0
    endloop
  endfacet
  facet normal 0 0 -1
    outer loop
      vertex 40.0953 -20.4296 0
      vertex 42.7975 13.9058 0
      vertex 42.7975 -13.9058 0
    endloop
  endfacet
  facet normal 0 0 -1
    outer loop
      vertex 40.0953 -20.4296 0
      vertex 40.0953 20.4296 0
      vertex 42.7975 13.9058 0
    endloop
  endfacet
  facet normal 0 0 -1
    outer loop
      vertex 36.4058 -26.4503 0
      vertex 40.0953 20.4296 0
      vertex 40.0953 -20.4296 0
    endloop
  endfacet
  facet normal 0 0 -1
    outer loop
      vertex 36.4058 -26.4503 0
      vertex 36.4058 26.4503 0
      vertex 40.0953 20.4296 0
    endloop
  endfacet
  facet normal 0 0 -1
    outer loop
      vertex 31.8198 -31.8198 0
      vertex 36.4058 26.4503 0
      vertex 36.4058 -26.4503 0
    endloop
  endfacet
  facet normal 0 0 -1
    outer loop
      vertex 31.8198 -31.8198 0
      vertex 31.8198 31.8198 0
      vertex 36.4058 26.4503 0
    endloop
  endfacet
  facet normal 0 0 -1
    outer loop
      vertex 26.4503 -36.4058 0
      vertex 31.8198 31.8198 0
      vertex 31.8198 -31.8198 0
    endloop
  endfacet
  facet normal 0 0 -1
    outer loop
      vertex 26.4503 -36.4058 0
      vertex 26.4503 36.4058 0
      vertex 31.8198 31.8198 0
    endloop
  endfacet
  facet normal 0 0 -1
    outer loop
      vertex 20.4296 -40.0953 0
      vertex 26.4503 36.4058 0
      vertex 26.4503 -36.4058 0
    endloop
  endfacet
  facet normal 0 0 -1
    outer loop
      vertex 20.4296 -40.0953 0
      vertex 20.4296 40.0953 0
      vertex 26.4503 36.4058 0
    endloop
  endfacet
  facet normal 0 0 -1
    outer loop
      vertex 13.9058 -42.7975 0
      vertex 20.4296 40.0953 0
      vertex 20.4296 -40.0953 0
    endloop
  endfacet
  facet normal 0 0 -1
    outer loop
      vertex 13.9058 -42.7975 0
      vertex 13.9058 42.7975 0
      vertex 20.4296 40.0953 0
    endloop
  endfacet
  facet normal 0 0 -1
    outer loop
      vertex 7.03955 -44.446 0
      vertex 13.9058 42.7975 0
      vertex 13.9058 -42.7975 0
    endloop
  endfacet
  facet normal 0 0 -1
    outer loop
      vertex 7.03955 -44.446 0
      vertex 7.03955 44.446 0
      vertex 13.9058 42.7975 0
    endloop
  endfacet
  facet normal 0 0 -1
    outer loop
      vertex 0 -45 0
      vertex 7.03955 44.446 0
      vertex 7.03955 -44.446 0
    endloop
  endfacet
  facet normal 0 0 -1
    outer loop
      vertex 0 -45 0
      vertex 0 45 0
      vertex 7.03955 44.446 0
    endloop
  endfacet
  facet normal 0 0 -1
    outer loop
      vertex -7.03955 -44.446 0
      vertex 0 45 0
      vertex 0 -45 0
    endloop
  endfacet
  facet normal 0 0 -1
    outer loop
      vertex -7.03955 -44.446 0
      vertex -7.03955 44.446 0
      vertex 0 45 0
    endloop
  endfacet
  facet normal 0 0 -1
    outer loop
      vertex -13.9058 -42.7975 0
      vertex -7.03955 44.446 0
      vertex -7.03955 -44.446 0
    endloop
  endfacet
  facet normal 0 0 -1
    outer loop
      vertex -13.9058 -42.7975 0
      vertex -13.9058 42.7975 0
      vertex -7.03955 44.446 0
    endloop
  endfacet
  facet normal 0 0 -1
    outer loop
      vertex -20.4296 -40.0953 0
      vertex -13.9058 42.7975 0
      vertex -13.9058 -42.7975 0
    endloop
  endfacet
  facet normal 0 0 -1
    outer loop
      vertex -20.4296 -40.0953 0
      vertex -20.4296 40.0953 0
      vertex -13.9058 42.7975 0
    endloop
  endfacet
  facet normal 0 0 -1
    outer loop
      vertex -26.4503 -36.4058 0
      vertex -20.4296 40.0953 0
      vertex -20.4296 -40.0953 0
    endloop
  endfacet
  facet normal 0 0 -1
    outer loop
      vertex -26.4503 -36.4058 0
      vertex -26.4503 36.4058 0
      vertex -20.4296 40.0953 0
    endloop
  endfacet
  facet normal 0 0 -1
    outer loop
      vertex -31.8198 -31.8198 0
      vertex -26.4503 36.4058 0
      vertex -26.4503 -36.4058 0
    endloop
  endfacet
  facet normal 0 0 -1
    outer loop
      vertex -31.8198 -31.8198 0
      vertex -31.8198 31.8198 0
      vertex -26.4503 36.4058 0
    endloop
  endfacet
  facet normal 0 0 -1
    outer loop
      vertex -36.4058 -26.4503 0
      vertex -31.8198 31.8198 0
      vertex -31.8198 -31.8198 0
    endloop
  endfacet
  facet normal 0 0 -1
    outer loop
      vertex -36.4058 -26.4503 0
      vertex -36.4058 26.4503 0
      vertex -31.8198 31.8198 0
    endloop
  endfacet
  facet normal 0 0 -1
    outer loop
      vertex -40.0953 -20.4296 0
      vertex -36.4058 26.4503 0
      vertex -36.4058 -26.4503 0
    endloop
  endfacet
  facet normal 0 0 -1
    outer loop
      vertex -40.0953 -20.4296 0
      vertex -40.0953 20.4296 0
      vertex -36.4058 26.4503 0
    endloop
  endfacet
  facet normal 0 0 -1
    outer loop
      vertex -42.7975 -13.9058 0
      vertex -40.0953 20.4296 0
      vertex -40.0953 -20.4296 0
    endloop
  endfacet
  facet normal 0 0 -1
    outer loop
      vertex -42.7975 -13.9058 0
      vertex -42.7975 13.9058 0
      vertex -40.0953 20.4296 0
    endloop
  endfacet
  facet normal 0 0 -1
    outer loop
      vertex -44.446 -7.03955 0
      vertex -42.7975 13.9058 0
      vertex -42.7975 -13.9058 0
    endloop
  endfacet
  facet normal 0 0 -1
    outer loop
      vertex -44.446 -7.03955 0
      vertex -44.446 7.03955 0
      vertex -42.7975 13.9058 0
    endloop
  endfacet
  facet normal 0 -0 -1
    outer loop
      vertex -44.446 7.03955 0
      vertex -44.446 -7.03955 0
      vertex -45 0 0
    endloop
  endfacet
  facet normal -0.760405 -0.649449 0
    outer loop
      vertex -31.8198 -31.8198 135
      vertex -36.4058 -26.4503 140
      vertex -36.4058 -26.4503 135
    endloop
  endfacet
  facet normal -0.760405 -0.649449 0
    outer loop
      vertex -36.4058 -26.4503 140
      vertex -31.8198 -31.8198 135
      vertex -31.8198 -31.8198 140
    endloop
  endfacet
  facet normal -0.760405 -0.649449 0
    outer loop
      vertex -31.8198 -31.8198 0
      vertex -36.4058 -26.4503 5
      vertex -36.4058 -26.4503 0
    endloop
  endfacet
  facet normal -0.760405 -0.649449 0
    outer loop
      vertex -36.4058 -26.4503 5
      vertex -31.8198 -31.8198 0
      vertex -31.8198 -31.8198 5
    endloop
  endfacet
  facet normal -0.760405 -0.649449 0
    outer loop
      vertex -31.8198 -31.8198 30
      vertex -36.4058 -26.4503 50
      vertex -36.4058 -26.4503 30
    endloop
  endfacet
  facet normal -0.760405 -0.649449 0
    outer loop
      vertex -36.4058 -26.4503 50
      vertex -31.8198 -31.8198 30
      vertex -31.8198 -31.8198 50
    endloop
  endfacet
  facet normal -0.760405 -0.649449 0
    outer loop
      vertex -31.8198 -31.8198 88
      vertex -36.4058 -26.4503 110
      vertex -36.4058 -26.4503 88
    endloop
  endfacet
  facet normal -0.760405 -0.649449 0
    outer loop
      vertex -36.4058 -26.4503 110
      vertex -31.8198 -31.8198 88
      vertex -31.8198 -31.8198 110
    endloop
  endfacet
  facet normal -0.760405 -0.649449 0
    outer loop
      vertex -31.8198 -31.8198 56
      vertex -36.4058 -26.4503 82
      vertex -36.4058 -26.4503 56
    endloop
  endfacet
  facet normal -0.760405 -0.649449 0
    outer loop
      vertex -36.4058 -26.4503 82
      vertex -31.8198 -31.8198 56
      vertex -31.8198 -31.8198 82
    endloop
  endfacet
  facet normal 0.972368 0.233453 0
    outer loop
      vertex 44.446 7.03955 5
      vertex 42.7975 13.9058 0
      vertex 42.7975 13.9058 5
    endloop
  endfacet
  facet normal 0.972368 0.233453 0
    outer loop
      vertex 42.7975 13.9058 0
      vertex 44.446 7.03955 5
      vertex 44.446 7.03955 0
    endloop
  endfacet
  facet normal 0.972368 0.233453 0
    outer loop
      vertex 44.446 7.03955 140
      vertex 42.7975 13.9058 135
      vertex 42.7975 13.9058 140
    endloop
  endfacet
  facet normal 0.972368 0.233453 0
    outer loop
      vertex 42.7975 13.9058 135
      vertex 44.446 7.03955 140
      vertex 44.446 7.03955 135
    endloop
  endfacet
  facet normal 0.382678 0.923882 -0
    outer loop
      vertex 20.4296 40.0953 0
      vertex 13.9058 42.7975 18
      vertex 20.4296 40.0953 18
    endloop
  endfacet
  facet normal 0.382678 0.923882 0
    outer loop
      vertex 13.9058 42.7975 18
      vertex 20.4296 40.0953 0
      vertex 13.9058 42.7975 0
    endloop
  endfacet
  facet normal 0.382678 0.923882 -0
    outer loop
      vertex 20.4296 40.0953 120
      vertex 13.9058 42.7975 140
      vertex 20.4296 40.0953 140
    endloop
  endfacet
  facet normal 0.382678 0.923882 0
    outer loop
      vertex 13.9058 42.7975 140
      vertex 20.4296 40.0953 120
      vertex 13.9058 42.7975 120
    endloop
  endfacet
  facet normal 0.382678 0.923882 -0
    outer loop
      vertex 20.4296 40.0953 24
      vertex 13.9058 42.7975 50
      vertex 20.4296 40.0953 50
    endloop
  endfacet
  facet normal 0.382678 0.923882 0
    outer loop
      vertex 13.9058 42.7975 50
      vertex 20.4296 40.0953 24
      vertex 13.9058 42.7975 24
    endloop
  endfacet
  facet normal 0.382678 0.923882 -0
    outer loop
      vertex 20.4296 40.0953 56
      vertex 13.9058 42.7975 82
      vertex 20.4296 40.0953 82
    endloop
  endfacet
  facet normal 0.382678 0.923882 0
    outer loop
      vertex 13.9058 42.7975 82
      vertex 20.4296 40.0953 56
      vertex 13.9058 42.7975 56
    endloop
  endfacet
  facet normal 0.382678 0.923882 -0
    outer loop
      vertex 20.4296 40.0953 88
      vertex 13.9058 42.7975 114
      vertex 20.4296 40.0953 114
    endloop
  endfacet
  facet normal 0.382678 0.923882 0
    outer loop
      vertex 13.9058 42.7975 114
      vertex 20.4296 40.0953 88
      vertex 13.9058 42.7975 88
    endloop
  endfacet
  facet normal 0.233453 0.972368 -0
    outer loop
      vertex 13.9058 42.7975 0
      vertex 7.03955 44.446 18
      vertex 13.9058 42.7975 18
    endloop
  endfacet
  facet normal 0.233453 0.972368 0
    outer loop
      vertex 7.03955 44.446 18
      vertex 13.9058 42.7975 0
      vertex 7.03955 44.446 0
    endloop
  endfacet
  facet normal 0.233453 0.972368 -0
    outer loop
      vertex 13.9058 42.7975 120
      vertex 7.03955 44.446 140
      vertex 13.9058 42.7975 140
    endloop
  endfacet
  facet normal 0.233453 0.972368 0
    outer loop
      vertex 7.03955 44.446 140
      vertex 13.9058 42.7975 120
      vertex 7.03955 44.446 120
    endloop
  endfacet
  facet normal 0.233453 0.972368 -0
    outer loop
      vertex 13.9058 42.7975 24
      vertex 7.03955 44.446 50
      vertex 13.9058 42.7975 50
    endloop
  endfacet
  facet normal 0.233453 0.972368 0
    outer loop
      vertex 7.03955 44.446 50
      vertex 13.9058 42.7975 24
      vertex 7.03955 44.446 24
    endloop
  endfacet
  facet normal 0.233453 0.972368 -0
    outer loop
      vertex 13.9058 42.7975 56
      vertex 7.03955 44.446 82
      vertex 13.9058 42.7975 82
    endloop
  endfacet
  facet normal 0.233453 0.972368 0
    outer loop
      vertex 7.03955 44.446 82
      vertex 13.9058 42.7975 56
      vertex 7.03955 44.446 56
    endloop
  endfacet
  facet normal 0.233453 0.972368 -0
    outer loop
      vertex 13.9058 42.7975 88
      vertex 7.03955 44.446 114
      vertex 13.9058 42.7975 114
    endloop
  endfacet
  facet normal 0.233453 0.972368 0
    outer loop
      vertex 7.03955 44.446 114
      vertex 13.9058 42.7975 88
      vertex 7.03955 44.446 88
    endloop
  endfacet
  facet normal 0 0 1
    outer loop
      vertex 14 0 140
      vertex 15 0 140
      vertex 14.4889 3.88229 140
    endloop
  endfacet
  facet normal 0 0 1
    outer loop
      vertex 15 0 140
      vertex 14 0 140
      vertex 14.4889 -3.88229 140
    endloop
  endfacet
  facet normal 0 0 1
    outer loop
      vertex 14.4889 3.88229 140
      vertex 13.523 3.62347 140
      vertex 14 0 140
    endloop
  endfacet
  facet normal 0 0 1
    outer loop
      vertex 12.9904 7.5 140
      vertex 13.523 3.62347 140
      vertex 14.4889 3.88229 140
    endloop
  endfacet
  facet normal 0 0 1
    outer loop
      vertex 12.9904 7.5 140
      vertex 12.1244 7 140
      vertex 13.523 3.62347 140
    endloop
  endfacet
  facet normal 0 0 1
    outer loop
      vertex 10.6066 10.6066 140
      vertex 12.1244 7 140
      vertex 12.9904 7.5 140
    endloop
  endfacet
  facet normal 0 0 1
    outer loop
      vertex 10.6066 10.6066 140
      vertex 9.89949 9.89949 140
      vertex 12.1244 7 140
    endloop
  endfacet
  facet normal 0 0 1
    outer loop
      vertex 7.5 12.9904 140
      vertex 9.89949 9.89949 140
      vertex 10.6066 10.6066 140
    endloop
  endfacet
  facet normal 0 0 1
    outer loop
      vertex 7.5 12.9904 140
      vertex 7 12.1244 140
      vertex 9.89949 9.89949 140
    endloop
  endfacet
  facet normal 0 0 1
    outer loop
      vertex 3.88229 14.4889 140
      vertex 7 12.1244 140
      vertex 7.5 12.9904 140
    endloop
  endfacet
  facet normal 0 0 1
    outer loop
      vertex 3.88229 14.4889 140
      vertex 3.62347 13.523 140
      vertex 7 12.1244 140
    endloop
  endfacet
  facet normal 0 0 1
    outer loop
      vertex 0 15 140
      vertex 3.62347 13.523 140
      vertex 3.88229 14.4889 140
    endloop
  endfacet
  facet normal 0 0 1
    outer loop
      vertex 0 15 140
      vertex 0 14 140
      vertex 3.62347 13.523 140
    endloop
  endfacet
  facet normal 0 0 1
    outer loop
      vertex 0 15 140
      vertex -3.62347 13.523 140
      vertex 0 14 140
    endloop
  endfacet
  facet normal -0 0 1
    outer loop
      vertex -3.88229 14.4889 140
      vertex -3.62347 13.523 140
      vertex 0 15 140
    endloop
  endfacet
  facet normal 0 0 1
    outer loop
      vertex -3.88229 14.4889 140
      vertex -7 12.1244 140
      vertex -3.62347 13.523 140
    endloop
  endfacet
  facet normal -0 0 1
    outer loop
      vertex -7.5 12.9904 140
      vertex -7 12.1244 140
      vertex -3.88229 14.4889 140
    endloop
  endfacet
  facet normal 0 0 1
    outer loop
      vertex -7.5 12.9904 140
      vertex -9.89949 9.89949 140
      vertex -7 12.1244 140
    endloop
  endfacet
  facet normal -0 0 1
    outer loop
      vertex -10.6066 10.6066 140
      vertex -9.89949 9.89949 140
      vertex -7.5 12.9904 140
    endloop
  endfacet
  facet normal 0 0 1
    outer loop
      vertex -10.6066 10.6066 140
      vertex -12.1244 7 140
      vertex -9.89949 9.89949 140
    endloop
  endfacet
  facet normal -0 0 1
    outer loop
      vertex -12.9904 7.5 140
      vertex -12.1244 7 140
      vertex -10.6066 10.6066 140
    endloop
  endfacet
  facet normal 0 0 1
    outer loop
      vertex -12.9904 7.5 140
      vertex -13.523 3.62347 140
      vertex -12.1244 7 140
    endloop
  endfacet
  facet normal 0 0 1
    outer loop
      vertex -13.523 3.62347 140
      vertex -14.4889 3.88229 140
      vertex -14 0 140
    endloop
  endfacet
  facet normal -0 0 1
    outer loop
      vertex -14.4889 3.88229 140
      vertex -13.523 3.62347 140
      vertex -12.9904 7.5 140
    endloop
  endfacet
  facet normal -0 0 1
    outer loop
      vertex 13.523 -3.62347 140
      vertex 14.4889 -3.88229 140
      vertex 14 0 140
    endloop
  endfacet
  facet normal 0 0 1
    outer loop
      vertex 13.523 -3.62347 140
      vertex 12.9904 -7.5 140
      vertex 14.4889 -3.88229 140
    endloop
  endfacet
  facet normal -0 0 1
    outer loop
      vertex 12.1244 -7 140
      vertex 12.9904 -7.5 140
      vertex 13.523 -3.62347 140
    endloop
  endfacet
  facet normal 0 0 1
    outer loop
      vertex 12.1244 -7 140
      vertex 10.6066 -10.6066 140
      vertex 12.9904 -7.5 140
    endloop
  endfacet
  facet normal -0 0 1
    outer loop
      vertex 9.89949 -9.89949 140
      vertex 10.6066 -10.6066 140
      vertex 12.1244 -7 140
    endloop
  endfacet
  facet normal 0 0 1
    outer loop
      vertex 9.89949 -9.89949 140
      vertex 7.5 -12.9904 140
      vertex 10.6066 -10.6066 140
    endloop
  endfacet
  facet normal -0 0 1
    outer loop
      vertex 7 -12.1244 140
      vertex 7.5 -12.9904 140
      vertex 9.89949 -9.89949 140
    endloop
  endfacet
  facet normal 0 0 1
    outer loop
      vertex 7 -12.1244 140
      vertex 3.88229 -14.4889 140
      vertex 7.5 -12.9904 140
    endloop
  endfacet
  facet normal -0 0 1
    outer loop
      vertex 3.62347 -13.523 140
      vertex 3.88229 -14.4889 140
      vertex 7 -12.1244 140
    endloop
  endfacet
  facet normal -0 0 1
    outer loop
      vertex 0 -14 140
      vertex 3.88229 -14.4889 140
      vertex 3.62347 -13.523 140
    endloop
  endfacet
  facet normal 0 0 1
    outer loop
      vertex 0 -14 140
      vertex 0 -15 140
      vertex 3.88229 -14.4889 140
    endloop
  endfacet
  facet normal 0 0 1
    outer loop
      vertex -3.62347 -13.523 140
      vertex 0 -15 140
      vertex 0 -14 140
    endloop
  endfacet
  facet normal 0 0 1
    outer loop
      vertex -3.62347 -13.523 140
      vertex -3.88229 -14.4889 140
      vertex 0 -15 140
    endloop
  endfacet
  facet normal 0 0 1
    outer loop
      vertex -7 -12.1244 140
      vertex -3.88229 -14.4889 140
      vertex -3.62347 -13.523 140
    endloop
  endfacet
  facet normal 0 0 1
    outer loop
      vertex -7 -12.1244 140
      vertex -7.5 -12.9904 140
      vertex -3.88229 -14.4889 140
    endloop
  endfacet
  facet normal 0 0 1
    outer loop
      vertex -9.89949 -9.89949 140
      vertex -7.5 -12.9904 140
      vertex -7 -12.1244 140
    endloop
  endfacet
  facet normal 0 0 1
    outer loop
      vertex -9.89949 -9.89949 140
      vertex -10.6066 -10.6066 140
      vertex -7.5 -12.9904 140
    endloop
  endfacet
  facet normal 0 0 1
    outer loop
      vertex -12.1244 -7 140
      vertex -10.6066 -10.6066 140
      vertex -9.89949 -9.89949 140
    endloop
  endfacet
  facet normal 0 0 1
    outer loop
      vertex -12.1244 -7 140
      vertex -12.9904 -7.5 140
      vertex -10.6066 -10.6066 140
    endloop
  endfacet
  facet normal 0 0 1
    outer loop
      vertex -13.523 -3.62347 140
      vertex -12.9904 -7.5 140
      vertex -12.1244 -7 140
    endloop
  endfacet
  facet normal 0 0 1
    outer loop
      vertex -13.523 -3.62347 140
      vertex -14.4889 -3.88229 140
      vertex -12.9904 -7.5 140
    endloop
  endfacet
  facet normal 0 0 1
    outer loop
      vertex -14 0 140
      vertex -14.4889 -3.88229 140
      vertex -13.523 -3.62347 140
    endloop
  endfacet
  facet normal 0 0 1
    outer loop
      vertex -15 0 140
      vertex -14 0 140
      vertex -14.4889 3.88229 140
    endloop
  endfacet
  facet normal 0 0 1
    outer loop
      vertex -14 0 140
      vertex -15 0 140
      vertex -14.4889 -3.88229 140
    endloop
  endfacet
  facet normal 0 0 1
    outer loop
      vertex 20 0 140
      vertex 45 0 140
      vertex 44.446 7.03955 140
    endloop
  endfacet
  facet normal 0 0 1
    outer loop
      vertex 19.3185 5.17638 140
      vertex 44.446 7.03955 140
      vertex 42.7975 13.9058 140
    endloop
  endfacet
  facet normal 0 0 1
    outer loop
      vertex 45 0 140
      vertex 20 0 140
      vertex 44.446 -7.03955 140
    endloop
  endfacet
  facet normal 0 0 1
    outer loop
      vertex 19.3185 5.17638 140
      vertex 42.7975 13.9058 140
      vertex 40.0953 20.4296 140
    endloop
  endfacet
  facet normal -0 0 1
    outer loop
      vertex 19.3185 -5.17638 140
      vertex 44.446 -7.03955 140
      vertex 20 0 140
    endloop
  endfacet
  facet normal 0 0 1
    outer loop
      vertex 17.3205 10 140
      vertex 40.0953 20.4296 140
      vertex 36.4058 26.4503 140
    endloop
  endfacet
  facet normal 0 0 1
    outer loop
      vertex 44.446 -7.03955 140
      vertex 19.3185 -5.17638 140
      vertex 42.7975 -13.9058 140
    endloop
  endfacet
  facet normal 0 0 1
    outer loop
      vertex 14.1421 14.1421 140
      vertex 36.4058 26.4503 140
      vertex 31.8198 31.8198 140
    endloop
  endfacet
  facet normal 0 0 1
    outer loop
      vertex 42.7975 -13.9058 140
      vertex 19.3185 -5.17638 140
      vertex 40.0953 -20.4296 140
    endloop
  endfacet
  facet normal 0 0 1
    outer loop
      vertex 14.1421 14.1421 140
      vertex 31.8198 31.8198 140
      vertex 26.4503 36.4058 140
    endloop
  endfacet
  facet normal -0 0 1
    outer loop
      vertex 17.3205 -10 140
      vertex 40.0953 -20.4296 140
      vertex 19.3185 -5.17638 140
    endloop
  endfacet
  facet normal 0 0 1
    outer loop
      vertex 10 17.3205 140
      vertex 26.4503 36.4058 140
      vertex 20.4296 40.0953 140
    endloop
  endfacet
  facet normal 0 0 1
    outer loop
      vertex 40.0953 -20.4296 140
      vertex 17.3205 -10 140
      vertex 36.4058 -26.4503 140
    endloop
  endfacet
  facet normal -0 0 1
    outer loop
      vertex 14.1421 -14.1421 140
      vertex 36.4058 -26.4503 140
      vertex 17.3205 -10 140
    endloop
  endfacet
  facet normal 0 0 1
    outer loop
      vertex 44.446 7.03955 140
      vertex 19.3185 5.17638 140
      vertex 20 0 140
    endloop
  endfacet
  facet normal 0 0 1
    outer loop
      vertex 40.0953 20.4296 140
      vertex 17.3205 10 140
      vertex 19.3185 5.17638 140
    endloop
  endfacet
  facet normal 0 0 1
    outer loop
      vertex 36.4058 26.4503 140
      vertex 14.1421 14.1421 140
      vertex 17.3205 10 140
    endloop
  endfacet
  facet normal 0 0 1
    outer loop
      vertex 10 17.3205 140
      vertex 20.4296 40.0953 140
      vertex 13.9058 42.7975 140
    endloop
  endfacet
  facet normal 0 0 1
    outer loop
      vertex 26.4503 36.4058 140
      vertex 10 17.3205 140
      vertex 14.1421 14.1421 140
    endloop
  endfacet
  facet normal 0 0 1
    outer loop
      vertex 5.17638 19.3185 140
      vertex 13.9058 42.7975 140
      vertex 7.03955 44.446 140
    endloop
  endfacet
  facet normal 0 0 1
    outer loop
      vertex 13.9058 42.7975 140
      vertex 5.17638 19.3185 140
      vertex 10 17.3205 140
    endloop
  endfacet
  facet normal 0 0 1
    outer loop
      vertex 0 20 140
      vertex 7.03955 44.446 140
      vertex 0 45 140
    endloop
  endfacet
  facet normal 0 0 1
    outer loop
      vertex 7.03955 44.446 140
      vertex 0 20 140
      vertex 5.17638 19.3185 140
    endloop
  endfacet
  facet normal -0 0 1
    outer loop
      vertex -7.03955 44.446 140
      vertex 0 20 140
      vertex 0 45 140
    endloop
  endfacet
  facet normal 0 0 1
    outer loop
      vertex 0 20 140
      vertex -7.03955 44.446 140
      vertex -5.17638 19.3185 140
    endloop
  endfacet
  facet normal -0 0 1
    outer loop
      vertex -13.9058 42.7975 140
      vertex -5.17638 19.3185 140
      vertex -7.03955 44.446 140
    endloop
  endfacet
  facet normal 0 0 1
    outer loop
      vertex -5.17638 19.3185 140
      vertex -13.9058 42.7975 140
      vertex -10 17.3205 140
    endloop
  endfacet
  facet normal -0 0 1
    outer loop
      vertex -20.4296 40.0953 140
      vertex -10 17.3205 140
      vertex -13.9058 42.7975 140
    endloop
  endfacet
  facet normal -0 0 1
    outer loop
      vertex -26.4503 36.4058 140
      vertex -10 17.3205 140
      vertex -20.4296 40.0953 140
    endloop
  endfacet
  facet normal 0 0 1
    outer loop
      vertex -10 17.3205 140
      vertex -26.4503 36.4058 140
      vertex -14.1421 14.1421 140
    endloop
  endfacet
  facet normal -0 0 1
    outer loop
      vertex -36.4058 26.4503 140
      vertex -14.1421 14.1421 140
      vertex -31.8198 31.8198 140
    endloop
  endfacet
  facet normal -0 0 1
    outer loop
      vertex -31.8198 31.8198 140
      vertex -14.1421 14.1421 140
      vertex -26.4503 36.4058 140
    endloop
  endfacet
  facet normal 0 0 1
    outer loop
      vertex 36.4058 -26.4503 140
      vertex 14.1421 -14.1421 140
      vertex 31.8198 -31.8198 140
    endloop
  endfacet
  facet normal 0 0 1
    outer loop
      vertex 31.8198 -31.8198 140
      vertex 14.1421 -14.1421 140
      vertex 26.4503 -36.4058 140
    endloop
  endfacet
  facet normal -0 0 1
    outer loop
      vertex 10 -17.3205 140
      vertex 26.4503 -36.4058 140
      vertex 14.1421 -14.1421 140
    endloop
  endfacet
  facet normal 0 0 1
    outer loop
      vertex 26.4503 -36.4058 140
      vertex 10 -17.3205 140
      vertex 20.4296 -40.0953 140
    endloop
  endfacet
  facet normal 0 0 1
    outer loop
      vertex 20.4296 -40.0953 140
      vertex 10 -17.3205 140
      vertex 13.9058 -42.7975 140
    endloop
  endfacet
  facet normal -0 0 1
    outer loop
      vertex 5.17638 -19.3185 140
      vertex 13.9058 -42.7975 140
      vertex 10 -17.3205 140
    endloop
  endfacet
  facet normal 0 0 1
    outer loop
      vertex 13.9058 -42.7975 140
      vertex 5.17638 -19.3185 140
      vertex 7.03955 -44.446 140
    endloop
  endfacet
  facet normal -0 0 1
    outer loop
      vertex 0 -20 140
      vertex 7.03955 -44.446 140
      vertex 5.17638 -19.3185 140
    endloop
  endfacet
  facet normal 0 0 1
    outer loop
      vertex 0 -20 140
      vertex 0 -45 140
      vertex 7.03955 -44.446 140
    endloop
  endfacet
  facet normal 0 0 1
    outer loop
      vertex -7.03955 -44.446 140
      vertex 0 -20 140
      vertex -5.17638 -19.3185 140
    endloop
  endfacet
  facet normal 0 0 1
    outer loop
      vertex 0 -20 140
      vertex -7.03955 -44.446 140
      vertex 0 -45 140
    endloop
  endfacet
  facet normal 0 0 1
    outer loop
      vertex -13.9058 -42.7975 140
      vertex -5.17638 -19.3185 140
      vertex -10 -17.3205 140
    endloop
  endfacet
  facet normal 0 0 1
    outer loop
      vertex -5.17638 -19.3185 140
      vertex -13.9058 -42.7975 140
      vertex -7.03955 -44.446 140
    endloop
  endfacet
  facet normal 0 0 1
    outer loop
      vertex -26.4503 -36.4058 140
      vertex -10 -17.3205 140
      vertex -14.1421 -14.1421 140
    endloop
  endfacet
  facet normal 0 0 1
    outer loop
      vertex -36.4058 -26.4503 140
      vertex -14.1421 -14.1421 140
      vertex -17.3205 -10 140
    endloop
  endfacet
  facet normal 0 0 1
    outer loop
      vertex -40.0953 -20.4296 140
      vertex -17.3205 -10 140
      vertex -19.3185 -5.17638 140
    endloop
  endfacet
  facet normal 0 0 1
    outer loop
      vertex -10 -17.3205 140
      vertex -20.4296 -40.0953 140
      vertex -13.9058 -42.7975 140
    endloop
  endfacet
  facet normal 0 0 1
    outer loop
      vertex -44.446 -7.03955 140
      vertex -19.3185 -5.17638 140
      vertex -20 0 140
    endloop
  endfacet
  facet normal 0 0 1
    outer loop
      vertex -14.1421 14.1421 140
      vertex -36.4058 26.4503 140
      vertex -17.3205 10 140
    endloop
  endfacet
  facet normal -0 0 1
    outer loop
      vertex -40.0953 20.4296 140
      vertex -17.3205 10 140
      vertex -36.4058 26.4503 140
    endloop
  endfacet
  facet normal 0 0 1
    outer loop
      vertex -10 -17.3205 140
      vertex -26.4503 -36.4058 140
      vertex -20.4296 -40.0953 140
    endloop
  endfacet
  facet normal 0 0 1
    outer loop
      vertex -17.3205 10 140
      vertex -40.0953 20.4296 140
      vertex -19.3185 5.17638 140
    endloop
  endfacet
  facet normal 0 0 1
    outer loop
      vertex -14.1421 -14.1421 140
      vertex -31.8198 -31.8198 140
      vertex -26.4503 -36.4058 140
    endloop
  endfacet
  facet normal -0 0 1
    outer loop
      vertex -42.7975 13.9058 140
      vertex -19.3185 5.17638 140
      vertex -40.0953 20.4296 140
    endloop
  endfacet
  facet normal 0 0 1
    outer loop
      vertex -14.1421 -14.1421 140
      vertex -36.4058 -26.4503 140
      vertex -31.8198 -31.8198 140
    endloop
  endfacet
  facet normal -0 0 1
    outer loop
      vertex -44.446 7.03955 140
      vertex -19.3185 5.17638 140
      vertex -42.7975 13.9058 140
    endloop
  endfacet
  facet normal 0 0 1
    outer loop
      vertex -17.3205 -10 140
      vertex -40.0953 -20.4296 140
      vertex -36.4058 -26.4503 140
    endloop
  endfacet
  facet normal 0 0 1
    outer loop
      vertex -19.3185 5.17638 140
      vertex -44.446 7.03955 140
      vertex -20 0 140
    endloop
  endfacet
  facet normal 0 0 1
    outer loop
      vertex -19.3185 -5.17638 140
      vertex -42.7975 -13.9058 140
      vertex -40.0953 -20.4296 140
    endloop
  endfacet
  facet normal 0 0 1
    outer loop
      vertex -45 0 140
      vertex -20 0 140
      vertex -44.446 7.03955 140
    endloop
  endfacet
  facet normal 0 0 1
    outer loop
      vertex -19.3185 -5.17638 140
      vertex -44.446 -7.03955 140
      vertex -42.7975 -13.9058 140
    endloop
  endfacet
  facet normal 0 0 1
    outer loop
      vertex -20 0 140
      vertex -45 0 140
      vertex -44.446 -7.03955 140
    endloop
  endfacet
  facet normal -0.923882 0.382678 0
    outer loop
      vertex -42.7975 13.9058 0
      vertex -40.0953 20.4296 5
      vertex -40.0953 20.4296 0
    endloop
  endfacet
  facet normal -0.923882 0.382678 0
    outer loop
      vertex -40.0953 20.4296 5
      vertex -42.7975 13.9058 0
      vertex -42.7975 13.9058 5
    endloop
  endfacet
  facet normal -0.923882 0.382678 0
    outer loop
      vertex -42.7975 13.9058 135
      vertex -40.0953 20.4296 140
      vertex -40.0953 20.4296 135
    endloop
  endfacet
  facet normal -0.923882 0.382678 0
    outer loop
      vertex -40.0953 20.4296 140
      vertex -42.7975 13.9058 135
      vertex -42.7975 13.9058 140
    endloop
  endfacet
  facet normal -0.924524 0.381113 -0.0028027
    outer loop
      vertex -40.2457 20.0665 30.9623
      vertex -40.0953 20.4296 30.7246
      vertex -40.1261 20.3552 30.7676
    endloop
  endfacet
  facet normal -0.923877 0.382689 1.4296e-05
    outer loop
      vertex -40.0953 20.4296 30.7246
      vertex -40.2457 20.0665 30.9623
      vertex -41.0991 18.0061 34.9132
    endloop
  endfacet
  facet normal -0.923878 0.382688 1.31947e-05
    outer loop
      vertex -41.0991 18.0061 34.9132
      vertex -40.2457 20.0665 30.9623
      vertex -40.3594 19.792 31.1767
    endloop
  endfacet
  facet normal -0.923962 0.382485 -0.000100378
    outer loop
      vertex -41.0991 18.0061 34.9132
      vertex -40.3594 19.792 31.1767
      vertex -40.4666 19.5331 31.4099
    endloop
  endfacet
  facet normal -0.92373 0.383043 0.000184831
    outer loop
      vertex -41.0991 18.0061 34.9132
      vertex -40.4666 19.5331 31.4099
      vertex -40.5669 19.2911 31.6604
    endloop
  endfacet
  facet normal -0.924096 0.382161 -0.000223634
    outer loop
      vertex -41.0991 18.0061 34.9132
      vertex -40.5669 19.2911 31.6604
      vertex -40.6596 19.0671 31.9274
    endloop
  endfacet
  facet normal -0.92354 0.383502 0.000335009
    outer loop
      vertex -41.0991 18.0061 34.9132
      vertex -40.6596 19.0671 31.9274
      vertex -40.7445 18.8624 32.2092
    endloop
  endfacet
  facet normal -0.923924 0.382575 -8.93485e-06
    outer loop
      vertex -41.0991 18.0061 34.9132
      vertex -40.7445 18.8624 32.2092
      vertex -40.8209 18.6779 32.5044
    endloop
  endfacet
  facet normal -0.923871 0.382704 3.30059e-05
    outer loop
      vertex -41.0991 18.0061 34.9132
      vertex -40.8209 18.6779 32.5044
      vertex -40.8887 18.5142 32.8122
    endloop
  endfacet
  facet normal -0.923802 0.38287 8.00952e-05
    outer loop
      vertex -41.0991 18.0061 34.9132
      vertex -40.8887 18.5142 32.8122
      vertex -40.9474 18.3725 33.1305
    endloop
  endfacet
  facet normal -0.924008 0.382373 -3.94704e-05
    outer loop
      vertex -41.0991 18.0061 34.9132
      vertex -40.9474 18.3725 33.1305
      vertex -40.9967 18.2534 33.4576
    endloop
  endfacet
  facet normal -0.923515 0.383562 0.000197151
    outer loop
      vertex -41.0991 18.0061 34.9132
      vertex -40.9967 18.2534 33.4576
      vertex -41.0365 18.1574 33.7927
    endloop
  endfacet
  facet normal -0.923991 0.382414 1.55615e-05
    outer loop
      vertex -41.0991 18.0061 34.9132
      vertex -41.0365 18.1574 33.7927
      vertex -41.0665 18.0849 34.1334
    endloop
  endfacet
  facet normal -0.924607 0.380923 -0.000160922
    outer loop
      vertex -41.0991 18.0061 34.9132
      vertex -41.0665 18.0849 34.1334
      vertex -41.0865 18.0365 34.4782
    endloop
  endfacet
  facet normal -0.924139 0.382055 -0.000415573
    outer loop
      vertex -40.0953 20.4296 30.7246
      vertex -41.0991 18.0061 34.9132
      vertex -41.1017 18 35.087
    endloop
  endfacet
  facet normal -0.923876 0.382692 0
    outer loop
      vertex -40.0953 20.4296 30.7246
      vertex -41.1017 18 35.087
      vertex -40.0953 20.4296 50
    endloop
  endfacet
  facet normal -0.923876 0.382692 0
    outer loop
      vertex -40.0953 20.4296 50
      vertex -41.1017 18 35.087
      vertex -41.1017 18 50
    endloop
  endfacet
  facet normal -0.923876 0.382692 0
    outer loop
      vertex -41.1017 18 104.891
      vertex -40.0953 20.4296 109.275
      vertex -40.0953 20.4296 88
    endloop
  endfacet
  facet normal -0.924066 0.382232 0.000298425
    outer loop
      vertex -41.0977 18.0095 105.109
      vertex -40.0953 20.4296 109.275
      vertex -41.1017 18 104.891
    endloop
  endfacet
  facet normal -0.92386 0.382732 -4.12139e-05
    outer loop
      vertex -40.0953 20.4296 109.275
      vertex -41.0977 18.0095 105.109
      vertex -40.1866 20.2092 109.138
    endloop
  endfacet
  facet normal -0.923924 0.382576 5.80326e-05
    outer loop
      vertex -40.1866 20.2092 109.138
      vertex -41.0977 18.0095 105.109
      vertex -40.3033 19.9274 108.933
    endloop
  endfacet
  facet normal -0.923867 0.382715 -2.33389e-05
    outer loop
      vertex -40.3033 19.9274 108.933
      vertex -41.0977 18.0095 105.109
      vertex -40.4139 19.6604 108.709
    endloop
  endfacet
  facet normal -0.923783 0.382916 -0.000131538
    outer loop
      vertex -40.4139 19.6604 108.709
      vertex -41.0977 18.0095 105.109
      vertex -40.5177 19.4099 108.467
    endloop
  endfacet
  facet normal -0.924113 0.382119 0.000258077
    outer loop
      vertex -40.5177 19.4099 108.467
      vertex -41.0977 18.0095 105.109
      vertex -40.6142 19.1767 108.208
    endloop
  endfacet
  facet normal -0.923827 0.38281 -4.69114e-05
    outer loop
      vertex -41.0773 18.0588 105.673
      vertex -40.6142 19.1767 108.208
      vertex -41.0977 18.0095 105.109
    endloop
  endfacet
  facet normal -0.923575 0.383417 -0.000360826
    outer loop
      vertex -40.6142 19.1767 108.208
      vertex -41.0773 18.0588 105.673
      vertex -40.7031 18.9623 107.934
    endloop
  endfacet
  facet normal -0.924053 0.382265 0.000178717
    outer loop
      vertex -40.7031 18.9623 107.934
      vertex -41.0773 18.0588 105.673
      vertex -40.7837 18.7676 107.645
    endloop
  endfacet
  facet normal -0.923871 0.382704 -6.2702e-06
    outer loop
      vertex -40.7837 18.7676 107.645
      vertex -41.0773 18.0588 105.673
      vertex -40.8559 18.5933 107.343
    endloop
  endfacet
  facet normal -0.924196 0.381918 0.0002885
    outer loop
      vertex -40.8559 18.5933 107.343
      vertex -41.0773 18.0588 105.673
      vertex -40.9191 18.4406 107.03
    endloop
  endfacet
  facet normal -0.923612 0.383329 -0.00017659
    outer loop
      vertex -40.9191 18.4406 107.03
      vertex -41.0773 18.0588 105.673
      vertex -40.9732 18.3101 106.707
    endloop
  endfacet
  facet normal -0.923542 0.383497 -0.000224323
    outer loop
      vertex -40.9732 18.3101 106.707
      vertex -41.0773 18.0588 105.673
      vertex -41.0178 18.2025 106.376
    endloop
  endfacet
  facet normal -0.923876 0.382692 0
    outer loop
      vertex -41.1017 18 104.891
      vertex -40.0953 20.4296 88
      vertex -41.1017 18 88
    endloop
  endfacet
  facet normal -0.924172 0.381976 0.000139772
    outer loop
      vertex -41.0178 18.2025 106.376
      vertex -41.0773 18.0588 105.673
      vertex -41.0505 18.1235 106.059
    endloop
  endfacet
  facet normal -0.923876 0.382692 0
    outer loop
      vertex -41.1017 18 56
      vertex -40.0953 20.4296 82
      vertex -40.0953 20.4296 56
    endloop
  endfacet
  facet normal -0.923876 0.382692 0
    outer loop
      vertex -40.0953 20.4296 82
      vertex -41.1017 18 56
      vertex -41.1017 18 82
    endloop
  endfacet
  facet normal -0.972368 0.233453 0
    outer loop
      vertex -44.446 7.03955 0
      vertex -42.7975 13.9058 5
      vertex -42.7975 13.9058 0
    endloop
  endfacet
  facet normal -0.972368 0.233453 0
    outer loop
      vertex -42.7975 13.9058 5
      vertex -44.446 7.03955 0
      vertex -44.446 7.03955 5
    endloop
  endfacet
  facet normal -0.972368 0.233453 0
    outer loop
      vertex -44.446 7.03955 135
      vertex -42.7975 13.9058 140
      vertex -42.7975 13.9058 135
    endloop
  endfacet
  facet normal -0.972368 0.233453 0
    outer loop
      vertex -42.7975 13.9058 140
      vertex -44.446 7.03955 135
      vertex -44.446 7.03955 140
    endloop
  endfacet
  facet normal -0.233453 0.972368 0
    outer loop
      vertex -7.03955 44.446 0
      vertex -13.9058 42.7975 18
      vertex -7.03955 44.446 18
    endloop
  endfacet
  facet normal -0.233453 0.972368 0
    outer loop
      vertex -13.9058 42.7975 18
      vertex -7.03955 44.446 0
      vertex -13.9058 42.7975 0
    endloop
  endfacet
  facet normal -0.233453 0.972368 0
    outer loop
      vertex -7.03955 44.446 120
      vertex -13.9058 42.7975 140
      vertex -7.03955 44.446 140
    endloop
  endfacet
  facet normal -0.233453 0.972368 0
    outer loop
      vertex -13.9058 42.7975 140
      vertex -7.03955 44.446 120
      vertex -13.9058 42.7975 120
    endloop
  endfacet
  facet normal -0.233453 0.972368 0
    outer loop
      vertex -7.03955 44.446 24
      vertex -13.9058 42.7975 50
      vertex -7.03955 44.446 50
    endloop
  endfacet
  facet normal -0.233453 0.972368 0
    outer loop
      vertex -13.9058 42.7975 50
      vertex -7.03955 44.446 24
      vertex -13.9058 42.7975 24
    endloop
  endfacet
  facet normal -0.233453 0.972368 0
    outer loop
      vertex -7.03955 44.446 56
      vertex -13.9058 42.7975 82
      vertex -7.03955 44.446 82
    endloop
  endfacet
  facet normal -0.233453 0.972368 0
    outer loop
      vertex -13.9058 42.7975 82
      vertex -7.03955 44.446 56
      vertex -13.9058 42.7975 56
    endloop
  endfacet
  facet normal -0.233453 0.972368 0
    outer loop
      vertex -7.03955 44.446 88
      vertex -13.9058 42.7975 114
      vertex -7.03955 44.446 114
    endloop
  endfacet
  facet normal -0.233453 0.972368 0
    outer loop
      vertex -13.9058 42.7975 114
      vertex -7.03955 44.446 88
      vertex -13.9058 42.7975 88
    endloop
  endfacet
  facet normal 0.996918 0.0784556 0
    outer loop
      vertex 45 0 140
      vertex 44.446 7.03955 135
      vertex 44.446 7.03955 140
    endloop
  endfacet
  facet normal 0.996918 0.0784556 0
    outer loop
      vertex 44.446 7.03955 135
      vertex 45 0 140
      vertex 45 0 135
    endloop
  endfacet
  facet normal 0.996918 0.0784556 0
    outer loop
      vertex 45 0 5
      vertex 44.446 7.03955 0
      vertex 44.446 7.03955 5
    endloop
  endfacet
  facet normal 0.996918 0.0784556 0
    outer loop
      vertex 44.446 7.03955 0
      vertex 45 0 5
      vertex 45 0 0
    endloop
  endfacet
  facet normal 0.233453 -0.972368 0
    outer loop
      vertex 7.03955 -44.446 120
      vertex 13.9058 -42.7975 140
      vertex 7.03955 -44.446 140
    endloop
  endfacet
  facet normal 0.233453 -0.972368 0
    outer loop
      vertex 13.9058 -42.7975 140
      vertex 7.03955 -44.446 120
      vertex 13.9058 -42.7975 120
    endloop
  endfacet
  facet normal 0.233453 -0.972368 0
    outer loop
      vertex 7.03955 -44.446 0
      vertex 13.9058 -42.7975 18
      vertex 7.03955 -44.446 18
    endloop
  endfacet
  facet normal 0.233453 -0.972368 0
    outer loop
      vertex 13.9058 -42.7975 18
      vertex 7.03955 -44.446 0
      vertex 13.9058 -42.7975 0
    endloop
  endfacet
  facet normal 0.233453 -0.972368 0
    outer loop
      vertex 7.03955 -44.446 24
      vertex 13.9058 -42.7975 50
      vertex 7.03955 -44.446 50
    endloop
  endfacet
  facet normal 0.233453 -0.972368 0
    outer loop
      vertex 13.9058 -42.7975 50
      vertex 7.03955 -44.446 24
      vertex 13.9058 -42.7975 24
    endloop
  endfacet
  facet normal 0.233453 -0.972368 0
    outer loop
      vertex 7.03955 -44.446 56
      vertex 13.9058 -42.7975 82
      vertex 7.03955 -44.446 82
    endloop
  endfacet
  facet normal 0.233453 -0.972368 0
    outer loop
      vertex 13.9058 -42.7975 82
      vertex 7.03955 -44.446 56
      vertex 13.9058 -42.7975 56
    endloop
  endfacet
  facet normal 0.233453 -0.972368 0
    outer loop
      vertex 7.03955 -44.446 88
      vertex 13.9058 -42.7975 114
      vertex 7.03955 -44.446 114
    endloop
  endfacet
  facet normal 0.233453 -0.972368 0
    outer loop
      vertex 13.9058 -42.7975 114
      vertex 7.03955 -44.446 88
      vertex 13.9058 -42.7975 88
    endloop
  endfacet
  facet normal 0.649449 -0.760405 3.42993e-06
    outer loop
      vertex 26.4503 -36.4058 140
      vertex 31 -32.52 135
      vertex 31.8198 -31.8198 140
    endloop
  endfacet
  facet normal 0.649447 -0.760407 0
    outer loop
      vertex 26.4503 -36.4058 120
      vertex 31 -32.52 135
      vertex 26.4503 -36.4058 140
    endloop
  endfacet
  facet normal 0.649447 -0.760407 0
    outer loop
      vertex 31 -32.52 135
      vertex 26.4503 -36.4058 120
      vertex 31 -32.52 120
    endloop
  endfacet
  facet normal 0.649461 -0.760395 0
    outer loop
      vertex 31.8198 -31.8198 140
      vertex 31 -32.52 135
      vertex 31.8198 -31.8198 135
    endloop
  endfacet
  facet normal 0.649447 -0.760407 0
    outer loop
      vertex 26.4503 -36.4058 18
      vertex 31 -32.52 5
      vertex 31 -32.52 18
    endloop
  endfacet
  facet normal 0.649447 -0.760407 0
    outer loop
      vertex 26.4503 -36.4058 0
      vertex 31 -32.52 5
      vertex 26.4503 -36.4058 18
    endloop
  endfacet
  facet normal 0.649449 -0.760405 -3.42993e-06
    outer loop
      vertex 31.8198 -31.8198 0
      vertex 31 -32.52 5
      vertex 26.4503 -36.4058 0
    endloop
  endfacet
  facet normal 0.649461 -0.760395 0
    outer loop
      vertex 31 -32.52 5
      vertex 31.8198 -31.8198 0
      vertex 31.8198 -31.8198 5
    endloop
  endfacet
  facet normal 0.649449 -0.760405 8.57483e-07
    outer loop
      vertex 26.4503 -36.4058 50
      vertex 31 -32.52 30
      vertex 31.8198 -31.8198 50
    endloop
  endfacet
  facet normal 0.649447 -0.760407 0
    outer loop
      vertex 26.4503 -36.4058 24
      vertex 31 -32.52 30
      vertex 26.4503 -36.4058 50
    endloop
  endfacet
  facet normal 0.649447 -0.760407 0
    outer loop
      vertex 31 -32.52 30
      vertex 26.4503 -36.4058 24
      vertex 31 -32.52 24
    endloop
  endfacet
  facet normal 0.649461 -0.760395 0
    outer loop
      vertex 31.8198 -31.8198 50
      vertex 31 -32.52 30
      vertex 31.8198 -31.8198 30
    endloop
  endfacet
  facet normal 0.649447 -0.760407 0
    outer loop
      vertex 26.4503 -36.4058 114
      vertex 31 -32.52 110
      vertex 31 -32.52 114
    endloop
  endfacet
  facet normal 0.649447 -0.760407 0
    outer loop
      vertex 26.4503 -36.4058 88
      vertex 31 -32.52 110
      vertex 26.4503 -36.4058 114
    endloop
  endfacet
  facet normal 0.649449 -0.760405 -7.7953e-07
    outer loop
      vertex 31.8198 -31.8198 88
      vertex 31 -32.52 110
      vertex 26.4503 -36.4058 88
    endloop
  endfacet
  facet normal 0.649461 -0.760395 0
    outer loop
      vertex 31 -32.52 110
      vertex 31.8198 -31.8198 88
      vertex 31.8198 -31.8198 110
    endloop
  endfacet
  facet normal 0.649449 -0.760405 0
    outer loop
      vertex 26.4503 -36.4058 56
      vertex 31.8198 -31.8198 82
      vertex 26.4503 -36.4058 82
    endloop
  endfacet
  facet normal 0.649449 -0.760405 0
    outer loop
      vertex 31.8198 -31.8198 82
      vertex 26.4503 -36.4058 56
      vertex 31.8198 -31.8198 56
    endloop
  endfacet
  facet normal -0.382678 -0.923882 0
    outer loop
      vertex -20.4296 -40.0953 0
      vertex -13.9058 -42.7975 18
      vertex -20.4296 -40.0953 18
    endloop
  endfacet
  facet normal -0.382678 -0.923882 -0
    outer loop
      vertex -13.9058 -42.7975 18
      vertex -20.4296 -40.0953 0
      vertex -13.9058 -42.7975 0
    endloop
  endfacet
  facet normal -0.382678 -0.923882 0
    outer loop
      vertex -20.4296 -40.0953 120
      vertex -13.9058 -42.7975 140
      vertex -20.4296 -40.0953 140
    endloop
  endfacet
  facet normal -0.382678 -0.923882 -0
    outer loop
      vertex -13.9058 -42.7975 140
      vertex -20.4296 -40.0953 120
      vertex -13.9058 -42.7975 120
    endloop
  endfacet
  facet normal -0.382678 -0.923882 0
    outer loop
      vertex -20.4296 -40.0953 24
      vertex -13.9058 -42.7975 50
      vertex -20.4296 -40.0953 50
    endloop
  endfacet
  facet normal -0.382678 -0.923882 -0
    outer loop
      vertex -13.9058 -42.7975 50
      vertex -20.4296 -40.0953 24
      vertex -13.9058 -42.7975 24
    endloop
  endfacet
  facet normal -0.382678 -0.923882 0
    outer loop
      vertex -20.4296 -40.0953 56
      vertex -13.9058 -42.7975 82
      vertex -20.4296 -40.0953 82
    endloop
  endfacet
  facet normal -0.382678 -0.923882 -0
    outer loop
      vertex -13.9058 -42.7975 82
      vertex -20.4296 -40.0953 56
      vertex -13.9058 -42.7975 56
    endloop
  endfacet
  facet normal -0.382678 -0.923882 0
    outer loop
      vertex -20.4296 -40.0953 88
      vertex -13.9058 -42.7975 114
      vertex -20.4296 -40.0953 114
    endloop
  endfacet
  facet normal -0.382678 -0.923882 -0
    outer loop
      vertex -13.9058 -42.7975 114
      vertex -20.4296 -40.0953 88
      vertex -13.9058 -42.7975 88
    endloop
  endfacet
  facet normal -0.5225 -0.85264 0
    outer loop
      vertex -26.4503 -36.4058 0
      vertex -20.4296 -40.0953 18
      vertex -26.4503 -36.4058 18
    endloop
  endfacet
  facet normal -0.5225 -0.85264 -0
    outer loop
      vertex -20.4296 -40.0953 18
      vertex -26.4503 -36.4058 0
      vertex -20.4296 -40.0953 0
    endloop
  endfacet
  facet normal -0.5225 -0.85264 0
    outer loop
      vertex -26.4503 -36.4058 120
      vertex -20.4296 -40.0953 140
      vertex -26.4503 -36.4058 140
    endloop
  endfacet
  facet normal -0.5225 -0.85264 -0
    outer loop
      vertex -20.4296 -40.0953 140
      vertex -26.4503 -36.4058 120
      vertex -20.4296 -40.0953 120
    endloop
  endfacet
  facet normal -0.5225 -0.85264 0
    outer loop
      vertex -26.4503 -36.4058 24
      vertex -20.4296 -40.0953 50
      vertex -26.4503 -36.4058 50
    endloop
  endfacet
  facet normal -0.5225 -0.85264 -0
    outer loop
      vertex -20.4296 -40.0953 50
      vertex -26.4503 -36.4058 24
      vertex -20.4296 -40.0953 24
    endloop
  endfacet
  facet normal -0.5225 -0.85264 0
    outer loop
      vertex -26.4503 -36.4058 56
      vertex -20.4296 -40.0953 82
      vertex -26.4503 -36.4058 82
    endloop
  endfacet
  facet normal -0.5225 -0.85264 -0
    outer loop
      vertex -20.4296 -40.0953 82
      vertex -26.4503 -36.4058 56
      vertex -20.4296 -40.0953 56
    endloop
  endfacet
  facet normal -0.5225 -0.85264 0
    outer loop
      vertex -26.4503 -36.4058 88
      vertex -20.4296 -40.0953 114
      vertex -26.4503 -36.4058 114
    endloop
  endfacet
  facet normal -0.5225 -0.85264 -0
    outer loop
      vertex -20.4296 -40.0953 114
      vertex -26.4503 -36.4058 88
      vertex -20.4296 -40.0953 88
    endloop
  endfacet
  facet normal -0.972368 -0.233453 0
    outer loop
      vertex -42.7975 -13.9058 0
      vertex -44.446 -7.03955 5
      vertex -44.446 -7.03955 0
    endloop
  endfacet
  facet normal -0.972368 -0.233453 0
    outer loop
      vertex -44.446 -7.03955 5
      vertex -42.7975 -13.9058 0
      vertex -42.7975 -13.9058 5
    endloop
  endfacet
  facet normal -0.972368 -0.233453 0
    outer loop
      vertex -42.7975 -13.9058 135
      vertex -44.446 -7.03955 140
      vertex -44.446 -7.03955 135
    endloop
  endfacet
  facet normal -0.972368 -0.233453 0
    outer loop
      vertex -44.446 -7.03955 140
      vertex -42.7975 -13.9058 135
      vertex -42.7975 -13.9058 140
    endloop
  endfacet
  facet normal 0.85264 -0.5225 0
    outer loop
      vertex 36.4058 -26.4503 5
      vertex 40.0953 -20.4296 0
      vertex 40.0953 -20.4296 5
    endloop
  endfacet
  facet normal 0.85264 -0.5225 0
    outer loop
      vertex 40.0953 -20.4296 0
      vertex 36.4058 -26.4503 5
      vertex 36.4058 -26.4503 0
    endloop
  endfacet
  facet normal 0.85264 -0.5225 0
    outer loop
      vertex 36.4058 -26.4503 140
      vertex 40.0953 -20.4296 135
      vertex 40.0953 -20.4296 140
    endloop
  endfacet
  facet normal 0.85264 -0.5225 0
    outer loop
      vertex 40.0953 -20.4296 135
      vertex 36.4058 -26.4503 140
      vertex 36.4058 -26.4503 135
    endloop
  endfacet
  facet normal 0.85264 -0.5225 0
    outer loop
      vertex 36.4058 -26.4503 50
      vertex 40.0953 -20.4296 30.7246
      vertex 40.0953 -20.4296 50
    endloop
  endfacet
  facet normal 0.852634 -0.522508 -3.56868e-06
    outer loop
      vertex 38.4668 -23.087 30
      vertex 40.0953 -20.4296 30.7246
      vertex 36.4058 -26.4503 50
    endloop
  endfacet
  facet normal 0.852653 -0.522478 -0.00015697
    outer loop
      vertex 38.5733 -22.9132 30.0061
      vertex 40.0953 -20.4296 30.7246
      vertex 38.4668 -23.087 30
    endloop
  endfacet
  facet normal 0.852671 -0.522448 -0.000299544
    outer loop
      vertex 39.8608 -20.8122 30.5142
      vertex 40.0953 -20.4296 30.7246
      vertex 38.5733 -22.9132 30.0061
    endloop
  endfacet
  facet normal 0.854601 -0.519218 -0.00832328
    outer loop
      vertex 40.0953 -20.4296 30.7246
      vertex 39.8608 -20.8122 30.5142
      vertex 40.0494 -20.5044 30.6779
    endloop
  endfacet
  facet normal 0.85256 -0.522628 0.00072884
    outer loop
      vertex 39.8608 -20.8122 30.5142
      vertex 38.5733 -22.9132 30.0061
      vertex 39.6658 -21.1305 30.3725
    endloop
  endfacet
  facet normal 0.852553 -0.522639 0.0011172
    outer loop
      vertex 39.4653 -21.4576 30.2534
      vertex 38.5733 -22.9132 30.0061
      vertex 39.26 -21.7927 30.1574
    endloop
  endfacet
  facet normal 0.852592 -0.522577 0.000659681
    outer loop
      vertex 39.0512 -22.1334 30.0849
      vertex 38.5733 -22.9132 30.0061
      vertex 38.8399 -22.4782 30.0365
    endloop
  endfacet
  facet normal 0.852624 -0.522525 -4.91097e-05
    outer loop
      vertex 39.26 -21.7927 30.1574
      vertex 38.5733 -22.9132 30.0061
      vertex 39.0512 -22.1334 30.0849
    endloop
  endfacet
  facet normal 0.85269 -0.522417 -0.000687905
    outer loop
      vertex 39.6658 -21.1305 30.3725
      vertex 38.5733 -22.9132 30.0061
      vertex 39.4653 -21.4576 30.2534
    endloop
  endfacet
  facet normal 0.852644 -0.522493 0
    outer loop
      vertex 38.4668 -23.087 30
      vertex 36.4058 -26.4503 50
      vertex 36.4058 -26.4503 30
    endloop
  endfacet
  facet normal 0.852684 -0.522427 0.000237122
    outer loop
      vertex 38.9323 -22.3275 109.941
      vertex 40.0953 -20.4296 109.275
      vertex 39.956 -20.6569 109.407
    endloop
  endfacet
  facet normal 0.852602 -0.522561 -0.000341307
    outer loop
      vertex 38.9323 -22.3275 109.941
      vertex 39.956 -20.6569 109.407
      vertex 39.7641 -20.9701 109.559
    endloop
  endfacet
  facet normal 0.852725 -0.522359 0.000645591
    outer loop
      vertex 38.9323 -22.3275 109.941
      vertex 39.7641 -20.9701 109.559
      vertex 39.5662 -21.293 109.69
    endloop
  endfacet
  facet normal 0.85276 -0.522302 0.000970628
    outer loop
      vertex 38.9323 -22.3275 109.941
      vertex 39.5662 -21.293 109.69
      vertex 39.3631 -21.6244 109.798
    endloop
  endfacet
  facet normal 0.852629 -0.522516 -0.00047699
    outer loop
      vertex 38.9323 -22.3275 109.941
      vertex 39.3631 -21.6244 109.798
      vertex 39.169 -21.9412 109.877
    endloop
  endfacet
  facet normal 0.852635 -0.522507 -7.5607e-05
    outer loop
      vertex 40.0953 -20.4296 109.275
      vertex 38.9323 -22.3275 109.941
      vertex 38.5868 -22.8913 109.99
    endloop
  endfacet
  facet normal 0.852573 -0.522608 -0.000556959
    outer loop
      vertex 40.0953 -20.4296 109.275
      vertex 38.5868 -22.8913 109.99
      vertex 38.4533 -23.1091 110
    endloop
  endfacet
  facet normal 0.85264 -0.522499 -3.59137e-07
    outer loop
      vertex 40.0953 -20.4296 109.275
      vertex 38.4533 -23.1091 110
      vertex 36.4058 -26.4503 88
    endloop
  endfacet
  facet normal 0.852639 -0.5225 0
    outer loop
      vertex 36.4058 -26.4503 88
      vertex 38.4533 -23.1091 110
      vertex 36.4058 -26.4503 110
    endloop
  endfacet
  facet normal 0.85264 -0.5225 0
    outer loop
      vertex 40.0953 -20.4296 109.275
      vertex 36.4058 -26.4503 88
      vertex 40.0953 -20.4296 88
    endloop
  endfacet
  facet normal 0.85264 -0.5225 0
    outer loop
      vertex 36.4058 -26.4503 82
      vertex 40.0953 -20.4296 56
      vertex 40.0953 -20.4296 82
    endloop
  endfacet
  facet normal 0.85264 -0.5225 0
    outer loop
      vertex 40.0953 -20.4296 56
      vertex 36.4058 -26.4503 82
      vertex 36.4058 -26.4503 56
    endloop
  endfacet
  facet normal -0.233453 -0.972368 0
    outer loop
      vertex -13.9058 -42.7975 0
      vertex -7.03955 -44.446 18
      vertex -13.9058 -42.7975 18
    endloop
  endfacet
  facet normal -0.233453 -0.972368 -0
    outer loop
      vertex -7.03955 -44.446 18
      vertex -13.9058 -42.7975 0
      vertex -7.03955 -44.446 0
    endloop
  endfacet
  facet normal -0.233453 -0.972368 0
    outer loop
      vertex -13.9058 -42.7975 120
      vertex -7.03955 -44.446 140
      vertex -13.9058 -42.7975 140
    endloop
  endfacet
  facet normal -0.233453 -0.972368 -0
    outer loop
      vertex -7.03955 -44.446 140
      vertex -13.9058 -42.7975 120
      vertex -7.03955 -44.446 120
    endloop
  endfacet
  facet normal -0.233453 -0.972368 0
    outer loop
      vertex -13.9058 -42.7975 24
      vertex -7.03955 -44.446 50
      vertex -13.9058 -42.7975 50
    endloop
  endfacet
  facet normal -0.233453 -0.972368 -0
    outer loop
      vertex -7.03955 -44.446 50
      vertex -13.9058 -42.7975 24
      vertex -7.03955 -44.446 24
    endloop
  endfacet
  facet normal -0.233453 -0.972368 0
    outer loop
      vertex -13.9058 -42.7975 56
      vertex -7.03955 -44.446 82
      vertex -13.9058 -42.7975 82
    endloop
  endfacet
  facet normal -0.233453 -0.972368 -0
    outer loop
      vertex -7.03955 -44.446 82
      vertex -13.9058 -42.7975 56
      vertex -7.03955 -44.446 56
    endloop
  endfacet
  facet normal -0.233453 -0.972368 0
    outer loop
      vertex -13.9058 -42.7975 88
      vertex -7.03955 -44.446 114
      vertex -13.9058 -42.7975 114
    endloop
  endfacet
  facet normal -0.233453 -0.972368 -0
    outer loop
      vertex -7.03955 -44.446 114
      vertex -13.9058 -42.7975 88
      vertex -7.03955 -44.446 88
    endloop
  endfacet
  facet normal 0.64945 0.760404 -0
    outer loop
      vertex 31 33.831 18
      vertex 27.0381 37.2148 24
      vertex 31 33.831 24
    endloop
  endfacet
  facet normal 0.64945 0.760404 0
    outer loop
      vertex 27.0381 37.2148 24
      vertex 31 33.831 18
      vertex 27.0381 37.2148 18
    endloop
  endfacet
  facet normal -0.382683 0.92388 0
    outer loop
      vertex -14.2148 43.7486 18
      vertex -20.8836 40.9863 24
      vertex -14.2148 43.7486 24
    endloop
  endfacet
  facet normal -0.382683 0.92388 0
    outer loop
      vertex -20.8836 40.9863 24
      vertex -14.2148 43.7486 18
      vertex -20.8836 40.9863 18
    endloop
  endfacet
  facet normal 0.5225 0.852639 -0
    outer loop
      vertex 27.0381 37.2148 18
      vertex 20.8836 40.9863 24
      vertex 27.0381 37.2148 24
    endloop
  endfacet
  facet normal 0.5225 0.852639 0
    outer loop
      vertex 20.8836 40.9863 24
      vertex 27.0381 37.2148 18
      vertex 20.8836 40.9863 18
    endloop
  endfacet
  facet normal 0.0784542 0.996918 -0
    outer loop
      vertex 7.19598 45.4337 18
      vertex 0 46 24
      vertex 7.19598 45.4337 24
    endloop
  endfacet
  facet normal 0.0784542 0.996918 0
    outer loop
      vertex 0 46 24
      vertex 7.19598 45.4337 18
      vertex 0 46 18
    endloop
  endfacet
  facet normal -0.996918 0.0784542 0
    outer loop
      vertex -46 0 18
      vertex -45.4337 7.19598 24
      vertex -45.4337 7.19598 18
    endloop
  endfacet
  facet normal -0.996918 0.0784542 0
    outer loop
      vertex -45.4337 7.19598 24
      vertex -46 0 18
      vertex -46 0 24
    endloop
  endfacet
  facet normal -0.5225 0.852639 0
    outer loop
      vertex -20.8836 40.9863 18
      vertex -27.0381 37.2148 24
      vertex -20.8836 40.9863 24
    endloop
  endfacet
  facet normal -0.5225 0.852639 0
    outer loop
      vertex -27.0381 37.2148 24
      vertex -20.8836 40.9863 18
      vertex -27.0381 37.2148 18
    endloop
  endfacet
  facet normal -0.0784542 0.996918 0
    outer loop
      vertex 0 46 18
      vertex -7.19598 45.4337 24
      vertex 0 46 24
    endloop
  endfacet
  facet normal -0.0784542 0.996918 0
    outer loop
      vertex -7.19598 45.4337 24
      vertex 0 46 18
      vertex -7.19598 45.4337 18
    endloop
  endfacet
  facet normal -0.64945 0.760404 0
    outer loop
      vertex -27.0381 37.2148 18
      vertex -31 33.831 24
      vertex -27.0381 37.2148 24
    endloop
  endfacet
  facet normal -0.64945 0.760404 0
    outer loop
      vertex -31 33.831 24
      vertex -27.0381 37.2148 18
      vertex -31 33.831 18
    endloop
  endfacet
  facet normal 0.996918 0.0784542 0
    outer loop
      vertex 46 0 24
      vertex 45.4337 7.19598 18
      vertex 45.4337 7.19598 24
    endloop
  endfacet
  facet normal 0.996918 0.0784542 0
    outer loop
      vertex 45.4337 7.19598 18
      vertex 46 0 24
      vertex 46 0 18
    endloop
  endfacet
  facet normal 0.0784542 -0.996918 0
    outer loop
      vertex 0 -46 18
      vertex 7.19598 -45.4337 24
      vertex 0 -46 24
    endloop
  endfacet
  facet normal 0.0784542 -0.996918 0
    outer loop
      vertex 7.19598 -45.4337 24
      vertex 0 -46 18
      vertex 7.19598 -45.4337 18
    endloop
  endfacet
  facet normal 0.382683 -0.92388 0
    outer loop
      vertex 14.2148 -43.7486 18
      vertex 20.8836 -40.9863 24
      vertex 14.2148 -43.7486 24
    endloop
  endfacet
  facet normal 0.382683 -0.92388 0
    outer loop
      vertex 20.8836 -40.9863 24
      vertex 14.2148 -43.7486 18
      vertex 20.8836 -40.9863 18
    endloop
  endfacet
  facet normal 0.5225 -0.852639 0
    outer loop
      vertex 20.8836 -40.9863 18
      vertex 27.0381 -37.2148 24
      vertex 20.8836 -40.9863 24
    endloop
  endfacet
  facet normal 0.5225 -0.852639 0
    outer loop
      vertex 27.0381 -37.2148 24
      vertex 20.8836 -40.9863 18
      vertex 27.0381 -37.2148 18
    endloop
  endfacet
  facet normal -0.0784542 -0.996918 0
    outer loop
      vertex -7.19598 -45.4337 18
      vertex 0 -46 24
      vertex -7.19598 -45.4337 24
    endloop
  endfacet
  facet normal -0.0784542 -0.996918 -0
    outer loop
      vertex 0 -46 24
      vertex -7.19598 -45.4337 18
      vertex 0 -46 18
    endloop
  endfacet
  facet normal -0.64945 -0.760404 0
    outer loop
      vertex -31 -33.831 18
      vertex -27.0381 -37.2148 24
      vertex -31 -33.831 24
    endloop
  endfacet
  facet normal -0.64945 -0.760404 -0
    outer loop
      vertex -27.0381 -37.2148 24
      vertex -31 -33.831 18
      vertex -27.0381 -37.2148 18
    endloop
  endfacet
  facet normal -0.996918 -0.0784542 0
    outer loop
      vertex -45.4337 -7.19598 18
      vertex -46 0 24
      vertex -46 0 18
    endloop
  endfacet
  facet normal -0.996918 -0.0784542 0
    outer loop
      vertex -46 0 24
      vertex -45.4337 -7.19598 18
      vertex -45.4337 -7.19598 24
    endloop
  endfacet
  facet normal 0 0 -1
    outer loop
      vertex 45.4 -7.3362 18
      vertex 46 0 18
      vertex 45.4337 -7.19598 18
    endloop
  endfacet
  facet normal 0 0 -1
    outer loop
      vertex 45.4 7.3362 18
      vertex 46 0 18
      vertex 45.4 -7.3362 18
    endloop
  endfacet
  facet normal 0 0 -1
    outer loop
      vertex 46 0 18
      vertex 45.4 7.3362 18
      vertex 45.4337 7.19598 18
    endloop
  endfacet
  facet normal 0 0 -1
    outer loop
      vertex 26.4503 -36.4058 18
      vertex 31 -33.831 18
      vertex 27.0381 -37.2148 18
    endloop
  endfacet
  facet normal -0 0 -1
    outer loop
      vertex 31 -33.831 18
      vertex 26.4503 -36.4058 18
      vertex 31 -32.52 18
    endloop
  endfacet
  facet normal 0 0 -1
    outer loop
      vertex 20.8836 -40.9863 18
      vertex 26.4503 -36.4058 18
      vertex 27.0381 -37.2148 18
    endloop
  endfacet
  facet normal 0 0 -1
    outer loop
      vertex 20.8836 -40.9863 18
      vertex 20.4296 -40.0953 18
      vertex 26.4503 -36.4058 18
    endloop
  endfacet
  facet normal 0 0 -1
    outer loop
      vertex 14.2148 -43.7486 18
      vertex 20.4296 -40.0953 18
      vertex 20.8836 -40.9863 18
    endloop
  endfacet
  facet normal 0 0 -1
    outer loop
      vertex 14.2148 -43.7486 18
      vertex 13.9058 -42.7975 18
      vertex 20.4296 -40.0953 18
    endloop
  endfacet
  facet normal 0 0 -1
    outer loop
      vertex 7.19598 -45.4337 18
      vertex 13.9058 -42.7975 18
      vertex 14.2148 -43.7486 18
    endloop
  endfacet
  facet normal 0 0 -1
    outer loop
      vertex 7.19598 -45.4337 18
      vertex 7.03955 -44.446 18
      vertex 13.9058 -42.7975 18
    endloop
  endfacet
  facet normal 0 0 -1
    outer loop
      vertex 0 -46 18
      vertex 7.03955 -44.446 18
      vertex 7.19598 -45.4337 18
    endloop
  endfacet
  facet normal 0 0 -1
    outer loop
      vertex 0 -46 18
      vertex 0 -45 18
      vertex 7.03955 -44.446 18
    endloop
  endfacet
  facet normal 0 0 -1
    outer loop
      vertex 0 -46 18
      vertex -7.03955 -44.446 18
      vertex 0 -45 18
    endloop
  endfacet
  facet normal 0 0 -1
    outer loop
      vertex -7.19598 -45.4337 18
      vertex -7.03955 -44.446 18
      vertex 0 -46 18
    endloop
  endfacet
  facet normal 0 0 -1
    outer loop
      vertex -7.19598 -45.4337 18
      vertex -13.9058 -42.7975 18
      vertex -7.03955 -44.446 18
    endloop
  endfacet
  facet normal 0 0 -1
    outer loop
      vertex -14.2148 -43.7486 18
      vertex -13.9058 -42.7975 18
      vertex -7.19598 -45.4337 18
    endloop
  endfacet
  facet normal 0 0 -1
    outer loop
      vertex -14.2148 -43.7486 18
      vertex -20.4296 -40.0953 18
      vertex -13.9058 -42.7975 18
    endloop
  endfacet
  facet normal 0 0 -1
    outer loop
      vertex -20.8836 -40.9863 18
      vertex -20.4296 -40.0953 18
      vertex -14.2148 -43.7486 18
    endloop
  endfacet
  facet normal 0 0 -1
    outer loop
      vertex -20.8836 -40.9863 18
      vertex -26.4503 -36.4058 18
      vertex -20.4296 -40.0953 18
    endloop
  endfacet
  facet normal 0 0 -1
    outer loop
      vertex -27.0381 -37.2148 18
      vertex -26.4503 -36.4058 18
      vertex -20.8836 -40.9863 18
    endloop
  endfacet
  facet normal 0 0 -1
    outer loop
      vertex -31 -33.831 18
      vertex -26.4503 -36.4058 18
      vertex -27.0381 -37.2148 18
    endloop
  endfacet
  facet normal 0 0 -1
    outer loop
      vertex -26.4503 -36.4058 18
      vertex -31 -33.831 18
      vertex -31 -32.52 18
    endloop
  endfacet
  facet normal 0 0 -1
    outer loop
      vertex 26.4503 36.4058 18
      vertex 31 33.831 18
      vertex 31 32.52 18
    endloop
  endfacet
  facet normal 0 0 -1
    outer loop
      vertex 31 33.831 18
      vertex 26.4503 36.4058 18
      vertex 27.0381 37.2148 18
    endloop
  endfacet
  facet normal 0 0 -1
    outer loop
      vertex 26.4503 36.4058 18
      vertex 20.8836 40.9863 18
      vertex 27.0381 37.2148 18
    endloop
  endfacet
  facet normal 0 0 -1
    outer loop
      vertex 20.4296 40.0953 18
      vertex 20.8836 40.9863 18
      vertex 26.4503 36.4058 18
    endloop
  endfacet
  facet normal 0 0 -1
    outer loop
      vertex 20.4296 40.0953 18
      vertex 14.2148 43.7486 18
      vertex 20.8836 40.9863 18
    endloop
  endfacet
  facet normal 0 0 -1
    outer loop
      vertex 13.9058 42.7975 18
      vertex 14.2148 43.7486 18
      vertex 20.4296 40.0953 18
    endloop
  endfacet
  facet normal 0 0 -1
    outer loop
      vertex 13.9058 42.7975 18
      vertex 7.19598 45.4337 18
      vertex 14.2148 43.7486 18
    endloop
  endfacet
  facet normal 0 0 -1
    outer loop
      vertex 7.03955 44.446 18
      vertex 7.19598 45.4337 18
      vertex 13.9058 42.7975 18
    endloop
  endfacet
  facet normal 0 0 -1
    outer loop
      vertex 0 45 18
      vertex 7.19598 45.4337 18
      vertex 7.03955 44.446 18
    endloop
  endfacet
  facet normal 0 0 -1
    outer loop
      vertex 0 45 18
      vertex 0 46 18
      vertex 7.19598 45.4337 18
    endloop
  endfacet
  facet normal 0 0 -1
    outer loop
      vertex -7.03955 44.446 18
      vertex 0 46 18
      vertex 0 45 18
    endloop
  endfacet
  facet normal 0 0 -1
    outer loop
      vertex -7.03955 44.446 18
      vertex -7.19598 45.4337 18
      vertex 0 46 18
    endloop
  endfacet
  facet normal 0 0 -1
    outer loop
      vertex -13.9058 42.7975 18
      vertex -7.19598 45.4337 18
      vertex -7.03955 44.446 18
    endloop
  endfacet
  facet normal 0 0 -1
    outer loop
      vertex -13.9058 42.7975 18
      vertex -14.2148 43.7486 18
      vertex -7.19598 45.4337 18
    endloop
  endfacet
  facet normal 0 0 -1
    outer loop
      vertex -20.4296 40.0953 18
      vertex -14.2148 43.7486 18
      vertex -13.9058 42.7975 18
    endloop
  endfacet
  facet normal 0 0 -1
    outer loop
      vertex -20.4296 40.0953 18
      vertex -20.8836 40.9863 18
      vertex -14.2148 43.7486 18
    endloop
  endfacet
  facet normal 0 0 -1
    outer loop
      vertex -26.4503 36.4058 18
      vertex -20.8836 40.9863 18
      vertex -20.4296 40.0953 18
    endloop
  endfacet
  facet normal 0 0 -1
    outer loop
      vertex -26.4503 36.4058 18
      vertex -27.0381 37.2148 18
      vertex -20.8836 40.9863 18
    endloop
  endfacet
  facet normal 0 0 -1
    outer loop
      vertex -31 33.831 18
      vertex -26.4503 36.4058 18
      vertex -31 32.52 18
    endloop
  endfacet
  facet normal -0 0 -1
    outer loop
      vertex -26.4503 36.4058 18
      vertex -31 33.831 18
      vertex -27.0381 37.2148 18
    endloop
  endfacet
  facet normal 0 0 -1
    outer loop
      vertex -46 0 18
      vertex -45.4 -7.3362 18
      vertex -45.4337 -7.19598 18
    endloop
  endfacet
  facet normal 0 0 -1
    outer loop
      vertex -45.4 -7.3362 18
      vertex -46 0 18
      vertex -45.4 7.3362 18
    endloop
  endfacet
  facet normal 0 0 -1
    outer loop
      vertex -45.4 7.3362 18
      vertex -46 0 18
      vertex -45.4337 7.19598 18
    endloop
  endfacet
  facet normal 0.972313 0.233682 0
    outer loop
      vertex 45.4337 7.19598 24
      vertex 45.4 7.3362 18
      vertex 45.4 7.3362 24
    endloop
  endfacet
  facet normal 0.972313 0.233682 0
    outer loop
      vertex 45.4 7.3362 18
      vertex 45.4337 7.19598 24
      vertex 45.4337 7.19598 18
    endloop
  endfacet
  facet normal 0.382683 0.92388 -0
    outer loop
      vertex 20.8836 40.9863 18
      vertex 14.2148 43.7486 24
      vertex 20.8836 40.9863 24
    endloop
  endfacet
  facet normal 0.382683 0.92388 0
    outer loop
      vertex 14.2148 43.7486 24
      vertex 20.8836 40.9863 18
      vertex 14.2148 43.7486 18
    endloop
  endfacet
  facet normal 0.233449 0.972369 -0
    outer loop
      vertex 14.2148 43.7486 18
      vertex 7.19598 45.4337 24
      vertex 14.2148 43.7486 24
    endloop
  endfacet
  facet normal 0.233449 0.972369 0
    outer loop
      vertex 7.19598 45.4337 24
      vertex 14.2148 43.7486 18
      vertex 7.19598 45.4337 18
    endloop
  endfacet
  facet normal -0 0 1
    outer loop
      vertex 26.4503 36.4058 24
      vertex 31 33.831 24
      vertex 27.0381 37.2148 24
    endloop
  endfacet
  facet normal 0 0 1
    outer loop
      vertex 31 33.831 24
      vertex 26.4503 36.4058 24
      vertex 31 32.52 24
    endloop
  endfacet
  facet normal 0 0 1
    outer loop
      vertex 20.8836 40.9863 24
      vertex 26.4503 36.4058 24
      vertex 27.0381 37.2148 24
    endloop
  endfacet
  facet normal 0 0 1
    outer loop
      vertex 20.8836 40.9863 24
      vertex 20.4296 40.0953 24
      vertex 26.4503 36.4058 24
    endloop
  endfacet
  facet normal 0 0 1
    outer loop
      vertex 14.2148 43.7486 24
      vertex 20.4296 40.0953 24
      vertex 20.8836 40.9863 24
    endloop
  endfacet
  facet normal 0 0 1
    outer loop
      vertex 14.2148 43.7486 24
      vertex 13.9058 42.7975 24
      vertex 20.4296 40.0953 24
    endloop
  endfacet
  facet normal 0 0 1
    outer loop
      vertex 7.19598 45.4337 24
      vertex 13.9058 42.7975 24
      vertex 14.2148 43.7486 24
    endloop
  endfacet
  facet normal 0 0 1
    outer loop
      vertex 7.19598 45.4337 24
      vertex 7.03955 44.446 24
      vertex 13.9058 42.7975 24
    endloop
  endfacet
  facet normal 0 0 1
    outer loop
      vertex 0 46 24
      vertex 7.03955 44.446 24
      vertex 7.19598 45.4337 24
    endloop
  endfacet
  facet normal 0 0 1
    outer loop
      vertex 0 46 24
      vertex 0 45 24
      vertex 7.03955 44.446 24
    endloop
  endfacet
  facet normal 0 0 1
    outer loop
      vertex 0 46 24
      vertex -7.03955 44.446 24
      vertex 0 45 24
    endloop
  endfacet
  facet normal -0 0 1
    outer loop
      vertex -7.19598 45.4337 24
      vertex -7.03955 44.446 24
      vertex 0 46 24
    endloop
  endfacet
  facet normal 0 0 1
    outer loop
      vertex -7.19598 45.4337 24
      vertex -13.9058 42.7975 24
      vertex -7.03955 44.446 24
    endloop
  endfacet
  facet normal -0 0 1
    outer loop
      vertex -14.2148 43.7486 24
      vertex -13.9058 42.7975 24
      vertex -7.19598 45.4337 24
    endloop
  endfacet
  facet normal 0 0 1
    outer loop
      vertex -14.2148 43.7486 24
      vertex -20.4296 40.0953 24
      vertex -13.9058 42.7975 24
    endloop
  endfacet
  facet normal -0 0 1
    outer loop
      vertex -20.8836 40.9863 24
      vertex -20.4296 40.0953 24
      vertex -14.2148 43.7486 24
    endloop
  endfacet
  facet normal 0 0 1
    outer loop
      vertex -20.8836 40.9863 24
      vertex -26.4503 36.4058 24
      vertex -20.4296 40.0953 24
    endloop
  endfacet
  facet normal -0 0 1
    outer loop
      vertex -27.0381 37.2148 24
      vertex -26.4503 36.4058 24
      vertex -20.8836 40.9863 24
    endloop
  endfacet
  facet normal 0 0 1
    outer loop
      vertex -31 33.831 24
      vertex -26.4503 36.4058 24
      vertex -27.0381 37.2148 24
    endloop
  endfacet
  facet normal 0 0 1
    outer loop
      vertex -26.4503 36.4058 24
      vertex -31 33.831 24
      vertex -31 32.52 24
    endloop
  endfacet
  facet normal 0 0 1
    outer loop
      vertex 45.4 7.3362 24
      vertex 46 0 24
      vertex 45.4337 7.19598 24
    endloop
  endfacet
  facet normal 0 0 1
    outer loop
      vertex 45.4 -7.3362 24
      vertex 46 0 24
      vertex 45.4 7.3362 24
    endloop
  endfacet
  facet normal 0 0 1
    outer loop
      vertex 46 0 24
      vertex 45.4 -7.3362 24
      vertex 45.4337 -7.19598 24
    endloop
  endfacet
  facet normal 0 0 1
    outer loop
      vertex -46 0 24
      vertex -45.4 7.3362 24
      vertex -45.4337 7.19598 24
    endloop
  endfacet
  facet normal 0 0 1
    outer loop
      vertex -45.4 7.3362 24
      vertex -46 0 24
      vertex -45.4 -7.3362 24
    endloop
  endfacet
  facet normal 0 0 1
    outer loop
      vertex -45.4 -7.3362 24
      vertex -46 0 24
      vertex -45.4337 -7.19598 24
    endloop
  endfacet
  facet normal 0 0 1
    outer loop
      vertex 26.4503 -36.4058 24
      vertex 31 -33.831 24
      vertex 31 -32.52 24
    endloop
  endfacet
  facet normal 0 0 1
    outer loop
      vertex 31 -33.831 24
      vertex 26.4503 -36.4058 24
      vertex 27.0381 -37.2148 24
    endloop
  endfacet
  facet normal 0 0 1
    outer loop
      vertex 26.4503 -36.4058 24
      vertex 20.8836 -40.9863 24
      vertex 27.0381 -37.2148 24
    endloop
  endfacet
  facet normal -0 0 1
    outer loop
      vertex 20.4296 -40.0953 24
      vertex 20.8836 -40.9863 24
      vertex 26.4503 -36.4058 24
    endloop
  endfacet
  facet normal 0 0 1
    outer loop
      vertex 20.4296 -40.0953 24
      vertex 14.2148 -43.7486 24
      vertex 20.8836 -40.9863 24
    endloop
  endfacet
  facet normal -0 0 1
    outer loop
      vertex 13.9058 -42.7975 24
      vertex 14.2148 -43.7486 24
      vertex 20.4296 -40.0953 24
    endloop
  endfacet
  facet normal 0 0 1
    outer loop
      vertex 13.9058 -42.7975 24
      vertex 7.19598 -45.4337 24
      vertex 14.2148 -43.7486 24
    endloop
  endfacet
  facet normal -0 0 1
    outer loop
      vertex 7.03955 -44.446 24
      vertex 7.19598 -45.4337 24
      vertex 13.9058 -42.7975 24
    endloop
  endfacet
  facet normal -0 0 1
    outer loop
      vertex 0 -45 24
      vertex 7.19598 -45.4337 24
      vertex 7.03955 -44.446 24
    endloop
  endfacet
  facet normal 0 0 1
    outer loop
      vertex 0 -45 24
      vertex 0 -46 24
      vertex 7.19598 -45.4337 24
    endloop
  endfacet
  facet normal 0 0 1
    outer loop
      vertex -7.03955 -44.446 24
      vertex 0 -46 24
      vertex 0 -45 24
    endloop
  endfacet
  facet normal 0 0 1
    outer loop
      vertex -7.03955 -44.446 24
      vertex -7.19598 -45.4337 24
      vertex 0 -46 24
    endloop
  endfacet
  facet normal 0 0 1
    outer loop
      vertex -13.9058 -42.7975 24
      vertex -7.19598 -45.4337 24
      vertex -7.03955 -44.446 24
    endloop
  endfacet
  facet normal 0 0 1
    outer loop
      vertex -13.9058 -42.7975 24
      vertex -14.2148 -43.7486 24
      vertex -7.19598 -45.4337 24
    endloop
  endfacet
  facet normal 0 0 1
    outer loop
      vertex -20.4296 -40.0953 24
      vertex -14.2148 -43.7486 24
      vertex -13.9058 -42.7975 24
    endloop
  endfacet
  facet normal 0 0 1
    outer loop
      vertex -20.4296 -40.0953 24
      vertex -20.8836 -40.9863 24
      vertex -14.2148 -43.7486 24
    endloop
  endfacet
  facet normal 0 0 1
    outer loop
      vertex -26.4503 -36.4058 24
      vertex -20.8836 -40.9863 24
      vertex -20.4296 -40.0953 24
    endloop
  endfacet
  facet normal 0 0 1
    outer loop
      vertex -26.4503 -36.4058 24
      vertex -27.0381 -37.2148 24
      vertex -20.8836 -40.9863 24
    endloop
  endfacet
  facet normal -0 0 1
    outer loop
      vertex -31 -33.831 24
      vertex -26.4503 -36.4058 24
      vertex -31 -32.52 24
    endloop
  endfacet
  facet normal 0 0 1
    outer loop
      vertex -26.4503 -36.4058 24
      vertex -31 -33.831 24
      vertex -27.0381 -37.2148 24
    endloop
  endfacet
  facet normal -0.972313 0.233682 0
    outer loop
      vertex -45.4337 7.19598 18
      vertex -45.4 7.3362 24
      vertex -45.4 7.3362 18
    endloop
  endfacet
  facet normal -0.972313 0.233682 0
    outer loop
      vertex -45.4 7.3362 24
      vertex -45.4337 7.19598 18
      vertex -45.4337 7.19598 24
    endloop
  endfacet
  facet normal -0.233449 0.972369 0
    outer loop
      vertex -7.19598 45.4337 18
      vertex -14.2148 43.7486 24
      vertex -7.19598 45.4337 24
    endloop
  endfacet
  facet normal -0.233449 0.972369 0
    outer loop
      vertex -14.2148 43.7486 24
      vertex -7.19598 45.4337 18
      vertex -14.2148 43.7486 18
    endloop
  endfacet
  facet normal 0.996918 -0.0784542 0
    outer loop
      vertex 45.4337 -7.19598 24
      vertex 46 0 18
      vertex 46 0 24
    endloop
  endfacet
  facet normal 0.996918 -0.0784542 0
    outer loop
      vertex 46 0 18
      vertex 45.4337 -7.19598 24
      vertex 45.4337 -7.19598 18
    endloop
  endfacet
  facet normal 0.233449 -0.972369 0
    outer loop
      vertex 7.19598 -45.4337 18
      vertex 14.2148 -43.7486 24
      vertex 7.19598 -45.4337 24
    endloop
  endfacet
  facet normal 0.233449 -0.972369 0
    outer loop
      vertex 14.2148 -43.7486 24
      vertex 7.19598 -45.4337 18
      vertex 14.2148 -43.7486 18
    endloop
  endfacet
  facet normal 0.64945 -0.760404 0
    outer loop
      vertex 27.0381 -37.2148 18
      vertex 31 -33.831 24
      vertex 27.0381 -37.2148 24
    endloop
  endfacet
  facet normal 0.64945 -0.760404 0
    outer loop
      vertex 31 -33.831 24
      vertex 27.0381 -37.2148 18
      vertex 31 -33.831 18
    endloop
  endfacet
  facet normal -0.382683 -0.92388 0
    outer loop
      vertex -20.8836 -40.9863 18
      vertex -14.2148 -43.7486 24
      vertex -20.8836 -40.9863 24
    endloop
  endfacet
  facet normal -0.382683 -0.92388 -0
    outer loop
      vertex -14.2148 -43.7486 24
      vertex -20.8836 -40.9863 18
      vertex -14.2148 -43.7486 18
    endloop
  endfacet
  facet normal -0.5225 -0.852639 0
    outer loop
      vertex -27.0381 -37.2148 18
      vertex -20.8836 -40.9863 24
      vertex -27.0381 -37.2148 24
    endloop
  endfacet
  facet normal -0.5225 -0.852639 -0
    outer loop
      vertex -20.8836 -40.9863 24
      vertex -27.0381 -37.2148 18
      vertex -20.8836 -40.9863 18
    endloop
  endfacet
  facet normal -0.972313 -0.233682 0
    outer loop
      vertex -45.4 -7.3362 18
      vertex -45.4337 -7.19598 24
      vertex -45.4337 -7.19598 18
    endloop
  endfacet
  facet normal -0.972313 -0.233682 0
    outer loop
      vertex -45.4337 -7.19598 24
      vertex -45.4 -7.3362 18
      vertex -45.4 -7.3362 24
    endloop
  endfacet
  facet normal 0.972313 -0.233682 0
    outer loop
      vertex 45.4 -7.3362 24
      vertex 45.4337 -7.19598 18
      vertex 45.4337 -7.19598 24
    endloop
  endfacet
  facet normal 0.972313 -0.233682 0
    outer loop
      vertex 45.4337 -7.19598 18
      vertex 45.4 -7.3362 24
      vertex 45.4 -7.3362 18
    endloop
  endfacet
  facet normal -0.233449 -0.972369 0
    outer loop
      vertex -14.2148 -43.7486 18
      vertex -7.19598 -45.4337 24
      vertex -14.2148 -43.7486 24
    endloop
  endfacet
  facet normal -0.233449 -0.972369 -0
    outer loop
      vertex -7.19598 -45.4337 24
      vertex -14.2148 -43.7486 18
      vertex -7.19598 -45.4337 18
    endloop
  endfacet
  facet normal 0.64945 0.760404 -0
    outer loop
      vertex 32.5269 32.5269 50
      vertex 27.0381 37.2148 56
      vertex 32.5269 32.5269 56
    endloop
  endfacet
  facet normal 0.64945 0.760404 0
    outer loop
      vertex 27.0381 37.2148 56
      vertex 32.5269 32.5269 50
      vertex 27.0381 37.2148 50
    endloop
  endfacet
  facet normal -0.382683 0.92388 0
    outer loop
      vertex -14.2148 43.7486 50
      vertex -20.8836 40.9863 56
      vertex -14.2148 43.7486 56
    endloop
  endfacet
  facet normal -0.382683 0.92388 0
    outer loop
      vertex -20.8836 40.9863 56
      vertex -14.2148 43.7486 50
      vertex -20.8836 40.9863 50
    endloop
  endfacet
  facet normal -0.852639 0.5225 0
    outer loop
      vertex -40.9863 20.8836 50
      vertex -37.2148 27.0381 56
      vertex -37.2148 27.0381 50
    endloop
  endfacet
  facet normal -0.852639 0.5225 0
    outer loop
      vertex -37.2148 27.0381 56
      vertex -40.9863 20.8836 50
      vertex -40.9863 20.8836 56
    endloop
  endfacet
  facet normal 0.923883 0.382676 0
    outer loop
      vertex 42.1807 18 56
      vertex 40.9863 20.8836 50
      vertex 40.9863 20.8836 56
    endloop
  endfacet
  facet normal 0.923883 0.382676 0
    outer loop
      vertex 40.9863 20.8836 50
      vertex 42.1807 18 56
      vertex 42.1807 18 50
    endloop
  endfacet
  facet normal 0.852639 0.5225 0
    outer loop
      vertex 40.9863 20.8836 56
      vertex 37.2148 27.0381 50
      vertex 37.2148 27.0381 56
    endloop
  endfacet
  facet normal 0.852639 0.5225 0
    outer loop
      vertex 37.2148 27.0381 50
      vertex 40.9863 20.8836 56
      vertex 40.9863 20.8836 50
    endloop
  endfacet
  facet normal 0.760404 0.64945 0
    outer loop
      vertex 37.2148 27.0381 56
      vertex 32.5269 32.5269 50
      vertex 32.5269 32.5269 56
    endloop
  endfacet
  facet normal 0.760404 0.64945 0
    outer loop
      vertex 32.5269 32.5269 50
      vertex 37.2148 27.0381 56
      vertex 37.2148 27.0381 50
    endloop
  endfacet
  facet normal 0.5225 0.852639 -0
    outer loop
      vertex 27.0381 37.2148 50
      vertex 20.8836 40.9863 56
      vertex 27.0381 37.2148 56
    endloop
  endfacet
  facet normal 0.5225 0.852639 0
    outer loop
      vertex 20.8836 40.9863 56
      vertex 27.0381 37.2148 50
      vertex 20.8836 40.9863 50
    endloop
  endfacet
  facet normal -0.996918 0.0784542 0
    outer loop
      vertex -46 0 50
      vertex -45.4337 7.19598 56
      vertex -45.4337 7.19598 50
    endloop
  endfacet
  facet normal -0.996918 0.0784542 0
    outer loop
      vertex -45.4337 7.19598 56
      vertex -46 0 50
      vertex -46 0 56
    endloop
  endfacet
  facet normal -0.760404 0.64945 0
    outer loop
      vertex -37.2148 27.0381 50
      vertex -32.5269 32.5269 56
      vertex -32.5269 32.5269 50
    endloop
  endfacet
  facet normal -0.760404 0.64945 0
    outer loop
      vertex -32.5269 32.5269 56
      vertex -37.2148 27.0381 50
      vertex -37.2148 27.0381 56
    endloop
  endfacet
  facet normal -0.5225 0.852639 0
    outer loop
      vertex -20.8836 40.9863 50
      vertex -27.0381 37.2148 56
      vertex -20.8836 40.9863 56
    endloop
  endfacet
  facet normal -0.5225 0.852639 0
    outer loop
      vertex -27.0381 37.2148 56
      vertex -20.8836 40.9863 50
      vertex -27.0381 37.2148 50
    endloop
  endfacet
  facet normal -0.64945 0.760404 0
    outer loop
      vertex -27.0381 37.2148 50
      vertex -32.5269 32.5269 56
      vertex -27.0381 37.2148 56
    endloop
  endfacet
  facet normal -0.64945 0.760404 0
    outer loop
      vertex -32.5269 32.5269 56
      vertex -27.0381 37.2148 50
      vertex -32.5269 32.5269 50
    endloop
  endfacet
  facet normal 0.996918 0.0784542 0
    outer loop
      vertex 46 0 56
      vertex 45.4337 7.19598 50
      vertex 45.4337 7.19598 56
    endloop
  endfacet
  facet normal 0.996918 0.0784542 0
    outer loop
      vertex 45.4337 7.19598 50
      vertex 46 0 56
      vertex 46 0 50
    endloop
  endfacet
  facet normal 0.0784542 -0.996918 0
    outer loop
      vertex 0 -46 50
      vertex 7.19598 -45.4337 56
      vertex 0 -46 56
    endloop
  endfacet
  facet normal 0.0784542 -0.996918 0
    outer loop
      vertex 7.19598 -45.4337 56
      vertex 0 -46 50
      vertex 7.19598 -45.4337 50
    endloop
  endfacet
  facet normal 0.760404 -0.64945 0
    outer loop
      vertex 32.5269 -32.5269 56
      vertex 37.2148 -27.0381 50
      vertex 37.2148 -27.0381 56
    endloop
  endfacet
  facet normal 0.760404 -0.64945 0
    outer loop
      vertex 37.2148 -27.0381 50
      vertex 32.5269 -32.5269 56
      vertex 32.5269 -32.5269 50
    endloop
  endfacet
  facet normal 0.923883 -0.382676 0
    outer loop
      vertex 40.9863 -20.8836 56
      vertex 42.1807 -18 50
      vertex 42.1807 -18 56
    endloop
  endfacet
  facet normal 0.923883 -0.382676 0
    outer loop
      vertex 42.1807 -18 50
      vertex 40.9863 -20.8836 56
      vertex 40.9863 -20.8836 50
    endloop
  endfacet
  facet normal 0.382683 -0.92388 0
    outer loop
      vertex 14.2148 -43.7486 50
      vertex 20.8836 -40.9863 56
      vertex 14.2148 -43.7486 56
    endloop
  endfacet
  facet normal 0.382683 -0.92388 0
    outer loop
      vertex 20.8836 -40.9863 56
      vertex 14.2148 -43.7486 50
      vertex 20.8836 -40.9863 50
    endloop
  endfacet
  facet normal 0.5225 -0.852639 0
    outer loop
      vertex 20.8836 -40.9863 50
      vertex 27.0381 -37.2148 56
      vertex 20.8836 -40.9863 56
    endloop
  endfacet
  facet normal 0.5225 -0.852639 0
    outer loop
      vertex 27.0381 -37.2148 56
      vertex 20.8836 -40.9863 50
      vertex 27.0381 -37.2148 50
    endloop
  endfacet
  facet normal -0.0784542 -0.996918 0
    outer loop
      vertex -7.19598 -45.4337 50
      vertex 0 -46 56
      vertex -7.19598 -45.4337 56
    endloop
  endfacet
  facet normal -0.0784542 -0.996918 -0
    outer loop
      vertex 0 -46 56
      vertex -7.19598 -45.4337 50
      vertex 0 -46 50
    endloop
  endfacet
  facet normal -0.64945 -0.760404 0
    outer loop
      vertex -32.5269 -32.5269 50
      vertex -27.0381 -37.2148 56
      vertex -32.5269 -32.5269 56
    endloop
  endfacet
  facet normal -0.64945 -0.760404 -0
    outer loop
      vertex -27.0381 -37.2148 56
      vertex -32.5269 -32.5269 50
      vertex -27.0381 -37.2148 50
    endloop
  endfacet
  facet normal -0.852639 -0.5225 0
    outer loop
      vertex -37.2148 -27.0381 50
      vertex -40.9863 -20.8836 56
      vertex -40.9863 -20.8836 50
    endloop
  endfacet
  facet normal -0.852639 -0.5225 0
    outer loop
      vertex -40.9863 -20.8836 56
      vertex -37.2148 -27.0381 50
      vertex -37.2148 -27.0381 56
    endloop
  endfacet
  facet normal -0.996918 -0.0784542 0
    outer loop
      vertex -45.4337 -7.19598 50
      vertex -46 0 56
      vertex -46 0 50
    endloop
  endfacet
  facet normal -0.996918 -0.0784542 0
    outer loop
      vertex -46 0 56
      vertex -45.4337 -7.19598 50
      vertex -45.4337 -7.19598 56
    endloop
  endfacet
  facet normal 0 0 -1
    outer loop
      vertex 45.4 -7.3362 50
      vertex 46 0 50
      vertex 45.4337 -7.19598 50
    endloop
  endfacet
  facet normal 0 0 -1
    outer loop
      vertex 45.4 7.3362 50
      vertex 46 0 50
      vertex 45.4 -7.3362 50
    endloop
  endfacet
  facet normal 0 0 -1
    outer loop
      vertex 46 0 50
      vertex 45.4 7.3362 50
      vertex 45.4337 7.19598 50
    endloop
  endfacet
  facet normal 0 0 -1
    outer loop
      vertex -7.03955 44.446 50
      vertex -9.00232 45 50
      vertex 0 45 50
    endloop
  endfacet
  facet normal 0 0 -1
    outer loop
      vertex -13.9058 42.7975 50
      vertex -9.00232 45 50
      vertex -7.03955 44.446 50
    endloop
  endfacet
  facet normal 0 0 -1
    outer loop
      vertex -13.9058 42.7975 50
      vertex -14.2148 43.7486 50
      vertex -9.00232 45 50
    endloop
  endfacet
  facet normal 0 0 -1
    outer loop
      vertex -20.4296 40.0953 50
      vertex -14.2148 43.7486 50
      vertex -13.9058 42.7975 50
    endloop
  endfacet
  facet normal 0 0 -1
    outer loop
      vertex -20.4296 40.0953 50
      vertex -20.8836 40.9863 50
      vertex -14.2148 43.7486 50
    endloop
  endfacet
  facet normal 0 0 -1
    outer loop
      vertex -26.4503 36.4058 50
      vertex -20.8836 40.9863 50
      vertex -20.4296 40.0953 50
    endloop
  endfacet
  facet normal 0 0 -1
    outer loop
      vertex -26.4503 36.4058 50
      vertex -27.0381 37.2148 50
      vertex -20.8836 40.9863 50
    endloop
  endfacet
  facet normal 0 0 -1
    outer loop
      vertex -31.8198 31.8198 50
      vertex -27.0381 37.2148 50
      vertex -26.4503 36.4058 50
    endloop
  endfacet
  facet normal 0 0 -1
    outer loop
      vertex -31.8198 31.8198 50
      vertex -32.5269 32.5269 50
      vertex -27.0381 37.2148 50
    endloop
  endfacet
  facet normal 0 0 -1
    outer loop
      vertex -36.4058 26.4503 50
      vertex -32.5269 32.5269 50
      vertex -31.8198 31.8198 50
    endloop
  endfacet
  facet normal 0 0 -1
    outer loop
      vertex -36.4058 26.4503 50
      vertex -37.2148 27.0381 50
      vertex -32.5269 32.5269 50
    endloop
  endfacet
  facet normal 0 0 -1
    outer loop
      vertex -40.0953 20.4296 50
      vertex -37.2148 27.0381 50
      vertex -36.4058 26.4503 50
    endloop
  endfacet
  facet normal 0 0 -1
    outer loop
      vertex -40.0953 20.4296 50
      vertex -40.9863 20.8836 50
      vertex -37.2148 27.0381 50
    endloop
  endfacet
  facet normal 0 0 -1
    outer loop
      vertex -41.1017 18 50
      vertex -40.9863 20.8836 50
      vertex -40.0953 20.4296 50
    endloop
  endfacet
  facet normal 0 0 -1
    outer loop
      vertex -40.9863 20.8836 50
      vertex -41.1017 18 50
      vertex -42.1807 18 50
    endloop
  endfacet
  facet normal 0 0 -1
    outer loop
      vertex 41.1017 18 50
      vertex 40.9863 20.8836 50
      vertex 42.1807 18 50
    endloop
  endfacet
  facet normal 0 0 -1
    outer loop
      vertex 40.0953 20.4296 50
      vertex 40.9863 20.8836 50
      vertex 41.1017 18 50
    endloop
  endfacet
  facet normal 0 0 -1
    outer loop
      vertex 40.0953 20.4296 50
      vertex 37.2148 27.0381 50
      vertex 40.9863 20.8836 50
    endloop
  endfacet
  facet normal 0 0 -1
    outer loop
      vertex 36.4058 26.4503 50
      vertex 37.2148 27.0381 50
      vertex 40.0953 20.4296 50
    endloop
  endfacet
  facet normal 0 0 -1
    outer loop
      vertex 36.4058 26.4503 50
      vertex 32.5269 32.5269 50
      vertex 37.2148 27.0381 50
    endloop
  endfacet
  facet normal 0 0 -1
    outer loop
      vertex 31.8198 31.8198 50
      vertex 32.5269 32.5269 50
      vertex 36.4058 26.4503 50
    endloop
  endfacet
  facet normal 0 0 -1
    outer loop
      vertex 31.8198 31.8198 50
      vertex 27.0381 37.2148 50
      vertex 32.5269 32.5269 50
    endloop
  endfacet
  facet normal 0 0 -1
    outer loop
      vertex 26.4503 36.4058 50
      vertex 27.0381 37.2148 50
      vertex 31.8198 31.8198 50
    endloop
  endfacet
  facet normal 0 0 -1
    outer loop
      vertex 26.4503 36.4058 50
      vertex 20.8836 40.9863 50
      vertex 27.0381 37.2148 50
    endloop
  endfacet
  facet normal 0 0 -1
    outer loop
      vertex 20.4296 40.0953 50
      vertex 20.8836 40.9863 50
      vertex 26.4503 36.4058 50
    endloop
  endfacet
  facet normal 0 0 -1
    outer loop
      vertex 20.4296 40.0953 50
      vertex 14.2148 43.7486 50
      vertex 20.8836 40.9863 50
    endloop
  endfacet
  facet normal 0 0 -1
    outer loop
      vertex 13.9058 42.7975 50
      vertex 14.2148 43.7486 50
      vertex 20.4296 40.0953 50
    endloop
  endfacet
  facet normal 0 0 -1
    outer loop
      vertex 13.9058 42.7975 50
      vertex 9.00232 45 50
      vertex 14.2148 43.7486 50
    endloop
  endfacet
  facet normal 0 0 -1
    outer loop
      vertex 7.03955 44.446 50
      vertex 9.00232 45 50
      vertex 13.9058 42.7975 50
    endloop
  endfacet
  facet normal -0 0 -1
    outer loop
      vertex 9.00232 45 50
      vertex 7.03955 44.446 50
      vertex 0 45 50
    endloop
  endfacet
  facet normal 0 0 -1
    outer loop
      vertex 40.9863 -20.8836 50
      vertex 41.1017 -18 50
      vertex 42.1807 -18 50
    endloop
  endfacet
  facet normal 0 0 -1
    outer loop
      vertex 40.9863 -20.8836 50
      vertex 40.0953 -20.4296 50
      vertex 41.1017 -18 50
    endloop
  endfacet
  facet normal 0 0 -1
    outer loop
      vertex 37.2148 -27.0381 50
      vertex 40.0953 -20.4296 50
      vertex 40.9863 -20.8836 50
    endloop
  endfacet
  facet normal 0 0 -1
    outer loop
      vertex 37.2148 -27.0381 50
      vertex 36.4058 -26.4503 50
      vertex 40.0953 -20.4296 50
    endloop
  endfacet
  facet normal 0 0 -1
    outer loop
      vertex 32.5269 -32.5269 50
      vertex 36.4058 -26.4503 50
      vertex 37.2148 -27.0381 50
    endloop
  endfacet
  facet normal 0 0 -1
    outer loop
      vertex 32.5269 -32.5269 50
      vertex 31.8198 -31.8198 50
      vertex 36.4058 -26.4503 50
    endloop
  endfacet
  facet normal 0 0 -1
    outer loop
      vertex 27.0381 -37.2148 50
      vertex 31.8198 -31.8198 50
      vertex 32.5269 -32.5269 50
    endloop
  endfacet
  facet normal 0 0 -1
    outer loop
      vertex 27.0381 -37.2148 50
      vertex 26.4503 -36.4058 50
      vertex 31.8198 -31.8198 50
    endloop
  endfacet
  facet normal 0 0 -1
    outer loop
      vertex 20.8836 -40.9863 50
      vertex 26.4503 -36.4058 50
      vertex 27.0381 -37.2148 50
    endloop
  endfacet
  facet normal 0 0 -1
    outer loop
      vertex 20.8836 -40.9863 50
      vertex 20.4296 -40.0953 50
      vertex 26.4503 -36.4058 50
    endloop
  endfacet
  facet normal 0 0 -1
    outer loop
      vertex 14.2148 -43.7486 50
      vertex 20.4296 -40.0953 50
      vertex 20.8836 -40.9863 50
    endloop
  endfacet
  facet normal 0 0 -1
    outer loop
      vertex 14.2148 -43.7486 50
      vertex 13.9058 -42.7975 50
      vertex 20.4296 -40.0953 50
    endloop
  endfacet
  facet normal 0 0 -1
    outer loop
      vertex 7.19598 -45.4337 50
      vertex 13.9058 -42.7975 50
      vertex 14.2148 -43.7486 50
    endloop
  endfacet
  facet normal 0 0 -1
    outer loop
      vertex 7.19598 -45.4337 50
      vertex 7.03955 -44.446 50
      vertex 13.9058 -42.7975 50
    endloop
  endfacet
  facet normal 0 0 -1
    outer loop
      vertex 0 -46 50
      vertex 7.03955 -44.446 50
      vertex 7.19598 -45.4337 50
    endloop
  endfacet
  facet normal 0 0 -1
    outer loop
      vertex 0 -46 50
      vertex 0 -45 50
      vertex 7.03955 -44.446 50
    endloop
  endfacet
  facet normal 0 0 -1
    outer loop
      vertex 0 -46 50
      vertex -7.03955 -44.446 50
      vertex 0 -45 50
    endloop
  endfacet
  facet normal 0 0 -1
    outer loop
      vertex -7.19598 -45.4337 50
      vertex -7.03955 -44.446 50
      vertex 0 -46 50
    endloop
  endfacet
  facet normal 0 0 -1
    outer loop
      vertex -7.19598 -45.4337 50
      vertex -13.9058 -42.7975 50
      vertex -7.03955 -44.446 50
    endloop
  endfacet
  facet normal 0 0 -1
    outer loop
      vertex -14.2148 -43.7486 50
      vertex -13.9058 -42.7975 50
      vertex -7.19598 -45.4337 50
    endloop
  endfacet
  facet normal 0 0 -1
    outer loop
      vertex -14.2148 -43.7486 50
      vertex -20.4296 -40.0953 50
      vertex -13.9058 -42.7975 50
    endloop
  endfacet
  facet normal 0 0 -1
    outer loop
      vertex -20.8836 -40.9863 50
      vertex -20.4296 -40.0953 50
      vertex -14.2148 -43.7486 50
    endloop
  endfacet
  facet normal 0 0 -1
    outer loop
      vertex -20.8836 -40.9863 50
      vertex -26.4503 -36.4058 50
      vertex -20.4296 -40.0953 50
    endloop
  endfacet
  facet normal 0 0 -1
    outer loop
      vertex -27.0381 -37.2148 50
      vertex -26.4503 -36.4058 50
      vertex -20.8836 -40.9863 50
    endloop
  endfacet
  facet normal 0 0 -1
    outer loop
      vertex -27.0381 -37.2148 50
      vertex -31.8198 -31.8198 50
      vertex -26.4503 -36.4058 50
    endloop
  endfacet
  facet normal 0 0 -1
    outer loop
      vertex -32.5269 -32.5269 50
      vertex -31.8198 -31.8198 50
      vertex -27.0381 -37.2148 50
    endloop
  endfacet
  facet normal 0 0 -1
    outer loop
      vertex -32.5269 -32.5269 50
      vertex -36.4058 -26.4503 50
      vertex -31.8198 -31.8198 50
    endloop
  endfacet
  facet normal 0 0 -1
    outer loop
      vertex -37.2148 -27.0381 50
      vertex -36.4058 -26.4503 50
      vertex -32.5269 -32.5269 50
    endloop
  endfacet
  facet normal 0 0 -1
    outer loop
      vertex -37.2148 -27.0381 50
      vertex -40.0953 -20.4296 50
      vertex -36.4058 -26.4503 50
    endloop
  endfacet
  facet normal 0 0 -1
    outer loop
      vertex -40.9863 -20.8836 50
      vertex -40.0953 -20.4296 50
      vertex -37.2148 -27.0381 50
    endloop
  endfacet
  facet normal 0 0 -1
    outer loop
      vertex -40.9863 -20.8836 50
      vertex -41.1017 -18 50
      vertex -40.0953 -20.4296 50
    endloop
  endfacet
  facet normal -0 -0 -1
    outer loop
      vertex -41.1017 -18 50
      vertex -40.9863 -20.8836 50
      vertex -42.1807 -18 50
    endloop
  endfacet
  facet normal 0 0 -1
    outer loop
      vertex -46 0 50
      vertex -45.4 -7.3362 50
      vertex -45.4337 -7.19598 50
    endloop
  endfacet
  facet normal 0 0 -1
    outer loop
      vertex -45.4 -7.3362 50
      vertex -46 0 50
      vertex -45.4 7.3362 50
    endloop
  endfacet
  facet normal 0 0 -1
    outer loop
      vertex -45.4 7.3362 50
      vertex -46 0 50
      vertex -45.4337 7.19598 50
    endloop
  endfacet
  facet normal -0.760404 -0.64945 0
    outer loop
      vertex -32.5269 -32.5269 50
      vertex -37.2148 -27.0381 56
      vertex -37.2148 -27.0381 50
    endloop
  endfacet
  facet normal -0.760404 -0.64945 0
    outer loop
      vertex -37.2148 -27.0381 56
      vertex -32.5269 -32.5269 50
      vertex -32.5269 -32.5269 56
    endloop
  endfacet
  facet normal 0.972313 0.233682 0
    outer loop
      vertex 45.4337 7.19598 56
      vertex 45.4 7.3362 50
      vertex 45.4 7.3362 56
    endloop
  endfacet
  facet normal 0.972313 0.233682 0
    outer loop
      vertex 45.4 7.3362 50
      vertex 45.4337 7.19598 56
      vertex 45.4337 7.19598 50
    endloop
  endfacet
  facet normal 0.382683 0.92388 -0
    outer loop
      vertex 20.8836 40.9863 50
      vertex 14.2148 43.7486 56
      vertex 20.8836 40.9863 56
    endloop
  endfacet
  facet normal 0.382683 0.92388 0
    outer loop
      vertex 14.2148 43.7486 56
      vertex 20.8836 40.9863 50
      vertex 14.2148 43.7486 50
    endloop
  endfacet
  facet normal 0.233444 0.97237 -0
    outer loop
      vertex 14.2148 43.7486 50
      vertex 9.00232 45 56
      vertex 14.2148 43.7486 56
    endloop
  endfacet
  facet normal 0.233444 0.97237 0
    outer loop
      vertex 9.00232 45 56
      vertex 14.2148 43.7486 50
      vertex 9.00232 45 50
    endloop
  endfacet
  facet normal -0 0 1
    outer loop
      vertex -9.00232 45 56
      vertex -7.03955 44.446 56
      vertex 0 45 56
    endloop
  endfacet
  facet normal 0 0 1
    outer loop
      vertex -9.00232 45 56
      vertex -13.9058 42.7975 56
      vertex -7.03955 44.446 56
    endloop
  endfacet
  facet normal -0 0 1
    outer loop
      vertex -14.2148 43.7486 56
      vertex -13.9058 42.7975 56
      vertex -9.00232 45 56
    endloop
  endfacet
  facet normal 0 0 1
    outer loop
      vertex -14.2148 43.7486 56
      vertex -20.4296 40.0953 56
      vertex -13.9058 42.7975 56
    endloop
  endfacet
  facet normal -0 0 1
    outer loop
      vertex -20.8836 40.9863 56
      vertex -20.4296 40.0953 56
      vertex -14.2148 43.7486 56
    endloop
  endfacet
  facet normal 0 0 1
    outer loop
      vertex -20.8836 40.9863 56
      vertex -26.4503 36.4058 56
      vertex -20.4296 40.0953 56
    endloop
  endfacet
  facet normal -0 0 1
    outer loop
      vertex -27.0381 37.2148 56
      vertex -26.4503 36.4058 56
      vertex -20.8836 40.9863 56
    endloop
  endfacet
  facet normal 0 0 1
    outer loop
      vertex -27.0381 37.2148 56
      vertex -31.8198 31.8198 56
      vertex -26.4503 36.4058 56
    endloop
  endfacet
  facet normal -0 0 1
    outer loop
      vertex -32.5269 32.5269 56
      vertex -31.8198 31.8198 56
      vertex -27.0381 37.2148 56
    endloop
  endfacet
  facet normal 0 0 1
    outer loop
      vertex -32.5269 32.5269 56
      vertex -36.4058 26.4503 56
      vertex -31.8198 31.8198 56
    endloop
  endfacet
  facet normal -0 0 1
    outer loop
      vertex -37.2148 27.0381 56
      vertex -36.4058 26.4503 56
      vertex -32.5269 32.5269 56
    endloop
  endfacet
  facet normal 0 0 1
    outer loop
      vertex -37.2148 27.0381 56
      vertex -40.0953 20.4296 56
      vertex -36.4058 26.4503 56
    endloop
  endfacet
  facet normal -0 0 1
    outer loop
      vertex -40.9863 20.8836 56
      vertex -40.0953 20.4296 56
      vertex -37.2148 27.0381 56
    endloop
  endfacet
  facet normal 0 0 1
    outer loop
      vertex -40.9863 20.8836 56
      vertex -41.1017 18 56
      vertex -40.0953 20.4296 56
    endloop
  endfacet
  facet normal 0 -0 1
    outer loop
      vertex -41.1017 18 56
      vertex -40.9863 20.8836 56
      vertex -42.1807 18 56
    endloop
  endfacet
  facet normal -0 0 1
    outer loop
      vertex 41.1017 -18 56
      vertex 40.9863 -20.8836 56
      vertex 42.1807 -18 56
    endloop
  endfacet
  facet normal -0 0 1
    outer loop
      vertex 40.0953 -20.4296 56
      vertex 40.9863 -20.8836 56
      vertex 41.1017 -18 56
    endloop
  endfacet
  facet normal 0 0 1
    outer loop
      vertex 40.0953 -20.4296 56
      vertex 37.2148 -27.0381 56
      vertex 40.9863 -20.8836 56
    endloop
  endfacet
  facet normal -0 0 1
    outer loop
      vertex 36.4058 -26.4503 56
      vertex 37.2148 -27.0381 56
      vertex 40.0953 -20.4296 56
    endloop
  endfacet
  facet normal 0 0 1
    outer loop
      vertex 36.4058 -26.4503 56
      vertex 32.5269 -32.5269 56
      vertex 37.2148 -27.0381 56
    endloop
  endfacet
  facet normal -0 0 1
    outer loop
      vertex 31.8198 -31.8198 56
      vertex 32.5269 -32.5269 56
      vertex 36.4058 -26.4503 56
    endloop
  endfacet
  facet normal 0 0 1
    outer loop
      vertex 31.8198 -31.8198 56
      vertex 27.0381 -37.2148 56
      vertex 32.5269 -32.5269 56
    endloop
  endfacet
  facet normal -0 0 1
    outer loop
      vertex 26.4503 -36.4058 56
      vertex 27.0381 -37.2148 56
      vertex 31.8198 -31.8198 56
    endloop
  endfacet
  facet normal 0 0 1
    outer loop
      vertex 26.4503 -36.4058 56
      vertex 20.8836 -40.9863 56
      vertex 27.0381 -37.2148 56
    endloop
  endfacet
  facet normal -0 0 1
    outer loop
      vertex 20.4296 -40.0953 56
      vertex 20.8836 -40.9863 56
      vertex 26.4503 -36.4058 56
    endloop
  endfacet
  facet normal 0 0 1
    outer loop
      vertex 20.4296 -40.0953 56
      vertex 14.2148 -43.7486 56
      vertex 20.8836 -40.9863 56
    endloop
  endfacet
  facet normal -0 0 1
    outer loop
      vertex 13.9058 -42.7975 56
      vertex 14.2148 -43.7486 56
      vertex 20.4296 -40.0953 56
    endloop
  endfacet
  facet normal 0 0 1
    outer loop
      vertex 13.9058 -42.7975 56
      vertex 7.19598 -45.4337 56
      vertex 14.2148 -43.7486 56
    endloop
  endfacet
  facet normal -0 0 1
    outer loop
      vertex 7.03955 -44.446 56
      vertex 7.19598 -45.4337 56
      vertex 13.9058 -42.7975 56
    endloop
  endfacet
  facet normal -0 0 1
    outer loop
      vertex 0 -45 56
      vertex 7.19598 -45.4337 56
      vertex 7.03955 -44.446 56
    endloop
  endfacet
  facet normal 0 0 1
    outer loop
      vertex 0 -45 56
      vertex 0 -46 56
      vertex 7.19598 -45.4337 56
    endloop
  endfacet
  facet normal 0 0 1
    outer loop
      vertex -7.03955 -44.446 56
      vertex 0 -46 56
      vertex 0 -45 56
    endloop
  endfacet
  facet normal 0 0 1
    outer loop
      vertex -7.03955 -44.446 56
      vertex -7.19598 -45.4337 56
      vertex 0 -46 56
    endloop
  endfacet
  facet normal 0 0 1
    outer loop
      vertex -13.9058 -42.7975 56
      vertex -7.19598 -45.4337 56
      vertex -7.03955 -44.446 56
    endloop
  endfacet
  facet normal 0 0 1
    outer loop
      vertex -13.9058 -42.7975 56
      vertex -14.2148 -43.7486 56
      vertex -7.19598 -45.4337 56
    endloop
  endfacet
  facet normal 0 0 1
    outer loop
      vertex -20.4296 -40.0953 56
      vertex -14.2148 -43.7486 56
      vertex -13.9058 -42.7975 56
    endloop
  endfacet
  facet normal 0 0 1
    outer loop
      vertex -20.4296 -40.0953 56
      vertex -20.8836 -40.9863 56
      vertex -14.2148 -43.7486 56
    endloop
  endfacet
  facet normal 0 0 1
    outer loop
      vertex -26.4503 -36.4058 56
      vertex -20.8836 -40.9863 56
      vertex -20.4296 -40.0953 56
    endloop
  endfacet
  facet normal 0 0 1
    outer loop
      vertex -26.4503 -36.4058 56
      vertex -27.0381 -37.2148 56
      vertex -20.8836 -40.9863 56
    endloop
  endfacet
  facet normal 0 0 1
    outer loop
      vertex -31.8198 -31.8198 56
      vertex -27.0381 -37.2148 56
      vertex -26.4503 -36.4058 56
    endloop
  endfacet
  facet normal 0 0 1
    outer loop
      vertex -31.8198 -31.8198 56
      vertex -32.5269 -32.5269 56
      vertex -27.0381 -37.2148 56
    endloop
  endfacet
  facet normal 0 0 1
    outer loop
      vertex -36.4058 -26.4503 56
      vertex -32.5269 -32.5269 56
      vertex -31.8198 -31.8198 56
    endloop
  endfacet
  facet normal 0 0 1
    outer loop
      vertex -36.4058 -26.4503 56
      vertex -37.2148 -27.0381 56
      vertex -32.5269 -32.5269 56
    endloop
  endfacet
  facet normal 0 0 1
    outer loop
      vertex -40.0953 -20.4296 56
      vertex -37.2148 -27.0381 56
      vertex -36.4058 -26.4503 56
    endloop
  endfacet
  facet normal 0 0 1
    outer loop
      vertex -40.0953 -20.4296 56
      vertex -40.9863 -20.8836 56
      vertex -37.2148 -27.0381 56
    endloop
  endfacet
  facet normal 0 0 1
    outer loop
      vertex -41.1017 -18 56
      vertex -40.9863 -20.8836 56
      vertex -40.0953 -20.4296 56
    endloop
  endfacet
  facet normal 0 0 1
    outer loop
      vertex -40.9863 -20.8836 56
      vertex -41.1017 -18 56
      vertex -42.1807 -18 56
    endloop
  endfacet
  facet normal 0 0 1
    outer loop
      vertex 40.9863 20.8836 56
      vertex 41.1017 18 56
      vertex 42.1807 18 56
    endloop
  endfacet
  facet normal 0 0 1
    outer loop
      vertex 40.9863 20.8836 56
      vertex 40.0953 20.4296 56
      vertex 41.1017 18 56
    endloop
  endfacet
  facet normal 0 0 1
    outer loop
      vertex 37.2148 27.0381 56
      vertex 40.0953 20.4296 56
      vertex 40.9863 20.8836 56
    endloop
  endfacet
  facet normal 0 0 1
    outer loop
      vertex 37.2148 27.0381 56
      vertex 36.4058 26.4503 56
      vertex 40.0953 20.4296 56
    endloop
  endfacet
  facet normal 0 0 1
    outer loop
      vertex 32.5269 32.5269 56
      vertex 36.4058 26.4503 56
      vertex 37.2148 27.0381 56
    endloop
  endfacet
  facet normal 0 0 1
    outer loop
      vertex 32.5269 32.5269 56
      vertex 31.8198 31.8198 56
      vertex 36.4058 26.4503 56
    endloop
  endfacet
  facet normal 0 0 1
    outer loop
      vertex 27.0381 37.2148 56
      vertex 31.8198 31.8198 56
      vertex 32.5269 32.5269 56
    endloop
  endfacet
  facet normal 0 0 1
    outer loop
      vertex 27.0381 37.2148 56
      vertex 26.4503 36.4058 56
      vertex 31.8198 31.8198 56
    endloop
  endfacet
  facet normal 0 0 1
    outer loop
      vertex 20.8836 40.9863 56
      vertex 26.4503 36.4058 56
      vertex 27.0381 37.2148 56
    endloop
  endfacet
  facet normal 0 0 1
    outer loop
      vertex 20.8836 40.9863 56
      vertex 20.4296 40.0953 56
      vertex 26.4503 36.4058 56
    endloop
  endfacet
  facet normal 0 0 1
    outer loop
      vertex 14.2148 43.7486 56
      vertex 20.4296 40.0953 56
      vertex 20.8836 40.9863 56
    endloop
  endfacet
  facet normal 0 0 1
    outer loop
      vertex 14.2148 43.7486 56
      vertex 13.9058 42.7975 56
      vertex 20.4296 40.0953 56
    endloop
  endfacet
  facet normal 0 0 1
    outer loop
      vertex 9.00232 45 56
      vertex 13.9058 42.7975 56
      vertex 14.2148 43.7486 56
    endloop
  endfacet
  facet normal 0 0 1
    outer loop
      vertex 9.00232 45 56
      vertex 7.03955 44.446 56
      vertex 13.9058 42.7975 56
    endloop
  endfacet
  facet normal 0 -0 1
    outer loop
      vertex 7.03955 44.446 56
      vertex 9.00232 45 56
      vertex 0 45 56
    endloop
  endfacet
  facet normal 0 0 1
    outer loop
      vertex 45.4 7.3362 56
      vertex 46 0 56
      vertex 45.4337 7.19598 56
    endloop
  endfacet
  facet normal 0 0 1
    outer loop
      vertex 45.4 -7.3362 56
      vertex 46 0 56
      vertex 45.4 7.3362 56
    endloop
  endfacet
  facet normal 0 0 1
    outer loop
      vertex 46 0 56
      vertex 45.4 -7.3362 56
      vertex 45.4337 -7.19598 56
    endloop
  endfacet
  facet normal 0 0 1
    outer loop
      vertex -46 0 56
      vertex -45.4 7.3362 56
      vertex -45.4337 7.19598 56
    endloop
  endfacet
  facet normal 0 0 1
    outer loop
      vertex -45.4 7.3362 56
      vertex -46 0 56
      vertex -45.4 -7.3362 56
    endloop
  endfacet
  facet normal 0 0 1
    outer loop
      vertex -45.4 -7.3362 56
      vertex -46 0 56
      vertex -45.4337 -7.19598 56
    endloop
  endfacet
  facet normal -0.923883 0.382676 0
    outer loop
      vertex -42.1807 18 50
      vertex -40.9863 20.8836 56
      vertex -40.9863 20.8836 50
    endloop
  endfacet
  facet normal -0.923883 0.382676 0
    outer loop
      vertex -40.9863 20.8836 56
      vertex -42.1807 18 50
      vertex -42.1807 18 56
    endloop
  endfacet
  facet normal -0.972313 0.233682 0
    outer loop
      vertex -45.4337 7.19598 50
      vertex -45.4 7.3362 56
      vertex -45.4 7.3362 50
    endloop
  endfacet
  facet normal -0.972313 0.233682 0
    outer loop
      vertex -45.4 7.3362 56
      vertex -45.4337 7.19598 50
      vertex -45.4337 7.19598 56
    endloop
  endfacet
  facet normal -0.233444 0.97237 0
    outer loop
      vertex -9.00232 45 50
      vertex -14.2148 43.7486 56
      vertex -9.00232 45 56
    endloop
  endfacet
  facet normal -0.233444 0.97237 0
    outer loop
      vertex -14.2148 43.7486 56
      vertex -9.00232 45 50
      vertex -14.2148 43.7486 50
    endloop
  endfacet
  facet normal 0.996918 -0.0784542 0
    outer loop
      vertex 45.4337 -7.19598 56
      vertex 46 0 50
      vertex 46 0 56
    endloop
  endfacet
  facet normal 0.996918 -0.0784542 0
    outer loop
      vertex 46 0 50
      vertex 45.4337 -7.19598 56
      vertex 45.4337 -7.19598 50
    endloop
  endfacet
  facet normal 0.233449 -0.972369 0
    outer loop
      vertex 7.19598 -45.4337 50
      vertex 14.2148 -43.7486 56
      vertex 7.19598 -45.4337 56
    endloop
  endfacet
  facet normal 0.233449 -0.972369 0
    outer loop
      vertex 14.2148 -43.7486 56
      vertex 7.19598 -45.4337 50
      vertex 14.2148 -43.7486 50
    endloop
  endfacet
  facet normal 0.64945 -0.760404 0
    outer loop
      vertex 27.0381 -37.2148 50
      vertex 32.5269 -32.5269 56
      vertex 27.0381 -37.2148 56
    endloop
  endfacet
  facet normal 0.64945 -0.760404 0
    outer loop
      vertex 32.5269 -32.5269 56
      vertex 27.0381 -37.2148 50
      vertex 32.5269 -32.5269 50
    endloop
  endfacet
  facet normal -0.382683 -0.92388 0
    outer loop
      vertex -20.8836 -40.9863 50
      vertex -14.2148 -43.7486 56
      vertex -20.8836 -40.9863 56
    endloop
  endfacet
  facet normal -0.382683 -0.92388 -0
    outer loop
      vertex -14.2148 -43.7486 56
      vertex -20.8836 -40.9863 50
      vertex -14.2148 -43.7486 50
    endloop
  endfacet
  facet normal -0.5225 -0.852639 0
    outer loop
      vertex -27.0381 -37.2148 50
      vertex -20.8836 -40.9863 56
      vertex -27.0381 -37.2148 56
    endloop
  endfacet
  facet normal -0.5225 -0.852639 -0
    outer loop
      vertex -20.8836 -40.9863 56
      vertex -27.0381 -37.2148 50
      vertex -20.8836 -40.9863 50
    endloop
  endfacet
  facet normal -0.972313 -0.233682 0
    outer loop
      vertex -45.4 -7.3362 50
      vertex -45.4337 -7.19598 56
      vertex -45.4337 -7.19598 50
    endloop
  endfacet
  facet normal -0.972313 -0.233682 0
    outer loop
      vertex -45.4337 -7.19598 56
      vertex -45.4 -7.3362 50
      vertex -45.4 -7.3362 56
    endloop
  endfacet
  facet normal 0.972313 -0.233682 0
    outer loop
      vertex 45.4 -7.3362 56
      vertex 45.4337 -7.19598 50
      vertex 45.4337 -7.19598 56
    endloop
  endfacet
  facet normal 0.972313 -0.233682 0
    outer loop
      vertex 45.4337 -7.19598 50
      vertex 45.4 -7.3362 56
      vertex 45.4 -7.3362 50
    endloop
  endfacet
  facet normal 0.852639 -0.5225 0
    outer loop
      vertex 37.2148 -27.0381 56
      vertex 40.9863 -20.8836 50
      vertex 40.9863 -20.8836 56
    endloop
  endfacet
  facet normal 0.852639 -0.5225 0
    outer loop
      vertex 40.9863 -20.8836 50
      vertex 37.2148 -27.0381 56
      vertex 37.2148 -27.0381 50
    endloop
  endfacet
  facet normal -0.233449 -0.972369 0
    outer loop
      vertex -14.2148 -43.7486 50
      vertex -7.19598 -45.4337 56
      vertex -14.2148 -43.7486 56
    endloop
  endfacet
  facet normal -0.233449 -0.972369 -0
    outer loop
      vertex -7.19598 -45.4337 56
      vertex -14.2148 -43.7486 50
      vertex -7.19598 -45.4337 50
    endloop
  endfacet
  facet normal -0.923883 -0.382676 0
    outer loop
      vertex -40.9863 -20.8836 50
      vertex -42.1807 -18 56
      vertex -42.1807 -18 50
    endloop
  endfacet
  facet normal -0.923883 -0.382676 0
    outer loop
      vertex -42.1807 -18 56
      vertex -40.9863 -20.8836 50
      vertex -40.9863 -20.8836 56
    endloop
  endfacet
  facet normal 0.64945 0.760404 -0
    outer loop
      vertex 32.5269 32.5269 82
      vertex 27.0381 37.2148 88
      vertex 32.5269 32.5269 88
    endloop
  endfacet
  facet normal 0.64945 0.760404 0
    outer loop
      vertex 27.0381 37.2148 88
      vertex 32.5269 32.5269 82
      vertex 27.0381 37.2148 82
    endloop
  endfacet
  facet normal -0.382683 0.92388 0
    outer loop
      vertex -14.2148 43.7486 82
      vertex -20.8836 40.9863 88
      vertex -14.2148 43.7486 88
    endloop
  endfacet
  facet normal -0.382683 0.92388 0
    outer loop
      vertex -20.8836 40.9863 88
      vertex -14.2148 43.7486 82
      vertex -20.8836 40.9863 82
    endloop
  endfacet
  facet normal -0.852639 0.5225 0
    outer loop
      vertex -40.9863 20.8836 82
      vertex -37.2148 27.0381 88
      vertex -37.2148 27.0381 82
    endloop
  endfacet
  facet normal -0.852639 0.5225 0
    outer loop
      vertex -37.2148 27.0381 88
      vertex -40.9863 20.8836 82
      vertex -40.9863 20.8836 88
    endloop
  endfacet
  facet normal 0.923883 0.382676 0
    outer loop
      vertex 42.1807 18 88
      vertex 40.9863 20.8836 82
      vertex 40.9863 20.8836 88
    endloop
  endfacet
  facet normal 0.923883 0.382676 0
    outer loop
      vertex 40.9863 20.8836 82
      vertex 42.1807 18 88
      vertex 42.1807 18 82
    endloop
  endfacet
  facet normal 0.852639 0.5225 0
    outer loop
      vertex 40.9863 20.8836 88
      vertex 37.2148 27.0381 82
      vertex 37.2148 27.0381 88
    endloop
  endfacet
  facet normal 0.852639 0.5225 0
    outer loop
      vertex 37.2148 27.0381 82
      vertex 40.9863 20.8836 88
      vertex 40.9863 20.8836 82
    endloop
  endfacet
  facet normal 0.760404 0.64945 0
    outer loop
      vertex 37.2148 27.0381 88
      vertex 32.5269 32.5269 82
      vertex 32.5269 32.5269 88
    endloop
  endfacet
  facet normal 0.760404 0.64945 0
    outer loop
      vertex 32.5269 32.5269 82
      vertex 37.2148 27.0381 88
      vertex 37.2148 27.0381 82
    endloop
  endfacet
  facet normal 0.5225 0.852639 -0
    outer loop
      vertex 27.0381 37.2148 82
      vertex 20.8836 40.9863 88
      vertex 27.0381 37.2148 88
    endloop
  endfacet
  facet normal 0.5225 0.852639 0
    outer loop
      vertex 20.8836 40.9863 88
      vertex 27.0381 37.2148 82
      vertex 20.8836 40.9863 82
    endloop
  endfacet
  facet normal -0.996918 0.0784542 0
    outer loop
      vertex -46 0 82
      vertex -45.4337 7.19598 88
      vertex -45.4337 7.19598 82
    endloop
  endfacet
  facet normal -0.996918 0.0784542 0
    outer loop
      vertex -45.4337 7.19598 88
      vertex -46 0 82
      vertex -46 0 88
    endloop
  endfacet
  facet normal -0.760404 0.64945 0
    outer loop
      vertex -37.2148 27.0381 82
      vertex -32.5269 32.5269 88
      vertex -32.5269 32.5269 82
    endloop
  endfacet
  facet normal -0.760404 0.64945 0
    outer loop
      vertex -32.5269 32.5269 88
      vertex -37.2148 27.0381 82
      vertex -37.2148 27.0381 88
    endloop
  endfacet
  facet normal -0.5225 0.852639 0
    outer loop
      vertex -20.8836 40.9863 82
      vertex -27.0381 37.2148 88
      vertex -20.8836 40.9863 88
    endloop
  endfacet
  facet normal -0.5225 0.852639 0
    outer loop
      vertex -27.0381 37.2148 88
      vertex -20.8836 40.9863 82
      vertex -27.0381 37.2148 82
    endloop
  endfacet
  facet normal -0.64945 0.760404 0
    outer loop
      vertex -27.0381 37.2148 82
      vertex -32.5269 32.5269 88
      vertex -27.0381 37.2148 88
    endloop
  endfacet
  facet normal -0.64945 0.760404 0
    outer loop
      vertex -32.5269 32.5269 88
      vertex -27.0381 37.2148 82
      vertex -32.5269 32.5269 82
    endloop
  endfacet
  facet normal 0.996918 0.0784542 0
    outer loop
      vertex 46 0 88
      vertex 45.4337 7.19598 82
      vertex 45.4337 7.19598 88
    endloop
  endfacet
  facet normal 0.996918 0.0784542 0
    outer loop
      vertex 45.4337 7.19598 82
      vertex 46 0 88
      vertex 46 0 82
    endloop
  endfacet
  facet normal 0.0784542 -0.996918 0
    outer loop
      vertex 0 -46 82
      vertex 7.19598 -45.4337 88
      vertex 0 -46 88
    endloop
  endfacet
  facet normal 0.0784542 -0.996918 0
    outer loop
      vertex 7.19598 -45.4337 88
      vertex 0 -46 82
      vertex 7.19598 -45.4337 82
    endloop
  endfacet
  facet normal 0.760404 -0.64945 0
    outer loop
      vertex 32.5269 -32.5269 88
      vertex 37.2148 -27.0381 82
      vertex 37.2148 -27.0381 88
    endloop
  endfacet
  facet normal 0.760404 -0.64945 0
    outer loop
      vertex 37.2148 -27.0381 82
      vertex 32.5269 -32.5269 88
      vertex 32.5269 -32.5269 82
    endloop
  endfacet
  facet normal 0.923883 -0.382676 0
    outer loop
      vertex 40.9863 -20.8836 88
      vertex 42.1807 -18 82
      vertex 42.1807 -18 88
    endloop
  endfacet
  facet normal 0.923883 -0.382676 0
    outer loop
      vertex 42.1807 -18 82
      vertex 40.9863 -20.8836 88
      vertex 40.9863 -20.8836 82
    endloop
  endfacet
  facet normal 0.382683 -0.92388 0
    outer loop
      vertex 14.2148 -43.7486 82
      vertex 20.8836 -40.9863 88
      vertex 14.2148 -43.7486 88
    endloop
  endfacet
  facet normal 0.382683 -0.92388 0
    outer loop
      vertex 20.8836 -40.9863 88
      vertex 14.2148 -43.7486 82
      vertex 20.8836 -40.9863 82
    endloop
  endfacet
  facet normal 0.5225 -0.852639 0
    outer loop
      vertex 20.8836 -40.9863 82
      vertex 27.0381 -37.2148 88
      vertex 20.8836 -40.9863 88
    endloop
  endfacet
  facet normal 0.5225 -0.852639 0
    outer loop
      vertex 27.0381 -37.2148 88
      vertex 20.8836 -40.9863 82
      vertex 27.0381 -37.2148 82
    endloop
  endfacet
  facet normal -0.0784542 -0.996918 0
    outer loop
      vertex -7.19598 -45.4337 82
      vertex 0 -46 88
      vertex -7.19598 -45.4337 88
    endloop
  endfacet
  facet normal -0.0784542 -0.996918 -0
    outer loop
      vertex 0 -46 88
      vertex -7.19598 -45.4337 82
      vertex 0 -46 82
    endloop
  endfacet
  facet normal -0.64945 -0.760404 0
    outer loop
      vertex -32.5269 -32.5269 82
      vertex -27.0381 -37.2148 88
      vertex -32.5269 -32.5269 88
    endloop
  endfacet
  facet normal -0.64945 -0.760404 -0
    outer loop
      vertex -27.0381 -37.2148 88
      vertex -32.5269 -32.5269 82
      vertex -27.0381 -37.2148 82
    endloop
  endfacet
  facet normal -0.852639 -0.5225 0
    outer loop
      vertex -37.2148 -27.0381 82
      vertex -40.9863 -20.8836 88
      vertex -40.9863 -20.8836 82
    endloop
  endfacet
  facet normal -0.852639 -0.5225 0
    outer loop
      vertex -40.9863 -20.8836 88
      vertex -37.2148 -27.0381 82
      vertex -37.2148 -27.0381 88
    endloop
  endfacet
  facet normal -0.996918 -0.0784542 0
    outer loop
      vertex -45.4337 -7.19598 82
      vertex -46 0 88
      vertex -46 0 82
    endloop
  endfacet
  facet normal -0.996918 -0.0784542 0
    outer loop
      vertex -46 0 88
      vertex -45.4337 -7.19598 82
      vertex -45.4337 -7.19598 88
    endloop
  endfacet
  facet normal 0 0 -1
    outer loop
      vertex 45.4 -7.3362 82
      vertex 46 0 82
      vertex 45.4337 -7.19598 82
    endloop
  endfacet
  facet normal 0 0 -1
    outer loop
      vertex 45.4 7.3362 82
      vertex 46 0 82
      vertex 45.4 -7.3362 82
    endloop
  endfacet
  facet normal 0 0 -1
    outer loop
      vertex 46 0 82
      vertex 45.4 7.3362 82
      vertex 45.4337 7.19598 82
    endloop
  endfacet
  facet normal 0 0 -1
    outer loop
      vertex -7.03955 44.446 82
      vertex -9.00232 45 82
      vertex 0 45 82
    endloop
  endfacet
  facet normal 0 0 -1
    outer loop
      vertex -13.9058 42.7975 82
      vertex -9.00232 45 82
      vertex -7.03955 44.446 82
    endloop
  endfacet
  facet normal 0 0 -1
    outer loop
      vertex -13.9058 42.7975 82
      vertex -14.2148 43.7486 82
      vertex -9.00232 45 82
    endloop
  endfacet
  facet normal 0 0 -1
    outer loop
      vertex -20.4296 40.0953 82
      vertex -14.2148 43.7486 82
      vertex -13.9058 42.7975 82
    endloop
  endfacet
  facet normal 0 0 -1
    outer loop
      vertex -20.4296 40.0953 82
      vertex -20.8836 40.9863 82
      vertex -14.2148 43.7486 82
    endloop
  endfacet
  facet normal 0 0 -1
    outer loop
      vertex -26.4503 36.4058 82
      vertex -20.8836 40.9863 82
      vertex -20.4296 40.0953 82
    endloop
  endfacet
  facet normal 0 0 -1
    outer loop
      vertex -26.4503 36.4058 82
      vertex -27.0381 37.2148 82
      vertex -20.8836 40.9863 82
    endloop
  endfacet
  facet normal 0 0 -1
    outer loop
      vertex -31.8198 31.8198 82
      vertex -27.0381 37.2148 82
      vertex -26.4503 36.4058 82
    endloop
  endfacet
  facet normal 0 0 -1
    outer loop
      vertex -31.8198 31.8198 82
      vertex -32.5269 32.5269 82
      vertex -27.0381 37.2148 82
    endloop
  endfacet
  facet normal 0 0 -1
    outer loop
      vertex -36.4058 26.4503 82
      vertex -32.5269 32.5269 82
      vertex -31.8198 31.8198 82
    endloop
  endfacet
  facet normal 0 0 -1
    outer loop
      vertex -36.4058 26.4503 82
      vertex -37.2148 27.0381 82
      vertex -32.5269 32.5269 82
    endloop
  endfacet
  facet normal 0 0 -1
    outer loop
      vertex -40.0953 20.4296 82
      vertex -37.2148 27.0381 82
      vertex -36.4058 26.4503 82
    endloop
  endfacet
  facet normal 0 0 -1
    outer loop
      vertex -40.0953 20.4296 82
      vertex -40.9863 20.8836 82
      vertex -37.2148 27.0381 82
    endloop
  endfacet
  facet normal 0 0 -1
    outer loop
      vertex -41.1017 18 82
      vertex -40.9863 20.8836 82
      vertex -40.0953 20.4296 82
    endloop
  endfacet
  facet normal 0 0 -1
    outer loop
      vertex -40.9863 20.8836 82
      vertex -41.1017 18 82
      vertex -42.1807 18 82
    endloop
  endfacet
  facet normal 0 0 -1
    outer loop
      vertex 41.1017 18 82
      vertex 40.9863 20.8836 82
      vertex 42.1807 18 82
    endloop
  endfacet
  facet normal 0 0 -1
    outer loop
      vertex 40.0953 20.4296 82
      vertex 40.9863 20.8836 82
      vertex 41.1017 18 82
    endloop
  endfacet
  facet normal 0 0 -1
    outer loop
      vertex 40.0953 20.4296 82
      vertex 37.2148 27.0381 82
      vertex 40.9863 20.8836 82
    endloop
  endfacet
  facet normal 0 0 -1
    outer loop
      vertex 36.4058 26.4503 82
      vertex 37.2148 27.0381 82
      vertex 40.0953 20.4296 82
    endloop
  endfacet
  facet normal 0 0 -1
    outer loop
      vertex 36.4058 26.4503 82
      vertex 32.5269 32.5269 82
      vertex 37.2148 27.0381 82
    endloop
  endfacet
  facet normal 0 0 -1
    outer loop
      vertex 31.8198 31.8198 82
      vertex 32.5269 32.5269 82
      vertex 36.4058 26.4503 82
    endloop
  endfacet
  facet normal 0 0 -1
    outer loop
      vertex 31.8198 31.8198 82
      vertex 27.0381 37.2148 82
      vertex 32.5269 32.5269 82
    endloop
  endfacet
  facet normal 0 0 -1
    outer loop
      vertex 26.4503 36.4058 82
      vertex 27.0381 37.2148 82
      vertex 31.8198 31.8198 82
    endloop
  endfacet
  facet normal 0 0 -1
    outer loop
      vertex 26.4503 36.4058 82
      vertex 20.8836 40.9863 82
      vertex 27.0381 37.2148 82
    endloop
  endfacet
  facet normal 0 0 -1
    outer loop
      vertex 20.4296 40.0953 82
      vertex 20.8836 40.9863 82
      vertex 26.4503 36.4058 82
    endloop
  endfacet
  facet normal 0 0 -1
    outer loop
      vertex 20.4296 40.0953 82
      vertex 14.2148 43.7486 82
      vertex 20.8836 40.9863 82
    endloop
  endfacet
  facet normal 0 0 -1
    outer loop
      vertex 13.9058 42.7975 82
      vertex 14.2148 43.7486 82
      vertex 20.4296 40.0953 82
    endloop
  endfacet
  facet normal 0 0 -1
    outer loop
      vertex 13.9058 42.7975 82
      vertex 9.00232 45 82
      vertex 14.2148 43.7486 82
    endloop
  endfacet
  facet normal 0 0 -1
    outer loop
      vertex 7.03955 44.446 82
      vertex 9.00232 45 82
      vertex 13.9058 42.7975 82
    endloop
  endfacet
  facet normal -0 0 -1
    outer loop
      vertex 9.00232 45 82
      vertex 7.03955 44.446 82
      vertex 0 45 82
    endloop
  endfacet
  facet normal 0 0 -1
    outer loop
      vertex 40.9863 -20.8836 82
      vertex 41.1017 -18 82
      vertex 42.1807 -18 82
    endloop
  endfacet
  facet normal 0 0 -1
    outer loop
      vertex 40.9863 -20.8836 82
      vertex 40.0953 -20.4296 82
      vertex 41.1017 -18 82
    endloop
  endfacet
  facet normal 0 0 -1
    outer loop
      vertex 37.2148 -27.0381 82
      vertex 40.0953 -20.4296 82
      vertex 40.9863 -20.8836 82
    endloop
  endfacet
  facet normal 0 0 -1
    outer loop
      vertex 37.2148 -27.0381 82
      vertex 36.4058 -26.4503 82
      vertex 40.0953 -20.4296 82
    endloop
  endfacet
  facet normal 0 0 -1
    outer loop
      vertex 32.5269 -32.5269 82
      vertex 36.4058 -26.4503 82
      vertex 37.2148 -27.0381 82
    endloop
  endfacet
  facet normal 0 0 -1
    outer loop
      vertex 32.5269 -32.5269 82
      vertex 31.8198 -31.8198 82
      vertex 36.4058 -26.4503 82
    endloop
  endfacet
  facet normal 0 0 -1
    outer loop
      vertex 27.0381 -37.2148 82
      vertex 31.8198 -31.8198 82
      vertex 32.5269 -32.5269 82
    endloop
  endfacet
  facet normal 0 0 -1
    outer loop
      vertex 27.0381 -37.2148 82
      vertex 26.4503 -36.4058 82
      vertex 31.8198 -31.8198 82
    endloop
  endfacet
  facet normal 0 0 -1
    outer loop
      vertex 20.8836 -40.9863 82
      vertex 26.4503 -36.4058 82
      vertex 27.0381 -37.2148 82
    endloop
  endfacet
  facet normal 0 0 -1
    outer loop
      vertex 20.8836 -40.9863 82
      vertex 20.4296 -40.0953 82
      vertex 26.4503 -36.4058 82
    endloop
  endfacet
  facet normal 0 0 -1
    outer loop
      vertex 14.2148 -43.7486 82
      vertex 20.4296 -40.0953 82
      vertex 20.8836 -40.9863 82
    endloop
  endfacet
  facet normal 0 0 -1
    outer loop
      vertex 14.2148 -43.7486 82
      vertex 13.9058 -42.7975 82
      vertex 20.4296 -40.0953 82
    endloop
  endfacet
  facet normal 0 0 -1
    outer loop
      vertex 7.19598 -45.4337 82
      vertex 13.9058 -42.7975 82
      vertex 14.2148 -43.7486 82
    endloop
  endfacet
  facet normal 0 0 -1
    outer loop
      vertex 7.19598 -45.4337 82
      vertex 7.03955 -44.446 82
      vertex 13.9058 -42.7975 82
    endloop
  endfacet
  facet normal 0 0 -1
    outer loop
      vertex 0 -46 82
      vertex 7.03955 -44.446 82
      vertex 7.19598 -45.4337 82
    endloop
  endfacet
  facet normal 0 0 -1
    outer loop
      vertex 0 -46 82
      vertex 0 -45 82
      vertex 7.03955 -44.446 82
    endloop
  endfacet
  facet normal 0 0 -1
    outer loop
      vertex 0 -46 82
      vertex -7.03955 -44.446 82
      vertex 0 -45 82
    endloop
  endfacet
  facet normal 0 0 -1
    outer loop
      vertex -7.19598 -45.4337 82
      vertex -7.03955 -44.446 82
      vertex 0 -46 82
    endloop
  endfacet
  facet normal 0 0 -1
    outer loop
      vertex -7.19598 -45.4337 82
      vertex -13.9058 -42.7975 82
      vertex -7.03955 -44.446 82
    endloop
  endfacet
  facet normal 0 0 -1
    outer loop
      vertex -14.2148 -43.7486 82
      vertex -13.9058 -42.7975 82
      vertex -7.19598 -45.4337 82
    endloop
  endfacet
  facet normal 0 0 -1
    outer loop
      vertex -14.2148 -43.7486 82
      vertex -20.4296 -40.0953 82
      vertex -13.9058 -42.7975 82
    endloop
  endfacet
  facet normal 0 0 -1
    outer loop
      vertex -20.8836 -40.9863 82
      vertex -20.4296 -40.0953 82
      vertex -14.2148 -43.7486 82
    endloop
  endfacet
  facet normal 0 0 -1
    outer loop
      vertex -20.8836 -40.9863 82
      vertex -26.4503 -36.4058 82
      vertex -20.4296 -40.0953 82
    endloop
  endfacet
  facet normal 0 0 -1
    outer loop
      vertex -27.0381 -37.2148 82
      vertex -26.4503 -36.4058 82
      vertex -20.8836 -40.9863 82
    endloop
  endfacet
  facet normal 0 0 -1
    outer loop
      vertex -27.0381 -37.2148 82
      vertex -31.8198 -31.8198 82
      vertex -26.4503 -36.4058 82
    endloop
  endfacet
  facet normal 0 0 -1
    outer loop
      vertex -32.5269 -32.5269 82
      vertex -31.8198 -31.8198 82
      vertex -27.0381 -37.2148 82
    endloop
  endfacet
  facet normal 0 0 -1
    outer loop
      vertex -32.5269 -32.5269 82
      vertex -36.4058 -26.4503 82
      vertex -31.8198 -31.8198 82
    endloop
  endfacet
  facet normal 0 0 -1
    outer loop
      vertex -37.2148 -27.0381 82
      vertex -36.4058 -26.4503 82
      vertex -32.5269 -32.5269 82
    endloop
  endfacet
  facet normal 0 0 -1
    outer loop
      vertex -37.2148 -27.0381 82
      vertex -40.0953 -20.4296 82
      vertex -36.4058 -26.4503 82
    endloop
  endfacet
  facet normal 0 0 -1
    outer loop
      vertex -40.9863 -20.8836 82
      vertex -40.0953 -20.4296 82
      vertex -37.2148 -27.0381 82
    endloop
  endfacet
  facet normal 0 0 -1
    outer loop
      vertex -40.9863 -20.8836 82
      vertex -41.1017 -18 82
      vertex -40.0953 -20.4296 82
    endloop
  endfacet
  facet normal -0 -0 -1
    outer loop
      vertex -41.1017 -18 82
      vertex -40.9863 -20.8836 82
      vertex -42.1807 -18 82
    endloop
  endfacet
  facet normal 0 0 -1
    outer loop
      vertex -46 0 82
      vertex -45.4 -7.3362 82
      vertex -45.4337 -7.19598 82
    endloop
  endfacet
  facet normal 0 0 -1
    outer loop
      vertex -45.4 -7.3362 82
      vertex -46 0 82
      vertex -45.4 7.3362 82
    endloop
  endfacet
  facet normal 0 0 -1
    outer loop
      vertex -45.4 7.3362 82
      vertex -46 0 82
      vertex -45.4337 7.19598 82
    endloop
  endfacet
  facet normal -0.760404 -0.64945 0
    outer loop
      vertex -32.5269 -32.5269 82
      vertex -37.2148 -27.0381 88
      vertex -37.2148 -27.0381 82
    endloop
  endfacet
  facet normal -0.760404 -0.64945 0
    outer loop
      vertex -37.2148 -27.0381 88
      vertex -32.5269 -32.5269 82
      vertex -32.5269 -32.5269 88
    endloop
  endfacet
  facet normal 0.972313 0.233682 0
    outer loop
      vertex 45.4337 7.19598 88
      vertex 45.4 7.3362 82
      vertex 45.4 7.3362 88
    endloop
  endfacet
  facet normal 0.972313 0.233682 0
    outer loop
      vertex 45.4 7.3362 82
      vertex 45.4337 7.19598 88
      vertex 45.4337 7.19598 82
    endloop
  endfacet
  facet normal 0.382683 0.92388 -0
    outer loop
      vertex 20.8836 40.9863 82
      vertex 14.2148 43.7486 88
      vertex 20.8836 40.9863 88
    endloop
  endfacet
  facet normal 0.382683 0.92388 0
    outer loop
      vertex 14.2148 43.7486 88
      vertex 20.8836 40.9863 82
      vertex 14.2148 43.7486 82
    endloop
  endfacet
  facet normal 0.233444 0.97237 -0
    outer loop
      vertex 14.2148 43.7486 82
      vertex 9.00232 45 88
      vertex 14.2148 43.7486 88
    endloop
  endfacet
  facet normal 0.233444 0.97237 0
    outer loop
      vertex 9.00232 45 88
      vertex 14.2148 43.7486 82
      vertex 9.00232 45 82
    endloop
  endfacet
  facet normal -0 0 1
    outer loop
      vertex -9.00232 45 88
      vertex -7.03955 44.446 88
      vertex 0 45 88
    endloop
  endfacet
  facet normal 0 0 1
    outer loop
      vertex -9.00232 45 88
      vertex -13.9058 42.7975 88
      vertex -7.03955 44.446 88
    endloop
  endfacet
  facet normal -0 0 1
    outer loop
      vertex -14.2148 43.7486 88
      vertex -13.9058 42.7975 88
      vertex -9.00232 45 88
    endloop
  endfacet
  facet normal 0 0 1
    outer loop
      vertex -14.2148 43.7486 88
      vertex -20.4296 40.0953 88
      vertex -13.9058 42.7975 88
    endloop
  endfacet
  facet normal -0 0 1
    outer loop
      vertex -20.8836 40.9863 88
      vertex -20.4296 40.0953 88
      vertex -14.2148 43.7486 88
    endloop
  endfacet
  facet normal 0 0 1
    outer loop
      vertex -20.8836 40.9863 88
      vertex -26.4503 36.4058 88
      vertex -20.4296 40.0953 88
    endloop
  endfacet
  facet normal -0 0 1
    outer loop
      vertex -27.0381 37.2148 88
      vertex -26.4503 36.4058 88
      vertex -20.8836 40.9863 88
    endloop
  endfacet
  facet normal 0 0 1
    outer loop
      vertex -27.0381 37.2148 88
      vertex -31.8198 31.8198 88
      vertex -26.4503 36.4058 88
    endloop
  endfacet
  facet normal -0 0 1
    outer loop
      vertex -32.5269 32.5269 88
      vertex -31.8198 31.8198 88
      vertex -27.0381 37.2148 88
    endloop
  endfacet
  facet normal 0 0 1
    outer loop
      vertex -32.5269 32.5269 88
      vertex -36.4058 26.4503 88
      vertex -31.8198 31.8198 88
    endloop
  endfacet
  facet normal -0 0 1
    outer loop
      vertex -37.2148 27.0381 88
      vertex -36.4058 26.4503 88
      vertex -32.5269 32.5269 88
    endloop
  endfacet
  facet normal 0 0 1
    outer loop
      vertex -37.2148 27.0381 88
      vertex -40.0953 20.4296 88
      vertex -36.4058 26.4503 88
    endloop
  endfacet
  facet normal -0 0 1
    outer loop
      vertex -40.9863 20.8836 88
      vertex -40.0953 20.4296 88
      vertex -37.2148 27.0381 88
    endloop
  endfacet
  facet normal 0 0 1
    outer loop
      vertex -40.9863 20.8836 88
      vertex -41.1017 18 88
      vertex -40.0953 20.4296 88
    endloop
  endfacet
  facet normal 0 -0 1
    outer loop
      vertex -41.1017 18 88
      vertex -40.9863 20.8836 88
      vertex -42.1807 18 88
    endloop
  endfacet
  facet normal -0 0 1
    outer loop
      vertex 41.1017 -18 88
      vertex 40.9863 -20.8836 88
      vertex 42.1807 -18 88
    endloop
  endfacet
  facet normal -0 0 1
    outer loop
      vertex 40.0953 -20.4296 88
      vertex 40.9863 -20.8836 88
      vertex 41.1017 -18 88
    endloop
  endfacet
  facet normal 0 0 1
    outer loop
      vertex 40.0953 -20.4296 88
      vertex 37.2148 -27.0381 88
      vertex 40.9863 -20.8836 88
    endloop
  endfacet
  facet normal -0 0 1
    outer loop
      vertex 36.4058 -26.4503 88
      vertex 37.2148 -27.0381 88
      vertex 40.0953 -20.4296 88
    endloop
  endfacet
  facet normal 0 0 1
    outer loop
      vertex 36.4058 -26.4503 88
      vertex 32.5269 -32.5269 88
      vertex 37.2148 -27.0381 88
    endloop
  endfacet
  facet normal -0 0 1
    outer loop
      vertex 31.8198 -31.8198 88
      vertex 32.5269 -32.5269 88
      vertex 36.4058 -26.4503 88
    endloop
  endfacet
  facet normal 0 0 1
    outer loop
      vertex 31.8198 -31.8198 88
      vertex 27.0381 -37.2148 88
      vertex 32.5269 -32.5269 88
    endloop
  endfacet
  facet normal -0 0 1
    outer loop
      vertex 26.4503 -36.4058 88
      vertex 27.0381 -37.2148 88
      vertex 31.8198 -31.8198 88
    endloop
  endfacet
  facet normal 0 0 1
    outer loop
      vertex 26.4503 -36.4058 88
      vertex 20.8836 -40.9863 88
      vertex 27.0381 -37.2148 88
    endloop
  endfacet
  facet normal -0 0 1
    outer loop
      vertex 20.4296 -40.0953 88
      vertex 20.8836 -40.9863 88
      vertex 26.4503 -36.4058 88
    endloop
  endfacet
  facet normal 0 0 1
    outer loop
      vertex 20.4296 -40.0953 88
      vertex 14.2148 -43.7486 88
      vertex 20.8836 -40.9863 88
    endloop
  endfacet
  facet normal -0 0 1
    outer loop
      vertex 13.9058 -42.7975 88
      vertex 14.2148 -43.7486 88
      vertex 20.4296 -40.0953 88
    endloop
  endfacet
  facet normal 0 0 1
    outer loop
      vertex 13.9058 -42.7975 88
      vertex 7.19598 -45.4337 88
      vertex 14.2148 -43.7486 88
    endloop
  endfacet
  facet normal -0 0 1
    outer loop
      vertex 7.03955 -44.446 88
      vertex 7.19598 -45.4337 88
      vertex 13.9058 -42.7975 88
    endloop
  endfacet
  facet normal -0 0 1
    outer loop
      vertex 0 -45 88
      vertex 7.19598 -45.4337 88
      vertex 7.03955 -44.446 88
    endloop
  endfacet
  facet normal 0 0 1
    outer loop
      vertex 0 -45 88
      vertex 0 -46 88
      vertex 7.19598 -45.4337 88
    endloop
  endfacet
  facet normal 0 0 1
    outer loop
      vertex -7.03955 -44.446 88
      vertex 0 -46 88
      vertex 0 -45 88
    endloop
  endfacet
  facet normal 0 0 1
    outer loop
      vertex -7.03955 -44.446 88
      vertex -7.19598 -45.4337 88
      vertex 0 -46 88
    endloop
  endfacet
  facet normal 0 0 1
    outer loop
      vertex -13.9058 -42.7975 88
      vertex -7.19598 -45.4337 88
      vertex -7.03955 -44.446 88
    endloop
  endfacet
  facet normal 0 0 1
    outer loop
      vertex -13.9058 -42.7975 88
      vertex -14.2148 -43.7486 88
      vertex -7.19598 -45.4337 88
    endloop
  endfacet
  facet normal 0 0 1
    outer loop
      vertex -20.4296 -40.0953 88
      vertex -14.2148 -43.7486 88
      vertex -13.9058 -42.7975 88
    endloop
  endfacet
  facet normal 0 0 1
    outer loop
      vertex -20.4296 -40.0953 88
      vertex -20.8836 -40.9863 88
      vertex -14.2148 -43.7486 88
    endloop
  endfacet
  facet normal 0 0 1
    outer loop
      vertex -26.4503 -36.4058 88
      vertex -20.8836 -40.9863 88
      vertex -20.4296 -40.0953 88
    endloop
  endfacet
  facet normal 0 0 1
    outer loop
      vertex -26.4503 -36.4058 88
      vertex -27.0381 -37.2148 88
      vertex -20.8836 -40.9863 88
    endloop
  endfacet
  facet normal 0 0 1
    outer loop
      vertex -31.8198 -31.8198 88
      vertex -27.0381 -37.2148 88
      vertex -26.4503 -36.4058 88
    endloop
  endfacet
  facet normal 0 0 1
    outer loop
      vertex -31.8198 -31.8198 88
      vertex -32.5269 -32.5269 88
      vertex -27.0381 -37.2148 88
    endloop
  endfacet
  facet normal 0 0 1
    outer loop
      vertex -36.4058 -26.4503 88
      vertex -32.5269 -32.5269 88
      vertex -31.8198 -31.8198 88
    endloop
  endfacet
  facet normal 0 0 1
    outer loop
      vertex -36.4058 -26.4503 88
      vertex -37.2148 -27.0381 88
      vertex -32.5269 -32.5269 88
    endloop
  endfacet
  facet normal 0 0 1
    outer loop
      vertex -40.0953 -20.4296 88
      vertex -37.2148 -27.0381 88
      vertex -36.4058 -26.4503 88
    endloop
  endfacet
  facet normal 0 0 1
    outer loop
      vertex -40.0953 -20.4296 88
      vertex -40.9863 -20.8836 88
      vertex -37.2148 -27.0381 88
    endloop
  endfacet
  facet normal 0 0 1
    outer loop
      vertex -41.1017 -18 88
      vertex -40.9863 -20.8836 88
      vertex -40.0953 -20.4296 88
    endloop
  endfacet
  facet normal 0 0 1
    outer loop
      vertex -40.9863 -20.8836 88
      vertex -41.1017 -18 88
      vertex -42.1807 -18 88
    endloop
  endfacet
  facet normal 0 0 1
    outer loop
      vertex 40.9863 20.8836 88
      vertex 41.1017 18 88
      vertex 42.1807 18 88
    endloop
  endfacet
  facet normal 0 0 1
    outer loop
      vertex 40.9863 20.8836 88
      vertex 40.0953 20.4296 88
      vertex 41.1017 18 88
    endloop
  endfacet
  facet normal 0 0 1
    outer loop
      vertex 37.2148 27.0381 88
      vertex 40.0953 20.4296 88
      vertex 40.9863 20.8836 88
    endloop
  endfacet
  facet normal 0 0 1
    outer loop
      vertex 37.2148 27.0381 88
      vertex 36.4058 26.4503 88
      vertex 40.0953 20.4296 88
    endloop
  endfacet
  facet normal 0 0 1
    outer loop
      vertex 32.5269 32.5269 88
      vertex 36.4058 26.4503 88
      vertex 37.2148 27.0381 88
    endloop
  endfacet
  facet normal 0 0 1
    outer loop
      vertex 32.5269 32.5269 88
      vertex 31.8198 31.8198 88
      vertex 36.4058 26.4503 88
    endloop
  endfacet
  facet normal 0 0 1
    outer loop
      vertex 27.0381 37.2148 88
      vertex 31.8198 31.8198 88
      vertex 32.5269 32.5269 88
    endloop
  endfacet
  facet normal 0 0 1
    outer loop
      vertex 27.0381 37.2148 88
      vertex 26.4503 36.4058 88
      vertex 31.8198 31.8198 88
    endloop
  endfacet
  facet normal 0 0 1
    outer loop
      vertex 20.8836 40.9863 88
      vertex 26.4503 36.4058 88
      vertex 27.0381 37.2148 88
    endloop
  endfacet
  facet normal 0 0 1
    outer loop
      vertex 20.8836 40.9863 88
      vertex 20.4296 40.0953 88
      vertex 26.4503 36.4058 88
    endloop
  endfacet
  facet normal 0 0 1
    outer loop
      vertex 14.2148 43.7486 88
      vertex 20.4296 40.0953 88
      vertex 20.8836 40.9863 88
    endloop
  endfacet
  facet normal 0 0 1
    outer loop
      vertex 14.2148 43.7486 88
      vertex 13.9058 42.7975 88
      vertex 20.4296 40.0953 88
    endloop
  endfacet
  facet normal 0 0 1
    outer loop
      vertex 9.00232 45 88
      vertex 13.9058 42.7975 88
      vertex 14.2148 43.7486 88
    endloop
  endfacet
  facet normal 0 0 1
    outer loop
      vertex 9.00232 45 88
      vertex 7.03955 44.446 88
      vertex 13.9058 42.7975 88
    endloop
  endfacet
  facet normal 0 -0 1
    outer loop
      vertex 7.03955 44.446 88
      vertex 9.00232 45 88
      vertex 0 45 88
    endloop
  endfacet
  facet normal 0 0 1
    outer loop
      vertex 45.4 7.3362 88
      vertex 46 0 88
      vertex 45.4337 7.19598 88
    endloop
  endfacet
  facet normal 0 0 1
    outer loop
      vertex 45.4 -7.3362 88
      vertex 46 0 88
      vertex 45.4 7.3362 88
    endloop
  endfacet
  facet normal 0 0 1
    outer loop
      vertex 46 0 88
      vertex 45.4 -7.3362 88
      vertex 45.4337 -7.19598 88
    endloop
  endfacet
  facet normal 0 0 1
    outer loop
      vertex -46 0 88
      vertex -45.4 7.3362 88
      vertex -45.4337 7.19598 88
    endloop
  endfacet
  facet normal 0 0 1
    outer loop
      vertex -45.4 7.3362 88
      vertex -46 0 88
      vertex -45.4 -7.3362 88
    endloop
  endfacet
  facet normal 0 0 1
    outer loop
      vertex -45.4 -7.3362 88
      vertex -46 0 88
      vertex -45.4337 -7.19598 88
    endloop
  endfacet
  facet normal -0.923883 0.382676 0
    outer loop
      vertex -42.1807 18 82
      vertex -40.9863 20.8836 88
      vertex -40.9863 20.8836 82
    endloop
  endfacet
  facet normal -0.923883 0.382676 0
    outer loop
      vertex -40.9863 20.8836 88
      vertex -42.1807 18 82
      vertex -42.1807 18 88
    endloop
  endfacet
  facet normal -0.972313 0.233682 0
    outer loop
      vertex -45.4337 7.19598 82
      vertex -45.4 7.3362 88
      vertex -45.4 7.3362 82
    endloop
  endfacet
  facet normal -0.972313 0.233682 0
    outer loop
      vertex -45.4 7.3362 88
      vertex -45.4337 7.19598 82
      vertex -45.4337 7.19598 88
    endloop
  endfacet
  facet normal -0.233444 0.97237 0
    outer loop
      vertex -9.00232 45 82
      vertex -14.2148 43.7486 88
      vertex -9.00232 45 88
    endloop
  endfacet
  facet normal -0.233444 0.97237 0
    outer loop
      vertex -14.2148 43.7486 88
      vertex -9.00232 45 82
      vertex -14.2148 43.7486 82
    endloop
  endfacet
  facet normal 0.996918 -0.0784542 0
    outer loop
      vertex 45.4337 -7.19598 88
      vertex 46 0 82
      vertex 46 0 88
    endloop
  endfacet
  facet normal 0.996918 -0.0784542 0
    outer loop
      vertex 46 0 82
      vertex 45.4337 -7.19598 88
      vertex 45.4337 -7.19598 82
    endloop
  endfacet
  facet normal 0.233449 -0.972369 0
    outer loop
      vertex 7.19598 -45.4337 82
      vertex 14.2148 -43.7486 88
      vertex 7.19598 -45.4337 88
    endloop
  endfacet
  facet normal 0.233449 -0.972369 0
    outer loop
      vertex 14.2148 -43.7486 88
      vertex 7.19598 -45.4337 82
      vertex 14.2148 -43.7486 82
    endloop
  endfacet
  facet normal 0.64945 -0.760404 0
    outer loop
      vertex 27.0381 -37.2148 82
      vertex 32.5269 -32.5269 88
      vertex 27.0381 -37.2148 88
    endloop
  endfacet
  facet normal 0.64945 -0.760404 0
    outer loop
      vertex 32.5269 -32.5269 88
      vertex 27.0381 -37.2148 82
      vertex 32.5269 -32.5269 82
    endloop
  endfacet
  facet normal -0.382683 -0.92388 0
    outer loop
      vertex -20.8836 -40.9863 82
      vertex -14.2148 -43.7486 88
      vertex -20.8836 -40.9863 88
    endloop
  endfacet
  facet normal -0.382683 -0.92388 -0
    outer loop
      vertex -14.2148 -43.7486 88
      vertex -20.8836 -40.9863 82
      vertex -14.2148 -43.7486 82
    endloop
  endfacet
  facet normal -0.5225 -0.852639 0
    outer loop
      vertex -27.0381 -37.2148 82
      vertex -20.8836 -40.9863 88
      vertex -27.0381 -37.2148 88
    endloop
  endfacet
  facet normal -0.5225 -0.852639 -0
    outer loop
      vertex -20.8836 -40.9863 88
      vertex -27.0381 -37.2148 82
      vertex -20.8836 -40.9863 82
    endloop
  endfacet
  facet normal -0.972313 -0.233682 0
    outer loop
      vertex -45.4 -7.3362 82
      vertex -45.4337 -7.19598 88
      vertex -45.4337 -7.19598 82
    endloop
  endfacet
  facet normal -0.972313 -0.233682 0
    outer loop
      vertex -45.4337 -7.19598 88
      vertex -45.4 -7.3362 82
      vertex -45.4 -7.3362 88
    endloop
  endfacet
  facet normal 0.972313 -0.233682 0
    outer loop
      vertex 45.4 -7.3362 88
      vertex 45.4337 -7.19598 82
      vertex 45.4337 -7.19598 88
    endloop
  endfacet
  facet normal 0.972313 -0.233682 0
    outer loop
      vertex 45.4337 -7.19598 82
      vertex 45.4 -7.3362 88
      vertex 45.4 -7.3362 82
    endloop
  endfacet
  facet normal 0.852639 -0.5225 0
    outer loop
      vertex 37.2148 -27.0381 88
      vertex 40.9863 -20.8836 82
      vertex 40.9863 -20.8836 88
    endloop
  endfacet
  facet normal 0.852639 -0.5225 0
    outer loop
      vertex 40.9863 -20.8836 82
      vertex 37.2148 -27.0381 88
      vertex 37.2148 -27.0381 82
    endloop
  endfacet
  facet normal -0.233449 -0.972369 0
    outer loop
      vertex -14.2148 -43.7486 82
      vertex -7.19598 -45.4337 88
      vertex -14.2148 -43.7486 88
    endloop
  endfacet
  facet normal -0.233449 -0.972369 -0
    outer loop
      vertex -7.19598 -45.4337 88
      vertex -14.2148 -43.7486 82
      vertex -7.19598 -45.4337 82
    endloop
  endfacet
  facet normal -0.923883 -0.382676 0
    outer loop
      vertex -40.9863 -20.8836 82
      vertex -42.1807 -18 88
      vertex -42.1807 -18 82
    endloop
  endfacet
  facet normal -0.923883 -0.382676 0
    outer loop
      vertex -42.1807 -18 88
      vertex -40.9863 -20.8836 82
      vertex -40.9863 -20.8836 88
    endloop
  endfacet
  facet normal 0.64945 0.760404 -0
    outer loop
      vertex 31 33.831 114
      vertex 27.0381 37.2148 120
      vertex 31 33.831 120
    endloop
  endfacet
  facet normal 0.64945 0.760404 0
    outer loop
      vertex 27.0381 37.2148 120
      vertex 31 33.831 114
      vertex 27.0381 37.2148 114
    endloop
  endfacet
  facet normal -0.382683 0.92388 0
    outer loop
      vertex -14.2148 43.7486 114
      vertex -20.8836 40.9863 120
      vertex -14.2148 43.7486 120
    endloop
  endfacet
  facet normal -0.382683 0.92388 0
    outer loop
      vertex -20.8836 40.9863 120
      vertex -14.2148 43.7486 114
      vertex -20.8836 40.9863 114
    endloop
  endfacet
  facet normal 0.5225 0.852639 -0
    outer loop
      vertex 27.0381 37.2148 114
      vertex 20.8836 40.9863 120
      vertex 27.0381 37.2148 120
    endloop
  endfacet
  facet normal 0.5225 0.852639 0
    outer loop
      vertex 20.8836 40.9863 120
      vertex 27.0381 37.2148 114
      vertex 20.8836 40.9863 114
    endloop
  endfacet
  facet normal 0.0784542 0.996918 -0
    outer loop
      vertex 7.19598 45.4337 114
      vertex 0 46 120
      vertex 7.19598 45.4337 120
    endloop
  endfacet
  facet normal 0.0784542 0.996918 0
    outer loop
      vertex 0 46 120
      vertex 7.19598 45.4337 114
      vertex 0 46 114
    endloop
  endfacet
  facet normal -0.996918 0.0784542 0
    outer loop
      vertex -46 0 114
      vertex -45.4337 7.19598 120
      vertex -45.4337 7.19598 114
    endloop
  endfacet
  facet normal -0.996918 0.0784542 0
    outer loop
      vertex -45.4337 7.19598 120
      vertex -46 0 114
      vertex -46 0 120
    endloop
  endfacet
  facet normal -0.5225 0.852639 0
    outer loop
      vertex -20.8836 40.9863 114
      vertex -27.0381 37.2148 120
      vertex -20.8836 40.9863 120
    endloop
  endfacet
  facet normal -0.5225 0.852639 0
    outer loop
      vertex -27.0381 37.2148 120
      vertex -20.8836 40.9863 114
      vertex -27.0381 37.2148 114
    endloop
  endfacet
  facet normal -0.0784542 0.996918 0
    outer loop
      vertex 0 46 114
      vertex -7.19598 45.4337 120
      vertex 0 46 120
    endloop
  endfacet
  facet normal -0.0784542 0.996918 0
    outer loop
      vertex -7.19598 45.4337 120
      vertex 0 46 114
      vertex -7.19598 45.4337 114
    endloop
  endfacet
  facet normal -0.64945 0.760404 0
    outer loop
      vertex -27.0381 37.2148 114
      vertex -31 33.831 120
      vertex -27.0381 37.2148 120
    endloop
  endfacet
  facet normal -0.64945 0.760404 0
    outer loop
      vertex -31 33.831 120
      vertex -27.0381 37.2148 114
      vertex -31 33.831 114
    endloop
  endfacet
  facet normal 0.996918 0.0784542 0
    outer loop
      vertex 46 0 120
      vertex 45.4337 7.19598 114
      vertex 45.4337 7.19598 120
    endloop
  endfacet
  facet normal 0.996918 0.0784542 0
    outer loop
      vertex 45.4337 7.19598 114
      vertex 46 0 120
      vertex 46 0 114
    endloop
  endfacet
  facet normal 0.0784542 -0.996918 0
    outer loop
      vertex 0 -46 114
      vertex 7.19598 -45.4337 120
      vertex 0 -46 120
    endloop
  endfacet
  facet normal 0.0784542 -0.996918 0
    outer loop
      vertex 7.19598 -45.4337 120
      vertex 0 -46 114
      vertex 7.19598 -45.4337 114
    endloop
  endfacet
  facet normal 0.382683 -0.92388 0
    outer loop
      vertex 14.2148 -43.7486 114
      vertex 20.8836 -40.9863 120
      vertex 14.2148 -43.7486 120
    endloop
  endfacet
  facet normal 0.382683 -0.92388 0
    outer loop
      vertex 20.8836 -40.9863 120
      vertex 14.2148 -43.7486 114
      vertex 20.8836 -40.9863 114
    endloop
  endfacet
  facet normal 0.5225 -0.852639 0
    outer loop
      vertex 20.8836 -40.9863 114
      vertex 27.0381 -37.2148 120
      vertex 20.8836 -40.9863 120
    endloop
  endfacet
  facet normal 0.5225 -0.852639 0
    outer loop
      vertex 27.0381 -37.2148 120
      vertex 20.8836 -40.9863 114
      vertex 27.0381 -37.2148 114
    endloop
  endfacet
  facet normal -0.0784542 -0.996918 0
    outer loop
      vertex -7.19598 -45.4337 114
      vertex 0 -46 120
      vertex -7.19598 -45.4337 120
    endloop
  endfacet
  facet normal -0.0784542 -0.996918 -0
    outer loop
      vertex 0 -46 120
      vertex -7.19598 -45.4337 114
      vertex 0 -46 114
    endloop
  endfacet
  facet normal -0.64945 -0.760404 0
    outer loop
      vertex -31 -33.831 114
      vertex -27.0381 -37.2148 120
      vertex -31 -33.831 120
    endloop
  endfacet
  facet normal -0.64945 -0.760404 -0
    outer loop
      vertex -27.0381 -37.2148 120
      vertex -31 -33.831 114
      vertex -27.0381 -37.2148 114
    endloop
  endfacet
  facet normal -0.996918 -0.0784542 0
    outer loop
      vertex -45.4337 -7.19598 114
      vertex -46 0 120
      vertex -46 0 114
    endloop
  endfacet
  facet normal -0.996918 -0.0784542 0
    outer loop
      vertex -46 0 120
      vertex -45.4337 -7.19598 114
      vertex -45.4337 -7.19598 120
    endloop
  endfacet
  facet normal 0 0 -1
    outer loop
      vertex 45.4 -7.3362 114
      vertex 46 0 114
      vertex 45.4337 -7.19598 114
    endloop
  endfacet
  facet normal 0 0 -1
    outer loop
      vertex 45.4 7.3362 114
      vertex 46 0 114
      vertex 45.4 -7.3362 114
    endloop
  endfacet
  facet normal 0 0 -1
    outer loop
      vertex 46 0 114
      vertex 45.4 7.3362 114
      vertex 45.4337 7.19598 114
    endloop
  endfacet
  facet normal 0 0 -1
    outer loop
      vertex 26.4503 -36.4058 114
      vertex 31 -33.831 114
      vertex 27.0381 -37.2148 114
    endloop
  endfacet
  facet normal -0 0 -1
    outer loop
      vertex 31 -33.831 114
      vertex 26.4503 -36.4058 114
      vertex 31 -32.52 114
    endloop
  endfacet
  facet normal 0 0 -1
    outer loop
      vertex 20.8836 -40.9863 114
      vertex 26.4503 -36.4058 114
      vertex 27.0381 -37.2148 114
    endloop
  endfacet
  facet normal 0 0 -1
    outer loop
      vertex 20.8836 -40.9863 114
      vertex 20.4296 -40.0953 114
      vertex 26.4503 -36.4058 114
    endloop
  endfacet
  facet normal 0 0 -1
    outer loop
      vertex 14.2148 -43.7486 114
      vertex 20.4296 -40.0953 114
      vertex 20.8836 -40.9863 114
    endloop
  endfacet
  facet normal 0 0 -1
    outer loop
      vertex 14.2148 -43.7486 114
      vertex 13.9058 -42.7975 114
      vertex 20.4296 -40.0953 114
    endloop
  endfacet
  facet normal 0 0 -1
    outer loop
      vertex 7.19598 -45.4337 114
      vertex 13.9058 -42.7975 114
      vertex 14.2148 -43.7486 114
    endloop
  endfacet
  facet normal 0 0 -1
    outer loop
      vertex 7.19598 -45.4337 114
      vertex 7.03955 -44.446 114
      vertex 13.9058 -42.7975 114
    endloop
  endfacet
  facet normal 0 0 -1
    outer loop
      vertex 0 -46 114
      vertex 7.03955 -44.446 114
      vertex 7.19598 -45.4337 114
    endloop
  endfacet
  facet normal 0 0 -1
    outer loop
      vertex 0 -46 114
      vertex 0 -45 114
      vertex 7.03955 -44.446 114
    endloop
  endfacet
  facet normal 0 0 -1
    outer loop
      vertex 0 -46 114
      vertex -7.03955 -44.446 114
      vertex 0 -45 114
    endloop
  endfacet
  facet normal 0 0 -1
    outer loop
      vertex -7.19598 -45.4337 114
      vertex -7.03955 -44.446 114
      vertex 0 -46 114
    endloop
  endfacet
  facet normal 0 0 -1
    outer loop
      vertex -7.19598 -45.4337 114
      vertex -13.9058 -42.7975 114
      vertex -7.03955 -44.446 114
    endloop
  endfacet
  facet normal 0 0 -1
    outer loop
      vertex -14.2148 -43.7486 114
      vertex -13.9058 -42.7975 114
      vertex -7.19598 -45.4337 114
    endloop
  endfacet
  facet normal 0 0 -1
    outer loop
      vertex -14.2148 -43.7486 114
      vertex -20.4296 -40.0953 114
      vertex -13.9058 -42.7975 114
    endloop
  endfacet
  facet normal 0 0 -1
    outer loop
      vertex -20.8836 -40.9863 114
      vertex -20.4296 -40.0953 114
      vertex -14.2148 -43.7486 114
    endloop
  endfacet
  facet normal 0 0 -1
    outer loop
      vertex -20.8836 -40.9863 114
      vertex -26.4503 -36.4058 114
      vertex -20.4296 -40.0953 114
    endloop
  endfacet
  facet normal 0 0 -1
    outer loop
      vertex -27.0381 -37.2148 114
      vertex -26.4503 -36.4058 114
      vertex -20.8836 -40.9863 114
    endloop
  endfacet
  facet normal 0 0 -1
    outer loop
      vertex -31 -33.831 114
      vertex -26.4503 -36.4058 114
      vertex -27.0381 -37.2148 114
    endloop
  endfacet
  facet normal 0 0 -1
    outer loop
      vertex -26.4503 -36.4058 114
      vertex -31 -33.831 114
      vertex -31 -32.52 114
    endloop
  endfacet
  facet normal 0 0 -1
    outer loop
      vertex 26.4503 36.4058 114
      vertex 31 33.831 114
      vertex 31 32.52 114
    endloop
  endfacet
  facet normal 0 0 -1
    outer loop
      vertex 31 33.831 114
      vertex 26.4503 36.4058 114
      vertex 27.0381 37.2148 114
    endloop
  endfacet
  facet normal 0 0 -1
    outer loop
      vertex 26.4503 36.4058 114
      vertex 20.8836 40.9863 114
      vertex 27.0381 37.2148 114
    endloop
  endfacet
  facet normal 0 0 -1
    outer loop
      vertex 20.4296 40.0953 114
      vertex 20.8836 40.9863 114
      vertex 26.4503 36.4058 114
    endloop
  endfacet
  facet normal 0 0 -1
    outer loop
      vertex 20.4296 40.0953 114
      vertex 14.2148 43.7486 114
      vertex 20.8836 40.9863 114
    endloop
  endfacet
  facet normal 0 0 -1
    outer loop
      vertex 13.9058 42.7975 114
      vertex 14.2148 43.7486 114
      vertex 20.4296 40.0953 114
    endloop
  endfacet
  facet normal 0 0 -1
    outer loop
      vertex 13.9058 42.7975 114
      vertex 7.19598 45.4337 114
      vertex 14.2148 43.7486 114
    endloop
  endfacet
  facet normal 0 0 -1
    outer loop
      vertex 7.03955 44.446 114
      vertex 7.19598 45.4337 114
      vertex 13.9058 42.7975 114
    endloop
  endfacet
  facet normal 0 0 -1
    outer loop
      vertex 0 45 114
      vertex 7.19598 45.4337 114
      vertex 7.03955 44.446 114
    endloop
  endfacet
  facet normal 0 0 -1
    outer loop
      vertex 0 45 114
      vertex 0 46 114
      vertex 7.19598 45.4337 114
    endloop
  endfacet
  facet normal 0 0 -1
    outer loop
      vertex -7.03955 44.446 114
      vertex 0 46 114
      vertex 0 45 114
    endloop
  endfacet
  facet normal 0 0 -1
    outer loop
      vertex -7.03955 44.446 114
      vertex -7.19598 45.4337 114
      vertex 0 46 114
    endloop
  endfacet
  facet normal 0 0 -1
    outer loop
      vertex -13.9058 42.7975 114
      vertex -7.19598 45.4337 114
      vertex -7.03955 44.446 114
    endloop
  endfacet
  facet normal 0 0 -1
    outer loop
      vertex -13.9058 42.7975 114
      vertex -14.2148 43.7486 114
      vertex -7.19598 45.4337 114
    endloop
  endfacet
  facet normal 0 0 -1
    outer loop
      vertex -20.4296 40.0953 114
      vertex -14.2148 43.7486 114
      vertex -13.9058 42.7975 114
    endloop
  endfacet
  facet normal 0 0 -1
    outer loop
      vertex -20.4296 40.0953 114
      vertex -20.8836 40.9863 114
      vertex -14.2148 43.7486 114
    endloop
  endfacet
  facet normal 0 0 -1
    outer loop
      vertex -26.4503 36.4058 114
      vertex -20.8836 40.9863 114
      vertex -20.4296 40.0953 114
    endloop
  endfacet
  facet normal 0 0 -1
    outer loop
      vertex -26.4503 36.4058 114
      vertex -27.0381 37.2148 114
      vertex -20.8836 40.9863 114
    endloop
  endfacet
  facet normal 0 0 -1
    outer loop
      vertex -31 33.831 114
      vertex -26.4503 36.4058 114
      vertex -31 32.52 114
    endloop
  endfacet
  facet normal -0 0 -1
    outer loop
      vertex -26.4503 36.4058 114
      vertex -31 33.831 114
      vertex -27.0381 37.2148 114
    endloop
  endfacet
  facet normal 0 0 -1
    outer loop
      vertex -46 0 114
      vertex -45.4 -7.3362 114
      vertex -45.4337 -7.19598 114
    endloop
  endfacet
  facet normal 0 0 -1
    outer loop
      vertex -45.4 -7.3362 114
      vertex -46 0 114
      vertex -45.4 7.3362 114
    endloop
  endfacet
  facet normal 0 0 -1
    outer loop
      vertex -45.4 7.3362 114
      vertex -46 0 114
      vertex -45.4337 7.19598 114
    endloop
  endfacet
  facet normal 0.972313 0.233682 0
    outer loop
      vertex 45.4337 7.19598 120
      vertex 45.4 7.3362 114
      vertex 45.4 7.3362 120
    endloop
  endfacet
  facet normal 0.972313 0.233682 0
    outer loop
      vertex 45.4 7.3362 114
      vertex 45.4337 7.19598 120
      vertex 45.4337 7.19598 114
    endloop
  endfacet
  facet normal 0.382683 0.92388 -0
    outer loop
      vertex 20.8836 40.9863 114
      vertex 14.2148 43.7486 120
      vertex 20.8836 40.9863 120
    endloop
  endfacet
  facet normal 0.382683 0.92388 0
    outer loop
      vertex 14.2148 43.7486 120
      vertex 20.8836 40.9863 114
      vertex 14.2148 43.7486 114
    endloop
  endfacet
  facet normal 0.233449 0.972369 -0
    outer loop
      vertex 14.2148 43.7486 114
      vertex 7.19598 45.4337 120
      vertex 14.2148 43.7486 120
    endloop
  endfacet
  facet normal 0.233449 0.972369 0
    outer loop
      vertex 7.19598 45.4337 120
      vertex 14.2148 43.7486 114
      vertex 7.19598 45.4337 114
    endloop
  endfacet
  facet normal -0 0 1
    outer loop
      vertex 26.4503 36.4058 120
      vertex 31 33.831 120
      vertex 27.0381 37.2148 120
    endloop
  endfacet
  facet normal 0 0 1
    outer loop
      vertex 31 33.831 120
      vertex 26.4503 36.4058 120
      vertex 31 32.52 120
    endloop
  endfacet
  facet normal 0 0 1
    outer loop
      vertex 20.8836 40.9863 120
      vertex 26.4503 36.4058 120
      vertex 27.0381 37.2148 120
    endloop
  endfacet
  facet normal 0 0 1
    outer loop
      vertex 20.8836 40.9863 120
      vertex 20.4296 40.0953 120
      vertex 26.4503 36.4058 120
    endloop
  endfacet
  facet normal 0 0 1
    outer loop
      vertex 14.2148 43.7486 120
      vertex 20.4296 40.0953 120
      vertex 20.8836 40.9863 120
    endloop
  endfacet
  facet normal 0 0 1
    outer loop
      vertex 14.2148 43.7486 120
      vertex 13.9058 42.7975 120
      vertex 20.4296 40.0953 120
    endloop
  endfacet
  facet normal 0 0 1
    outer loop
      vertex 7.19598 45.4337 120
      vertex 13.9058 42.7975 120
      vertex 14.2148 43.7486 120
    endloop
  endfacet
  facet normal 0 0 1
    outer loop
      vertex 7.19598 45.4337 120
      vertex 7.03955 44.446 120
      vertex 13.9058 42.7975 120
    endloop
  endfacet
  facet normal 0 0 1
    outer loop
      vertex 0 46 120
      vertex 7.03955 44.446 120
      vertex 7.19598 45.4337 120
    endloop
  endfacet
  facet normal 0 0 1
    outer loop
      vertex 0 46 120
      vertex 0 45 120
      vertex 7.03955 44.446 120
    endloop
  endfacet
  facet normal 0 0 1
    outer loop
      vertex 0 46 120
      vertex -7.03955 44.446 120
      vertex 0 45 120
    endloop
  endfacet
  facet normal -0 0 1
    outer loop
      vertex -7.19598 45.4337 120
      vertex -7.03955 44.446 120
      vertex 0 46 120
    endloop
  endfacet
  facet normal 0 0 1
    outer loop
      vertex -7.19598 45.4337 120
      vertex -13.9058 42.7975 120
      vertex -7.03955 44.446 120
    endloop
  endfacet
  facet normal -0 0 1
    outer loop
      vertex -14.2148 43.7486 120
      vertex -13.9058 42.7975 120
      vertex -7.19598 45.4337 120
    endloop
  endfacet
  facet normal 0 0 1
    outer loop
      vertex -14.2148 43.7486 120
      vertex -20.4296 40.0953 120
      vertex -13.9058 42.7975 120
    endloop
  endfacet
  facet normal -0 0 1
    outer loop
      vertex -20.8836 40.9863 120
      vertex -20.4296 40.0953 120
      vertex -14.2148 43.7486 120
    endloop
  endfacet
  facet normal 0 0 1
    outer loop
      vertex -20.8836 40.9863 120
      vertex -26.4503 36.4058 120
      vertex -20.4296 40.0953 120
    endloop
  endfacet
  facet normal -0 0 1
    outer loop
      vertex -27.0381 37.2148 120
      vertex -26.4503 36.4058 120
      vertex -20.8836 40.9863 120
    endloop
  endfacet
  facet normal 0 0 1
    outer loop
      vertex -31 33.831 120
      vertex -26.4503 36.4058 120
      vertex -27.0381 37.2148 120
    endloop
  endfacet
  facet normal 0 0 1
    outer loop
      vertex -26.4503 36.4058 120
      vertex -31 33.831 120
      vertex -31 32.52 120
    endloop
  endfacet
  facet normal 0 0 1
    outer loop
      vertex 45.4 7.3362 120
      vertex 46 0 120
      vertex 45.4337 7.19598 120
    endloop
  endfacet
  facet normal 0 0 1
    outer loop
      vertex 45.4 -7.3362 120
      vertex 46 0 120
      vertex 45.4 7.3362 120
    endloop
  endfacet
  facet normal 0 0 1
    outer loop
      vertex 46 0 120
      vertex 45.4 -7.3362 120
      vertex 45.4337 -7.19598 120
    endloop
  endfacet
  facet normal 0 0 1
    outer loop
      vertex -46 0 120
      vertex -45.4 7.3362 120
      vertex -45.4337 7.19598 120
    endloop
  endfacet
  facet normal 0 0 1
    outer loop
      vertex -45.4 7.3362 120
      vertex -46 0 120
      vertex -45.4 -7.3362 120
    endloop
  endfacet
  facet normal 0 0 1
    outer loop
      vertex -45.4 -7.3362 120
      vertex -46 0 120
      vertex -45.4337 -7.19598 120
    endloop
  endfacet
  facet normal 0 0 1
    outer loop
      vertex 26.4503 -36.4058 120
      vertex 31 -33.831 120
      vertex 31 -32.52 120
    endloop
  endfacet
  facet normal 0 0 1
    outer loop
      vertex 31 -33.831 120
      vertex 26.4503 -36.4058 120
      vertex 27.0381 -37.2148 120
    endloop
  endfacet
  facet normal 0 0 1
    outer loop
      vertex 26.4503 -36.4058 120
      vertex 20.8836 -40.9863 120
      vertex 27.0381 -37.2148 120
    endloop
  endfacet
  facet normal -0 0 1
    outer loop
      vertex 20.4296 -40.0953 120
      vertex 20.8836 -40.9863 120
      vertex 26.4503 -36.4058 120
    endloop
  endfacet
  facet normal 0 0 1
    outer loop
      vertex 20.4296 -40.0953 120
      vertex 14.2148 -43.7486 120
      vertex 20.8836 -40.9863 120
    endloop
  endfacet
  facet normal -0 0 1
    outer loop
      vertex 13.9058 -42.7975 120
      vertex 14.2148 -43.7486 120
      vertex 20.4296 -40.0953 120
    endloop
  endfacet
  facet normal 0 0 1
    outer loop
      vertex 13.9058 -42.7975 120
      vertex 7.19598 -45.4337 120
      vertex 14.2148 -43.7486 120
    endloop
  endfacet
  facet normal -0 0 1
    outer loop
      vertex 7.03955 -44.446 120
      vertex 7.19598 -45.4337 120
      vertex 13.9058 -42.7975 120
    endloop
  endfacet
  facet normal -0 0 1
    outer loop
      vertex 0 -45 120
      vertex 7.19598 -45.4337 120
      vertex 7.03955 -44.446 120
    endloop
  endfacet
  facet normal 0 0 1
    outer loop
      vertex 0 -45 120
      vertex 0 -46 120
      vertex 7.19598 -45.4337 120
    endloop
  endfacet
  facet normal 0 0 1
    outer loop
      vertex -7.03955 -44.446 120
      vertex 0 -46 120
      vertex 0 -45 120
    endloop
  endfacet
  facet normal 0 0 1
    outer loop
      vertex -7.03955 -44.446 120
      vertex -7.19598 -45.4337 120
      vertex 0 -46 120
    endloop
  endfacet
  facet normal 0 0 1
    outer loop
      vertex -13.9058 -42.7975 120
      vertex -7.19598 -45.4337 120
      vertex -7.03955 -44.446 120
    endloop
  endfacet
  facet normal 0 0 1
    outer loop
      vertex -13.9058 -42.7975 120
      vertex -14.2148 -43.7486 120
      vertex -7.19598 -45.4337 120
    endloop
  endfacet
  facet normal 0 0 1
    outer loop
      vertex -20.4296 -40.0953 120
      vertex -14.2148 -43.7486 120
      vertex -13.9058 -42.7975 120
    endloop
  endfacet
  facet normal 0 0 1
    outer loop
      vertex -20.4296 -40.0953 120
      vertex -20.8836 -40.9863 120
      vertex -14.2148 -43.7486 120
    endloop
  endfacet
  facet normal 0 0 1
    outer loop
      vertex -26.4503 -36.4058 120
      vertex -20.8836 -40.9863 120
      vertex -20.4296 -40.0953 120
    endloop
  endfacet
  facet normal 0 0 1
    outer loop
      vertex -26.4503 -36.4058 120
      vertex -27.0381 -37.2148 120
      vertex -20.8836 -40.9863 120
    endloop
  endfacet
  facet normal -0 0 1
    outer loop
      vertex -31 -33.831 120
      vertex -26.4503 -36.4058 120
      vertex -31 -32.52 120
    endloop
  endfacet
  facet normal 0 0 1
    outer loop
      vertex -26.4503 -36.4058 120
      vertex -31 -33.831 120
      vertex -27.0381 -37.2148 120
    endloop
  endfacet
  facet normal -0.972313 0.233682 0
    outer loop
      vertex -45.4337 7.19598 114
      vertex -45.4 7.3362 120
      vertex -45.4 7.3362 114
    endloop
  endfacet
  facet normal -0.972313 0.233682 0
    outer loop
      vertex -45.4 7.3362 120
      vertex -45.4337 7.19598 114
      vertex -45.4337 7.19598 120
    endloop
  endfacet
  facet normal -0.233449 0.972369 0
    outer loop
      vertex -7.19598 45.4337 114
      vertex -14.2148 43.7486 120
      vertex -7.19598 45.4337 120
    endloop
  endfacet
  facet normal -0.233449 0.972369 0
    outer loop
      vertex -14.2148 43.7486 120
      vertex -7.19598 45.4337 114
      vertex -14.2148 43.7486 114
    endloop
  endfacet
  facet normal 0.996918 -0.0784542 0
    outer loop
      vertex 45.4337 -7.19598 120
      vertex 46 0 114
      vertex 46 0 120
    endloop
  endfacet
  facet normal 0.996918 -0.0784542 0
    outer loop
      vertex 46 0 114
      vertex 45.4337 -7.19598 120
      vertex 45.4337 -7.19598 114
    endloop
  endfacet
  facet normal 0.233449 -0.972369 0
    outer loop
      vertex 7.19598 -45.4337 114
      vertex 14.2148 -43.7486 120
      vertex 7.19598 -45.4337 120
    endloop
  endfacet
  facet normal 0.233449 -0.972369 0
    outer loop
      vertex 14.2148 -43.7486 120
      vertex 7.19598 -45.4337 114
      vertex 14.2148 -43.7486 114
    endloop
  endfacet
  facet normal 0.64945 -0.760404 0
    outer loop
      vertex 27.0381 -37.2148 114
      vertex 31 -33.831 120
      vertex 27.0381 -37.2148 120
    endloop
  endfacet
  facet normal 0.64945 -0.760404 0
    outer loop
      vertex 31 -33.831 120
      vertex 27.0381 -37.2148 114
      vertex 31 -33.831 114
    endloop
  endfacet
  facet normal -0.382683 -0.92388 0
    outer loop
      vertex -20.8836 -40.9863 114
      vertex -14.2148 -43.7486 120
      vertex -20.8836 -40.9863 120
    endloop
  endfacet
  facet normal -0.382683 -0.92388 -0
    outer loop
      vertex -14.2148 -43.7486 120
      vertex -20.8836 -40.9863 114
      vertex -14.2148 -43.7486 114
    endloop
  endfacet
  facet normal -0.5225 -0.852639 0
    outer loop
      vertex -27.0381 -37.2148 114
      vertex -20.8836 -40.9863 120
      vertex -27.0381 -37.2148 120
    endloop
  endfacet
  facet normal -0.5225 -0.852639 -0
    outer loop
      vertex -20.8836 -40.9863 120
      vertex -27.0381 -37.2148 114
      vertex -20.8836 -40.9863 114
    endloop
  endfacet
  facet normal -0.972313 -0.233682 0
    outer loop
      vertex -45.4 -7.3362 114
      vertex -45.4337 -7.19598 120
      vertex -45.4337 -7.19598 114
    endloop
  endfacet
  facet normal -0.972313 -0.233682 0
    outer loop
      vertex -45.4337 -7.19598 120
      vertex -45.4 -7.3362 114
      vertex -45.4 -7.3362 120
    endloop
  endfacet
  facet normal 0.972313 -0.233682 0
    outer loop
      vertex 45.4 -7.3362 120
      vertex 45.4337 -7.19598 114
      vertex 45.4337 -7.19598 120
    endloop
  endfacet
  facet normal 0.972313 -0.233682 0
    outer loop
      vertex 45.4337 -7.19598 114
      vertex 45.4 -7.3362 120
      vertex 45.4 -7.3362 114
    endloop
  endfacet
  facet normal -0.233449 -0.972369 0
    outer loop
      vertex -14.2148 -43.7486 114
      vertex -7.19598 -45.4337 120
      vertex -14.2148 -43.7486 120
    endloop
  endfacet
  facet normal -0.233449 -0.972369 -0
    outer loop
      vertex -7.19598 -45.4337 120
      vertex -14.2148 -43.7486 114
      vertex -7.19598 -45.4337 114
    endloop
  endfacet
  facet normal 0.995185 -0 0.0980128
    outer loop
      vertex 28.4428 47.4 85.6576
      vertex 29 47.6 80
      vertex 28.4428 47.6 85.6576
    endloop
  endfacet
  facet normal 0.995185 0 0.0980128
    outer loop
      vertex 29 47.6 80
      vertex 28.4428 47.4 85.6576
      vertex 29 47.4 80
    endloop
  endfacet
  facet normal -0.995185 0 0.0980128
    outer loop
      vertex -29 47.4 80
      vertex -28.4428 47.6 85.6576
      vertex -29 47.6 80
    endloop
  endfacet
  facet normal -0.995185 0 0.0980128
    outer loop
      vertex -28.4428 47.6 85.6576
      vertex -29 47.4 80
      vertex -28.4428 47.4 85.6576
    endloop
  endfacet
  facet normal 0.0979776 0 0.995189
    outer loop
      vertex 0 47.6 109
      vertex 5.65762 47.4 108.443
      vertex 5.65762 47.6 108.443
    endloop
  endfacet
  facet normal 0.0979776 0 0.995189
    outer loop
      vertex 5.65762 47.4 108.443
      vertex 0 47.6 109
      vertex 0 47.4 109
    endloop
  endfacet
  facet normal -0.0980124 0 -0.995185
    outer loop
      vertex -5.65762 47.4 51.5572
      vertex 0 47.6 51
      vertex 0 47.4 51
    endloop
  endfacet
  facet normal -0.0980124 0 -0.995185
    outer loop
      vertex 0 47.6 51
      vertex -5.65762 47.4 51.5572
      vertex -5.65762 47.6 51.5572
    endloop
  endfacet
  facet normal -0.773015 0 -0.634388
    outer loop
      vertex -20.5061 47.4 59.4939
      vertex -24.1126 47.6 63.8885
      vertex -20.5061 47.6 59.4939
    endloop
  endfacet
  facet normal -0.773015 -0 -0.634388
    outer loop
      vertex -24.1126 47.6 63.8885
      vertex -20.5061 47.4 59.4939
      vertex -24.1126 47.4 63.8885
    endloop
  endfacet
  facet normal 0.63444 0 0.772972
    outer loop
      vertex 16.1115 47.6 104.113
      vertex 20.5061 47.4 100.506
      vertex 20.5061 47.6 100.506
    endloop
  endfacet
  facet normal 0.63444 0 0.772972
    outer loop
      vertex 20.5061 47.4 100.506
      vertex 16.1115 47.6 104.113
      vertex 16.1115 47.4 104.113
    endloop
  endfacet
  facet normal 0.471413 0 0.881912
    outer loop
      vertex 11.0978 47.6 106.793
      vertex 16.1115 47.4 104.113
      vertex 16.1115 47.6 104.113
    endloop
  endfacet
  facet normal 0.471413 0 0.881912
    outer loop
      vertex 16.1115 47.4 104.113
      vertex 11.0978 47.6 106.793
      vertex 11.0978 47.4 106.793
    endloop
  endfacet
  facet normal -0.63444 0 0.772972
    outer loop
      vertex -20.5061 47.6 100.506
      vertex -16.1115 47.4 104.113
      vertex -16.1115 47.6 104.113
    endloop
  endfacet
  facet normal -0.63444 0 0.772972
    outer loop
      vertex -16.1115 47.4 104.113
      vertex -20.5061 47.6 100.506
      vertex -20.5061 47.4 100.506
    endloop
  endfacet
  facet normal -0.290243 0 0.956953
    outer loop
      vertex -11.0978 47.6 106.793
      vertex -5.65762 47.4 108.443
      vertex -5.65762 47.6 108.443
    endloop
  endfacet
  facet normal -0.290243 0 0.956953
    outer loop
      vertex -5.65762 47.4 108.443
      vertex -11.0978 47.6 106.793
      vertex -11.0978 47.4 106.793
    endloop
  endfacet
  facet normal 0.773015 0 -0.634388
    outer loop
      vertex 24.1126 47.4 63.8885
      vertex 20.5061 47.6 59.4939
      vertex 24.1126 47.6 63.8885
    endloop
  endfacet
  facet normal 0.773015 0 -0.634388
    outer loop
      vertex 20.5061 47.6 59.4939
      vertex 24.1126 47.4 63.8885
      vertex 20.5061 47.4 59.4939
    endloop
  endfacet
  facet normal 0 1 0
    outer loop
      vertex -13.2911 47.6 69.4007
      vertex -16.4185 47.6 66.9067
      vertex -17.4992 47.6 68.6267
    endloop
  endfacet
  facet normal 0 1 0
    outer loop
      vertex -10.5993 47.6 66.7089
      vertex -16.4185 47.6 66.9067
      vertex -13.2911 47.6 69.4007
    endloop
  endfacet
  facet normal 0 1 0
    outer loop
      vertex -11.3733 47.6 62.5008
      vertex -10.5993 47.6 66.7089
      vertex -9.38451 47.6 65.9455
    endloop
  endfacet
  facet normal 0 1 0
    outer loop
      vertex -11.3733 47.6 62.5008
      vertex -9.38451 47.6 65.9455
      vertex -7.52042 47.6 64.7743
    endloop
  endfacet
  facet normal 0 1 0
    outer loop
      vertex -9.50923 47.6 61.3295
      vertex -7.52042 47.6 64.7743
      vertex -7.37602 47.6 64.6835
    endloop
  endfacet
  facet normal 0 1 0
    outer loop
      vertex -10.5993 47.6 66.7089
      vertex -13.0933 47.6 63.5815
      vertex -16.4185 47.6 66.9067
    endloop
  endfacet
  facet normal 0 1 0
    outer loop
      vertex -9.11156 47.6 61.0797
      vertex -7.37602 47.6 64.6835
      vertex -3.78286 47.6 63.4262
    endloop
  endfacet
  facet normal 0 1 0
    outer loop
      vertex -4.67294 47.6 59.5265
      vertex -3.78286 47.6 63.4262
      vertex -1.1 47.6 63.1239
    endloop
  endfacet
  facet normal 0 1 -0
    outer loop
      vertex 4.67294 47.6 59.5265
      vertex 3.78286 47.6 63.4262
      vertex 9.11156 47.6 61.0797
    endloop
  endfacet
  facet normal 0 1 0
    outer loop
      vertex -10.5993 47.6 66.7089
      vertex -11.3733 47.6 62.5008
      vertex -13.0933 47.6 63.5815
    endloop
  endfacet
  facet normal 0 1 0
    outer loop
      vertex 3.78286 47.6 63.4262
      vertex 4.67294 47.6 59.5265
      vertex 1.1 47.6 63.1239
    endloop
  endfacet
  facet normal 0 1 0
    outer loop
      vertex 13.4171 47.6 58.9609
      vertex 9.50923 47.6 61.3295
      vertex 11.3733 47.6 62.5008
    endloop
  endfacet
  facet normal 0 1 0
    outer loop
      vertex 9.50923 47.6 61.3295
      vertex 13.4171 47.6 58.9609
      vertex 11.4758 47.6 57.9233
    endloop
  endfacet
  facet normal 0 1 -0
    outer loop
      vertex 16.4185 47.6 66.9067
      vertex 13.2911 47.6 69.4007
      vertex 17.4992 47.6 68.6267
    endloop
  endfacet
  facet normal 0 1 0
    outer loop
      vertex 16.4185 47.6 66.9067
      vertex 10.5993 47.6 66.7089
      vertex 13.2911 47.6 69.4007
    endloop
  endfacet
  facet normal 0 1 -0
    outer loop
      vertex 13.0933 47.6 63.5815
      vertex 10.5993 47.6 66.7089
      vertex 16.4185 47.6 66.9067
    endloop
  endfacet
  facet normal 0 1 -0
    outer loop
      vertex 11.3733 47.6 62.5008
      vertex 10.5993 47.6 66.7089
      vertex 13.0933 47.6 63.5815
    endloop
  endfacet
  facet normal 0 1 0
    outer loop
      vertex 10.5993 47.6 66.7089
      vertex 11.3733 47.6 62.5008
      vertex 9.38451 47.6 65.9455
    endloop
  endfacet
  facet normal 0 1 0
    outer loop
      vertex 9.38451 47.6 65.9455
      vertex 11.3733 47.6 62.5008
      vertex 7.52042 47.6 64.7743
    endloop
  endfacet
  facet normal 0 1 -0
    outer loop
      vertex 9.50923 47.6 61.3295
      vertex 7.52042 47.6 64.7743
      vertex 11.3733 47.6 62.5008
    endloop
  endfacet
  facet normal 0 1 0
    outer loop
      vertex 7.52042 47.6 64.7743
      vertex 9.50923 47.6 61.3295
      vertex 7.37602 47.6 64.6835
    endloop
  endfacet
  facet normal 0 1 0
    outer loop
      vertex 7.37602 47.6 64.6835
      vertex 9.11156 47.6 61.0797
      vertex 3.78286 47.6 63.4262
    endloop
  endfacet
  facet normal 0 1 -0
    outer loop
      vertex 9.11156 47.6 61.0797
      vertex 7.37602 47.6 64.6835
      vertex 9.50923 47.6 61.3295
    endloop
  endfacet
  facet normal 0 1 0
    outer loop
      vertex 1.1 47.6 59.1239
      vertex 1.1 47.6 63.1239
      vertex 4.67294 47.6 59.5265
    endloop
  endfacet
  facet normal 0 1 0
    outer loop
      vertex -1.1 47.6 59.1239
      vertex -1.1 47.6 63.1239
      vertex 1.1 47.6 59.1239
    endloop
  endfacet
  facet normal 0 1 0
    outer loop
      vertex 1.1 47.6 63.1239
      vertex 1.1 47.6 59.1239
      vertex -1.1 47.6 63.1239
    endloop
  endfacet
  facet normal -0 1 0
    outer loop
      vertex -4.67294 47.6 59.5265
      vertex -1.1 47.6 63.1239
      vertex -1.1 47.6 59.1239
    endloop
  endfacet
  facet normal 0 1 0
    outer loop
      vertex -3.78286 47.6 63.4262
      vertex -4.67294 47.6 59.5265
      vertex -9.11156 47.6 61.0797
    endloop
  endfacet
  facet normal 0 1 0
    outer loop
      vertex -7.37602 47.6 64.6835
      vertex -9.11156 47.6 61.0797
      vertex -9.50923 47.6 61.3295
    endloop
  endfacet
  facet normal 0 1 -0
    outer loop
      vertex 1.1 47.6 55.1083
      vertex -1.1 47.6 59.1239
      vertex 1.1 47.6 59.1239
    endloop
  endfacet
  facet normal 0 1 0
    outer loop
      vertex -1.1 47.6 59.1239
      vertex 1.1 47.6 55.1083
      vertex -1.1 47.6 55.1083
    endloop
  endfacet
  facet normal 0 1 0
    outer loop
      vertex -7.52042 47.6 64.7743
      vertex -9.50923 47.6 61.3295
      vertex -11.3733 47.6 62.5008
    endloop
  endfacet
  facet normal 0 1 0
    outer loop
      vertex -9.50923 47.6 61.3295
      vertex -13.4171 47.6 58.9609
      vertex -11.3733 47.6 62.5008
    endloop
  endfacet
  facet normal -0 1 0
    outer loop
      vertex -13.4171 47.6 58.9609
      vertex -9.50923 47.6 61.3295
      vertex -11.4758 47.6 57.9233
    endloop
  endfacet
  facet normal 0 1 0
    outer loop
      vertex -17.4992 47.6 91.3733
      vertex -22.0767 47.6 91.4758
      vertex -21.0391 47.6 93.4171
    endloop
  endfacet
  facet normal 0 1 -0
    outer loop
      vertex -14.0545 47.6 89.3845
      vertex -17.4992 47.6 91.3733
      vertex -13.2911 47.6 90.5993
    endloop
  endfacet
  facet normal 0 1 0
    outer loop
      vertex -17.4992 47.6 91.3733
      vertex -18.6705 47.6 89.5092
      vertex -22.0767 47.6 91.4758
    endloop
  endfacet
  facet normal 0 1 -0
    outer loop
      vertex -15.2257 47.6 87.5204
      vertex -17.4992 47.6 91.3733
      vertex -14.0545 47.6 89.3845
    endloop
  endfacet
  facet normal 0 1 0
    outer loop
      vertex -17.4992 47.6 91.3733
      vertex -15.2257 47.6 87.5204
      vertex -18.6705 47.6 89.5092
    endloop
  endfacet
  facet normal 0 1 -0
    outer loop
      vertex -13.5404 47.6 86.5474
      vertex -14.0545 47.6 89.3845
      vertex -12.4404 47.6 88.4526
    endloop
  endfacet
  facet normal 0 1 -0
    outer loop
      vertex -15.3165 47.6 87.376
      vertex -18.6705 47.6 89.5092
      vertex -15.2257 47.6 87.5204
    endloop
  endfacet
  facet normal 0 1 0
    outer loop
      vertex -18.6705 47.6 89.5092
      vertex -15.3165 47.6 87.376
      vertex -18.9203 47.6 89.1116
    endloop
  endfacet
  facet normal 0 1 0
    outer loop
      vertex -15.3165 47.6 87.376
      vertex -20.4735 47.6 84.6729
      vertex -18.9203 47.6 89.1116
    endloop
  endfacet
  facet normal 0 1 -0
    outer loop
      vertex -16.5738 47.6 83.7829
      vertex -20.4735 47.6 84.6729
      vertex -15.3165 47.6 87.376
    endloop
  endfacet
  facet normal 0 1 -0
    outer loop
      vertex -16.8761 47.6 81.1
      vertex -20.4735 47.6 84.6729
      vertex -16.5738 47.6 83.7829
    endloop
  endfacet
  facet normal 0 1 0
    outer loop
      vertex -20.4735 47.6 84.6729
      vertex -16.8761 47.6 81.1
      vertex -20.8761 47.6 81.1
    endloop
  endfacet
  facet normal 0 1 0
    outer loop
      vertex -6.54737 47.6 93.5404
      vertex -9.38451 47.6 94.0545
      vertex -7.52042 47.6 95.2257
    endloop
  endfacet
  facet normal 0 1 0
    outer loop
      vertex -9.38451 47.6 94.0545
      vertex -6.54737 47.6 93.5404
      vertex -8.45263 47.6 92.4404
    endloop
  endfacet
  facet normal 0 1 -0
    outer loop
      vertex 1.1 47.6 95
      vertex -1.1 47.6 96.8761
      vertex 1.1 47.6 96.8761
    endloop
  endfacet
  facet normal 0 1 0
    outer loop
      vertex -1.1 47.6 96.8761
      vertex 1.1 47.6 95
      vertex -1.1 47.6 95
    endloop
  endfacet
  facet normal 0 1 -0
    outer loop
      vertex -7.37602 47.6 95.3165
      vertex -9.11156 47.6 98.9203
      vertex -3.78286 47.6 96.5738
    endloop
  endfacet
  facet normal 0 1 0
    outer loop
      vertex -9.11156 47.6 98.9203
      vertex -7.37602 47.6 95.3165
      vertex -9.50923 47.6 98.6705
    endloop
  endfacet
  facet normal 0 1 -0
    outer loop
      vertex -7.52042 47.6 95.2257
      vertex -9.50923 47.6 98.6705
      vertex -7.37602 47.6 95.3165
    endloop
  endfacet
  facet normal 0 1 0
    outer loop
      vertex -9.50923 47.6 98.6705
      vertex -7.52042 47.6 95.2257
      vertex -11.3733 47.6 97.4992
    endloop
  endfacet
  facet normal 0 1 -0
    outer loop
      vertex -9.38451 47.6 94.0545
      vertex -11.3733 47.6 97.4992
      vertex -7.52042 47.6 95.2257
    endloop
  endfacet
  facet normal 0 1 -0
    outer loop
      vertex -10.5993 47.6 93.2911
      vertex -11.3733 47.6 97.4992
      vertex -9.38451 47.6 94.0545
    endloop
  endfacet
  facet normal 0 1 0
    outer loop
      vertex -11.3733 47.6 97.4992
      vertex -10.5993 47.6 93.2911
      vertex -13.0933 47.6 96.4185
    endloop
  endfacet
  facet normal 0 1 0
    outer loop
      vertex -10.5993 47.6 93.2911
      vertex -16.4185 47.6 93.0933
      vertex -13.0933 47.6 96.4185
    endloop
  endfacet
  facet normal 0 1 -0
    outer loop
      vertex -13.2911 47.6 90.5993
      vertex -16.4185 47.6 93.0933
      vertex -10.5993 47.6 93.2911
    endloop
  endfacet
  facet normal 0 1 0
    outer loop
      vertex -16.4185 47.6 93.0933
      vertex -13.2911 47.6 90.5993
      vertex -17.4992 47.6 91.3733
    endloop
  endfacet
  facet normal 0 1 0
    outer loop
      vertex 9.38451 47.6 94.0545
      vertex 6.54737 47.6 93.5404
      vertex 7.52042 47.6 95.2257
    endloop
  endfacet
  facet normal -0 1 0
    outer loop
      vertex 6.54737 47.6 93.5404
      vertex 9.38451 47.6 94.0545
      vertex 8.45263 47.6 92.4404
    endloop
  endfacet
  facet normal 0 1 0
    outer loop
      vertex 22.0767 47.6 91.4758
      vertex 17.4992 47.6 91.3733
      vertex 21.0391 47.6 93.4171
    endloop
  endfacet
  facet normal 0 1 -0
    outer loop
      vertex 18.6705 47.6 89.5092
      vertex 17.4992 47.6 91.3733
      vertex 22.0767 47.6 91.4758
    endloop
  endfacet
  facet normal 0 1 0
    outer loop
      vertex 15.2257 47.6 87.5204
      vertex 17.4992 47.6 91.3733
      vertex 18.6705 47.6 89.5092
    endloop
  endfacet
  facet normal 0 1 0
    outer loop
      vertex 17.4992 47.6 91.3733
      vertex 14.0545 47.6 89.3845
      vertex 13.2911 47.6 90.5993
    endloop
  endfacet
  facet normal 0 1 0
    outer loop
      vertex 15.3165 47.6 87.376
      vertex 18.6705 47.6 89.5092
      vertex 18.9203 47.6 89.1116
    endloop
  endfacet
  facet normal 0 1 0
    outer loop
      vertex 17.4992 47.6 91.3733
      vertex 15.2257 47.6 87.5204
      vertex 14.0545 47.6 89.3845
    endloop
  endfacet
  facet normal 0 1 0
    outer loop
      vertex 13.5404 47.6 86.5474
      vertex 14.0545 47.6 89.3845
      vertex 15.2257 47.6 87.5204
    endloop
  endfacet
  facet normal 0 1 0
    outer loop
      vertex 18.6705 47.6 89.5092
      vertex 15.3165 47.6 87.376
      vertex 15.2257 47.6 87.5204
    endloop
  endfacet
  facet normal 0 1 0
    outer loop
      vertex 20.4735 47.6 84.6729
      vertex 15.3165 47.6 87.376
      vertex 18.9203 47.6 89.1116
    endloop
  endfacet
  facet normal 0 1 0
    outer loop
      vertex 20.4735 47.6 84.6729
      vertex 16.5738 47.6 83.7829
      vertex 15.3165 47.6 87.376
    endloop
  endfacet
  facet normal 0 1 0
    outer loop
      vertex 20.8761 47.6 81.1
      vertex 16.5738 47.6 83.7829
      vertex 20.4735 47.6 84.6729
    endloop
  endfacet
  facet normal 0 1 0
    outer loop
      vertex 16.5738 47.6 83.7829
      vertex 20.8761 47.6 81.1
      vertex 16.8761 47.6 81.1
    endloop
  endfacet
  facet normal 0 1 -0
    outer loop
      vertex 1.1 47.6 63.1239
      vertex -1.1 47.6 65
      vertex 1.1 47.6 65
    endloop
  endfacet
  facet normal 0 1 0
    outer loop
      vertex -1.1 47.6 65
      vertex 1.1 47.6 63.1239
      vertex -1.1 47.6 63.1239
    endloop
  endfacet
  facet normal 0 1 0
    outer loop
      vertex -6.54737 47.6 66.4596
      vertex -9.38451 47.6 65.9455
      vertex -8.45263 47.6 67.5596
    endloop
  endfacet
  facet normal -0 1 0
    outer loop
      vertex -9.38451 47.6 65.9455
      vertex -6.54737 47.6 66.4596
      vertex -7.52042 47.6 64.7743
    endloop
  endfacet
  facet normal 0 1 0
    outer loop
      vertex -14.0545 47.6 70.6155
      vertex -13.5404 47.6 73.4526
      vertex -12.4404 47.6 71.5474
    endloop
  endfacet
  facet normal 0 1 0
    outer loop
      vertex -16.5738 47.6 76.2171
      vertex -20.8761 47.6 78.9
      vertex -16.8761 47.6 78.9
    endloop
  endfacet
  facet normal 0 1 0
    outer loop
      vertex -16.5738 47.6 76.2171
      vertex -20.4735 47.6 75.3271
      vertex -20.8761 47.6 78.9
    endloop
  endfacet
  facet normal 0 1 0
    outer loop
      vertex -15.3165 47.6 72.624
      vertex -20.4735 47.6 75.3271
      vertex -16.5738 47.6 76.2171
    endloop
  endfacet
  facet normal 0 1 0
    outer loop
      vertex -18.6705 47.6 70.4908
      vertex -15.3165 47.6 72.624
      vertex -15.2257 47.6 72.4796
    endloop
  endfacet
  facet normal 0 1 0
    outer loop
      vertex -15.3165 47.6 72.624
      vertex -18.9203 47.6 70.8884
      vertex -20.4735 47.6 75.3271
    endloop
  endfacet
  facet normal 0 1 0
    outer loop
      vertex -13.5404 47.6 73.4526
      vertex -14.0545 47.6 70.6155
      vertex -15.2257 47.6 72.4796
    endloop
  endfacet
  facet normal 0 1 0
    outer loop
      vertex -17.4992 47.6 68.6267
      vertex -15.2257 47.6 72.4796
      vertex -14.0545 47.6 70.6155
    endloop
  endfacet
  facet normal 0 1 0
    outer loop
      vertex -15.3165 47.6 72.624
      vertex -18.6705 47.6 70.4908
      vertex -18.9203 47.6 70.8884
    endloop
  endfacet
  facet normal 0 1 0
    outer loop
      vertex -17.4992 47.6 68.6267
      vertex -14.0545 47.6 70.6155
      vertex -13.2911 47.6 69.4007
    endloop
  endfacet
  facet normal 0 1 0
    outer loop
      vertex -15.2257 47.6 72.4796
      vertex -17.4992 47.6 68.6267
      vertex -18.6705 47.6 70.4908
    endloop
  endfacet
  facet normal 0 1 0
    outer loop
      vertex -17.4992 47.6 68.6267
      vertex -22.0767 47.6 68.5242
      vertex -18.6705 47.6 70.4908
    endloop
  endfacet
  facet normal -0 1 0
    outer loop
      vertex -22.0767 47.6 68.5242
      vertex -17.4992 47.6 68.6267
      vertex -21.0391 47.6 66.5829
    endloop
  endfacet
  facet normal 0 1 0
    outer loop
      vertex 20.8761 47.6 78.9
      vertex 16.5738 47.6 76.2171
      vertex 16.8761 47.6 78.9
    endloop
  endfacet
  facet normal 0 1 -0
    outer loop
      vertex 20.4735 47.6 75.3271
      vertex 16.5738 47.6 76.2171
      vertex 20.8761 47.6 78.9
    endloop
  endfacet
  facet normal 0 1 0
    outer loop
      vertex 20.4735 47.6 75.3271
      vertex 15.3165 47.6 72.624
      vertex 16.5738 47.6 76.2171
    endloop
  endfacet
  facet normal 0 1 -0
    outer loop
      vertex 18.9203 47.6 70.8884
      vertex 15.3165 47.6 72.624
      vertex 20.4735 47.6 75.3271
    endloop
  endfacet
  facet normal 0 1 -0
    outer loop
      vertex 18.6705 47.6 70.4908
      vertex 15.3165 47.6 72.624
      vertex 18.9203 47.6 70.8884
    endloop
  endfacet
  facet normal 0 1 0
    outer loop
      vertex 15.3165 47.6 72.624
      vertex 18.6705 47.6 70.4908
      vertex 15.2257 47.6 72.4796
    endloop
  endfacet
  facet normal 0 1 0
    outer loop
      vertex 15.2257 47.6 72.4796
      vertex 14.0545 47.6 70.6155
      vertex 12.4404 47.6 71.5474
    endloop
  endfacet
  facet normal 0 1 -0
    outer loop
      vertex 17.4992 47.6 68.6267
      vertex 15.2257 47.6 72.4796
      vertex 18.6705 47.6 70.4908
    endloop
  endfacet
  facet normal 0 1 0
    outer loop
      vertex 15.2257 47.6 72.4796
      vertex 17.4992 47.6 68.6267
      vertex 14.0545 47.6 70.6155
    endloop
  endfacet
  facet normal 0 1 0
    outer loop
      vertex 14.0545 47.6 70.6155
      vertex 17.4992 47.6 68.6267
      vertex 13.2911 47.6 69.4007
    endloop
  endfacet
  facet normal 0 1 0
    outer loop
      vertex 22.0767 47.6 68.5242
      vertex 17.4992 47.6 68.6267
      vertex 18.6705 47.6 70.4908
    endloop
  endfacet
  facet normal 0 1 0
    outer loop
      vertex 17.4992 47.6 68.6267
      vertex 22.0767 47.6 68.5242
      vertex 21.0391 47.6 66.5829
    endloop
  endfacet
  facet normal 0 1 -0
    outer loop
      vertex 28.4428 47.6 74.3424
      vertex 24.8917 47.6 78.9
      vertex 29 47.6 80
    endloop
  endfacet
  facet normal 0 1 0
    outer loop
      vertex 24.8917 47.6 78.9
      vertex 28.4428 47.6 74.3424
      vertex 24.5196 47.6 75.1227
    endloop
  endfacet
  facet normal 0 1 0
    outer loop
      vertex 28.4428 47.6 74.3424
      vertex 23.097 47.6 70.4329
      vertex 24.5196 47.6 75.1227
    endloop
  endfacet
  facet normal 0 1 -0
    outer loop
      vertex 26.7925 47.6 68.9022
      vertex 23.097 47.6 70.4329
      vertex 28.4428 47.6 74.3424
    endloop
  endfacet
  facet normal 0 1 0
    outer loop
      vertex 26.7925 47.6 68.9022
      vertex 22.0767 47.6 68.5242
      vertex 23.097 47.6 70.4329
    endloop
  endfacet
  facet normal 0 1 -0
    outer loop
      vertex 24.1126 47.6 63.8885
      vertex 22.0767 47.6 68.5242
      vertex 26.7925 47.6 68.9022
    endloop
  endfacet
  facet normal 0 1 0
    outer loop
      vertex 22.0767 47.6 68.5242
      vertex 24.1126 47.6 63.8885
      vertex 21.0391 47.6 66.5829
    endloop
  endfacet
  facet normal 0 1 0
    outer loop
      vertex 21.0391 47.6 66.5829
      vertex 24.1126 47.6 63.8885
      vertex 20.7867 47.6 66.1107
    endloop
  endfacet
  facet normal 0 1 0
    outer loop
      vertex 24.1126 47.6 63.8885
      vertex 17.6777 47.6 62.3223
      vertex 20.7867 47.6 66.1107
    endloop
  endfacet
  facet normal 0 1 -0
    outer loop
      vertex 20.5061 47.6 59.4939
      vertex 17.6777 47.6 62.3223
      vertex 24.1126 47.6 63.8885
    endloop
  endfacet
  facet normal 0 1 0
    outer loop
      vertex 20.5061 47.6 59.4939
      vertex 13.8893 47.6 59.2133
      vertex 17.6777 47.6 62.3223
    endloop
  endfacet
  facet normal 0 1 -0
    outer loop
      vertex 16.1115 47.6 55.8874
      vertex 13.8893 47.6 59.2133
      vertex 20.5061 47.6 59.4939
    endloop
  endfacet
  facet normal 0 1 0
    outer loop
      vertex 13.8893 47.6 59.2133
      vertex 16.1115 47.6 55.8874
      vertex 13.4171 47.6 58.9609
    endloop
  endfacet
  facet normal 0 1 0
    outer loop
      vertex 13.4171 47.6 58.9609
      vertex 16.1115 47.6 55.8874
      vertex 11.4758 47.6 57.9233
    endloop
  endfacet
  facet normal 0 1 0
    outer loop
      vertex 11.0978 47.6 53.2075
      vertex 11.4758 47.6 57.9233
      vertex 16.1115 47.6 55.8874
    endloop
  endfacet
  facet normal 0 1 0
    outer loop
      vertex 11.4758 47.6 57.9233
      vertex 11.0978 47.6 53.2075
      vertex 9.56709 47.6 56.903
    endloop
  endfacet
  facet normal 0 1 0
    outer loop
      vertex 9.56709 47.6 56.903
      vertex 11.0978 47.6 53.2075
      vertex 4.87726 47.6 55.4804
    endloop
  endfacet
  facet normal 0 1 0
    outer loop
      vertex 4.87726 47.6 55.4804
      vertex 5.65762 47.6 51.5572
      vertex 1.1 47.6 55.1083
    endloop
  endfacet
  facet normal 0 1 -0
    outer loop
      vertex 5.65762 47.6 51.5572
      vertex 4.87726 47.6 55.4804
      vertex 11.0978 47.6 53.2075
    endloop
  endfacet
  facet normal 0 1 0
    outer loop
      vertex -16.8761 47.6 78.9
      vertex -16.8761 47.6 81.1
      vertex -15 47.6 81.1
    endloop
  endfacet
  facet normal 0 1 0
    outer loop
      vertex -16.8761 47.6 81.1
      vertex -16.8761 47.6 78.9
      vertex -20.8761 47.6 81.1
    endloop
  endfacet
  facet normal 0 1 0
    outer loop
      vertex -20.8761 47.6 81.1
      vertex -20.8761 47.6 78.9
      vertex -24.8917 47.6 81.1
    endloop
  endfacet
  facet normal 0 1 0
    outer loop
      vertex -16.8761 47.6 78.9
      vertex -15 47.6 81.1
      vertex -15 47.6 78.9
    endloop
  endfacet
  facet normal 0 1 0
    outer loop
      vertex -20.8761 47.6 81.1
      vertex -16.8761 47.6 78.9
      vertex -20.8761 47.6 78.9
    endloop
  endfacet
  facet normal 0 1 0
    outer loop
      vertex -24.8917 47.6 81.1
      vertex -20.8761 47.6 78.9
      vertex -24.8917 47.6 78.9
    endloop
  endfacet
  facet normal 0 1 0
    outer loop
      vertex -24.8917 47.6 81.1
      vertex -24.8917 47.6 78.9
      vertex -29 47.6 80
    endloop
  endfacet
  facet normal 0 1 0
    outer loop
      vertex -28.4428 47.6 74.3424
      vertex -24.8917 47.6 78.9
      vertex -24.5196 47.6 75.1227
    endloop
  endfacet
  facet normal 0 1 0
    outer loop
      vertex -24.8917 47.6 78.9
      vertex -28.4428 47.6 74.3424
      vertex -29 47.6 80
    endloop
  endfacet
  facet normal 0 1 0
    outer loop
      vertex -23.097 47.6 70.4329
      vertex -28.4428 47.6 74.3424
      vertex -24.5196 47.6 75.1227
    endloop
  endfacet
  facet normal 0 1 0
    outer loop
      vertex -23.097 47.6 70.4329
      vertex -26.7925 47.6 68.9022
      vertex -28.4428 47.6 74.3424
    endloop
  endfacet
  facet normal 0 1 0
    outer loop
      vertex -22.0767 47.6 68.5242
      vertex -26.7925 47.6 68.9022
      vertex -23.097 47.6 70.4329
    endloop
  endfacet
  facet normal 0 1 0
    outer loop
      vertex -24.1126 47.6 63.8885
      vertex -22.0767 47.6 68.5242
      vertex -21.0391 47.6 66.5829
    endloop
  endfacet
  facet normal 0 1 0
    outer loop
      vertex -24.1126 47.6 63.8885
      vertex -21.0391 47.6 66.5829
      vertex -20.7867 47.6 66.1107
    endloop
  endfacet
  facet normal 0 1 0
    outer loop
      vertex -22.0767 47.6 68.5242
      vertex -24.1126 47.6 63.8885
      vertex -26.7925 47.6 68.9022
    endloop
  endfacet
  facet normal 0 1 0
    outer loop
      vertex -17.6777 47.6 62.3223
      vertex -24.1126 47.6 63.8885
      vertex -20.7867 47.6 66.1107
    endloop
  endfacet
  facet normal 0 1 0
    outer loop
      vertex -17.6777 47.6 62.3223
      vertex -20.5061 47.6 59.4939
      vertex -24.1126 47.6 63.8885
    endloop
  endfacet
  facet normal 0 1 0
    outer loop
      vertex -13.8893 47.6 59.2133
      vertex -20.5061 47.6 59.4939
      vertex -17.6777 47.6 62.3223
    endloop
  endfacet
  facet normal 0 1 0
    outer loop
      vertex -16.1115 47.6 55.8874
      vertex -13.8893 47.6 59.2133
      vertex -13.4171 47.6 58.9609
    endloop
  endfacet
  facet normal 0 1 0
    outer loop
      vertex -16.1115 47.6 55.8874
      vertex -13.4171 47.6 58.9609
      vertex -11.4758 47.6 57.9233
    endloop
  endfacet
  facet normal 0 1 -0
    outer loop
      vertex -11.0978 47.6 53.2075
      vertex -11.4758 47.6 57.9233
      vertex -9.56709 47.6 56.903
    endloop
  endfacet
  facet normal 0 1 0
    outer loop
      vertex -13.8893 47.6 59.2133
      vertex -16.1115 47.6 55.8874
      vertex -20.5061 47.6 59.4939
    endloop
  endfacet
  facet normal 0 1 0
    outer loop
      vertex -11.0978 47.6 53.2075
      vertex -9.56709 47.6 56.903
      vertex -4.87726 47.6 55.4804
    endloop
  endfacet
  facet normal 0 1 0
    outer loop
      vertex -5.65762 47.6 51.5572
      vertex -4.87726 47.6 55.4804
      vertex -1.1 47.6 55.1083
    endloop
  endfacet
  facet normal 0 1 0
    outer loop
      vertex 0 47.6 51
      vertex 1.1 47.6 55.1083
      vertex 5.65762 47.6 51.5572
    endloop
  endfacet
  facet normal 0 1 0
    outer loop
      vertex -11.4758 47.6 57.9233
      vertex -11.0978 47.6 53.2075
      vertex -16.1115 47.6 55.8874
    endloop
  endfacet
  facet normal 0 1 0
    outer loop
      vertex 1.1 47.6 55.1083
      vertex 0 47.6 51
      vertex -1.1 47.6 55.1083
    endloop
  endfacet
  facet normal 0 1 0
    outer loop
      vertex -4.87726 47.6 55.4804
      vertex -5.65762 47.6 51.5572
      vertex -11.0978 47.6 53.2075
    endloop
  endfacet
  facet normal 0 1 0
    outer loop
      vertex -1.1 47.6 55.1083
      vertex 0 47.6 51
      vertex -5.65762 47.6 51.5572
    endloop
  endfacet
  facet normal 0 1 0
    outer loop
      vertex -14.0545 47.6 89.3845
      vertex -13.5404 47.6 86.5474
      vertex -15.2257 47.6 87.5204
    endloop
  endfacet
  facet normal 0 1 0
    outer loop
      vertex 14.0545 47.6 89.3845
      vertex 13.5404 47.6 86.5474
      vertex 12.4404 47.6 88.4526
    endloop
  endfacet
  facet normal 0 1 0
    outer loop
      vertex 13.5404 47.6 73.4526
      vertex 15.2257 47.6 72.4796
      vertex 12.4404 47.6 71.5474
    endloop
  endfacet
  facet normal 0 1 0
    outer loop
      vertex 9.38451 47.6 65.9455
      vertex 6.54737 47.6 66.4596
      vertex 8.45263 47.6 67.5596
    endloop
  endfacet
  facet normal 0 1 0
    outer loop
      vertex 6.54737 47.6 66.4596
      vertex 9.38451 47.6 65.9455
      vertex 7.52042 47.6 64.7743
    endloop
  endfacet
  facet normal 0 1 0
    outer loop
      vertex -9.50923 47.6 98.6705
      vertex -13.4171 47.6 101.039
      vertex -11.4758 47.6 102.077
    endloop
  endfacet
  facet normal 0 1 0
    outer loop
      vertex -9.50923 47.6 98.6705
      vertex -11.3733 47.6 97.4992
      vertex -13.4171 47.6 101.039
    endloop
  endfacet
  facet normal 0 1 0
    outer loop
      vertex -4.67294 47.6 100.473
      vertex -3.78286 47.6 96.5738
      vertex -9.11156 47.6 98.9203
    endloop
  endfacet
  facet normal 0 1 0
    outer loop
      vertex -1.1 47.6 96.8761
      vertex -1.1 47.6 100.876
      vertex 1.1 47.6 96.8761
    endloop
  endfacet
  facet normal 0 1 0
    outer loop
      vertex 1.1 47.6 100.876
      vertex 1.1 47.6 96.8761
      vertex -1.1 47.6 100.876
    endloop
  endfacet
  facet normal 0 1 0
    outer loop
      vertex 10.5993 47.6 93.2911
      vertex 11.3733 47.6 97.4992
      vertex 13.0933 47.6 96.4185
    endloop
  endfacet
  facet normal 0 1 0
    outer loop
      vertex 11.3733 47.6 97.4992
      vertex 7.37602 47.6 95.3165
      vertex 3.78286 47.6 96.5738
    endloop
  endfacet
  facet normal 0 1 0
    outer loop
      vertex 11.3733 47.6 97.4992
      vertex 7.52042 47.6 95.2257
      vertex 7.37602 47.6 95.3165
    endloop
  endfacet
  facet normal 0 1 0
    outer loop
      vertex 11.3733 47.6 97.4992
      vertex 9.38451 47.6 94.0545
      vertex 7.52042 47.6 95.2257
    endloop
  endfacet
  facet normal 0 1 0
    outer loop
      vertex 11.3733 47.6 97.4992
      vertex 10.5993 47.6 93.2911
      vertex 9.38451 47.6 94.0545
    endloop
  endfacet
  facet normal 0 1 0
    outer loop
      vertex 16.4185 47.6 93.0933
      vertex 10.5993 47.6 93.2911
      vertex 13.0933 47.6 96.4185
    endloop
  endfacet
  facet normal 0 1 0
    outer loop
      vertex 13.2911 47.6 90.5993
      vertex 16.4185 47.6 93.0933
      vertex 17.4992 47.6 91.3733
    endloop
  endfacet
  facet normal 0 1 0
    outer loop
      vertex 16.4185 47.6 93.0933
      vertex 13.2911 47.6 90.5993
      vertex 10.5993 47.6 93.2911
    endloop
  endfacet
  facet normal 0 1 -0
    outer loop
      vertex 1.1 47.6 100.876
      vertex -1.1 47.6 104.892
      vertex 1.1 47.6 104.892
    endloop
  endfacet
  facet normal 0 1 0
    outer loop
      vertex 1.1 47.6 100.876
      vertex -1.1 47.6 100.876
      vertex -1.1 47.6 104.892
    endloop
  endfacet
  facet normal 0 1 0
    outer loop
      vertex 9.11156 47.6 98.9203
      vertex 3.78286 47.6 96.5738
      vertex 4.67294 47.6 100.473
    endloop
  endfacet
  facet normal 0 1 0
    outer loop
      vertex 4.67294 47.6 100.473
      vertex 3.78286 47.6 96.5738
      vertex 1.1 47.6 100.876
    endloop
  endfacet
  facet normal 0 1 0
    outer loop
      vertex 3.78286 47.6 96.5738
      vertex 9.11156 47.6 98.9203
      vertex 9.50923 47.6 98.6705
    endloop
  endfacet
  facet normal 0 1 0
    outer loop
      vertex 3.78286 47.6 96.5738
      vertex 9.50923 47.6 98.6705
      vertex 11.3733 47.6 97.4992
    endloop
  endfacet
  facet normal -0 1 0
    outer loop
      vertex 1.1 47.6 96.8761
      vertex 1.1 47.6 100.876
      vertex 3.78286 47.6 96.5738
    endloop
  endfacet
  facet normal 0 1 -0
    outer loop
      vertex -3.78286 47.6 96.5738
      vertex -4.67294 47.6 100.473
      vertex -1.1 47.6 96.8761
    endloop
  endfacet
  facet normal 0 1 -0
    outer loop
      vertex 1.1 47.6 104.892
      vertex 0 47.6 109
      vertex 5.65762 47.6 108.443
    endloop
  endfacet
  facet normal 0 1 0
    outer loop
      vertex 4.87726 47.6 104.52
      vertex 5.65762 47.6 108.443
      vertex 11.0978 47.6 106.793
    endloop
  endfacet
  facet normal 0 1 0
    outer loop
      vertex -1.1 47.6 104.892
      vertex 0 47.6 109
      vertex 1.1 47.6 104.892
    endloop
  endfacet
  facet normal 0 1 0
    outer loop
      vertex 0 47.6 109
      vertex -1.1 47.6 104.892
      vertex -5.65762 47.6 108.443
    endloop
  endfacet
  facet normal 0 1 0
    outer loop
      vertex 5.65762 47.6 108.443
      vertex 4.87726 47.6 104.52
      vertex 1.1 47.6 104.892
    endloop
  endfacet
  facet normal 0 1 -0
    outer loop
      vertex 11.4758 47.6 102.077
      vertex 11.0978 47.6 106.793
      vertex 16.1115 47.6 104.113
    endloop
  endfacet
  facet normal 0 1 0
    outer loop
      vertex 11.0978 47.6 106.793
      vertex 9.56709 47.6 103.097
      vertex 4.87726 47.6 104.52
    endloop
  endfacet
  facet normal 0 1 0
    outer loop
      vertex 11.0978 47.6 106.793
      vertex 11.4758 47.6 102.077
      vertex 9.56709 47.6 103.097
    endloop
  endfacet
  facet normal 0 1 0
    outer loop
      vertex 16.1115 47.6 104.113
      vertex 13.4171 47.6 101.039
      vertex 11.4758 47.6 102.077
    endloop
  endfacet
  facet normal 0 1 0
    outer loop
      vertex 16.1115 47.6 104.113
      vertex 13.8893 47.6 100.787
      vertex 13.4171 47.6 101.039
    endloop
  endfacet
  facet normal 0 1 0
    outer loop
      vertex 20.5061 47.6 100.506
      vertex 13.8893 47.6 100.787
      vertex 16.1115 47.6 104.113
    endloop
  endfacet
  facet normal 0 1 0
    outer loop
      vertex 20.5061 47.6 100.506
      vertex 17.6777 47.6 97.6777
      vertex 13.8893 47.6 100.787
    endloop
  endfacet
  facet normal 0 1 0
    outer loop
      vertex 24.1126 47.6 96.1115
      vertex 17.6777 47.6 97.6777
      vertex 20.5061 47.6 100.506
    endloop
  endfacet
  facet normal 0 1 0
    outer loop
      vertex 24.1126 47.6 96.1115
      vertex 20.7867 47.6 93.8893
      vertex 17.6777 47.6 97.6777
    endloop
  endfacet
  facet normal 0 1 0
    outer loop
      vertex 24.1126 47.6 96.1115
      vertex 21.0391 47.6 93.4171
      vertex 20.7867 47.6 93.8893
    endloop
  endfacet
  facet normal 0 1 0
    outer loop
      vertex 24.1126 47.6 96.1115
      vertex 22.0767 47.6 91.4758
      vertex 21.0391 47.6 93.4171
    endloop
  endfacet
  facet normal 0 1 0
    outer loop
      vertex 26.7925 47.6 91.0978
      vertex 22.0767 47.6 91.4758
      vertex 24.1126 47.6 96.1115
    endloop
  endfacet
  facet normal 0 1 0
    outer loop
      vertex 26.7925 47.6 91.0978
      vertex 23.097 47.6 89.5671
      vertex 22.0767 47.6 91.4758
    endloop
  endfacet
  facet normal 0 1 0
    outer loop
      vertex 28.4428 47.6 85.6576
      vertex 23.097 47.6 89.5671
      vertex 26.7925 47.6 91.0978
    endloop
  endfacet
  facet normal 0 1 0
    outer loop
      vertex 28.4428 47.6 85.6576
      vertex 24.5196 47.6 84.8773
      vertex 23.097 47.6 89.5671
    endloop
  endfacet
  facet normal 0 1 0
    outer loop
      vertex 28.4428 47.6 85.6576
      vertex 24.8917 47.6 81.1
      vertex 24.5196 47.6 84.8773
    endloop
  endfacet
  facet normal 0 1 0
    outer loop
      vertex 20.8761 47.6 78.9
      vertex 20.8761 47.6 81.1
      vertex 24.8917 47.6 81.1
    endloop
  endfacet
  facet normal 0 1 0
    outer loop
      vertex 20.8761 47.6 81.1
      vertex 20.8761 47.6 78.9
      vertex 16.8761 47.6 81.1
    endloop
  endfacet
  facet normal 0 1 0
    outer loop
      vertex 29 47.6 80
      vertex 24.8917 47.6 81.1
      vertex 28.4428 47.6 85.6576
    endloop
  endfacet
  facet normal 0 1 0
    outer loop
      vertex 24.8917 47.6 78.9
      vertex 24.8917 47.6 81.1
      vertex 29 47.6 80
    endloop
  endfacet
  facet normal 0 1 0
    outer loop
      vertex 20.8761 47.6 78.9
      vertex 24.8917 47.6 81.1
      vertex 24.8917 47.6 78.9
    endloop
  endfacet
  facet normal 0 1 0
    outer loop
      vertex 16.8761 47.6 78.9
      vertex 16.8761 47.6 81.1
      vertex 20.8761 47.6 78.9
    endloop
  endfacet
  facet normal 0 1 0
    outer loop
      vertex 16.8761 47.6 81.1
      vertex 16.8761 47.6 78.9
      vertex 15 47.6 81.1
    endloop
  endfacet
  facet normal 0 1 0
    outer loop
      vertex 15 47.6 81.1
      vertex 16.8761 47.6 78.9
      vertex 15 47.6 78.9
    endloop
  endfacet
  facet normal 0 1 -0
    outer loop
      vertex -4.87726 47.6 104.52
      vertex -5.65762 47.6 108.443
      vertex -1.1 47.6 104.892
    endloop
  endfacet
  facet normal 0 1 0
    outer loop
      vertex -5.65762 47.6 108.443
      vertex -4.87726 47.6 104.52
      vertex -11.0978 47.6 106.793
    endloop
  endfacet
  facet normal 0 1 -0
    outer loop
      vertex -9.56709 47.6 103.097
      vertex -11.0978 47.6 106.793
      vertex -4.87726 47.6 104.52
    endloop
  endfacet
  facet normal 0 1 0
    outer loop
      vertex -11.4758 47.6 102.077
      vertex -11.0978 47.6 106.793
      vertex -9.56709 47.6 103.097
    endloop
  endfacet
  facet normal 0 1 0
    outer loop
      vertex -11.0978 47.6 106.793
      vertex -11.4758 47.6 102.077
      vertex -16.1115 47.6 104.113
    endloop
  endfacet
  facet normal 0 1 -0
    outer loop
      vertex -13.4171 47.6 101.039
      vertex -16.1115 47.6 104.113
      vertex -11.4758 47.6 102.077
    endloop
  endfacet
  facet normal 0 1 -0
    outer loop
      vertex -13.8893 47.6 100.787
      vertex -16.1115 47.6 104.113
      vertex -13.4171 47.6 101.039
    endloop
  endfacet
  facet normal 0 1 0
    outer loop
      vertex -13.8893 47.6 100.787
      vertex -20.5061 47.6 100.506
      vertex -16.1115 47.6 104.113
    endloop
  endfacet
  facet normal 0 1 -0
    outer loop
      vertex -17.6777 47.6 97.6777
      vertex -20.5061 47.6 100.506
      vertex -13.8893 47.6 100.787
    endloop
  endfacet
  facet normal 0 1 0
    outer loop
      vertex -17.6777 47.6 97.6777
      vertex -24.1126 47.6 96.1115
      vertex -20.5061 47.6 100.506
    endloop
  endfacet
  facet normal 0 1 -0
    outer loop
      vertex -20.7867 47.6 93.8893
      vertex -24.1126 47.6 96.1115
      vertex -17.6777 47.6 97.6777
    endloop
  endfacet
  facet normal 0 1 -0
    outer loop
      vertex -21.0391 47.6 93.4171
      vertex -24.1126 47.6 96.1115
      vertex -20.7867 47.6 93.8893
    endloop
  endfacet
  facet normal 0 1 -0
    outer loop
      vertex -22.0767 47.6 91.4758
      vertex -24.1126 47.6 96.1115
      vertex -21.0391 47.6 93.4171
    endloop
  endfacet
  facet normal 0 1 0
    outer loop
      vertex -22.0767 47.6 91.4758
      vertex -26.7925 47.6 91.0978
      vertex -24.1126 47.6 96.1115
    endloop
  endfacet
  facet normal 0 1 -0
    outer loop
      vertex -23.097 47.6 89.5671
      vertex -26.7925 47.6 91.0978
      vertex -22.0767 47.6 91.4758
    endloop
  endfacet
  facet normal 0 1 0
    outer loop
      vertex -23.097 47.6 89.5671
      vertex -28.4428 47.6 85.6576
      vertex -26.7925 47.6 91.0978
    endloop
  endfacet
  facet normal 0 1 -0
    outer loop
      vertex -24.5196 47.6 84.8773
      vertex -28.4428 47.6 85.6576
      vertex -23.097 47.6 89.5671
    endloop
  endfacet
  facet normal 0 1 -0
    outer loop
      vertex -24.8917 47.6 81.1
      vertex -28.4428 47.6 85.6576
      vertex -24.5196 47.6 84.8773
    endloop
  endfacet
  facet normal 0 1 0
    outer loop
      vertex -28.4428 47.6 85.6576
      vertex -24.8917 47.6 81.1
      vertex -29 47.6 80
    endloop
  endfacet
  facet normal 0 1 0
    outer loop
      vertex 13.4171 47.6 101.039
      vertex 9.50923 47.6 98.6705
      vertex 11.4758 47.6 102.077
    endloop
  endfacet
  facet normal 0 1 -0
    outer loop
      vertex -1.1 47.6 96.8761
      vertex -4.67294 47.6 100.473
      vertex -1.1 47.6 100.876
    endloop
  endfacet
  facet normal 0 1 -0
    outer loop
      vertex 11.3733 47.6 97.4992
      vertex 9.50923 47.6 98.6705
      vertex 13.4171 47.6 101.039
    endloop
  endfacet
  facet normal 0.88192 -0 0.4714
    outer loop
      vertex 24.1126 47.4 96.1115
      vertex 26.7925 47.6 91.0978
      vertex 24.1126 47.6 96.1115
    endloop
  endfacet
  facet normal 0.88192 0 0.4714
    outer loop
      vertex 26.7925 47.6 91.0978
      vertex 24.1126 47.4 96.1115
      vertex 26.7925 47.4 91.0978
    endloop
  endfacet
  facet normal 0.956939 -0 0.29029
    outer loop
      vertex 26.7925 47.4 91.0978
      vertex 28.4428 47.6 85.6576
      vertex 26.7925 47.6 91.0978
    endloop
  endfacet
  facet normal 0.956939 0 0.29029
    outer loop
      vertex 28.4428 47.6 85.6576
      vertex 26.7925 47.4 91.0978
      vertex 28.4428 47.4 85.6576
    endloop
  endfacet
  facet normal 0.773008 -0 0.634396
    outer loop
      vertex 20.5061 47.4 100.506
      vertex 24.1126 47.6 96.1115
      vertex 20.5061 47.6 100.506
    endloop
  endfacet
  facet normal 0.773008 0 0.634396
    outer loop
      vertex 24.1126 47.6 96.1115
      vertex 20.5061 47.4 100.506
      vertex 24.1126 47.4 96.1115
    endloop
  endfacet
  facet normal 0.290243 0 0.956953
    outer loop
      vertex 5.65762 47.6 108.443
      vertex 11.0978 47.4 106.793
      vertex 11.0978 47.6 106.793
    endloop
  endfacet
  facet normal 0.290243 0 0.956953
    outer loop
      vertex 11.0978 47.4 106.793
      vertex 5.65762 47.6 108.443
      vertex 5.65762 47.4 108.443
    endloop
  endfacet
  facet normal -0.88192 0 0.4714
    outer loop
      vertex -26.7925 47.4 91.0978
      vertex -24.1126 47.6 96.1115
      vertex -26.7925 47.6 91.0978
    endloop
  endfacet
  facet normal -0.88192 0 0.4714
    outer loop
      vertex -24.1126 47.6 96.1115
      vertex -26.7925 47.4 91.0978
      vertex -24.1126 47.4 96.1115
    endloop
  endfacet
  facet normal -0.773008 0 0.634396
    outer loop
      vertex -24.1126 47.4 96.1115
      vertex -20.5061 47.6 100.506
      vertex -24.1126 47.6 96.1115
    endloop
  endfacet
  facet normal -0.773008 0 0.634396
    outer loop
      vertex -20.5061 47.6 100.506
      vertex -24.1126 47.4 96.1115
      vertex -20.5061 47.4 100.506
    endloop
  endfacet
  facet normal -0.956939 0 0.29029
    outer loop
      vertex -28.4428 47.4 85.6576
      vertex -26.7925 47.6 91.0978
      vertex -28.4428 47.6 85.6576
    endloop
  endfacet
  facet normal -0.956939 0 0.29029
    outer loop
      vertex -26.7925 47.6 91.0978
      vertex -28.4428 47.4 85.6576
      vertex -26.7925 47.4 91.0978
    endloop
  endfacet
  facet normal -0.471413 0 0.881912
    outer loop
      vertex -16.1115 47.6 104.113
      vertex -11.0978 47.4 106.793
      vertex -11.0978 47.6 106.793
    endloop
  endfacet
  facet normal -0.471413 0 0.881912
    outer loop
      vertex -11.0978 47.4 106.793
      vertex -16.1115 47.6 104.113
      vertex -16.1115 47.4 104.113
    endloop
  endfacet
  facet normal -0.0979776 0 0.995189
    outer loop
      vertex -5.65762 47.6 108.443
      vertex 0 47.4 109
      vertex 0 47.6 109
    endloop
  endfacet
  facet normal -0.0979776 0 0.995189
    outer loop
      vertex 0 47.4 109
      vertex -5.65762 47.6 108.443
      vertex -5.65762 47.4 108.443
    endloop
  endfacet
  facet normal 0.995185 0 -0.0980128
    outer loop
      vertex 29 47.4 80
      vertex 28.4428 47.6 74.3424
      vertex 29 47.6 80
    endloop
  endfacet
  facet normal 0.995185 0 -0.0980128
    outer loop
      vertex 28.4428 47.6 74.3424
      vertex 29 47.4 80
      vertex 28.4428 47.4 74.3424
    endloop
  endfacet
  facet normal 0.0980124 0 -0.995185
    outer loop
      vertex 0 47.4 51
      vertex 5.65762 47.6 51.5572
      vertex 5.65762 47.4 51.5572
    endloop
  endfacet
  facet normal 0.0980124 0 -0.995185
    outer loop
      vertex 5.65762 47.6 51.5572
      vertex 0 47.4 51
      vertex 0 47.6 51
    endloop
  endfacet
  facet normal 0.4714 0 -0.88192
    outer loop
      vertex 11.0978 47.4 53.2075
      vertex 16.1115 47.6 55.8874
      vertex 16.1115 47.4 55.8874
    endloop
  endfacet
  facet normal 0.4714 0 -0.88192
    outer loop
      vertex 16.1115 47.6 55.8874
      vertex 11.0978 47.4 53.2075
      vertex 11.0978 47.6 53.2075
    endloop
  endfacet
  facet normal -0.634388 0 -0.773015
    outer loop
      vertex -20.5061 47.4 59.4939
      vertex -16.1115 47.6 55.8874
      vertex -16.1115 47.4 55.8874
    endloop
  endfacet
  facet normal -0.634388 0 -0.773015
    outer loop
      vertex -16.1115 47.6 55.8874
      vertex -20.5061 47.4 59.4939
      vertex -20.5061 47.6 59.4939
    endloop
  endfacet
  facet normal -0.290291 0 -0.956938
    outer loop
      vertex -11.0978 47.4 53.2075
      vertex -5.65762 47.6 51.5572
      vertex -5.65762 47.4 51.5572
    endloop
  endfacet
  facet normal -0.290291 0 -0.956938
    outer loop
      vertex -5.65762 47.6 51.5572
      vertex -11.0978 47.4 53.2075
      vertex -11.0978 47.6 53.2075
    endloop
  endfacet
  facet normal -0.88192 0 -0.4714
    outer loop
      vertex -24.1126 47.4 63.8885
      vertex -26.7925 47.6 68.9022
      vertex -24.1126 47.6 63.8885
    endloop
  endfacet
  facet normal -0.88192 -0 -0.4714
    outer loop
      vertex -26.7925 47.6 68.9022
      vertex -24.1126 47.4 63.8885
      vertex -26.7925 47.4 68.9022
    endloop
  endfacet
  facet normal -0.995185 0 -0.0980128
    outer loop
      vertex -28.4428 47.4 74.3424
      vertex -29 47.6 80
      vertex -28.4428 47.6 74.3424
    endloop
  endfacet
  facet normal -0.995185 -0 -0.0980128
    outer loop
      vertex -29 47.6 80
      vertex -28.4428 47.4 74.3424
      vertex -29 47.4 80
    endloop
  endfacet
  facet normal 0.290291 0 -0.956938
    outer loop
      vertex 5.65762 47.4 51.5572
      vertex 11.0978 47.6 53.2075
      vertex 11.0978 47.4 53.2075
    endloop
  endfacet
  facet normal 0.290291 0 -0.956938
    outer loop
      vertex 11.0978 47.6 53.2075
      vertex 5.65762 47.4 51.5572
      vertex 5.65762 47.6 51.5572
    endloop
  endfacet
  facet normal 0.634388 0 -0.773015
    outer loop
      vertex 16.1115 47.4 55.8874
      vertex 20.5061 47.6 59.4939
      vertex 20.5061 47.4 59.4939
    endloop
  endfacet
  facet normal 0.634388 0 -0.773015
    outer loop
      vertex 20.5061 47.6 59.4939
      vertex 16.1115 47.4 55.8874
      vertex 16.1115 47.6 55.8874
    endloop
  endfacet
  facet normal 0.956939 0 -0.29029
    outer loop
      vertex 28.4428 47.4 74.3424
      vertex 26.7925 47.6 68.9022
      vertex 28.4428 47.6 74.3424
    endloop
  endfacet
  facet normal 0.956939 0 -0.29029
    outer loop
      vertex 26.7925 47.6 68.9022
      vertex 28.4428 47.4 74.3424
      vertex 26.7925 47.4 68.9022
    endloop
  endfacet
  facet normal 0.88192 0 -0.4714
    outer loop
      vertex 26.7925 47.4 68.9022
      vertex 24.1126 47.6 63.8885
      vertex 26.7925 47.6 68.9022
    endloop
  endfacet
  facet normal 0.88192 0 -0.4714
    outer loop
      vertex 24.1126 47.6 63.8885
      vertex 26.7925 47.4 68.9022
      vertex 24.1126 47.4 63.8885
    endloop
  endfacet
  facet normal -0.4714 0 -0.88192
    outer loop
      vertex -16.1115 47.4 55.8874
      vertex -11.0978 47.6 53.2075
      vertex -11.0978 47.4 53.2075
    endloop
  endfacet
  facet normal -0.4714 0 -0.88192
    outer loop
      vertex -11.0978 47.6 53.2075
      vertex -16.1115 47.4 55.8874
      vertex -16.1115 47.6 55.8874
    endloop
  endfacet
  facet normal -0.956939 0 -0.29029
    outer loop
      vertex -26.7925 47.4 68.9022
      vertex -28.4428 47.6 74.3424
      vertex -26.7925 47.6 68.9022
    endloop
  endfacet
  facet normal -0.956939 -0 -0.29029
    outer loop
      vertex -28.4428 47.6 74.3424
      vertex -26.7925 47.4 68.9022
      vertex -28.4428 47.4 74.3424
    endloop
  endfacet
  facet normal -0.995183 0 -0.098035
    outer loop
      vertex 24.8917 47.4 81.1
      vertex 24.5196 47.6 84.8773
      vertex 24.8917 47.6 81.1
    endloop
  endfacet
  facet normal -0.995183 -0 -0.098035
    outer loop
      vertex 24.5196 47.6 84.8773
      vertex 24.8917 47.4 81.1
      vertex 24.5196 47.4 84.8773
    endloop
  endfacet
  facet normal 0.995183 0 -0.098035
    outer loop
      vertex -24.5196 47.4 84.8773
      vertex -24.8917 47.6 81.1
      vertex -24.5196 47.6 84.8773
    endloop
  endfacet
  facet normal 0.995183 0 -0.098035
    outer loop
      vertex -24.8917 47.6 81.1
      vertex -24.5196 47.4 84.8773
      vertex -24.8917 47.4 81.1
    endloop
  endfacet
  facet normal -0.0980099 0 -0.995185
    outer loop
      vertex 1.1 47.4 104.892
      vertex 4.87726 47.6 104.52
      vertex 4.87726 47.4 104.52
    endloop
  endfacet
  facet normal -0.0980099 0 -0.995185
    outer loop
      vertex 4.87726 47.6 104.52
      vertex 1.1 47.4 104.892
      vertex 1.1 47.6 104.892
    endloop
  endfacet
  facet normal 0.098036 0 0.995183
    outer loop
      vertex -4.87726 47.6 55.4804
      vertex -1.1 47.4 55.1083
      vertex -1.1 47.6 55.1083
    endloop
  endfacet
  facet normal 0.098036 0 0.995183
    outer loop
      vertex -1.1 47.4 55.1083
      vertex -4.87726 47.6 55.4804
      vertex -4.87726 47.4 55.4804
    endloop
  endfacet
  facet normal -0.773016 0 -0.634386
    outer loop
      vertex 20.7867 47.4 93.8893
      vertex 17.6777 47.6 97.6777
      vertex 20.7867 47.6 93.8893
    endloop
  endfacet
  facet normal -0.773016 -0 -0.634386
    outer loop
      vertex 17.6777 47.6 97.6777
      vertex 20.7867 47.4 93.8893
      vertex 17.6777 47.4 97.6777
    endloop
  endfacet
  facet normal 0.634423 0 -0.772986
    outer loop
      vertex -17.6777 47.4 97.6777
      vertex -13.8893 47.6 100.787
      vertex -13.8893 47.4 100.787
    endloop
  endfacet
  facet normal 0.634423 0 -0.772986
    outer loop
      vertex -13.8893 47.6 100.787
      vertex -17.6777 47.4 97.6777
      vertex -17.6777 47.6 97.6777
    endloop
  endfacet
  facet normal 0.290351 0 -0.95692
    outer loop
      vertex -9.56709 47.4 103.097
      vertex -4.87726 47.6 104.52
      vertex -4.87726 47.4 104.52
    endloop
  endfacet
  facet normal 0.290351 0 -0.95692
    outer loop
      vertex -4.87726 47.6 104.52
      vertex -9.56709 47.4 103.097
      vertex -9.56709 47.6 103.097
    endloop
  endfacet
  facet normal -0.634386 0 0.773016
    outer loop
      vertex 13.8893 47.6 59.2133
      vertex 17.6777 47.4 62.3223
      vertex 17.6777 47.6 62.3223
    endloop
  endfacet
  facet normal -0.634386 0 0.773016
    outer loop
      vertex 17.6777 47.4 62.3223
      vertex 13.8893 47.6 59.2133
      vertex 13.8893 47.4 59.2133
    endloop
  endfacet
  facet normal -0.881918 0 -0.471402
    outer loop
      vertex 21.0391 47.4 93.4171
      vertex 20.7867 47.6 93.8893
      vertex 21.0391 47.6 93.4171
    endloop
  endfacet
  facet normal -0.881918 -0 -0.471402
    outer loop
      vertex 20.7867 47.6 93.8893
      vertex 21.0391 47.4 93.4171
      vertex 20.7867 47.4 93.8893
    endloop
  endfacet
  facet normal -0.881906 0 -0.471425
    outer loop
      vertex 23.097 47.4 89.5671
      vertex 22.0767 47.6 91.4758
      vertex 23.097 47.6 89.5671
    endloop
  endfacet
  facet normal -0.881906 -0 -0.471425
    outer loop
      vertex 22.0767 47.6 91.4758
      vertex 23.097 47.4 89.5671
      vertex 22.0767 47.4 91.4758
    endloop
  endfacet
  facet normal -0.956942 0 -0.290278
    outer loop
      vertex 24.5196 47.4 84.8773
      vertex 23.097 47.6 89.5671
      vertex 24.5196 47.6 84.8773
    endloop
  endfacet
  facet normal -0.956942 -0 -0.290278
    outer loop
      vertex 23.097 47.6 89.5671
      vertex 24.5196 47.4 84.8773
      vertex 23.097 47.4 89.5671
    endloop
  endfacet
  facet normal -0.471315 0 -0.881965
    outer loop
      vertex 9.56709 47.4 103.097
      vertex 11.4758 47.6 102.077
      vertex 11.4758 47.4 102.077
    endloop
  endfacet
  facet normal -0.471315 0 -0.881965
    outer loop
      vertex 11.4758 47.6 102.077
      vertex 9.56709 47.4 103.097
      vertex 9.56709 47.6 103.097
    endloop
  endfacet
  facet normal -0.470821 0 -0.882229
    outer loop
      vertex 13.4171 47.4 101.039
      vertex 13.8893 47.6 100.787
      vertex 13.8893 47.4 100.787
    endloop
  endfacet
  facet normal -0.470821 0 -0.882229
    outer loop
      vertex 13.8893 47.6 100.787
      vertex 13.4171 47.4 101.039
      vertex 13.4171 47.6 101.039
    endloop
  endfacet
  facet normal -0.290351 0 -0.95692
    outer loop
      vertex 4.87726 47.4 104.52
      vertex 9.56709 47.6 103.097
      vertex 9.56709 47.4 103.097
    endloop
  endfacet
  facet normal -0.290351 0 -0.95692
    outer loop
      vertex 9.56709 47.6 103.097
      vertex 4.87726 47.4 104.52
      vertex 4.87726 47.6 104.52
    endloop
  endfacet
  facet normal -0.634423 0 -0.772986
    outer loop
      vertex 13.8893 47.4 100.787
      vertex 17.6777 47.6 97.6777
      vertex 17.6777 47.4 97.6777
    endloop
  endfacet
  facet normal -0.634423 0 -0.772986
    outer loop
      vertex 17.6777 47.6 97.6777
      vertex 13.8893 47.4 100.787
      vertex 13.8893 47.6 100.787
    endloop
  endfacet
  facet normal 0.881906 0 -0.471425
    outer loop
      vertex -22.0767 47.4 91.4758
      vertex -23.097 47.6 89.5671
      vertex -22.0767 47.6 91.4758
    endloop
  endfacet
  facet normal 0.881906 0 -0.471425
    outer loop
      vertex -23.097 47.6 89.5671
      vertex -22.0767 47.4 91.4758
      vertex -23.097 47.4 89.5671
    endloop
  endfacet
  facet normal 0.881918 0 -0.471402
    outer loop
      vertex -20.7867 47.4 93.8893
      vertex -21.0391 47.6 93.4171
      vertex -20.7867 47.6 93.8893
    endloop
  endfacet
  facet normal 0.881918 0 -0.471402
    outer loop
      vertex -21.0391 47.6 93.4171
      vertex -20.7867 47.4 93.8893
      vertex -21.0391 47.4 93.4171
    endloop
  endfacet
  facet normal 0.773016 0 -0.634386
    outer loop
      vertex -17.6777 47.4 97.6777
      vertex -20.7867 47.6 93.8893
      vertex -17.6777 47.6 97.6777
    endloop
  endfacet
  facet normal 0.773016 0 -0.634386
    outer loop
      vertex -20.7867 47.6 93.8893
      vertex -17.6777 47.4 97.6777
      vertex -20.7867 47.4 93.8893
    endloop
  endfacet
  facet normal 0.956942 0 -0.290278
    outer loop
      vertex -23.097 47.4 89.5671
      vertex -24.5196 47.6 84.8773
      vertex -23.097 47.6 89.5671
    endloop
  endfacet
  facet normal 0.956942 0 -0.290278
    outer loop
      vertex -24.5196 47.6 84.8773
      vertex -23.097 47.4 89.5671
      vertex -24.5196 47.4 84.8773
    endloop
  endfacet
  facet normal 0.470821 0 -0.882229
    outer loop
      vertex -13.8893 47.4 100.787
      vertex -13.4171 47.6 101.039
      vertex -13.4171 47.4 101.039
    endloop
  endfacet
  facet normal 0.470821 0 -0.882229
    outer loop
      vertex -13.4171 47.6 101.039
      vertex -13.8893 47.4 100.787
      vertex -13.8893 47.6 100.787
    endloop
  endfacet
  facet normal 0.471315 0 -0.881965
    outer loop
      vertex -11.4758 47.4 102.077
      vertex -9.56709 47.6 103.097
      vertex -9.56709 47.4 103.097
    endloop
  endfacet
  facet normal 0.471315 0 -0.881965
    outer loop
      vertex -9.56709 47.6 103.097
      vertex -11.4758 47.4 102.077
      vertex -11.4758 47.6 102.077
    endloop
  endfacet
  facet normal 0.0980099 0 -0.995185
    outer loop
      vertex -4.87726 47.4 104.52
      vertex -1.1 47.6 104.892
      vertex -1.1 47.4 104.892
    endloop
  endfacet
  facet normal 0.0980099 0 -0.995185
    outer loop
      vertex -1.1 47.6 104.892
      vertex -4.87726 47.4 104.52
      vertex -4.87726 47.6 104.52
    endloop
  endfacet
  facet normal -0.098036 0 0.995183
    outer loop
      vertex 1.1 47.6 55.1083
      vertex 4.87726 47.4 55.4804
      vertex 4.87726 47.6 55.4804
    endloop
  endfacet
  facet normal -0.098036 0 0.995183
    outer loop
      vertex 4.87726 47.4 55.4804
      vertex 1.1 47.6 55.1083
      vertex 1.1 47.4 55.1083
    endloop
  endfacet
  facet normal -0.471423 0 0.881907
    outer loop
      vertex 9.56709 47.6 56.903
      vertex 11.4758 47.4 57.9233
      vertex 11.4758 47.6 57.9233
    endloop
  endfacet
  facet normal -0.471423 0 0.881907
    outer loop
      vertex 11.4758 47.4 57.9233
      vertex 9.56709 47.6 56.903
      vertex 9.56709 47.4 56.903
    endloop
  endfacet
  facet normal -0.471402 0 0.881918
    outer loop
      vertex 13.4171 47.6 58.9609
      vertex 13.8893 47.4 59.2133
      vertex 13.8893 47.6 59.2133
    endloop
  endfacet
  facet normal -0.471402 0 0.881918
    outer loop
      vertex 13.8893 47.4 59.2133
      vertex 13.4171 47.6 58.9609
      vertex 13.4171 47.4 58.9609
    endloop
  endfacet
  facet normal 0.634386 0 0.773016
    outer loop
      vertex -17.6777 47.6 62.3223
      vertex -13.8893 47.4 59.2133
      vertex -13.8893 47.6 59.2133
    endloop
  endfacet
  facet normal 0.634386 0 0.773016
    outer loop
      vertex -13.8893 47.4 59.2133
      vertex -17.6777 47.6 62.3223
      vertex -17.6777 47.4 62.3223
    endloop
  endfacet
  facet normal 0.290276 0 0.956943
    outer loop
      vertex -9.56709 47.6 56.903
      vertex -4.87726 47.4 55.4804
      vertex -4.87726 47.6 55.4804
    endloop
  endfacet
  facet normal 0.290276 0 0.956943
    outer loop
      vertex -4.87726 47.4 55.4804
      vertex -9.56709 47.6 56.903
      vertex -9.56709 47.4 56.903
    endloop
  endfacet
  facet normal 0.881906 -0 0.471425
    outer loop
      vertex -23.097 47.4 70.4329
      vertex -22.0767 47.6 68.5242
      vertex -23.097 47.6 70.4329
    endloop
  endfacet
  facet normal 0.881906 0 0.471425
    outer loop
      vertex -22.0767 47.6 68.5242
      vertex -23.097 47.4 70.4329
      vertex -22.0767 47.4 68.5242
    endloop
  endfacet
  facet normal 0.881918 -0 0.471402
    outer loop
      vertex -21.0391 47.4 66.5829
      vertex -20.7867 47.6 66.1107
      vertex -21.0391 47.6 66.5829
    endloop
  endfacet
  facet normal 0.881918 0 0.471402
    outer loop
      vertex -20.7867 47.6 66.1107
      vertex -21.0391 47.4 66.5829
      vertex -20.7867 47.4 66.1107
    endloop
  endfacet
  facet normal 0.773016 -0 0.634386
    outer loop
      vertex -20.7867 47.4 66.1107
      vertex -17.6777 47.6 62.3223
      vertex -20.7867 47.6 66.1107
    endloop
  endfacet
  facet normal 0.773016 0 0.634386
    outer loop
      vertex -17.6777 47.6 62.3223
      vertex -20.7867 47.4 66.1107
      vertex -17.6777 47.4 62.3223
    endloop
  endfacet
  facet normal 0.995183 -0 0.098035
    outer loop
      vertex -24.8917 47.4 78.9
      vertex -24.5196 47.6 75.1227
      vertex -24.8917 47.6 78.9
    endloop
  endfacet
  facet normal 0.995183 0 0.098035
    outer loop
      vertex -24.5196 47.6 75.1227
      vertex -24.8917 47.4 78.9
      vertex -24.5196 47.4 75.1227
    endloop
  endfacet
  facet normal -0.290276 0 0.956943
    outer loop
      vertex 4.87726 47.6 55.4804
      vertex 9.56709 47.4 56.903
      vertex 9.56709 47.6 56.903
    endloop
  endfacet
  facet normal -0.290276 0 0.956943
    outer loop
      vertex 9.56709 47.4 56.903
      vertex 4.87726 47.6 55.4804
      vertex 4.87726 47.4 55.4804
    endloop
  endfacet
  facet normal -0.881918 0 0.471402
    outer loop
      vertex 20.7867 47.4 66.1107
      vertex 21.0391 47.6 66.5829
      vertex 20.7867 47.6 66.1107
    endloop
  endfacet
  facet normal -0.881918 0 0.471402
    outer loop
      vertex 21.0391 47.6 66.5829
      vertex 20.7867 47.4 66.1107
      vertex 21.0391 47.4 66.5829
    endloop
  endfacet
  facet normal -0.881906 0 0.471425
    outer loop
      vertex 22.0767 47.4 68.5242
      vertex 23.097 47.6 70.4329
      vertex 22.0767 47.6 68.5242
    endloop
  endfacet
  facet normal -0.881906 0 0.471425
    outer loop
      vertex 23.097 47.6 70.4329
      vertex 22.0767 47.4 68.5242
      vertex 23.097 47.4 70.4329
    endloop
  endfacet
  facet normal -0.773016 0 0.634386
    outer loop
      vertex 17.6777 47.4 62.3223
      vertex 20.7867 47.6 66.1107
      vertex 17.6777 47.6 62.3223
    endloop
  endfacet
  facet normal -0.773016 0 0.634386
    outer loop
      vertex 20.7867 47.6 66.1107
      vertex 17.6777 47.4 62.3223
      vertex 20.7867 47.4 66.1107
    endloop
  endfacet
  facet normal -0.956942 0 0.290278
    outer loop
      vertex 23.097 47.4 70.4329
      vertex 24.5196 47.6 75.1227
      vertex 23.097 47.6 70.4329
    endloop
  endfacet
  facet normal -0.956942 0 0.290278
    outer loop
      vertex 24.5196 47.6 75.1227
      vertex 23.097 47.4 70.4329
      vertex 24.5196 47.4 75.1227
    endloop
  endfacet
  facet normal 0.471402 0 0.881918
    outer loop
      vertex -13.8893 47.6 59.2133
      vertex -13.4171 47.4 58.9609
      vertex -13.4171 47.6 58.9609
    endloop
  endfacet
  facet normal 0.471402 0 0.881918
    outer loop
      vertex -13.4171 47.4 58.9609
      vertex -13.8893 47.6 59.2133
      vertex -13.8893 47.4 59.2133
    endloop
  endfacet
  facet normal 0.471423 0 0.881907
    outer loop
      vertex -11.4758 47.6 57.9233
      vertex -9.56709 47.4 56.903
      vertex -9.56709 47.6 56.903
    endloop
  endfacet
  facet normal 0.471423 0 0.881907
    outer loop
      vertex -9.56709 47.4 56.903
      vertex -11.4758 47.6 57.9233
      vertex -11.4758 47.4 57.9233
    endloop
  endfacet
  facet normal 0.956942 -0 0.290278
    outer loop
      vertex -24.5196 47.4 75.1227
      vertex -23.097 47.6 70.4329
      vertex -24.5196 47.6 75.1227
    endloop
  endfacet
  facet normal 0.956942 0 0.290278
    outer loop
      vertex -23.097 47.6 70.4329
      vertex -24.5196 47.4 75.1227
      vertex -23.097 47.4 70.4329
    endloop
  endfacet
  facet normal -0.995183 0 0.098035
    outer loop
      vertex 24.5196 47.4 75.1227
      vertex 24.8917 47.6 78.9
      vertex 24.5196 47.6 75.1227
    endloop
  endfacet
  facet normal -0.995183 0 0.098035
    outer loop
      vertex 24.8917 47.6 78.9
      vertex 24.5196 47.4 75.1227
      vertex 24.8917 47.4 78.9
    endloop
  endfacet
  facet normal 0.532015 0 0.846735
    outer loop
      vertex 11.3733 47.6 97.4992
      vertex 13.0933 47.4 96.4185
      vertex 13.0933 47.6 96.4185
    endloop
  endfacet
  facet normal 0.532015 0 0.846735
    outer loop
      vertex 13.0933 47.4 96.4185
      vertex 11.3733 47.6 97.4992
      vertex 11.3733 47.4 97.4992
    endloop
  endfacet
  facet normal 0.531921 0 0.846794
    outer loop
      vertex 9.11156 47.6 98.9203
      vertex 9.50923 47.4 98.6705
      vertex 9.50923 47.6 98.6705
    endloop
  endfacet
  facet normal 0.531921 0 0.846794
    outer loop
      vertex 9.50923 47.4 98.6705
      vertex 9.11156 47.6 98.9203
      vertex 9.11156 47.4 98.9203
    endloop
  endfacet
  facet normal 0.993711 0 -0.111973
    outer loop
      vertex 20.8761 47.4 78.9
      vertex 20.4735 47.6 75.3271
      vertex 20.8761 47.6 78.9
    endloop
  endfacet
  facet normal 0.993711 0 -0.111973
    outer loop
      vertex 20.4735 47.6 75.3271
      vertex 20.8761 47.4 78.9
      vertex 20.4735 47.4 75.3271
    endloop
  endfacet
  facet normal -0.33029 0 -0.943879
    outer loop
      vertex -9.11156 47.4 61.0797
      vertex -4.67294 47.6 59.5265
      vertex -4.67294 47.4 59.5265
    endloop
  endfacet
  facet normal -0.33029 0 -0.943879
    outer loop
      vertex -4.67294 47.6 59.5265
      vertex -9.11156 47.4 61.0797
      vertex -9.11156 47.6 61.0797
    endloop
  endfacet
  facet normal 0.707107 0 0.707107
    outer loop
      vertex 13.0933 47.6 96.4185
      vertex 16.4185 47.4 93.0933
      vertex 16.4185 47.6 93.0933
    endloop
  endfacet
  facet normal 0.707107 0 0.707107
    outer loop
      vertex 16.4185 47.4 93.0933
      vertex 13.0933 47.6 96.4185
      vertex 13.0933 47.4 96.4185
    endloop
  endfacet
  facet normal 0.112082 0 0.993699
    outer loop
      vertex 1.1 47.6 100.876
      vertex 4.67294 47.4 100.473
      vertex 4.67294 47.6 100.473
    endloop
  endfacet
  facet normal 0.112082 0 0.993699
    outer loop
      vertex 4.67294 47.4 100.473
      vertex 1.1 47.6 100.876
      vertex 1.1 47.4 100.876
    endloop
  endfacet
  facet normal -0.112082 0 0.993699
    outer loop
      vertex -4.67294 47.6 100.473
      vertex -1.1 47.4 100.876
      vertex -1.1 47.6 100.876
    endloop
  endfacet
  facet normal -0.112082 0 0.993699
    outer loop
      vertex -1.1 47.4 100.876
      vertex -4.67294 47.6 100.473
      vertex -4.67294 47.4 100.473
    endloop
  endfacet
  facet normal -0.846752 0 0.531988
    outer loop
      vertex -18.9203 47.4 89.1116
      vertex -18.6705 47.6 89.5092
      vertex -18.9203 47.6 89.1116
    endloop
  endfacet
  facet normal -0.846752 0 0.531988
    outer loop
      vertex -18.6705 47.6 89.5092
      vertex -18.9203 47.4 89.1116
      vertex -18.6705 47.4 89.5092
    endloop
  endfacet
  facet normal -0.846735 0 0.532015
    outer loop
      vertex -17.4992 47.4 91.3733
      vertex -16.4185 47.6 93.0933
      vertex -17.4992 47.6 91.3733
    endloop
  endfacet
  facet normal -0.846735 0 0.532015
    outer loop
      vertex -16.4185 47.6 93.0933
      vertex -17.4992 47.4 91.3733
      vertex -16.4185 47.4 93.0933
    endloop
  endfacet
  facet normal -0.993711 0 -0.111973
    outer loop
      vertex -20.4735 47.4 75.3271
      vertex -20.8761 47.6 78.9
      vertex -20.4735 47.6 75.3271
    endloop
  endfacet
  facet normal -0.993711 -0 -0.111973
    outer loop
      vertex -20.8761 47.6 78.9
      vertex -20.4735 47.4 75.3271
      vertex -20.8761 47.4 78.9
    endloop
  endfacet
  facet normal 0.846752 -0 0.531988
    outer loop
      vertex 18.6705 47.4 89.5092
      vertex 18.9203 47.6 89.1116
      vertex 18.6705 47.6 89.5092
    endloop
  endfacet
  facet normal 0.846752 0 0.531988
    outer loop
      vertex 18.9203 47.6 89.1116
      vertex 18.6705 47.4 89.5092
      vertex 18.9203 47.4 89.1116
    endloop
  endfacet
  facet normal 0.846735 -0 0.532015
    outer loop
      vertex 16.4185 47.4 93.0933
      vertex 17.4992 47.6 91.3733
      vertex 16.4185 47.6 93.0933
    endloop
  endfacet
  facet normal 0.846735 0 0.532015
    outer loop
      vertex 17.4992 47.6 91.3733
      vertex 16.4185 47.4 93.0933
      vertex 17.4992 47.4 91.3733
    endloop
  endfacet
  facet normal 0.330196 0 0.943913
    outer loop
      vertex 4.67294 47.6 100.473
      vertex 9.11156 47.4 98.9203
      vertex 9.11156 47.6 98.9203
    endloop
  endfacet
  facet normal 0.330196 0 0.943913
    outer loop
      vertex 9.11156 47.4 98.9203
      vertex 4.67294 47.6 100.473
      vertex 4.67294 47.4 100.473
    endloop
  endfacet
  facet normal -0.993711 0 0.111973
    outer loop
      vertex -20.8761 47.4 81.1
      vertex -20.4735 47.6 84.6729
      vertex -20.8761 47.6 81.1
    endloop
  endfacet
  facet normal -0.993711 0 0.111973
    outer loop
      vertex -20.4735 47.6 84.6729
      vertex -20.8761 47.4 81.1
      vertex -20.4735 47.4 84.6729
    endloop
  endfacet
  facet normal -0.707107 0 0.707107
    outer loop
      vertex -16.4185 47.6 93.0933
      vertex -13.0933 47.4 96.4185
      vertex -13.0933 47.6 96.4185
    endloop
  endfacet
  facet normal -0.707107 0 0.707107
    outer loop
      vertex -13.0933 47.4 96.4185
      vertex -16.4185 47.6 93.0933
      vertex -16.4185 47.4 93.0933
    endloop
  endfacet
  facet normal -0.330196 0 0.943913
    outer loop
      vertex -9.11156 47.6 98.9203
      vertex -4.67294 47.4 100.473
      vertex -4.67294 47.6 100.473
    endloop
  endfacet
  facet normal -0.330196 0 0.943913
    outer loop
      vertex -4.67294 47.4 100.473
      vertex -9.11156 47.6 98.9203
      vertex -9.11156 47.4 98.9203
    endloop
  endfacet
  facet normal -0.532015 0 0.846735
    outer loop
      vertex -13.0933 47.6 96.4185
      vertex -11.3733 47.4 97.4992
      vertex -11.3733 47.6 97.4992
    endloop
  endfacet
  facet normal -0.532015 0 0.846735
    outer loop
      vertex -11.3733 47.4 97.4992
      vertex -13.0933 47.6 96.4185
      vertex -13.0933 47.4 96.4185
    endloop
  endfacet
  facet normal -0.531921 0 0.846794
    outer loop
      vertex -9.50923 47.6 98.6705
      vertex -9.11156 47.4 98.9203
      vertex -9.11156 47.6 98.9203
    endloop
  endfacet
  facet normal -0.531921 0 0.846794
    outer loop
      vertex -9.11156 47.4 98.9203
      vertex -9.50923 47.6 98.6705
      vertex -9.50923 47.4 98.6705
    endloop
  endfacet
  facet normal 0.993711 -0 0.111973
    outer loop
      vertex 20.4735 47.4 84.6729
      vertex 20.8761 47.6 81.1
      vertex 20.4735 47.6 84.6729
    endloop
  endfacet
  facet normal 0.993711 0 0.111973
    outer loop
      vertex 20.8761 47.6 81.1
      vertex 20.4735 47.4 84.6729
      vertex 20.8761 47.4 81.1
    endloop
  endfacet
  facet normal 0.111972 0 -0.993711
    outer loop
      vertex 1.1 47.4 59.1239
      vertex 4.67294 47.6 59.5265
      vertex 4.67294 47.4 59.5265
    endloop
  endfacet
  facet normal 0.111972 0 -0.993711
    outer loop
      vertex 4.67294 47.6 59.5265
      vertex 1.1 47.4 59.1239
      vertex 1.1 47.6 59.1239
    endloop
  endfacet
  facet normal 0.33029 0 -0.943879
    outer loop
      vertex 4.67294 47.4 59.5265
      vertex 9.11156 47.6 61.0797
      vertex 9.11156 47.4 61.0797
    endloop
  endfacet
  facet normal 0.33029 0 -0.943879
    outer loop
      vertex 9.11156 47.6 61.0797
      vertex 4.67294 47.4 59.5265
      vertex 4.67294 47.6 59.5265
    endloop
  endfacet
  facet normal 0.531921 0 -0.846794
    outer loop
      vertex 9.11156 47.4 61.0797
      vertex 9.50923 47.6 61.3295
      vertex 9.50923 47.4 61.3295
    endloop
  endfacet
  facet normal 0.531921 0 -0.846794
    outer loop
      vertex 9.50923 47.6 61.3295
      vertex 9.11156 47.4 61.0797
      vertex 9.11156 47.6 61.0797
    endloop
  endfacet
  facet normal 0.532015 0 -0.846735
    outer loop
      vertex 11.3733 47.4 62.5008
      vertex 13.0933 47.6 63.5815
      vertex 13.0933 47.4 63.5815
    endloop
  endfacet
  facet normal 0.532015 0 -0.846735
    outer loop
      vertex 13.0933 47.6 63.5815
      vertex 11.3733 47.4 62.5008
      vertex 11.3733 47.6 62.5008
    endloop
  endfacet
  facet normal 0.846735 0 -0.532015
    outer loop
      vertex 17.4992 47.4 68.6267
      vertex 16.4185 47.6 66.9067
      vertex 17.4992 47.6 68.6267
    endloop
  endfacet
  facet normal 0.846735 0 -0.532015
    outer loop
      vertex 16.4185 47.6 66.9067
      vertex 17.4992 47.4 68.6267
      vertex 16.4185 47.4 66.9067
    endloop
  endfacet
  facet normal 0.846752 0 -0.531988
    outer loop
      vertex 18.9203 47.4 70.8884
      vertex 18.6705 47.6 70.4908
      vertex 18.9203 47.6 70.8884
    endloop
  endfacet
  facet normal 0.846752 0 -0.531988
    outer loop
      vertex 18.6705 47.6 70.4908
      vertex 18.9203 47.4 70.8884
      vertex 18.6705 47.4 70.4908
    endloop
  endfacet
  facet normal -0.111972 0 -0.993711
    outer loop
      vertex -4.67294 47.4 59.5265
      vertex -1.1 47.6 59.1239
      vertex -1.1 47.4 59.1239
    endloop
  endfacet
  facet normal -0.111972 0 -0.993711
    outer loop
      vertex -1.1 47.6 59.1239
      vertex -4.67294 47.4 59.5265
      vertex -4.67294 47.6 59.5265
    endloop
  endfacet
  facet normal -0.707107 0 -0.707107
    outer loop
      vertex -13.0933 47.4 63.5815
      vertex -16.4185 47.6 66.9067
      vertex -13.0933 47.6 63.5815
    endloop
  endfacet
  facet normal -0.707107 -0 -0.707107
    outer loop
      vertex -16.4185 47.6 66.9067
      vertex -13.0933 47.4 63.5815
      vertex -16.4185 47.4 66.9067
    endloop
  endfacet
  facet normal -0.943881 0 -0.330285
    outer loop
      vertex -18.9203 47.4 70.8884
      vertex -20.4735 47.6 75.3271
      vertex -18.9203 47.6 70.8884
    endloop
  endfacet
  facet normal -0.943881 -0 -0.330285
    outer loop
      vertex -20.4735 47.6 75.3271
      vertex -18.9203 47.4 70.8884
      vertex -20.4735 47.4 75.3271
    endloop
  endfacet
  facet normal -0.846735 0 -0.532015
    outer loop
      vertex -16.4185 47.4 66.9067
      vertex -17.4992 47.6 68.6267
      vertex -16.4185 47.6 66.9067
    endloop
  endfacet
  facet normal -0.846735 -0 -0.532015
    outer loop
      vertex -17.4992 47.6 68.6267
      vertex -16.4185 47.4 66.9067
      vertex -17.4992 47.4 68.6267
    endloop
  endfacet
  facet normal -0.846752 0 -0.531988
    outer loop
      vertex -18.6705 47.4 70.4908
      vertex -18.9203 47.6 70.8884
      vertex -18.6705 47.6 70.4908
    endloop
  endfacet
  facet normal -0.846752 -0 -0.531988
    outer loop
      vertex -18.9203 47.6 70.8884
      vertex -18.6705 47.4 70.4908
      vertex -18.9203 47.4 70.8884
    endloop
  endfacet
  facet normal 0.943881 -0 0.330285
    outer loop
      vertex 18.9203 47.4 89.1116
      vertex 20.4735 47.6 84.6729
      vertex 18.9203 47.6 89.1116
    endloop
  endfacet
  facet normal 0.943881 0 0.330285
    outer loop
      vertex 20.4735 47.6 84.6729
      vertex 18.9203 47.4 89.1116
      vertex 20.4735 47.4 84.6729
    endloop
  endfacet
  facet normal -0.943881 0 0.330285
    outer loop
      vertex -20.4735 47.4 84.6729
      vertex -18.9203 47.6 89.1116
      vertex -20.4735 47.6 84.6729
    endloop
  endfacet
  facet normal -0.943881 0 0.330285
    outer loop
      vertex -18.9203 47.6 89.1116
      vertex -20.4735 47.4 84.6729
      vertex -18.9203 47.4 89.1116
    endloop
  endfacet
  facet normal 0.707107 0 -0.707107
    outer loop
      vertex 16.4185 47.4 66.9067
      vertex 13.0933 47.6 63.5815
      vertex 16.4185 47.6 66.9067
    endloop
  endfacet
  facet normal 0.707107 0 -0.707107
    outer loop
      vertex 13.0933 47.6 63.5815
      vertex 16.4185 47.4 66.9067
      vertex 13.0933 47.4 63.5815
    endloop
  endfacet
  facet normal 0.943881 0 -0.330285
    outer loop
      vertex 20.4735 47.4 75.3271
      vertex 18.9203 47.6 70.8884
      vertex 20.4735 47.6 75.3271
    endloop
  endfacet
  facet normal 0.943881 0 -0.330285
    outer loop
      vertex 18.9203 47.6 70.8884
      vertex 20.4735 47.4 75.3271
      vertex 18.9203 47.4 70.8884
    endloop
  endfacet
  facet normal -0.531921 0 -0.846794
    outer loop
      vertex -9.50923 47.4 61.3295
      vertex -9.11156 47.6 61.0797
      vertex -9.11156 47.4 61.0797
    endloop
  endfacet
  facet normal -0.531921 0 -0.846794
    outer loop
      vertex -9.11156 47.6 61.0797
      vertex -9.50923 47.4 61.3295
      vertex -9.50923 47.6 61.3295
    endloop
  endfacet
  facet normal -0.532015 0 -0.846735
    outer loop
      vertex -13.0933 47.4 63.5815
      vertex -11.3733 47.6 62.5008
      vertex -11.3733 47.4 62.5008
    endloop
  endfacet
  facet normal -0.532015 0 -0.846735
    outer loop
      vertex -11.3733 47.6 62.5008
      vertex -13.0933 47.4 63.5815
      vertex -13.0933 47.6 63.5815
    endloop
  endfacet
  facet normal -0.993712 0 -0.111968
    outer loop
      vertex 16.8761 47.4 81.1
      vertex 16.5738 47.6 83.7829
      vertex 16.8761 47.6 81.1
    endloop
  endfacet
  facet normal -0.993712 -0 -0.111968
    outer loop
      vertex 16.5738 47.6 83.7829
      vertex 16.8761 47.4 81.1
      vertex 16.5738 47.4 83.7829
    endloop
  endfacet
  facet normal 0.993712 0 -0.111968
    outer loop
      vertex -16.5738 47.4 83.7829
      vertex -16.8761 47.6 81.1
      vertex -16.5738 47.6 83.7829
    endloop
  endfacet
  facet normal 0.993712 0 -0.111968
    outer loop
      vertex -16.8761 47.6 81.1
      vertex -16.5738 47.4 83.7829
      vertex -16.8761 47.4 81.1
    endloop
  endfacet
  facet normal -0.11197 0 -0.993712
    outer loop
      vertex 1.1 47.4 96.8761
      vertex 3.78286 47.6 96.5738
      vertex 3.78286 47.4 96.5738
    endloop
  endfacet
  facet normal -0.11197 0 -0.993712
    outer loop
      vertex 3.78286 47.6 96.5738
      vertex 1.1 47.4 96.8761
      vertex 1.1 47.6 96.8761
    endloop
  endfacet
  facet normal 0.11197 0 0.993712
    outer loop
      vertex -3.78286 47.6 63.4262
      vertex -1.1 47.4 63.1239
      vertex -1.1 47.6 63.1239
    endloop
  endfacet
  facet normal 0.11197 0 0.993712
    outer loop
      vertex -1.1 47.4 63.1239
      vertex -3.78286 47.6 63.4262
      vertex -3.78286 47.4 63.4262
    endloop
  endfacet
  facet normal 0.846546 -0 0.532316
    outer loop
      vertex -15.3165 47.4 72.624
      vertex -15.2257 47.6 72.4796
      vertex -15.3165 47.6 72.624
    endloop
  endfacet
  facet normal 0.846546 0 0.532316
    outer loop
      vertex -15.2257 47.6 72.4796
      vertex -15.3165 47.4 72.624
      vertex -15.2257 47.4 72.4796
    endloop
  endfacet
  facet normal 0.846696 -0 0.532077
    outer loop
      vertex -14.0545 47.4 70.6155
      vertex -13.2911 47.6 69.4007
      vertex -14.0545 47.6 70.6155
    endloop
  endfacet
  facet normal 0.846696 0 0.532077
    outer loop
      vertex -13.2911 47.6 69.4007
      vertex -14.0545 47.4 70.6155
      vertex -13.2911 47.4 69.4007
    endloop
  endfacet
  facet normal -0.707107 0 -0.707107
    outer loop
      vertex 13.2911 47.4 90.5993
      vertex 10.5993 47.6 93.2911
      vertex 13.2911 47.6 90.5993
    endloop
  endfacet
  facet normal -0.707107 -0 -0.707107
    outer loop
      vertex 10.5993 47.6 93.2911
      vertex 13.2911 47.4 90.5993
      vertex 10.5993 47.4 93.2911
    endloop
  endfacet
  facet normal 0.53208 0 -0.846694
    outer loop
      vertex -10.5993 47.4 93.2911
      vertex -9.38451 47.6 94.0545
      vertex -9.38451 47.4 94.0545
    endloop
  endfacet
  facet normal 0.53208 0 -0.846694
    outer loop
      vertex -9.38451 47.6 94.0545
      vertex -10.5993 47.4 93.2911
      vertex -10.5993 47.6 93.2911
    endloop
  endfacet
  facet normal 0.532316 0 -0.846546
    outer loop
      vertex -7.52042 47.4 95.2257
      vertex -7.37602 47.6 95.3165
      vertex -7.37602 47.4 95.3165
    endloop
  endfacet
  facet normal 0.532316 0 -0.846546
    outer loop
      vertex -7.37602 47.6 95.3165
      vertex -7.52042 47.4 95.2257
      vertex -7.52042 47.6 95.2257
    endloop
  endfacet
  facet normal 0.11197 0 -0.993712
    outer loop
      vertex -3.78286 47.4 96.5738
      vertex -1.1 47.6 96.8761
      vertex -1.1 47.4 96.8761
    endloop
  endfacet
  facet normal 0.11197 0 -0.993712
    outer loop
      vertex -1.1 47.6 96.8761
      vertex -3.78286 47.4 96.5738
      vertex -3.78286 47.6 96.5738
    endloop
  endfacet
  facet normal -0.707107 0 0.707107
    outer loop
      vertex 10.5993 47.4 66.7089
      vertex 13.2911 47.6 69.4007
      vertex 10.5993 47.6 66.7089
    endloop
  endfacet
  facet normal -0.707107 0 0.707107
    outer loop
      vertex 13.2911 47.6 69.4007
      vertex 10.5993 47.4 66.7089
      vertex 13.2911 47.4 69.4007
    endloop
  endfacet
  facet normal 0.993712 -0 0.111968
    outer loop
      vertex -16.8761 47.4 78.9
      vertex -16.5738 47.6 76.2171
      vertex -16.8761 47.6 78.9
    endloop
  endfacet
  facet normal 0.993712 0 0.111968
    outer loop
      vertex -16.5738 47.6 76.2171
      vertex -16.8761 47.4 78.9
      vertex -16.5738 47.4 76.2171
    endloop
  endfacet
  facet normal -0.846696 0 -0.532077
    outer loop
      vertex 14.0545 47.4 89.3845
      vertex 13.2911 47.6 90.5993
      vertex 14.0545 47.6 89.3845
    endloop
  endfacet
  facet normal -0.846696 -0 -0.532077
    outer loop
      vertex 13.2911 47.6 90.5993
      vertex 14.0545 47.4 89.3845
      vertex 13.2911 47.4 90.5993
    endloop
  endfacet
  facet normal -0.846546 0 -0.532316
    outer loop
      vertex 15.3165 47.4 87.376
      vertex 15.2257 47.6 87.5204
      vertex 15.3165 47.6 87.376
    endloop
  endfacet
  facet normal -0.846546 -0 -0.532316
    outer loop
      vertex 15.2257 47.6 87.5204
      vertex 15.3165 47.4 87.376
      vertex 15.2257 47.4 87.5204
    endloop
  endfacet
  facet normal -0.943882 0 -0.330284
    outer loop
      vertex 16.5738 47.4 83.7829
      vertex 15.3165 47.6 87.376
      vertex 16.5738 47.6 83.7829
    endloop
  endfacet
  facet normal -0.943882 -0 -0.330284
    outer loop
      vertex 15.3165 47.6 87.376
      vertex 16.5738 47.4 83.7829
      vertex 15.3165 47.4 87.376
    endloop
  endfacet
  facet normal -0.330279 0 -0.943883
    outer loop
      vertex 3.78286 47.4 96.5738
      vertex 7.37602 47.6 95.3165
      vertex 7.37602 47.4 95.3165
    endloop
  endfacet
  facet normal -0.330279 0 -0.943883
    outer loop
      vertex 7.37602 47.6 95.3165
      vertex 3.78286 47.4 96.5738
      vertex 3.78286 47.6 96.5738
    endloop
  endfacet
  facet normal -0.532316 0 -0.846546
    outer loop
      vertex 7.37602 47.4 95.3165
      vertex 7.52042 47.6 95.2257
      vertex 7.52042 47.4 95.2257
    endloop
  endfacet
  facet normal -0.532316 0 -0.846546
    outer loop
      vertex 7.52042 47.6 95.2257
      vertex 7.37602 47.4 95.3165
      vertex 7.37602 47.6 95.3165
    endloop
  endfacet
  facet normal -0.53208 0 -0.846694
    outer loop
      vertex 9.38451 47.4 94.0545
      vertex 10.5993 47.6 93.2911
      vertex 10.5993 47.4 93.2911
    endloop
  endfacet
  facet normal -0.53208 0 -0.846694
    outer loop
      vertex 10.5993 47.6 93.2911
      vertex 9.38451 47.4 94.0545
      vertex 9.38451 47.6 94.0545
    endloop
  endfacet
  facet normal 0.846546 0 -0.532316
    outer loop
      vertex -15.2257 47.4 87.5204
      vertex -15.3165 47.6 87.376
      vertex -15.2257 47.6 87.5204
    endloop
  endfacet
  facet normal 0.846546 0 -0.532316
    outer loop
      vertex -15.3165 47.6 87.376
      vertex -15.2257 47.4 87.5204
      vertex -15.3165 47.4 87.376
    endloop
  endfacet
  facet normal 0.846696 0 -0.532077
    outer loop
      vertex -13.2911 47.4 90.5993
      vertex -14.0545 47.6 89.3845
      vertex -13.2911 47.6 90.5993
    endloop
  endfacet
  facet normal 0.846696 0 -0.532077
    outer loop
      vertex -14.0545 47.6 89.3845
      vertex -13.2911 47.4 90.5993
      vertex -14.0545 47.4 89.3845
    endloop
  endfacet
  facet normal 0.707107 0 -0.707107
    outer loop
      vertex -10.5993 47.4 93.2911
      vertex -13.2911 47.6 90.5993
      vertex -10.5993 47.6 93.2911
    endloop
  endfacet
  facet normal 0.707107 0 -0.707107
    outer loop
      vertex -13.2911 47.6 90.5993
      vertex -10.5993 47.4 93.2911
      vertex -13.2911 47.4 90.5993
    endloop
  endfacet
  facet normal 0.943882 0 -0.330284
    outer loop
      vertex -15.3165 47.4 87.376
      vertex -16.5738 47.6 83.7829
      vertex -15.3165 47.6 87.376
    endloop
  endfacet
  facet normal 0.943882 0 -0.330284
    outer loop
      vertex -16.5738 47.6 83.7829
      vertex -15.3165 47.4 87.376
      vertex -16.5738 47.4 83.7829
    endloop
  endfacet
  facet normal 0.330279 0 -0.943883
    outer loop
      vertex -7.37602 47.4 95.3165
      vertex -3.78286 47.6 96.5738
      vertex -3.78286 47.4 96.5738
    endloop
  endfacet
  facet normal 0.330279 0 -0.943883
    outer loop
      vertex -3.78286 47.6 96.5738
      vertex -7.37602 47.4 95.3165
      vertex -7.37602 47.6 95.3165
    endloop
  endfacet
  facet normal -0.993712 0 0.111968
    outer loop
      vertex 16.5738 47.4 76.2171
      vertex 16.8761 47.6 78.9
      vertex 16.5738 47.6 76.2171
    endloop
  endfacet
  facet normal -0.993712 0 0.111968
    outer loop
      vertex 16.8761 47.6 78.9
      vertex 16.5738 47.4 76.2171
      vertex 16.8761 47.4 78.9
    endloop
  endfacet
  facet normal -0.11197 0 0.993712
    outer loop
      vertex 1.1 47.6 63.1239
      vertex 3.78286 47.4 63.4262
      vertex 3.78286 47.6 63.4262
    endloop
  endfacet
  facet normal -0.11197 0 0.993712
    outer loop
      vertex 3.78286 47.4 63.4262
      vertex 1.1 47.6 63.1239
      vertex 1.1 47.4 63.1239
    endloop
  endfacet
  facet normal -0.532316 0 0.846546
    outer loop
      vertex 7.37602 47.6 64.6835
      vertex 7.52042 47.4 64.7743
      vertex 7.52042 47.6 64.7743
    endloop
  endfacet
  facet normal -0.532316 0 0.846546
    outer loop
      vertex 7.52042 47.4 64.7743
      vertex 7.37602 47.6 64.6835
      vertex 7.37602 47.4 64.6835
    endloop
  endfacet
  facet normal -0.53208 0 0.846694
    outer loop
      vertex 9.38451 47.6 65.9455
      vertex 10.5993 47.4 66.7089
      vertex 10.5993 47.6 66.7089
    endloop
  endfacet
  facet normal -0.53208 0 0.846694
    outer loop
      vertex 10.5993 47.4 66.7089
      vertex 9.38451 47.6 65.9455
      vertex 9.38451 47.4 65.9455
    endloop
  endfacet
  facet normal 0.707107 -0 0.707107
    outer loop
      vertex -13.2911 47.4 69.4007
      vertex -10.5993 47.6 66.7089
      vertex -13.2911 47.6 69.4007
    endloop
  endfacet
  facet normal 0.707107 0 0.707107
    outer loop
      vertex -10.5993 47.6 66.7089
      vertex -13.2911 47.4 69.4007
      vertex -10.5993 47.4 66.7089
    endloop
  endfacet
  facet normal 0.330279 0 0.943883
    outer loop
      vertex -7.37602 47.6 64.6835
      vertex -3.78286 47.4 63.4262
      vertex -3.78286 47.6 63.4262
    endloop
  endfacet
  facet normal 0.330279 0 0.943883
    outer loop
      vertex -3.78286 47.4 63.4262
      vertex -7.37602 47.6 64.6835
      vertex -7.37602 47.4 64.6835
    endloop
  endfacet
  facet normal 0.943882 -0 0.330284
    outer loop
      vertex -16.5738 47.4 76.2171
      vertex -15.3165 47.6 72.624
      vertex -16.5738 47.6 76.2171
    endloop
  endfacet
  facet normal 0.943882 0 0.330284
    outer loop
      vertex -15.3165 47.6 72.624
      vertex -16.5738 47.4 76.2171
      vertex -15.3165 47.4 72.624
    endloop
  endfacet
  facet normal -0.330279 0 0.943883
    outer loop
      vertex 3.78286 47.6 63.4262
      vertex 7.37602 47.4 64.6835
      vertex 7.37602 47.6 64.6835
    endloop
  endfacet
  facet normal -0.330279 0 0.943883
    outer loop
      vertex 7.37602 47.4 64.6835
      vertex 3.78286 47.6 63.4262
      vertex 3.78286 47.4 63.4262
    endloop
  endfacet
  facet normal -0.943882 0 0.330284
    outer loop
      vertex 15.3165 47.4 72.624
      vertex 16.5738 47.6 76.2171
      vertex 15.3165 47.6 72.624
    endloop
  endfacet
  facet normal -0.943882 0 0.330284
    outer loop
      vertex 16.5738 47.6 76.2171
      vertex 15.3165 47.4 72.624
      vertex 16.5738 47.4 76.2171
    endloop
  endfacet
  facet normal -0.846696 0 0.532077
    outer loop
      vertex 13.2911 47.4 69.4007
      vertex 14.0545 47.6 70.6155
      vertex 13.2911 47.6 69.4007
    endloop
  endfacet
  facet normal -0.846696 0 0.532077
    outer loop
      vertex 14.0545 47.6 70.6155
      vertex 13.2911 47.4 69.4007
      vertex 14.0545 47.4 70.6155
    endloop
  endfacet
  facet normal -0.846546 0 0.532316
    outer loop
      vertex 15.2257 47.4 72.4796
      vertex 15.3165 47.6 72.624
      vertex 15.2257 47.6 72.4796
    endloop
  endfacet
  facet normal -0.846546 0 0.532316
    outer loop
      vertex 15.3165 47.6 72.624
      vertex 15.2257 47.4 72.4796
      vertex 15.3165 47.4 72.624
    endloop
  endfacet
  facet normal 0.53208 0 0.846694
    outer loop
      vertex -10.5993 47.6 66.7089
      vertex -9.38451 47.4 65.9455
      vertex -9.38451 47.6 65.9455
    endloop
  endfacet
  facet normal 0.53208 0 0.846694
    outer loop
      vertex -9.38451 47.4 65.9455
      vertex -10.5993 47.6 66.7089
      vertex -10.5993 47.4 66.7089
    endloop
  endfacet
  facet normal 0.532316 0 0.846546
    outer loop
      vertex -7.52042 47.6 64.7743
      vertex -7.37602 47.4 64.6835
      vertex -7.37602 47.6 64.6835
    endloop
  endfacet
  facet normal 0.532316 0 0.846546
    outer loop
      vertex -7.37602 47.4 64.6835
      vertex -7.52042 47.6 64.7743
      vertex -7.52042 47.4 64.7743
    endloop
  endfacet
  facet normal 0.991444 -0 0.13053
    outer loop
      vertex 11.5911 47.4 83.1058
      vertex 12 47.6 80
      vertex 11.5911 47.6 83.1058
    endloop
  endfacet
  facet normal 0.991444 0 0.13053
    outer loop
      vertex 12 47.6 80
      vertex 11.5911 47.4 83.1058
      vertex 12 47.4 80
    endloop
  endfacet
  facet normal -0.991444 0 0.13053
    outer loop
      vertex -12 47.4 80
      vertex -11.5911 47.6 83.1058
      vertex -12 47.6 80
    endloop
  endfacet
  facet normal -0.991444 0 0.13053
    outer loop
      vertex -11.5911 47.6 83.1058
      vertex -12 47.4 80
      vertex -11.5911 47.4 83.1058
    endloop
  endfacet
  facet normal 0.130529 0 0.991444
    outer loop
      vertex 0 47.6 92
      vertex 3.10583 47.4 91.5911
      vertex 3.10583 47.6 91.5911
    endloop
  endfacet
  facet normal 0.130529 0 0.991444
    outer loop
      vertex 3.10583 47.4 91.5911
      vertex 0 47.6 92
      vertex 0 47.4 92
    endloop
  endfacet
  facet normal -0.130529 0 -0.991444
    outer loop
      vertex -3.10583 47.4 68.4089
      vertex 0 47.6 68
      vertex 0 47.4 68
    endloop
  endfacet
  facet normal -0.130529 0 -0.991444
    outer loop
      vertex 0 47.6 68
      vertex -3.10583 47.4 68.4089
      vertex -3.10583 47.6 68.4089
    endloop
  endfacet
  facet normal 0.608757 0 0.793357
    outer loop
      vertex 6 47.6 90.3923
      vertex 8.48528 47.4 88.4853
      vertex 8.48528 47.6 88.4853
    endloop
  endfacet
  facet normal 0.608757 0 0.793357
    outer loop
      vertex 8.48528 47.4 88.4853
      vertex 6 47.6 90.3923
      vertex 6 47.4 90.3923
    endloop
  endfacet
  facet normal 0.923881 -0 0.382679
    outer loop
      vertex 10.3923 47.4 86
      vertex 11.5911 47.6 83.1058
      vertex 10.3923 47.6 86
    endloop
  endfacet
  facet normal 0.923881 0 0.382679
    outer loop
      vertex 11.5911 47.6 83.1058
      vertex 10.3923 47.4 86
      vertex 11.5911 47.4 83.1058
    endloop
  endfacet
  facet normal 0.382682 0 0.92388
    outer loop
      vertex 3.10583 47.6 91.5911
      vertex 6 47.4 90.3923
      vertex 6 47.6 90.3923
    endloop
  endfacet
  facet normal 0.382682 0 0.92388
    outer loop
      vertex 6 47.4 90.3923
      vertex 3.10583 47.6 91.5911
      vertex 3.10583 47.4 91.5911
    endloop
  endfacet
  facet normal -0.608757 0 0.793357
    outer loop
      vertex -8.48528 47.6 88.4853
      vertex -6 47.4 90.3923
      vertex -6 47.6 90.3923
    endloop
  endfacet
  facet normal -0.608757 0 0.793357
    outer loop
      vertex -6 47.4 90.3923
      vertex -8.48528 47.6 88.4853
      vertex -8.48528 47.4 88.4853
    endloop
  endfacet
  facet normal -0.793356 0 0.608758
    outer loop
      vertex -10.3923 47.4 86
      vertex -8.48528 47.6 88.4853
      vertex -10.3923 47.6 86
    endloop
  endfacet
  facet normal -0.793356 0 0.608758
    outer loop
      vertex -8.48528 47.6 88.4853
      vertex -10.3923 47.4 86
      vertex -8.48528 47.4 88.4853
    endloop
  endfacet
  facet normal -0.382682 0 0.92388
    outer loop
      vertex -6 47.6 90.3923
      vertex -3.10583 47.4 91.5911
      vertex -3.10583 47.6 91.5911
    endloop
  endfacet
  facet normal -0.382682 0 0.92388
    outer loop
      vertex -3.10583 47.4 91.5911
      vertex -6 47.6 90.3923
      vertex -6 47.4 90.3923
    endloop
  endfacet
  facet normal 0.793356 0 -0.608758
    outer loop
      vertex 10.3923 47.4 74
      vertex 8.48528 47.6 71.5147
      vertex 10.3923 47.6 74
    endloop
  endfacet
  facet normal 0.793356 0 -0.608758
    outer loop
      vertex 8.48528 47.6 71.5147
      vertex 10.3923 47.4 74
      vertex 8.48528 47.4 71.5147
    endloop
  endfacet
  facet normal 0.923881 0 -0.382679
    outer loop
      vertex 11.5911 47.4 76.8942
      vertex 10.3923 47.6 74
      vertex 11.5911 47.6 76.8942
    endloop
  endfacet
  facet normal 0.923881 0 -0.382679
    outer loop
      vertex 10.3923 47.6 74
      vertex 11.5911 47.4 76.8942
      vertex 10.3923 47.4 74
    endloop
  endfacet
  facet normal -0.608757 0 -0.793357
    outer loop
      vertex -8.48528 47.4 71.5147
      vertex -6 47.6 69.6077
      vertex -6 47.4 69.6077
    endloop
  endfacet
  facet normal -0.608757 0 -0.793357
    outer loop
      vertex -6 47.6 69.6077
      vertex -8.48528 47.4 71.5147
      vertex -8.48528 47.6 71.5147
    endloop
  endfacet
  facet normal 0 1 0
    outer loop
      vertex 0 47.6 85
      vertex 0 47.6 92
      vertex 3.10583 47.6 91.5911
    endloop
  endfacet
  facet normal 0 1 0
    outer loop
      vertex 1.2941 47.6 84.8296
      vertex 3.10583 47.6 91.5911
      vertex 6 47.6 90.3923
    endloop
  endfacet
  facet normal 0 1 0
    outer loop
      vertex 0 47.6 92
      vertex 0 47.6 85
      vertex -3.10583 47.6 91.5911
    endloop
  endfacet
  facet normal 0 1 0
    outer loop
      vertex 2.5 47.6 84.3301
      vertex 6 47.6 90.3923
      vertex 8.48528 47.6 88.4853
    endloop
  endfacet
  facet normal 0 1 -0
    outer loop
      vertex -1.2941 47.6 84.8296
      vertex -3.10583 47.6 91.5911
      vertex 0 47.6 85
    endloop
  endfacet
  facet normal 0 1 0
    outer loop
      vertex 3.53553 47.6 83.5355
      vertex 8.48528 47.6 88.4853
      vertex 10.3923 47.6 86
    endloop
  endfacet
  facet normal 0 1 0
    outer loop
      vertex -3.10583 47.6 91.5911
      vertex -1.2941 47.6 84.8296
      vertex -6 47.6 90.3923
    endloop
  endfacet
  facet normal 0 1 -0
    outer loop
      vertex -2.5 47.6 84.3301
      vertex -6 47.6 90.3923
      vertex -1.2941 47.6 84.8296
    endloop
  endfacet
  facet normal 0 1 0
    outer loop
      vertex 3.10583 47.6 91.5911
      vertex 1.2941 47.6 84.8296
      vertex 0 47.6 85
    endloop
  endfacet
  facet normal 0 1 0
    outer loop
      vertex 6 47.6 90.3923
      vertex 2.5 47.6 84.3301
      vertex 1.2941 47.6 84.8296
    endloop
  endfacet
  facet normal 0 1 0
    outer loop
      vertex 8.48528 47.6 88.4853
      vertex 3.53553 47.6 83.5355
      vertex 2.5 47.6 84.3301
    endloop
  endfacet
  facet normal 0 1 0
    outer loop
      vertex 4.33013 47.6 82.5
      vertex 10.3923 47.6 86
      vertex 11.5911 47.6 83.1058
    endloop
  endfacet
  facet normal 0 1 0
    outer loop
      vertex 10.3923 47.6 86
      vertex 4.33013 47.6 82.5
      vertex 3.53553 47.6 83.5355
    endloop
  endfacet
  facet normal 0 1 0
    outer loop
      vertex 11.5911 47.6 83.1058
      vertex 4.82963 47.6 81.2941
      vertex 4.33013 47.6 82.5
    endloop
  endfacet
  facet normal 0 1 0
    outer loop
      vertex 12 47.6 80
      vertex 4.82963 47.6 81.2941
      vertex 11.5911 47.6 83.1058
    endloop
  endfacet
  facet normal 0 1 0
    outer loop
      vertex 12 47.6 80
      vertex 5 47.6 80
      vertex 4.82963 47.6 81.2941
    endloop
  endfacet
  facet normal 0 1 0
    outer loop
      vertex 12 47.6 80
      vertex 4.82963 47.6 78.7059
      vertex 5 47.6 80
    endloop
  endfacet
  facet normal 0 1 -0
    outer loop
      vertex 11.5911 47.6 76.8942
      vertex 4.82963 47.6 78.7059
      vertex 12 47.6 80
    endloop
  endfacet
  facet normal 0 1 0
    outer loop
      vertex 4.82963 47.6 78.7059
      vertex 11.5911 47.6 76.8942
      vertex 4.33013 47.6 77.5
    endloop
  endfacet
  facet normal 0 1 -0
    outer loop
      vertex 10.3923 47.6 74
      vertex 4.33013 47.6 77.5
      vertex 11.5911 47.6 76.8942
    endloop
  endfacet
  facet normal 0 1 0
    outer loop
      vertex 4.33013 47.6 77.5
      vertex 10.3923 47.6 74
      vertex 3.53553 47.6 76.4645
    endloop
  endfacet
  facet normal 0 1 -0
    outer loop
      vertex 8.48528 47.6 71.5147
      vertex 3.53553 47.6 76.4645
      vertex 10.3923 47.6 74
    endloop
  endfacet
  facet normal 0 1 -0
    outer loop
      vertex 6 47.6 69.6077
      vertex 2.5 47.6 75.6699
      vertex 8.48528 47.6 71.5147
    endloop
  endfacet
  facet normal 0 1 0
    outer loop
      vertex 3.53553 47.6 76.4645
      vertex 8.48528 47.6 71.5147
      vertex 2.5 47.6 75.6699
    endloop
  endfacet
  facet normal 0 1 0
    outer loop
      vertex -6 47.6 90.3923
      vertex -2.5 47.6 84.3301
      vertex -8.48528 47.6 88.4853
    endloop
  endfacet
  facet normal 0 1 -0
    outer loop
      vertex -3.53553 47.6 83.5355
      vertex -8.48528 47.6 88.4853
      vertex -2.5 47.6 84.3301
    endloop
  endfacet
  facet normal 0 1 0
    outer loop
      vertex -8.48528 47.6 88.4853
      vertex -3.53553 47.6 83.5355
      vertex -10.3923 47.6 86
    endloop
  endfacet
  facet normal 0 1 -0
    outer loop
      vertex -4.33013 47.6 82.5
      vertex -10.3923 47.6 86
      vertex -3.53553 47.6 83.5355
    endloop
  endfacet
  facet normal 0 1 0
    outer loop
      vertex -10.3923 47.6 86
      vertex -4.33013 47.6 82.5
      vertex -11.5911 47.6 83.1058
    endloop
  endfacet
  facet normal 0 1 -0
    outer loop
      vertex -4.82963 47.6 81.2941
      vertex -11.5911 47.6 83.1058
      vertex -4.33013 47.6 82.5
    endloop
  endfacet
  facet normal 0 1 -0
    outer loop
      vertex -5 47.6 80
      vertex -11.5911 47.6 83.1058
      vertex -4.82963 47.6 81.2941
    endloop
  endfacet
  facet normal 0 1 0
    outer loop
      vertex -5 47.6 80
      vertex -12 47.6 80
      vertex -11.5911 47.6 83.1058
    endloop
  endfacet
  facet normal 0 1 0
    outer loop
      vertex -4.82963 47.6 78.7059
      vertex -12 47.6 80
      vertex -5 47.6 80
    endloop
  endfacet
  facet normal 0 1 0
    outer loop
      vertex -11.5911 47.6 76.8942
      vertex -4.82963 47.6 78.7059
      vertex -4.33013 47.6 77.5
    endloop
  endfacet
  facet normal 0 1 0
    outer loop
      vertex -4.82963 47.6 78.7059
      vertex -11.5911 47.6 76.8942
      vertex -12 47.6 80
    endloop
  endfacet
  facet normal 0 1 0
    outer loop
      vertex -10.3923 47.6 74
      vertex -4.33013 47.6 77.5
      vertex -3.53553 47.6 76.4645
    endloop
  endfacet
  facet normal 0 1 0
    outer loop
      vertex -8.48528 47.6 71.5147
      vertex -3.53553 47.6 76.4645
      vertex -2.5 47.6 75.6699
    endloop
  endfacet
  facet normal 0 1 0
    outer loop
      vertex -6 47.6 69.6077
      vertex -2.5 47.6 75.6699
      vertex -1.2941 47.6 75.1704
    endloop
  endfacet
  facet normal 0 1 0
    outer loop
      vertex -4.33013 47.6 77.5
      vertex -10.3923 47.6 74
      vertex -11.5911 47.6 76.8942
    endloop
  endfacet
  facet normal 0 1 0
    outer loop
      vertex -3.10583 47.6 68.4089
      vertex -1.2941 47.6 75.1704
      vertex 0 47.6 75
    endloop
  endfacet
  facet normal 0 1 0
    outer loop
      vertex 2.5 47.6 75.6699
      vertex 6 47.6 69.6077
      vertex 1.2941 47.6 75.1704
    endloop
  endfacet
  facet normal 0 1 -0
    outer loop
      vertex 3.10583 47.6 68.4089
      vertex 1.2941 47.6 75.1704
      vertex 6 47.6 69.6077
    endloop
  endfacet
  facet normal 0 1 0
    outer loop
      vertex -3.53553 47.6 76.4645
      vertex -8.48528 47.6 71.5147
      vertex -10.3923 47.6 74
    endloop
  endfacet
  facet normal 0 1 0
    outer loop
      vertex 1.2941 47.6 75.1704
      vertex 3.10583 47.6 68.4089
      vertex 0 47.6 75
    endloop
  endfacet
  facet normal 0 1 0
    outer loop
      vertex -2.5 47.6 75.6699
      vertex -6 47.6 69.6077
      vertex -8.48528 47.6 71.5147
    endloop
  endfacet
  facet normal 0 1 0
    outer loop
      vertex 0 47.6 68
      vertex 0 47.6 75
      vertex 3.10583 47.6 68.4089
    endloop
  endfacet
  facet normal 0 1 0
    outer loop
      vertex -1.2941 47.6 75.1704
      vertex -3.10583 47.6 68.4089
      vertex -6 47.6 69.6077
    endloop
  endfacet
  facet normal 0 1 0
    outer loop
      vertex 0 47.6 75
      vertex 0 47.6 68
      vertex -3.10583 47.6 68.4089
    endloop
  endfacet
  facet normal 0.793356 -0 0.608758
    outer loop
      vertex 8.48528 47.4 88.4853
      vertex 10.3923 47.6 86
      vertex 8.48528 47.6 88.4853
    endloop
  endfacet
  facet normal 0.793356 0 0.608758
    outer loop
      vertex 10.3923 47.6 86
      vertex 8.48528 47.4 88.4853
      vertex 10.3923 47.4 86
    endloop
  endfacet
  facet normal -0.923881 0 0.382679
    outer loop
      vertex -11.5911 47.4 83.1058
      vertex -10.3923 47.6 86
      vertex -11.5911 47.6 83.1058
    endloop
  endfacet
  facet normal -0.923881 0 0.382679
    outer loop
      vertex -10.3923 47.6 86
      vertex -11.5911 47.4 83.1058
      vertex -10.3923 47.4 86
    endloop
  endfacet
  facet normal -0.130529 0 0.991444
    outer loop
      vertex -3.10583 47.6 91.5911
      vertex 0 47.4 92
      vertex 0 47.6 92
    endloop
  endfacet
  facet normal -0.130529 0 0.991444
    outer loop
      vertex 0 47.4 92
      vertex -3.10583 47.6 91.5911
      vertex -3.10583 47.4 91.5911
    endloop
  endfacet
  facet normal 0.991444 0 -0.13053
    outer loop
      vertex 12 47.4 80
      vertex 11.5911 47.6 76.8942
      vertex 12 47.6 80
    endloop
  endfacet
  facet normal 0.991444 0 -0.13053
    outer loop
      vertex 11.5911 47.6 76.8942
      vertex 12 47.4 80
      vertex 11.5911 47.4 76.8942
    endloop
  endfacet
  facet normal 0.130529 0 -0.991444
    outer loop
      vertex 0 47.4 68
      vertex 3.10583 47.6 68.4089
      vertex 3.10583 47.4 68.4089
    endloop
  endfacet
  facet normal 0.130529 0 -0.991444
    outer loop
      vertex 3.10583 47.6 68.4089
      vertex 0 47.4 68
      vertex 0 47.6 68
    endloop
  endfacet
  facet normal 0.608757 0 -0.793357
    outer loop
      vertex 6 47.4 69.6077
      vertex 8.48528 47.6 71.5147
      vertex 8.48528 47.4 71.5147
    endloop
  endfacet
  facet normal 0.608757 0 -0.793357
    outer loop
      vertex 8.48528 47.6 71.5147
      vertex 6 47.4 69.6077
      vertex 6 47.6 69.6077
    endloop
  endfacet
  facet normal -0.382682 0 -0.92388
    outer loop
      vertex -6 47.4 69.6077
      vertex -3.10583 47.6 68.4089
      vertex -3.10583 47.4 68.4089
    endloop
  endfacet
  facet normal -0.382682 0 -0.92388
    outer loop
      vertex -3.10583 47.6 68.4089
      vertex -6 47.4 69.6077
      vertex -6 47.6 69.6077
    endloop
  endfacet
  facet normal -0.793356 0 -0.608758
    outer loop
      vertex -8.48528 47.4 71.5147
      vertex -10.3923 47.6 74
      vertex -8.48528 47.6 71.5147
    endloop
  endfacet
  facet normal -0.793356 -0 -0.608758
    outer loop
      vertex -10.3923 47.6 74
      vertex -8.48528 47.4 71.5147
      vertex -10.3923 47.4 74
    endloop
  endfacet
  facet normal -0.991444 0 -0.13053
    outer loop
      vertex -11.5911 47.4 76.8942
      vertex -12 47.6 80
      vertex -11.5911 47.6 76.8942
    endloop
  endfacet
  facet normal -0.991444 -0 -0.13053
    outer loop
      vertex -12 47.6 80
      vertex -11.5911 47.4 76.8942
      vertex -12 47.4 80
    endloop
  endfacet
  facet normal 0.382682 0 -0.92388
    outer loop
      vertex 3.10583 47.4 68.4089
      vertex 6 47.6 69.6077
      vertex 6 47.4 69.6077
    endloop
  endfacet
  facet normal 0.382682 0 -0.92388
    outer loop
      vertex 6 47.6 69.6077
      vertex 3.10583 47.4 68.4089
      vertex 3.10583 47.6 68.4089
    endloop
  endfacet
  facet normal -0.923881 0 -0.382679
    outer loop
      vertex -10.3923 47.4 74
      vertex -11.5911 47.6 76.8942
      vertex -10.3923 47.6 74
    endloop
  endfacet
  facet normal -0.923881 -0 -0.382679
    outer loop
      vertex -11.5911 47.6 76.8942
      vertex -10.3923 47.4 74
      vertex -11.5911 47.4 76.8942
    endloop
  endfacet
  facet normal -0.991445 0 -0.130525
    outer loop
      vertex 5 47.4 80
      vertex 4.82963 47.6 81.2941
      vertex 5 47.6 80
    endloop
  endfacet
  facet normal -0.991445 -0 -0.130525
    outer loop
      vertex 4.82963 47.6 81.2941
      vertex 5 47.4 80
      vertex 4.82963 47.4 81.2941
    endloop
  endfacet
  facet normal 0.991445 0 -0.130525
    outer loop
      vertex -4.82963 47.4 81.2941
      vertex -5 47.6 80
      vertex -4.82963 47.6 81.2941
    endloop
  endfacet
  facet normal 0.991445 0 -0.130525
    outer loop
      vertex -5 47.6 80
      vertex -4.82963 47.4 81.2941
      vertex -5 47.4 80
    endloop
  endfacet
  facet normal -0.130548 0 -0.991442
    outer loop
      vertex 0 47.4 85
      vertex 1.2941 47.6 84.8296
      vertex 1.2941 47.4 84.8296
    endloop
  endfacet
  facet normal -0.130548 0 -0.991442
    outer loop
      vertex 1.2941 47.6 84.8296
      vertex 0 47.4 85
      vertex 0 47.6 85
    endloop
  endfacet
  facet normal -0.793341 0 -0.608777
    outer loop
      vertex 4.33013 47.4 82.5
      vertex 3.53553 47.6 83.5355
      vertex 4.33013 47.6 82.5
    endloop
  endfacet
  facet normal -0.793341 -0 -0.608777
    outer loop
      vertex 3.53553 47.6 83.5355
      vertex 4.33013 47.4 82.5
      vertex 3.53553 47.4 83.5355
    endloop
  endfacet
  facet normal -0.92388 0 -0.382683
    outer loop
      vertex 4.82963 47.4 81.2941
      vertex 4.33013 47.6 82.5
      vertex 4.82963 47.6 81.2941
    endloop
  endfacet
  facet normal -0.92388 -0 -0.382683
    outer loop
      vertex 4.33013 47.6 82.5
      vertex 4.82963 47.4 81.2941
      vertex 4.33013 47.4 82.5
    endloop
  endfacet
  facet normal -0.608766 0 -0.79335
    outer loop
      vertex 2.5 47.4 84.3301
      vertex 3.53553 47.6 83.5355
      vertex 3.53553 47.4 83.5355
    endloop
  endfacet
  facet normal -0.608766 0 -0.79335
    outer loop
      vertex 3.53553 47.6 83.5355
      vertex 2.5 47.4 84.3301
      vertex 2.5 47.6 84.3301
    endloop
  endfacet
  facet normal 0.608766 0 -0.79335
    outer loop
      vertex -3.53553 47.4 83.5355
      vertex -2.5 47.6 84.3301
      vertex -2.5 47.4 84.3301
    endloop
  endfacet
  facet normal 0.608766 0 -0.79335
    outer loop
      vertex -2.5 47.6 84.3301
      vertex -3.53553 47.4 83.5355
      vertex -3.53553 47.6 83.5355
    endloop
  endfacet
  facet normal 0.793341 0 -0.608777
    outer loop
      vertex -3.53553 47.4 83.5355
      vertex -4.33013 47.6 82.5
      vertex -3.53553 47.6 83.5355
    endloop
  endfacet
  facet normal 0.793341 0 -0.608777
    outer loop
      vertex -4.33013 47.6 82.5
      vertex -3.53553 47.4 83.5355
      vertex -4.33013 47.4 82.5
    endloop
  endfacet
  facet normal 0.382683 0 -0.92388
    outer loop
      vertex -2.5 47.4 84.3301
      vertex -1.2941 47.6 84.8296
      vertex -1.2941 47.4 84.8296
    endloop
  endfacet
  facet normal 0.382683 0 -0.92388
    outer loop
      vertex -1.2941 47.6 84.8296
      vertex -2.5 47.4 84.3301
      vertex -2.5 47.6 84.3301
    endloop
  endfacet
  facet normal -0.793341 0 0.608777
    outer loop
      vertex 3.53553 47.4 76.4645
      vertex 4.33013 47.6 77.5
      vertex 3.53553 47.6 76.4645
    endloop
  endfacet
  facet normal -0.793341 0 0.608777
    outer loop
      vertex 4.33013 47.6 77.5
      vertex 3.53553 47.4 76.4645
      vertex 4.33013 47.4 77.5
    endloop
  endfacet
  facet normal 0.608766 0 0.79335
    outer loop
      vertex -3.53553 47.6 76.4645
      vertex -2.5 47.4 75.6699
      vertex -2.5 47.6 75.6699
    endloop
  endfacet
  facet normal 0.608766 0 0.79335
    outer loop
      vertex -2.5 47.4 75.6699
      vertex -3.53553 47.6 76.4645
      vertex -3.53553 47.4 76.4645
    endloop
  endfacet
  facet normal -0.382683 0 -0.92388
    outer loop
      vertex 1.2941 47.4 84.8296
      vertex 2.5 47.6 84.3301
      vertex 2.5 47.4 84.3301
    endloop
  endfacet
  facet normal -0.382683 0 -0.92388
    outer loop
      vertex 2.5 47.6 84.3301
      vertex 1.2941 47.4 84.8296
      vertex 1.2941 47.6 84.8296
    endloop
  endfacet
  facet normal 0.92388 0 -0.382683
    outer loop
      vertex -4.33013 47.4 82.5
      vertex -4.82963 47.6 81.2941
      vertex -4.33013 47.6 82.5
    endloop
  endfacet
  facet normal 0.92388 0 -0.382683
    outer loop
      vertex -4.82963 47.6 81.2941
      vertex -4.33013 47.4 82.5
      vertex -4.82963 47.4 81.2941
    endloop
  endfacet
  facet normal 0.130548 0 -0.991442
    outer loop
      vertex -1.2941 47.4 84.8296
      vertex 0 47.6 85
      vertex 0 47.4 85
    endloop
  endfacet
  facet normal 0.130548 0 -0.991442
    outer loop
      vertex 0 47.6 85
      vertex -1.2941 47.4 84.8296
      vertex -1.2941 47.6 84.8296
    endloop
  endfacet
  facet normal -0.130548 0 0.991442
    outer loop
      vertex 0 47.6 75
      vertex 1.2941 47.4 75.1704
      vertex 1.2941 47.6 75.1704
    endloop
  endfacet
  facet normal -0.130548 0 0.991442
    outer loop
      vertex 1.2941 47.4 75.1704
      vertex 0 47.6 75
      vertex 0 47.4 75
    endloop
  endfacet
  facet normal -0.608766 0 0.79335
    outer loop
      vertex 2.5 47.6 75.6699
      vertex 3.53553 47.4 76.4645
      vertex 3.53553 47.6 76.4645
    endloop
  endfacet
  facet normal -0.608766 0 0.79335
    outer loop
      vertex 3.53553 47.4 76.4645
      vertex 2.5 47.6 75.6699
      vertex 2.5 47.4 75.6699
    endloop
  endfacet
  facet normal 0.382683 0 0.92388
    outer loop
      vertex -2.5 47.6 75.6699
      vertex -1.2941 47.4 75.1704
      vertex -1.2941 47.6 75.1704
    endloop
  endfacet
  facet normal 0.382683 0 0.92388
    outer loop
      vertex -1.2941 47.4 75.1704
      vertex -2.5 47.6 75.6699
      vertex -2.5 47.4 75.6699
    endloop
  endfacet
  facet normal 0.793341 -0 0.608777
    outer loop
      vertex -4.33013 47.4 77.5
      vertex -3.53553 47.6 76.4645
      vertex -4.33013 47.6 77.5
    endloop
  endfacet
  facet normal 0.793341 0 0.608777
    outer loop
      vertex -3.53553 47.6 76.4645
      vertex -4.33013 47.4 77.5
      vertex -3.53553 47.4 76.4645
    endloop
  endfacet
  facet normal 0.991445 -0 0.130525
    outer loop
      vertex -5 47.4 80
      vertex -4.82963 47.6 78.7059
      vertex -5 47.6 80
    endloop
  endfacet
  facet normal 0.991445 0 0.130525
    outer loop
      vertex -4.82963 47.6 78.7059
      vertex -5 47.4 80
      vertex -4.82963 47.4 78.7059
    endloop
  endfacet
  facet normal -0.382683 0 0.92388
    outer loop
      vertex 1.2941 47.6 75.1704
      vertex 2.5 47.4 75.6699
      vertex 2.5 47.6 75.6699
    endloop
  endfacet
  facet normal -0.382683 0 0.92388
    outer loop
      vertex 2.5 47.4 75.6699
      vertex 1.2941 47.6 75.1704
      vertex 1.2941 47.4 75.1704
    endloop
  endfacet
  facet normal -0.92388 0 0.382683
    outer loop
      vertex 4.33013 47.4 77.5
      vertex 4.82963 47.6 78.7059
      vertex 4.33013 47.6 77.5
    endloop
  endfacet
  facet normal -0.92388 0 0.382683
    outer loop
      vertex 4.82963 47.6 78.7059
      vertex 4.33013 47.4 77.5
      vertex 4.82963 47.4 78.7059
    endloop
  endfacet
  facet normal -0.991445 0 0.130525
    outer loop
      vertex 4.82963 47.4 78.7059
      vertex 5 47.6 80
      vertex 4.82963 47.6 78.7059
    endloop
  endfacet
  facet normal -0.991445 0 0.130525
    outer loop
      vertex 5 47.6 80
      vertex 4.82963 47.4 78.7059
      vertex 5 47.4 80
    endloop
  endfacet
  facet normal 0.130548 0 0.991442
    outer loop
      vertex -1.2941 47.6 75.1704
      vertex 0 47.4 75
      vertex 0 47.6 75
    endloop
  endfacet
  facet normal 0.130548 0 0.991442
    outer loop
      vertex 0 47.4 75
      vertex -1.2941 47.6 75.1704
      vertex -1.2941 47.4 75.1704
    endloop
  endfacet
  facet normal 0.92388 -0 0.382683
    outer loop
      vertex -4.82963 47.4 78.7059
      vertex -4.33013 47.6 77.5
      vertex -4.82963 47.6 78.7059
    endloop
  endfacet
  facet normal 0.92388 0 0.382683
    outer loop
      vertex -4.33013 47.6 77.5
      vertex -4.82963 47.4 78.7059
      vertex -4.33013 47.4 77.5
    endloop
  endfacet
  facet normal -1 0 0
    outer loop
      vertex 15 47.4 78.9
      vertex 15 47.6 81.1
      vertex 15 47.6 78.9
    endloop
  endfacet
  facet normal -1 -0 0
    outer loop
      vertex 15 47.6 81.1
      vertex 15 47.4 78.9
      vertex 15 47.4 81.1
    endloop
  endfacet
  facet normal -0 0 1
    outer loop
      vertex 15 47.6 81.1
      vertex 16.8761 47.4 81.1
      vertex 16.8761 47.6 81.1
    endloop
  endfacet
  facet normal 0 0 1
    outer loop
      vertex 16.8761 47.4 81.1
      vertex 15 47.6 81.1
      vertex 15 47.4 81.1
    endloop
  endfacet
  facet normal -0 0 1
    outer loop
      vertex 20.8761 47.6 81.1
      vertex 24.8917 47.4 81.1
      vertex 24.8917 47.6 81.1
    endloop
  endfacet
  facet normal 0 0 1
    outer loop
      vertex 24.8917 47.4 81.1
      vertex 20.8761 47.6 81.1
      vertex 20.8761 47.4 81.1
    endloop
  endfacet
  facet normal 0 0 -1
    outer loop
      vertex 15 47.4 78.9
      vertex 16.8761 47.6 78.9
      vertex 16.8761 47.4 78.9
    endloop
  endfacet
  facet normal -0 0 -1
    outer loop
      vertex 16.8761 47.6 78.9
      vertex 15 47.4 78.9
      vertex 15 47.6 78.9
    endloop
  endfacet
  facet normal 0 0 -1
    outer loop
      vertex 20.8761 47.4 78.9
      vertex 24.8917 47.6 78.9
      vertex 24.8917 47.4 78.9
    endloop
  endfacet
  facet normal -0 0 -1
    outer loop
      vertex 24.8917 47.6 78.9
      vertex 20.8761 47.4 78.9
      vertex 20.8761 47.6 78.9
    endloop
  endfacet
  facet normal -0.5 0 0.866026
    outer loop
      vertex 12.4404 47.6 88.4526
      vertex 14.0545 47.4 89.3845
      vertex 14.0545 47.6 89.3845
    endloop
  endfacet
  facet normal -0.5 0 0.866026
    outer loop
      vertex 14.0545 47.4 89.3845
      vertex 12.4404 47.6 88.4526
      vertex 12.4404 47.4 88.4526
    endloop
  endfacet
  facet normal -0.500007 0 0.866021
    outer loop
      vertex 17.4992 47.6 91.3733
      vertex 21.0391 47.4 93.4171
      vertex 21.0391 47.6 93.4171
    endloop
  endfacet
  facet normal -0.500007 0 0.866021
    outer loop
      vertex 21.0391 47.4 93.4171
      vertex 17.4992 47.6 91.3733
      vertex 17.4992 47.4 91.3733
    endloop
  endfacet
  facet normal -0.866019 0 -0.500011
    outer loop
      vertex 13.5404 47.4 86.5474
      vertex 12.4404 47.6 88.4526
      vertex 13.5404 47.6 86.5474
    endloop
  endfacet
  facet normal -0.866019 -0 -0.500011
    outer loop
      vertex 12.4404 47.6 88.4526
      vertex 13.5404 47.4 86.5474
      vertex 12.4404 47.4 88.4526
    endloop
  endfacet
  facet normal 0.499997 0 -0.866027
    outer loop
      vertex 13.5404 47.4 86.5474
      vertex 15.2257 47.6 87.5204
      vertex 15.2257 47.4 87.5204
    endloop
  endfacet
  facet normal 0.499997 0 -0.866027
    outer loop
      vertex 15.2257 47.6 87.5204
      vertex 13.5404 47.4 86.5474
      vertex 13.5404 47.6 86.5474
    endloop
  endfacet
  facet normal 0.500006 0 -0.866022
    outer loop
      vertex 18.6705 47.4 89.5092
      vertex 22.0767 47.6 91.4758
      vertex 22.0767 47.4 91.4758
    endloop
  endfacet
  facet normal 0.500006 0 -0.866022
    outer loop
      vertex 22.0767 47.6 91.4758
      vertex 18.6705 47.4 89.5092
      vertex 18.6705 47.6 89.5092
    endloop
  endfacet
  facet normal -0.866016 0 0.500016
    outer loop
      vertex 6.54737 47.4 93.5404
      vertex 7.52042 47.6 95.2257
      vertex 6.54737 47.6 93.5404
    endloop
  endfacet
  facet normal -0.866016 0 0.500016
    outer loop
      vertex 7.52042 47.6 95.2257
      vertex 6.54737 47.4 93.5404
      vertex 7.52042 47.4 95.2257
    endloop
  endfacet
  facet normal -0.866045 0 0.499967
    outer loop
      vertex 9.50923 47.4 98.6705
      vertex 11.4758 47.6 102.077
      vertex 9.50923 47.6 98.6705
    endloop
  endfacet
  facet normal -0.866045 0 0.499967
    outer loop
      vertex 11.4758 47.6 102.077
      vertex 9.50923 47.4 98.6705
      vertex 11.4758 47.4 102.077
    endloop
  endfacet
  facet normal -0.499999 0 -0.866026
    outer loop
      vertex 6.54737 47.4 93.5404
      vertex 8.45263 47.6 92.4404
      vertex 8.45263 47.4 92.4404
    endloop
  endfacet
  facet normal -0.499999 0 -0.866026
    outer loop
      vertex 8.45263 47.6 92.4404
      vertex 6.54737 47.4 93.5404
      vertex 6.54737 47.6 93.5404
    endloop
  endfacet
  facet normal 0.86603 0 -0.499992
    outer loop
      vertex 9.38451 47.4 94.0545
      vertex 8.45263 47.6 92.4404
      vertex 9.38451 47.6 94.0545
    endloop
  endfacet
  facet normal 0.86603 0 -0.499992
    outer loop
      vertex 8.45263 47.6 92.4404
      vertex 9.38451 47.4 94.0545
      vertex 8.45263 47.4 92.4404
    endloop
  endfacet
  facet normal 0.866015 0 -0.500018
    outer loop
      vertex 13.4171 47.4 101.039
      vertex 11.3733 47.6 97.4992
      vertex 13.4171 47.6 101.039
    endloop
  endfacet
  facet normal 0.866015 0 -0.500018
    outer loop
      vertex 11.3733 47.6 97.4992
      vertex 13.4171 47.4 101.039
      vertex 11.3733 47.4 97.4992
    endloop
  endfacet
  facet normal -1 0 0
    outer loop
      vertex -1.1 47.4 95
      vertex -1.1 47.6 96.8761
      vertex -1.1 47.6 95
    endloop
  endfacet
  facet normal -1 -0 0
    outer loop
      vertex -1.1 47.6 96.8761
      vertex -1.1 47.4 95
      vertex -1.1 47.4 96.8761
    endloop
  endfacet
  facet normal -1 0 0
    outer loop
      vertex -1.1 47.4 100.876
      vertex -1.1 47.6 104.892
      vertex -1.1 47.6 100.876
    endloop
  endfacet
  facet normal -1 -0 0
    outer loop
      vertex -1.1 47.6 104.892
      vertex -1.1 47.4 100.876
      vertex -1.1 47.4 104.892
    endloop
  endfacet
  facet normal 0 0 -1
    outer loop
      vertex -1.1 47.4 95
      vertex 1.1 47.6 95
      vertex 1.1 47.4 95
    endloop
  endfacet
  facet normal -0 0 -1
    outer loop
      vertex 1.1 47.6 95
      vertex -1.1 47.4 95
      vertex -1.1 47.6 95
    endloop
  endfacet
  facet normal 1 -0 0
    outer loop
      vertex 1.1 47.4 96.8761
      vertex 1.1 47.6 95
      vertex 1.1 47.6 96.8761
    endloop
  endfacet
  facet normal 1 0 0
    outer loop
      vertex 1.1 47.6 95
      vertex 1.1 47.4 96.8761
      vertex 1.1 47.4 95
    endloop
  endfacet
  facet normal 1 -0 0
    outer loop
      vertex 1.1 47.4 104.892
      vertex 1.1 47.6 100.876
      vertex 1.1 47.6 104.892
    endloop
  endfacet
  facet normal 1 0 0
    outer loop
      vertex 1.1 47.6 100.876
      vertex 1.1 47.4 104.892
      vertex 1.1 47.4 100.876
    endloop
  endfacet
  facet normal 0.866016 -0 0.500016
    outer loop
      vertex -7.52042 47.4 95.2257
      vertex -6.54737 47.6 93.5404
      vertex -7.52042 47.6 95.2257
    endloop
  endfacet
  facet normal 0.866016 0 0.500016
    outer loop
      vertex -6.54737 47.6 93.5404
      vertex -7.52042 47.4 95.2257
      vertex -6.54737 47.4 93.5404
    endloop
  endfacet
  facet normal 0.866045 -0 0.499967
    outer loop
      vertex -11.4758 47.4 102.077
      vertex -9.50923 47.6 98.6705
      vertex -11.4758 47.6 102.077
    endloop
  endfacet
  facet normal 0.866045 0 0.499967
    outer loop
      vertex -9.50923 47.6 98.6705
      vertex -11.4758 47.4 102.077
      vertex -9.50923 47.4 98.6705
    endloop
  endfacet
  facet normal 0.499999 0 -0.866026
    outer loop
      vertex -8.45263 47.4 92.4404
      vertex -6.54737 47.6 93.5404
      vertex -6.54737 47.4 93.5404
    endloop
  endfacet
  facet normal 0.499999 0 -0.866026
    outer loop
      vertex -6.54737 47.6 93.5404
      vertex -8.45263 47.4 92.4404
      vertex -8.45263 47.6 92.4404
    endloop
  endfacet
  facet normal -0.86603 0 -0.499992
    outer loop
      vertex -8.45263 47.4 92.4404
      vertex -9.38451 47.6 94.0545
      vertex -8.45263 47.6 92.4404
    endloop
  endfacet
  facet normal -0.86603 -0 -0.499992
    outer loop
      vertex -9.38451 47.6 94.0545
      vertex -8.45263 47.4 92.4404
      vertex -9.38451 47.4 94.0545
    endloop
  endfacet
  facet normal -0.866015 0 -0.500018
    outer loop
      vertex -11.3733 47.4 97.4992
      vertex -13.4171 47.6 101.039
      vertex -11.3733 47.6 97.4992
    endloop
  endfacet
  facet normal -0.866015 -0 -0.500018
    outer loop
      vertex -13.4171 47.6 101.039
      vertex -11.3733 47.4 97.4992
      vertex -13.4171 47.4 101.039
    endloop
  endfacet
  facet normal 0.5 0 0.866026
    outer loop
      vertex -14.0545 47.6 89.3845
      vertex -12.4404 47.4 88.4526
      vertex -12.4404 47.6 88.4526
    endloop
  endfacet
  facet normal 0.5 0 0.866026
    outer loop
      vertex -12.4404 47.4 88.4526
      vertex -14.0545 47.6 89.3845
      vertex -14.0545 47.4 89.3845
    endloop
  endfacet
  facet normal 0.500007 0 0.866021
    outer loop
      vertex -21.0391 47.6 93.4171
      vertex -17.4992 47.4 91.3733
      vertex -17.4992 47.6 91.3733
    endloop
  endfacet
  facet normal 0.500007 0 0.866021
    outer loop
      vertex -17.4992 47.4 91.3733
      vertex -21.0391 47.6 93.4171
      vertex -21.0391 47.4 93.4171
    endloop
  endfacet
  facet normal 0.866019 0 -0.500011
    outer loop
      vertex -12.4404 47.4 88.4526
      vertex -13.5404 47.6 86.5474
      vertex -12.4404 47.6 88.4526
    endloop
  endfacet
  facet normal 0.866019 0 -0.500011
    outer loop
      vertex -13.5404 47.6 86.5474
      vertex -12.4404 47.4 88.4526
      vertex -13.5404 47.4 86.5474
    endloop
  endfacet
  facet normal -0.499997 0 -0.866027
    outer loop
      vertex -15.2257 47.4 87.5204
      vertex -13.5404 47.6 86.5474
      vertex -13.5404 47.4 86.5474
    endloop
  endfacet
  facet normal -0.499997 0 -0.866027
    outer loop
      vertex -13.5404 47.6 86.5474
      vertex -15.2257 47.4 87.5204
      vertex -15.2257 47.6 87.5204
    endloop
  endfacet
  facet normal -0.500006 0 -0.866022
    outer loop
      vertex -22.0767 47.4 91.4758
      vertex -18.6705 47.6 89.5092
      vertex -18.6705 47.4 89.5092
    endloop
  endfacet
  facet normal -0.500006 0 -0.866022
    outer loop
      vertex -18.6705 47.6 89.5092
      vertex -22.0767 47.4 91.4758
      vertex -22.0767 47.6 91.4758
    endloop
  endfacet
  facet normal -0 0 1
    outer loop
      vertex -16.8761 47.6 81.1
      vertex -15 47.4 81.1
      vertex -15 47.6 81.1
    endloop
  endfacet
  facet normal 0 0 1
    outer loop
      vertex -15 47.4 81.1
      vertex -16.8761 47.6 81.1
      vertex -16.8761 47.4 81.1
    endloop
  endfacet
  facet normal -0 0 1
    outer loop
      vertex -24.8917 47.6 81.1
      vertex -20.8761 47.4 81.1
      vertex -20.8761 47.6 81.1
    endloop
  endfacet
  facet normal 0 0 1
    outer loop
      vertex -20.8761 47.4 81.1
      vertex -24.8917 47.6 81.1
      vertex -24.8917 47.4 81.1
    endloop
  endfacet
  facet normal 1 -0 0
    outer loop
      vertex -15 47.4 81.1
      vertex -15 47.6 78.9
      vertex -15 47.6 81.1
    endloop
  endfacet
  facet normal 1 0 0
    outer loop
      vertex -15 47.6 78.9
      vertex -15 47.4 81.1
      vertex -15 47.4 78.9
    endloop
  endfacet
  facet normal 0 0 -1
    outer loop
      vertex -16.8761 47.4 78.9
      vertex -15 47.6 78.9
      vertex -15 47.4 78.9
    endloop
  endfacet
  facet normal -0 0 -1
    outer loop
      vertex -15 47.6 78.9
      vertex -16.8761 47.4 78.9
      vertex -16.8761 47.6 78.9
    endloop
  endfacet
  facet normal 0 0 -1
    outer loop
      vertex -24.8917 47.4 78.9
      vertex -20.8761 47.6 78.9
      vertex -20.8761 47.4 78.9
    endloop
  endfacet
  facet normal -0 0 -1
    outer loop
      vertex -20.8761 47.6 78.9
      vertex -24.8917 47.4 78.9
      vertex -24.8917 47.6 78.9
    endloop
  endfacet
  facet normal 0.866019 -0 0.500011
    outer loop
      vertex -13.5404 47.4 73.4526
      vertex -12.4404 47.6 71.5474
      vertex -13.5404 47.6 73.4526
    endloop
  endfacet
  facet normal 0.866019 0 0.500011
    outer loop
      vertex -12.4404 47.6 71.5474
      vertex -13.5404 47.4 73.4526
      vertex -12.4404 47.4 71.5474
    endloop
  endfacet
  facet normal -0.499997 0 0.866027
    outer loop
      vertex -15.2257 47.6 72.4796
      vertex -13.5404 47.4 73.4526
      vertex -13.5404 47.6 73.4526
    endloop
  endfacet
  facet normal -0.499997 0 0.866027
    outer loop
      vertex -13.5404 47.4 73.4526
      vertex -15.2257 47.6 72.4796
      vertex -15.2257 47.4 72.4796
    endloop
  endfacet
  facet normal -0.500006 0 0.866022
    outer loop
      vertex -22.0767 47.6 68.5242
      vertex -18.6705 47.4 70.4908
      vertex -18.6705 47.6 70.4908
    endloop
  endfacet
  facet normal -0.500006 0 0.866022
    outer loop
      vertex -18.6705 47.4 70.4908
      vertex -22.0767 47.6 68.5242
      vertex -22.0767 47.4 68.5242
    endloop
  endfacet
  facet normal 0.5 0 -0.866026
    outer loop
      vertex -14.0545 47.4 70.6155
      vertex -12.4404 47.6 71.5474
      vertex -12.4404 47.4 71.5474
    endloop
  endfacet
  facet normal 0.5 0 -0.866026
    outer loop
      vertex -12.4404 47.6 71.5474
      vertex -14.0545 47.4 70.6155
      vertex -14.0545 47.6 70.6155
    endloop
  endfacet
  facet normal 0.500007 0 -0.866021
    outer loop
      vertex -21.0391 47.4 66.5829
      vertex -17.4992 47.6 68.6267
      vertex -17.4992 47.4 68.6267
    endloop
  endfacet
  facet normal 0.500007 0 -0.866021
    outer loop
      vertex -17.4992 47.6 68.6267
      vertex -21.0391 47.4 66.5829
      vertex -21.0391 47.6 66.5829
    endloop
  endfacet
  facet normal 0.499999 0 0.866026
    outer loop
      vertex -8.45263 47.6 67.5596
      vertex -6.54737 47.4 66.4596
      vertex -6.54737 47.6 66.4596
    endloop
  endfacet
  facet normal 0.499999 0 0.866026
    outer loop
      vertex -6.54737 47.4 66.4596
      vertex -8.45263 47.6 67.5596
      vertex -8.45263 47.4 67.5596
    endloop
  endfacet
  facet normal -0.86603 0 0.499992
    outer loop
      vertex -9.38451 47.4 65.9455
      vertex -8.45263 47.6 67.5596
      vertex -9.38451 47.6 65.9455
    endloop
  endfacet
  facet normal -0.86603 0 0.499992
    outer loop
      vertex -8.45263 47.6 67.5596
      vertex -9.38451 47.4 65.9455
      vertex -8.45263 47.4 67.5596
    endloop
  endfacet
  facet normal -0.866021 0 0.500007
    outer loop
      vertex -13.4171 47.4 58.9609
      vertex -11.3733 47.6 62.5008
      vertex -13.4171 47.6 58.9609
    endloop
  endfacet
  facet normal -0.866021 0 0.500007
    outer loop
      vertex -11.3733 47.6 62.5008
      vertex -13.4171 47.4 58.9609
      vertex -11.3733 47.4 62.5008
    endloop
  endfacet
  facet normal 0.866016 0 -0.500016
    outer loop
      vertex -6.54737 47.4 66.4596
      vertex -7.52042 47.6 64.7743
      vertex -6.54737 47.6 66.4596
    endloop
  endfacet
  facet normal 0.866016 0 -0.500016
    outer loop
      vertex -7.52042 47.6 64.7743
      vertex -6.54737 47.4 66.4596
      vertex -7.52042 47.4 64.7743
    endloop
  endfacet
  facet normal 0.866025 0 -0.5
    outer loop
      vertex -9.50923 47.4 61.3295
      vertex -11.4758 47.6 57.9233
      vertex -9.50923 47.6 61.3295
    endloop
  endfacet
  facet normal 0.866025 0 -0.5
    outer loop
      vertex -11.4758 47.6 57.9233
      vertex -9.50923 47.4 61.3295
      vertex -11.4758 47.4 57.9233
    endloop
  endfacet
  facet normal -0 0 1
    outer loop
      vertex -1.1 47.6 65
      vertex 1.1 47.4 65
      vertex 1.1 47.6 65
    endloop
  endfacet
  facet normal 0 0 1
    outer loop
      vertex 1.1 47.4 65
      vertex -1.1 47.6 65
      vertex -1.1 47.4 65
    endloop
  endfacet
  facet normal -1 0 0
    outer loop
      vertex -1.1 47.4 63.1239
      vertex -1.1 47.6 65
      vertex -1.1 47.6 63.1239
    endloop
  endfacet
  facet normal -1 -0 0
    outer loop
      vertex -1.1 47.6 65
      vertex -1.1 47.4 63.1239
      vertex -1.1 47.4 65
    endloop
  endfacet
  facet normal -1 0 0
    outer loop
      vertex -1.1 47.4 55.1083
      vertex -1.1 47.6 59.1239
      vertex -1.1 47.6 55.1083
    endloop
  endfacet
  facet normal -1 -0 0
    outer loop
      vertex -1.1 47.6 59.1239
      vertex -1.1 47.4 55.1083
      vertex -1.1 47.4 59.1239
    endloop
  endfacet
  facet normal 1 -0 0
    outer loop
      vertex 1.1 47.4 65
      vertex 1.1 47.6 63.1239
      vertex 1.1 47.6 65
    endloop
  endfacet
  facet normal 1 0 0
    outer loop
      vertex 1.1 47.6 63.1239
      vertex 1.1 47.4 65
      vertex 1.1 47.4 63.1239
    endloop
  endfacet
  facet normal 1 -0 0
    outer loop
      vertex 1.1 47.4 59.1239
      vertex 1.1 47.6 55.1083
      vertex 1.1 47.6 59.1239
    endloop
  endfacet
  facet normal 1 0 0
    outer loop
      vertex 1.1 47.6 55.1083
      vertex 1.1 47.4 59.1239
      vertex 1.1 47.4 55.1083
    endloop
  endfacet
  facet normal -0.499999 0 0.866026
    outer loop
      vertex 6.54737 47.6 66.4596
      vertex 8.45263 47.4 67.5596
      vertex 8.45263 47.6 67.5596
    endloop
  endfacet
  facet normal -0.499999 0 0.866026
    outer loop
      vertex 8.45263 47.4 67.5596
      vertex 6.54737 47.6 66.4596
      vertex 6.54737 47.4 66.4596
    endloop
  endfacet
  facet normal 0.86603 -0 0.499992
    outer loop
      vertex 8.45263 47.4 67.5596
      vertex 9.38451 47.6 65.9455
      vertex 8.45263 47.6 67.5596
    endloop
  endfacet
  facet normal 0.86603 0 0.499992
    outer loop
      vertex 9.38451 47.6 65.9455
      vertex 8.45263 47.4 67.5596
      vertex 9.38451 47.4 65.9455
    endloop
  endfacet
  facet normal 0.866021 -0 0.500007
    outer loop
      vertex 11.3733 47.4 62.5008
      vertex 13.4171 47.6 58.9609
      vertex 11.3733 47.6 62.5008
    endloop
  endfacet
  facet normal 0.866021 0 0.500007
    outer loop
      vertex 13.4171 47.6 58.9609
      vertex 11.3733 47.4 62.5008
      vertex 13.4171 47.4 58.9609
    endloop
  endfacet
  facet normal -0.866016 0 -0.500016
    outer loop
      vertex 7.52042 47.4 64.7743
      vertex 6.54737 47.6 66.4596
      vertex 7.52042 47.6 64.7743
    endloop
  endfacet
  facet normal -0.866016 -0 -0.500016
    outer loop
      vertex 6.54737 47.6 66.4596
      vertex 7.52042 47.4 64.7743
      vertex 6.54737 47.4 66.4596
    endloop
  endfacet
  facet normal -0.866025 0 -0.5
    outer loop
      vertex 11.4758 47.4 57.9233
      vertex 9.50923 47.6 61.3295
      vertex 11.4758 47.6 57.9233
    endloop
  endfacet
  facet normal -0.866025 -0 -0.5
    outer loop
      vertex 9.50923 47.6 61.3295
      vertex 11.4758 47.4 57.9233
      vertex 9.50923 47.4 61.3295
    endloop
  endfacet
  facet normal -0.866019 0 0.500011
    outer loop
      vertex 12.4404 47.4 71.5474
      vertex 13.5404 47.6 73.4526
      vertex 12.4404 47.6 71.5474
    endloop
  endfacet
  facet normal -0.866019 0 0.500011
    outer loop
      vertex 13.5404 47.6 73.4526
      vertex 12.4404 47.4 71.5474
      vertex 13.5404 47.4 73.4526
    endloop
  endfacet
  facet normal -0.5 0 -0.866026
    outer loop
      vertex 12.4404 47.4 71.5474
      vertex 14.0545 47.6 70.6155
      vertex 14.0545 47.4 70.6155
    endloop
  endfacet
  facet normal -0.5 0 -0.866026
    outer loop
      vertex 14.0545 47.6 70.6155
      vertex 12.4404 47.4 71.5474
      vertex 12.4404 47.6 71.5474
    endloop
  endfacet
  facet normal -0.500007 0 -0.866021
    outer loop
      vertex 17.4992 47.4 68.6267
      vertex 21.0391 47.6 66.5829
      vertex 21.0391 47.4 66.5829
    endloop
  endfacet
  facet normal -0.500007 0 -0.866021
    outer loop
      vertex 21.0391 47.6 66.5829
      vertex 17.4992 47.4 68.6267
      vertex 17.4992 47.6 68.6267
    endloop
  endfacet
  facet normal 0.499997 0 0.866027
    outer loop
      vertex 13.5404 47.6 73.4526
      vertex 15.2257 47.4 72.4796
      vertex 15.2257 47.6 72.4796
    endloop
  endfacet
  facet normal 0.499997 0 0.866027
    outer loop
      vertex 15.2257 47.4 72.4796
      vertex 13.5404 47.6 73.4526
      vertex 13.5404 47.4 73.4526
    endloop
  endfacet
  facet normal 0.500006 0 0.866022
    outer loop
      vertex 18.6705 47.6 70.4908
      vertex 22.0767 47.4 68.5242
      vertex 22.0767 47.6 68.5242
    endloop
  endfacet
  facet normal 0.500006 0 0.866022
    outer loop
      vertex 22.0767 47.4 68.5242
      vertex 18.6705 47.6 70.4908
      vertex 18.6705 47.4 70.4908
    endloop
  endfacet
  facet normal 0.991446 0.130516 0
    outer loop
      vertex 14 0 176
      vertex 13.523 3.62347 140
      vertex 13.523 3.62347 176
    endloop
  endfacet
  facet normal 0.991446 0.130516 0
    outer loop
      vertex 13.523 3.62347 140
      vertex 14 0 176
      vertex 14 0 140
    endloop
  endfacet
  facet normal -0.991446 0.130516 0
    outer loop
      vertex -14 0 140
      vertex -13.523 3.62347 176
      vertex -13.523 3.62347 140
    endloop
  endfacet
  facet normal -0.991446 0.130516 0
    outer loop
      vertex -13.523 3.62347 176
      vertex -14 0 140
      vertex -14 0 176
    endloop
  endfacet
  facet normal 0.130516 0.991446 -0
    outer loop
      vertex 3.62347 13.523 140
      vertex 0 14 176
      vertex 3.62347 13.523 176
    endloop
  endfacet
  facet normal 0.130516 0.991446 0
    outer loop
      vertex 0 14 176
      vertex 3.62347 13.523 140
      vertex 0 14 140
    endloop
  endfacet
  facet normal -0.130516 -0.991446 0
    outer loop
      vertex -3.62347 -13.523 140
      vertex 0 -14 176
      vertex -3.62347 -13.523 176
    endloop
  endfacet
  facet normal -0.130516 -0.991446 -0
    outer loop
      vertex 0 -14 176
      vertex -3.62347 -13.523 140
      vertex 0 -14 140
    endloop
  endfacet
  facet normal 0.608771 0.793346 -0
    outer loop
      vertex 9.89949 9.89949 140
      vertex 7 12.1244 176
      vertex 9.89949 9.89949 176
    endloop
  endfacet
  facet normal 0.608771 0.793346 0
    outer loop
      vertex 7 12.1244 176
      vertex 9.89949 9.89949 140
      vertex 7 12.1244 140
    endloop
  endfacet
  facet normal 0.92388 0.382682 0
    outer loop
      vertex 13.523 3.62347 176
      vertex 12.1244 7 140
      vertex 12.1244 7 176
    endloop
  endfacet
  facet normal 0.92388 0.382682 0
    outer loop
      vertex 12.1244 7 140
      vertex 13.523 3.62347 176
      vertex 13.523 3.62347 140
    endloop
  endfacet
  facet normal 0.382682 0.92388 -0
    outer loop
      vertex 7 12.1244 140
      vertex 3.62347 13.523 176
      vertex 7 12.1244 176
    endloop
  endfacet
  facet normal 0.382682 0.92388 0
    outer loop
      vertex 3.62347 13.523 176
      vertex 7 12.1244 140
      vertex 3.62347 13.523 140
    endloop
  endfacet
  facet normal -0.608771 0.793346 0
    outer loop
      vertex -7 12.1244 140
      vertex -9.89949 9.89949 176
      vertex -7 12.1244 176
    endloop
  endfacet
  facet normal -0.608771 0.793346 0
    outer loop
      vertex -9.89949 9.89949 176
      vertex -7 12.1244 140
      vertex -9.89949 9.89949 140
    endloop
  endfacet
  facet normal -0.793346 0.608771 0
    outer loop
      vertex -12.1244 7 140
      vertex -9.89949 9.89949 176
      vertex -9.89949 9.89949 140
    endloop
  endfacet
  facet normal -0.793346 0.608771 0
    outer loop
      vertex -9.89949 9.89949 176
      vertex -12.1244 7 140
      vertex -12.1244 7 176
    endloop
  endfacet
  facet normal -0.382682 0.92388 0
    outer loop
      vertex -3.62347 13.523 140
      vertex -7 12.1244 176
      vertex -3.62347 13.523 176
    endloop
  endfacet
  facet normal -0.382682 0.92388 0
    outer loop
      vertex -7 12.1244 176
      vertex -3.62347 13.523 140
      vertex -7 12.1244 140
    endloop
  endfacet
  facet normal 0.793346 -0.608771 0
    outer loop
      vertex 9.89949 -9.89949 176
      vertex 12.1244 -7 140
      vertex 12.1244 -7 176
    endloop
  endfacet
  facet normal 0.793346 -0.608771 0
    outer loop
      vertex 12.1244 -7 140
      vertex 9.89949 -9.89949 176
      vertex 9.89949 -9.89949 140
    endloop
  endfacet
  facet normal 0.92388 -0.382682 0
    outer loop
      vertex 12.1244 -7 176
      vertex 13.523 -3.62347 140
      vertex 13.523 -3.62347 176
    endloop
  endfacet
  facet normal 0.92388 -0.382682 0
    outer loop
      vertex 13.523 -3.62347 140
      vertex 12.1244 -7 176
      vertex 12.1244 -7 140
    endloop
  endfacet
  facet normal -0.608771 -0.793346 0
    outer loop
      vertex -9.89949 -9.89949 140
      vertex -7 -12.1244 176
      vertex -9.89949 -9.89949 176
    endloop
  endfacet
  facet normal -0.608771 -0.793346 -0
    outer loop
      vertex -7 -12.1244 176
      vertex -9.89949 -9.89949 140
      vertex -7 -12.1244 140
    endloop
  endfacet
  facet normal 0.793346 0.608771 0
    outer loop
      vertex 12.1244 7 176
      vertex 9.89949 9.89949 140
      vertex 9.89949 9.89949 176
    endloop
  endfacet
  facet normal 0.793346 0.608771 0
    outer loop
      vertex 9.89949 9.89949 140
      vertex 12.1244 7 176
      vertex 12.1244 7 140
    endloop
  endfacet
  facet normal -0.92388 0.382682 0
    outer loop
      vertex -13.523 3.62347 140
      vertex -12.1244 7 176
      vertex -12.1244 7 140
    endloop
  endfacet
  facet normal -0.92388 0.382682 0
    outer loop
      vertex -12.1244 7 176
      vertex -13.523 3.62347 140
      vertex -13.523 3.62347 176
    endloop
  endfacet
  facet normal 0 0 1
    outer loop
      vertex 10.8646 0 176
      vertex 14 0 176
      vertex 13.523 3.62347 176
    endloop
  endfacet
  facet normal 0 0 1
    outer loop
      vertex 10.3328 3.35734 176
      vertex 13.523 3.62347 176
      vertex 12.1244 7 176
    endloop
  endfacet
  facet normal 0 0 1
    outer loop
      vertex 14 0 176
      vertex 10.8646 0 176
      vertex 13.523 -3.62347 176
    endloop
  endfacet
  facet normal -0 0 1
    outer loop
      vertex 10.3328 -3.35734 176
      vertex 13.523 -3.62347 176
      vertex 10.8646 0 176
    endloop
  endfacet
  facet normal 0 0 1
    outer loop
      vertex 13.523 3.62347 176
      vertex 10.3328 3.35734 176
      vertex 10.8646 0 176
    endloop
  endfacet
  facet normal 0 0 1
    outer loop
      vertex 8.78962 6.38603 176
      vertex 12.1244 7 176
      vertex 9.89949 9.89949 176
    endloop
  endfacet
  facet normal 0 0 1
    outer loop
      vertex 12.1244 7 176
      vertex 8.78962 6.38603 176
      vertex 10.3328 3.35734 176
    endloop
  endfacet
  facet normal 0 0 1
    outer loop
      vertex 6.38603 8.78962 176
      vertex 9.89949 9.89949 176
      vertex 7 12.1244 176
    endloop
  endfacet
  facet normal 0 0 1
    outer loop
      vertex 9.89949 9.89949 176
      vertex 6.38603 8.78962 176
      vertex 8.78962 6.38603 176
    endloop
  endfacet
  facet normal 0 0 1
    outer loop
      vertex 3.35734 10.3328 176
      vertex 7 12.1244 176
      vertex 3.62347 13.523 176
    endloop
  endfacet
  facet normal 0 0 1
    outer loop
      vertex 7 12.1244 176
      vertex 3.35734 10.3328 176
      vertex 6.38603 8.78962 176
    endloop
  endfacet
  facet normal 0 0 1
    outer loop
      vertex 0 10.8646 176
      vertex 3.62347 13.523 176
      vertex 0 14 176
    endloop
  endfacet
  facet normal 0 0 1
    outer loop
      vertex 3.62347 13.523 176
      vertex 0 10.8646 176
      vertex 3.35734 10.3328 176
    endloop
  endfacet
  facet normal -0 0 1
    outer loop
      vertex -3.62347 13.523 176
      vertex 0 10.8646 176
      vertex 0 14 176
    endloop
  endfacet
  facet normal 0 0 1
    outer loop
      vertex 0 10.8646 176
      vertex -3.62347 13.523 176
      vertex -3.35734 10.3328 176
    endloop
  endfacet
  facet normal -0 0 1
    outer loop
      vertex -7 12.1244 176
      vertex -3.35734 10.3328 176
      vertex -3.62347 13.523 176
    endloop
  endfacet
  facet normal 0 0 1
    outer loop
      vertex -3.35734 10.3328 176
      vertex -7 12.1244 176
      vertex -6.38603 8.78962 176
    endloop
  endfacet
  facet normal -0 0 1
    outer loop
      vertex -9.89949 9.89949 176
      vertex -6.38603 8.78962 176
      vertex -7 12.1244 176
    endloop
  endfacet
  facet normal 0 0 1
    outer loop
      vertex -6.38603 8.78962 176
      vertex -9.89949 9.89949 176
      vertex -8.78962 6.38603 176
    endloop
  endfacet
  facet normal -0 0 1
    outer loop
      vertex -12.1244 7 176
      vertex -8.78962 6.38603 176
      vertex -9.89949 9.89949 176
    endloop
  endfacet
  facet normal 0 0 1
    outer loop
      vertex -8.78962 6.38603 176
      vertex -12.1244 7 176
      vertex -10.3328 3.35734 176
    endloop
  endfacet
  facet normal -0 0 1
    outer loop
      vertex -13.523 3.62347 176
      vertex -10.3328 3.35734 176
      vertex -12.1244 7 176
    endloop
  endfacet
  facet normal 0 0 1
    outer loop
      vertex 13.523 -3.62347 176
      vertex 10.3328 -3.35734 176
      vertex 12.1244 -7 176
    endloop
  endfacet
  facet normal -0 0 1
    outer loop
      vertex 8.78962 -6.38603 176
      vertex 12.1244 -7 176
      vertex 10.3328 -3.35734 176
    endloop
  endfacet
  facet normal 0 0 1
    outer loop
      vertex 12.1244 -7 176
      vertex 8.78962 -6.38603 176
      vertex 9.89949 -9.89949 176
    endloop
  endfacet
  facet normal -0 0 1
    outer loop
      vertex 6.38603 -8.78962 176
      vertex 9.89949 -9.89949 176
      vertex 8.78962 -6.38603 176
    endloop
  endfacet
  facet normal 0 0 1
    outer loop
      vertex 9.89949 -9.89949 176
      vertex 6.38603 -8.78962 176
      vertex 7 -12.1244 176
    endloop
  endfacet
  facet normal -0 0 1
    outer loop
      vertex 3.35734 -10.3328 176
      vertex 7 -12.1244 176
      vertex 6.38603 -8.78962 176
    endloop
  endfacet
  facet normal 0 0 1
    outer loop
      vertex 7 -12.1244 176
      vertex 3.35734 -10.3328 176
      vertex 3.62347 -13.523 176
    endloop
  endfacet
  facet normal -0 0 1
    outer loop
      vertex 0 -10.8646 176
      vertex 3.62347 -13.523 176
      vertex 3.35734 -10.3328 176
    endloop
  endfacet
  facet normal 0 0 1
    outer loop
      vertex 0 -10.8646 176
      vertex 0 -14 176
      vertex 3.62347 -13.523 176
    endloop
  endfacet
  facet normal 0 0 1
    outer loop
      vertex -3.62347 -13.523 176
      vertex 0 -10.8646 176
      vertex -3.35734 -10.3328 176
    endloop
  endfacet
  facet normal 0 0 1
    outer loop
      vertex 0 -10.8646 176
      vertex -3.62347 -13.523 176
      vertex 0 -14 176
    endloop
  endfacet
  facet normal 0 0 1
    outer loop
      vertex -7 -12.1244 176
      vertex -3.35734 -10.3328 176
      vertex -6.38603 -8.78962 176
    endloop
  endfacet
  facet normal 0 0 1
    outer loop
      vertex -3.35734 -10.3328 176
      vertex -7 -12.1244 176
      vertex -3.62347 -13.523 176
    endloop
  endfacet
  facet normal 0 0 1
    outer loop
      vertex -9.89949 -9.89949 176
      vertex -6.38603 -8.78962 176
      vertex -8.78962 -6.38603 176
    endloop
  endfacet
  facet normal 0 0 1
    outer loop
      vertex -6.38603 -8.78962 176
      vertex -9.89949 -9.89949 176
      vertex -7 -12.1244 176
    endloop
  endfacet
  facet normal 0 0 1
    outer loop
      vertex -12.1244 -7 176
      vertex -8.78962 -6.38603 176
      vertex -10.3328 -3.35734 176
    endloop
  endfacet
  facet normal 0 0 1
    outer loop
      vertex -13.523 -3.62347 176
      vertex -10.3328 -3.35734 176
      vertex -10.8646 0 176
    endloop
  endfacet
  facet normal 0 0 1
    outer loop
      vertex -10.3328 3.35734 176
      vertex -13.523 3.62347 176
      vertex -10.8646 0 176
    endloop
  endfacet
  facet normal 0 0 1
    outer loop
      vertex -8.78962 -6.38603 176
      vertex -12.1244 -7 176
      vertex -9.89949 -9.89949 176
    endloop
  endfacet
  facet normal 0 0 1
    outer loop
      vertex -14 0 176
      vertex -10.8646 0 176
      vertex -13.523 3.62347 176
    endloop
  endfacet
  facet normal 0 0 1
    outer loop
      vertex -10.3328 -3.35734 176
      vertex -13.523 -3.62347 176
      vertex -12.1244 -7 176
    endloop
  endfacet
  facet normal 0 0 1
    outer loop
      vertex -10.8646 0 176
      vertex -14 0 176
      vertex -13.523 -3.62347 176
    endloop
  endfacet
  facet normal -0.130516 0.991446 0
    outer loop
      vertex 0 14 140
      vertex -3.62347 13.523 176
      vertex 0 14 176
    endloop
  endfacet
  facet normal -0.130516 0.991446 0
    outer loop
      vertex -3.62347 13.523 176
      vertex 0 14 140
      vertex -3.62347 13.523 140
    endloop
  endfacet
  facet normal 0.991446 -0.130516 0
    outer loop
      vertex 13.523 -3.62347 176
      vertex 14 0 140
      vertex 14 0 176
    endloop
  endfacet
  facet normal 0.991446 -0.130516 0
    outer loop
      vertex 14 0 140
      vertex 13.523 -3.62347 176
      vertex 13.523 -3.62347 140
    endloop
  endfacet
  facet normal 0.130516 -0.991446 0
    outer loop
      vertex 0 -14 140
      vertex 3.62347 -13.523 176
      vertex 0 -14 176
    endloop
  endfacet
  facet normal 0.130516 -0.991446 0
    outer loop
      vertex 3.62347 -13.523 176
      vertex 0 -14 140
      vertex 3.62347 -13.523 140
    endloop
  endfacet
  facet normal 0.608771 -0.793346 0
    outer loop
      vertex 7 -12.1244 140
      vertex 9.89949 -9.89949 176
      vertex 7 -12.1244 176
    endloop
  endfacet
  facet normal 0.608771 -0.793346 0
    outer loop
      vertex 9.89949 -9.89949 176
      vertex 7 -12.1244 140
      vertex 9.89949 -9.89949 140
    endloop
  endfacet
  facet normal -0.382682 -0.92388 0
    outer loop
      vertex -7 -12.1244 140
      vertex -3.62347 -13.523 176
      vertex -7 -12.1244 176
    endloop
  endfacet
  facet normal -0.382682 -0.92388 -0
    outer loop
      vertex -3.62347 -13.523 176
      vertex -7 -12.1244 140
      vertex -3.62347 -13.523 140
    endloop
  endfacet
  facet normal -0.793346 -0.608771 0
    outer loop
      vertex -9.89949 -9.89949 140
      vertex -12.1244 -7 176
      vertex -12.1244 -7 140
    endloop
  endfacet
  facet normal -0.793346 -0.608771 0
    outer loop
      vertex -12.1244 -7 176
      vertex -9.89949 -9.89949 140
      vertex -9.89949 -9.89949 176
    endloop
  endfacet
  facet normal -0.991446 -0.130516 0
    outer loop
      vertex -13.523 -3.62347 140
      vertex -14 0 176
      vertex -14 0 140
    endloop
  endfacet
  facet normal -0.991446 -0.130516 0
    outer loop
      vertex -14 0 176
      vertex -13.523 -3.62347 140
      vertex -13.523 -3.62347 176
    endloop
  endfacet
  facet normal 0.382682 -0.92388 0
    outer loop
      vertex 3.62347 -13.523 140
      vertex 7 -12.1244 176
      vertex 3.62347 -13.523 176
    endloop
  endfacet
  facet normal 0.382682 -0.92388 0
    outer loop
      vertex 7 -12.1244 176
      vertex 3.62347 -13.523 140
      vertex 7 -12.1244 140
    endloop
  endfacet
  facet normal -0.92388 -0.382682 0
    outer loop
      vertex -12.1244 -7 140
      vertex -13.523 -3.62347 176
      vertex -13.523 -3.62347 140
    endloop
  endfacet
  facet normal -0.92388 -0.382682 0
    outer loop
      vertex -13.523 -3.62347 176
      vertex -12.1244 -7 140
      vertex -12.1244 -7 176
    endloop
  endfacet
  facet normal -0.723883 -0.368834 0.583057
    outer loop
      vertex -7.39748 -2.40359 183.778
      vertex -9.32137 -3.0287 180.994
      vertex -6.29268 -4.5719 183.778
    endloop
  endfacet
  facet normal 0.574476 0.574476 0.583056
    outer loop
      vertex 5.76093 7.92923 180.994
      vertex 6.29268 4.5719 183.778
      vertex 7.92923 5.76093 180.994
    endloop
  endfacet
  facet normal 0.574476 0.574476 0.583056
    outer loop
      vertex 6.29268 4.5719 183.778
      vertex 5.76093 7.92923 180.994
      vertex 4.5719 6.29268 183.778
    endloop
  endfacet
  facet normal 0.891008 -0.453987 0
    outer loop
      vertex 8.78962 -6.38603 177.721
      vertex 10.3328 -3.35734 176
      vertex 10.3328 -3.35734 177.721
    endloop
  endfacet
  facet normal 0.891008 -0.453987 0
    outer loop
      vertex 10.3328 -3.35734 176
      vertex 8.78962 -6.38603 177.721
      vertex 8.78962 -6.38603 176
    endloop
  endfacet
  facet normal 0.308779 0.048904 0.949876
    outer loop
      vertex 4.74948 1.5432 185.801
      vertex 1.72078 0 186.865
      vertex 4.99389 0 185.801
    endloop
  endfacet
  facet normal 0.14193 -0.278553 0.949876
    outer loop
      vertex 2.93534 -4.04015 185.801
      vertex 1.01145 -1.39214 186.865
      vertex 1.5432 -4.74948 185.801
    endloop
  endfacet
  facet normal -0.987686 -0.156449 0
    outer loop
      vertex -10.3328 -3.35734 176
      vertex -10.8646 0 177.721
      vertex -10.8646 0 176
    endloop
  endfacet
  facet normal -0.987686 -0.156449 0
    outer loop
      vertex -10.8646 0 177.721
      vertex -10.3328 -3.35734 176
      vertex -10.3328 -3.35734 177.721
    endloop
  endfacet
  facet normal -0.940443 -0.148965 0.305575
    outer loop
      vertex -9.32137 -3.0287 180.994
      vertex -10.8646 0 177.721
      vertex -10.3328 -3.35734 177.721
    endloop
  endfacet
  facet normal 0.127092 0.802429 0.583057
    outer loop
      vertex 3.0287 9.32137 180.994
      vertex 0 7.77817 183.778
      vertex 2.40359 7.39748 183.778
    endloop
  endfacet
  facet normal -0.432271 0.848389 0.305578
    outer loop
      vertex -3.35734 10.3328 177.721
      vertex -6.38603 8.78962 177.721
      vertex -5.76093 7.92923 180.994
    endloop
  endfacet
  facet normal -0.585275 -0.0926981 0.805519
    outer loop
      vertex -4.74948 -1.5432 185.801
      vertex -7.77817 0 183.778
      vertex -7.39748 -2.40359 183.778
    endloop
  endfacet
  facet normal 0.048904 0.308779 0.949876
    outer loop
      vertex 0 4.99389 185.801
      vertex 0 1.72078 186.865
      vertex 1.5432 4.74948 185.801
    endloop
  endfacet
  facet normal 0.723883 0.368834 0.583057
    outer loop
      vertex 9.32137 3.0287 180.994
      vertex 6.29268 4.5719 183.778
      vertex 7.39748 2.40359 183.778
    endloop
  endfacet
  facet normal -0.368836 0.723882 0.583056
    outer loop
      vertex -3.0287 9.32137 180.994
      vertex -5.76093 7.92923 180.994
      vertex -4.5719 6.29268 183.778
    endloop
  endfacet
  facet normal 0.585274 0.0926949 0.80552
    outer loop
      vertex 7.77817 0 183.778
      vertex 4.74948 1.5432 185.801
      vertex 4.99389 0 185.801
    endloop
  endfacet
  facet normal 0.432275 0.848388 0.305575
    outer loop
      vertex 3.35734 10.3328 177.721
      vertex 3.0287 9.32137 180.994
      vertex 5.76093 7.92923 180.994
    endloop
  endfacet
  facet normal -0.221061 0.221061 0.949876
    outer loop
      vertex -2.93534 4.04015 185.801
      vertex -1.39214 1.01145 186.865
      vertex -1.01145 1.39214 186.865
    endloop
  endfacet
  facet normal -0.221061 0.221061 0.949876
    outer loop
      vertex -1.39214 1.01145 186.865
      vertex -2.93534 4.04015 185.801
      vertex -4.04015 2.93534 185.801
    endloop
  endfacet
  facet normal -0.574476 -0.574476 0.583056
    outer loop
      vertex -6.29268 -4.5719 183.778
      vertex -5.76093 -7.92923 180.994
      vertex -4.5719 -6.29268 183.778
    endloop
  endfacet
  facet normal -0.574476 -0.574476 0.583056
    outer loop
      vertex -5.76093 -7.92923 180.994
      vertex -6.29268 -4.5719 183.778
      vertex -7.92923 -5.76093 180.994
    endloop
  endfacet
  facet normal 0.987686 0.156449 0
    outer loop
      vertex 10.8646 0 177.721
      vertex 10.3328 3.35734 176
      vertex 10.3328 3.35734 177.721
    endloop
  endfacet
  facet normal 0.987686 0.156449 0
    outer loop
      vertex 10.3328 3.35734 176
      vertex 10.8646 0 177.721
      vertex 10.8646 0 176
    endloop
  endfacet
  facet normal 0.848389 0.432271 0.305578
    outer loop
      vertex 8.78962 6.38603 177.721
      vertex 7.92923 5.76093 180.994
      vertex 10.3328 3.35734 177.721
    endloop
  endfacet
  facet normal 0.527984 0.269019 0.805519
    outer loop
      vertex 6.29268 4.5719 183.778
      vertex 4.04015 2.93534 185.801
      vertex 7.39748 2.40359 183.778
    endloop
  endfacet
  facet normal 0.368836 0.723882 0.583056
    outer loop
      vertex 5.76093 7.92923 180.994
      vertex 3.0287 9.32137 180.994
      vertex 4.5719 6.29268 183.778
    endloop
  endfacet
  facet normal 0.278553 0.14193 0.949876
    outer loop
      vertex 4.04015 2.93534 185.801
      vertex 1.39214 1.01145 186.865
      vertex 4.74948 1.5432 185.801
    endloop
  endfacet
  facet normal -0.368834 -0.723883 0.583057
    outer loop
      vertex -2.40359 -7.39748 183.778
      vertex -4.5719 -6.29268 183.778
      vertex -3.0287 -9.32137 180.994
    endloop
  endfacet
  facet normal -0.368836 -0.723882 0.583056
    outer loop
      vertex -4.5719 -6.29268 183.778
      vertex -5.76093 -7.92923 180.994
      vertex -3.0287 -9.32137 180.994
    endloop
  endfacet
  facet normal -0.987686 0.156449 0
    outer loop
      vertex -10.8646 0 176
      vertex -10.3328 3.35734 177.721
      vertex -10.3328 3.35734 176
    endloop
  endfacet
  facet normal -0.987686 0.156449 0
    outer loop
      vertex -10.3328 3.35734 177.721
      vertex -10.8646 0 176
      vertex -10.8646 0 177.721
    endloop
  endfacet
  facet normal -0.574476 0.574476 0.583056
    outer loop
      vertex -5.76093 7.92923 180.994
      vertex -6.29268 4.5719 183.778
      vertex -4.5719 6.29268 183.778
    endloop
  endfacet
  facet normal -0.574476 0.574476 0.583056
    outer loop
      vertex -6.29268 4.5719 183.778
      vertex -5.76093 7.92923 180.994
      vertex -7.92923 5.76093 180.994
    endloop
  endfacet
  facet normal -0.308779 -0.048904 0.949876
    outer loop
      vertex -1.72078 0 186.865
      vertex -4.99389 0 185.801
      vertex -4.74948 -1.5432 185.801
    endloop
  endfacet
  facet normal -0.41901 0.41901 0.80552
    outer loop
      vertex -4.5719 6.29268 183.778
      vertex -4.04015 2.93534 185.801
      vertex -2.93534 4.04015 185.801
    endloop
  endfacet
  facet normal -0.41901 0.41901 0.80552
    outer loop
      vertex -4.04015 2.93534 185.801
      vertex -4.5719 6.29268 183.778
      vertex -6.29268 4.5719 183.778
    endloop
  endfacet
  facet normal -0.308778 -0.0489052 0.949876
    outer loop
      vertex -1.72078 0 186.865
      vertex -4.74948 -1.5432 185.801
      vertex -1.63656 -0.53175 186.865
    endloop
  endfacet
  facet normal -0.127092 -0.802428 0.583058
    outer loop
      vertex 0 -7.77817 183.778
      vertex -3.0287 -9.32137 180.994
      vertex 0 -9.80107 180.994
    endloop
  endfacet
  facet normal 0.0489052 -0.308778 0.949876
    outer loop
      vertex 0.53175 -1.63656 186.865
      vertex 0 -1.72078 186.865
      vertex 1.5432 -4.74948 185.801
    endloop
  endfacet
  facet normal -0.156449 -0.987686 0
    outer loop
      vertex -3.35734 -10.3328 176
      vertex 0 -10.8646 177.721
      vertex -3.35734 -10.3328 177.721
    endloop
  endfacet
  facet normal -0.156449 -0.987686 -0
    outer loop
      vertex 0 -10.8646 177.721
      vertex -3.35734 -10.3328 176
      vertex 0 -10.8646 176
    endloop
  endfacet
  facet normal 0.527984 -0.269021 0.805519
    outer loop
      vertex 4.74948 -1.5432 185.801
      vertex 4.04015 -2.93534 185.801
      vertex 7.39748 -2.40359 183.778
    endloop
  endfacet
  facet normal 0.940443 -0.148965 0.305575
    outer loop
      vertex 10.8646 0 177.721
      vertex 9.32137 -3.0287 180.994
      vertex 10.3328 -3.35734 177.721
    endloop
  endfacet
  facet normal -0.707107 -0.707107 0
    outer loop
      vertex -6.38603 -8.78962 176
      vertex -8.78962 -6.38603 177.721
      vertex -8.78962 -6.38603 176
    endloop
  endfacet
  facet normal -0.707107 -0.707107 0
    outer loop
      vertex -8.78962 -6.38603 177.721
      vertex -6.38603 -8.78962 176
      vertex -6.38603 -8.78962 177.721
    endloop
  endfacet
  facet normal 0.707107 -0.707107 0
    outer loop
      vertex 6.38603 -8.78962 177.721
      vertex 8.78962 -6.38603 176
      vertex 8.78962 -6.38603 177.721
    endloop
  endfacet
  facet normal 0.707107 -0.707107 0
    outer loop
      vertex 8.78962 -6.38603 176
      vertex 6.38603 -8.78962 177.721
      vertex 6.38603 -8.78962 176
    endloop
  endfacet
  facet normal 0.269021 0.527984 0.805519
    outer loop
      vertex 2.40359 7.39748 183.778
      vertex 1.5432 4.74948 185.801
      vertex 2.93534 4.04015 185.801
    endloop
  endfacet
  facet normal -0.269019 0.527984 0.805519
    outer loop
      vertex -2.40359 7.39748 183.778
      vertex -4.5719 6.29268 183.778
      vertex -2.93534 4.04015 185.801
    endloop
  endfacet
  facet normal 0.221061 0.221061 0.949876
    outer loop
      vertex 2.93534 4.04015 185.801
      vertex 1.39214 1.01145 186.865
      vertex 4.04015 2.93534 185.801
    endloop
  endfacet
  facet normal 0.221061 0.221061 0.949876
    outer loop
      vertex 1.39214 1.01145 186.865
      vertex 2.93534 4.04015 185.801
      vertex 1.01145 1.39214 186.865
    endloop
  endfacet
  facet normal 0.802429 0.127092 0.583057
    outer loop
      vertex 9.32137 3.0287 180.994
      vertex 7.39748 2.40359 183.778
      vertex 7.77817 0 183.778
    endloop
  endfacet
  facet normal 0.940441 0.148952 0.305587
    outer loop
      vertex 10.8646 0 177.721
      vertex 9.32137 3.0287 180.994
      vertex 9.80107 0 180.994
    endloop
  endfacet
  facet normal 0.802428 0.127092 0.583058
    outer loop
      vertex 9.32137 3.0287 180.994
      vertex 7.77817 0 183.778
      vertex 9.80107 0 180.994
    endloop
  endfacet
  facet normal -0.269021 0.527984 0.805519
    outer loop
      vertex -2.40359 7.39748 183.778
      vertex -2.93534 4.04015 185.801
      vertex -1.5432 4.74948 185.801
    endloop
  endfacet
  facet normal -0.802429 0.127092 0.583057
    outer loop
      vertex -7.39748 2.40359 183.778
      vertex -9.32137 3.0287 180.994
      vertex -7.77817 0 183.778
    endloop
  endfacet
  facet normal -0.891008 0.453987 0
    outer loop
      vertex -10.3328 3.35734 176
      vertex -8.78962 6.38603 177.721
      vertex -8.78962 6.38603 176
    endloop
  endfacet
  facet normal -0.891008 0.453987 0
    outer loop
      vertex -8.78962 6.38603 177.721
      vertex -10.3328 3.35734 176
      vertex -10.3328 3.35734 177.721
    endloop
  endfacet
  facet normal -0.127092 0.802429 0.583057
    outer loop
      vertex 0 7.77817 183.778
      vertex -3.0287 9.32137 180.994
      vertex -2.40359 7.39748 183.778
    endloop
  endfacet
  facet normal -0.048904 0.308779 0.949876
    outer loop
      vertex 0 4.99389 185.801
      vertex -1.5432 4.74948 185.801
      vertex 0 1.72078 186.865
    endloop
  endfacet
  facet normal -0.527984 0.269021 0.805519
    outer loop
      vertex -4.04015 2.93534 185.801
      vertex -7.39748 2.40359 183.778
      vertex -4.74948 1.5432 185.801
    endloop
  endfacet
  facet normal -0.14193 0.278553 0.949876
    outer loop
      vertex -0.53175 1.63656 186.865
      vertex -1.5432 4.74948 185.801
      vertex -1.01145 1.39214 186.865
    endloop
  endfacet
  facet normal -0.278553 -0.14193 0.949876
    outer loop
      vertex -1.39214 -1.01145 186.865
      vertex -4.74948 -1.5432 185.801
      vertex -4.04015 -2.93534 185.801
    endloop
  endfacet
  facet normal -0.848389 -0.432271 0.305578
    outer loop
      vertex -7.92923 -5.76093 180.994
      vertex -10.3328 -3.35734 177.721
      vertex -8.78962 -6.38603 177.721
    endloop
  endfacet
  facet normal 0.127092 -0.802428 0.583058
    outer loop
      vertex 0 -7.77817 183.778
      vertex 0 -9.80107 180.994
      vertex 3.0287 -9.32137 180.994
    endloop
  endfacet
  facet normal 0.368836 -0.723882 0.583056
    outer loop
      vertex 4.5719 -6.29268 183.778
      vertex 3.0287 -9.32137 180.994
      vertex 5.76093 -7.92923 180.994
    endloop
  endfacet
  facet normal 0.802429 -0.127092 0.583057
    outer loop
      vertex 7.77817 0 183.778
      vertex 7.39748 -2.40359 183.778
      vertex 9.32137 -3.0287 180.994
    endloop
  endfacet
  facet normal 0.987686 -0.156449 0
    outer loop
      vertex 10.3328 -3.35734 177.721
      vertex 10.8646 0 176
      vertex 10.8646 0 177.721
    endloop
  endfacet
  facet normal 0.987686 -0.156449 0
    outer loop
      vertex 10.8646 0 176
      vertex 10.3328 -3.35734 177.721
      vertex 10.3328 -3.35734 176
    endloop
  endfacet
  facet normal 0.368834 -0.723883 0.583057
    outer loop
      vertex 4.5719 -6.29268 183.778
      vertex 2.40359 -7.39748 183.778
      vertex 3.0287 -9.32137 180.994
    endloop
  endfacet
  facet normal 0.432271 0.848389 0.305578
    outer loop
      vertex 6.38603 8.78962 177.721
      vertex 3.35734 10.3328 177.721
      vertex 5.76093 7.92923 180.994
    endloop
  endfacet
  facet normal 0.156449 0.987686 -0
    outer loop
      vertex 3.35734 10.3328 176
      vertex 0 10.8646 177.721
      vertex 3.35734 10.3328 177.721
    endloop
  endfacet
  facet normal 0.156449 0.987686 0
    outer loop
      vertex 0 10.8646 177.721
      vertex 3.35734 10.3328 176
      vertex 0 10.8646 176
    endloop
  endfacet
  facet normal 0.673284 0.673284 0.305578
    outer loop
      vertex 5.76093 7.92923 180.994
      vertex 8.78962 6.38603 177.721
      vertex 6.38603 8.78962 177.721
    endloop
  endfacet
  facet normal 0.673284 0.673284 0.305578
    outer loop
      vertex 8.78962 6.38603 177.721
      vertex 5.76093 7.92923 180.994
      vertex 7.92923 5.76093 180.994
    endloop
  endfacet
  facet normal 0.453987 0.891008 -0
    outer loop
      vertex 6.38603 8.78962 176
      vertex 3.35734 10.3328 177.721
      vertex 6.38603 8.78962 177.721
    endloop
  endfacet
  facet normal 0.453987 0.891008 0
    outer loop
      vertex 3.35734 10.3328 177.721
      vertex 6.38603 8.78962 176
      vertex 3.35734 10.3328 176
    endloop
  endfacet
  facet normal 0.148952 0.940441 0.305587
    outer loop
      vertex 0 10.8646 177.721
      vertex 0 9.80107 180.994
      vertex 3.0287 9.32137 180.994
    endloop
  endfacet
  facet normal 0.127092 0.802428 0.583058
    outer loop
      vertex 0 9.80107 180.994
      vertex 0 7.77817 183.778
      vertex 3.0287 9.32137 180.994
    endloop
  endfacet
  facet normal -0.0926981 0.585275 0.805519
    outer loop
      vertex 0 7.77817 183.778
      vertex -2.40359 7.39748 183.778
      vertex -1.5432 4.74948 185.801
    endloop
  endfacet
  facet normal -0.0926949 0.585274 0.80552
    outer loop
      vertex 0 7.77817 183.778
      vertex -1.5432 4.74948 185.801
      vertex 0 4.99389 185.801
    endloop
  endfacet
  facet normal 0.278553 0.14193 0.949876
    outer loop
      vertex 4.74948 1.5432 185.801
      vertex 1.39214 1.01145 186.865
      vertex 1.63656 0.53175 186.865
    endloop
  endfacet
  facet normal 0.308778 0.0489052 0.949876
    outer loop
      vertex 4.74948 1.5432 185.801
      vertex 1.63656 0.53175 186.865
      vertex 1.72078 0 186.865
    endloop
  endfacet
  facet normal 0.368834 0.723883 0.583057
    outer loop
      vertex 3.0287 9.32137 180.994
      vertex 2.40359 7.39748 183.778
      vertex 4.5719 6.29268 183.778
    endloop
  endfacet
  facet normal 0.0489052 0.308778 0.949876
    outer loop
      vertex 1.5432 4.74948 185.801
      vertex 0 1.72078 186.865
      vertex 0.53175 1.63656 186.865
    endloop
  endfacet
  facet normal 0.723882 0.368836 0.583056
    outer loop
      vertex 7.92923 5.76093 180.994
      vertex 6.29268 4.5719 183.778
      vertex 9.32137 3.0287 180.994
    endloop
  endfacet
  facet normal 0.802428 -0.127092 0.583058
    outer loop
      vertex 9.80107 0 180.994
      vertex 7.77817 0 183.778
      vertex 9.32137 -3.0287 180.994
    endloop
  endfacet
  facet normal 0.940441 -0.148952 0.305587
    outer loop
      vertex 9.80107 0 180.994
      vertex 9.32137 -3.0287 180.994
      vertex 10.8646 0 177.721
    endloop
  endfacet
  facet normal -0.278553 0.14193 0.949876
    outer loop
      vertex -4.04015 2.93534 185.801
      vertex -4.74948 1.5432 185.801
      vertex -1.39214 1.01145 186.865
    endloop
  endfacet
  facet normal -0.940441 0.148952 0.305587
    outer loop
      vertex -9.32137 3.0287 180.994
      vertex -10.8646 0 177.721
      vertex -9.80107 0 180.994
    endloop
  endfacet
  facet normal -0.940443 0.148965 0.305575
    outer loop
      vertex -10.3328 3.35734 177.721
      vertex -10.8646 0 177.721
      vertex -9.32137 3.0287 180.994
    endloop
  endfacet
  facet normal -0.940441 -0.148952 0.305587
    outer loop
      vertex -9.80107 0 180.994
      vertex -10.8646 0 177.721
      vertex -9.32137 -3.0287 180.994
    endloop
  endfacet
  facet normal -0.802428 0.127092 0.583058
    outer loop
      vertex -9.32137 3.0287 180.994
      vertex -9.80107 0 180.994
      vertex -7.77817 0 183.778
    endloop
  endfacet
  facet normal -0.707107 0.707107 0
    outer loop
      vertex -8.78962 6.38603 176
      vertex -6.38603 8.78962 177.721
      vertex -6.38603 8.78962 176
    endloop
  endfacet
  facet normal -0.707107 0.707107 0
    outer loop
      vertex -6.38603 8.78962 177.721
      vertex -8.78962 6.38603 176
      vertex -8.78962 6.38603 177.721
    endloop
  endfacet
  facet normal -0.148965 0.940443 0.305575
    outer loop
      vertex 0 10.8646 177.721
      vertex -3.35734 10.3328 177.721
      vertex -3.0287 9.32137 180.994
    endloop
  endfacet
  facet normal -0.848389 0.432271 0.305578
    outer loop
      vertex -8.78962 6.38603 177.721
      vertex -10.3328 3.35734 177.721
      vertex -7.92923 5.76093 180.994
    endloop
  endfacet
  facet normal -0.848388 0.432275 0.305575
    outer loop
      vertex -7.92923 5.76093 180.994
      vertex -10.3328 3.35734 177.721
      vertex -9.32137 3.0287 180.994
    endloop
  endfacet
  facet normal -0.453987 0.891008 0
    outer loop
      vertex -3.35734 10.3328 176
      vertex -6.38603 8.78962 177.721
      vertex -3.35734 10.3328 177.721
    endloop
  endfacet
  facet normal -0.453987 0.891008 0
    outer loop
      vertex -6.38603 8.78962 177.721
      vertex -3.35734 10.3328 176
      vertex -6.38603 8.78962 176
    endloop
  endfacet
  facet normal -0.156449 0.987686 0
    outer loop
      vertex 0 10.8646 176
      vertex -3.35734 10.3328 177.721
      vertex 0 10.8646 177.721
    endloop
  endfacet
  facet normal -0.156449 0.987686 0
    outer loop
      vertex -3.35734 10.3328 177.721
      vertex 0 10.8646 176
      vertex -3.35734 10.3328 176
    endloop
  endfacet
  facet normal 0.41901 0.41901 0.80552
    outer loop
      vertex 4.5719 6.29268 183.778
      vertex 4.04015 2.93534 185.801
      vertex 6.29268 4.5719 183.778
    endloop
  endfacet
  facet normal 0.41901 0.41901 0.80552
    outer loop
      vertex 4.04015 2.93534 185.801
      vertex 4.5719 6.29268 183.778
      vertex 2.93534 4.04015 185.801
    endloop
  endfacet
  facet normal 0.14193 0.278553 0.949876
    outer loop
      vertex 1.5432 4.74948 185.801
      vertex 1.01145 1.39214 186.865
      vertex 2.93534 4.04015 185.801
    endloop
  endfacet
  facet normal -0.221061 -0.221061 0.949876
    outer loop
      vertex -1.39214 -1.01145 186.865
      vertex -2.93534 -4.04015 185.801
      vertex -1.01145 -1.39214 186.865
    endloop
  endfacet
  facet normal -0.221061 -0.221061 0.949876
    outer loop
      vertex -2.93534 -4.04015 185.801
      vertex -1.39214 -1.01145 186.865
      vertex -4.04015 -2.93534 185.801
    endloop
  endfacet
  facet normal 0.269019 -0.527984 0.805519
    outer loop
      vertex 2.93534 -4.04015 185.801
      vertex 2.40359 -7.39748 183.778
      vertex 4.5719 -6.29268 183.778
    endloop
  endfacet
  facet normal 0.585275 -0.0926981 0.805519
    outer loop
      vertex 7.77817 0 183.778
      vertex 4.74948 -1.5432 185.801
      vertex 7.39748 -2.40359 183.778
    endloop
  endfacet
  facet normal -0.148965 -0.940443 0.305575
    outer loop
      vertex -3.0287 -9.32137 180.994
      vertex -3.35734 -10.3328 177.721
      vertex 0 -10.8646 177.721
    endloop
  endfacet
  facet normal -0.723882 -0.368836 0.583056
    outer loop
      vertex -6.29268 -4.5719 183.778
      vertex -9.32137 -3.0287 180.994
      vertex -7.92923 -5.76093 180.994
    endloop
  endfacet
  facet normal -0.848388 -0.432275 0.305575
    outer loop
      vertex -9.32137 -3.0287 180.994
      vertex -10.3328 -3.35734 177.721
      vertex -7.92923 -5.76093 180.994
    endloop
  endfacet
  facet normal -0.0489052 -0.308778 0.949876
    outer loop
      vertex -0.53175 -1.63656 186.865
      vertex -1.5432 -4.74948 185.801
      vertex 0 -1.72078 186.865
    endloop
  endfacet
  facet normal -0.127092 -0.802429 0.583057
    outer loop
      vertex -2.40359 -7.39748 183.778
      vertex -3.0287 -9.32137 180.994
      vertex 0 -7.77817 183.778
    endloop
  endfacet
  facet normal 0.585274 -0.0926949 0.80552
    outer loop
      vertex 4.99389 0 185.801
      vertex 4.74948 -1.5432 185.801
      vertex 7.77817 0 183.778
    endloop
  endfacet
  facet normal 0.308779 -0.048904 0.949876
    outer loop
      vertex 4.99389 0 185.801
      vertex 1.72078 0 186.865
      vertex 4.74948 -1.5432 185.801
    endloop
  endfacet
  facet normal 0.453987 -0.891008 0
    outer loop
      vertex 3.35734 -10.3328 176
      vertex 6.38603 -8.78962 177.721
      vertex 3.35734 -10.3328 177.721
    endloop
  endfacet
  facet normal 0.453987 -0.891008 0
    outer loop
      vertex 6.38603 -8.78962 177.721
      vertex 3.35734 -10.3328 176
      vertex 6.38603 -8.78962 176
    endloop
  endfacet
  facet normal 0.148965 -0.940443 0.305575
    outer loop
      vertex 3.0287 -9.32137 180.994
      vertex 0 -10.8646 177.721
      vertex 3.35734 -10.3328 177.721
    endloop
  endfacet
  facet normal 0.156449 -0.987686 0
    outer loop
      vertex 0 -10.8646 176
      vertex 3.35734 -10.3328 177.721
      vertex 0 -10.8646 177.721
    endloop
  endfacet
  facet normal 0.156449 -0.987686 0
    outer loop
      vertex 3.35734 -10.3328 177.721
      vertex 0 -10.8646 176
      vertex 3.35734 -10.3328 176
    endloop
  endfacet
  facet normal 0.707107 0.707107 0
    outer loop
      vertex 8.78962 6.38603 177.721
      vertex 6.38603 8.78962 176
      vertex 6.38603 8.78962 177.721
    endloop
  endfacet
  facet normal 0.707107 0.707107 0
    outer loop
      vertex 6.38603 8.78962 176
      vertex 8.78962 6.38603 177.721
      vertex 8.78962 6.38603 176
    endloop
  endfacet
  facet normal -0.127092 0.802428 0.583058
    outer loop
      vertex 0 9.80107 180.994
      vertex -3.0287 9.32137 180.994
      vertex 0 7.77817 183.778
    endloop
  endfacet
  facet normal -0.368834 0.723883 0.583057
    outer loop
      vertex -3.0287 9.32137 180.994
      vertex -4.5719 6.29268 183.778
      vertex -2.40359 7.39748 183.778
    endloop
  endfacet
  facet normal 0.527984 0.269021 0.805519
    outer loop
      vertex 7.39748 2.40359 183.778
      vertex 4.04015 2.93534 185.801
      vertex 4.74948 1.5432 185.801
    endloop
  endfacet
  facet normal 0.585275 0.0926981 0.805519
    outer loop
      vertex 7.39748 2.40359 183.778
      vertex 4.74948 1.5432 185.801
      vertex 7.77817 0 183.778
    endloop
  endfacet
  facet normal 0.269019 0.527984 0.805519
    outer loop
      vertex 4.5719 6.29268 183.778
      vertex 2.40359 7.39748 183.778
      vertex 2.93534 4.04015 185.801
    endloop
  endfacet
  facet normal 0.14193 0.278553 0.949876
    outer loop
      vertex 1.5432 4.74948 185.801
      vertex 0.53175 1.63656 186.865
      vertex 1.01145 1.39214 186.865
    endloop
  endfacet
  facet normal -0.802428 -0.127092 0.583058
    outer loop
      vertex -7.77817 0 183.778
      vertex -9.80107 0 180.994
      vertex -9.32137 -3.0287 180.994
    endloop
  endfacet
  facet normal -0.802429 -0.127092 0.583057
    outer loop
      vertex -7.77817 0 183.778
      vertex -9.32137 -3.0287 180.994
      vertex -7.39748 -2.40359 183.778
    endloop
  endfacet
  facet normal -0.585275 0.0926981 0.805519
    outer loop
      vertex -7.39748 2.40359 183.778
      vertex -7.77817 0 183.778
      vertex -4.74948 1.5432 185.801
    endloop
  endfacet
  facet normal -0.308779 0.048904 0.949876
    outer loop
      vertex -4.74948 1.5432 185.801
      vertex -4.99389 0 185.801
      vertex -1.72078 0 186.865
    endloop
  endfacet
  facet normal -0.673284 0.673284 0.305578
    outer loop
      vertex -6.38603 8.78962 177.721
      vertex -7.92923 5.76093 180.994
      vertex -5.76093 7.92923 180.994
    endloop
  endfacet
  facet normal -0.673284 0.673284 0.305578
    outer loop
      vertex -7.92923 5.76093 180.994
      vertex -6.38603 8.78962 177.721
      vertex -8.78962 6.38603 177.721
    endloop
  endfacet
  facet normal -0.148952 0.940441 0.305587
    outer loop
      vertex 0 10.8646 177.721
      vertex -3.0287 9.32137 180.994
      vertex 0 9.80107 180.994
    endloop
  endfacet
  facet normal -0.432275 0.848388 0.305575
    outer loop
      vertex -3.35734 10.3328 177.721
      vertex -5.76093 7.92923 180.994
      vertex -3.0287 9.32137 180.994
    endloop
  endfacet
  facet normal 0.148965 0.940443 0.305575
    outer loop
      vertex 3.35734 10.3328 177.721
      vertex 0 10.8646 177.721
      vertex 3.0287 9.32137 180.994
    endloop
  endfacet
  facet normal -0.0489052 0.308778 0.949876
    outer loop
      vertex 0 1.72078 186.865
      vertex -1.5432 4.74948 185.801
      vertex -0.53175 1.63656 186.865
    endloop
  endfacet
  facet normal -0.527984 -0.269021 0.805519
    outer loop
      vertex -4.74948 -1.5432 185.801
      vertex -7.39748 -2.40359 183.778
      vertex -4.04015 -2.93534 185.801
    endloop
  endfacet
  facet normal -0.269021 -0.527984 0.805519
    outer loop
      vertex -1.5432 -4.74948 185.801
      vertex -2.93534 -4.04015 185.801
      vertex -2.40359 -7.39748 183.778
    endloop
  endfacet
  facet normal -0.0926981 -0.585275 0.805519
    outer loop
      vertex -1.5432 -4.74948 185.801
      vertex -2.40359 -7.39748 183.778
      vertex 0 -7.77817 183.778
    endloop
  endfacet
  facet normal 0.14193 -0.278553 0.949876
    outer loop
      vertex 1.01145 -1.39214 186.865
      vertex 0.53175 -1.63656 186.865
      vertex 1.5432 -4.74948 185.801
    endloop
  endfacet
  facet normal -0.41901 -0.41901 0.80552
    outer loop
      vertex -4.04015 -2.93534 185.801
      vertex -4.5719 -6.29268 183.778
      vertex -2.93534 -4.04015 185.801
    endloop
  endfacet
  facet normal -0.41901 -0.41901 0.80552
    outer loop
      vertex -4.5719 -6.29268 183.778
      vertex -4.04015 -2.93534 185.801
      vertex -6.29268 -4.5719 183.778
    endloop
  endfacet
  facet normal -0.527984 -0.269019 0.805519
    outer loop
      vertex -4.04015 -2.93534 185.801
      vertex -7.39748 -2.40359 183.778
      vertex -6.29268 -4.5719 183.778
    endloop
  endfacet
  facet normal -0.14193 -0.278553 0.949876
    outer loop
      vertex -1.01145 -1.39214 186.865
      vertex -2.93534 -4.04015 185.801
      vertex -1.5432 -4.74948 185.801
    endloop
  endfacet
  facet normal -0.269019 -0.527984 0.805519
    outer loop
      vertex -2.93534 -4.04015 185.801
      vertex -4.5719 -6.29268 183.778
      vertex -2.40359 -7.39748 183.778
    endloop
  endfacet
  facet normal -0.148952 -0.940441 0.305587
    outer loop
      vertex 0 -9.80107 180.994
      vertex -3.0287 -9.32137 180.994
      vertex 0 -10.8646 177.721
    endloop
  endfacet
  facet normal 0.148952 -0.940441 0.305587
    outer loop
      vertex 0 -9.80107 180.994
      vertex 0 -10.8646 177.721
      vertex 3.0287 -9.32137 180.994
    endloop
  endfacet
  facet normal -0.048904 -0.308779 0.949876
    outer loop
      vertex 0 -1.72078 186.865
      vertex -1.5432 -4.74948 185.801
      vertex 0 -4.99389 185.801
    endloop
  endfacet
  facet normal -0.0926949 -0.585274 0.80552
    outer loop
      vertex 0 -4.99389 185.801
      vertex -1.5432 -4.74948 185.801
      vertex 0 -7.77817 183.778
    endloop
  endfacet
  facet normal 0.891008 0.453987 0
    outer loop
      vertex 10.3328 3.35734 177.721
      vertex 8.78962 6.38603 176
      vertex 8.78962 6.38603 177.721
    endloop
  endfacet
  facet normal 0.891008 0.453987 0
    outer loop
      vertex 8.78962 6.38603 176
      vertex 10.3328 3.35734 177.721
      vertex 10.3328 3.35734 176
    endloop
  endfacet
  facet normal 0.848388 0.432275 0.305575
    outer loop
      vertex 10.3328 3.35734 177.721
      vertex 7.92923 5.76093 180.994
      vertex 9.32137 3.0287 180.994
    endloop
  endfacet
  facet normal 0.940443 0.148965 0.305575
    outer loop
      vertex 10.3328 3.35734 177.721
      vertex 9.32137 3.0287 180.994
      vertex 10.8646 0 177.721
    endloop
  endfacet
  facet normal 0.221061 -0.221061 0.949876
    outer loop
      vertex 1.39214 -1.01145 186.865
      vertex 2.93534 -4.04015 185.801
      vertex 4.04015 -2.93534 185.801
    endloop
  endfacet
  facet normal 0.221061 -0.221061 0.949876
    outer loop
      vertex 2.93534 -4.04015 185.801
      vertex 1.39214 -1.01145 186.865
      vertex 1.01145 -1.39214 186.865
    endloop
  endfacet
  facet normal 0.269021 -0.527984 0.805519
    outer loop
      vertex 2.93534 -4.04015 185.801
      vertex 1.5432 -4.74948 185.801
      vertex 2.40359 -7.39748 183.778
    endloop
  endfacet
  facet normal 0.278553 -0.14193 0.949876
    outer loop
      vertex 4.74948 -1.5432 185.801
      vertex 1.39214 -1.01145 186.865
      vertex 4.04015 -2.93534 185.801
    endloop
  endfacet
  facet normal 0.0926981 -0.585275 0.805519
    outer loop
      vertex 1.5432 -4.74948 185.801
      vertex 0 -7.77817 183.778
      vertex 2.40359 -7.39748 183.778
    endloop
  endfacet
  facet normal 0.127092 -0.802429 0.583057
    outer loop
      vertex 2.40359 -7.39748 183.778
      vertex 0 -7.77817 183.778
      vertex 3.0287 -9.32137 180.994
    endloop
  endfacet
  facet normal 0.723882 -0.368836 0.583056
    outer loop
      vertex 9.32137 -3.0287 180.994
      vertex 6.29268 -4.5719 183.778
      vertex 7.92923 -5.76093 180.994
    endloop
  endfacet
  facet normal 0.574476 -0.574476 0.583056
    outer loop
      vertex 6.29268 -4.5719 183.778
      vertex 5.76093 -7.92923 180.994
      vertex 7.92923 -5.76093 180.994
    endloop
  endfacet
  facet normal 0.574476 -0.574476 0.583056
    outer loop
      vertex 5.76093 -7.92923 180.994
      vertex 6.29268 -4.5719 183.778
      vertex 4.5719 -6.29268 183.778
    endloop
  endfacet
  facet normal 0.432271 -0.848389 0.305578
    outer loop
      vertex 5.76093 -7.92923 180.994
      vertex 3.35734 -10.3328 177.721
      vertex 6.38603 -8.78962 177.721
    endloop
  endfacet
  facet normal 0.432275 -0.848388 0.305575
    outer loop
      vertex 5.76093 -7.92923 180.994
      vertex 3.0287 -9.32137 180.994
      vertex 3.35734 -10.3328 177.721
    endloop
  endfacet
  facet normal 0.0926981 0.585275 0.805519
    outer loop
      vertex 2.40359 7.39748 183.778
      vertex 0 7.77817 183.778
      vertex 1.5432 4.74948 185.801
    endloop
  endfacet
  facet normal 0.0926949 0.585274 0.80552
    outer loop
      vertex 0 7.77817 183.778
      vertex 0 4.99389 185.801
      vertex 1.5432 4.74948 185.801
    endloop
  endfacet
  facet normal -0.585274 0.0926949 0.80552
    outer loop
      vertex -4.74948 1.5432 185.801
      vertex -7.77817 0 183.778
      vertex -4.99389 0 185.801
    endloop
  endfacet
  facet normal -0.585274 -0.0926949 0.80552
    outer loop
      vertex -4.99389 0 185.801
      vertex -7.77817 0 183.778
      vertex -4.74948 -1.5432 185.801
    endloop
  endfacet
  facet normal -0.723883 0.368834 0.583057
    outer loop
      vertex -6.29268 4.5719 183.778
      vertex -9.32137 3.0287 180.994
      vertex -7.39748 2.40359 183.778
    endloop
  endfacet
  facet normal 0 0 1
    outer loop
      vertex 1.63656 0.53175 186.865
      vertex 1.63656 -0.53175 186.865
      vertex 1.72078 0 186.865
    endloop
  endfacet
  facet normal 0 0 1
    outer loop
      vertex 1.39214 1.01145 186.865
      vertex 1.63656 -0.53175 186.865
      vertex 1.63656 0.53175 186.865
    endloop
  endfacet
  facet normal 0 0 1
    outer loop
      vertex 1.39214 1.01145 186.865
      vertex 1.39214 -1.01145 186.865
      vertex 1.63656 -0.53175 186.865
    endloop
  endfacet
  facet normal 0 0 1
    outer loop
      vertex 1.01145 1.39214 186.865
      vertex 1.39214 -1.01145 186.865
      vertex 1.39214 1.01145 186.865
    endloop
  endfacet
  facet normal 0 0 1
    outer loop
      vertex 1.01145 1.39214 186.865
      vertex 1.01145 -1.39214 186.865
      vertex 1.39214 -1.01145 186.865
    endloop
  endfacet
  facet normal 0 0 1
    outer loop
      vertex 0.53175 1.63656 186.865
      vertex 1.01145 -1.39214 186.865
      vertex 1.01145 1.39214 186.865
    endloop
  endfacet
  facet normal 0 0 1
    outer loop
      vertex 0.53175 1.63656 186.865
      vertex 0.53175 -1.63656 186.865
      vertex 1.01145 -1.39214 186.865
    endloop
  endfacet
  facet normal 0 0 1
    outer loop
      vertex 0 1.72078 186.865
      vertex 0.53175 -1.63656 186.865
      vertex 0.53175 1.63656 186.865
    endloop
  endfacet
  facet normal 0 0 1
    outer loop
      vertex 0 1.72078 186.865
      vertex 0 -1.72078 186.865
      vertex 0.53175 -1.63656 186.865
    endloop
  endfacet
  facet normal -0 0 1
    outer loop
      vertex -0.53175 1.63656 186.865
      vertex 0 -1.72078 186.865
      vertex 0 1.72078 186.865
    endloop
  endfacet
  facet normal 0 0 1
    outer loop
      vertex -0.53175 1.63656 186.865
      vertex -0.53175 -1.63656 186.865
      vertex 0 -1.72078 186.865
    endloop
  endfacet
  facet normal -0 0 1
    outer loop
      vertex -1.01145 1.39214 186.865
      vertex -0.53175 -1.63656 186.865
      vertex -0.53175 1.63656 186.865
    endloop
  endfacet
  facet normal 0 0 1
    outer loop
      vertex -1.01145 1.39214 186.865
      vertex -1.01145 -1.39214 186.865
      vertex -0.53175 -1.63656 186.865
    endloop
  endfacet
  facet normal -0 0 1
    outer loop
      vertex -1.39214 1.01145 186.865
      vertex -1.01145 -1.39214 186.865
      vertex -1.01145 1.39214 186.865
    endloop
  endfacet
  facet normal 0 0 1
    outer loop
      vertex -1.39214 1.01145 186.865
      vertex -1.39214 -1.01145 186.865
      vertex -1.01145 -1.39214 186.865
    endloop
  endfacet
  facet normal -0 0 1
    outer loop
      vertex -1.63656 0.53175 186.865
      vertex -1.39214 -1.01145 186.865
      vertex -1.39214 1.01145 186.865
    endloop
  endfacet
  facet normal 0 0 1
    outer loop
      vertex -1.63656 0.53175 186.865
      vertex -1.63656 -0.53175 186.865
      vertex -1.39214 -1.01145 186.865
    endloop
  endfacet
  facet normal 0 -0 1
    outer loop
      vertex -1.63656 -0.53175 186.865
      vertex -1.63656 0.53175 186.865
      vertex -1.72078 0 186.865
    endloop
  endfacet
  facet normal -0.14193 0.278553 0.949876
    outer loop
      vertex -1.5432 4.74948 185.801
      vertex -2.93534 4.04015 185.801
      vertex -1.01145 1.39214 186.865
    endloop
  endfacet
  facet normal -0.891008 -0.453987 0
    outer loop
      vertex -8.78962 -6.38603 176
      vertex -10.3328 -3.35734 177.721
      vertex -10.3328 -3.35734 176
    endloop
  endfacet
  facet normal -0.891008 -0.453987 0
    outer loop
      vertex -10.3328 -3.35734 177.721
      vertex -8.78962 -6.38603 176
      vertex -8.78962 -6.38603 177.721
    endloop
  endfacet
  facet normal -0.278553 -0.14193 0.949876
    outer loop
      vertex -1.63656 -0.53175 186.865
      vertex -4.74948 -1.5432 185.801
      vertex -1.39214 -1.01145 186.865
    endloop
  endfacet
  facet normal 0.0926949 -0.585274 0.80552
    outer loop
      vertex 0 -4.99389 185.801
      vertex 0 -7.77817 183.778
      vertex 1.5432 -4.74948 185.801
    endloop
  endfacet
  facet normal 0.048904 -0.308779 0.949876
    outer loop
      vertex 0 -1.72078 186.865
      vertex 0 -4.99389 185.801
      vertex 1.5432 -4.74948 185.801
    endloop
  endfacet
  facet normal 0.278553 -0.14193 0.949876
    outer loop
      vertex 1.63656 -0.53175 186.865
      vertex 1.39214 -1.01145 186.865
      vertex 4.74948 -1.5432 185.801
    endloop
  endfacet
  facet normal 0.308778 -0.0489052 0.949876
    outer loop
      vertex 1.72078 0 186.865
      vertex 1.63656 -0.53175 186.865
      vertex 4.74948 -1.5432 185.801
    endloop
  endfacet
  facet normal 0.848388 -0.432275 0.305575
    outer loop
      vertex 9.32137 -3.0287 180.994
      vertex 7.92923 -5.76093 180.994
      vertex 10.3328 -3.35734 177.721
    endloop
  endfacet
  facet normal 0.723883 -0.368834 0.583057
    outer loop
      vertex 7.39748 -2.40359 183.778
      vertex 6.29268 -4.5719 183.778
      vertex 9.32137 -3.0287 180.994
    endloop
  endfacet
  facet normal -0.278553 0.14193 0.949876
    outer loop
      vertex -1.39214 1.01145 186.865
      vertex -4.74948 1.5432 185.801
      vertex -1.63656 0.53175 186.865
    endloop
  endfacet
  facet normal -0.308778 0.0489052 0.949876
    outer loop
      vertex -1.63656 0.53175 186.865
      vertex -4.74948 1.5432 185.801
      vertex -1.72078 0 186.865
    endloop
  endfacet
  facet normal -0.723882 0.368836 0.583056
    outer loop
      vertex -7.92923 5.76093 180.994
      vertex -9.32137 3.0287 180.994
      vertex -6.29268 4.5719 183.778
    endloop
  endfacet
  facet normal -0.14193 -0.278553 0.949876
    outer loop
      vertex -1.01145 -1.39214 186.865
      vertex -1.5432 -4.74948 185.801
      vertex -0.53175 -1.63656 186.865
    endloop
  endfacet
  facet normal -0.432275 -0.848388 0.305575
    outer loop
      vertex -3.0287 -9.32137 180.994
      vertex -5.76093 -7.92923 180.994
      vertex -3.35734 -10.3328 177.721
    endloop
  endfacet
  facet normal -0.453987 -0.891008 0
    outer loop
      vertex -6.38603 -8.78962 176
      vertex -3.35734 -10.3328 177.721
      vertex -6.38603 -8.78962 177.721
    endloop
  endfacet
  facet normal -0.453987 -0.891008 -0
    outer loop
      vertex -3.35734 -10.3328 177.721
      vertex -6.38603 -8.78962 176
      vertex -3.35734 -10.3328 176
    endloop
  endfacet
  facet normal 0.41901 -0.41901 0.80552
    outer loop
      vertex 4.04015 -2.93534 185.801
      vertex 4.5719 -6.29268 183.778
      vertex 6.29268 -4.5719 183.778
    endloop
  endfacet
  facet normal 0.41901 -0.41901 0.80552
    outer loop
      vertex 4.5719 -6.29268 183.778
      vertex 4.04015 -2.93534 185.801
      vertex 2.93534 -4.04015 185.801
    endloop
  endfacet
  facet normal 0.527984 -0.269019 0.805519
    outer loop
      vertex 7.39748 -2.40359 183.778
      vertex 4.04015 -2.93534 185.801
      vertex 6.29268 -4.5719 183.778
    endloop
  endfacet
  facet normal 0.673284 -0.673284 0.305578
    outer loop
      vertex 5.76093 -7.92923 180.994
      vertex 8.78962 -6.38603 177.721
      vertex 7.92923 -5.76093 180.994
    endloop
  endfacet
  facet normal 0.673284 -0.673284 0.305578
    outer loop
      vertex 8.78962 -6.38603 177.721
      vertex 5.76093 -7.92923 180.994
      vertex 6.38603 -8.78962 177.721
    endloop
  endfacet
  facet normal 0.848389 -0.432271 0.305578
    outer loop
      vertex 10.3328 -3.35734 177.721
      vertex 7.92923 -5.76093 180.994
      vertex 8.78962 -6.38603 177.721
    endloop
  endfacet
  facet normal -0.527984 0.269019 0.805519
    outer loop
      vertex -6.29268 4.5719 183.778
      vertex -7.39748 2.40359 183.778
      vertex -4.04015 2.93534 185.801
    endloop
  endfacet
  facet normal -0.432271 -0.848389 0.305578
    outer loop
      vertex -5.76093 -7.92923 180.994
      vertex -6.38603 -8.78962 177.721
      vertex -3.35734 -10.3328 177.721
    endloop
  endfacet
  facet normal -0.673284 -0.673284 0.305578
    outer loop
      vertex -8.78962 -6.38603 177.721
      vertex -5.76093 -7.92923 180.994
      vertex -7.92923 -5.76093 180.994
    endloop
  endfacet
  facet normal -0.673284 -0.673284 0.305578
    outer loop
      vertex -5.76093 -7.92923 180.994
      vertex -8.78962 -6.38603 177.721
      vertex -6.38603 -8.78962 177.721
    endloop
  endfacet
  facet normal 0.608768 0.793348 -0
    outer loop
      vertex 14.1421 14.1421 140
      vertex 10 17.3205 148
      vertex 14.1421 14.1421 148
    endloop
  endfacet
  facet normal 0.608768 0.793348 0
    outer loop
      vertex 10 17.3205 148
      vertex 14.1421 14.1421 140
      vertex 10 17.3205 140
    endloop
  endfacet
  facet normal 0.991444 -0.130529 0
    outer loop
      vertex 19.3185 -5.17638 148
      vertex 20 0 140
      vertex 20 0 148
    endloop
  endfacet
  facet normal 0.991444 -0.130529 0
    outer loop
      vertex 20 0 140
      vertex 19.3185 -5.17638 148
      vertex 19.3185 -5.17638 140
    endloop
  endfacet
  facet normal -0.382682 -0.92388 0
    outer loop
      vertex -10 -17.3205 140
      vertex -5.17638 -19.3185 148
      vertex -10 -17.3205 148
    endloop
  endfacet
  facet normal -0.382682 -0.92388 -0
    outer loop
      vertex -5.17638 -19.3185 148
      vertex -10 -17.3205 140
      vertex -5.17638 -19.3185 140
    endloop
  endfacet
  facet normal 0.793348 0.608768 0
    outer loop
      vertex 17.3205 10 148
      vertex 14.1421 14.1421 140
      vertex 14.1421 14.1421 148
    endloop
  endfacet
  facet normal 0.793348 0.608768 0
    outer loop
      vertex 14.1421 14.1421 140
      vertex 17.3205 10 148
      vertex 17.3205 10 140
    endloop
  endfacet
  facet normal 0.92388 0.382682 0
    outer loop
      vertex 19.3185 5.17638 148
      vertex 17.3205 10 140
      vertex 17.3205 10 148
    endloop
  endfacet
  facet normal 0.92388 0.382682 0
    outer loop
      vertex 17.3205 10 140
      vertex 19.3185 5.17638 148
      vertex 19.3185 5.17638 140
    endloop
  endfacet
  facet normal -0.382682 0.92388 0
    outer loop
      vertex -5.17638 19.3185 140
      vertex -10 17.3205 148
      vertex -5.17638 19.3185 148
    endloop
  endfacet
  facet normal -0.382682 0.92388 0
    outer loop
      vertex -10 17.3205 148
      vertex -5.17638 19.3185 140
      vertex -10 17.3205 140
    endloop
  endfacet
  facet normal -0.608768 0.793348 0
    outer loop
      vertex -10 17.3205 140
      vertex -14.1421 14.1421 148
      vertex -10 17.3205 148
    endloop
  endfacet
  facet normal -0.608768 0.793348 0
    outer loop
      vertex -14.1421 14.1421 148
      vertex -10 17.3205 140
      vertex -14.1421 14.1421 140
    endloop
  endfacet
  facet normal 0.608768 -0.793348 0
    outer loop
      vertex 10 -17.3205 140
      vertex 14.1421 -14.1421 148
      vertex 10 -17.3205 148
    endloop
  endfacet
  facet normal 0.608768 -0.793348 0
    outer loop
      vertex 14.1421 -14.1421 148
      vertex 10 -17.3205 140
      vertex 14.1421 -14.1421 140
    endloop
  endfacet
  facet normal -0.608768 -0.793348 0
    outer loop
      vertex -14.1421 -14.1421 140
      vertex -10 -17.3205 148
      vertex -14.1421 -14.1421 148
    endloop
  endfacet
  facet normal -0.608768 -0.793348 -0
    outer loop
      vertex -10 -17.3205 148
      vertex -14.1421 -14.1421 140
      vertex -10 -17.3205 140
    endloop
  endfacet
  facet normal -0.793348 -0.608768 0
    outer loop
      vertex -14.1421 -14.1421 140
      vertex -17.3205 -10 148
      vertex -17.3205 -10 140
    endloop
  endfacet
  facet normal -0.793348 -0.608768 0
    outer loop
      vertex -17.3205 -10 148
      vertex -14.1421 -14.1421 140
      vertex -14.1421 -14.1421 148
    endloop
  endfacet
  facet normal 0.130529 0.991444 -0
    outer loop
      vertex 5.17638 19.3185 140
      vertex 0 20 148
      vertex 5.17638 19.3185 148
    endloop
  endfacet
  facet normal 0.130529 0.991444 0
    outer loop
      vertex 0 20 148
      vertex 5.17638 19.3185 140
      vertex 0 20 140
    endloop
  endfacet
  facet normal -0.991444 0.130529 0
    outer loop
      vertex -20 0 140
      vertex -19.3185 5.17638 148
      vertex -19.3185 5.17638 140
    endloop
  endfacet
  facet normal -0.991444 0.130529 0
    outer loop
      vertex -19.3185 5.17638 148
      vertex -20 0 140
      vertex -20 0 148
    endloop
  endfacet
  facet normal -0.793348 0.608768 0
    outer loop
      vertex -17.3205 10 140
      vertex -14.1421 14.1421 148
      vertex -14.1421 14.1421 140
    endloop
  endfacet
  facet normal -0.793348 0.608768 0
    outer loop
      vertex -14.1421 14.1421 148
      vertex -17.3205 10 140
      vertex -17.3205 10 148
    endloop
  endfacet
  facet normal -0.130529 0.991444 0
    outer loop
      vertex 0 20 140
      vertex -5.17638 19.3185 148
      vertex 0 20 148
    endloop
  endfacet
  facet normal -0.130529 0.991444 0
    outer loop
      vertex -5.17638 19.3185 148
      vertex 0 20 140
      vertex -5.17638 19.3185 140
    endloop
  endfacet
  facet normal 0.991444 0.130529 0
    outer loop
      vertex 20 0 148
      vertex 19.3185 5.17638 140
      vertex 19.3185 5.17638 148
    endloop
  endfacet
  facet normal 0.991444 0.130529 0
    outer loop
      vertex 19.3185 5.17638 140
      vertex 20 0 148
      vertex 20 0 140
    endloop
  endfacet
  facet normal 0.130529 -0.991444 0
    outer loop
      vertex 0 -20 140
      vertex 5.17638 -19.3185 148
      vertex 0 -20 148
    endloop
  endfacet
  facet normal 0.130529 -0.991444 0
    outer loop
      vertex 5.17638 -19.3185 148
      vertex 0 -20 140
      vertex 5.17638 -19.3185 140
    endloop
  endfacet
  facet normal 0.793348 -0.608768 0
    outer loop
      vertex 14.1421 -14.1421 148
      vertex 17.3205 -10 140
      vertex 17.3205 -10 148
    endloop
  endfacet
  facet normal 0.793348 -0.608768 0
    outer loop
      vertex 17.3205 -10 140
      vertex 14.1421 -14.1421 148
      vertex 14.1421 -14.1421 140
    endloop
  endfacet
  facet normal 0.92388 -0.382682 0
    outer loop
      vertex 17.3205 -10 148
      vertex 19.3185 -5.17638 140
      vertex 19.3185 -5.17638 148
    endloop
  endfacet
  facet normal 0.92388 -0.382682 0
    outer loop
      vertex 19.3185 -5.17638 140
      vertex 17.3205 -10 148
      vertex 17.3205 -10 140
    endloop
  endfacet
  facet normal 0.382682 -0.92388 0
    outer loop
      vertex 5.17638 -19.3185 140
      vertex 10 -17.3205 148
      vertex 5.17638 -19.3185 148
    endloop
  endfacet
  facet normal 0.382682 -0.92388 0
    outer loop
      vertex 10 -17.3205 148
      vertex 5.17638 -19.3185 140
      vertex 10 -17.3205 140
    endloop
  endfacet
  facet normal -0.130529 -0.991444 0
    outer loop
      vertex -5.17638 -19.3185 140
      vertex 0 -20 148
      vertex -5.17638 -19.3185 148
    endloop
  endfacet
  facet normal -0.130529 -0.991444 -0
    outer loop
      vertex 0 -20 148
      vertex -5.17638 -19.3185 140
      vertex 0 -20 140
    endloop
  endfacet
  facet normal -0.991444 -0.130529 0
    outer loop
      vertex -19.3185 -5.17638 140
      vertex -20 0 148
      vertex -20 0 140
    endloop
  endfacet
  facet normal -0.991444 -0.130529 0
    outer loop
      vertex -20 0 148
      vertex -19.3185 -5.17638 140
      vertex -19.3185 -5.17638 148
    endloop
  endfacet
  facet normal 0.382682 0.92388 -0
    outer loop
      vertex 10 17.3205 140
      vertex 5.17638 19.3185 148
      vertex 10 17.3205 148
    endloop
  endfacet
  facet normal 0.382682 0.92388 0
    outer loop
      vertex 5.17638 19.3185 148
      vertex 10 17.3205 140
      vertex 5.17638 19.3185 140
    endloop
  endfacet
  facet normal 0 0 1
    outer loop
      vertex 15 0 148
      vertex 20 0 148
      vertex 19.3185 5.17638 148
    endloop
  endfacet
  facet normal 0 0 1
    outer loop
      vertex 14.4889 3.88229 148
      vertex 19.3185 5.17638 148
      vertex 17.3205 10 148
    endloop
  endfacet
  facet normal 0 0 1
    outer loop
      vertex 20 0 148
      vertex 15 0 148
      vertex 19.3185 -5.17638 148
    endloop
  endfacet
  facet normal -0 0 1
    outer loop
      vertex 14.4889 -3.88229 148
      vertex 19.3185 -5.17638 148
      vertex 15 0 148
    endloop
  endfacet
  facet normal 0 0 1
    outer loop
      vertex 19.3185 5.17638 148
      vertex 14.4889 3.88229 148
      vertex 15 0 148
    endloop
  endfacet
  facet normal 0 0 1
    outer loop
      vertex 12.9904 7.5 148
      vertex 17.3205 10 148
      vertex 14.1421 14.1421 148
    endloop
  endfacet
  facet normal 0 0 1
    outer loop
      vertex 17.3205 10 148
      vertex 12.9904 7.5 148
      vertex 14.4889 3.88229 148
    endloop
  endfacet
  facet normal 0 0 1
    outer loop
      vertex 14.1421 14.1421 148
      vertex 10.6066 10.6066 148
      vertex 12.9904 7.5 148
    endloop
  endfacet
  facet normal 0 0 1
    outer loop
      vertex 10 17.3205 148
      vertex 10.6066 10.6066 148
      vertex 14.1421 14.1421 148
    endloop
  endfacet
  facet normal 0 0 1
    outer loop
      vertex 10 17.3205 148
      vertex 7.5 12.9904 148
      vertex 10.6066 10.6066 148
    endloop
  endfacet
  facet normal 0 0 1
    outer loop
      vertex 5.17638 19.3185 148
      vertex 7.5 12.9904 148
      vertex 10 17.3205 148
    endloop
  endfacet
  facet normal 0 0 1
    outer loop
      vertex 5.17638 19.3185 148
      vertex 3.88229 14.4889 148
      vertex 7.5 12.9904 148
    endloop
  endfacet
  facet normal 0 0 1
    outer loop
      vertex 0 20 148
      vertex 3.88229 14.4889 148
      vertex 5.17638 19.3185 148
    endloop
  endfacet
  facet normal 0 0 1
    outer loop
      vertex 0 20 148
      vertex 0 15 148
      vertex 3.88229 14.4889 148
    endloop
  endfacet
  facet normal 0 0 1
    outer loop
      vertex 0 20 148
      vertex -3.88229 14.4889 148
      vertex 0 15 148
    endloop
  endfacet
  facet normal -0 0 1
    outer loop
      vertex -5.17638 19.3185 148
      vertex -3.88229 14.4889 148
      vertex 0 20 148
    endloop
  endfacet
  facet normal 0 0 1
    outer loop
      vertex -5.17638 19.3185 148
      vertex -7.5 12.9904 148
      vertex -3.88229 14.4889 148
    endloop
  endfacet
  facet normal -0 0 1
    outer loop
      vertex -10 17.3205 148
      vertex -7.5 12.9904 148
      vertex -5.17638 19.3185 148
    endloop
  endfacet
  facet normal 0 0 1
    outer loop
      vertex -10 17.3205 148
      vertex -10.6066 10.6066 148
      vertex -7.5 12.9904 148
    endloop
  endfacet
  facet normal -0 0 1
    outer loop
      vertex -14.1421 14.1421 148
      vertex -10.6066 10.6066 148
      vertex -10 17.3205 148
    endloop
  endfacet
  facet normal 0 0 1
    outer loop
      vertex -10.6066 10.6066 148
      vertex -14.1421 14.1421 148
      vertex -12.9904 7.5 148
    endloop
  endfacet
  facet normal -0 0 1
    outer loop
      vertex -17.3205 10 148
      vertex -12.9904 7.5 148
      vertex -14.1421 14.1421 148
    endloop
  endfacet
  facet normal 0 0 1
    outer loop
      vertex -12.9904 7.5 148
      vertex -17.3205 10 148
      vertex -14.4889 3.88229 148
    endloop
  endfacet
  facet normal -0 0 1
    outer loop
      vertex -19.3185 5.17638 148
      vertex -14.4889 3.88229 148
      vertex -17.3205 10 148
    endloop
  endfacet
  facet normal 0 0 1
    outer loop
      vertex 19.3185 -5.17638 148
      vertex 14.4889 -3.88229 148
      vertex 17.3205 -10 148
    endloop
  endfacet
  facet normal -0 0 1
    outer loop
      vertex 12.9904 -7.5 148
      vertex 17.3205 -10 148
      vertex 14.4889 -3.88229 148
    endloop
  endfacet
  facet normal 0 0 1
    outer loop
      vertex 17.3205 -10 148
      vertex 12.9904 -7.5 148
      vertex 14.1421 -14.1421 148
    endloop
  endfacet
  facet normal -0 0 1
    outer loop
      vertex 10.6066 -10.6066 148
      vertex 14.1421 -14.1421 148
      vertex 12.9904 -7.5 148
    endloop
  endfacet
  facet normal 0 0 1
    outer loop
      vertex 10.6066 -10.6066 148
      vertex 10 -17.3205 148
      vertex 14.1421 -14.1421 148
    endloop
  endfacet
  facet normal -0 0 1
    outer loop
      vertex 7.5 -12.9904 148
      vertex 10 -17.3205 148
      vertex 10.6066 -10.6066 148
    endloop
  endfacet
  facet normal 0 0 1
    outer loop
      vertex 7.5 -12.9904 148
      vertex 5.17638 -19.3185 148
      vertex 10 -17.3205 148
    endloop
  endfacet
  facet normal -0 0 1
    outer loop
      vertex 3.88229 -14.4889 148
      vertex 5.17638 -19.3185 148
      vertex 7.5 -12.9904 148
    endloop
  endfacet
  facet normal -0 0 1
    outer loop
      vertex 0 -15 148
      vertex 5.17638 -19.3185 148
      vertex 3.88229 -14.4889 148
    endloop
  endfacet
  facet normal 0 0 1
    outer loop
      vertex 0 -15 148
      vertex 0 -20 148
      vertex 5.17638 -19.3185 148
    endloop
  endfacet
  facet normal 0 0 1
    outer loop
      vertex -3.88229 -14.4889 148
      vertex 0 -20 148
      vertex 0 -15 148
    endloop
  endfacet
  facet normal 0 0 1
    outer loop
      vertex -3.88229 -14.4889 148
      vertex -5.17638 -19.3185 148
      vertex 0 -20 148
    endloop
  endfacet
  facet normal 0 0 1
    outer loop
      vertex -7.5 -12.9904 148
      vertex -5.17638 -19.3185 148
      vertex -3.88229 -14.4889 148
    endloop
  endfacet
  facet normal 0 0 1
    outer loop
      vertex -7.5 -12.9904 148
      vertex -10 -17.3205 148
      vertex -5.17638 -19.3185 148
    endloop
  endfacet
  facet normal 0 0 1
    outer loop
      vertex -10.6066 -10.6066 148
      vertex -10 -17.3205 148
      vertex -7.5 -12.9904 148
    endloop
  endfacet
  facet normal 0 0 1
    outer loop
      vertex -14.1421 -14.1421 148
      vertex -10.6066 -10.6066 148
      vertex -12.9904 -7.5 148
    endloop
  endfacet
  facet normal 0 0 1
    outer loop
      vertex -10.6066 -10.6066 148
      vertex -14.1421 -14.1421 148
      vertex -10 -17.3205 148
    endloop
  endfacet
  facet normal 0 0 1
    outer loop
      vertex -17.3205 -10 148
      vertex -12.9904 -7.5 148
      vertex -14.4889 -3.88229 148
    endloop
  endfacet
  facet normal 0 0 1
    outer loop
      vertex -19.3185 -5.17638 148
      vertex -14.4889 -3.88229 148
      vertex -15 0 148
    endloop
  endfacet
  facet normal 0 0 1
    outer loop
      vertex -14.4889 3.88229 148
      vertex -19.3185 5.17638 148
      vertex -15 0 148
    endloop
  endfacet
  facet normal 0 0 1
    outer loop
      vertex -12.9904 -7.5 148
      vertex -17.3205 -10 148
      vertex -14.1421 -14.1421 148
    endloop
  endfacet
  facet normal 0 0 1
    outer loop
      vertex -20 0 148
      vertex -15 0 148
      vertex -19.3185 5.17638 148
    endloop
  endfacet
  facet normal 0 0 1
    outer loop
      vertex -14.4889 -3.88229 148
      vertex -19.3185 -5.17638 148
      vertex -17.3205 -10 148
    endloop
  endfacet
  facet normal 0 0 1
    outer loop
      vertex -15 0 148
      vertex -20 0 148
      vertex -19.3185 -5.17638 148
    endloop
  endfacet
  facet normal -0.92388 0.382682 0
    outer loop
      vertex -19.3185 5.17638 140
      vertex -17.3205 10 148
      vertex -17.3205 10 140
    endloop
  endfacet
  facet normal -0.92388 0.382682 0
    outer loop
      vertex -17.3205 10 148
      vertex -19.3185 5.17638 140
      vertex -19.3185 5.17638 148
    endloop
  endfacet
  facet normal -0.92388 -0.382682 0
    outer loop
      vertex -17.3205 -10 140
      vertex -19.3185 -5.17638 148
      vertex -19.3185 -5.17638 140
    endloop
  endfacet
  facet normal -0.92388 -0.382682 0
    outer loop
      vertex -19.3185 -5.17638 148
      vertex -17.3205 -10 140
      vertex -17.3205 -10 148
    endloop
  endfacet
  facet normal -0.608765 -0.793351 0
    outer loop
      vertex 7.5 12.9904 140
      vertex 10.6066 10.6066 148
      vertex 7.5 12.9904 148
    endloop
  endfacet
  facet normal -0.608765 -0.793351 -0
    outer loop
      vertex 10.6066 10.6066 148
      vertex 7.5 12.9904 140
      vertex 10.6066 10.6066 140
    endloop
  endfacet
  facet normal 0.92388 -0.382682 0
    outer loop
      vertex -14.4889 3.88229 148
      vertex -12.9904 7.5 140
      vertex -12.9904 7.5 148
    endloop
  endfacet
  facet normal 0.92388 -0.382682 0
    outer loop
      vertex -12.9904 7.5 140
      vertex -14.4889 3.88229 148
      vertex -14.4889 3.88229 140
    endloop
  endfacet
  facet normal -0.991445 0.130523 0
    outer loop
      vertex 14.4889 -3.88229 140
      vertex 15 0 148
      vertex 15 0 140
    endloop
  endfacet
  facet normal -0.991445 0.130523 0
    outer loop
      vertex 15 0 148
      vertex 14.4889 -3.88229 140
      vertex 14.4889 -3.88229 148
    endloop
  endfacet
  facet normal 0.382682 0.92388 -0
    outer loop
      vertex -3.88229 -14.4889 140
      vertex -7.5 -12.9904 148
      vertex -3.88229 -14.4889 148
    endloop
  endfacet
  facet normal 0.382682 0.92388 0
    outer loop
      vertex -7.5 -12.9904 148
      vertex -3.88229 -14.4889 140
      vertex -7.5 -12.9904 140
    endloop
  endfacet
  facet normal -0.793351 -0.608765 0
    outer loop
      vertex 12.9904 7.5 140
      vertex 10.6066 10.6066 148
      vertex 10.6066 10.6066 140
    endloop
  endfacet
  facet normal -0.793351 -0.608765 0
    outer loop
      vertex 10.6066 10.6066 148
      vertex 12.9904 7.5 140
      vertex 12.9904 7.5 148
    endloop
  endfacet
  facet normal -0.92388 -0.382682 0
    outer loop
      vertex 14.4889 3.88229 140
      vertex 12.9904 7.5 148
      vertex 12.9904 7.5 140
    endloop
  endfacet
  facet normal -0.92388 -0.382682 0
    outer loop
      vertex 12.9904 7.5 148
      vertex 14.4889 3.88229 140
      vertex 14.4889 3.88229 148
    endloop
  endfacet
  facet normal 0.382682 -0.92388 0
    outer loop
      vertex -7.5 12.9904 140
      vertex -3.88229 14.4889 148
      vertex -7.5 12.9904 148
    endloop
  endfacet
  facet normal 0.382682 -0.92388 0
    outer loop
      vertex -3.88229 14.4889 148
      vertex -7.5 12.9904 140
      vertex -3.88229 14.4889 140
    endloop
  endfacet
  facet normal 0.608765 -0.793351 0
    outer loop
      vertex -10.6066 10.6066 140
      vertex -7.5 12.9904 148
      vertex -10.6066 10.6066 148
    endloop
  endfacet
  facet normal 0.608765 -0.793351 0
    outer loop
      vertex -7.5 12.9904 148
      vertex -10.6066 10.6066 140
      vertex -7.5 12.9904 140
    endloop
  endfacet
  facet normal -0.608765 0.793351 0
    outer loop
      vertex 10.6066 -10.6066 140
      vertex 7.5 -12.9904 148
      vertex 10.6066 -10.6066 148
    endloop
  endfacet
  facet normal -0.608765 0.793351 0
    outer loop
      vertex 7.5 -12.9904 148
      vertex 10.6066 -10.6066 140
      vertex 7.5 -12.9904 140
    endloop
  endfacet
  facet normal 0.92388 0.382682 0
    outer loop
      vertex -12.9904 -7.5 148
      vertex -14.4889 -3.88229 140
      vertex -14.4889 -3.88229 148
    endloop
  endfacet
  facet normal 0.92388 0.382682 0
    outer loop
      vertex -14.4889 -3.88229 140
      vertex -12.9904 -7.5 148
      vertex -12.9904 -7.5 140
    endloop
  endfacet
  facet normal 0.608765 0.793351 -0
    outer loop
      vertex -7.5 -12.9904 140
      vertex -10.6066 -10.6066 148
      vertex -7.5 -12.9904 148
    endloop
  endfacet
  facet normal 0.608765 0.793351 0
    outer loop
      vertex -10.6066 -10.6066 148
      vertex -7.5 -12.9904 140
      vertex -10.6066 -10.6066 140
    endloop
  endfacet
  facet normal -0.130523 -0.991445 0
    outer loop
      vertex 0 15 140
      vertex 3.88229 14.4889 148
      vertex 0 15 148
    endloop
  endfacet
  facet normal -0.130523 -0.991445 -0
    outer loop
      vertex 3.88229 14.4889 148
      vertex 0 15 140
      vertex 3.88229 14.4889 140
    endloop
  endfacet
  facet normal -0.382682 -0.92388 0
    outer loop
      vertex 3.88229 14.4889 140
      vertex 7.5 12.9904 148
      vertex 3.88229 14.4889 148
    endloop
  endfacet
  facet normal -0.382682 -0.92388 -0
    outer loop
      vertex 7.5 12.9904 148
      vertex 3.88229 14.4889 140
      vertex 7.5 12.9904 140
    endloop
  endfacet
  facet normal 0.991445 -0.130523 0
    outer loop
      vertex -15 0 148
      vertex -14.4889 3.88229 140
      vertex -14.4889 3.88229 148
    endloop
  endfacet
  facet normal 0.991445 -0.130523 0
    outer loop
      vertex -14.4889 3.88229 140
      vertex -15 0 148
      vertex -15 0 140
    endloop
  endfacet
  facet normal 0.793351 -0.608765 0
    outer loop
      vertex -12.9904 7.5 148
      vertex -10.6066 10.6066 140
      vertex -10.6066 10.6066 148
    endloop
  endfacet
  facet normal 0.793351 -0.608765 0
    outer loop
      vertex -10.6066 10.6066 140
      vertex -12.9904 7.5 148
      vertex -12.9904 7.5 140
    endloop
  endfacet
  facet normal 0.130523 -0.991445 0
    outer loop
      vertex -3.88229 14.4889 140
      vertex 0 15 148
      vertex -3.88229 14.4889 148
    endloop
  endfacet
  facet normal 0.130523 -0.991445 0
    outer loop
      vertex 0 15 148
      vertex -3.88229 14.4889 140
      vertex 0 15 140
    endloop
  endfacet
  facet normal -0.991445 -0.130523 0
    outer loop
      vertex 15 0 140
      vertex 14.4889 3.88229 148
      vertex 14.4889 3.88229 140
    endloop
  endfacet
  facet normal -0.991445 -0.130523 0
    outer loop
      vertex 14.4889 3.88229 148
      vertex 15 0 140
      vertex 15 0 148
    endloop
  endfacet
  facet normal -0.130523 0.991445 0
    outer loop
      vertex 3.88229 -14.4889 140
      vertex 0 -15 148
      vertex 3.88229 -14.4889 148
    endloop
  endfacet
  facet normal -0.130523 0.991445 0
    outer loop
      vertex 0 -15 148
      vertex 3.88229 -14.4889 140
      vertex 0 -15 140
    endloop
  endfacet
  facet normal -0.793351 0.608765 0
    outer loop
      vertex 10.6066 -10.6066 140
      vertex 12.9904 -7.5 148
      vertex 12.9904 -7.5 140
    endloop
  endfacet
  facet normal -0.793351 0.608765 0
    outer loop
      vertex 12.9904 -7.5 148
      vertex 10.6066 -10.6066 140
      vertex 10.6066 -10.6066 148
    endloop
  endfacet
  facet normal -0.92388 0.382682 0
    outer loop
      vertex 12.9904 -7.5 140
      vertex 14.4889 -3.88229 148
      vertex 14.4889 -3.88229 140
    endloop
  endfacet
  facet normal -0.92388 0.382682 0
    outer loop
      vertex 14.4889 -3.88229 148
      vertex 12.9904 -7.5 140
      vertex 12.9904 -7.5 148
    endloop
  endfacet
  facet normal -0.382682 0.92388 0
    outer loop
      vertex 7.5 -12.9904 140
      vertex 3.88229 -14.4889 148
      vertex 7.5 -12.9904 148
    endloop
  endfacet
  facet normal -0.382682 0.92388 0
    outer loop
      vertex 3.88229 -14.4889 148
      vertex 7.5 -12.9904 140
      vertex 3.88229 -14.4889 140
    endloop
  endfacet
  facet normal 0.130523 0.991445 -0
    outer loop
      vertex 0 -15 140
      vertex -3.88229 -14.4889 148
      vertex 0 -15 148
    endloop
  endfacet
  facet normal 0.130523 0.991445 0
    outer loop
      vertex -3.88229 -14.4889 148
      vertex 0 -15 140
      vertex -3.88229 -14.4889 140
    endloop
  endfacet
  facet normal 0.793351 0.608765 0
    outer loop
      vertex -10.6066 -10.6066 148
      vertex -12.9904 -7.5 140
      vertex -12.9904 -7.5 148
    endloop
  endfacet
  facet normal 0.793351 0.608765 0
    outer loop
      vertex -12.9904 -7.5 140
      vertex -10.6066 -10.6066 148
      vertex -10.6066 -10.6066 140
    endloop
  endfacet
  facet normal 0.991445 0.130523 0
    outer loop
      vertex -14.4889 -3.88229 148
      vertex -15 0 140
      vertex -15 0 148
    endloop
  endfacet
  facet normal 0.991445 0.130523 0
    outer loop
      vertex -15 0 140
      vertex -14.4889 -3.88229 148
      vertex -14.4889 -3.88229 140
    endloop
  endfacet
  facet normal 0.996917 -0 0.0784645
    outer loop
      vertex 31.606 45 85.0059
      vertex 32 47.4 80
      vertex 31.606 47.4 85.0059
    endloop
  endfacet
  facet normal 0.996917 0 0.0784645
    outer loop
      vertex 32 47.4 80
      vertex 31.606 45 85.0059
      vertex 32 45 80
    endloop
  endfacet
  facet normal 0.97237 -0 0.233444
    outer loop
      vertex 30.4338 45 89.8885
      vertex 31.606 47.4 85.0059
      vertex 30.4338 47.4 89.8885
    endloop
  endfacet
  facet normal 0.97237 0 0.233444
    outer loop
      vertex 31.606 47.4 85.0059
      vertex 30.4338 45 89.8885
      vertex 31.606 45 85.0059
    endloop
  endfacet
  facet normal -0.0784645 0 0.996917
    outer loop
      vertex -5.0059 47.4 111.606
      vertex 0 45 112
      vertex 0 47.4 112
    endloop
  endfacet
  facet normal -0.0784645 0 0.996917
    outer loop
      vertex 0 45 112
      vertex -5.0059 47.4 111.606
      vertex -5.0059 45 111.606
    endloop
  endfacet
  facet normal 0.649547 0 0.760321
    outer loop
      vertex 18.8091 47.4 105.889
      vertex 22.6274 45 102.627
      vertex 22.6274 47.4 102.627
    endloop
  endfacet
  facet normal 0.649547 0 0.760321
    outer loop
      vertex 22.6274 45 102.627
      vertex 18.8091 47.4 105.889
      vertex 18.8091 45 105.889
    endloop
  endfacet
  facet normal -0.522405 0 0.852697
    outer loop
      vertex -18.8091 47.4 105.889
      vertex -14.5277 45 108.512
      vertex -14.5277 47.4 108.512
    endloop
  endfacet
  facet normal -0.522405 0 0.852697
    outer loop
      vertex -14.5277 45 108.512
      vertex -18.8091 47.4 105.889
      vertex -18.8091 45 105.889
    endloop
  endfacet
  facet normal 0.233442 0 -0.972371
    outer loop
      vertex 5.0059 45 48.394
      vertex 9.88854 47.4 49.5662
      vertex 9.88854 45 49.5662
    endloop
  endfacet
  facet normal 0.233442 0 -0.972371
    outer loop
      vertex 9.88854 47.4 49.5662
      vertex 5.0059 45 48.394
      vertex 5.0059 47.4 48.394
    endloop
  endfacet
  facet normal 0.852635 0 -0.522506
    outer loop
      vertex 28.5122 45 65.4723
      vertex 25.8885 47.4 61.1909
      vertex 28.5122 47.4 65.4723
    endloop
  endfacet
  facet normal 0.852635 0 -0.522506
    outer loop
      vertex 25.8885 47.4 61.1909
      vertex 28.5122 45 65.4723
      vertex 25.8885 45 61.1909
    endloop
  endfacet
  facet normal 0.852635 -0 0.522506
    outer loop
      vertex 25.8885 45 98.8091
      vertex 28.5122 47.4 94.5277
      vertex 25.8885 47.4 98.8091
    endloop
  endfacet
  facet normal 0.852635 0 0.522506
    outer loop
      vertex 28.5122 47.4 94.5277
      vertex 25.8885 45 98.8091
      vertex 28.5122 45 94.5277
    endloop
  endfacet
  facet normal 0.382751 0 0.923852
    outer loop
      vertex 9.88854 47.4 110.434
      vertex 14.5277 45 108.512
      vertex 14.5277 47.4 108.512
    endloop
  endfacet
  facet normal 0.382751 0 0.923852
    outer loop
      vertex 14.5277 45 108.512
      vertex 9.88854 47.4 110.434
      vertex 9.88854 45 110.434
    endloop
  endfacet
  facet normal 0.522405 0 0.852697
    outer loop
      vertex 14.5277 47.4 108.512
      vertex 18.8091 45 105.889
      vertex 18.8091 47.4 105.889
    endloop
  endfacet
  facet normal 0.522405 0 0.852697
    outer loop
      vertex 18.8091 45 105.889
      vertex 14.5277 47.4 108.512
      vertex 14.5277 45 108.512
    endloop
  endfacet
  facet normal -0.923881 0 0.38268
    outer loop
      vertex -30.4338 45 89.8885
      vertex -28.5122 47.4 94.5277
      vertex -30.4338 47.4 89.8885
    endloop
  endfacet
  facet normal -0.923881 0 0.38268
    outer loop
      vertex -28.5122 47.4 94.5277
      vertex -30.4338 45 89.8885
      vertex -28.5122 45 94.5277
    endloop
  endfacet
  facet normal 0 1 0
    outer loop
      vertex 0 47.4 109
      vertex 0 47.4 112
      vertex 5.0059 47.4 111.606
    endloop
  endfacet
  facet normal 0 1 -0
    outer loop
      vertex 5.65762 47.4 108.443
      vertex 5.0059 47.4 111.606
      vertex 9.88854 47.4 110.434
    endloop
  endfacet
  facet normal 0 1 0
    outer loop
      vertex 0 47.4 112
      vertex 0 47.4 109
      vertex -5.0059 47.4 111.606
    endloop
  endfacet
  facet normal 0 1 0
    outer loop
      vertex -5.65762 47.4 108.443
      vertex -5.0059 47.4 111.606
      vertex 0 47.4 109
    endloop
  endfacet
  facet normal 0 1 -0
    outer loop
      vertex 11.0978 47.4 106.793
      vertex 9.88854 47.4 110.434
      vertex 14.5277 47.4 108.512
    endloop
  endfacet
  facet normal 0 1 0
    outer loop
      vertex 5.0059 47.4 111.606
      vertex 5.65762 47.4 108.443
      vertex 0 47.4 109
    endloop
  endfacet
  facet normal 0 1 0
    outer loop
      vertex 9.88854 47.4 110.434
      vertex 11.0978 47.4 106.793
      vertex 5.65762 47.4 108.443
    endloop
  endfacet
  facet normal 0 1 -0
    outer loop
      vertex 16.1115 47.4 104.113
      vertex 14.5277 47.4 108.512
      vertex 18.8091 47.4 105.889
    endloop
  endfacet
  facet normal 0 1 0
    outer loop
      vertex 14.5277 47.4 108.512
      vertex 16.1115 47.4 104.113
      vertex 11.0978 47.4 106.793
    endloop
  endfacet
  facet normal 0 1 -0
    outer loop
      vertex 20.5061 47.4 100.506
      vertex 18.8091 47.4 105.889
      vertex 22.6274 47.4 102.627
    endloop
  endfacet
  facet normal 0 1 0
    outer loop
      vertex 18.8091 47.4 105.889
      vertex 20.5061 47.4 100.506
      vertex 16.1115 47.4 104.113
    endloop
  endfacet
  facet normal 0 1 0
    outer loop
      vertex 25.8885 47.4 98.8091
      vertex 20.5061 47.4 100.506
      vertex 22.6274 47.4 102.627
    endloop
  endfacet
  facet normal 0 1 0
    outer loop
      vertex 25.8885 47.4 98.8091
      vertex 24.1126 47.4 96.1115
      vertex 20.5061 47.4 100.506
    endloop
  endfacet
  facet normal 0 1 0
    outer loop
      vertex 28.5122 47.4 94.5277
      vertex 24.1126 47.4 96.1115
      vertex 25.8885 47.4 98.8091
    endloop
  endfacet
  facet normal 0 1 0
    outer loop
      vertex 28.5122 47.4 94.5277
      vertex 26.7925 47.4 91.0978
      vertex 24.1126 47.4 96.1115
    endloop
  endfacet
  facet normal 0 1 0
    outer loop
      vertex 30.4338 47.4 89.8885
      vertex 26.7925 47.4 91.0978
      vertex 28.5122 47.4 94.5277
    endloop
  endfacet
  facet normal 0 1 0
    outer loop
      vertex 30.4338 47.4 89.8885
      vertex 28.4428 47.4 85.6576
      vertex 26.7925 47.4 91.0978
    endloop
  endfacet
  facet normal 0 1 0
    outer loop
      vertex 31.606 47.4 85.0059
      vertex 28.4428 47.4 85.6576
      vertex 30.4338 47.4 89.8885
    endloop
  endfacet
  facet normal 0 1 0
    outer loop
      vertex 29 47.4 80
      vertex 31.606 47.4 85.0059
      vertex 32 47.4 80
    endloop
  endfacet
  facet normal 0 1 0
    outer loop
      vertex 31.606 47.4 85.0059
      vertex 29 47.4 80
      vertex 28.4428 47.4 85.6576
    endloop
  endfacet
  facet normal 0 1 -0
    outer loop
      vertex 31.606 47.4 74.9941
      vertex 29 47.4 80
      vertex 32 47.4 80
    endloop
  endfacet
  facet normal 0 1 0
    outer loop
      vertex 31.606 47.4 74.9941
      vertex 28.4428 47.4 74.3424
      vertex 29 47.4 80
    endloop
  endfacet
  facet normal 0 1 -0
    outer loop
      vertex 30.4338 47.4 70.1115
      vertex 28.4428 47.4 74.3424
      vertex 31.606 47.4 74.9941
    endloop
  endfacet
  facet normal 0 1 0
    outer loop
      vertex 30.4338 47.4 70.1115
      vertex 26.7925 47.4 68.9022
      vertex 28.4428 47.4 74.3424
    endloop
  endfacet
  facet normal 0 1 -0
    outer loop
      vertex 28.5122 47.4 65.4723
      vertex 26.7925 47.4 68.9022
      vertex 30.4338 47.4 70.1115
    endloop
  endfacet
  facet normal 0 1 0
    outer loop
      vertex 28.5122 47.4 65.4723
      vertex 24.1126 47.4 63.8885
      vertex 26.7925 47.4 68.9022
    endloop
  endfacet
  facet normal 0 1 -0
    outer loop
      vertex 25.8885 47.4 61.1909
      vertex 24.1126 47.4 63.8885
      vertex 28.5122 47.4 65.4723
    endloop
  endfacet
  facet normal 0 1 0
    outer loop
      vertex 25.8885 47.4 61.1909
      vertex 20.5061 47.4 59.4939
      vertex 24.1126 47.4 63.8885
    endloop
  endfacet
  facet normal 0 1 -0
    outer loop
      vertex 22.6274 47.4 57.3726
      vertex 20.5061 47.4 59.4939
      vertex 25.8885 47.4 61.1909
    endloop
  endfacet
  facet normal 0 1 0
    outer loop
      vertex 18.8091 47.4 54.1115
      vertex 20.5061 47.4 59.4939
      vertex 22.6274 47.4 57.3726
    endloop
  endfacet
  facet normal 0 1 0
    outer loop
      vertex 20.5061 47.4 59.4939
      vertex 18.8091 47.4 54.1115
      vertex 16.1115 47.4 55.8874
    endloop
  endfacet
  facet normal 0 1 0
    outer loop
      vertex 14.5277 47.4 51.4878
      vertex 16.1115 47.4 55.8874
      vertex 18.8091 47.4 54.1115
    endloop
  endfacet
  facet normal 0 1 0
    outer loop
      vertex 16.1115 47.4 55.8874
      vertex 14.5277 47.4 51.4878
      vertex 11.0978 47.4 53.2075
    endloop
  endfacet
  facet normal 0 1 0
    outer loop
      vertex 9.88854 47.4 49.5662
      vertex 11.0978 47.4 53.2075
      vertex 14.5277 47.4 51.4878
    endloop
  endfacet
  facet normal 0 1 0
    outer loop
      vertex 11.0978 47.4 53.2075
      vertex 9.88854 47.4 49.5662
      vertex 5.65762 47.4 51.5572
    endloop
  endfacet
  facet normal 0 1 0
    outer loop
      vertex 5.0059 47.4 48.394
      vertex 5.65762 47.4 51.5572
      vertex 9.88854 47.4 49.5662
    endloop
  endfacet
  facet normal 0 1 0
    outer loop
      vertex -5.0059 47.4 111.606
      vertex -5.65762 47.4 108.443
      vertex -9.88854 47.4 110.434
    endloop
  endfacet
  facet normal 0 1 0
    outer loop
      vertex -11.0978 47.4 106.793
      vertex -9.88854 47.4 110.434
      vertex -5.65762 47.4 108.443
    endloop
  endfacet
  facet normal 0 1 0
    outer loop
      vertex -9.88854 47.4 110.434
      vertex -11.0978 47.4 106.793
      vertex -14.5277 47.4 108.512
    endloop
  endfacet
  facet normal 0 1 0
    outer loop
      vertex -16.1115 47.4 104.113
      vertex -14.5277 47.4 108.512
      vertex -11.0978 47.4 106.793
    endloop
  endfacet
  facet normal 0 1 0
    outer loop
      vertex -14.5277 47.4 108.512
      vertex -16.1115 47.4 104.113
      vertex -18.8091 47.4 105.889
    endloop
  endfacet
  facet normal 0 1 0
    outer loop
      vertex -20.5061 47.4 100.506
      vertex -18.8091 47.4 105.889
      vertex -16.1115 47.4 104.113
    endloop
  endfacet
  facet normal 0 1 0
    outer loop
      vertex -18.8091 47.4 105.889
      vertex -20.5061 47.4 100.506
      vertex -22.6274 47.4 102.627
    endloop
  endfacet
  facet normal 0 1 0
    outer loop
      vertex -20.5061 47.4 100.506
      vertex -25.8885 47.4 98.8091
      vertex -22.6274 47.4 102.627
    endloop
  endfacet
  facet normal 0 1 -0
    outer loop
      vertex -24.1126 47.4 96.1115
      vertex -25.8885 47.4 98.8091
      vertex -20.5061 47.4 100.506
    endloop
  endfacet
  facet normal 0 1 0
    outer loop
      vertex -24.1126 47.4 96.1115
      vertex -28.5122 47.4 94.5277
      vertex -25.8885 47.4 98.8091
    endloop
  endfacet
  facet normal 0 1 -0
    outer loop
      vertex -26.7925 47.4 91.0978
      vertex -28.5122 47.4 94.5277
      vertex -24.1126 47.4 96.1115
    endloop
  endfacet
  facet normal 0 1 0
    outer loop
      vertex -26.7925 47.4 91.0978
      vertex -30.4338 47.4 89.8885
      vertex -28.5122 47.4 94.5277
    endloop
  endfacet
  facet normal 0 1 -0
    outer loop
      vertex -28.4428 47.4 85.6576
      vertex -30.4338 47.4 89.8885
      vertex -26.7925 47.4 91.0978
    endloop
  endfacet
  facet normal 0 1 0
    outer loop
      vertex -28.4428 47.4 85.6576
      vertex -31.606 47.4 85.0059
      vertex -30.4338 47.4 89.8885
    endloop
  endfacet
  facet normal 0 1 -0
    outer loop
      vertex -29 47.4 80
      vertex -31.606 47.4 85.0059
      vertex -28.4428 47.4 85.6576
    endloop
  endfacet
  facet normal 0 1 0
    outer loop
      vertex -29 47.4 80
      vertex -32 47.4 80
      vertex -31.606 47.4 85.0059
    endloop
  endfacet
  facet normal 0 1 0
    outer loop
      vertex -29 47.4 80
      vertex -31.606 47.4 74.9941
      vertex -32 47.4 80
    endloop
  endfacet
  facet normal 0 1 0
    outer loop
      vertex -28.4428 47.4 74.3424
      vertex -31.606 47.4 74.9941
      vertex -29 47.4 80
    endloop
  endfacet
  facet normal 0 1 0
    outer loop
      vertex -28.4428 47.4 74.3424
      vertex -30.4338 47.4 70.1115
      vertex -31.606 47.4 74.9941
    endloop
  endfacet
  facet normal 0 1 0
    outer loop
      vertex -26.7925 47.4 68.9022
      vertex -30.4338 47.4 70.1115
      vertex -28.4428 47.4 74.3424
    endloop
  endfacet
  facet normal 0 1 0
    outer loop
      vertex -26.7925 47.4 68.9022
      vertex -28.5122 47.4 65.4723
      vertex -30.4338 47.4 70.1115
    endloop
  endfacet
  facet normal 0 1 0
    outer loop
      vertex -24.1126 47.4 63.8885
      vertex -28.5122 47.4 65.4723
      vertex -26.7925 47.4 68.9022
    endloop
  endfacet
  facet normal 0 1 0
    outer loop
      vertex -24.1126 47.4 63.8885
      vertex -25.8885 47.4 61.1909
      vertex -28.5122 47.4 65.4723
    endloop
  endfacet
  facet normal 0 1 0
    outer loop
      vertex -20.5061 47.4 59.4939
      vertex -25.8885 47.4 61.1909
      vertex -24.1126 47.4 63.8885
    endloop
  endfacet
  facet normal 0 1 0
    outer loop
      vertex -20.5061 47.4 59.4939
      vertex -22.6274 47.4 57.3726
      vertex -25.8885 47.4 61.1909
    endloop
  endfacet
  facet normal 0 1 -0
    outer loop
      vertex -18.8091 47.4 54.1115
      vertex -20.5061 47.4 59.4939
      vertex -16.1115 47.4 55.8874
    endloop
  endfacet
  facet normal 0 1 0
    outer loop
      vertex -20.5061 47.4 59.4939
      vertex -18.8091 47.4 54.1115
      vertex -22.6274 47.4 57.3726
    endloop
  endfacet
  facet normal 0 1 -0
    outer loop
      vertex -14.5277 47.4 51.4878
      vertex -16.1115 47.4 55.8874
      vertex -11.0978 47.4 53.2075
    endloop
  endfacet
  facet normal 0 1 -0
    outer loop
      vertex -9.88854 47.4 49.5662
      vertex -11.0978 47.4 53.2075
      vertex -5.65762 47.4 51.5572
    endloop
  endfacet
  facet normal 0 1 0
    outer loop
      vertex -16.1115 47.4 55.8874
      vertex -14.5277 47.4 51.4878
      vertex -18.8091 47.4 54.1115
    endloop
  endfacet
  facet normal 0 1 -0
    outer loop
      vertex -5.0059 47.4 48.394
      vertex -5.65762 47.4 51.5572
      vertex 0 47.4 51
    endloop
  endfacet
  facet normal 0 1 0
    outer loop
      vertex 5.65762 47.4 51.5572
      vertex 5.0059 47.4 48.394
      vertex 0 47.4 51
    endloop
  endfacet
  facet normal 0 1 0
    outer loop
      vertex -11.0978 47.4 53.2075
      vertex -9.88854 47.4 49.5662
      vertex -14.5277 47.4 51.4878
    endloop
  endfacet
  facet normal 0 1 0
    outer loop
      vertex 0 47.4 48
      vertex 0 47.4 51
      vertex 5.0059 47.4 48.394
    endloop
  endfacet
  facet normal 0 1 0
    outer loop
      vertex -5.65762 47.4 51.5572
      vertex -5.0059 47.4 48.394
      vertex -9.88854 47.4 49.5662
    endloop
  endfacet
  facet normal 0 1 0
    outer loop
      vertex 0 47.4 51
      vertex 0 47.4 48
      vertex -5.0059 47.4 48.394
    endloop
  endfacet
  facet normal 0 1 0
    outer loop
      vertex -9.11156 47.4 61.0797
      vertex -11.4758 47.4 57.9233
      vertex -9.50923 47.4 61.3295
    endloop
  endfacet
  facet normal 0 1 0
    outer loop
      vertex -9.56709 47.4 56.903
      vertex -9.11156 47.4 61.0797
      vertex -4.67294 47.4 59.5265
    endloop
  endfacet
  facet normal 0 1 0
    outer loop
      vertex -4.87726 47.4 55.4804
      vertex -4.67294 47.4 59.5265
      vertex -1.1 47.4 59.1239
    endloop
  endfacet
  facet normal 0 1 0
    outer loop
      vertex -9.11156 47.4 61.0797
      vertex -9.56709 47.4 56.903
      vertex -11.4758 47.4 57.9233
    endloop
  endfacet
  facet normal 0 1 0
    outer loop
      vertex -4.67294 47.4 59.5265
      vertex -4.87726 47.4 55.4804
      vertex -9.56709 47.4 56.903
    endloop
  endfacet
  facet normal -0 1 0
    outer loop
      vertex -4.87726 47.4 55.4804
      vertex -1.1 47.4 59.1239
      vertex -1.1 47.4 55.1083
    endloop
  endfacet
  facet normal 0 1 0
    outer loop
      vertex 11.4758 47.4 57.9233
      vertex 9.11156 47.4 61.0797
      vertex 9.50923 47.4 61.3295
    endloop
  endfacet
  facet normal 0 1 -0
    outer loop
      vertex 9.56709 47.4 56.903
      vertex 9.11156 47.4 61.0797
      vertex 11.4758 47.4 57.9233
    endloop
  endfacet
  facet normal 0 1 0
    outer loop
      vertex 9.11156 47.4 61.0797
      vertex 9.56709 47.4 56.903
      vertex 4.67294 47.4 59.5265
    endloop
  endfacet
  facet normal 0 1 -0
    outer loop
      vertex 4.87726 47.4 55.4804
      vertex 4.67294 47.4 59.5265
      vertex 9.56709 47.4 56.903
    endloop
  endfacet
  facet normal 0 1 0
    outer loop
      vertex 4.67294 47.4 59.5265
      vertex 4.87726 47.4 55.4804
      vertex 1.1 47.4 59.1239
    endloop
  endfacet
  facet normal 0 1 0
    outer loop
      vertex 1.1 47.4 59.1239
      vertex 4.87726 47.4 55.4804
      vertex 1.1 47.4 55.1083
    endloop
  endfacet
  facet normal 0 1 0
    outer loop
      vertex -20.7867 47.4 66.1107
      vertex -17.4992 47.4 68.6267
      vertex -16.4185 47.4 66.9067
    endloop
  endfacet
  facet normal 0 1 0
    outer loop
      vertex -17.4992 47.4 68.6267
      vertex -20.7867 47.4 66.1107
      vertex -21.0391 47.4 66.5829
    endloop
  endfacet
  facet normal 0 1 0
    outer loop
      vertex -17.6777 47.4 62.3223
      vertex -16.4185 47.4 66.9067
      vertex -13.0933 47.4 63.5815
    endloop
  endfacet
  facet normal 0 1 0
    outer loop
      vertex -13.8893 47.4 59.2133
      vertex -13.0933 47.4 63.5815
      vertex -11.3733 47.4 62.5008
    endloop
  endfacet
  facet normal 0 1 0
    outer loop
      vertex -16.4185 47.4 66.9067
      vertex -17.6777 47.4 62.3223
      vertex -20.7867 47.4 66.1107
    endloop
  endfacet
  facet normal 0 1 0
    outer loop
      vertex -13.0933 47.4 63.5815
      vertex -13.8893 47.4 59.2133
      vertex -17.6777 47.4 62.3223
    endloop
  endfacet
  facet normal -0 1 0
    outer loop
      vertex -13.8893 47.4 59.2133
      vertex -11.3733 47.4 62.5008
      vertex -13.4171 47.4 58.9609
    endloop
  endfacet
  facet normal 0 1 -0
    outer loop
      vertex 20.7867 47.4 66.1107
      vertex 17.4992 47.4 68.6267
      vertex 21.0391 47.4 66.5829
    endloop
  endfacet
  facet normal 0 1 0
    outer loop
      vertex 17.4992 47.4 68.6267
      vertex 20.7867 47.4 66.1107
      vertex 16.4185 47.4 66.9067
    endloop
  endfacet
  facet normal 0 1 -0
    outer loop
      vertex 17.6777 47.4 62.3223
      vertex 16.4185 47.4 66.9067
      vertex 20.7867 47.4 66.1107
    endloop
  endfacet
  facet normal 0 1 0
    outer loop
      vertex 16.4185 47.4 66.9067
      vertex 17.6777 47.4 62.3223
      vertex 13.0933 47.4 63.5815
    endloop
  endfacet
  facet normal 0 1 -0
    outer loop
      vertex 13.8893 47.4 59.2133
      vertex 13.0933 47.4 63.5815
      vertex 17.6777 47.4 62.3223
    endloop
  endfacet
  facet normal 0 1 0
    outer loop
      vertex 13.0933 47.4 63.5815
      vertex 13.8893 47.4 59.2133
      vertex 11.3733 47.4 62.5008
    endloop
  endfacet
  facet normal 0 1 0
    outer loop
      vertex 11.3733 47.4 62.5008
      vertex 13.8893 47.4 59.2133
      vertex 13.4171 47.4 58.9609
    endloop
  endfacet
  facet normal 0 1 0
    outer loop
      vertex 15.3165 47.4 87.376
      vertex 13.5404 47.4 86.5474
      vertex 15.2257 47.4 87.5204
    endloop
  endfacet
  facet normal 0 1 0
    outer loop
      vertex 16.5738 47.4 83.7829
      vertex 13.5404 47.4 86.5474
      vertex 15.3165 47.4 87.376
    endloop
  endfacet
  facet normal 0 1 0
    outer loop
      vertex 11.5911 47.4 83.1058
      vertex 13.5404 47.4 86.5474
      vertex 16.5738 47.4 83.7829
    endloop
  endfacet
  facet normal 0 1 0
    outer loop
      vertex 13.5404 47.4 86.5474
      vertex 11.5911 47.4 83.1058
      vertex 10.3923 47.4 86
    endloop
  endfacet
  facet normal 0 1 0
    outer loop
      vertex 15 47.4 81.1
      vertex 16.5738 47.4 83.7829
      vertex 16.8761 47.4 81.1
    endloop
  endfacet
  facet normal 0 1 0
    outer loop
      vertex 16.5738 47.4 83.7829
      vertex 15 47.4 81.1
      vertex 11.5911 47.4 83.1058
    endloop
  endfacet
  facet normal 0 1 0
    outer loop
      vertex 15 47.4 81.1
      vertex 12 47.4 80
      vertex 11.5911 47.4 83.1058
    endloop
  endfacet
  facet normal 0 1 -0
    outer loop
      vertex 15 47.4 78.9
      vertex 12 47.4 80
      vertex 15 47.4 81.1
    endloop
  endfacet
  facet normal 0 1 0
    outer loop
      vertex 12 47.4 80
      vertex 15 47.4 78.9
      vertex 11.5911 47.4 76.8942
    endloop
  endfacet
  facet normal 0 1 0
    outer loop
      vertex 10.5993 47.4 93.2911
      vertex 8.45263 47.4 92.4404
      vertex 9.38451 47.4 94.0545
    endloop
  endfacet
  facet normal 0 1 0
    outer loop
      vertex -3.78286 47.4 96.5738
      vertex -3.10583 47.4 91.5911
      vertex -6.54737 47.4 93.5404
    endloop
  endfacet
  facet normal 0 1 0
    outer loop
      vertex 6.54737 47.4 93.5404
      vertex 3.10583 47.4 91.5911
      vertex 0 47.4 92
    endloop
  endfacet
  facet normal 0 1 0
    outer loop
      vertex 13.2911 47.4 90.5993
      vertex 8.45263 47.4 92.4404
      vertex 10.5993 47.4 93.2911
    endloop
  endfacet
  facet normal 0 1 -0
    outer loop
      vertex 8.48528 47.4 88.4853
      vertex 8.45263 47.4 92.4404
      vertex 13.2911 47.4 90.5993
    endloop
  endfacet
  facet normal 0 1 0
    outer loop
      vertex 6.54737 47.4 93.5404
      vertex 6 47.4 90.3923
      vertex 3.10583 47.4 91.5911
    endloop
  endfacet
  facet normal 0 1 0
    outer loop
      vertex 12.4404 47.4 88.4526
      vertex 13.2911 47.4 90.5993
      vertex 14.0545 47.4 89.3845
    endloop
  endfacet
  facet normal 0 1 0
    outer loop
      vertex 8.45263 47.4 92.4404
      vertex 8.48528 47.4 88.4853
      vertex 6 47.4 90.3923
    endloop
  endfacet
  facet normal 0 1 0
    outer loop
      vertex 13.2911 47.4 90.5993
      vertex 12.4404 47.4 88.4526
      vertex 8.48528 47.4 88.4853
    endloop
  endfacet
  facet normal 0 1 0
    outer loop
      vertex 10.3923 47.4 86
      vertex 12.4404 47.4 88.4526
      vertex 13.5404 47.4 86.5474
    endloop
  endfacet
  facet normal 0 1 0
    outer loop
      vertex 12.4404 47.4 88.4526
      vertex 10.3923 47.4 86
      vertex 8.48528 47.4 88.4853
    endloop
  endfacet
  facet normal 0 1 -0
    outer loop
      vertex 6.54737 47.4 93.5404
      vertex 3.78286 47.4 96.5738
      vertex 7.37602 47.4 95.3165
    endloop
  endfacet
  facet normal 0 1 0
    outer loop
      vertex 6.54737 47.4 93.5404
      vertex 7.37602 47.4 95.3165
      vertex 7.52042 47.4 95.2257
    endloop
  endfacet
  facet normal 0 1 0
    outer loop
      vertex 3.78286 47.4 96.5738
      vertex 6.54737 47.4 93.5404
      vertex 1.1 47.4 95
    endloop
  endfacet
  facet normal 0 1 0
    outer loop
      vertex 0 47.4 92
      vertex 1.1 47.4 95
      vertex 6.54737 47.4 93.5404
    endloop
  endfacet
  facet normal 0 1 0
    outer loop
      vertex 3.78286 47.4 96.5738
      vertex 1.1 47.4 95
      vertex 1.1 47.4 96.8761
    endloop
  endfacet
  facet normal 0 1 -0
    outer loop
      vertex -1.1 47.4 95
      vertex -3.78286 47.4 96.5738
      vertex -1.1 47.4 96.8761
    endloop
  endfacet
  facet normal 0 1 -0
    outer loop
      vertex -3.10583 47.4 91.5911
      vertex -3.78286 47.4 96.5738
      vertex -1.1 47.4 95
    endloop
  endfacet
  facet normal 0 1 0
    outer loop
      vertex -3.78286 47.4 96.5738
      vertex -6.54737 47.4 93.5404
      vertex -7.37602 47.4 95.3165
    endloop
  endfacet
  facet normal 0 1 0
    outer loop
      vertex 1.1 47.4 95
      vertex 0 47.4 92
      vertex -1.1 47.4 95
    endloop
  endfacet
  facet normal 0 1 0
    outer loop
      vertex -7.37602 47.4 95.3165
      vertex -6.54737 47.4 93.5404
      vertex -7.52042 47.4 95.2257
    endloop
  endfacet
  facet normal 0 1 0
    outer loop
      vertex 6 47.4 90.3923
      vertex 6.54737 47.4 93.5404
      vertex 8.45263 47.4 92.4404
    endloop
  endfacet
  facet normal 0 1 0
    outer loop
      vertex -3.10583 47.4 91.5911
      vertex -1.1 47.4 95
      vertex 0 47.4 92
    endloop
  endfacet
  facet normal 0 1 0
    outer loop
      vertex -8.45263 47.4 92.4404
      vertex -10.5993 47.4 93.2911
      vertex -9.38451 47.4 94.0545
    endloop
  endfacet
  facet normal 0 1 -0
    outer loop
      vertex -6 47.4 90.3923
      vertex -6.54737 47.4 93.5404
      vertex -3.10583 47.4 91.5911
    endloop
  endfacet
  facet normal 0 1 0
    outer loop
      vertex -8.45263 47.4 92.4404
      vertex -13.2911 47.4 90.5993
      vertex -10.5993 47.4 93.2911
    endloop
  endfacet
  facet normal 0 1 0
    outer loop
      vertex -6.54737 47.4 93.5404
      vertex -6 47.4 90.3923
      vertex -8.45263 47.4 92.4404
    endloop
  endfacet
  facet normal 0 1 0
    outer loop
      vertex -8.48528 47.4 88.4853
      vertex -8.45263 47.4 92.4404
      vertex -6 47.4 90.3923
    endloop
  endfacet
  facet normal 0 1 0
    outer loop
      vertex -8.45263 47.4 92.4404
      vertex -8.48528 47.4 88.4853
      vertex -13.2911 47.4 90.5993
    endloop
  endfacet
  facet normal 0 1 -0
    outer loop
      vertex -12.4404 47.4 88.4526
      vertex -13.2911 47.4 90.5993
      vertex -8.48528 47.4 88.4853
    endloop
  endfacet
  facet normal 0 1 0
    outer loop
      vertex -13.2911 47.4 90.5993
      vertex -12.4404 47.4 88.4526
      vertex -14.0545 47.4 89.3845
    endloop
  endfacet
  facet normal 0 1 -0
    outer loop
      vertex -10.3923 47.4 86
      vertex -12.4404 47.4 88.4526
      vertex -8.48528 47.4 88.4853
    endloop
  endfacet
  facet normal 0 1 0
    outer loop
      vertex -12.4404 47.4 88.4526
      vertex -10.3923 47.4 86
      vertex -13.5404 47.4 86.5474
    endloop
  endfacet
  facet normal 0 1 0
    outer loop
      vertex -13.5404 47.4 86.5474
      vertex -15.3165 47.4 87.376
      vertex -15.2257 47.4 87.5204
    endloop
  endfacet
  facet normal 0 1 0
    outer loop
      vertex -13.5404 47.4 86.5474
      vertex -16.5738 47.4 83.7829
      vertex -15.3165 47.4 87.376
    endloop
  endfacet
  facet normal 0 1 -0
    outer loop
      vertex -11.5911 47.4 83.1058
      vertex -13.5404 47.4 86.5474
      vertex -10.3923 47.4 86
    endloop
  endfacet
  facet normal 0 1 0
    outer loop
      vertex -13.5404 47.4 86.5474
      vertex -11.5911 47.4 83.1058
      vertex -16.5738 47.4 83.7829
    endloop
  endfacet
  facet normal 0 1 -0
    outer loop
      vertex -15 47.4 81.1
      vertex -16.5738 47.4 83.7829
      vertex -11.5911 47.4 83.1058
    endloop
  endfacet
  facet normal 0 1 0
    outer loop
      vertex -16.5738 47.4 83.7829
      vertex -15 47.4 81.1
      vertex -16.8761 47.4 81.1
    endloop
  endfacet
  facet normal 0 1 0
    outer loop
      vertex 3.10583 47.4 68.4089
      vertex 1.1 47.4 65
      vertex 0 47.4 68
    endloop
  endfacet
  facet normal 0 1 0
    outer loop
      vertex 0 47.4 68
      vertex -6.54737 47.4 66.4596
      vertex -8.45263 47.4 67.5596
    endloop
  endfacet
  facet normal 0 1 0
    outer loop
      vertex -1.1 47.4 65
      vertex 0 47.4 68
      vertex 1.1 47.4 65
    endloop
  endfacet
  facet normal 0 1 -0
    outer loop
      vertex 7.37602 47.4 64.6835
      vertex 6.54737 47.4 66.4596
      vertex 7.52042 47.4 64.7743
    endloop
  endfacet
  facet normal 0 1 0
    outer loop
      vertex 3.78286 47.4 63.4262
      vertex 6.54737 47.4 66.4596
      vertex 7.37602 47.4 64.6835
    endloop
  endfacet
  facet normal 0 1 0
    outer loop
      vertex 6.54737 47.4 66.4596
      vertex 3.78286 47.4 63.4262
      vertex 1.1 47.4 65
    endloop
  endfacet
  facet normal 0 1 0
    outer loop
      vertex 1.1 47.4 65
      vertex 3.78286 47.4 63.4262
      vertex 1.1 47.4 63.1239
    endloop
  endfacet
  facet normal 0 1 0
    outer loop
      vertex -10.3923 47.4 74
      vertex -12.4404 47.4 71.5474
      vertex -13.5404 47.4 73.4526
    endloop
  endfacet
  facet normal 0 1 0
    outer loop
      vertex -8.48528 47.4 71.5147
      vertex -12.4404 47.4 71.5474
      vertex -10.3923 47.4 74
    endloop
  endfacet
  facet normal 0 1 0
    outer loop
      vertex -13.2911 47.4 69.4007
      vertex -12.4404 47.4 71.5474
      vertex -8.48528 47.4 71.5147
    endloop
  endfacet
  facet normal 0 1 -0
    outer loop
      vertex -8.45263 47.4 67.5596
      vertex -8.48528 47.4 71.5147
      vertex -6 47.4 69.6077
    endloop
  endfacet
  facet normal 0 1 0
    outer loop
      vertex -12.4404 47.4 71.5474
      vertex -13.2911 47.4 69.4007
      vertex -14.0545 47.4 70.6155
    endloop
  endfacet
  facet normal 0 1 0
    outer loop
      vertex -8.45263 47.4 67.5596
      vertex -6 47.4 69.6077
      vertex -3.10583 47.4 68.4089
    endloop
  endfacet
  facet normal 0 1 0
    outer loop
      vertex -8.45263 47.4 67.5596
      vertex -3.10583 47.4 68.4089
      vertex 0 47.4 68
    endloop
  endfacet
  facet normal 0 1 0
    outer loop
      vertex 1.1 47.4 65
      vertex 3.10583 47.4 68.4089
      vertex 6.54737 47.4 66.4596
    endloop
  endfacet
  facet normal 0 1 0
    outer loop
      vertex -8.48528 47.4 71.5147
      vertex -8.45263 47.4 67.5596
      vertex -13.2911 47.4 69.4007
    endloop
  endfacet
  facet normal 0 1 0
    outer loop
      vertex -8.45263 47.4 67.5596
      vertex -10.5993 47.4 66.7089
      vertex -13.2911 47.4 69.4007
    endloop
  endfacet
  facet normal -0 1 0
    outer loop
      vertex -10.5993 47.4 66.7089
      vertex -8.45263 47.4 67.5596
      vertex -9.38451 47.4 65.9455
    endloop
  endfacet
  facet normal 0 1 -0
    outer loop
      vertex 16.5738 47.4 76.2171
      vertex 15 47.4 78.9
      vertex 16.8761 47.4 78.9
    endloop
  endfacet
  facet normal 0 1 0
    outer loop
      vertex 15 47.4 78.9
      vertex 16.5738 47.4 76.2171
      vertex 11.5911 47.4 76.8942
    endloop
  endfacet
  facet normal 0 1 -0
    outer loop
      vertex 13.5404 47.4 73.4526
      vertex 11.5911 47.4 76.8942
      vertex 16.5738 47.4 76.2171
    endloop
  endfacet
  facet normal 0 1 0
    outer loop
      vertex 11.5911 47.4 76.8942
      vertex 13.5404 47.4 73.4526
      vertex 10.3923 47.4 74
    endloop
  endfacet
  facet normal 0 1 -0
    outer loop
      vertex 15.3165 47.4 72.624
      vertex 13.5404 47.4 73.4526
      vertex 16.5738 47.4 76.2171
    endloop
  endfacet
  facet normal 0 1 0
    outer loop
      vertex 13.5404 47.4 73.4526
      vertex 15.3165 47.4 72.624
      vertex 15.2257 47.4 72.4796
    endloop
  endfacet
  facet normal 0 1 -0
    outer loop
      vertex -12 47.4 80
      vertex -15 47.4 81.1
      vertex -11.5911 47.4 83.1058
    endloop
  endfacet
  facet normal 0 1 0
    outer loop
      vertex -12 47.4 80
      vertex -15 47.4 78.9
      vertex -15 47.4 81.1
    endloop
  endfacet
  facet normal 0 1 0
    outer loop
      vertex -11.5911 47.4 76.8942
      vertex -15 47.4 78.9
      vertex -12 47.4 80
    endloop
  endfacet
  facet normal 0 1 0
    outer loop
      vertex -16.5738 47.4 76.2171
      vertex -15 47.4 78.9
      vertex -11.5911 47.4 76.8942
    endloop
  endfacet
  facet normal 0 1 0
    outer loop
      vertex -15 47.4 78.9
      vertex -16.5738 47.4 76.2171
      vertex -16.8761 47.4 78.9
    endloop
  endfacet
  facet normal 0 1 0
    outer loop
      vertex -13.5404 47.4 73.4526
      vertex -11.5911 47.4 76.8942
      vertex -10.3923 47.4 74
    endloop
  endfacet
  facet normal 0 1 0
    outer loop
      vertex -11.5911 47.4 76.8942
      vertex -13.5404 47.4 73.4526
      vertex -16.5738 47.4 76.2171
    endloop
  endfacet
  facet normal 0 1 0
    outer loop
      vertex -13.5404 47.4 73.4526
      vertex -15.3165 47.4 72.624
      vertex -16.5738 47.4 76.2171
    endloop
  endfacet
  facet normal -0 1 0
    outer loop
      vertex -15.3165 47.4 72.624
      vertex -13.5404 47.4 73.4526
      vertex -15.2257 47.4 72.4796
    endloop
  endfacet
  facet normal 0 1 -0
    outer loop
      vertex 12.4404 47.4 71.5474
      vertex 10.3923 47.4 74
      vertex 13.5404 47.4 73.4526
    endloop
  endfacet
  facet normal 0 1 0
    outer loop
      vertex 12.4404 47.4 71.5474
      vertex 8.48528 47.4 71.5147
      vertex 10.3923 47.4 74
    endloop
  endfacet
  facet normal 0 1 -0
    outer loop
      vertex 13.2911 47.4 69.4007
      vertex 12.4404 47.4 71.5474
      vertex 14.0545 47.4 70.6155
    endloop
  endfacet
  facet normal 0 1 0
    outer loop
      vertex 12.4404 47.4 71.5474
      vertex 13.2911 47.4 69.4007
      vertex 8.48528 47.4 71.5147
    endloop
  endfacet
  facet normal 0 1 0
    outer loop
      vertex 8.45263 47.4 67.5596
      vertex 8.48528 47.4 71.5147
      vertex 13.2911 47.4 69.4007
    endloop
  endfacet
  facet normal 0 1 0
    outer loop
      vertex 8.48528 47.4 71.5147
      vertex 8.45263 47.4 67.5596
      vertex 6 47.4 69.6077
    endloop
  endfacet
  facet normal 0 1 -0
    outer loop
      vertex 6.54737 47.4 66.4596
      vertex 6 47.4 69.6077
      vertex 8.45263 47.4 67.5596
    endloop
  endfacet
  facet normal 0 1 0
    outer loop
      vertex 6 47.4 69.6077
      vertex 6.54737 47.4 66.4596
      vertex 3.10583 47.4 68.4089
    endloop
  endfacet
  facet normal 0 1 -0
    outer loop
      vertex 10.5993 47.4 66.7089
      vertex 8.45263 47.4 67.5596
      vertex 13.2911 47.4 69.4007
    endloop
  endfacet
  facet normal 0 1 0
    outer loop
      vertex 8.45263 47.4 67.5596
      vertex 10.5993 47.4 66.7089
      vertex 9.38451 47.4 65.9455
    endloop
  endfacet
  facet normal 0 1 0
    outer loop
      vertex 0 47.4 68
      vertex -1.1 47.4 65
      vertex -6.54737 47.4 66.4596
    endloop
  endfacet
  facet normal 0 1 -0
    outer loop
      vertex -3.78286 47.4 63.4262
      vertex -6.54737 47.4 66.4596
      vertex -1.1 47.4 65
    endloop
  endfacet
  facet normal 0 1 0
    outer loop
      vertex -6.54737 47.4 66.4596
      vertex -7.37602 47.4 64.6835
      vertex -7.52042 47.4 64.7743
    endloop
  endfacet
  facet normal 0 1 0
    outer loop
      vertex -6.54737 47.4 66.4596
      vertex -3.78286 47.4 63.4262
      vertex -7.37602 47.4 64.6835
    endloop
  endfacet
  facet normal -0 1 0
    outer loop
      vertex -3.78286 47.4 63.4262
      vertex -1.1 47.4 65
      vertex -1.1 47.4 63.1239
    endloop
  endfacet
  facet normal 0 1 0
    outer loop
      vertex -24.5196 47.4 75.1227
      vertex -20.8761 47.4 78.9
      vertex -20.4735 47.4 75.3271
    endloop
  endfacet
  facet normal 0 1 0
    outer loop
      vertex -20.8761 47.4 78.9
      vertex -24.5196 47.4 75.1227
      vertex -24.8917 47.4 78.9
    endloop
  endfacet
  facet normal 0 1 0
    outer loop
      vertex -23.097 47.4 70.4329
      vertex -20.4735 47.4 75.3271
      vertex -18.9203 47.4 70.8884
    endloop
  endfacet
  facet normal 0 1 0
    outer loop
      vertex -22.0767 47.4 68.5242
      vertex -18.9203 47.4 70.8884
      vertex -18.6705 47.4 70.4908
    endloop
  endfacet
  facet normal 0 1 0
    outer loop
      vertex -20.4735 47.4 75.3271
      vertex -23.097 47.4 70.4329
      vertex -24.5196 47.4 75.1227
    endloop
  endfacet
  facet normal 0 1 0
    outer loop
      vertex -18.9203 47.4 70.8884
      vertex -22.0767 47.4 68.5242
      vertex -23.097 47.4 70.4329
    endloop
  endfacet
  facet normal 0 1 0
    outer loop
      vertex 1.2941 47.4 84.8296
      vertex -1.2941 47.4 84.8296
      vertex 0 47.4 85
    endloop
  endfacet
  facet normal 0 1 0
    outer loop
      vertex 2.5 47.4 84.3301
      vertex -1.2941 47.4 84.8296
      vertex 1.2941 47.4 84.8296
    endloop
  endfacet
  facet normal 0 1 0
    outer loop
      vertex 2.5 47.4 84.3301
      vertex -2.5 47.4 84.3301
      vertex -1.2941 47.4 84.8296
    endloop
  endfacet
  facet normal 0 1 0
    outer loop
      vertex 3.53553 47.4 83.5355
      vertex -2.5 47.4 84.3301
      vertex 2.5 47.4 84.3301
    endloop
  endfacet
  facet normal 0 1 0
    outer loop
      vertex 3.53553 47.4 83.5355
      vertex -3.53553 47.4 83.5355
      vertex -2.5 47.4 84.3301
    endloop
  endfacet
  facet normal 0 1 0
    outer loop
      vertex 4.33013 47.4 82.5
      vertex -3.53553 47.4 83.5355
      vertex 3.53553 47.4 83.5355
    endloop
  endfacet
  facet normal 0 1 0
    outer loop
      vertex 4.33013 47.4 82.5
      vertex -4.33013 47.4 82.5
      vertex -3.53553 47.4 83.5355
    endloop
  endfacet
  facet normal 0 1 0
    outer loop
      vertex 4.82963 47.4 81.2941
      vertex -4.33013 47.4 82.5
      vertex 4.33013 47.4 82.5
    endloop
  endfacet
  facet normal 0 1 0
    outer loop
      vertex 4.82963 47.4 81.2941
      vertex -4.82963 47.4 81.2941
      vertex -4.33013 47.4 82.5
    endloop
  endfacet
  facet normal 0 1 0
    outer loop
      vertex 5 47.4 80
      vertex -4.82963 47.4 81.2941
      vertex 4.82963 47.4 81.2941
    endloop
  endfacet
  facet normal 0 1 0
    outer loop
      vertex 5 47.4 80
      vertex -5 47.4 80
      vertex -4.82963 47.4 81.2941
    endloop
  endfacet
  facet normal 0 1 -0
    outer loop
      vertex 4.82963 47.4 78.7059
      vertex -5 47.4 80
      vertex 5 47.4 80
    endloop
  endfacet
  facet normal 0 1 0
    outer loop
      vertex 4.82963 47.4 78.7059
      vertex -4.82963 47.4 78.7059
      vertex -5 47.4 80
    endloop
  endfacet
  facet normal 0 1 -0
    outer loop
      vertex 4.33013 47.4 77.5
      vertex -4.82963 47.4 78.7059
      vertex 4.82963 47.4 78.7059
    endloop
  endfacet
  facet normal 0 1 0
    outer loop
      vertex 4.33013 47.4 77.5
      vertex -4.33013 47.4 77.5
      vertex -4.82963 47.4 78.7059
    endloop
  endfacet
  facet normal 0 1 -0
    outer loop
      vertex 3.53553 47.4 76.4645
      vertex -4.33013 47.4 77.5
      vertex 4.33013 47.4 77.5
    endloop
  endfacet
  facet normal 0 1 0
    outer loop
      vertex 3.53553 47.4 76.4645
      vertex -3.53553 47.4 76.4645
      vertex -4.33013 47.4 77.5
    endloop
  endfacet
  facet normal 0 1 -0
    outer loop
      vertex 2.5 47.4 75.6699
      vertex -3.53553 47.4 76.4645
      vertex 3.53553 47.4 76.4645
    endloop
  endfacet
  facet normal 0 1 0
    outer loop
      vertex 2.5 47.4 75.6699
      vertex -2.5 47.4 75.6699
      vertex -3.53553 47.4 76.4645
    endloop
  endfacet
  facet normal 0 1 -0
    outer loop
      vertex 1.2941 47.4 75.1704
      vertex -2.5 47.4 75.6699
      vertex 2.5 47.4 75.6699
    endloop
  endfacet
  facet normal 0 1 0
    outer loop
      vertex 1.2941 47.4 75.1704
      vertex -1.2941 47.4 75.1704
      vertex -2.5 47.4 75.6699
    endloop
  endfacet
  facet normal -0 1 0
    outer loop
      vertex -1.2941 47.4 75.1704
      vertex 1.2941 47.4 75.1704
      vertex 0 47.4 75
    endloop
  endfacet
  facet normal 0 1 -0
    outer loop
      vertex 24.5196 47.4 75.1227
      vertex 20.8761 47.4 78.9
      vertex 24.8917 47.4 78.9
    endloop
  endfacet
  facet normal 0 1 0
    outer loop
      vertex 20.8761 47.4 78.9
      vertex 24.5196 47.4 75.1227
      vertex 20.4735 47.4 75.3271
    endloop
  endfacet
  facet normal 0 1 -0
    outer loop
      vertex 23.097 47.4 70.4329
      vertex 20.4735 47.4 75.3271
      vertex 24.5196 47.4 75.1227
    endloop
  endfacet
  facet normal 0 1 0
    outer loop
      vertex 20.4735 47.4 75.3271
      vertex 23.097 47.4 70.4329
      vertex 18.9203 47.4 70.8884
    endloop
  endfacet
  facet normal 0 1 -0
    outer loop
      vertex 22.0767 47.4 68.5242
      vertex 18.9203 47.4 70.8884
      vertex 23.097 47.4 70.4329
    endloop
  endfacet
  facet normal 0 1 0
    outer loop
      vertex 18.9203 47.4 70.8884
      vertex 22.0767 47.4 68.5242
      vertex 18.6705 47.4 70.4908
    endloop
  endfacet
  facet normal 0 1 -0
    outer loop
      vertex -18.9203 47.4 89.1116
      vertex -22.0767 47.4 91.4758
      vertex -18.6705 47.4 89.5092
    endloop
  endfacet
  facet normal 0 1 0
    outer loop
      vertex -22.0767 47.4 91.4758
      vertex -18.9203 47.4 89.1116
      vertex -23.097 47.4 89.5671
    endloop
  endfacet
  facet normal 0 1 -0
    outer loop
      vertex -20.4735 47.4 84.6729
      vertex -23.097 47.4 89.5671
      vertex -18.9203 47.4 89.1116
    endloop
  endfacet
  facet normal 0 1 0
    outer loop
      vertex -23.097 47.4 89.5671
      vertex -20.4735 47.4 84.6729
      vertex -24.5196 47.4 84.8773
    endloop
  endfacet
  facet normal 0 1 -0
    outer loop
      vertex -20.8761 47.4 81.1
      vertex -24.5196 47.4 84.8773
      vertex -20.4735 47.4 84.6729
    endloop
  endfacet
  facet normal 0 1 0
    outer loop
      vertex -24.5196 47.4 84.8773
      vertex -20.8761 47.4 81.1
      vertex -24.8917 47.4 81.1
    endloop
  endfacet
  facet normal 0 1 0
    outer loop
      vertex 18.9203 47.4 89.1116
      vertex 22.0767 47.4 91.4758
      vertex 23.097 47.4 89.5671
    endloop
  endfacet
  facet normal 0 1 0
    outer loop
      vertex 22.0767 47.4 91.4758
      vertex 18.9203 47.4 89.1116
      vertex 18.6705 47.4 89.5092
    endloop
  endfacet
  facet normal 0 1 0
    outer loop
      vertex 20.4735 47.4 84.6729
      vertex 23.097 47.4 89.5671
      vertex 24.5196 47.4 84.8773
    endloop
  endfacet
  facet normal 0 1 0
    outer loop
      vertex 23.097 47.4 89.5671
      vertex 20.4735 47.4 84.6729
      vertex 18.9203 47.4 89.1116
    endloop
  endfacet
  facet normal 0 1 0
    outer loop
      vertex 20.8761 47.4 81.1
      vertex 24.5196 47.4 84.8773
      vertex 24.8917 47.4 81.1
    endloop
  endfacet
  facet normal 0 1 0
    outer loop
      vertex 24.5196 47.4 84.8773
      vertex 20.8761 47.4 81.1
      vertex 20.4735 47.4 84.6729
    endloop
  endfacet
  facet normal 0 1 0
    outer loop
      vertex -11.3733 47.4 97.4992
      vertex -13.8893 47.4 100.787
      vertex -13.4171 47.4 101.039
    endloop
  endfacet
  facet normal 0 1 0
    outer loop
      vertex -13.8893 47.4 100.787
      vertex -11.3733 47.4 97.4992
      vertex -13.0933 47.4 96.4185
    endloop
  endfacet
  facet normal 0 1 0
    outer loop
      vertex -13.8893 47.4 100.787
      vertex -13.0933 47.4 96.4185
      vertex -17.6777 47.4 97.6777
    endloop
  endfacet
  facet normal 0 1 -0
    outer loop
      vertex -16.4185 47.4 93.0933
      vertex -17.6777 47.4 97.6777
      vertex -13.0933 47.4 96.4185
    endloop
  endfacet
  facet normal 0 1 0
    outer loop
      vertex -17.6777 47.4 97.6777
      vertex -16.4185 47.4 93.0933
      vertex -20.7867 47.4 93.8893
    endloop
  endfacet
  facet normal 0 1 -0
    outer loop
      vertex -17.4992 47.4 91.3733
      vertex -20.7867 47.4 93.8893
      vertex -16.4185 47.4 93.0933
    endloop
  endfacet
  facet normal 0 1 0
    outer loop
      vertex -20.7867 47.4 93.8893
      vertex -17.4992 47.4 91.3733
      vertex -21.0391 47.4 93.4171
    endloop
  endfacet
  facet normal 0 1 0
    outer loop
      vertex 13.0933 47.4 96.4185
      vertex 13.8893 47.4 100.787
      vertex 17.6777 47.4 97.6777
    endloop
  endfacet
  facet normal -0 1 0
    outer loop
      vertex 11.3733 47.4 97.4992
      vertex 13.8893 47.4 100.787
      vertex 13.0933 47.4 96.4185
    endloop
  endfacet
  facet normal 0 1 0
    outer loop
      vertex 13.8893 47.4 100.787
      vertex 11.3733 47.4 97.4992
      vertex 13.4171 47.4 101.039
    endloop
  endfacet
  facet normal 0 1 0
    outer loop
      vertex 16.4185 47.4 93.0933
      vertex 17.6777 47.4 97.6777
      vertex 20.7867 47.4 93.8893
    endloop
  endfacet
  facet normal 0 1 0
    outer loop
      vertex 17.4992 47.4 91.3733
      vertex 20.7867 47.4 93.8893
      vertex 21.0391 47.4 93.4171
    endloop
  endfacet
  facet normal 0 1 0
    outer loop
      vertex 17.6777 47.4 97.6777
      vertex 16.4185 47.4 93.0933
      vertex 13.0933 47.4 96.4185
    endloop
  endfacet
  facet normal 0 1 0
    outer loop
      vertex 20.7867 47.4 93.8893
      vertex 17.4992 47.4 91.3733
      vertex 16.4185 47.4 93.0933
    endloop
  endfacet
  facet normal 0 1 -0
    outer loop
      vertex -1.1 47.4 100.876
      vertex -4.87726 47.4 104.52
      vertex -1.1 47.4 104.892
    endloop
  endfacet
  facet normal 0 1 0
    outer loop
      vertex -4.87726 47.4 104.52
      vertex -4.67294 47.4 100.473
      vertex -9.56709 47.4 103.097
    endloop
  endfacet
  facet normal 0 1 0
    outer loop
      vertex -4.87726 47.4 104.52
      vertex -1.1 47.4 100.876
      vertex -4.67294 47.4 100.473
    endloop
  endfacet
  facet normal 0 1 -0
    outer loop
      vertex -9.11156 47.4 98.9203
      vertex -9.56709 47.4 103.097
      vertex -4.67294 47.4 100.473
    endloop
  endfacet
  facet normal 0 1 0
    outer loop
      vertex -9.56709 47.4 103.097
      vertex -9.11156 47.4 98.9203
      vertex -11.4758 47.4 102.077
    endloop
  endfacet
  facet normal 0 1 0
    outer loop
      vertex -11.4758 47.4 102.077
      vertex -9.11156 47.4 98.9203
      vertex -9.50923 47.4 98.6705
    endloop
  endfacet
  facet normal 0 1 0
    outer loop
      vertex 4.67294 47.4 100.473
      vertex 4.87726 47.4 104.52
      vertex 9.56709 47.4 103.097
    endloop
  endfacet
  facet normal 0 1 0
    outer loop
      vertex 9.11156 47.4 98.9203
      vertex 9.56709 47.4 103.097
      vertex 11.4758 47.4 102.077
    endloop
  endfacet
  facet normal -0 1 0
    outer loop
      vertex 1.1 47.4 100.876
      vertex 4.87726 47.4 104.52
      vertex 4.67294 47.4 100.473
    endloop
  endfacet
  facet normal 0 1 0
    outer loop
      vertex 4.87726 47.4 104.52
      vertex 1.1 47.4 100.876
      vertex 1.1 47.4 104.892
    endloop
  endfacet
  facet normal 0 1 0
    outer loop
      vertex 9.56709 47.4 103.097
      vertex 9.11156 47.4 98.9203
      vertex 4.67294 47.4 100.473
    endloop
  endfacet
  facet normal -0 1 0
    outer loop
      vertex 9.11156 47.4 98.9203
      vertex 11.4758 47.4 102.077
      vertex 9.50923 47.4 98.6705
    endloop
  endfacet
  facet normal -0.852635 0 0.522506
    outer loop
      vertex -28.5122 45 94.5277
      vertex -25.8885 47.4 98.8091
      vertex -28.5122 47.4 94.5277
    endloop
  endfacet
  facet normal -0.852635 0 0.522506
    outer loop
      vertex -25.8885 47.4 98.8091
      vertex -28.5122 45 94.5277
      vertex -25.8885 45 98.8091
    endloop
  endfacet
  facet normal -0.233404 0 0.97238
    outer loop
      vertex -9.88854 47.4 110.434
      vertex -5.0059 45 111.606
      vertex -5.0059 47.4 111.606
    endloop
  endfacet
  facet normal -0.233404 0 0.97238
    outer loop
      vertex -5.0059 45 111.606
      vertex -9.88854 47.4 110.434
      vertex -9.88854 45 110.434
    endloop
  endfacet
  facet normal 0.923881 0 -0.38268
    outer loop
      vertex 30.4338 45 70.1115
      vertex 28.5122 47.4 65.4723
      vertex 30.4338 47.4 70.1115
    endloop
  endfacet
  facet normal 0.923881 0 -0.38268
    outer loop
      vertex 28.5122 47.4 65.4723
      vertex 30.4338 45 70.1115
      vertex 28.5122 45 65.4723
    endloop
  endfacet
  facet normal -0.76041 0 -0.649444
    outer loop
      vertex -22.6274 45 57.3726
      vertex -25.8885 47.4 61.1909
      vertex -22.6274 47.4 57.3726
    endloop
  endfacet
  facet normal -0.76041 -0 -0.649444
    outer loop
      vertex -25.8885 47.4 61.1909
      vertex -22.6274 45 57.3726
      vertex -25.8885 45 61.1909
    endloop
  endfacet
  facet normal -0.649444 0 -0.76041
    outer loop
      vertex -22.6274 45 57.3726
      vertex -18.8091 47.4 54.1115
      vertex -18.8091 45 54.1115
    endloop
  endfacet
  facet normal -0.649444 0 -0.76041
    outer loop
      vertex -18.8091 47.4 54.1115
      vertex -22.6274 45 57.3726
      vertex -22.6274 47.4 57.3726
    endloop
  endfacet
  facet normal -0.97237 0 -0.233444
    outer loop
      vertex -30.4338 45 70.1115
      vertex -31.606 47.4 74.9941
      vertex -30.4338 47.4 70.1115
    endloop
  endfacet
  facet normal -0.97237 -0 -0.233444
    outer loop
      vertex -31.606 47.4 74.9941
      vertex -30.4338 45 70.1115
      vertex -31.606 45 74.9941
    endloop
  endfacet
  facet normal 0.923881 -0 0.38268
    outer loop
      vertex 28.5122 45 94.5277
      vertex 30.4338 47.4 89.8885
      vertex 28.5122 47.4 94.5277
    endloop
  endfacet
  facet normal 0.923881 0 0.38268
    outer loop
      vertex 30.4338 47.4 89.8885
      vertex 28.5122 45 94.5277
      vertex 30.4338 45 89.8885
    endloop
  endfacet
  facet normal 0.760376 -0 0.649483
    outer loop
      vertex 22.6274 45 102.627
      vertex 25.8885 47.4 98.8091
      vertex 22.6274 47.4 102.627
    endloop
  endfacet
  facet normal 0.760376 0 0.649483
    outer loop
      vertex 25.8885 47.4 98.8091
      vertex 22.6274 45 102.627
      vertex 25.8885 45 98.8091
    endloop
  endfacet
  facet normal 0.0784645 0 0.996917
    outer loop
      vertex 0 47.4 112
      vertex 5.0059 45 111.606
      vertex 5.0059 47.4 111.606
    endloop
  endfacet
  facet normal 0.0784645 0 0.996917
    outer loop
      vertex 5.0059 45 111.606
      vertex 0 47.4 112
      vertex 0 45 112
    endloop
  endfacet
  facet normal -0.996917 0 0.0784645
    outer loop
      vertex -32 45 80
      vertex -31.606 47.4 85.0059
      vertex -32 47.4 80
    endloop
  endfacet
  facet normal -0.996917 0 0.0784645
    outer loop
      vertex -31.606 47.4 85.0059
      vertex -32 45 80
      vertex -31.606 45 85.0059
    endloop
  endfacet
  facet normal -0.996917 0 -0.0784645
    outer loop
      vertex -31.606 45 74.9941
      vertex -32 47.4 80
      vertex -31.606 47.4 74.9941
    endloop
  endfacet
  facet normal -0.996917 -0 -0.0784645
    outer loop
      vertex -32 47.4 80
      vertex -31.606 45 74.9941
      vertex -32 45 80
    endloop
  endfacet
  facet normal -0.649547 0 0.760321
    outer loop
      vertex -22.6274 47.4 102.627
      vertex -18.8091 45 105.889
      vertex -18.8091 47.4 105.889
    endloop
  endfacet
  facet normal -0.649547 0 0.760321
    outer loop
      vertex -18.8091 45 105.889
      vertex -22.6274 47.4 102.627
      vertex -22.6274 45 102.627
    endloop
  endfacet
  facet normal -0.760376 0 0.649483
    outer loop
      vertex -25.8885 45 98.8091
      vertex -22.6274 47.4 102.627
      vertex -25.8885 47.4 98.8091
    endloop
  endfacet
  facet normal -0.760376 0 0.649483
    outer loop
      vertex -22.6274 47.4 102.627
      vertex -25.8885 45 98.8091
      vertex -22.6274 45 102.627
    endloop
  endfacet
  facet normal 0.382683 0 -0.92388
    outer loop
      vertex 9.88854 45 49.5662
      vertex 14.5277 47.4 51.4878
      vertex 14.5277 45 51.4878
    endloop
  endfacet
  facet normal 0.382683 0 -0.92388
    outer loop
      vertex 14.5277 47.4 51.4878
      vertex 9.88854 45 49.5662
      vertex 9.88854 47.4 49.5662
    endloop
  endfacet
  facet normal 0.649444 0 -0.76041
    outer loop
      vertex 18.8091 45 54.1115
      vertex 22.6274 47.4 57.3726
      vertex 22.6274 45 57.3726
    endloop
  endfacet
  facet normal 0.649444 0 -0.76041
    outer loop
      vertex 22.6274 47.4 57.3726
      vertex 18.8091 45 54.1115
      vertex 18.8091 47.4 54.1115
    endloop
  endfacet
  facet normal 0.76041 0 -0.649444
    outer loop
      vertex 25.8885 45 61.1909
      vertex 22.6274 47.4 57.3726
      vertex 25.8885 47.4 61.1909
    endloop
  endfacet
  facet normal 0.76041 0 -0.649444
    outer loop
      vertex 22.6274 47.4 57.3726
      vertex 25.8885 45 61.1909
      vertex 22.6274 45 57.3726
    endloop
  endfacet
  facet normal -0.233442 0 -0.972371
    outer loop
      vertex -9.88854 45 49.5662
      vertex -5.0059 47.4 48.394
      vertex -5.0059 45 48.394
    endloop
  endfacet
  facet normal -0.233442 0 -0.972371
    outer loop
      vertex -5.0059 47.4 48.394
      vertex -9.88854 45 49.5662
      vertex -9.88854 47.4 49.5662
    endloop
  endfacet
  facet normal -0.522506 0 -0.852635
    outer loop
      vertex -18.8091 45 54.1115
      vertex -14.5277 47.4 51.4878
      vertex -14.5277 45 51.4878
    endloop
  endfacet
  facet normal -0.522506 0 -0.852635
    outer loop
      vertex -14.5277 47.4 51.4878
      vertex -18.8091 45 54.1115
      vertex -18.8091 47.4 54.1115
    endloop
  endfacet
  facet normal -0.382683 0 -0.92388
    outer loop
      vertex -14.5277 45 51.4878
      vertex -9.88854 47.4 49.5662
      vertex -9.88854 45 49.5662
    endloop
  endfacet
  facet normal -0.382683 0 -0.92388
    outer loop
      vertex -9.88854 47.4 49.5662
      vertex -14.5277 45 51.4878
      vertex -14.5277 47.4 51.4878
    endloop
  endfacet
  facet normal 0.233404 0 0.97238
    outer loop
      vertex 5.0059 47.4 111.606
      vertex 9.88854 45 110.434
      vertex 9.88854 47.4 110.434
    endloop
  endfacet
  facet normal 0.233404 0 0.97238
    outer loop
      vertex 9.88854 45 110.434
      vertex 5.0059 47.4 111.606
      vertex 5.0059 45 111.606
    endloop
  endfacet
  facet normal 0 -1 0
    outer loop
      vertex 5.0059 45 48.394
      vertex 9.00232 45 50
      vertex 0 45 50
    endloop
  endfacet
  facet normal 0 -1 -0
    outer loop
      vertex 9.00232 45 50
      vertex 5.0059 45 48.394
      vertex 9.88854 45 49.5662
    endloop
  endfacet
  facet normal -0 -1 0
    outer loop
      vertex 5.0059 45 48.394
      vertex 0 45 50
      vertex 0 45 48
    endloop
  endfacet
  facet normal 0 -1 0
    outer loop
      vertex 9.00232 45 56
      vertex 9.00232 45 82
      vertex 0 45 82
    endloop
  endfacet
  facet normal 0 -1 0
    outer loop
      vertex 9.00232 45 82
      vertex 31.606 45 74.9941
      vertex 32 45 80
    endloop
  endfacet
  facet normal 0 -1 0
    outer loop
      vertex 9.00232 45 82
      vertex 30.4338 45 70.1115
      vertex 31.606 45 74.9941
    endloop
  endfacet
  facet normal 0 -1 0
    outer loop
      vertex 9.00232 45 82
      vertex 28.5122 45 65.4723
      vertex 30.4338 45 70.1115
    endloop
  endfacet
  facet normal -0 -1 0
    outer loop
      vertex 25.8885 45 61.1909
      vertex 9.00232 45 82
      vertex 9.00232 45 56
    endloop
  endfacet
  facet normal 0 -1 0
    outer loop
      vertex 9.00232 45 82
      vertex 25.8885 45 61.1909
      vertex 28.5122 45 65.4723
    endloop
  endfacet
  facet normal 0 -1 0
    outer loop
      vertex 9.00232 45 56
      vertex 0 45 82
      vertex 0 45 56
    endloop
  endfacet
  facet normal 0 -1 0
    outer loop
      vertex 25.8885 45 61.1909
      vertex 9.00232 45 56
      vertex 22.6274 45 57.3726
    endloop
  endfacet
  facet normal 0 -1 0
    outer loop
      vertex 9.00232 45 56
      vertex 18.8091 45 54.1115
      vertex 22.6274 45 57.3726
    endloop
  endfacet
  facet normal 0 -1 0
    outer loop
      vertex 9.00232 45 56
      vertex 14.5277 45 51.4878
      vertex 18.8091 45 54.1115
    endloop
  endfacet
  facet normal 0 -1 0
    outer loop
      vertex 9.88854 45 49.5662
      vertex 9.00232 45 56
      vertex 9.00232 45 50
    endloop
  endfacet
  facet normal 0 -1 0
    outer loop
      vertex 9.00232 45 56
      vertex 9.88854 45 49.5662
      vertex 14.5277 45 51.4878
    endloop
  endfacet
  facet normal 0 -1 0
    outer loop
      vertex 0 45 88
      vertex 5.0059 45 111.606
      vertex 0 45 112
    endloop
  endfacet
  facet normal 0 -1 0
    outer loop
      vertex 9.00232 45 88
      vertex 5.0059 45 111.606
      vertex 0 45 88
    endloop
  endfacet
  facet normal 0 -1 -0
    outer loop
      vertex 9.88854 45 110.434
      vertex 9.00232 45 88
      vertex 14.5277 45 108.512
    endloop
  endfacet
  facet normal 0 -1 -0
    outer loop
      vertex 14.5277 45 108.512
      vertex 9.00232 45 88
      vertex 18.8091 45 105.889
    endloop
  endfacet
  facet normal 0 -1 -0
    outer loop
      vertex 18.8091 45 105.889
      vertex 9.00232 45 88
      vertex 22.6274 45 102.627
    endloop
  endfacet
  facet normal 0 -1 -0
    outer loop
      vertex 22.6274 45 102.627
      vertex 9.00232 45 88
      vertex 25.8885 45 98.8091
    endloop
  endfacet
  facet normal 0 -1 -0
    outer loop
      vertex 25.8885 45 98.8091
      vertex 9.00232 45 88
      vertex 28.5122 45 94.5277
    endloop
  endfacet
  facet normal 0 -1 0
    outer loop
      vertex 5.0059 45 111.606
      vertex 9.00232 45 88
      vertex 9.88854 45 110.434
    endloop
  endfacet
  facet normal 0 -1 -0
    outer loop
      vertex 28.5122 45 94.5277
      vertex 9.00232 45 88
      vertex 30.4338 45 89.8885
    endloop
  endfacet
  facet normal 0 -1 0
    outer loop
      vertex 9.00232 45 82
      vertex 30.4338 45 89.8885
      vertex 9.00232 45 88
    endloop
  endfacet
  facet normal 0 -1 -0
    outer loop
      vertex 30.4338 45 89.8885
      vertex 9.00232 45 82
      vertex 31.606 45 85.0059
    endloop
  endfacet
  facet normal 0 -1 -0
    outer loop
      vertex 31.606 45 85.0059
      vertex 9.00232 45 82
      vertex 32 45 80
    endloop
  endfacet
  facet normal 0 -1 0
    outer loop
      vertex -18.8091 45 54.1115
      vertex -9.00232 45 56
      vertex -22.6274 45 57.3726
    endloop
  endfacet
  facet normal 0 -1 0
    outer loop
      vertex -14.5277 45 51.4878
      vertex -9.00232 45 56
      vertex -18.8091 45 54.1115
    endloop
  endfacet
  facet normal 0 -1 0
    outer loop
      vertex -9.88854 45 49.5662
      vertex -9.00232 45 56
      vertex -14.5277 45 51.4878
    endloop
  endfacet
  facet normal 0 -1 -0
    outer loop
      vertex -9.00232 45 56
      vertex -9.88854 45 49.5662
      vertex -9.00232 45 50
    endloop
  endfacet
  facet normal 0 -1 0
    outer loop
      vertex -5.0059 45 48.394
      vertex -9.00232 45 50
      vertex -9.88854 45 49.5662
    endloop
  endfacet
  facet normal 0 -1 0
    outer loop
      vertex -9.00232 45 50
      vertex -5.0059 45 48.394
      vertex 0 45 50
    endloop
  endfacet
  facet normal 0 -1 -0
    outer loop
      vertex 0 45 50
      vertex -5.0059 45 48.394
      vertex 0 45 48
    endloop
  endfacet
  facet normal 0 -1 0
    outer loop
      vertex -9.00232 45 82
      vertex -30.4338 45 89.8885
      vertex -31.606 45 85.0059
    endloop
  endfacet
  facet normal 0 -1 0
    outer loop
      vertex -30.4338 45 89.8885
      vertex -9.00232 45 82
      vertex -9.00232 45 88
    endloop
  endfacet
  facet normal 0 -1 0
    outer loop
      vertex -32 45 80
      vertex -9.00232 45 82
      vertex -31.606 45 85.0059
    endloop
  endfacet
  facet normal 0 -1 0
    outer loop
      vertex -31.606 45 74.9941
      vertex -9.00232 45 82
      vertex -32 45 80
    endloop
  endfacet
  facet normal 0 -1 0
    outer loop
      vertex -30.4338 45 70.1115
      vertex -9.00232 45 82
      vertex -31.606 45 74.9941
    endloop
  endfacet
  facet normal 0 -1 0
    outer loop
      vertex -28.5122 45 65.4723
      vertex -9.00232 45 82
      vertex -30.4338 45 70.1115
    endloop
  endfacet
  facet normal 0 -1 0
    outer loop
      vertex -25.8885 45 61.1909
      vertex -9.00232 45 82
      vertex -28.5122 45 65.4723
    endloop
  endfacet
  facet normal 0 -1 -0
    outer loop
      vertex -9.00232 45 82
      vertex -25.8885 45 61.1909
      vertex -9.00232 45 56
    endloop
  endfacet
  facet normal 0 -1 0
    outer loop
      vertex -9.00232 45 56
      vertex -25.8885 45 61.1909
      vertex -22.6274 45 57.3726
    endloop
  endfacet
  facet normal 0 -1 0
    outer loop
      vertex -9.00232 45 82
      vertex -9.00232 45 56
      vertex 0 45 82
    endloop
  endfacet
  facet normal 0 -1 -0
    outer loop
      vertex 0 45 82
      vertex -9.00232 45 56
      vertex 0 45 56
    endloop
  endfacet
  facet normal 0 -1 0
    outer loop
      vertex -9.00232 45 88
      vertex -5.0059 45 111.606
      vertex -9.88854 45 110.434
    endloop
  endfacet
  facet normal 0 -1 0
    outer loop
      vertex -9.00232 45 88
      vertex -9.88854 45 110.434
      vertex -14.5277 45 108.512
    endloop
  endfacet
  facet normal 0 -1 0
    outer loop
      vertex -9.00232 45 88
      vertex -14.5277 45 108.512
      vertex -18.8091 45 105.889
    endloop
  endfacet
  facet normal 0 -1 0
    outer loop
      vertex -9.00232 45 88
      vertex -18.8091 45 105.889
      vertex -22.6274 45 102.627
    endloop
  endfacet
  facet normal 0 -1 0
    outer loop
      vertex -9.00232 45 88
      vertex -22.6274 45 102.627
      vertex -25.8885 45 98.8091
    endloop
  endfacet
  facet normal 0 -1 0
    outer loop
      vertex -9.00232 45 88
      vertex -25.8885 45 98.8091
      vertex -28.5122 45 94.5277
    endloop
  endfacet
  facet normal 0 -1 0
    outer loop
      vertex -9.00232 45 88
      vertex -28.5122 45 94.5277
      vertex -30.4338 45 89.8885
    endloop
  endfacet
  facet normal 0 -1 -0
    outer loop
      vertex -5.0059 45 111.606
      vertex -9.00232 45 88
      vertex 0 45 88
    endloop
  endfacet
  facet normal 0 -1 0
    outer loop
      vertex -5.0059 45 111.606
      vertex 0 45 88
      vertex 0 45 112
    endloop
  endfacet
  facet normal -0.97237 0 0.233444
    outer loop
      vertex -31.606 45 85.0059
      vertex -30.4338 47.4 89.8885
      vertex -31.606 47.4 85.0059
    endloop
  endfacet
  facet normal -0.97237 0 0.233444
    outer loop
      vertex -30.4338 47.4 89.8885
      vertex -31.606 45 85.0059
      vertex -30.4338 45 89.8885
    endloop
  endfacet
  facet normal -0.382751 0 0.923852
    outer loop
      vertex -14.5277 47.4 108.512
      vertex -9.88854 45 110.434
      vertex -9.88854 47.4 110.434
    endloop
  endfacet
  facet normal -0.382751 0 0.923852
    outer loop
      vertex -9.88854 45 110.434
      vertex -14.5277 47.4 108.512
      vertex -14.5277 45 108.512
    endloop
  endfacet
  facet normal 0.522506 0 -0.852635
    outer loop
      vertex 14.5277 45 51.4878
      vertex 18.8091 47.4 54.1115
      vertex 18.8091 45 54.1115
    endloop
  endfacet
  facet normal 0.522506 0 -0.852635
    outer loop
      vertex 18.8091 47.4 54.1115
      vertex 14.5277 45 51.4878
      vertex 14.5277 47.4 51.4878
    endloop
  endfacet
  facet normal 0.97237 0 -0.233444
    outer loop
      vertex 31.606 45 74.9941
      vertex 30.4338 47.4 70.1115
      vertex 31.606 47.4 74.9941
    endloop
  endfacet
  facet normal 0.97237 0 -0.233444
    outer loop
      vertex 30.4338 47.4 70.1115
      vertex 31.606 45 74.9941
      vertex 30.4338 45 70.1115
    endloop
  endfacet
  facet normal 0.996917 0 -0.0784645
    outer loop
      vertex 32 45 80
      vertex 31.606 47.4 74.9941
      vertex 32 47.4 80
    endloop
  endfacet
  facet normal 0.996917 0 -0.0784645
    outer loop
      vertex 31.606 47.4 74.9941
      vertex 32 45 80
      vertex 31.606 45 74.9941
    endloop
  endfacet
  facet normal -0.0784645 0 -0.996917
    outer loop
      vertex -5.0059 45 48.394
      vertex 0 47.4 48
      vertex 0 45 48
    endloop
  endfacet
  facet normal -0.0784645 0 -0.996917
    outer loop
      vertex 0 47.4 48
      vertex -5.0059 45 48.394
      vertex -5.0059 47.4 48.394
    endloop
  endfacet
  facet normal 0.0784645 0 -0.996917
    outer loop
      vertex 0 45 48
      vertex 5.0059 47.4 48.394
      vertex 5.0059 45 48.394
    endloop
  endfacet
  facet normal 0.0784645 0 -0.996917
    outer loop
      vertex 5.0059 47.4 48.394
      vertex 0 45 48
      vertex 0 47.4 48
    endloop
  endfacet
  facet normal -0.923881 0 -0.38268
    outer loop
      vertex -28.5122 45 65.4723
      vertex -30.4338 47.4 70.1115
      vertex -28.5122 47.4 65.4723
    endloop
  endfacet
  facet normal -0.923881 -0 -0.38268
    outer loop
      vertex -30.4338 47.4 70.1115
      vertex -28.5122 45 65.4723
      vertex -30.4338 45 70.1115
    endloop
  endfacet
  facet normal -0.852635 0 -0.522506
    outer loop
      vertex -25.8885 45 61.1909
      vertex -28.5122 47.4 65.4723
      vertex -25.8885 47.4 61.1909
    endloop
  endfacet
  facet normal -0.852635 -0 -0.522506
    outer loop
      vertex -28.5122 47.4 65.4723
      vertex -25.8885 45 61.1909
      vertex -28.5122 45 65.4723
    endloop
  endfacet
endsolid OpenSCAD_Model
