solid OpenSCAD_Model
  facet normal -0.708863 0.264386 0.653921
    outer loop
      vertex -32 9.39605 77.5759
      vertex -29.5875 13.5122 78.5269
      vertex -32 12.1949 76.4443
    endloop
  endfacet
  facet normal -0.708864 0.264387 0.653921
    outer loop
      vertex -29.5875 13.5122 78.5269
      vertex -32 9.39605 77.5759
      vertex -31.2093 9.16389 78.5269
    endloop
  endfacet
  facet normal 0.345924 -0.927461 0.141961
    outer loop
      vertex 18.6724 -40.8868 55.778
      vertex 12.6635 -43.128 55.778
      vertex 12.9267 -44.0242 49.2816
    endloop
  endfacet
  facet normal -0.640828 -0.139411 -0.75492
    outer loop
      vertex -26.4501 -7.76646 9.1751
      vertex -31.2093 -9.16389 13.4731
      vertex -27.2862 -3.92316 9.1751
    endloop
  endfacet
  facet normal -0.362586 -0.66403 0.653908
    outer loop
      vertex -13.5122 -29.5875 78.5269
      vertex -19.909 -30.9791 73.5668
      vertex -15.2976 -33.4971 73.5668
    endloop
  endfacet
  facet normal 0.507455 0.189287 0.84063
    outer loop
      vertex 25.0756 11.4517 82.8249
      vertex 20.0532 9.15801 86.3732
      vertex 21.1525 6.21092 86.3732
    endloop
  endfacet
  facet normal 0.433592 0.324571 0.840626
    outer loop
      vertex 20.8336 18.0524 82.8249
      vertex 18.5458 11.9187 86.3732
      vertex 23.1906 14.9037 82.8249
    endloop
  endfacet
  facet normal 0.415237 -0.0297122 0.909228
    outer loop
      vertex 16.0754 0 89.0997
      vertex 15.9117 -2.28776 89.0997
      vertex 22.0455 0 86.3732
    endloop
  endfacet
  facet normal 0.545356 -0.728521 -0.414541
    outer loop
      vertex 28.2243 -32.5726 29.9246
      vertex 21.8274 -33.9641 23.9545
      vertex 26.4388 -30.5121 23.9545
    endloop
  endfacet
  facet normal 0.0706299 -0.987348 0.14197
    outer loop
      vertex 6.39687 -44.4912 55.778
      vertex 0 -44.9488 55.778
      vertex 6.5298 -45.4158 49.2816
    endloop
  endfacet
  facet normal 0.525006 0.39302 -0.75492
    outer loop
      vertex 27.3634 17.5854 13.4731
      vertex 20.8336 18.0524 9.1751
      vertex 24.5822 21.3006 13.4731
    endloop
  endfacet
  facet normal 0.654141 -0.0468904 -0.754917
    outer loop
      vertex 32 -0.394441 13.041
      vertex 27.5668 0 9.1751
      vertex 32 0 13.0165
    endloop
  endfacet
  facet normal 0.65415 -0.0467874 -0.754917
    outer loop
      vertex 27.5668 0 9.1751
      vertex 32 -0.394441 13.041
      vertex 27.2862 -3.92316 9.1751
    endloop
  endfacet
  facet normal 0.264389 0.708871 -0.653911
    outer loop
      vertex 13.5122 29.5875 13.4731
      vertex 9.16389 31.2093 13.4731
      vertex 10.3748 35.3332 18.4332
    endloop
  endfacet
  facet normal 0.0649219 0.90771 0.414545
    outer loop
      vertex 0 43.0997 62.0754
      vertex 0 40.3732 68.0455
      vertex 6.13372 42.661 62.0754
    endloop
  endfacet
  facet normal 0.673961 0.504517 0.539666
    outer loop
      vertex 30.5121 26.4388 68.0455
      vertex 27.8304 24.1152 73.5668
      vertex 30.9791 19.909 73.5668
    endloop
  endfacet
  facet normal -0.936957 0.349444 0
    outer loop
      vertex -41.9828 18.4 42.7184
      vertex -41.7365 19.0604 49.2816
      vertex -41.7365 19.0604 42.7184
    endloop
  endfacet
  facet normal -0.936957 0.349444 0
    outer loop
      vertex -41.7365 19.0604 49.2816
      vertex -41.9828 18.4 42.7184
      vertex -41.9828 18.4 49.2816
    endloop
  endfacet
  facet normal 0.707107 -0.707107 0
    outer loop
      vertex 30.0468 -34.6759 49.2816
      vertex 34.6759 -30.0468 42.7184
      vertex 34.6759 -30.0468 49.2816
    endloop
  endfacet
  facet normal 0.707107 -0.707107 0
    outer loop
      vertex 34.6759 -30.0468 42.7184
      vertex 30.0468 -34.6759 49.2816
      vertex 30.0468 -34.6759 42.7184
    endloop
  endfacet
  facet normal 0.575116 0.768273 -0.281067
    outer loop
      vertex 28.2243 32.5726 29.9246
      vertex 24.3011 37.8133 36.222
      vertex 29.4352 33.97 36.222
    endloop
  endfacet
  facet normal 0.843292 0.458132 -0.281024
    outer loop
      vertex 37.8133 24.3011 36.222
      vertex 36.2916 23.2913 30.0095
      vertex 36.2785 23.3148 30.0085
    endloop
  endfacet
  facet normal 0.84224 0.460031 -0.281075
    outer loop
      vertex 37.8133 24.3011 36.222
      vertex 36.616 22.7275 30.0588
      vertex 36.2916 23.2913 30.0095
    endloop
  endfacet
  facet normal 0.842323 0.459891 -0.281055
    outer loop
      vertex 37.8133 24.3011 36.222
      vertex 36.8485 22.3412 30.1235
      vertex 36.616 22.7275 30.0588
    endloop
  endfacet
  facet normal 0.842353 0.459843 -0.281044
    outer loop
      vertex 37.8133 24.3011 36.222
      vertex 37.0478 22.0244 30.2025
      vertex 36.8485 22.3412 30.1235
    endloop
  endfacet
  facet normal 0.842258 0.45999 -0.281088
    outer loop
      vertex 37.8133 24.3011 36.222
      vertex 37.2647 21.693 30.3101
      vertex 37.0478 22.0244 30.2025
    endloop
  endfacet
  facet normal 0.842258 0.45999 -0.281088
    outer loop
      vertex 37.8133 24.3011 36.222
      vertex 37.4846 21.3701 30.4406
      vertex 37.2647 21.693 30.3101
    endloop
  endfacet
  facet normal 0.84238 0.459816 -0.281007
    outer loop
      vertex 37.8133 24.3011 36.222
      vertex 37.7065 21.0569 30.5933
      vertex 37.4846 21.3701 30.4406
    endloop
  endfacet
  facet normal 0.842301 0.459924 -0.281067
    outer loop
      vertex 37.8133 24.3011 36.222
      vertex 37.9294 20.7552 30.7676
      vertex 37.7065 21.0569 30.5933
    endloop
  endfacet
  facet normal 0.842311 0.459911 -0.281059
    outer loop
      vertex 37.8133 24.3011 36.222
      vertex 38.152 20.4665 30.9623
      vertex 37.9294 20.7552 30.7676
    endloop
  endfacet
  facet normal 0.842223 0.46002 -0.281143
    outer loop
      vertex 37.8133 24.3011 36.222
      vertex 38.3735 20.192 31.1767
      vertex 38.152 20.4665 30.9623
    endloop
  endfacet
  facet normal 0.842343 0.459879 -0.281016
    outer loop
      vertex 37.8133 24.3011 36.222
      vertex 38.5927 19.933 31.4099
      vertex 38.3735 20.192 31.1767
    endloop
  endfacet
  facet normal 0.842289 0.459939 -0.281079
    outer loop
      vertex 38.8185 19.6804 31.6732
      vertex 38.5927 19.933 31.4099
      vertex 37.8133 24.3011 36.222
    endloop
  endfacet
  facet normal 0.841022 0.466862 -0.273352
    outer loop
      vertex 38.5927 19.933 31.4099
      vertex 38.8185 19.6804 31.6732
      vertex 38.8084 19.6911 31.6604
    endloop
  endfacet
  facet normal 0.345924 0.927461 0.141961
    outer loop
      vertex 12.9267 44.0242 49.2816
      vertex 12.6635 43.128 55.778
      vertex 18.6724 40.8868 55.778
    endloop
  endfacet
  facet normal -0.738908 0.403458 0.539663
    outer loop
      vertex -32 20.5652 71.6784
      vertex -32 19.3516 72.5857
      vertex -30.9791 19.909 73.5668
    endloop
  endfacet
  facet normal 0.433579 0.324581 -0.840628
    outer loop
      vertex 18.5458 11.9187 5.62677
      vertex 16.6608 14.4367 5.62677
      vertex 20.8336 18.0524 9.1751
    endloop
  endfacet
  facet normal 0.654141 -0.0468904 0.754917
    outer loop
      vertex 27.5668 0 82.8249
      vertex 32 -0.394441 78.959
      vertex 32 0 78.9835
    endloop
  endfacet
  facet normal 0.65415 -0.0467874 0.754917
    outer loop
      vertex 32 -0.394441 78.959
      vertex 27.5668 0 82.8249
      vertex 27.2862 -3.92316 82.8249
    endloop
  endfacet
  facet normal 0.792437 0.593205 0.141953
    outer loop
      vertex 34.6759 30.0468 49.2816
      vertex 33.97 29.4352 55.778
      vertex 37.8133 24.3011 55.778
    endloop
  endfacet
  facet normal 0.436137 0.798708 -0.414547
    outer loop
      vertex 23.3014 36.2578 29.9246
      vertex 16.7716 36.7248 23.9545
      vertex 17.9043 39.2049 29.9246
    endloop
  endfacet
  facet normal -0.664033 0.362583 0.653907
    outer loop
      vertex -27.3634 17.5854 78.5269
      vertex -30.9791 19.909 73.5668
      vertex -29.5875 13.5122 78.5269
    endloop
  endfacet
  facet normal -0.275948 -0.0600237 0.959297
    outer loop
      vertex -9.67848 -1.39155 90.9488
      vertex -15.9117 -2.28776 89.0997
      vertex -15.4242 -4.52895 89.0997
    endloop
  endfacet
  facet normal 0.169237 0.226073 0.959296
    outer loop
      vertex 8.69099 13.5234 89.0997
      vertex 5.28639 8.22578 90.9488
      vertex 10.5271 12.1489 89.0997
    endloop
  endfacet
  facet normal 0.0706299 0.987348 -0.14197
    outer loop
      vertex 6.39687 44.4912 36.222
      vertex 0 44.9488 36.222
      vertex 6.5298 45.4158 42.7184
    endloop
  endfacet
  facet normal -0.189274 -0.507472 -0.840623
    outer loop
      vertex -7.76646 -26.4501 9.1751
      vertex -11.4517 -25.0756 9.1751
      vertex -6.21092 -21.1525 5.62677
    endloop
  endfacet
  facet normal -0.868789 -0.474395 0.141967
    outer loop
      vertex -40.8868 -18.6724 55.778
      vertex -41.7365 -19.0604 49.2816
      vertex -37.8133 -24.3011 55.778
    endloop
  endfacet
  facet normal -0.0649144 -0.907714 0.414538
    outer loop
      vertex -5.74571 -39.9623 68.0455
      vertex -6.13372 -42.661 62.0754
      vertex 0 -40.3732 68.0455
    endloop
  endfacet
  facet normal -0.459937 -0.842294 0.281066
    outer loop
      vertex -23.3014 -36.2578 62.0754
      vertex -24.3011 -37.8133 55.778
      vertex -17.9043 -39.2049 62.0754
    endloop
  endfacet
  facet normal 0.362586 0.66403 0.653908
    outer loop
      vertex 15.2976 33.4971 73.5668
      vertex 13.5122 29.5875 78.5269
      vertex 19.909 30.9791 73.5668
    endloop
  endfacet
  facet normal 0.22607 -0.169235 -0.959298
    outer loop
      vertex 12.1489 -10.5271 2.90031
      vertex 8.22578 -5.28639 1.05124
      vertex 13.5234 -8.69099 2.90031
    endloop
  endfacet
  facet normal 0.475361 0.259576 0.840626
    outer loop
      vertex 23.1906 14.9037 82.8249
      vertex 18.5458 11.9187 86.3732
      vertex 25.0756 11.4517 82.8249
    endloop
  endfacet
  facet normal 0.199522 -0.365366 0.90923
    outer loop
      vertex 8.69099 -13.5234 89.0997
      vertex 6.67794 -14.6227 89.0997
      vertex 11.9187 -18.5458 86.3732
    endloop
  endfacet
  facet normal 0.614469 -0.22918 0.75492
    outer loop
      vertex 31.2093 -9.16389 78.5269
      vertex 25.0756 -11.4517 82.8249
      vertex 29.5875 -13.5122 78.5269
    endloop
  endfacet
  facet normal -0.362583 0.664033 0.653907
    outer loop
      vertex -13.5122 29.5875 78.5269
      vertex -19.909 30.9791 73.5668
      vertex -17.5854 27.3634 78.5269
    endloop
  endfacet
  facet normal -0.595299 0.595299 -0.539665
    outer loop
      vertex -27.8304 24.1152 18.4332
      vertex -26.4388 30.5121 23.9545
      vertex -24.1152 27.8304 18.4332
    endloop
  endfacet
  facet normal -0.595299 0.595299 -0.539665
    outer loop
      vertex -26.4388 30.5121 23.9545
      vertex -27.8304 24.1152 18.4332
      vertex -30.5121 26.4388 23.9545
    endloop
  endfacet
  facet normal -0.403473 0.7389 -0.539663
    outer loop
      vertex -19.909 30.9791 18.4332
      vertex -21.8274 33.9641 23.9545
      vertex -16.7716 36.7248 23.9545
    endloop
  endfacet
  facet normal -0.189288 0.507458 -0.840628
    outer loop
      vertex -9.15801 20.0532 5.62677
      vertex -11.4517 25.0756 9.1751
      vertex -6.21092 21.1525 5.62677
    endloop
  endfacet
  facet normal 0.193448 0.889233 -0.414538
    outer loop
      vertex 12.1426 41.3538 29.9246
      vertex 5.74571 39.9623 23.9545
      vertex 6.13372 42.661 29.9246
    endloop
  endfacet
  facet normal 0.540234 -0.0386397 0.840627
    outer loop
      vertex 27.5668 0 82.8249
      vertex 22.0455 0 86.3732
      vertex 27.2862 -3.92316 82.8249
    endloop
  endfacet
  facet normal 0.738908 0.403458 0.539663
    outer loop
      vertex 32 20.5652 71.6784
      vertex 30.9791 19.909 73.5668
      vertex 32 19.3516 72.5857
    endloop
  endfacet
  facet normal -0.393003 -0.525009 0.754927
    outer loop
      vertex -14.9037 -23.1906 82.8249
      vertex -18.0524 -20.8336 82.8249
      vertex -17.5854 -27.3634 78.5269
    endloop
  endfacet
  facet normal 0.936957 0.349444 0
    outer loop
      vertex 41.9828 18.4 49.2816
      vertex 41.7365 19.0604 42.7184
      vertex 41.7365 19.0604 49.2816
    endloop
  endfacet
  facet normal 0.936957 0.349444 0
    outer loop
      vertex 41.7365 19.0604 42.7184
      vertex 41.9828 18.4 49.2816
      vertex 41.9828 18.4 42.7184
    endloop
  endfacet
  facet normal 0.534977 0.534977 0.65391
    outer loop
      vertex 24.1152 27.8304 73.5668
      vertex 24.5822 21.3006 78.5269
      vertex 27.8304 24.1152 73.5668
    endloop
  endfacet
  facet normal 0.534977 0.534977 0.65391
    outer loop
      vertex 24.5822 21.3006 78.5269
      vertex 24.1152 27.8304 73.5668
      vertex 21.3006 24.5822 78.5269
    endloop
  endfacet
  facet normal 0.868789 0.474396 -0.141965
    outer loop
      vertex 41.7365 19.0604 42.7184
      vertex 37.8133 24.3011 36.222
      vertex 38.5991 24.8061 42.7184
    endloop
  endfacet
  facet normal 0.738906 0.403482 0.539648
    outer loop
      vertex 32 19.3516 72.5857
      vertex 30.9791 19.909 73.5668
      vertex 32 18.0394 73.5668
    endloop
  endfacet
  facet normal 0.345918 0.927462 -0.141968
    outer loop
      vertex 18.6724 40.8868 36.222
      vertex 12.9267 44.0242 42.7184
      vertex 19.0604 41.7365 42.7184
    endloop
  endfacet
  facet normal 0.189274 0.507472 -0.840623
    outer loop
      vertex 11.4517 25.0756 9.1751
      vertex 6.21092 21.1525 5.62677
      vertex 7.76646 26.4501 9.1751
    endloop
  endfacet
  facet normal 0.678601 0.678601 -0.281071
    outer loop
      vertex 33.97 29.4352 36.222
      vertex 32.5893 28.2388 30
      vertex 32 28.8281 30
    endloop
  endfacet
  facet normal 0.678602 0.678602 -0.281068
    outer loop
      vertex 33.97 29.4352 36.222
      vertex 28.2243 32.5726 29.9246
      vertex 29.4352 33.97 36.222
    endloop
  endfacet
  facet normal 0.678604 0.678598 -0.281071
    outer loop
      vertex 32 28.8281 30
      vertex 28.2243 32.5726 29.9246
      vertex 33.97 29.4352 36.222
    endloop
  endfacet
  facet normal 0.678653 0.678653 -0.280822
    outer loop
      vertex 28.2243 32.5726 29.9246
      vertex 32 28.8281 30
      vertex 32 28.7969 29.9246
    endloop
  endfacet
  facet normal 0.393003 0.525009 0.754927
    outer loop
      vertex 17.5854 27.3634 78.5269
      vertex 14.9037 23.1906 82.8249
      vertex 18.0524 20.8336 82.8249
    endloop
  endfacet
  facet normal -0.842201 -0.459966 0.281299
    outer loop
      vertex -37.8133 -24.3011 55.778
      vertex -40.2922 -18.4849 57.8666
      vertex -40.3975 -18.4489 57.6102
    endloop
  endfacet
  facet normal -0.842366 -0.459898 0.280915
    outer loop
      vertex -40.2922 -18.4849 57.8666
      vertex -37.8133 -24.3011 55.778
      vertex -40.139 -18.5574 58.2073
    endloop
  endfacet
  facet normal -0.842303 -0.459932 0.281047
    outer loop
      vertex -37.8133 -24.3011 55.778
      vertex -40.3975 -18.4489 57.6102
      vertex -40.8868 -18.6724 55.778
    endloop
  endfacet
  facet normal -0.842242 -0.459961 0.281182
    outer loop
      vertex -40.139 -18.5574 58.2073
      vertex -37.8133 -24.3011 55.778
      vertex -39.9747 -18.6534 58.5424
    endloop
  endfacet
  facet normal -0.842284 -0.459936 0.281099
    outer loop
      vertex -39.9747 -18.6534 58.5424
      vertex -37.8133 -24.3011 55.778
      vertex -39.8005 -18.7725 58.8695
    endloop
  endfacet
  facet normal -0.842288 -0.459934 0.281092
    outer loop
      vertex -39.8005 -18.7725 58.8695
      vertex -37.8133 -24.3011 55.778
      vertex -39.6169 -18.9142 59.1878
    endloop
  endfacet
  facet normal -0.842395 -0.459851 0.280904
    outer loop
      vertex -39.6169 -18.9142 59.1878
      vertex -37.8133 -24.3011 55.778
      vertex -39.4249 -19.0779 59.4956
    endloop
  endfacet
  facet normal -0.842191 -0.460023 0.281235
    outer loop
      vertex -39.4249 -19.0779 59.4956
      vertex -37.8133 -24.3011 55.778
      vertex -39.2256 -19.2623 59.7908
    endloop
  endfacet
  facet normal -0.842365 -0.459864 0.280974
    outer loop
      vertex -39.2256 -19.2623 59.7908
      vertex -37.8133 -24.3011 55.778
      vertex -39.0198 -19.4671 60.0726
    endloop
  endfacet
  facet normal -0.842292 -0.459936 0.281075
    outer loop
      vertex -39.0198 -19.4671 60.0726
      vertex -37.8133 -24.3011 55.778
      vertex -38.8185 -19.6804 60.3268
    endloop
  endfacet
  facet normal -0.768501 0.574813 0.281063
    outer loop
      vertex -33.97 29.4352 55.778
      vertex -32.6353 28.1773 62
      vertex -32.5893 28.2388 62
    endloop
  endfacet
  facet normal -0.768271 0.575115 0.281075
    outer loop
      vertex -32.6353 28.1773 62
      vertex -33.97 29.4352 55.778
      vertex -37.8133 24.3011 55.778
    endloop
  endfacet
  facet normal -0.189273 0.507469 0.840625
    outer loop
      vertex -7.76646 26.4501 82.8249
      vertex -11.4517 25.0756 82.8249
      vertex -6.21092 21.1525 86.3732
    endloop
  endfacet
  facet normal 0.0386399 0.540238 -0.840625
    outer loop
      vertex 3.92316 27.2862 9.1751
      vertex 0 22.0455 5.62677
      vertex 0 27.5668 9.1751
    endloop
  endfacet
  facet normal -0.643489 -0.643489 -0.41454
    outer loop
      vertex -26.4388 -30.5121 23.9545
      vertex -32 -27.7282 28.2657
      vertex -30.5121 -26.4388 23.9545
    endloop
  endfacet
  facet normal -0.64349 -0.643487 -0.414542
    outer loop
      vertex -28.2243 -32.5726 29.9246
      vertex -32 -27.7282 28.2657
      vertex -26.4388 -30.5121 23.9545
    endloop
  endfacet
  facet normal -0.643487 -0.643487 -0.414548
    outer loop
      vertex -32 -27.7282 28.2657
      vertex -28.2243 -32.5726 29.9246
      vertex -32 -28.7969 29.9246
    endloop
  endfacet
  facet normal 0.504517 -0.673961 -0.539666
    outer loop
      vertex 26.4388 -30.5121 23.9545
      vertex 19.909 -30.9791 18.4332
      vertex 24.1152 -27.8304 18.4332
    endloop
  endfacet
  facet normal 0.100883 0.100883 -0.98977
    outer loop
      vertex 2.48007 2.14899 0.117202
      vertex 6.40323 7.38972 1.05124
      vertex 7.38972 6.40323 1.05124
    endloop
  endfacet
  facet normal 0.100883 0.100883 -0.98977
    outer loop
      vertex 6.40323 7.38972 1.05124
      vertex 2.48007 2.14899 0.117202
      vertex 2.14899 2.48007 0.117202
    endloop
  endfacet
  facet normal -0.678653 -0.678653 -0.280822
    outer loop
      vertex -28.2243 -32.5726 29.9246
      vertex -32 -28.8281 30
      vertex -32 -28.7969 29.9246
    endloop
  endfacet
  facet normal -0.678604 -0.678598 -0.281071
    outer loop
      vertex -28.2243 -32.5726 29.9246
      vertex -33.97 -29.4352 36.222
      vertex -32 -28.8281 30
    endloop
  endfacet
  facet normal -0.678602 -0.678602 -0.281068
    outer loop
      vertex -33.97 -29.4352 36.222
      vertex -28.2243 -32.5726 29.9246
      vertex -29.4352 -33.97 36.222
    endloop
  endfacet
  facet normal -0.678601 -0.678601 -0.281071
    outer loop
      vertex -32.5893 -28.2388 30
      vertex -32 -28.8281 30
      vertex -33.97 -29.4352 36.222
    endloop
  endfacet
  facet normal -0.203994 -0.937758 0.281063
    outer loop
      vertex -6.13372 -42.661 62.0754
      vertex -12.6635 -43.128 55.778
      vertex -6.39687 -44.4912 55.778
    endloop
  endfacet
  facet normal -0.436134 -0.798712 0.414544
    outer loop
      vertex -21.8274 -33.9641 68.0455
      vertex -23.3014 -36.2578 62.0754
      vertex -16.7716 -36.7248 68.0455
    endloop
  endfacet
  facet normal 0.178962 -0.822638 0.539666
    outer loop
      vertex 10.3748 -35.3332 73.5668
      vertex 5.24073 -36.4501 73.5668
      vertex 11.3745 -38.7378 68.0455
    endloop
  endfacet
  facet normal 0.575116 -0.768273 -0.281067
    outer loop
      vertex 24.3011 -37.8133 36.222
      vertex 23.3014 -36.2578 29.9246
      vertex 28.2243 -32.5726 29.9246
    endloop
  endfacet
  facet normal 0.640828 -0.139411 -0.75492
    outer loop
      vertex 31.2093 -9.16389 13.4731
      vertex 26.4501 -7.76646 9.1751
      vertex 27.2862 -3.92316 9.1751
    endloop
  endfacet
  facet normal 0.160828 -0.73928 0.653911
    outer loop
      vertex 9.16389 -31.2093 78.5269
      vertex 5.24073 -36.4501 73.5668
      vertex 10.3748 -35.3332 73.5668
    endloop
  endfacet
  facet normal 0.474396 -0.868789 -0.141965
    outer loop
      vertex 24.8061 -38.5991 42.7184
      vertex 19.0604 -41.7365 42.7184
      vertex 24.3011 -37.8133 36.222
    endloop
  endfacet
  facet normal 0.841022 -0.466862 0.273352
    outer loop
      vertex 38.5927 -19.933 60.5901
      vertex 38.8185 -19.6804 60.3268
      vertex 38.8084 -19.6911 60.3396
    endloop
  endfacet
  facet normal 0.842343 -0.459879 0.281016
    outer loop
      vertex 37.8133 -24.3011 55.778
      vertex 38.5927 -19.933 60.5901
      vertex 38.3735 -20.192 60.8233
    endloop
  endfacet
  facet normal 0.842223 -0.46002 0.281143
    outer loop
      vertex 37.8133 -24.3011 55.778
      vertex 38.3735 -20.192 60.8233
      vertex 38.152 -20.4665 61.0377
    endloop
  endfacet
  facet normal 0.842311 -0.459911 0.281059
    outer loop
      vertex 37.8133 -24.3011 55.778
      vertex 38.152 -20.4665 61.0377
      vertex 37.9294 -20.7552 61.2324
    endloop
  endfacet
  facet normal 0.842301 -0.459924 0.281067
    outer loop
      vertex 37.8133 -24.3011 55.778
      vertex 37.9294 -20.7552 61.2324
      vertex 37.7065 -21.0569 61.4067
    endloop
  endfacet
  facet normal 0.84238 -0.459816 0.281007
    outer loop
      vertex 37.8133 -24.3011 55.778
      vertex 37.7065 -21.0569 61.4067
      vertex 37.4846 -21.3701 61.5594
    endloop
  endfacet
  facet normal 0.842258 -0.45999 0.281088
    outer loop
      vertex 37.8133 -24.3011 55.778
      vertex 37.4846 -21.3701 61.5594
      vertex 37.2647 -21.693 61.6899
    endloop
  endfacet
  facet normal 0.842258 -0.45999 0.281088
    outer loop
      vertex 37.8133 -24.3011 55.778
      vertex 37.2647 -21.693 61.6899
      vertex 37.0478 -22.0244 61.7975
    endloop
  endfacet
  facet normal 0.842353 -0.459843 0.281044
    outer loop
      vertex 37.8133 -24.3011 55.778
      vertex 37.0478 -22.0244 61.7975
      vertex 36.8485 -22.3412 61.8765
    endloop
  endfacet
  facet normal 0.842323 -0.459891 0.281055
    outer loop
      vertex 37.8133 -24.3011 55.778
      vertex 36.8485 -22.3412 61.8765
      vertex 36.616 -22.7275 61.9412
    endloop
  endfacet
  facet normal 0.84224 -0.460031 0.281075
    outer loop
      vertex 37.8133 -24.3011 55.778
      vertex 36.616 -22.7275 61.9412
      vertex 36.2916 -23.2913 61.9905
    endloop
  endfacet
  facet normal 0.843292 -0.458132 0.281024
    outer loop
      vertex 37.8133 -24.3011 55.778
      vertex 36.2916 -23.2913 61.9905
      vertex 36.2785 -23.3148 61.9915
    endloop
  endfacet
  facet normal 0.842289 -0.459939 0.281079
    outer loop
      vertex 38.5927 -19.933 60.5901
      vertex 37.8133 -24.3011 55.778
      vertex 38.8185 -19.6804 60.3268
    endloop
  endfacet
  facet normal 0.673961 -0.504517 0.539666
    outer loop
      vertex 30.9791 -19.909 73.5668
      vertex 27.8304 -24.1152 73.5668
      vertex 30.5121 -26.4388 68.0455
    endloop
  endfacet
  facet normal -0.0539697 -0.754644 0.653911
    outer loop
      vertex 0 -32.5269 78.5269
      vertex -5.24073 -36.4501 73.5668
      vertex 0 -36.8249 73.5668
    endloop
  endfacet
  facet normal -0.199685 0.199685 -0.959298
    outer loop
      vertex -7.38972 6.40323 1.05124
      vertex -10.5271 12.1489 2.90031
      vertex -6.40323 7.38972 1.05124
    endloop
  endfacet
  facet normal -0.199685 0.199685 -0.959298
    outer loop
      vertex -10.5271 12.1489 2.90031
      vertex -7.38972 6.40323 1.05124
      vertex -12.1489 10.5271 2.90031
    endloop
  endfacet
  facet normal 0.088488 -0.406776 -0.909232
    outer loop
      vertex 3.13739 -21.8211 5.62677
      vertex 2.28776 -15.9117 2.90031
      vertex 6.21092 -21.1525 5.62677
    endloop
  endfacet
  facet normal -0.178962 0.822638 -0.539666
    outer loop
      vertex -10.3748 35.3332 18.4332
      vertex -11.3745 38.7378 23.9545
      vertex -5.24073 36.4501 18.4332
    endloop
  endfacet
  facet normal -0.139406 0.640832 -0.754917
    outer loop
      vertex -3.92316 27.2862 9.1751
      vertex -9.16389 31.2093 13.4731
      vertex -4.62906 32.1958 13.4731
    endloop
  endfacet
  facet normal -0.436137 0.798708 -0.414547
    outer loop
      vertex -16.7716 36.7248 23.9545
      vertex -23.3014 36.2578 29.9246
      vertex -17.9043 39.2049 29.9246
    endloop
  endfacet
  facet normal -0.739264 -0.160854 -0.653922
    outer loop
      vertex -31.2093 -9.16389 13.4731
      vertex -32 -9.39605 14.4241
      vertex -32 -8.57201 14.2214
    endloop
  endfacet
  facet normal 0.210409 0.967251 -0.14196
    outer loop
      vertex 12.6635 43.128 36.222
      vertex 6.39687 44.4912 36.222
      vertex 12.9267 44.0242 42.7184
    endloop
  endfacet
  facet normal -0.0684764 0.957243 -0.281063
    outer loop
      vertex -6.13372 42.661 29.9246
      vertex -6.39687 44.4912 36.222
      vertex 0 44.9488 36.222
    endloop
  endfacet
  facet normal 0.294205 0.788799 -0.539667
    outer loop
      vertex 16.7716 36.7248 23.9545
      vertex 10.3748 35.3332 18.4332
      vertex 11.3745 38.7378 23.9545
    endloop
  endfacet
  facet normal -0.0386402 0.540238 -0.840625
    outer loop
      vertex -3.13739 21.8211 5.62677
      vertex -3.92316 27.2862 9.1751
      vertex 0 22.0455 5.62677
    endloop
  endfacet
  facet normal -0.0467873 0.654148 -0.754918
    outer loop
      vertex 0 27.5668 9.1751
      vertex -3.92316 27.2862 9.1751
      vertex 0 32.5269 13.4731
    endloop
  endfacet
  facet normal -0.115128 0.52924 -0.840625
    outer loop
      vertex -3.13739 21.8211 5.62677
      vertex -6.21092 21.1525 5.62677
      vertex -3.92316 27.2862 9.1751
    endloop
  endfacet
  facet normal 0.249482 0.33326 0.909228
    outer loop
      vertex 11.9187 18.5458 86.3732
      vertex 10.5271 12.1489 89.0997
      vertex 14.4367 16.6608 86.3732
    endloop
  endfacet
  facet normal 0.275944 0.0600296 0.959297
    outer loop
      vertex 15.4242 4.52895 89.0997
      vertex 9.38192 2.75478 90.9488
      vertex 9.67848 1.39155 90.9488
    endloop
  endfacet
  facet normal 0.362583 0.664033 0.653907
    outer loop
      vertex 19.909 30.9791 73.5668
      vertex 13.5122 29.5875 78.5269
      vertex 17.5854 27.3634 78.5269
    endloop
  endfacet
  facet normal -0.365366 0.199522 0.90923
    outer loop
      vertex -13.5234 8.69099 89.0997
      vertex -18.5458 11.9187 86.3732
      vertex -14.6227 6.67794 89.0997
    endloop
  endfacet
  facet normal 0.575586 0.314304 0.754926
    outer loop
      vertex 27.3634 17.5854 78.5269
      vertex 23.1906 14.9037 82.8249
      vertex 25.0756 11.4517 82.8249
    endloop
  endfacet
  facet normal 0.867882 0.410644 0.279557
    outer loop
      vertex 36.2785 23.3132 61.9939
      vertex 37.8133 24.3011 55.778
      vertex 36.2779 23.3144 61.994
    endloop
  endfacet
  facet normal 0.842274 0.459969 0.281074
    outer loop
      vertex 36.5262 22.8782 61.9635
      vertex 37.8133 24.3011 55.778
      vertex 36.2785 23.3132 61.9939
    endloop
  endfacet
  facet normal 0.842325 0.459883 0.281064
    outer loop
      vertex 36.7306 22.5334 61.9151
      vertex 37.8133 24.3011 55.778
      vertex 36.5262 22.8782 61.9635
    endloop
  endfacet
  facet normal 0.842222 0.460052 0.281095
    outer loop
      vertex 36.9409 22.1927 61.8426
      vertex 37.8133 24.3011 55.778
      vertex 36.7306 22.5334 61.9151
    endloop
  endfacet
  facet normal 0.842312 0.459909 0.281058
    outer loop
      vertex 37.1559 21.8576 61.7466
      vertex 37.8133 24.3011 55.778
      vertex 36.9409 22.1927 61.8426
    endloop
  endfacet
  facet normal 0.842355 0.459843 0.281036
    outer loop
      vertex 37.3742 21.5305 61.6275
      vertex 37.8133 24.3011 55.778
      vertex 37.1559 21.8576 61.7466
    endloop
  endfacet
  facet normal 0.842286 0.459945 0.281079
    outer loop
      vertex 37.5953 21.2122 61.4858
      vertex 37.8133 24.3011 55.778
      vertex 37.3742 21.5305 61.6275
    endloop
  endfacet
  facet normal 0.842294 0.459933 0.281073
    outer loop
      vertex 37.818 20.9044 61.3221
      vertex 37.8133 24.3011 55.778
      vertex 37.5953 21.2122 61.4858
    endloop
  endfacet
  facet normal 0.842361 0.459844 0.281018
    outer loop
      vertex 38.0407 20.6092 61.1376
      vertex 37.8133 24.3011 55.778
      vertex 37.818 20.9044 61.3221
    endloop
  endfacet
  facet normal 0.842228 0.460013 0.281141
    outer loop
      vertex 38.263 20.3273 60.9329
      vertex 37.8133 24.3011 55.778
      vertex 38.0407 20.6092 61.1376
    endloop
  endfacet
  facet normal 0.842282 0.459948 0.281085
    outer loop
      vertex 38.4835 20.0604 60.7089
      vertex 37.8133 24.3011 55.778
      vertex 38.263 20.3273 60.9329
    endloop
  endfacet
  facet normal 0.842338 0.459884 0.281023
    outer loop
      vertex 38.701 19.8099 60.4669
      vertex 37.8133 24.3011 55.778
      vertex 38.4835 20.0604 60.7089
    endloop
  endfacet
  facet normal 0.842194 0.460039 0.281199
    outer loop
      vertex 37.8133 24.3011 55.778
      vertex 38.701 19.8099 60.4669
      vertex 38.8181 19.6822 60.3251
    endloop
  endfacet
  facet normal 0.545356 0.728521 0.414541
    outer loop
      vertex 28.2243 32.5726 62.0754
      vertex 21.8274 33.9641 68.0455
      vertex 26.4388 30.5121 68.0455
    endloop
  endfacet
  facet normal 0.294205 0.788798 0.539667
    outer loop
      vertex 16.7716 36.7248 68.0455
      vertex 10.3748 35.3332 73.5668
      vertex 15.2976 33.4971 73.5668
    endloop
  endfacet
  facet normal 0.474396 0.868789 -0.141965
    outer loop
      vertex 24.3011 37.8133 36.222
      vertex 19.0604 41.7365 42.7184
      vertex 24.8061 38.5991 42.7184
    endloop
  endfacet
  facet normal 0.474395 0.868789 -0.141967
    outer loop
      vertex 24.3011 37.8133 36.222
      vertex 18.6724 40.8868 36.222
      vertex 19.0604 41.7365 42.7184
    endloop
  endfacet
  facet normal 0.474395 0.868789 0.141967
    outer loop
      vertex 19.0604 41.7365 49.2816
      vertex 18.6724 40.8868 55.778
      vertex 24.3011 37.8133 55.778
    endloop
  endfacet
  facet normal 0.459937 0.842294 0.281066
    outer loop
      vertex 24.3011 37.8133 55.778
      vertex 17.9043 39.2049 62.0754
      vertex 23.3014 36.2578 62.0754
    endloop
  endfacet
  facet normal -0.0703978 0.987351 0.142063
    outer loop
      vertex 0 45.8828 49.2816
      vertex -1.52108 45.301 52.5714
      vertex -1.32424 45.3242 52.5077
    endloop
  endfacet
  facet normal -0.0708286 0.987337 0.141946
    outer loop
      vertex 0 45.8828 49.2816
      vertex -0.297725 45.421 52.3452
      vertex 0 45.4445 52.3303
    endloop
  endfacet
  facet normal -0.0704033 0.987361 0.141991
    outer loop
      vertex -0.297725 45.421 52.3452
      vertex 0 45.8828 49.2816
      vertex -0.579428 45.3989 52.3592
    endloop
  endfacet
  facet normal -0.0707695 0.987345 0.141919
    outer loop
      vertex 0 45.8828 49.2816
      vertex -1.04785 45.3519 52.4526
      vertex -0.579428 45.3989 52.3592
    endloop
  endfacet
  facet normal -0.0706525 0.987348 0.141958
    outer loop
      vertex 0 45.8828 49.2816
      vertex -1.32424 45.3242 52.5077
      vertex -1.04785 45.3519 52.4526
    endloop
  endfacet
  facet normal -0.0706446 0.98735 0.141949
    outer loop
      vertex -1.52108 45.301 52.5714
      vertex 0 45.8828 49.2816
      vertex -2.48328 45.1874 52.8827
    endloop
  endfacet
  facet normal -0.0706135 0.987349 0.14197
    outer loop
      vertex -6.5298 45.4158 49.2816
      vertex -2.48328 45.1874 52.8827
      vertex 0 45.8828 49.2816
    endloop
  endfacet
  facet normal -0.0705792 0.987357 0.141932
    outer loop
      vertex -2.48328 45.1874 52.8827
      vertex -6.5298 45.4158 49.2816
      vertex -2.72722 45.1438 53.0647
    endloop
  endfacet
  facet normal 0.436134 0.798712 0.414544
    outer loop
      vertex 23.3014 36.2578 62.0754
      vertex 16.7716 36.7248 68.0455
      vertex 21.8274 33.9641 68.0455
    endloop
  endfacet
  facet normal -0.199688 -0.199688 0.959296
    outer loop
      vertex -7.38972 -6.40323 90.9488
      vertex -10.5271 -12.1489 89.0997
      vertex -6.40323 -7.38972 90.9488
    endloop
  endfacet
  facet normal -0.199688 -0.199688 0.959296
    outer loop
      vertex -10.5271 -12.1489 89.0997
      vertex -7.38972 -6.40323 90.9488
      vertex -12.1489 -10.5271 89.0997
    endloop
  endfacet
  facet normal -0.475361 -0.259576 0.840626
    outer loop
      vertex -18.5458 -11.9187 86.3732
      vertex -25.0756 -11.4517 82.8249
      vertex -23.1906 -14.9037 82.8249
    endloop
  endfacet
  facet normal -0.927438 -0.345917 0.142127
    outer loop
      vertex -40.9884 -18.4 55.778
      vertex -41.0356 -18.4 55.47
      vertex -40.8868 -18.6724 55.778
    endloop
  endfacet
  facet normal -0.707107 0.707107 0
    outer loop
      vertex -34.6759 30.0468 42.7184
      vertex -30.0468 34.6759 49.2816
      vertex -30.0468 34.6759 42.7184
    endloop
  endfacet
  facet normal -0.707107 0.707107 0
    outer loop
      vertex -30.0468 34.6759 49.2816
      vertex -34.6759 30.0468 42.7184
      vertex -34.6759 30.0468 49.2816
    endloop
  endfacet
  facet normal 0.294205 -0.788798 -0.539667
    outer loop
      vertex 16.7716 -36.7248 23.9545
      vertex 10.3748 -35.3332 18.4332
      vertex 15.2976 -33.4971 18.4332
    endloop
  endfacet
  facet normal -0.507455 -0.189287 0.84063
    outer loop
      vertex -21.1525 -6.21092 86.3732
      vertex -25.0756 -11.4517 82.8249
      vertex -20.0532 -9.15801 86.3732
    endloop
  endfacet
  facet normal -0.0498561 0.13367 0.989771
    outer loop
      vertex -2.75478 9.38192 90.9488
      vertex -4.06193 8.89438 90.9488
      vertex -1.36323 2.98505 91.8828
    endloop
  endfacet
  facet normal -0.264389 0.708871 -0.653911
    outer loop
      vertex -9.16389 31.2093 13.4731
      vertex -13.5122 29.5875 13.4731
      vertex -10.3748 35.3332 18.4332
    endloop
  endfacet
  facet normal 0.0600237 0.275948 0.959297
    outer loop
      vertex 2.28776 15.9117 89.0997
      vertex 1.39155 9.67848 90.9488
      vertex 4.52895 15.4242 89.0997
    endloop
  endfacet
  facet normal -0.0296993 0.415234 0.90923
    outer loop
      vertex 0 22.0455 86.3732
      vertex -3.13739 21.8211 86.3732
      vertex -2.28776 15.9117 89.0997
    endloop
  endfacet
  facet normal -0.738908 0.403458 -0.539663
    outer loop
      vertex -30.9791 19.909 18.4332
      vertex -32 19.3516 19.4143
      vertex -32 20.5652 20.3216
    endloop
  endfacet
  facet normal 0.13941 -0.0303279 -0.98977
    outer loop
      vertex 9.38192 -2.75478 1.05124
      vertex 3.14867 -0.924534 0.117202
      vertex 3.2482 -0.46702 0.117202
    endloop
  endfacet
  facet normal 0.193446 -0.889235 -0.414536
    outer loop
      vertex 12.1426 -41.3538 29.9246
      vertex 5.74571 -39.9623 23.9545
      vertex 11.3745 -38.7378 23.9545
    endloop
  endfacet
  facet normal 0.406776 -0.088488 -0.909232
    outer loop
      vertex 21.1525 -6.21092 5.62677
      vertex 15.9117 -2.28776 2.90031
      vertex 21.8211 -3.13739 5.62677
    endloop
  endfacet
  facet normal 0.0600552 -0.839736 -0.539664
    outer loop
      vertex 5.74571 -39.9623 23.9545
      vertex 0 -36.8249 18.4332
      vertex 5.24073 -36.4501 18.4332
    endloop
  endfacet
  facet normal 0.314304 -0.575586 -0.754926
    outer loop
      vertex 17.5854 -27.3634 13.4731
      vertex 11.4517 -25.0756 9.1751
      vertex 14.9037 -23.1906 9.1751
    endloop
  endfacet
  facet normal -0.0684764 -0.957243 -0.281063
    outer loop
      vertex 0 -44.9488 36.222
      vertex -6.39687 -44.4912 36.222
      vertex -6.13372 -42.661 29.9246
    endloop
  endfacet
  facet normal -0.877678 -0.47925 0
    outer loop
      vertex -38.5991 -24.8061 42.7184
      vertex -41.7365 -19.0604 49.2816
      vertex -41.7365 -19.0604 42.7184
    endloop
  endfacet
  facet normal -0.877678 -0.47925 0
    outer loop
      vertex -41.7365 -19.0604 49.2816
      vertex -38.5991 -24.8061 42.7184
      vertex -38.5991 -24.8061 49.2816
    endloop
  endfacet
  facet normal -0.210418 -0.967248 0.141969
    outer loop
      vertex -6.39687 -44.4912 55.778
      vertex -12.9267 -44.0242 49.2816
      vertex -6.5298 -45.4158 49.2816
    endloop
  endfacet
  facet normal -0.575116 -0.768273 -0.281067
    outer loop
      vertex -24.3011 -37.8133 36.222
      vertex -29.4352 -33.97 36.222
      vertex -28.2243 -32.5726 29.9246
    endloop
  endfacet
  facet normal 0.362586 -0.66403 0.653908
    outer loop
      vertex 19.909 -30.9791 73.5668
      vertex 13.5122 -29.5875 78.5269
      vertex 15.2976 -33.4971 73.5668
    endloop
  endfacet
  facet normal 0.204003 -0.937753 -0.281073
    outer loop
      vertex 12.6635 -43.128 36.222
      vertex 6.13372 -42.661 29.9246
      vertex 12.1426 -41.3538 29.9246
    endloop
  endfacet
  facet normal -0.529237 -0.115128 0.840627
    outer loop
      vertex -21.8211 -3.13739 86.3732
      vertex -27.2862 -3.92316 82.8249
      vertex -21.1525 -6.21092 86.3732
    endloop
  endfacet
  facet normal 0.868789 -0.474396 0.141965
    outer loop
      vertex 41.7365 -19.0604 49.2816
      vertex 37.8133 -24.3011 55.778
      vertex 38.5991 -24.8061 49.2816
    endloop
  endfacet
  facet normal 0.768064 -0.575401 -0.281054
    outer loop
      vertex 37.8133 -24.3011 36.222
      vertex 36.1464 -23.487 30
      vertex 36.2779 -23.3144 30.006
    endloop
  endfacet
  facet normal 0.76827 -0.575117 -0.281072
    outer loop
      vertex 36.1464 -23.487 30
      vertex 37.8133 -24.3011 36.222
      vertex 32.6353 -28.1773 30
    endloop
  endfacet
  facet normal 0.507458 0.189288 -0.840628
    outer loop
      vertex 21.1525 6.21092 5.62677
      vertex 20.0532 9.15801 5.62677
      vertex 25.0756 11.4517 9.1751
    endloop
  endfacet
  facet normal 0.842366 -0.459898 0.280915
    outer loop
      vertex 37.8133 -24.3011 55.778
      vertex 40.2922 -18.4849 57.8666
      vertex 40.139 -18.5574 58.2073
    endloop
  endfacet
  facet normal 0.842242 -0.459961 0.281182
    outer loop
      vertex 37.8133 -24.3011 55.778
      vertex 40.139 -18.5574 58.2073
      vertex 39.9747 -18.6534 58.5424
    endloop
  endfacet
  facet normal 0.842201 -0.459966 0.281299
    outer loop
      vertex 40.2922 -18.4849 57.8666
      vertex 37.8133 -24.3011 55.778
      vertex 40.3975 -18.4489 57.6102
    endloop
  endfacet
  facet normal 0.842284 -0.459936 0.281099
    outer loop
      vertex 37.8133 -24.3011 55.778
      vertex 39.9747 -18.6534 58.5424
      vertex 39.8005 -18.7725 58.8695
    endloop
  endfacet
  facet normal 0.842288 -0.459934 0.281092
    outer loop
      vertex 37.8133 -24.3011 55.778
      vertex 39.8005 -18.7725 58.8695
      vertex 39.6169 -18.9142 59.1878
    endloop
  endfacet
  facet normal 0.842395 -0.459851 0.280904
    outer loop
      vertex 37.8133 -24.3011 55.778
      vertex 39.6169 -18.9142 59.1878
      vertex 39.4249 -19.0779 59.4956
    endloop
  endfacet
  facet normal 0.842191 -0.460023 0.281235
    outer loop
      vertex 37.8133 -24.3011 55.778
      vertex 39.4249 -19.0779 59.4956
      vertex 39.2256 -19.2623 59.7908
    endloop
  endfacet
  facet normal 0.842365 -0.459864 0.280974
    outer loop
      vertex 37.8133 -24.3011 55.778
      vertex 39.2256 -19.2623 59.7908
      vertex 39.0198 -19.4671 60.0726
    endloop
  endfacet
  facet normal 0.842292 -0.459936 0.281075
    outer loop
      vertex 37.8133 -24.3011 55.778
      vertex 39.0198 -19.4671 60.0726
      vertex 38.8185 -19.6804 60.3268
    endloop
  endfacet
  facet normal 0.842303 -0.459932 0.281047
    outer loop
      vertex 40.3975 -18.4489 57.6102
      vertex 37.8133 -24.3011 55.778
      vertex 40.8868 -18.6724 55.778
    endloop
  endfacet
  facet normal 0.927468 -0.345905 -0.141959
    outer loop
      vertex 41.7365 -19.0604 42.7184
      vertex 41.0356 -18.4 36.53
      vertex 41.9828 -18.4 42.7184
    endloop
  endfacet
  facet normal 0.927403 -0.346075 -0.14197
    outer loop
      vertex 41.0356 -18.4 36.53
      vertex 41.7365 -19.0604 42.7184
      vertex 40.8868 -18.6724 36.222
    endloop
  endfacet
  facet normal 0.728518 -0.545362 -0.414537
    outer loop
      vertex 32 -27.7282 28.2657
      vertex 30.5121 -26.4388 23.9545
      vertex 32 -24.4512 23.9545
    endloop
  endfacet
  facet normal -0.0539697 -0.754644 -0.653911
    outer loop
      vertex 0 -36.8249 18.4332
      vertex -5.24073 -36.4501 18.4332
      vertex 0 -32.5269 13.4731
    endloop
  endfacet
  facet normal 0.345924 -0.927461 -0.141961
    outer loop
      vertex 12.9267 -44.0242 42.7184
      vertex 12.6635 -43.128 36.222
      vertex 18.6724 -40.8868 36.222
    endloop
  endfacet
  facet normal 0.593205 -0.792437 0.141953
    outer loop
      vertex 29.4352 -33.97 55.778
      vertex 24.3011 -37.8133 55.778
      vertex 30.0468 -34.6759 49.2816
    endloop
  endfacet
  facet normal 0.800537 -0.599284 0
    outer loop
      vertex 34.6759 -30.0468 49.2816
      vertex 38.5991 -24.8061 42.7184
      vertex 38.5991 -24.8061 49.2816
    endloop
  endfacet
  facet normal 0.800537 -0.599284 0
    outer loop
      vertex 38.5991 -24.8061 42.7184
      vertex 34.6759 -30.0468 49.2816
      vertex 34.6759 -30.0468 42.7184
    endloop
  endfacet
  facet normal 0.792437 -0.593205 0.141953
    outer loop
      vertex 37.8133 -24.3011 55.778
      vertex 33.97 -29.4352 55.778
      vertex 34.6759 -30.0468 49.2816
    endloop
  endfacet
  facet normal 0.453397 -0.605672 0.653906
    outer loop
      vertex 24.1152 -27.8304 73.5668
      vertex 17.5854 -27.3634 78.5269
      vertex 19.909 -30.9791 73.5668
    endloop
  endfacet
  facet normal -0.0201445 -0.281673 -0.959299
    outer loop
      vertex 0 -16.0754 2.90031
      vertex -1.39155 -9.67848 1.05124
      vertex 0 -9.778 1.05124
    endloop
  endfacet
  facet normal -0.64349 0.643487 -0.414542
    outer loop
      vertex -32 27.7282 28.2657
      vertex -28.2243 32.5726 29.9246
      vertex -26.4388 30.5121 23.9545
    endloop
  endfacet
  facet normal -0.643487 0.643487 -0.414548
    outer loop
      vertex -28.2243 32.5726 29.9246
      vertex -32 27.7282 28.2657
      vertex -32 28.7969 29.9246
    endloop
  endfacet
  facet normal -0.643489 0.643489 -0.41454
    outer loop
      vertex -32 27.7282 28.2657
      vertex -26.4388 30.5121 23.9545
      vertex -30.5121 26.4388 23.9545
    endloop
  endfacet
  facet normal -0.169235 0.22607 -0.959298
    outer loop
      vertex -5.28639 8.22578 1.05124
      vertex -10.5271 12.1489 2.90031
      vertex -8.69099 13.5234 2.90031
    endloop
  endfacet
  facet normal 0.0713361 0.997452 -0
    outer loop
      vertex 6.5298 45.4158 42.7184
      vertex 0 45.8828 49.2816
      vertex 6.5298 45.4158 49.2816
    endloop
  endfacet
  facet normal 0.0713361 0.997452 0
    outer loop
      vertex 0 45.8828 49.2816
      vertex 6.5298 45.4158 42.7184
      vertex 0 45.8828 42.7184
    endloop
  endfacet
  facet normal -0.792437 0.593205 -0.141953
    outer loop
      vertex -33.97 29.4352 36.222
      vertex -37.8133 24.3011 36.222
      vertex -34.6759 30.0468 42.7184
    endloop
  endfacet
  facet normal -0.0539697 0.754644 -0.653911
    outer loop
      vertex 0 32.5269 13.4731
      vertex -5.24073 36.4501 18.4332
      vertex 0 36.8249 18.4332
    endloop
  endfacet
  facet normal -0.210418 0.967248 -0.141969
    outer loop
      vertex -6.39687 44.4912 36.222
      vertex -12.9267 44.0242 42.7184
      vertex -6.5298 45.4158 42.7184
    endloop
  endfacet
  facet normal 0.212571 0.977146 -0
    outer loop
      vertex 12.9267 44.0242 42.7184
      vertex 6.5298 45.4158 49.2816
      vertex 12.9267 44.0242 49.2816
    endloop
  endfacet
  facet normal 0.212571 0.977146 0
    outer loop
      vertex 6.5298 45.4158 49.2816
      vertex 12.9267 44.0242 42.7184
      vertex 6.5298 45.4158 42.7184
    endloop
  endfacet
  facet normal -0.0649144 0.907714 -0.414538
    outer loop
      vertex -5.74571 39.9623 23.9545
      vertex -6.13372 42.661 29.9246
      vertex 0 40.3732 23.9545
    endloop
  endfacet
  facet normal 0.145492 0.390046 -0.909228
    outer loop
      vertex 6.67794 14.6227 2.90031
      vertex 6.21092 21.1525 5.62677
      vertex 9.15801 20.0532 5.62677
    endloop
  endfacet
  facet normal -0.39302 -0.525006 -0.75492
    outer loop
      vertex -17.5854 -27.3634 13.4731
      vertex -21.3006 -24.5822 13.4731
      vertex -18.0524 -20.8336 9.1751
    endloop
  endfacet
  facet normal -0.145492 0.390046 -0.909228
    outer loop
      vertex -6.67794 14.6227 2.90031
      vertex -9.15801 20.0532 5.62677
      vertex -6.21092 21.1525 5.62677
    endloop
  endfacet
  facet normal 0.614469 0.229181 -0.75492
    outer loop
      vertex 26.4501 7.76646 9.1751
      vertex 25.0756 11.4517 9.1751
      vertex 31.2093 9.16389 13.4731
    endloop
  endfacet
  facet normal -0.605664 -0.453401 -0.65391
    outer loop
      vertex -24.5822 -21.3006 13.4731
      vertex -27.8304 -24.1152 18.4332
      vertex -27.3634 -17.5854 13.4731
    endloop
  endfacet
  facet normal -0.534977 0.534977 -0.65391
    outer loop
      vertex -24.5822 21.3006 13.4731
      vertex -24.1152 27.8304 18.4332
      vertex -21.3006 24.5822 13.4731
    endloop
  endfacet
  facet normal -0.534977 0.534977 -0.65391
    outer loop
      vertex -24.1152 27.8304 18.4332
      vertex -24.5822 21.3006 13.4731
      vertex -27.8304 24.1152 18.4332
    endloop
  endfacet
  facet normal 0.098683 0.26459 -0.959299
    outer loop
      vertex 6.67794 14.6227 2.90031
      vertex 4.06193 8.89438 1.05124
      vertex 4.52895 15.4242 2.90031
    endloop
  endfacet
  facet normal 0.22918 0.614469 -0.75492
    outer loop
      vertex 11.4517 25.0756 9.1751
      vertex 9.16389 31.2093 13.4731
      vertex 13.5122 29.5875 13.4731
    endloop
  endfacet
  facet normal 0.115128 0.52924 -0.840625
    outer loop
      vertex 6.21092 21.1525 5.62677
      vertex 3.13739 21.8211 5.62677
      vertex 3.92316 27.2862 9.1751
    endloop
  endfacet
  facet normal -0.314295 0.575598 -0.75492
    outer loop
      vertex -11.4517 25.0756 9.1751
      vertex -17.5854 27.3634 13.4731
      vertex -13.5122 29.5875 13.4731
    endloop
  endfacet
  facet normal -0.0386399 0.540238 -0.840625
    outer loop
      vertex 0 22.0455 5.62677
      vertex -3.92316 27.2862 9.1751
      vertex 0 27.5668 9.1751
    endloop
  endfacet
  facet normal -0.0986879 -0.264593 0.959297
    outer loop
      vertex -4.06193 -8.89438 90.9488
      vertex -4.52895 -15.4242 89.0997
      vertex -2.75478 -9.38192 90.9488
    endloop
  endfacet
  facet normal 0.28168 0.0201555 0.959297
    outer loop
      vertex 15.9117 2.28776 89.0997
      vertex 9.67848 1.39155 90.9488
      vertex 16.0754 0 89.0997
    endloop
  endfacet
  facet normal 0.193448 0.889233 0.414538
    outer loop
      vertex 6.13372 42.661 62.0754
      vertex 5.74571 39.9623 68.0455
      vertex 12.1426 41.3538 62.0754
    endloop
  endfacet
  facet normal 0.463733 0.463733 0.75492
    outer loop
      vertex 21.3006 24.5822 78.5269
      vertex 20.8336 18.0524 82.8249
      vertex 24.5822 21.3006 78.5269
    endloop
  endfacet
  facet normal 0.463733 0.463733 0.75492
    outer loop
      vertex 20.8336 18.0524 82.8249
      vertex 21.3006 24.5822 78.5269
      vertex 18.0524 20.8336 82.8249
    endloop
  endfacet
  facet normal 0.0649144 0.907714 0.414538
    outer loop
      vertex 6.13372 42.661 62.0754
      vertex 0 40.3732 68.0455
      vertex 5.74571 39.9623 68.0455
    endloop
  endfacet
  facet normal 0.204003 0.937753 0.281073
    outer loop
      vertex 12.6635 43.128 55.778
      vertex 6.13372 42.661 62.0754
      vertex 12.1426 41.3538 62.0754
    endloop
  endfacet
  facet normal 0.33326 0.249482 0.909228
    outer loop
      vertex 16.6608 14.4367 86.3732
      vertex 12.1489 10.5271 89.0997
      vertex 18.5458 11.9187 86.3732
    endloop
  endfacet
  facet normal 0.32458 0.433576 0.840631
    outer loop
      vertex 18.0524 20.8336 82.8249
      vertex 11.9187 18.5458 86.3732
      vertex 14.4367 16.6608 86.3732
    endloop
  endfacet
  facet normal 0.605664 0.453401 0.65391
    outer loop
      vertex 27.8304 24.1152 73.5668
      vertex 24.5822 21.3006 78.5269
      vertex 27.3634 17.5854 78.5269
    endloop
  endfacet
  facet normal 0.664022 0.362591 0.653913
    outer loop
      vertex 29.5875 13.5122 78.5269
      vertex 32 18.0394 73.5668
      vertex 30.9791 19.909 73.5668
    endloop
  endfacet
  facet normal 0.664027 0.362586 0.653911
    outer loop
      vertex 32 18.0394 73.5668
      vertex 29.5875 13.5122 78.5269
      vertex 32 14.6139 75.4662
    endloop
  endfacet
  facet normal 0.507469 0.189273 0.840625
    outer loop
      vertex 25.0756 11.4517 82.8249
      vertex 21.1525 6.21092 86.3732
      vertex 26.4501 7.76646 82.8249
    endloop
  endfacet
  facet normal 0.739257 0.160824 0.653938
    outer loop
      vertex 32 8.57201 77.7786
      vertex 31.2093 9.16389 78.5269
      vertex 32 5.5293 78.5269
    endloop
  endfacet
  facet normal 0.65415 -0.0467868 0.754917
    outer loop
      vertex 32 -0.394441 78.959
      vertex 27.2862 -3.92316 82.8249
      vertex 32 -4.6009 78.6983
    endloop
  endfacet
  facet normal 0.599284 0.800537 -0
    outer loop
      vertex 30.0468 34.6759 42.7184
      vertex 24.8061 38.5991 49.2816
      vertex 30.0468 34.6759 49.2816
    endloop
  endfacet
  facet normal 0.599284 0.800537 0
    outer loop
      vertex 24.8061 38.5991 49.2816
      vertex 30.0468 34.6759 42.7184
      vertex 24.8061 38.5991 42.7184
    endloop
  endfacet
  facet normal -0.0600531 0.839737 -0.539662
    outer loop
      vertex 0 36.8249 18.4332
      vertex -5.74571 39.9623 23.9545
      vertex 0 40.3732 23.9545
    endloop
  endfacet
  facet normal 0.345924 0.927461 -0.141961
    outer loop
      vertex 18.6724 40.8868 36.222
      vertex 12.6635 43.128 36.222
      vertex 12.9267 44.0242 42.7184
    endloop
  endfacet
  facet normal -0.0679502 0.957151 0.281505
    outer loop
      vertex -4.05246 43.4727 59.8179
      vertex -6.13372 42.661 62.0754
      vertex -3.99165 43.4599 59.8761
    endloop
  endfacet
  facet normal -0.0684138 0.957235 0.281108
    outer loop
      vertex -4.24126 43.5782 59.4127
      vertex -6.13372 42.661 62.0754
      vertex -4.05246 43.4727 59.8179
    endloop
  endfacet
  facet normal -0.0684759 0.957242 0.281066
    outer loop
      vertex -4.89236 43.9419 58.0154
      vertex -6.13372 42.661 62.0754
      vertex -4.24126 43.5782 59.4127
    endloop
  endfacet
  facet normal -0.0684761 0.957245 0.281057
    outer loop
      vertex -6.39687 44.4912 55.778
      vertex -4.89236 43.9419 58.0154
      vertex -4.90393 44 57.8147
    endloop
  endfacet
  facet normal -0.0684791 0.957244 0.281059
    outer loop
      vertex -6.39687 44.4912 55.778
      vertex -4.90393 44 57.8147
      vertex -4.80023 44.5213 56.0645
    endloop
  endfacet
  facet normal -0.0684857 0.957242 0.281063
    outer loop
      vertex -4.89236 43.9419 58.0154
      vertex -6.39687 44.4912 55.778
      vertex -6.13372 42.661 62.0754
    endloop
  endfacet
  facet normal -0.0685046 0.957199 0.281206
    outer loop
      vertex -6.39687 44.4912 55.778
      vertex -4.80023 44.5213 56.0645
      vertex -4.66285 44.6153 55.778
    endloop
  endfacet
  facet normal -0.0706636 0.987366 0.141826
    outer loop
      vertex -4.30742 44.7544 54.9867
      vertex -6.39687 44.4912 55.778
      vertex -4.66285 44.6153 55.778
    endloop
  endfacet
  facet normal -0.0705856 0.987343 0.142024
    outer loop
      vertex -3.98192 44.8819 54.2621
      vertex -6.39687 44.4912 55.778
      vertex -4.30742 44.7544 54.9867
    endloop
  endfacet
  facet normal -0.0706179 0.987349 0.141968
    outer loop
      vertex -6.5298 45.4158 49.2816
      vertex -3.98192 44.8819 54.2621
      vertex -3.44256 44.9948 53.7452
    endloop
  endfacet
  facet normal -0.0705932 0.987353 0.141951
    outer loop
      vertex -6.5298 45.4158 49.2816
      vertex -3.44256 44.9948 53.7452
      vertex -2.75109 45.1395 53.0826
    endloop
  endfacet
  facet normal -0.0710573 0.987255 0.142405
    outer loop
      vertex -6.5298 45.4158 49.2816
      vertex -2.75109 45.1395 53.0826
      vertex -2.72722 45.1438 53.0647
    endloop
  endfacet
  facet normal -0.0706208 0.987349 0.141969
    outer loop
      vertex -3.98192 44.8819 54.2621
      vertex -6.5298 45.4158 49.2816
      vertex -6.39687 44.4912 55.778
    endloop
  endfacet
  facet normal -0.0713361 0.997452 0
    outer loop
      vertex 0 45.8828 42.7184
      vertex -6.5298 45.4158 49.2816
      vertex 0 45.8828 49.2816
    endloop
  endfacet
  facet normal -0.0713361 0.997452 0
    outer loop
      vertex -6.5298 45.4158 49.2816
      vertex 0 45.8828 42.7184
      vertex -6.5298 45.4158 42.7184
    endloop
  endfacet
  facet normal 0.210418 0.967248 0.141969
    outer loop
      vertex 6.5298 45.4158 49.2816
      vertex 6.39687 44.4912 55.778
      vertex 12.9267 44.0242 49.2816
    endloop
  endfacet
  facet normal 0.595299 0.595299 -0.539665
    outer loop
      vertex 30.5121 26.4388 23.9545
      vertex 24.1152 27.8304 18.4332
      vertex 26.4388 30.5121 23.9545
    endloop
  endfacet
  facet normal 0.595299 0.595299 -0.539665
    outer loop
      vertex 24.1152 27.8304 18.4332
      vertex 30.5121 26.4388 23.9545
      vertex 27.8304 24.1152 18.4332
    endloop
  endfacet
  facet normal 0.349457 0.936952 -0
    outer loop
      vertex 19.0604 41.7365 42.7184
      vertex 12.9267 44.0242 49.2816
      vertex 19.0604 41.7365 49.2816
    endloop
  endfacet
  facet normal 0.349457 0.936952 0
    outer loop
      vertex 12.9267 44.0242 49.2816
      vertex 19.0604 41.7365 42.7184
      vertex 12.9267 44.0242 42.7184
    endloop
  endfacet
  facet normal 0.345918 0.927462 0.141968
    outer loop
      vertex 19.0604 41.7365 49.2816
      vertex 12.9267 44.0242 49.2816
      vertex 18.6724 40.8868 55.778
    endloop
  endfacet
  facet normal -0.13367 -0.0498561 0.989771
    outer loop
      vertex -2.98505 -1.36323 91.8828
      vertex -9.38192 -2.75478 90.9488
      vertex -8.89438 -4.06193 90.9488
    endloop
  endfacet
  facet normal -0.403468 -0.7389 0.539666
    outer loop
      vertex -15.2976 -33.4971 73.5668
      vertex -19.909 -30.9791 73.5668
      vertex -16.7716 -36.7248 68.0455
    endloop
  endfacet
  facet normal -0.264394 -0.708872 0.653909
    outer loop
      vertex -13.5122 -29.5875 78.5269
      vertex -15.2976 -33.4971 73.5668
      vertex -10.3748 -35.3332 73.5668
    endloop
  endfacet
  facet normal -0.899176 -0.335375 0.281081
    outer loop
      vertex -40.8868 -18.6724 55.778
      vertex -40.6336 -18.4 56.913
      vertex -40.9884 -18.4 55.778
    endloop
  endfacet
  facet normal -0.899889 -0.333667 0.280831
    outer loop
      vertex -40.6336 -18.4 56.913
      vertex -40.8868 -18.6724 55.778
      vertex -40.5771 -18.4061 57.0868
    endloop
  endfacet
  facet normal -0.898885 -0.336141 0.281096
    outer loop
      vertex -40.5771 -18.4061 57.0868
      vertex -40.8868 -18.6724 55.778
      vertex -40.4297 -18.4365 57.5218
    endloop
  endfacet
  facet normal -0.89989 -0.333518 0.281005
    outer loop
      vertex -40.4297 -18.4365 57.5218
      vertex -40.8868 -18.6724 55.778
      vertex -40.3975 -18.4489 57.6102
    endloop
  endfacet
  facet normal -0.362583 -0.664033 0.653907
    outer loop
      vertex -17.5854 -27.3634 78.5269
      vertex -19.909 -30.9791 73.5668
      vertex -13.5122 -29.5875 78.5269
    endloop
  endfacet
  facet normal -0.65415 0.0467868 0.754917
    outer loop
      vertex -32 4.6009 78.6983
      vertex -32 0.394441 78.959
      vertex -27.2862 3.92316 82.8249
    endloop
  endfacet
  facet normal -0.800537 -0.599284 0
    outer loop
      vertex -34.6759 -30.0468 42.7184
      vertex -38.5991 -24.8061 49.2816
      vertex -38.5991 -24.8061 42.7184
    endloop
  endfacet
  facet normal -0.800537 -0.599284 0
    outer loop
      vertex -38.5991 -24.8061 49.2816
      vertex -34.6759 -30.0468 42.7184
      vertex -34.6759 -30.0468 49.2816
    endloop
  endfacet
  facet normal -0.868789 -0.474395 -0.141967
    outer loop
      vertex -37.8133 -24.3011 36.222
      vertex -41.7365 -19.0604 42.7184
      vertex -40.8868 -18.6724 36.222
    endloop
  endfacet
  facet normal -0.792437 -0.593205 -0.141953
    outer loop
      vertex -34.6759 -30.0468 42.7184
      vertex -37.8133 -24.3011 36.222
      vertex -33.97 -29.4352 36.222
    endloop
  endfacet
  facet normal -0.927468 -0.345905 0.141959
    outer loop
      vertex -41.7365 -19.0604 49.2816
      vertex -41.0356 -18.4 55.47
      vertex -41.9828 -18.4 49.2816
    endloop
  endfacet
  facet normal -0.927403 -0.346075 0.14197
    outer loop
      vertex -41.0356 -18.4 55.47
      vertex -41.7365 -19.0604 49.2816
      vertex -40.8868 -18.6724 55.778
    endloop
  endfacet
  facet normal -0.540234 -0.0386399 0.840627
    outer loop
      vertex -22.0455 0 86.3732
      vertex -27.2862 -3.92316 82.8249
      vertex -21.8211 -3.13739 86.3732
    endloop
  endfacet
  facet normal -0.114209 0.0854961 0.989771
    outer loop
      vertex -7.38972 6.40323 90.9488
      vertex -8.22578 5.28639 90.9488
      vertex -2.48007 2.14899 91.8828
    endloop
  endfacet
  facet normal -0.226073 0.169237 0.959296
    outer loop
      vertex -12.1489 10.5271 89.0997
      vertex -13.5234 8.69099 89.0997
      vertex -8.22578 5.28639 90.9488
    endloop
  endfacet
  facet normal -0.415234 -0.0296993 0.90923
    outer loop
      vertex -15.9117 -2.28776 89.0997
      vertex -22.0455 0 86.3732
      vertex -21.8211 -3.13739 86.3732
    endloop
  endfacet
  facet normal -0.739257 0.160824 0.653938
    outer loop
      vertex -32 8.57201 77.7786
      vertex -32 5.5293 78.5269
      vertex -31.2093 9.16389 78.5269
    endloop
  endfacet
  facet normal -0.65415 -0.0467868 0.754917
    outer loop
      vertex -32 -0.394441 78.959
      vertex -32 -4.6009 78.6983
      vertex -27.2862 -3.92316 82.8249
    endloop
  endfacet
  facet normal -0.0201555 0.28168 0.959297
    outer loop
      vertex 0 16.0754 89.0997
      vertex -2.28776 15.9117 89.0997
      vertex -1.39155 9.67848 90.9488
    endloop
  endfacet
  facet normal -0.575116 0.768273 -0.281067
    outer loop
      vertex -28.2243 32.5726 29.9246
      vertex -29.4352 33.97 36.222
      vertex -24.3011 37.8133 36.222
    endloop
  endfacet
  facet normal 0.249477 0.333262 0.909229
    outer loop
      vertex 11.9187 18.5458 86.3732
      vertex 8.69099 13.5234 89.0997
      vertex 10.5271 12.1489 89.0997
    endloop
  endfacet
  facet normal -0.0884891 0.406781 0.90923
    outer loop
      vertex -3.13739 21.8211 86.3732
      vertex -6.21092 21.1525 86.3732
      vertex -2.28776 15.9117 89.0997
    endloop
  endfacet
  facet normal -0.199522 0.365366 0.90923
    outer loop
      vertex -6.67794 14.6227 89.0997
      vertex -11.9187 18.5458 86.3732
      vertex -8.69099 13.5234 89.0997
    endloop
  endfacet
  facet normal -0.768268 0.575123 -0.281067
    outer loop
      vertex -36.1299 23.5091 30
      vertex -37.8133 24.3011 36.222
      vertex -32.6353 28.1773 30
    endloop
  endfacet
  facet normal -0.768198 0.57522 -0.28106
    outer loop
      vertex -37.8133 24.3011 36.222
      vertex -36.1299 23.5091 30
      vertex -36.2785 23.3148 30.0085
    endloop
  endfacet
  facet normal -0.877678 0.47925 0
    outer loop
      vertex -41.7365 19.0604 42.7184
      vertex -38.5991 24.8061 49.2816
      vertex -38.5991 24.8061 42.7184
    endloop
  endfacet
  facet normal -0.877678 0.47925 0
    outer loop
      vertex -38.5991 24.8061 49.2816
      vertex -41.7365 19.0604 42.7184
      vertex -41.7365 19.0604 49.2816
    endloop
  endfacet
  facet normal -0.593214 0.792429 -0.141965
    outer loop
      vertex -24.3011 37.8133 36.222
      vertex -30.0468 34.6759 42.7184
      vertex -24.8061 38.5991 42.7184
    endloop
  endfacet
  facet normal 0.362586 -0.66403 -0.653908
    outer loop
      vertex 15.2976 -33.4971 18.4332
      vertex 13.5122 -29.5875 13.4731
      vertex 19.909 -30.9791 18.4332
    endloop
  endfacet
  facet normal -0.0884821 -0.40678 -0.909231
    outer loop
      vertex -2.28776 -15.9117 2.90031
      vertex -6.21092 -21.1525 5.62677
      vertex -4.52895 -15.4242 2.90031
    endloop
  endfacet
  facet normal -0.0706137 -0.987351 -0.141953
    outer loop
      vertex 0 -45.8828 42.7184
      vertex -6.5298 -45.4158 42.7184
      vertex 0 -44.9488 36.222
    endloop
  endfacet
  facet normal 0.259578 -0.475364 -0.840624
    outer loop
      vertex 14.9037 -23.1906 9.1751
      vertex 11.4517 -25.0756 9.1751
      vertex 11.9187 -18.5458 5.62677
    endloop
  endfacet
  facet normal 0.614469 -0.229181 -0.75492
    outer loop
      vertex 31.2093 -9.16389 13.4731
      vertex 25.0756 -11.4517 9.1751
      vertex 26.4501 -7.76646 9.1751
    endloop
  endfacet
  facet normal 0.145474 -0.390046 -0.909231
    outer loop
      vertex 6.21092 -21.1525 5.62677
      vertex 4.52895 -15.4242 2.90031
      vertex 6.67794 -14.6227 2.90031
    endloop
  endfacet
  facet normal 0.247849 0.135347 -0.959298
    outer loop
      vertex 14.6227 6.67794 2.90031
      vertex 8.22578 5.28639 1.05124
      vertex 13.5234 8.69099 2.90031
    endloop
  endfacet
  facet normal 0.540238 -0.0386399 -0.840625
    outer loop
      vertex 27.2862 -3.92316 9.1751
      vertex 22.0455 0 5.62677
      vertex 27.5668 0 9.1751
    endloop
  endfacet
  facet normal -0.504516 -0.673964 -0.539664
    outer loop
      vertex -21.8274 -33.9641 23.9545
      vertex -26.4388 -30.5121 23.9545
      vertex -19.909 -30.9791 18.4332
    endloop
  endfacet
  facet normal -0.45993 -0.8423 -0.281058
    outer loop
      vertex -18.6724 -40.8868 36.222
      vertex -24.3011 -37.8133 36.222
      vertex -17.9043 -39.2049 29.9246
    endloop
  endfacet
  facet normal 0.0649144 -0.907714 -0.414538
    outer loop
      vertex 6.13372 -42.661 29.9246
      vertex 0 -40.3732 23.9545
      vertex 5.74571 -39.9623 23.9545
    endloop
  endfacet
  facet normal -0.463733 -0.463733 0.75492
    outer loop
      vertex -20.8336 -18.0524 82.8249
      vertex -21.3006 -24.5822 78.5269
      vertex -18.0524 -20.8336 82.8249
    endloop
  endfacet
  facet normal -0.463733 -0.463733 0.75492
    outer loop
      vertex -21.3006 -24.5822 78.5269
      vertex -20.8336 -18.0524 82.8249
      vertex -24.5822 -21.3006 78.5269
    endloop
  endfacet
  facet normal -0.345918 -0.927462 -0.141968
    outer loop
      vertex -12.9267 -44.0242 42.7184
      vertex -19.0604 -41.7365 42.7184
      vertex -18.6724 -40.8868 36.222
    endloop
  endfacet
  facet normal -0.362583 -0.664033 -0.653907
    outer loop
      vertex -13.5122 -29.5875 13.4731
      vertex -19.909 -30.9791 18.4332
      vertex -17.5854 -27.3634 13.4731
    endloop
  endfacet
  facet normal 0.593214 -0.792429 0.141965
    outer loop
      vertex 30.0468 -34.6759 49.2816
      vertex 24.3011 -37.8133 55.778
      vertex 24.8061 -38.5991 49.2816
    endloop
  endfacet
  facet normal -0.0684764 -0.957243 0.281063
    outer loop
      vertex -6.13372 -42.661 62.0754
      vertex -6.39687 -44.4912 55.778
      vertex 0 -44.9488 55.778
    endloop
  endfacet
  facet normal -0.593214 -0.792429 0.141965
    outer loop
      vertex -24.3011 -37.8133 55.778
      vertex -30.0468 -34.6759 49.2816
      vertex -24.8061 -38.5991 49.2816
    endloop
  endfacet
  facet normal 0.436134 -0.798712 0.414544
    outer loop
      vertex 21.8274 -33.9641 68.0455
      vertex 16.7716 -36.7248 68.0455
      vertex 23.3014 -36.2578 62.0754
    endloop
  endfacet
  facet normal 0.595299 -0.595299 0.539665
    outer loop
      vertex 24.1152 -27.8304 73.5668
      vertex 30.5121 -26.4388 68.0455
      vertex 27.8304 -24.1152 73.5668
    endloop
  endfacet
  facet normal 0.595299 -0.595299 0.539665
    outer loop
      vertex 30.5121 -26.4388 68.0455
      vertex 24.1152 -27.8304 73.5668
      vertex 26.4388 -30.5121 68.0455
    endloop
  endfacet
  facet normal -0.324571 -0.433592 0.840626
    outer loop
      vertex -11.9187 -18.5458 86.3732
      vertex -18.0524 -20.8336 82.8249
      vertex -14.9037 -23.1906 82.8249
    endloop
  endfacet
  facet normal 0.189273 -0.507469 0.840625
    outer loop
      vertex 11.4517 -25.0756 82.8249
      vertex 6.21092 -21.1525 86.3732
      vertex 7.76646 -26.4501 82.8249
    endloop
  endfacet
  facet normal 0.160821 -0.739278 0.653914
    outer loop
      vertex 9.16389 -31.2093 78.5269
      vertex 4.62906 -32.1958 78.5269
      vertex 5.24073 -36.4501 73.5668
    endloop
  endfacet
  facet normal 0.318022 -0.852656 0.414536
    outer loop
      vertex 16.7716 -36.7248 68.0455
      vertex 11.3745 -38.7378 68.0455
      vertex 12.1426 -41.3538 62.0754
    endloop
  endfacet
  facet normal 0.708865 -0.264403 -0.653912
    outer loop
      vertex 32 -14.6139 16.5338
      vertex 29.5875 -13.5122 13.4731
      vertex 32 -12.1949 15.5557
    endloop
  endfacet
  facet normal 0.453397 -0.605672 -0.653906
    outer loop
      vertex 19.909 -30.9791 18.4332
      vertex 17.5854 -27.3634 13.4731
      vertex 24.1152 -27.8304 18.4332
    endloop
  endfacet
  facet normal 0.475364 0.259578 -0.840624
    outer loop
      vertex 25.0756 11.4517 9.1751
      vertex 18.5458 11.9187 5.62677
      vertex 23.1906 14.9037 9.1751
    endloop
  endfacet
  facet normal 0.738906 -0.403482 -0.539648
    outer loop
      vertex 32 -19.3516 19.4143
      vertex 30.9791 -19.909 18.4332
      vertex 32 -18.0394 18.4332
    endloop
  endfacet
  facet normal 0.403473 0.7389 -0.539663
    outer loop
      vertex 19.909 30.9791 18.4332
      vertex 16.7716 36.7248 23.9545
      vertex 21.8274 33.9641 23.9545
    endloop
  endfacet
  facet normal 0.927468 0.345905 -0.141959
    outer loop
      vertex 41.0356 18.4 36.53
      vertex 41.7365 19.0604 42.7184
      vertex 41.9828 18.4 42.7184
    endloop
  endfacet
  facet normal 0.927403 0.346075 -0.14197
    outer loop
      vertex 41.7365 19.0604 42.7184
      vertex 41.0356 18.4 36.53
      vertex 40.8868 18.6724 36.222
    endloop
  endfacet
  facet normal 0.739264 -0.160854 -0.653922
    outer loop
      vertex 32 -9.39605 14.4241
      vertex 31.2093 -9.16389 13.4731
      vertex 32 -8.57201 14.2214
    endloop
  endfacet
  facet normal 0.868789 -0.474396 -0.141965
    outer loop
      vertex 38.5991 -24.8061 42.7184
      vertex 37.8133 -24.3011 36.222
      vertex 41.7365 -19.0604 42.7184
    endloop
  endfacet
  facet normal 0.768271 -0.575115 -0.281075
    outer loop
      vertex 33.97 -29.4352 36.222
      vertex 32.6353 -28.1773 30
      vertex 37.8133 -24.3011 36.222
    endloop
  endfacet
  facet normal 0.768501 -0.574813 -0.281063
    outer loop
      vertex 32.6353 -28.1773 30
      vertex 33.97 -29.4352 36.222
      vertex 32.5893 -28.2388 30
    endloop
  endfacet
  facet normal 0.673961 -0.504517 -0.539666
    outer loop
      vertex 30.5121 -26.4388 23.9545
      vertex 27.8304 -24.1152 18.4332
      vertex 30.9791 -19.909 18.4332
    endloop
  endfacet
  facet normal 0.846266 -0.4506 -0.284243
    outer loop
      vertex 40.4032 -18.4515 34.4112
      vertex 40.207 -18.5235 33.9412
      vertex 40.3712 -18.4588 34.3275
    endloop
  endfacet
  facet normal 0.842266 -0.459942 -0.281142
    outer loop
      vertex 37.8133 -24.3011 36.222
      vertex 40.207 -18.5235 33.9412
      vertex 40.4032 -18.4515 34.4112
    endloop
  endfacet
  facet normal 0.842301 -0.459931 -0.281056
    outer loop
      vertex 37.8133 -24.3011 36.222
      vertex 40.4032 -18.4515 34.4112
      vertex 40.8868 -18.6724 36.222
    endloop
  endfacet
  facet normal 0.842347 -0.459904 -0.280962
    outer loop
      vertex 40.207 -18.5235 33.9412
      vertex 37.8133 -24.3011 36.222
      vertex 40.0582 -18.6025 33.6244
    endloop
  endfacet
  facet normal 0.842241 -0.459963 -0.281182
    outer loop
      vertex 40.0582 -18.6025 33.6244
      vertex 37.8133 -24.3011 36.222
      vertex 39.8888 -18.7101 33.293
    endloop
  endfacet
  facet normal 0.842306 -0.459921 -0.281056
    outer loop
      vertex 39.8888 -18.7101 33.293
      vertex 37.8133 -24.3011 36.222
      vertex 39.7098 -18.8406 32.9701
    endloop
  endfacet
  facet normal 0.842292 -0.459932 -0.281082
    outer loop
      vertex 39.7098 -18.8406 32.9701
      vertex 37.8133 -24.3011 36.222
      vertex 39.5219 -18.9933 32.6569
    endloop
  endfacet
  facet normal 0.842349 -0.459886 -0.280987
    outer loop
      vertex 39.5219 -18.9933 32.6569
      vertex 37.8133 -24.3011 36.222
      vertex 39.3261 -19.1676 32.3552
    endloop
  endfacet
  facet normal 0.842247 -0.459975 -0.281145
    outer loop
      vertex 39.3261 -19.1676 32.3552
      vertex 37.8133 -24.3011 36.222
      vertex 39.1234 -19.3623 32.0665
    endloop
  endfacet
  facet normal 0.842267 -0.459956 -0.281116
    outer loop
      vertex 39.1234 -19.3623 32.0665
      vertex 37.8133 -24.3011 36.222
      vertex 38.9147 -19.5767 31.792
    endloop
  endfacet
  facet normal 0.842492 -0.459727 -0.280816
    outer loop
      vertex 38.9147 -19.5767 31.792
      vertex 37.8133 -24.3011 36.222
      vertex 38.8181 -19.6822 31.6749
    endloop
  endfacet
  facet normal 0.318022 -0.852656 -0.414536
    outer loop
      vertex 12.1426 -41.3538 29.9246
      vertex 11.3745 -38.7378 23.9545
      vertex 16.7716 -36.7248 23.9545
    endloop
  endfacet
  facet normal 0.463733 -0.463733 -0.75492
    outer loop
      vertex 21.3006 -24.5822 13.4731
      vertex 20.8336 -18.0524 9.1751
      vertex 24.5822 -21.3006 13.4731
    endloop
  endfacet
  facet normal 0.463733 -0.463733 -0.75492
    outer loop
      vertex 20.8336 -18.0524 9.1751
      vertex 21.3006 -24.5822 13.4731
      vertex 18.0524 -20.8336 9.1751
    endloop
  endfacet
  facet normal 0.599284 -0.800537 0
    outer loop
      vertex 24.8061 -38.5991 42.7184
      vertex 30.0468 -34.6759 49.2816
      vertex 24.8061 -38.5991 49.2816
    endloop
  endfacet
  facet normal 0.599284 -0.800537 0
    outer loop
      vertex 30.0468 -34.6759 49.2816
      vertex 24.8061 -38.5991 42.7184
      vertex 30.0468 -34.6759 42.7184
    endloop
  endfacet
  facet normal 0.210418 -0.967248 0.141969
    outer loop
      vertex 12.9267 -44.0242 49.2816
      vertex 6.39687 -44.4912 55.778
      vertex 6.5298 -45.4158 49.2816
    endloop
  endfacet
  facet normal 0.47925 -0.877678 0
    outer loop
      vertex 19.0604 -41.7365 42.7184
      vertex 24.8061 -38.5991 49.2816
      vertex 19.0604 -41.7365 49.2816
    endloop
  endfacet
  facet normal 0.47925 -0.877678 0
    outer loop
      vertex 24.8061 -38.5991 49.2816
      vertex 19.0604 -41.7365 42.7184
      vertex 24.8061 -38.5991 42.7184
    endloop
  endfacet
  facet normal 0.575116 -0.768273 0.281067
    outer loop
      vertex 28.2243 -32.5726 62.0754
      vertex 24.3011 -37.8133 55.778
      vertex 29.4352 -33.97 55.778
    endloop
  endfacet
  facet normal 0.877678 -0.47925 0
    outer loop
      vertex 38.5991 -24.8061 49.2816
      vertex 41.7365 -19.0604 42.7184
      vertex 41.7365 -19.0604 49.2816
    endloop
  endfacet
  facet normal 0.877678 -0.47925 0
    outer loop
      vertex 41.7365 -19.0604 42.7184
      vertex 38.5991 -24.8061 49.2816
      vertex 38.5991 -24.8061 42.7184
    endloop
  endfacet
  facet normal 0.768198 -0.57522 0.28106
    outer loop
      vertex 36.1299 -23.5091 62
      vertex 37.8133 -24.3011 55.778
      vertex 36.2785 -23.3148 61.9915
    endloop
  endfacet
  facet normal 0.768268 -0.575123 0.281067
    outer loop
      vertex 37.8133 -24.3011 55.778
      vertex 36.1299 -23.5091 62
      vertex 32.6353 -28.1773 62
    endloop
  endfacet
  facet normal 0.927438 0.345917 0.142127
    outer loop
      vertex 41.0356 18.4 55.47
      vertex 40.8868 18.6724 55.778
      vertex 40.9884 18.4 55.778
    endloop
  endfacet
  facet normal 0.927403 0.346075 0.14197
    outer loop
      vertex 41.0356 18.4 55.47
      vertex 41.7365 19.0604 49.2816
      vertex 40.8868 18.6724 55.778
    endloop
  endfacet
  facet normal 0.927468 0.345905 0.141959
    outer loop
      vertex 41.7365 19.0604 49.2816
      vertex 41.0356 18.4 55.47
      vertex 41.9828 18.4 49.2816
    endloop
  endfacet
  facet normal 0.738908 -0.403458 0.539663
    outer loop
      vertex 32 -19.3516 72.5857
      vertex 30.9791 -19.909 73.5668
      vertex 32 -20.5652 71.6784
    endloop
  endfacet
  facet normal 0.708864 -0.264387 0.653921
    outer loop
      vertex 29.5875 -13.5122 78.5269
      vertex 32 -9.39605 77.5759
      vertex 31.2093 -9.16389 78.5269
    endloop
  endfacet
  facet normal 0.708863 -0.264386 0.653921
    outer loop
      vertex 32 -9.39605 77.5759
      vertex 29.5875 -13.5122 78.5269
      vertex 32 -12.1949 76.4443
    endloop
  endfacet
  facet normal 0.529237 -0.115128 0.840627
    outer loop
      vertex 21.8211 -3.13739 86.3732
      vertex 21.1525 -6.21092 86.3732
      vertex 27.2862 -3.92316 82.8249
    endloop
  endfacet
  facet normal 0.390051 -0.145494 0.909226
    outer loop
      vertex 21.1525 -6.21092 86.3732
      vertex 14.6227 -6.67794 89.0997
      vertex 20.0532 -9.15801 86.3732
    endloop
  endfacet
  facet normal 0.525009 -0.393003 0.754927
    outer loop
      vertex 23.1906 -14.9037 82.8249
      vertex 20.8336 -18.0524 82.8249
      vertex 27.3634 -17.5854 78.5269
    endloop
  endfacet
  facet normal 0.664033 -0.362583 0.653907
    outer loop
      vertex 29.5875 -13.5122 78.5269
      vertex 27.3634 -17.5854 78.5269
      vertex 30.9791 -19.909 73.5668
    endloop
  endfacet
  facet normal -0.529242 0.115135 -0.840623
    outer loop
      vertex -21.1525 6.21092 5.62677
      vertex -27.2862 3.92316 9.1751
      vertex -26.4501 7.76646 9.1751
    endloop
  endfacet
  facet normal -0.275943 -0.0600228 -0.959298
    outer loop
      vertex -15.4242 -4.52895 2.90031
      vertex -15.9117 -2.28776 2.90031
      vertex -9.67848 -1.39155 1.05124
    endloop
  endfacet
  facet normal -0.314304 -0.575586 -0.754926
    outer loop
      vertex -11.4517 -25.0756 9.1751
      vertex -17.5854 -27.3634 13.4731
      vertex -14.9037 -23.1906 9.1751
    endloop
  endfacet
  facet normal -0.247849 0.135347 -0.959298
    outer loop
      vertex -8.22578 5.28639 1.05124
      vertex -14.6227 6.67794 2.90031
      vertex -13.5234 8.69099 2.90031
    endloop
  endfacet
  facet normal -0.324581 0.433579 -0.840628
    outer loop
      vertex -14.4367 16.6608 5.62677
      vertex -18.0524 20.8336 9.1751
      vertex -11.9187 18.5458 5.62677
    endloop
  endfacet
  facet normal -0.259578 0.475364 -0.840624
    outer loop
      vertex -11.9187 18.5458 5.62677
      vertex -14.9037 23.1906 9.1751
      vertex -11.4517 25.0756 9.1751
    endloop
  endfacet
  facet normal -0.504516 0.673964 -0.539664
    outer loop
      vertex -19.909 30.9791 18.4332
      vertex -26.4388 30.5121 23.9545
      vertex -21.8274 33.9641 23.9545
    endloop
  endfacet
  facet normal -0.294205 0.788799 -0.539667
    outer loop
      vertex -10.3748 35.3332 18.4332
      vertex -16.7716 36.7248 23.9545
      vertex -11.3745 38.7378 23.9545
    endloop
  endfacet
  facet normal 0.0649144 0.907714 -0.414538
    outer loop
      vertex 5.74571 39.9623 23.9545
      vertex 0 40.3732 23.9545
      vertex 6.13372 42.661 29.9246
    endloop
  endfacet
  facet normal -0.193448 0.889233 -0.414538
    outer loop
      vertex -5.74571 39.9623 23.9545
      vertex -12.1426 41.3538 29.9246
      vertex -6.13372 42.661 29.9246
    endloop
  endfacet
  facet normal -0.593214 0.792429 0.141965
    outer loop
      vertex -24.8061 38.5991 49.2816
      vertex -30.0468 34.6759 49.2816
      vertex -24.3011 37.8133 55.778
    endloop
  endfacet
  facet normal -0.318022 0.852656 -0.414536
    outer loop
      vertex -11.3745 38.7378 23.9545
      vertex -16.7716 36.7248 23.9545
      vertex -12.1426 41.3538 29.9246
    endloop
  endfacet
  facet normal -0.0706299 0.987348 -0.14197
    outer loop
      vertex -6.39687 44.4912 36.222
      vertex -6.5298 45.4158 42.7184
      vertex 0 44.9488 36.222
    endloop
  endfacet
  facet normal -0.0706137 0.987351 -0.141953
    outer loop
      vertex 0 44.9488 36.222
      vertex -6.5298 45.4158 42.7184
      vertex 0 45.8828 42.7184
    endloop
  endfacet
  facet normal 0.459937 0.842294 -0.281066
    outer loop
      vertex 23.3014 36.2578 29.9246
      vertex 17.9043 39.2049 29.9246
      vertex 24.3011 37.8133 36.222
    endloop
  endfacet
  facet normal 0.318009 0.852656 -0.414546
    outer loop
      vertex 16.7716 36.7248 23.9545
      vertex 12.1426 41.3538 29.9246
      vertex 17.9043 39.2049 29.9246
    endloop
  endfacet
  facet normal 0.0303275 0.13941 -0.98977
    outer loop
      vertex 2.75478 9.38192 1.05124
      vertex 0.46702 3.2482 0.117202
      vertex 1.39155 9.67848 1.05124
    endloop
  endfacet
  facet normal 0.605664 0.453401 -0.65391
    outer loop
      vertex 27.3634 17.5854 13.4731
      vertex 24.5822 21.3006 13.4731
      vertex 27.8304 24.1152 18.4332
    endloop
  endfacet
  facet normal 0.314295 0.575598 -0.75492
    outer loop
      vertex 17.5854 27.3634 13.4731
      vertex 11.4517 25.0756 9.1751
      vertex 13.5122 29.5875 13.4731
    endloop
  endfacet
  facet normal -0.0884821 0.40678 -0.909231
    outer loop
      vertex -4.52895 15.4242 2.90031
      vertex -6.21092 21.1525 5.62677
      vertex -2.28776 15.9117 2.90031
    endloop
  endfacet
  facet normal -0.654141 0.0468904 -0.754917
    outer loop
      vertex -32 0.394441 13.041
      vertex -27.5668 0 9.1751
      vertex -32 0 13.0165
    endloop
  endfacet
  facet normal -0.65415 0.0467874 -0.754917
    outer loop
      vertex -27.5668 0 9.1751
      vertex -32 0.394441 13.041
      vertex -27.2862 3.92316 9.1751
    endloop
  endfacet
  facet normal -0.142307 0.0101774 -0.98977
    outer loop
      vertex -3.2482 0.46702 0.117202
      vertex -9.778 0 1.05124
      vertex -9.67848 1.39155 1.05124
    endloop
  endfacet
  facet normal 0.453397 0.605672 -0.653906
    outer loop
      vertex 24.1152 27.8304 18.4332
      vertex 17.5854 27.3634 13.4731
      vertex 19.909 30.9791 18.4332
    endloop
  endfacet
  facet normal -0.088488 0.406776 -0.909232
    outer loop
      vertex -2.28776 15.9117 2.90031
      vertex -6.21092 21.1525 5.62677
      vertex -3.13739 21.8211 5.62677
    endloop
  endfacet
  facet normal -0.22607 0.169235 -0.959298
    outer loop
      vertex -8.22578 5.28639 1.05124
      vertex -12.1489 10.5271 2.90031
      vertex -7.38972 6.40323 1.05124
    endloop
  endfacet
  facet normal -0.189274 0.507472 -0.840623
    outer loop
      vertex -6.21092 21.1525 5.62677
      vertex -11.4517 25.0756 9.1751
      vertex -7.76646 26.4501 9.1751
    endloop
  endfacet
  facet normal 0.0386402 0.540238 -0.840625
    outer loop
      vertex 3.13739 21.8211 5.62677
      vertex 0 22.0455 5.62677
      vertex 3.92316 27.2862 9.1751
    endloop
  endfacet
  facet normal 0.0467873 0.654148 -0.754918
    outer loop
      vertex 3.92316 27.2862 9.1751
      vertex 0 27.5668 9.1751
      vertex 0 32.5269 13.4731
    endloop
  endfacet
  facet normal 0.115135 0.529242 -0.840623
    outer loop
      vertex 6.21092 21.1525 5.62677
      vertex 3.92316 27.2862 9.1751
      vertex 7.76646 26.4501 9.1751
    endloop
  endfacet
  facet normal 0.229181 0.614469 -0.75492
    outer loop
      vertex 11.4517 25.0756 9.1751
      vertex 7.76646 26.4501 9.1751
      vertex 9.16389 31.2093 13.4731
    endloop
  endfacet
  facet normal -0.139411 0.640828 -0.75492
    outer loop
      vertex -7.76646 26.4501 9.1751
      vertex -9.16389 31.2093 13.4731
      vertex -3.92316 27.2862 9.1751
    endloop
  endfacet
  facet normal -0.0539767 0.75464 -0.653915
    outer loop
      vertex -4.62906 32.1958 13.4731
      vertex -5.24073 36.4501 18.4332
      vertex 0 32.5269 13.4731
    endloop
  endfacet
  facet normal -0.22918 0.614469 -0.75492
    outer loop
      vertex -11.4517 25.0756 9.1751
      vertex -13.5122 29.5875 13.4731
      vertex -9.16389 31.2093 13.4731
    endloop
  endfacet
  facet normal -0.115135 0.529242 -0.840623
    outer loop
      vertex -6.21092 21.1525 5.62677
      vertex -7.76646 26.4501 9.1751
      vertex -3.92316 27.2862 9.1751
    endloop
  endfacet
  facet normal 0.365366 -0.199522 0.90923
    outer loop
      vertex 14.6227 -6.67794 89.0997
      vertex 13.5234 -8.69099 89.0997
      vertex 18.5458 -11.9187 86.3732
    endloop
  endfacet
  facet normal -0.0201555 -0.28168 0.959297
    outer loop
      vertex -1.39155 -9.67848 90.9488
      vertex -2.28776 -15.9117 89.0997
      vertex 0 -16.0754 89.0997
    endloop
  endfacet
  facet normal 0.673958 0.504519 0.539668
    outer loop
      vertex 30.5121 26.4388 68.0455
      vertex 32 20.5652 71.6784
      vertex 32 24.4512 68.0455
    endloop
  endfacet
  facet normal 0.673958 0.504519 0.539668
    outer loop
      vertex 32 20.5652 71.6784
      vertex 30.5121 26.4388 68.0455
      vertex 30.9791 19.909 73.5668
    endloop
  endfacet
  facet normal 0.575116 0.768273 0.281067
    outer loop
      vertex 24.3011 37.8133 55.778
      vertex 23.3014 36.2578 62.0754
      vertex 28.2243 32.5726 62.0754
    endloop
  endfacet
  facet normal 0.178962 0.822638 0.539666
    outer loop
      vertex 11.3745 38.7378 68.0455
      vertex 5.24073 36.4501 73.5668
      vertex 10.3748 35.3332 73.5668
    endloop
  endfacet
  facet normal 0.160828 0.73928 0.653911
    outer loop
      vertex 10.3748 35.3332 73.5668
      vertex 5.24073 36.4501 73.5668
      vertex 9.16389 31.2093 78.5269
    endloop
  endfacet
  facet normal -0.0297122 0.415237 0.909228
    outer loop
      vertex 0 22.0455 86.3732
      vertex -2.28776 15.9117 89.0997
      vertex 0 16.0754 89.0997
    endloop
  endfacet
  facet normal 0.210409 0.967251 0.14196
    outer loop
      vertex 12.9267 44.0242 49.2816
      vertex 6.39687 44.4912 55.778
      vertex 12.6635 43.128 55.778
    endloop
  endfacet
  facet normal 0.0684708 0.95733 0.28077
    outer loop
      vertex 0.890847 43.1091 61.8261
      vertex 0 43.0997 62.0754
      vertex 6.13372 42.661 62.0754
    endloop
  endfacet
  facet normal 0.0681058 0.957733 0.279481
    outer loop
      vertex 0 43.0997 62.0754
      vertex 0.890847 43.1091 61.8261
      vertex 0.390565 43.1103 61.9439
    endloop
  endfacet
  facet normal 0.0684111 0.957091 0.281596
    outer loop
      vertex 6.13372 42.661 62.0754
      vertex 1.24012 43.1195 61.7059
      vertex 0.890847 43.1091 61.8261
    endloop
  endfacet
  facet normal 0.0684751 0.95727 0.280971
    outer loop
      vertex 6.13372 42.661 62.0754
      vertex 2.0668 43.1439 61.4213
      vertex 1.24012 43.1195 61.7059
    endloop
  endfacet
  facet normal 0.0683439 0.957081 0.281647
    outer loop
      vertex 6.13372 42.661 62.0754
      vertex 2.24374 43.1526 61.3488
      vertex 2.0668 43.1439 61.4213
    endloop
  endfacet
  facet normal 0.0685427 0.95733 0.280751
    outer loop
      vertex 6.13372 42.661 62.0754
      vertex 2.61288 43.1706 61.1973
      vertex 2.24374 43.1526 61.3488
    endloop
  endfacet
  facet normal 0.0684292 0.957223 0.281144
    outer loop
      vertex 6.13372 42.661 62.0754
      vertex 3.24359 43.303 60.593
      vertex 2.61288 43.1706 61.1973
    endloop
  endfacet
  facet normal 0.0685133 0.95726 0.280996
    outer loop
      vertex 3.24359 43.303 60.593
      vertex 6.13372 42.661 62.0754
      vertex 3.99165 43.4599 59.8761
    endloop
  endfacet
  facet normal 0.0686265 0.957254 0.280989
    outer loop
      vertex 0 43.0997 62.0754
      vertex 0.390565 43.1103 61.9439
      vertex 0 43.1383 61.9439
    endloop
  endfacet
  facet normal 0.264394 0.708872 0.653909
    outer loop
      vertex 15.2976 33.4971 73.5668
      vertex 10.3748 35.3332 73.5668
      vertex 13.5122 29.5875 78.5269
    endloop
  endfacet
  facet normal 0.0539697 0.754644 0.653911
    outer loop
      vertex 0 36.8249 73.5668
      vertex 0 32.5269 78.5269
      vertex 5.24073 36.4501 73.5668
    endloop
  endfacet
  facet normal -0.0986844 0.264594 0.959297
    outer loop
      vertex -4.52895 15.4242 89.0997
      vertex -6.67794 14.6227 89.0997
      vertex -4.06193 8.89438 90.9488
    endloop
  endfacet
  facet normal -0.0649144 0.907714 0.414538
    outer loop
      vertex 0 40.3732 68.0455
      vertex -6.13372 42.661 62.0754
      vertex -5.74571 39.9623 68.0455
    endloop
  endfacet
  facet normal 0.525009 0.393003 0.754927
    outer loop
      vertex 27.3634 17.5854 78.5269
      vertex 20.8336 18.0524 82.8249
      vertex 23.1906 14.9037 82.8249
    endloop
  endfacet
  facet normal 0.275944 -0.0600296 0.959297
    outer loop
      vertex 9.67848 -1.39155 90.9488
      vertex 9.38192 -2.75478 90.9488
      vertex 15.4242 -4.52895 89.0997
    endloop
  endfacet
  facet normal 0.640839 -0.139372 0.754918
    outer loop
      vertex 27.2862 -3.92316 82.8249
      vertex 32 -5.5293 78.5269
      vertex 32 -4.6009 78.6983
    endloop
  endfacet
  facet normal 0.640828 -0.139411 0.75492
    outer loop
      vertex 32 -5.5293 78.5269
      vertex 27.2862 -3.92316 82.8249
      vertex 31.2093 -9.16389 78.5269
    endloop
  endfacet
  facet normal 0.739257 -0.160824 0.653938
    outer loop
      vertex 32 -5.5293 78.5269
      vertex 31.2093 -9.16389 78.5269
      vertex 32 -8.57201 77.7786
    endloop
  endfacet
  facet normal 0.842492 0.459727 0.280816
    outer loop
      vertex 38.9147 19.5767 60.208
      vertex 37.8133 24.3011 55.778
      vertex 38.8181 19.6822 60.3251
    endloop
  endfacet
  facet normal 0.842267 0.459956 0.281116
    outer loop
      vertex 39.1234 19.3623 59.9335
      vertex 37.8133 24.3011 55.778
      vertex 38.9147 19.5767 60.208
    endloop
  endfacet
  facet normal 0.842247 0.459975 0.281145
    outer loop
      vertex 39.3261 19.1676 59.6448
      vertex 37.8133 24.3011 55.778
      vertex 39.1234 19.3623 59.9335
    endloop
  endfacet
  facet normal 0.842349 0.459886 0.280987
    outer loop
      vertex 39.5219 18.9933 59.3431
      vertex 37.8133 24.3011 55.778
      vertex 39.3261 19.1676 59.6448
    endloop
  endfacet
  facet normal 0.842292 0.459932 0.281082
    outer loop
      vertex 39.7098 18.8406 59.0299
      vertex 37.8133 24.3011 55.778
      vertex 39.5219 18.9933 59.3431
    endloop
  endfacet
  facet normal 0.842306 0.459921 0.281056
    outer loop
      vertex 39.8888 18.7101 58.707
      vertex 37.8133 24.3011 55.778
      vertex 39.7098 18.8406 59.0299
    endloop
  endfacet
  facet normal 0.842241 0.459963 0.281182
    outer loop
      vertex 40.0582 18.6025 58.3756
      vertex 37.8133 24.3011 55.778
      vertex 39.8888 18.7101 58.707
    endloop
  endfacet
  facet normal 0.842347 0.459904 0.280962
    outer loop
      vertex 40.207 18.5235 58.0588
      vertex 37.8133 24.3011 55.778
      vertex 40.0582 18.6025 58.3756
    endloop
  endfacet
  facet normal 0.842266 0.459942 0.281142
    outer loop
      vertex 40.4032 18.4515 57.5888
      vertex 37.8133 24.3011 55.778
      vertex 40.207 18.5235 58.0588
    endloop
  endfacet
  facet normal 0.846266 0.4506 0.284243
    outer loop
      vertex 40.4032 18.4515 57.5888
      vertex 40.207 18.5235 58.0588
      vertex 40.3712 18.4588 57.6725
    endloop
  endfacet
  facet normal 0.842301 0.459931 0.281056
    outer loop
      vertex 37.8133 24.3011 55.778
      vertex 40.4032 18.4515 57.5888
      vertex 40.8868 18.6724 55.778
    endloop
  endfacet
  facet normal 0.474396 0.868789 0.141965
    outer loop
      vertex 24.8061 38.5991 49.2816
      vertex 19.0604 41.7365 49.2816
      vertex 24.3011 37.8133 55.778
    endloop
  endfacet
  facet normal 0.318022 0.852656 -0.414536
    outer loop
      vertex 16.7716 36.7248 23.9545
      vertex 11.3745 38.7378 23.9545
      vertex 12.1426 41.3538 29.9246
    endloop
  endfacet
  facet normal 0.335377 0.899182 -0.281058
    outer loop
      vertex 17.9043 39.2049 29.9246
      vertex 12.6635 43.128 36.222
      vertex 18.6724 40.8868 36.222
    endloop
  endfacet
  facet normal -0.210418 0.967248 0.141969
    outer loop
      vertex -6.5298 45.4158 49.2816
      vertex -12.9267 44.0242 49.2816
      vertex -6.39687 44.4912 55.778
    endloop
  endfacet
  facet normal -0.525009 0.393003 0.754927
    outer loop
      vertex -20.8336 18.0524 82.8249
      vertex -27.3634 17.5854 78.5269
      vertex -23.1906 14.9037 82.8249
    endloop
  endfacet
  facet normal -0.212571 0.977146 0
    outer loop
      vertex -6.5298 45.4158 42.7184
      vertex -12.9267 44.0242 49.2816
      vertex -6.5298 45.4158 49.2816
    endloop
  endfacet
  facet normal -0.212571 0.977146 0
    outer loop
      vertex -12.9267 44.0242 49.2816
      vertex -6.5298 45.4158 42.7184
      vertex -12.9267 44.0242 42.7184
    endloop
  endfacet
  facet normal -0.599284 0.800537 0
    outer loop
      vertex -24.8061 38.5991 42.7184
      vertex -30.0468 34.6759 49.2816
      vertex -24.8061 38.5991 49.2816
    endloop
  endfacet
  facet normal -0.599284 0.800537 0
    outer loop
      vertex -30.0468 34.6759 49.2816
      vertex -24.8061 38.5991 42.7184
      vertex -30.0468 34.6759 42.7184
    endloop
  endfacet
  facet normal 0.0706636 0.987366 0.141826
    outer loop
      vertex 6.39687 44.4912 55.778
      vertex 4.30742 44.7544 54.9867
      vertex 4.66285 44.6153 55.778
    endloop
  endfacet
  facet normal 0.0705856 0.987343 0.142024
    outer loop
      vertex 6.39687 44.4912 55.778
      vertex 3.98192 44.8819 54.2621
      vertex 4.30742 44.7544 54.9867
    endloop
  endfacet
  facet normal 0.0706208 0.987349 0.141969
    outer loop
      vertex 6.5298 45.4158 49.2816
      vertex 3.98192 44.8819 54.2621
      vertex 6.39687 44.4912 55.778
    endloop
  endfacet
  facet normal 0.0706179 0.987349 0.141968
    outer loop
      vertex 3.98192 44.8819 54.2621
      vertex 6.5298 45.4158 49.2816
      vertex 3.44256 44.9948 53.7452
    endloop
  endfacet
  facet normal 0.0705932 0.987353 0.141951
    outer loop
      vertex 3.44256 44.9948 53.7452
      vertex 6.5298 45.4158 49.2816
      vertex 2.75109 45.1395 53.0826
    endloop
  endfacet
  facet normal 0.0710573 0.987255 0.142405
    outer loop
      vertex 2.75109 45.1395 53.0826
      vertex 6.5298 45.4158 49.2816
      vertex 2.72722 45.1438 53.0647
    endloop
  endfacet
  facet normal 0.0706446 0.98735 0.141949
    outer loop
      vertex 0 45.8828 49.2816
      vertex 1.52108 45.301 52.5714
      vertex 2.48328 45.1874 52.8827
    endloop
  endfacet
  facet normal 0.0704033 0.987361 0.141991
    outer loop
      vertex 0 45.8828 49.2816
      vertex 0.297725 45.421 52.3452
      vertex 0.579428 45.3989 52.3592
    endloop
  endfacet
  facet normal 0.0705792 0.987357 0.141932
    outer loop
      vertex 6.5298 45.4158 49.2816
      vertex 2.48328 45.1874 52.8827
      vertex 2.72722 45.1438 53.0647
    endloop
  endfacet
  facet normal 0.0706135 0.987349 0.14197
    outer loop
      vertex 0 45.8828 49.2816
      vertex 2.48328 45.1874 52.8827
      vertex 6.5298 45.4158 49.2816
    endloop
  endfacet
  facet normal 0.0703978 0.987351 0.142063
    outer loop
      vertex 1.52108 45.301 52.5714
      vertex 0 45.8828 49.2816
      vertex 1.32424 45.3242 52.5077
    endloop
  endfacet
  facet normal 0.0706525 0.987348 0.141958
    outer loop
      vertex 1.32424 45.3242 52.5077
      vertex 0 45.8828 49.2816
      vertex 1.04785 45.3519 52.4526
    endloop
  endfacet
  facet normal 0.0707695 0.987345 0.141919
    outer loop
      vertex 1.04785 45.3519 52.4526
      vertex 0 45.8828 49.2816
      vertex 0.579428 45.3989 52.3592
    endloop
  endfacet
  facet normal 0.0708286 0.987337 0.141946
    outer loop
      vertex 0.297725 45.421 52.3452
      vertex 0 45.8828 49.2816
      vertex 0 45.4445 52.3303
    endloop
  endfacet
  facet normal 0.593214 0.792429 -0.141965
    outer loop
      vertex 30.0468 34.6759 42.7184
      vertex 24.3011 37.8133 36.222
      vertex 24.8061 38.5991 42.7184
    endloop
  endfacet
  facet normal -0.39302 -0.525006 0.75492
    outer loop
      vertex -18.0524 -20.8336 82.8249
      vertex -21.3006 -24.5822 78.5269
      vertex -17.5854 -27.3634 78.5269
    endloop
  endfacet
  facet normal -0.275944 -0.0600296 0.959297
    outer loop
      vertex -9.67848 -1.39155 90.9488
      vertex -15.4242 -4.52895 89.0997
      vertex -9.38192 -2.75478 90.9488
    endloop
  endfacet
  facet normal -0.314295 -0.575598 0.75492
    outer loop
      vertex -11.4517 -25.0756 82.8249
      vertex -17.5854 -27.3634 78.5269
      vertex -13.5122 -29.5875 78.5269
    endloop
  endfacet
  facet normal -0.406781 -0.0884891 0.90923
    outer loop
      vertex -15.9117 -2.28776 89.0997
      vertex -21.8211 -3.13739 86.3732
      vertex -21.1525 -6.21092 86.3732
    endloop
  endfacet
  facet normal -0.139404 -0.0303263 0.989771
    outer loop
      vertex -3.2482 -0.46702 91.8828
      vertex -9.67848 -1.39155 90.9488
      vertex -9.38192 -2.75478 90.9488
    endloop
  endfacet
  facet normal -0.189273 -0.507469 0.840625
    outer loop
      vertex -6.21092 -21.1525 86.3732
      vertex -11.4517 -25.0756 82.8249
      vertex -7.76646 -26.4501 82.8249
    endloop
  endfacet
  facet normal -0.139411 -0.640828 0.75492
    outer loop
      vertex -7.76646 -26.4501 82.8249
      vertex -9.16389 -31.2093 78.5269
      vertex -3.92316 -27.2862 82.8249
    endloop
  endfacet
  facet normal -0.739257 -0.160824 0.653938
    outer loop
      vertex -32 -5.5293 78.5269
      vertex -32 -8.57201 77.7786
      vertex -31.2093 -9.16389 78.5269
    endloop
  endfacet
  facet normal -0.708865 -0.264403 0.653912
    outer loop
      vertex -32 -12.1949 76.4443
      vertex -32 -14.6139 75.4662
      vertex -29.5875 -13.5122 78.5269
    endloop
  endfacet
  facet normal -0.614469 -0.22918 -0.75492
    outer loop
      vertex -29.5875 -13.5122 13.4731
      vertex -31.2093 -9.16389 13.4731
      vertex -25.0756 -11.4517 9.1751
    endloop
  endfacet
  facet normal -0.390051 0.145476 0.909229
    outer loop
      vertex -14.6227 6.67794 89.0997
      vertex -21.1525 6.21092 86.3732
      vertex -15.4242 4.52895 89.0997
    endloop
  endfacet
  facet normal -0.415234 0.0296993 0.90923
    outer loop
      vertex -21.8211 3.13739 86.3732
      vertex -22.0455 0 86.3732
      vertex -15.9117 2.28776 89.0997
    endloop
  endfacet
  facet normal -0.0600531 0.839737 0.539662
    outer loop
      vertex 0 40.3732 68.0455
      vertex -5.74571 39.9623 68.0455
      vertex 0 36.8249 73.5668
    endloop
  endfacet
  facet normal -0.0600552 0.839736 0.539664
    outer loop
      vertex 0 36.8249 73.5668
      vertex -5.74571 39.9623 68.0455
      vertex -5.24073 36.4501 73.5668
    endloop
  endfacet
  facet normal -0.540234 -0.0386397 0.840627
    outer loop
      vertex -22.0455 0 86.3732
      vertex -27.5668 0 82.8249
      vertex -27.2862 -3.92316 82.8249
    endloop
  endfacet
  facet normal -0.507469 0.189273 0.840625
    outer loop
      vertex -25.0756 11.4517 82.8249
      vertex -26.4501 7.76646 82.8249
      vertex -21.1525 6.21092 86.3732
    endloop
  endfacet
  facet normal -0.139404 0.0303263 0.989771
    outer loop
      vertex -9.38192 2.75478 90.9488
      vertex -9.67848 1.39155 90.9488
      vertex -3.2482 0.46702 91.8828
    endloop
  endfacet
  facet normal -0.433592 0.324571 0.840626
    outer loop
      vertex -20.8336 18.0524 82.8249
      vertex -23.1906 14.9037 82.8249
      vertex -18.5458 11.9187 86.3732
    endloop
  endfacet
  facet normal -0.314295 0.575598 0.75492
    outer loop
      vertex -13.5122 29.5875 78.5269
      vertex -17.5854 27.3634 78.5269
      vertex -11.4517 25.0756 82.8249
    endloop
  endfacet
  facet normal -0.76827 0.575117 0.281072
    outer loop
      vertex -37.8133 24.3011 55.778
      vertex -36.1464 23.487 62
      vertex -32.6353 28.1773 62
    endloop
  endfacet
  facet normal -0.768064 0.575401 0.281054
    outer loop
      vertex -36.1464 23.487 62
      vertex -37.8133 24.3011 55.778
      vertex -36.2779 23.3144 61.994
    endloop
  endfacet
  facet normal 0.0303267 0.139404 0.989771
    outer loop
      vertex 2.75478 9.38192 90.9488
      vertex 0.46702 3.2482 91.8828
      vertex 0.924534 3.14867 91.8828
    endloop
  endfacet
  facet normal 0.010177 0.142301 0.989771
    outer loop
      vertex 1.39155 9.67848 90.9488
      vertex 0 9.778 90.9488
      vertex 0.46702 3.2482 91.8828
    endloop
  endfacet
  facet normal 0.135349 0.247852 0.959297
    outer loop
      vertex 6.67794 14.6227 89.0997
      vertex 5.28639 8.22578 90.9488
      vertex 8.69099 13.5234 89.0997
    endloop
  endfacet
  facet normal 0.365383 0.199507 0.909226
    outer loop
      vertex 18.5458 11.9187 86.3732
      vertex 14.6227 6.67794 89.0997
      vertex 20.0532 9.15801 86.3732
    endloop
  endfacet
  facet normal -0.927438 0.345917 -0.142127
    outer loop
      vertex -40.9884 18.4 36.222
      vertex -41.0356 18.4 36.53
      vertex -40.8868 18.6724 36.222
    endloop
  endfacet
  facet normal -0.927403 0.346075 -0.14197
    outer loop
      vertex -41.0356 18.4 36.53
      vertex -41.7365 19.0604 42.7184
      vertex -40.8868 18.6724 36.222
    endloop
  endfacet
  facet normal -0.927468 0.345905 -0.141959
    outer loop
      vertex -41.7365 19.0604 42.7184
      vertex -41.0356 18.4 36.53
      vertex -41.9828 18.4 42.7184
    endloop
  endfacet
  facet normal -0.436134 0.798712 -0.414544
    outer loop
      vertex -21.8274 33.9641 23.9545
      vertex -23.3014 36.2578 29.9246
      vertex -16.7716 36.7248 23.9545
    endloop
  endfacet
  facet normal -0.453401 0.605664 -0.65391
    outer loop
      vertex -21.3006 24.5822 13.4731
      vertex -24.1152 27.8304 18.4332
      vertex -17.5854 27.3634 13.4731
    endloop
  endfacet
  facet normal -0.868789 0.474395 0.141967
    outer loop
      vertex -37.8133 24.3011 55.778
      vertex -41.7365 19.0604 49.2816
      vertex -40.8868 18.6724 55.778
    endloop
  endfacet
  facet normal -0.927468 0.345905 0.141959
    outer loop
      vertex -41.0356 18.4 55.47
      vertex -41.7365 19.0604 49.2816
      vertex -41.9828 18.4 49.2816
    endloop
  endfacet
  facet normal -0.927403 0.346075 0.14197
    outer loop
      vertex -41.7365 19.0604 49.2816
      vertex -41.0356 18.4 55.47
      vertex -40.8868 18.6724 55.778
    endloop
  endfacet
  facet normal 0.0297118 -0.415232 -0.90923
    outer loop
      vertex 2.28776 -15.9117 2.90031
      vertex 0 -22.0455 5.62677
      vertex 0 -16.0754 2.90031
    endloop
  endfacet
  facet normal 0.0386402 -0.540238 -0.840625
    outer loop
      vertex 3.92316 -27.2862 9.1751
      vertex 0 -22.0455 5.62677
      vertex 3.13739 -21.8211 5.62677
    endloop
  endfacet
  facet normal -0.160821 -0.739278 -0.653914
    outer loop
      vertex -5.24073 -36.4501 18.4332
      vertex -9.16389 -31.2093 13.4731
      vertex -4.62906 -32.1958 13.4731
    endloop
  endfacet
  facet normal -0.593205 -0.792437 -0.141953
    outer loop
      vertex -24.3011 -37.8133 36.222
      vertex -30.0468 -34.6759 42.7184
      vertex -29.4352 -33.97 36.222
    endloop
  endfacet
  facet normal 0.0386399 -0.540238 -0.840625
    outer loop
      vertex 3.92316 -27.2862 9.1751
      vertex 0 -27.5668 9.1751
      vertex 0 -22.0455 5.62677
    endloop
  endfacet
  facet normal 0.0467873 -0.654148 -0.754918
    outer loop
      vertex 3.92316 -27.2862 9.1751
      vertex 0 -32.5269 13.4731
      vertex 0 -27.5668 9.1751
    endloop
  endfacet
  facet normal 0.142307 -0.0101774 -0.98977
    outer loop
      vertex 9.67848 -1.39155 1.05124
      vertex 3.2482 -0.46702 0.117202
      vertex 9.778 0 1.05124
    endloop
  endfacet
  facet normal 0.0303275 -0.13941 -0.98977
    outer loop
      vertex 1.39155 -9.67848 1.05124
      vertex 0.46702 -3.2482 0.117202
      vertex 2.75478 -9.38192 1.05124
    endloop
  endfacet
  facet normal 0.0884821 -0.40678 -0.909231
    outer loop
      vertex 6.21092 -21.1525 5.62677
      vertex 2.28776 -15.9117 2.90031
      vertex 4.52895 -15.4242 2.90031
    endloop
  endfacet
  facet normal 0.142307 0.0101774 -0.98977
    outer loop
      vertex 9.778 0 1.05124
      vertex 3.2482 0.46702 0.117202
      vertex 9.67848 1.39155 1.05124
    endloop
  endfacet
  facet normal 0.540238 -0.0386402 -0.840625
    outer loop
      vertex 27.2862 -3.92316 9.1751
      vertex 21.8211 -3.13739 5.62677
      vertex 22.0455 0 5.62677
    endloop
  endfacet
  facet normal 0.249474 0.333257 -0.909232
    outer loop
      vertex 10.5271 12.1489 2.90031
      vertex 8.69099 13.5234 2.90031
      vertex 11.9187 18.5458 5.62677
    endloop
  endfacet
  facet normal 0.169235 0.22607 -0.959298
    outer loop
      vertex 10.5271 12.1489 2.90031
      vertex 5.28639 8.22578 1.05124
      vertex 8.69099 13.5234 2.90031
    endloop
  endfacet
  facet normal 0.475365 0.25956 -0.840628
    outer loop
      vertex 20.0532 9.15801 5.62677
      vertex 18.5458 11.9187 5.62677
      vertex 25.0756 11.4517 9.1751
    endloop
  endfacet
  facet normal 0.739264 0.160854 -0.653922
    outer loop
      vertex 32 8.57201 14.2214
      vertex 31.2093 9.16389 13.4731
      vertex 32 9.39605 14.4241
    endloop
  endfacet
  facet normal -0.403473 -0.7389 -0.539663
    outer loop
      vertex -16.7716 -36.7248 23.9545
      vertex -21.8274 -33.9641 23.9545
      vertex -19.909 -30.9791 18.4332
    endloop
  endfacet
  facet normal -0.545356 -0.728521 -0.414541
    outer loop
      vertex -21.8274 -33.9641 23.9545
      vertex -28.2243 -32.5726 29.9246
      vertex -26.4388 -30.5121 23.9545
    endloop
  endfacet
  facet normal -0.249474 -0.333257 -0.909232
    outer loop
      vertex -8.69099 -13.5234 2.90031
      vertex -11.9187 -18.5458 5.62677
      vertex -10.5271 -12.1489 2.90031
    endloop
  endfacet
  facet normal -0.595299 -0.595299 -0.539665
    outer loop
      vertex -27.8304 -24.1152 18.4332
      vertex -26.4388 -30.5121 23.9545
      vertex -30.5121 -26.4388 23.9545
    endloop
  endfacet
  facet normal -0.595299 -0.595299 -0.539665
    outer loop
      vertex -26.4388 -30.5121 23.9545
      vertex -27.8304 -24.1152 18.4332
      vertex -24.1152 -27.8304 18.4332
    endloop
  endfacet
  facet normal -0.545357 -0.728519 -0.414543
    outer loop
      vertex -23.3014 -36.2578 29.9246
      vertex -28.2243 -32.5726 29.9246
      vertex -21.8274 -33.9641 23.9545
    endloop
  endfacet
  facet normal -0.203994 -0.937758 -0.281063
    outer loop
      vertex -6.39687 -44.4912 36.222
      vertex -12.6635 -43.128 36.222
      vertex -6.13372 -42.661 29.9246
    endloop
  endfacet
  facet normal -0.474396 -0.868789 -0.141965
    outer loop
      vertex -19.0604 -41.7365 42.7184
      vertex -24.8061 -38.5991 42.7184
      vertex -24.3011 -37.8133 36.222
    endloop
  endfacet
  facet normal -0.318009 -0.852656 -0.414546
    outer loop
      vertex -12.1426 -41.3538 29.9246
      vertex -17.9043 -39.2049 29.9246
      vertex -16.7716 -36.7248 23.9545
    endloop
  endfacet
  facet normal -0.0706299 -0.987348 -0.14197
    outer loop
      vertex 0 -44.9488 36.222
      vertex -6.5298 -45.4158 42.7184
      vertex -6.39687 -44.4912 36.222
    endloop
  endfacet
  facet normal -0.0684644 -0.957241 0.281074
    outer loop
      vertex 0 -43.0997 62.0754
      vertex -6.13372 -42.661 62.0754
      vertex 0 -44.9488 55.778
    endloop
  endfacet
  facet normal 0.0684644 -0.957241 0.281074
    outer loop
      vertex 0 -43.0997 62.0754
      vertex 0 -44.9488 55.778
      vertex 6.13372 -42.661 62.0754
    endloop
  endfacet
  facet normal -0.212571 -0.977146 0
    outer loop
      vertex -12.9267 -44.0242 42.7184
      vertex -6.5298 -45.4158 49.2816
      vertex -12.9267 -44.0242 49.2816
    endloop
  endfacet
  facet normal -0.212571 -0.977146 -0
    outer loop
      vertex -6.5298 -45.4158 49.2816
      vertex -12.9267 -44.0242 42.7184
      vertex -6.5298 -45.4158 42.7184
    endloop
  endfacet
  facet normal -0.0713361 -0.997452 0
    outer loop
      vertex -6.5298 -45.4158 42.7184
      vertex 0 -45.8828 49.2816
      vertex -6.5298 -45.4158 49.2816
    endloop
  endfacet
  facet normal -0.0713361 -0.997452 -0
    outer loop
      vertex 0 -45.8828 49.2816
      vertex -6.5298 -45.4158 42.7184
      vertex 0 -45.8828 42.7184
    endloop
  endfacet
  facet normal 0.318009 -0.852656 -0.414546
    outer loop
      vertex 17.9043 -39.2049 29.9246
      vertex 12.1426 -41.3538 29.9246
      vertex 16.7716 -36.7248 23.9545
    endloop
  endfacet
  facet normal 0.0684764 -0.957243 -0.281063
    outer loop
      vertex 6.39687 -44.4912 36.222
      vertex 0 -44.9488 36.222
      vertex 6.13372 -42.661 29.9246
    endloop
  endfacet
  facet normal -0.294205 -0.788799 0.539667
    outer loop
      vertex -10.3748 -35.3332 73.5668
      vertex -16.7716 -36.7248 68.0455
      vertex -11.3745 -38.7378 68.0455
    endloop
  endfacet
  facet normal -0.204003 -0.937753 0.281073
    outer loop
      vertex -12.1426 -41.3538 62.0754
      vertex -12.6635 -43.128 55.778
      vertex -6.13372 -42.661 62.0754
    endloop
  endfacet
  facet normal -0.868789 -0.474396 0.141965
    outer loop
      vertex -37.8133 -24.3011 55.778
      vertex -41.7365 -19.0604 49.2816
      vertex -38.5991 -24.8061 49.2816
    endloop
  endfacet
  facet normal -0.792429 -0.593214 0.141965
    outer loop
      vertex -37.8133 -24.3011 55.778
      vertex -38.5991 -24.8061 49.2816
      vertex -34.6759 -30.0468 49.2816
    endloop
  endfacet
  facet normal 0.403468 -0.7389 0.539666
    outer loop
      vertex 19.909 -30.9791 73.5668
      vertex 15.2976 -33.4971 73.5668
      vertex 16.7716 -36.7248 68.0455
    endloop
  endfacet
  facet normal 0.335377 -0.899182 0.281058
    outer loop
      vertex 17.9043 -39.2049 62.0754
      vertex 12.6635 -43.128 55.778
      vertex 18.6724 -40.8868 55.778
    endloop
  endfacet
  facet normal 0.463733 -0.463733 0.75492
    outer loop
      vertex 20.8336 -18.0524 82.8249
      vertex 21.3006 -24.5822 78.5269
      vertex 24.5822 -21.3006 78.5269
    endloop
  endfacet
  facet normal 0.463733 -0.463733 0.75492
    outer loop
      vertex 21.3006 -24.5822 78.5269
      vertex 20.8336 -18.0524 82.8249
      vertex 18.0524 -20.8336 82.8249
    endloop
  endfacet
  facet normal 0.39302 -0.525006 0.75492
    outer loop
      vertex 18.0524 -20.8336 82.8249
      vertex 17.5854 -27.3634 78.5269
      vertex 21.3006 -24.5822 78.5269
    endloop
  endfacet
  facet normal 0.335362 -0.899183 0.281072
    outer loop
      vertex 17.9043 -39.2049 62.0754
      vertex 12.1426 -41.3538 62.0754
      vertex 12.6635 -43.128 55.778
    endloop
  endfacet
  facet normal 0.545357 -0.728519 0.414543
    outer loop
      vertex 28.2243 -32.5726 62.0754
      vertex 21.8274 -33.9641 68.0455
      vertex 23.3014 -36.2578 62.0754
    endloop
  endfacet
  facet normal 0.738908 -0.403458 -0.539663
    outer loop
      vertex 32 -20.5652 20.3216
      vertex 30.9791 -19.909 18.4332
      vertex 32 -19.3516 19.4143
    endloop
  endfacet
  facet normal 0.673958 -0.504519 -0.539668
    outer loop
      vertex 30.5121 -26.4388 23.9545
      vertex 32 -20.5652 20.3216
      vertex 32 -24.4512 23.9545
    endloop
  endfacet
  facet normal 0.673958 -0.504519 -0.539668
    outer loop
      vertex 32 -20.5652 20.3216
      vertex 30.5121 -26.4388 23.9545
      vertex 30.9791 -19.909 18.4332
    endloop
  endfacet
  facet normal 0.614469 0.22918 -0.75492
    outer loop
      vertex 31.2093 9.16389 13.4731
      vertex 25.0756 11.4517 9.1751
      vertex 29.5875 13.5122 13.4731
    endloop
  endfacet
  facet normal 0.664027 -0.362586 -0.653911
    outer loop
      vertex 32 -18.0394 18.4332
      vertex 29.5875 -13.5122 13.4731
      vertex 32 -14.6139 16.5338
    endloop
  endfacet
  facet normal 0.664022 -0.362591 -0.653913
    outer loop
      vertex 29.5875 -13.5122 13.4731
      vertex 32 -18.0394 18.4332
      vertex 30.9791 -19.909 18.4332
    endloop
  endfacet
  facet normal 0.640828 -0.139411 -0.75492
    outer loop
      vertex 27.2862 -3.92316 9.1751
      vertex 32 -5.5293 13.4731
      vertex 31.2093 -9.16389 13.4731
    endloop
  endfacet
  facet normal 0.640839 -0.139372 -0.754918
    outer loop
      vertex 32 -5.5293 13.4731
      vertex 27.2862 -3.92316 9.1751
      vertex 32 -4.6009 13.3017
    endloop
  endfacet
  facet normal 0.868789 -0.474395 -0.141967
    outer loop
      vertex 41.7365 -19.0604 42.7184
      vertex 37.8133 -24.3011 36.222
      vertex 40.8868 -18.6724 36.222
    endloop
  endfacet
  facet normal 0.927403 -0.346075 0.14197
    outer loop
      vertex 41.7365 -19.0604 49.2816
      vertex 41.0356 -18.4 55.47
      vertex 40.8868 -18.6724 55.778
    endloop
  endfacet
  facet normal 0.927468 -0.345905 0.141959
    outer loop
      vertex 41.0356 -18.4 55.47
      vertex 41.7365 -19.0604 49.2816
      vertex 41.9828 -18.4 49.2816
    endloop
  endfacet
  facet normal 0.593205 -0.792437 -0.141953
    outer loop
      vertex 30.0468 -34.6759 42.7184
      vertex 24.3011 -37.8133 36.222
      vertex 29.4352 -33.97 36.222
    endloop
  endfacet
  facet normal 0.264394 -0.708872 -0.653909
    outer loop
      vertex 15.2976 -33.4971 18.4332
      vertex 10.3748 -35.3332 18.4332
      vertex 13.5122 -29.5875 13.4731
    endloop
  endfacet
  facet normal -0.318022 -0.852656 -0.414536
    outer loop
      vertex -12.1426 -41.3538 29.9246
      vertex -16.7716 -36.7248 23.9545
      vertex -11.3745 -38.7378 23.9545
    endloop
  endfacet
  facet normal 0.203994 -0.937758 -0.281063
    outer loop
      vertex 6.39687 -44.4912 36.222
      vertex 6.13372 -42.661 29.9246
      vertex 12.6635 -43.128 36.222
    endloop
  endfacet
  facet normal 0.318009 -0.852656 0.414546
    outer loop
      vertex 16.7716 -36.7248 68.0455
      vertex 12.1426 -41.3538 62.0754
      vertex 17.9043 -39.2049 62.0754
    endloop
  endfacet
  facet normal 0.474396 -0.868789 0.141965
    outer loop
      vertex 24.3011 -37.8133 55.778
      vertex 19.0604 -41.7365 49.2816
      vertex 24.8061 -38.5991 49.2816
    endloop
  endfacet
  facet normal 0.474395 -0.868789 0.141967
    outer loop
      vertex 24.3011 -37.8133 55.778
      vertex 18.6724 -40.8868 55.778
      vertex 19.0604 -41.7365 49.2816
    endloop
  endfacet
  facet normal 0.768501 -0.574813 0.281063
    outer loop
      vertex 33.97 -29.4352 55.778
      vertex 32.6353 -28.1773 62
      vertex 32.5893 -28.2388 62
    endloop
  endfacet
  facet normal 0.768271 -0.575115 0.281075
    outer loop
      vertex 32.6353 -28.1773 62
      vertex 33.97 -29.4352 55.778
      vertex 37.8133 -24.3011 55.778
    endloop
  endfacet
  facet normal 0.678653 -0.678653 0.280822
    outer loop
      vertex 28.2243 -32.5726 62.0754
      vertex 32 -28.8281 62
      vertex 32 -28.7969 62.0754
    endloop
  endfacet
  facet normal 0.678604 -0.678598 0.281071
    outer loop
      vertex 28.2243 -32.5726 62.0754
      vertex 33.97 -29.4352 55.778
      vertex 32 -28.8281 62
    endloop
  endfacet
  facet normal 0.678602 -0.678602 0.281068
    outer loop
      vertex 33.97 -29.4352 55.778
      vertex 28.2243 -32.5726 62.0754
      vertex 29.4352 -33.97 55.778
    endloop
  endfacet
  facet normal 0.678601 -0.678601 0.281071
    outer loop
      vertex 32.5893 -28.2388 62
      vertex 32 -28.8281 62
      vertex 33.97 -29.4352 55.778
    endloop
  endfacet
  facet normal 0.699946 -0.699946 -0.141952
    outer loop
      vertex 34.6759 -30.0468 42.7184
      vertex 29.4352 -33.97 36.222
      vertex 33.97 -29.4352 36.222
    endloop
  endfacet
  facet normal 0.699946 -0.699946 -0.141952
    outer loop
      vertex 29.4352 -33.97 36.222
      vertex 34.6759 -30.0468 42.7184
      vertex 30.0468 -34.6759 42.7184
    endloop
  endfacet
  facet normal 0.792429 -0.593214 0.141965
    outer loop
      vertex 37.8133 -24.3011 55.778
      vertex 34.6759 -30.0468 49.2816
      vertex 38.5991 -24.8061 49.2816
    endloop
  endfacet
  facet normal 0.868789 0.474395 0.141967
    outer loop
      vertex 41.7365 19.0604 49.2816
      vertex 37.8133 24.3011 55.778
      vertex 40.8868 18.6724 55.778
    endloop
  endfacet
  facet normal 0.899265 0.335164 0.281048
    outer loop
      vertex 40.5689 18.4095 57.1087
      vertex 40.8868 18.6724 55.778
      vertex 40.4032 18.4515 57.5888
    endloop
  endfacet
  facet normal 0.899325 0.335015 0.281033
    outer loop
      vertex 40.6405 18.4 56.8909
      vertex 40.8868 18.6724 55.778
      vertex 40.5689 18.4095 57.1087
    endloop
  endfacet
  facet normal 0.899174 0.335375 0.281088
    outer loop
      vertex 40.8868 18.6724 55.778
      vertex 40.6405 18.4 56.8909
      vertex 40.9884 18.4 55.778
    endloop
  endfacet
  facet normal 0.643489 -0.643489 0.41454
    outer loop
      vertex 26.4388 -30.5121 68.0455
      vertex 32 -27.7282 63.7343
      vertex 30.5121 -26.4388 68.0455
    endloop
  endfacet
  facet normal 0.64349 -0.643487 0.414542
    outer loop
      vertex 28.2243 -32.5726 62.0754
      vertex 32 -27.7282 63.7343
      vertex 26.4388 -30.5121 68.0455
    endloop
  endfacet
  facet normal 0.643487 -0.643487 0.414548
    outer loop
      vertex 32 -27.7282 63.7343
      vertex 28.2243 -32.5726 62.0754
      vertex 32 -28.7969 62.0754
    endloop
  endfacet
  facet normal 0.899889 -0.333667 0.280831
    outer loop
      vertex 40.8868 -18.6724 55.778
      vertex 40.6336 -18.4 56.913
      vertex 40.5771 -18.4061 57.0868
    endloop
  endfacet
  facet normal 0.898885 -0.336141 0.281096
    outer loop
      vertex 40.8868 -18.6724 55.778
      vertex 40.5771 -18.4061 57.0868
      vertex 40.4297 -18.4365 57.5218
    endloop
  endfacet
  facet normal 0.89989 -0.333518 0.281005
    outer loop
      vertex 40.8868 -18.6724 55.778
      vertex 40.4297 -18.4365 57.5218
      vertex 40.3975 -18.4489 57.6102
    endloop
  endfacet
  facet normal 0.899176 -0.335375 0.281081
    outer loop
      vertex 40.6336 -18.4 56.913
      vertex 40.8868 -18.6724 55.778
      vertex 40.9884 -18.4 55.778
    endloop
  endfacet
  facet normal 0.575598 -0.314295 0.75492
    outer loop
      vertex 29.5875 -13.5122 78.5269
      vertex 25.0756 -11.4517 82.8249
      vertex 27.3634 -17.5854 78.5269
    endloop
  endfacet
  facet normal 0.738906 -0.403482 0.539648
    outer loop
      vertex 32 -18.0394 73.5668
      vertex 30.9791 -19.909 73.5668
      vertex 32 -19.3516 72.5857
    endloop
  endfacet
  facet normal 0.640828 0.139411 0.75492
    outer loop
      vertex 31.2093 9.16389 78.5269
      vertex 26.4501 7.76646 82.8249
      vertex 27.2862 3.92316 82.8249
    endloop
  endfacet
  facet normal 0.529239 0.115134 0.840625
    outer loop
      vertex 26.4501 7.76646 82.8249
      vertex 21.1525 6.21092 86.3732
      vertex 27.2862 3.92316 82.8249
    endloop
  endfacet
  facet normal 0.406785 -0.0884832 0.909229
    outer loop
      vertex 15.9117 -2.28776 89.0997
      vertex 15.4242 -4.52895 89.0997
      vertex 21.1525 -6.21092 86.3732
    endloop
  endfacet
  facet normal 0.406781 -0.0884891 0.90923
    outer loop
      vertex 21.8211 -3.13739 86.3732
      vertex 15.9117 -2.28776 89.0997
      vertex 21.1525 -6.21092 86.3732
    endloop
  endfacet
  facet normal 0.433592 -0.324571 0.840626
    outer loop
      vertex 23.1906 -14.9037 82.8249
      vertex 18.5458 -11.9187 86.3732
      vertex 20.8336 -18.0524 82.8249
    endloop
  endfacet
  facet normal 0.575586 -0.314304 0.754926
    outer loop
      vertex 25.0756 -11.4517 82.8249
      vertex 23.1906 -14.9037 82.8249
      vertex 27.3634 -17.5854 78.5269
    endloop
  endfacet
  facet normal -0.605672 0.453397 -0.653906
    outer loop
      vertex -27.3634 17.5854 13.4731
      vertex -30.9791 19.909 18.4332
      vertex -27.8304 24.1152 18.4332
    endloop
  endfacet
  facet normal -0.708863 0.264386 -0.653921
    outer loop
      vertex -29.5875 13.5122 13.4731
      vertex -32 9.39605 14.4241
      vertex -32 12.1949 15.5557
    endloop
  endfacet
  facet normal -0.708864 0.264387 -0.653921
    outer loop
      vertex -32 9.39605 14.4241
      vertex -29.5875 13.5122 13.4731
      vertex -31.2093 9.16389 13.4731
    endloop
  endfacet
  facet normal -0.029699 -0.415229 -0.909232
    outer loop
      vertex 0 -22.0455 5.62677
      vertex -3.13739 -21.8211 5.62677
      vertex -2.28776 -15.9117 2.90031
    endloop
  endfacet
  facet normal -0.115128 -0.52924 -0.840625
    outer loop
      vertex -3.92316 -27.2862 9.1751
      vertex -6.21092 -21.1525 5.62677
      vertex -3.13739 -21.8211 5.62677
    endloop
  endfacet
  facet normal -0.204003 -0.937753 -0.281073
    outer loop
      vertex -6.13372 -42.661 29.9246
      vertex -12.6635 -43.128 36.222
      vertex -12.1426 -41.3538 29.9246
    endloop
  endfacet
  facet normal -0.436137 -0.798708 -0.414547
    outer loop
      vertex -17.9043 -39.2049 29.9246
      vertex -23.3014 -36.2578 29.9246
      vertex -16.7716 -36.7248 23.9545
    endloop
  endfacet
  facet normal -0.89989 0.333518 -0.281005
    outer loop
      vertex -40.4297 18.4365 34.4782
      vertex -40.8868 18.6724 36.222
      vertex -40.3975 18.4489 34.3898
    endloop
  endfacet
  facet normal -0.898885 0.336141 -0.281096
    outer loop
      vertex -40.5771 18.4061 34.9132
      vertex -40.8868 18.6724 36.222
      vertex -40.4297 18.4365 34.4782
    endloop
  endfacet
  facet normal -0.899889 0.333667 -0.280831
    outer loop
      vertex -40.6336 18.4 35.087
      vertex -40.8868 18.6724 36.222
      vertex -40.5771 18.4061 34.9132
    endloop
  endfacet
  facet normal -0.899176 0.335375 -0.281081
    outer loop
      vertex -40.8868 18.6724 36.222
      vertex -40.6336 18.4 35.087
      vertex -40.9884 18.4 36.222
    endloop
  endfacet
  facet normal -0.333256 0.249479 -0.909231
    outer loop
      vertex -12.1489 10.5271 2.90031
      vertex -18.5458 11.9187 5.62677
      vertex -16.6608 14.4367 5.62677
    endloop
  endfacet
  facet normal -0.403468 0.7389 -0.539666
    outer loop
      vertex -15.2976 33.4971 18.4332
      vertex -19.909 30.9791 18.4332
      vertex -16.7716 36.7248 23.9545
    endloop
  endfacet
  facet normal -0.264394 0.708872 -0.653909
    outer loop
      vertex -13.5122 29.5875 13.4731
      vertex -15.2976 33.4971 18.4332
      vertex -10.3748 35.3332 18.4332
    endloop
  endfacet
  facet normal -0.294205 0.788798 -0.539667
    outer loop
      vertex -15.2976 33.4971 18.4332
      vertex -16.7716 36.7248 23.9545
      vertex -10.3748 35.3332 18.4332
    endloop
  endfacet
  facet normal -0.545357 0.728519 -0.414543
    outer loop
      vertex -21.8274 33.9641 23.9545
      vertex -28.2243 32.5726 29.9246
      vertex -23.3014 36.2578 29.9246
    endloop
  endfacet
  facet normal -0.318009 0.852656 -0.414546
    outer loop
      vertex -16.7716 36.7248 23.9545
      vertex -17.9043 39.2049 29.9246
      vertex -12.1426 41.3538 29.9246
    endloop
  endfacet
  facet normal 0.0539697 0.754644 -0.653911
    outer loop
      vertex 5.24073 36.4501 18.4332
      vertex 0 32.5269 13.4731
      vertex 0 36.8249 18.4332
    endloop
  endfacet
  facet normal 0.362586 0.66403 -0.653908
    outer loop
      vertex 19.909 30.9791 18.4332
      vertex 13.5122 29.5875 13.4731
      vertex 15.2976 33.4971 18.4332
    endloop
  endfacet
  facet normal -0.0600552 0.839736 -0.539664
    outer loop
      vertex -5.24073 36.4501 18.4332
      vertex -5.74571 39.9623 23.9545
      vertex 0 36.8249 18.4332
    endloop
  endfacet
  facet normal -0.178959 0.82264 -0.539664
    outer loop
      vertex -5.24073 36.4501 18.4332
      vertex -11.3745 38.7378 23.9545
      vertex -5.74571 39.9623 23.9545
    endloop
  endfacet
  facet normal 0.0600552 0.839736 -0.539664
    outer loop
      vertex 5.24073 36.4501 18.4332
      vertex 0 36.8249 18.4332
      vertex 5.74571 39.9623 23.9545
    endloop
  endfacet
  facet normal 0.0600531 0.839737 -0.539662
    outer loop
      vertex 5.74571 39.9623 23.9545
      vertex 0 36.8249 18.4332
      vertex 0 40.3732 23.9545
    endloop
  endfacet
  facet normal -0.203994 0.937758 -0.281063
    outer loop
      vertex -6.13372 42.661 29.9246
      vertex -12.6635 43.128 36.222
      vertex -6.39687 44.4912 36.222
    endloop
  endfacet
  facet normal -0.193446 0.889235 -0.414536
    outer loop
      vertex -11.3745 38.7378 23.9545
      vertex -12.1426 41.3538 29.9246
      vertex -5.74571 39.9623 23.9545
    endloop
  endfacet
  facet normal 0.210418 0.967248 -0.141969
    outer loop
      vertex 12.9267 44.0242 42.7184
      vertex 6.39687 44.4912 36.222
      vertex 6.5298 45.4158 42.7184
    endloop
  endfacet
  facet normal 0.0706137 0.987351 -0.141953
    outer loop
      vertex 6.5298 45.4158 42.7184
      vertex 0 44.9488 36.222
      vertex 0 45.8828 42.7184
    endloop
  endfacet
  facet normal 0.504516 0.673964 -0.539664
    outer loop
      vertex 26.4388 30.5121 23.9545
      vertex 19.909 30.9791 18.4332
      vertex 21.8274 33.9641 23.9545
    endloop
  endfacet
  facet normal 0.45993 0.8423 -0.281058
    outer loop
      vertex 24.3011 37.8133 36.222
      vertex 17.9043 39.2049 29.9246
      vertex 18.6724 40.8868 36.222
    endloop
  endfacet
  facet normal 0.436134 0.798712 -0.414544
    outer loop
      vertex 21.8274 33.9641 23.9545
      vertex 16.7716 36.7248 23.9545
      vertex 23.3014 36.2578 29.9246
    endloop
  endfacet
  facet normal 0.362583 0.664033 -0.653907
    outer loop
      vertex 17.5854 27.3634 13.4731
      vertex 13.5122 29.5875 13.4731
      vertex 19.909 30.9791 18.4332
    endloop
  endfacet
  facet normal 0.406776 0.088488 -0.909232
    outer loop
      vertex 21.8211 3.13739 5.62677
      vertex 15.9117 2.28776 2.90031
      vertex 21.1525 6.21092 5.62677
    endloop
  endfacet
  facet normal 0.142307 0.0101774 -0.98977
    outer loop
      vertex 3.2816 0 0.117202
      vertex 3.2482 0.46702 0.117202
      vertex 9.778 0 1.05124
    endloop
  endfacet
  facet normal 0.324573 0.433595 -0.840624
    outer loop
      vertex 18.0524 20.8336 9.1751
      vertex 11.9187 18.5458 5.62677
      vertex 14.9037 23.1906 9.1751
    endloop
  endfacet
  facet normal 0.534977 0.534977 -0.65391
    outer loop
      vertex 24.5822 21.3006 13.4731
      vertex 24.1152 27.8304 18.4332
      vertex 27.8304 24.1152 18.4332
    endloop
  endfacet
  facet normal 0.534977 0.534977 -0.65391
    outer loop
      vertex 24.1152 27.8304 18.4332
      vertex 24.5822 21.3006 13.4731
      vertex 21.3006 24.5822 13.4731
    endloop
  endfacet
  facet normal 0.0600287 0.27594 -0.959298
    outer loop
      vertex 2.75478 9.38192 1.05124
      vertex 1.39155 9.67848 1.05124
      vertex 4.52895 15.4242 2.90031
    endloop
  endfacet
  facet normal 0.0600228 0.275943 -0.959298
    outer loop
      vertex 4.52895 15.4242 2.90031
      vertex 1.39155 9.67848 1.05124
      vertex 2.28776 15.9117 2.90031
    endloop
  endfacet
  facet normal -0.365362 0.199519 -0.909232
    outer loop
      vertex -14.6227 6.67794 2.90031
      vertex -18.5458 11.9187 5.62677
      vertex -13.5234 8.69099 2.90031
    endloop
  endfacet
  facet normal -0.22607 0.169235 -0.959298
    outer loop
      vertex -8.22578 5.28639 1.05124
      vertex -13.5234 8.69099 2.90031
      vertex -12.1489 10.5271 2.90031
    endloop
  endfacet
  facet normal -0.362583 0.664033 -0.653907
    outer loop
      vertex -17.5854 27.3634 13.4731
      vertex -19.909 30.9791 18.4332
      vertex -13.5122 29.5875 13.4731
    endloop
  endfacet
  facet normal -0.25956 0.475365 -0.840628
    outer loop
      vertex -9.15801 20.0532 5.62677
      vertex -11.9187 18.5458 5.62677
      vertex -11.4517 25.0756 9.1751
    endloop
  endfacet
  facet normal -0.26459 0.098683 -0.959299
    outer loop
      vertex -8.89438 4.06193 1.05124
      vertex -15.4242 4.52895 2.90031
      vertex -14.6227 6.67794 2.90031
    endloop
  endfacet
  facet normal 0 0 -1
    outer loop
      vertex 3.2482 -0.46702 0.117202
      vertex 3.2482 0.46702 0.117202
      vertex 3.2816 0 0.117202
    endloop
  endfacet
  facet normal 0 0 -1
    outer loop
      vertex 3.14867 -0.924534 0.117202
      vertex 3.2482 0.46702 0.117202
      vertex 3.2482 -0.46702 0.117202
    endloop
  endfacet
  facet normal 0 0 -1
    outer loop
      vertex 3.14867 -0.924534 0.117202
      vertex 3.14867 0.924534 0.117202
      vertex 3.2482 0.46702 0.117202
    endloop
  endfacet
  facet normal 0 0 -1
    outer loop
      vertex 2.98505 -1.36323 0.117202
      vertex 3.14867 0.924534 0.117202
      vertex 3.14867 -0.924534 0.117202
    endloop
  endfacet
  facet normal 0 0 -1
    outer loop
      vertex 2.98505 -1.36323 0.117202
      vertex 2.98505 1.36323 0.117202
      vertex 3.14867 0.924534 0.117202
    endloop
  endfacet
  facet normal 0 0 -1
    outer loop
      vertex 2.76066 -1.77417 0.117202
      vertex 2.98505 1.36323 0.117202
      vertex 2.98505 -1.36323 0.117202
    endloop
  endfacet
  facet normal 0 0 -1
    outer loop
      vertex 2.76066 -1.77417 0.117202
      vertex 2.76066 1.77417 0.117202
      vertex 2.98505 1.36323 0.117202
    endloop
  endfacet
  facet normal 0 0 -1
    outer loop
      vertex 2.48007 -2.14899 0.117202
      vertex 2.76066 1.77417 0.117202
      vertex 2.76066 -1.77417 0.117202
    endloop
  endfacet
  facet normal 0 0 -1
    outer loop
      vertex 2.48007 -2.14899 0.117202
      vertex 2.48007 2.14899 0.117202
      vertex 2.76066 1.77417 0.117202
    endloop
  endfacet
  facet normal 0 0 -1
    outer loop
      vertex 2.14899 -2.48007 0.117202
      vertex 2.48007 2.14899 0.117202
      vertex 2.48007 -2.14899 0.117202
    endloop
  endfacet
  facet normal 0 0 -1
    outer loop
      vertex 2.14899 -2.48007 0.117202
      vertex 2.14899 2.48007 0.117202
      vertex 2.48007 2.14899 0.117202
    endloop
  endfacet
  facet normal 0 0 -1
    outer loop
      vertex 1.77417 -2.76066 0.117202
      vertex 2.14899 2.48007 0.117202
      vertex 2.14899 -2.48007 0.117202
    endloop
  endfacet
  facet normal 0 0 -1
    outer loop
      vertex 1.77417 -2.76066 0.117202
      vertex 1.77417 2.76066 0.117202
      vertex 2.14899 2.48007 0.117202
    endloop
  endfacet
  facet normal 0 0 -1
    outer loop
      vertex 1.36323 -2.98505 0.117202
      vertex 1.77417 2.76066 0.117202
      vertex 1.77417 -2.76066 0.117202
    endloop
  endfacet
  facet normal 0 0 -1
    outer loop
      vertex 1.36323 -2.98505 0.117202
      vertex 1.36323 2.98505 0.117202
      vertex 1.77417 2.76066 0.117202
    endloop
  endfacet
  facet normal 0 0 -1
    outer loop
      vertex 0.924534 -3.14867 0.117202
      vertex 1.36323 2.98505 0.117202
      vertex 1.36323 -2.98505 0.117202
    endloop
  endfacet
  facet normal 0 0 -1
    outer loop
      vertex 0.924534 -3.14867 0.117202
      vertex 0.924534 3.14867 0.117202
      vertex 1.36323 2.98505 0.117202
    endloop
  endfacet
  facet normal 0 0 -1
    outer loop
      vertex 0.46702 -3.2482 0.117202
      vertex 0.924534 3.14867 0.117202
      vertex 0.924534 -3.14867 0.117202
    endloop
  endfacet
  facet normal 0 0 -1
    outer loop
      vertex 0.46702 -3.2482 0.117202
      vertex 0.46702 3.2482 0.117202
      vertex 0.924534 3.14867 0.117202
    endloop
  endfacet
  facet normal 0 0 -1
    outer loop
      vertex 0 -3.2816 0.117202
      vertex 0.46702 3.2482 0.117202
      vertex 0.46702 -3.2482 0.117202
    endloop
  endfacet
  facet normal 0 0 -1
    outer loop
      vertex 0 -3.2816 0.117202
      vertex 0 3.2816 0.117202
      vertex 0.46702 3.2482 0.117202
    endloop
  endfacet
  facet normal 0 0 -1
    outer loop
      vertex -0.46702 -3.2482 0.117202
      vertex 0 3.2816 0.117202
      vertex 0 -3.2816 0.117202
    endloop
  endfacet
  facet normal 0 0 -1
    outer loop
      vertex -0.46702 -3.2482 0.117202
      vertex -0.46702 3.2482 0.117202
      vertex 0 3.2816 0.117202
    endloop
  endfacet
  facet normal 0 0 -1
    outer loop
      vertex -0.924534 -3.14867 0.117202
      vertex -0.46702 3.2482 0.117202
      vertex -0.46702 -3.2482 0.117202
    endloop
  endfacet
  facet normal 0 0 -1
    outer loop
      vertex -0.924534 -3.14867 0.117202
      vertex -0.924534 3.14867 0.117202
      vertex -0.46702 3.2482 0.117202
    endloop
  endfacet
  facet normal 0 0 -1
    outer loop
      vertex -1.36323 -2.98505 0.117202
      vertex -0.924534 3.14867 0.117202
      vertex -0.924534 -3.14867 0.117202
    endloop
  endfacet
  facet normal 0 0 -1
    outer loop
      vertex -1.36323 -2.98505 0.117202
      vertex -1.36323 2.98505 0.117202
      vertex -0.924534 3.14867 0.117202
    endloop
  endfacet
  facet normal 0 0 -1
    outer loop
      vertex -1.77417 -2.76066 0.117202
      vertex -1.36323 2.98505 0.117202
      vertex -1.36323 -2.98505 0.117202
    endloop
  endfacet
  facet normal 0 0 -1
    outer loop
      vertex -1.77417 -2.76066 0.117202
      vertex -1.77417 2.76066 0.117202
      vertex -1.36323 2.98505 0.117202
    endloop
  endfacet
  facet normal 0 0 -1
    outer loop
      vertex -2.14899 -2.48007 0.117202
      vertex -1.77417 2.76066 0.117202
      vertex -1.77417 -2.76066 0.117202
    endloop
  endfacet
  facet normal 0 0 -1
    outer loop
      vertex -2.14899 -2.48007 0.117202
      vertex -2.14899 2.48007 0.117202
      vertex -1.77417 2.76066 0.117202
    endloop
  endfacet
  facet normal 0 0 -1
    outer loop
      vertex -2.48007 -2.14899 0.117202
      vertex -2.14899 2.48007 0.117202
      vertex -2.14899 -2.48007 0.117202
    endloop
  endfacet
  facet normal 0 0 -1
    outer loop
      vertex -2.48007 -2.14899 0.117202
      vertex -2.48007 2.14899 0.117202
      vertex -2.14899 2.48007 0.117202
    endloop
  endfacet
  facet normal 0 0 -1
    outer loop
      vertex -2.76066 -1.77417 0.117202
      vertex -2.48007 2.14899 0.117202
      vertex -2.48007 -2.14899 0.117202
    endloop
  endfacet
  facet normal 0 0 -1
    outer loop
      vertex -2.76066 -1.77417 0.117202
      vertex -2.76066 1.77417 0.117202
      vertex -2.48007 2.14899 0.117202
    endloop
  endfacet
  facet normal 0 0 -1
    outer loop
      vertex -2.98505 -1.36323 0.117202
      vertex -2.76066 1.77417 0.117202
      vertex -2.76066 -1.77417 0.117202
    endloop
  endfacet
  facet normal 0 0 -1
    outer loop
      vertex -2.98505 -1.36323 0.117202
      vertex -2.98505 1.36323 0.117202
      vertex -2.76066 1.77417 0.117202
    endloop
  endfacet
  facet normal 0 0 -1
    outer loop
      vertex -3.14867 -0.924534 0.117202
      vertex -2.98505 1.36323 0.117202
      vertex -2.98505 -1.36323 0.117202
    endloop
  endfacet
  facet normal 0 0 -1
    outer loop
      vertex -3.14867 -0.924534 0.117202
      vertex -3.14867 0.924534 0.117202
      vertex -2.98505 1.36323 0.117202
    endloop
  endfacet
  facet normal 0 0 -1
    outer loop
      vertex -3.2482 -0.46702 0.117202
      vertex -3.14867 0.924534 0.117202
      vertex -3.14867 -0.924534 0.117202
    endloop
  endfacet
  facet normal 0 0 -1
    outer loop
      vertex -3.2482 -0.46702 0.117202
      vertex -3.2482 0.46702 0.117202
      vertex -3.14867 0.924534 0.117202
    endloop
  endfacet
  facet normal 0 -0 -1
    outer loop
      vertex -3.2482 0.46702 0.117202
      vertex -3.2482 -0.46702 0.117202
      vertex -3.2816 0 0.117202
    endloop
  endfacet
  facet normal -0.247851 0.135336 -0.959299
    outer loop
      vertex -8.89438 4.06193 1.05124
      vertex -14.6227 6.67794 2.90031
      vertex -8.22578 5.28639 1.05124
    endloop
  endfacet
  facet normal 0.453401 0.605664 -0.65391
    outer loop
      vertex 21.3006 24.5822 13.4731
      vertex 17.5854 27.3634 13.4731
      vertex 24.1152 27.8304 18.4332
    endloop
  endfacet
  facet normal 0.525009 0.393003 -0.754927
    outer loop
      vertex 23.1906 14.9037 9.1751
      vertex 20.8336 18.0524 9.1751
      vertex 27.3634 17.5854 13.4731
    endloop
  endfacet
  facet normal -0.0683743 0.125219 -0.98977
    outer loop
      vertex -1.36323 2.98505 0.117202
      vertex -5.28639 8.22578 1.05124
      vertex -4.06193 8.89438 1.05124
    endloop
  endfacet
  facet normal -0.029699 0.415229 -0.909232
    outer loop
      vertex -2.28776 15.9117 2.90031
      vertex -3.13739 21.8211 5.62677
      vertex 0 22.0455 5.62677
    endloop
  endfacet
  facet normal 0.0884821 0.40678 -0.909231
    outer loop
      vertex 4.52895 15.4242 2.90031
      vertex 2.28776 15.9117 2.90031
      vertex 6.21092 21.1525 5.62677
    endloop
  endfacet
  facet normal -0.0201552 0.281676 -0.959298
    outer loop
      vertex -1.39155 9.67848 1.05124
      vertex -2.28776 15.9117 2.90031
      vertex 0 16.0754 2.90031
    endloop
  endfacet
  facet normal -0.0297118 0.415232 -0.90923
    outer loop
      vertex 0 16.0754 2.90031
      vertex -2.28776 15.9117 2.90031
      vertex 0 22.0455 5.62677
    endloop
  endfacet
  facet normal -0.145474 0.390046 -0.909231
    outer loop
      vertex -4.52895 15.4242 2.90031
      vertex -6.67794 14.6227 2.90031
      vertex -6.21092 21.1525 5.62677
    endloop
  endfacet
  facet normal -0.098683 0.26459 -0.959299
    outer loop
      vertex -4.06193 8.89438 1.05124
      vertex -6.67794 14.6227 2.90031
      vertex -4.52895 15.4242 2.90031
    endloop
  endfacet
  facet normal -0.229181 0.614469 -0.75492
    outer loop
      vertex -7.76646 26.4501 9.1751
      vertex -11.4517 25.0756 9.1751
      vertex -9.16389 31.2093 13.4731
    endloop
  endfacet
  facet normal -0.0467889 0.654148 -0.754918
    outer loop
      vertex -3.92316 27.2862 9.1751
      vertex -4.62906 32.1958 13.4731
      vertex 0 32.5269 13.4731
    endloop
  endfacet
  facet normal -0.160828 0.73928 -0.653911
    outer loop
      vertex -9.16389 31.2093 13.4731
      vertex -10.3748 35.3332 18.4332
      vertex -5.24073 36.4501 18.4332
    endloop
  endfacet
  facet normal -0.160821 0.739278 -0.653914
    outer loop
      vertex -4.62906 32.1958 13.4731
      vertex -9.16389 31.2093 13.4731
      vertex -5.24073 36.4501 18.4332
    endloop
  endfacet
  facet normal 0.0884832 -0.406785 0.909229
    outer loop
      vertex 4.52895 -15.4242 89.0997
      vertex 2.28776 -15.9117 89.0997
      vertex 6.21092 -21.1525 86.3732
    endloop
  endfacet
  facet normal 0.314304 -0.575586 0.754926
    outer loop
      vertex 14.9037 -23.1906 82.8249
      vertex 11.4517 -25.0756 82.8249
      vertex 17.5854 -27.3634 78.5269
    endloop
  endfacet
  facet normal 0.728518 0.545362 0.414537
    outer loop
      vertex 32 27.7282 63.7343
      vertex 30.5121 26.4388 68.0455
      vertex 32 24.4512 68.0455
    endloop
  endfacet
  facet normal 0.453401 0.605664 0.65391
    outer loop
      vertex 24.1152 27.8304 73.5668
      vertex 17.5854 27.3634 78.5269
      vertex 21.3006 24.5822 78.5269
    endloop
  endfacet
  facet normal 0.39302 0.525006 0.75492
    outer loop
      vertex 21.3006 24.5822 78.5269
      vertex 17.5854 27.3634 78.5269
      vertex 18.0524 20.8336 82.8249
    endloop
  endfacet
  facet normal 0.45993 0.8423 0.281058
    outer loop
      vertex 18.6724 40.8868 55.778
      vertex 17.9043 39.2049 62.0754
      vertex 24.3011 37.8133 55.778
    endloop
  endfacet
  facet normal 0.335377 0.899182 0.281058
    outer loop
      vertex 18.6724 40.8868 55.778
      vertex 12.6635 43.128 55.778
      vertex 17.9043 39.2049 62.0754
    endloop
  endfacet
  facet normal 0.0679502 0.957151 0.281505
    outer loop
      vertex 6.13372 42.661 62.0754
      vertex 4.05246 43.4727 59.8179
      vertex 3.99165 43.4599 59.8761
    endloop
  endfacet
  facet normal 0.0684138 0.957235 0.281108
    outer loop
      vertex 6.13372 42.661 62.0754
      vertex 4.24126 43.5782 59.4127
      vertex 4.05246 43.4727 59.8179
    endloop
  endfacet
  facet normal 0.0684759 0.957242 0.281066
    outer loop
      vertex 6.13372 42.661 62.0754
      vertex 4.89236 43.9419 58.0154
      vertex 4.24126 43.5782 59.4127
    endloop
  endfacet
  facet normal 0.0684857 0.957242 0.281063
    outer loop
      vertex 6.39687 44.4912 55.778
      vertex 4.89236 43.9419 58.0154
      vertex 6.13372 42.661 62.0754
    endloop
  endfacet
  facet normal 0.0684761 0.957245 0.281057
    outer loop
      vertex 4.89236 43.9419 58.0154
      vertex 6.39687 44.4912 55.778
      vertex 4.90393 44 57.8147
    endloop
  endfacet
  facet normal 0.0684791 0.957244 0.281059
    outer loop
      vertex 4.90393 44 57.8147
      vertex 6.39687 44.4912 55.778
      vertex 4.80023 44.5213 56.0645
    endloop
  endfacet
  facet normal 0.0685046 0.957199 0.281206
    outer loop
      vertex 4.80023 44.5213 56.0645
      vertex 6.39687 44.4912 55.778
      vertex 4.66285 44.6153 55.778
    endloop
  endfacet
  facet normal 0.203994 0.937758 0.281063
    outer loop
      vertex 6.39687 44.4912 55.778
      vertex 6.13372 42.661 62.0754
      vertex 12.6635 43.128 55.778
    endloop
  endfacet
  facet normal -0.193448 0.889233 0.414538
    outer loop
      vertex -6.13372 42.661 62.0754
      vertex -12.1426 41.3538 62.0754
      vertex -5.74571 39.9623 68.0455
    endloop
  endfacet
  facet normal -0.0683715 0.125214 0.989771
    outer loop
      vertex -4.06193 8.89438 90.9488
      vertex -5.28639 8.22578 90.9488
      vertex -1.36323 2.98505 91.8828
    endloop
  endfacet
  facet normal 0.314295 0.575598 0.75492
    outer loop
      vertex 13.5122 29.5875 78.5269
      vertex 11.4517 25.0756 82.8249
      vertex 17.5854 27.3634 78.5269
    endloop
  endfacet
  facet normal 0.264389 0.708871 0.653911
    outer loop
      vertex 10.3748 35.3332 73.5668
      vertex 9.16389 31.2093 78.5269
      vertex 13.5122 29.5875 78.5269
    endloop
  endfacet
  facet normal 0.664033 0.362583 0.653907
    outer loop
      vertex 30.9791 19.909 73.5668
      vertex 27.3634 17.5854 78.5269
      vertex 29.5875 13.5122 78.5269
    endloop
  endfacet
  facet normal 0.614469 0.229181 0.75492
    outer loop
      vertex 31.2093 9.16389 78.5269
      vertex 25.0756 11.4517 82.8249
      vertex 26.4501 7.76646 82.8249
    endloop
  endfacet
  facet normal 0.768501 0.574813 0.281063
    outer loop
      vertex 32.6353 28.1773 62
      vertex 33.97 29.4352 55.778
      vertex 32.5893 28.2388 62
    endloop
  endfacet
  facet normal 0.768271 0.575115 0.281075
    outer loop
      vertex 33.97 29.4352 55.778
      vertex 32.6353 28.1773 62
      vertex 37.8133 24.3011 55.778
    endloop
  endfacet
  facet normal 0.877678 0.47925 0
    outer loop
      vertex 41.7365 19.0604 49.2816
      vertex 38.5991 24.8061 42.7184
      vertex 38.5991 24.8061 49.2816
    endloop
  endfacet
  facet normal 0.877678 0.47925 0
    outer loop
      vertex 38.5991 24.8061 42.7184
      vertex 41.7365 19.0604 49.2816
      vertex 41.7365 19.0604 42.7184
    endloop
  endfacet
  facet normal 0.800537 0.599284 0
    outer loop
      vertex 38.5991 24.8061 49.2816
      vertex 34.6759 30.0468 42.7184
      vertex 34.6759 30.0468 49.2816
    endloop
  endfacet
  facet normal 0.800537 0.599284 0
    outer loop
      vertex 34.6759 30.0468 42.7184
      vertex 38.5991 24.8061 49.2816
      vertex 38.5991 24.8061 42.7184
    endloop
  endfacet
  facet normal 0.575116 0.768273 0.281067
    outer loop
      vertex 29.4352 33.97 55.778
      vertex 24.3011 37.8133 55.778
      vertex 28.2243 32.5726 62.0754
    endloop
  endfacet
  facet normal 0.204003 0.937753 -0.281073
    outer loop
      vertex 12.1426 41.3538 29.9246
      vertex 6.13372 42.661 29.9246
      vertex 12.6635 43.128 36.222
    endloop
  endfacet
  facet normal 0.335362 0.899183 -0.281072
    outer loop
      vertex 17.9043 39.2049 29.9246
      vertex 12.1426 41.3538 29.9246
      vertex 12.6635 43.128 36.222
    endloop
  endfacet
  facet normal -0.0686265 0.957254 0.280989
    outer loop
      vertex -0.390565 43.1103 61.9439
      vertex 0 43.0997 62.0754
      vertex 0 43.1383 61.9439
    endloop
  endfacet
  facet normal -0.0681058 0.957733 0.279481
    outer loop
      vertex -0.890847 43.1091 61.8261
      vertex 0 43.0997 62.0754
      vertex -0.390565 43.1103 61.9439
    endloop
  endfacet
  facet normal -0.0684708 0.95733 0.28077
    outer loop
      vertex 0 43.0997 62.0754
      vertex -0.890847 43.1091 61.8261
      vertex -6.13372 42.661 62.0754
    endloop
  endfacet
  facet normal -0.0684111 0.957091 0.281596
    outer loop
      vertex -1.24012 43.1195 61.7059
      vertex -6.13372 42.661 62.0754
      vertex -0.890847 43.1091 61.8261
    endloop
  endfacet
  facet normal -0.0684751 0.95727 0.280971
    outer loop
      vertex -2.0668 43.1439 61.4213
      vertex -6.13372 42.661 62.0754
      vertex -1.24012 43.1195 61.7059
    endloop
  endfacet
  facet normal -0.0683439 0.957081 0.281647
    outer loop
      vertex -2.24374 43.1526 61.3488
      vertex -6.13372 42.661 62.0754
      vertex -2.0668 43.1439 61.4213
    endloop
  endfacet
  facet normal -0.0685427 0.95733 0.280751
    outer loop
      vertex -2.61288 43.1706 61.1973
      vertex -6.13372 42.661 62.0754
      vertex -2.24374 43.1526 61.3488
    endloop
  endfacet
  facet normal -0.0684292 0.957223 0.281144
    outer loop
      vertex -3.24359 43.303 60.593
      vertex -6.13372 42.661 62.0754
      vertex -2.61288 43.1706 61.1973
    endloop
  endfacet
  facet normal -0.0685133 0.95726 0.280996
    outer loop
      vertex -6.13372 42.661 62.0754
      vertex -3.24359 43.303 60.593
      vertex -3.99165 43.4599 59.8761
    endloop
  endfacet
  facet normal -0.0649219 0.90771 0.414545
    outer loop
      vertex 0 43.0997 62.0754
      vertex -6.13372 42.661 62.0754
      vertex 0 40.3732 68.0455
    endloop
  endfacet
  facet normal -0.593205 0.792437 0.141953
    outer loop
      vertex -24.3011 37.8133 55.778
      vertex -30.0468 34.6759 49.2816
      vertex -29.4352 33.97 55.778
    endloop
  endfacet
  facet normal -0.22918 0.614469 0.75492
    outer loop
      vertex -9.16389 31.2093 78.5269
      vertex -13.5122 29.5875 78.5269
      vertex -11.4517 25.0756 82.8249
    endloop
  endfacet
  facet normal -0.345924 0.927461 0.141961
    outer loop
      vertex -12.9267 44.0242 49.2816
      vertex -18.6724 40.8868 55.778
      vertex -12.6635 43.128 55.778
    endloop
  endfacet
  facet normal -0.335377 0.899182 -0.281058
    outer loop
      vertex -17.9043 39.2049 29.9246
      vertex -18.6724 40.8868 36.222
      vertex -12.6635 43.128 36.222
    endloop
  endfacet
  facet normal -0.345918 0.927462 -0.141968
    outer loop
      vertex -18.6724 40.8868 36.222
      vertex -19.0604 41.7365 42.7184
      vertex -12.9267 44.0242 42.7184
    endloop
  endfacet
  facet normal 0.47925 0.877678 -0
    outer loop
      vertex 24.8061 38.5991 42.7184
      vertex 19.0604 41.7365 49.2816
      vertex 24.8061 38.5991 49.2816
    endloop
  endfacet
  facet normal 0.47925 0.877678 0
    outer loop
      vertex 19.0604 41.7365 49.2816
      vertex 24.8061 38.5991 42.7184
      vertex 19.0604 41.7365 42.7184
    endloop
  endfacet
  facet normal -0.382976 -0.382976 0.84063
    outer loop
      vertex -16.6608 -14.4367 86.3732
      vertex -18.0524 -20.8336 82.8249
      vertex -14.4367 -16.6608 86.3732
    endloop
  endfacet
  facet normal -0.382976 -0.382976 0.84063
    outer loop
      vertex -18.0524 -20.8336 82.8249
      vertex -16.6608 -14.4367 86.3732
      vertex -20.8336 -18.0524 82.8249
    endloop
  endfacet
  facet normal -0.264594 -0.0986844 0.959297
    outer loop
      vertex -8.89438 -4.06193 90.9488
      vertex -15.4242 -4.52895 89.0997
      vertex -14.6227 -6.67794 89.0997
    endloop
  endfacet
  facet normal -0.199522 -0.365366 0.90923
    outer loop
      vertex -8.69099 -13.5234 89.0997
      vertex -11.9187 -18.5458 86.3732
      vertex -6.67794 -14.6227 89.0997
    endloop
  endfacet
  facet normal -0.259576 -0.475361 0.840626
    outer loop
      vertex -11.9187 -18.5458 86.3732
      vertex -14.9037 -23.1906 82.8249
      vertex -11.4517 -25.0756 82.8249
    endloop
  endfacet
  facet normal -0.433576 -0.32458 0.840631
    outer loop
      vertex -18.5458 -11.9187 86.3732
      vertex -20.8336 -18.0524 82.8249
      vertex -16.6608 -14.4367 86.3732
    endloop
  endfacet
  facet normal -0.545357 -0.728519 0.414543
    outer loop
      vertex -21.8274 -33.9641 68.0455
      vertex -28.2243 -32.5726 62.0754
      vertex -23.3014 -36.2578 62.0754
    endloop
  endfacet
  facet normal 0.0600552 -0.839736 0.539664
    outer loop
      vertex 5.24073 -36.4501 73.5668
      vertex 0 -36.8249 73.5668
      vertex 5.74571 -39.9623 68.0455
    endloop
  endfacet
  facet normal -0.229181 -0.614469 0.75492
    outer loop
      vertex -7.76646 -26.4501 82.8249
      vertex -11.4517 -25.0756 82.8249
      vertex -9.16389 -31.2093 78.5269
    endloop
  endfacet
  facet normal -0.314304 -0.575586 0.754926
    outer loop
      vertex -14.9037 -23.1906 82.8249
      vertex -17.5854 -27.3634 78.5269
      vertex -11.4517 -25.0756 82.8249
    endloop
  endfacet
  facet normal 0.249477 -0.333262 0.909229
    outer loop
      vertex 10.5271 -12.1489 89.0997
      vertex 8.69099 -13.5234 89.0997
      vertex 11.9187 -18.5458 86.3732
    endloop
  endfacet
  facet normal 0.0683719 -0.125214 0.989771
    outer loop
      vertex 1.77417 -2.76066 91.8828
      vertex 1.36323 -2.98505 91.8828
      vertex 5.28639 -8.22578 90.9488
    endloop
  endfacet
  facet normal 0.22918 -0.614469 0.75492
    outer loop
      vertex 11.4517 -25.0756 82.8249
      vertex 9.16389 -31.2093 78.5269
      vertex 13.5122 -29.5875 78.5269
    endloop
  endfacet
  facet normal -0.0539767 -0.75464 0.653915
    outer loop
      vertex -4.62906 -32.1958 78.5269
      vertex -5.24073 -36.4501 73.5668
      vertex 0 -32.5269 78.5269
    endloop
  endfacet
  facet normal -0.139406 -0.640832 0.754917
    outer loop
      vertex -3.92316 -27.2862 82.8249
      vertex -9.16389 -31.2093 78.5269
      vertex -4.62906 -32.1958 78.5269
    endloop
  endfacet
  facet normal 0.0649219 -0.90771 0.414545
    outer loop
      vertex 0 -40.3732 68.0455
      vertex 0 -43.0997 62.0754
      vertex 6.13372 -42.661 62.0754
    endloop
  endfacet
  facet normal -0.575586 -0.314304 0.754926
    outer loop
      vertex -25.0756 -11.4517 82.8249
      vertex -27.3634 -17.5854 78.5269
      vertex -23.1906 -14.9037 82.8249
    endloop
  endfacet
  facet normal -0.614469 -0.22918 0.75492
    outer loop
      vertex -25.0756 -11.4517 82.8249
      vertex -31.2093 -9.16389 78.5269
      vertex -29.5875 -13.5122 78.5269
    endloop
  endfacet
  facet normal -0.739264 -0.160854 0.653922
    outer loop
      vertex -32 -8.57201 77.7786
      vertex -32 -9.39605 77.5759
      vertex -31.2093 -9.16389 78.5269
    endloop
  endfacet
  facet normal -0.605672 -0.453397 0.653906
    outer loop
      vertex -27.3634 -17.5854 78.5269
      vertex -30.9791 -19.909 73.5668
      vertex -27.8304 -24.1152 73.5668
    endloop
  endfacet
  facet normal -0.365383 0.199507 0.909226
    outer loop
      vertex -18.5458 11.9187 86.3732
      vertex -20.0532 9.15801 86.3732
      vertex -14.6227 6.67794 89.0997
    endloop
  endfacet
  facet normal -0.664027 0.362586 0.653911
    outer loop
      vertex -29.5875 13.5122 78.5269
      vertex -32 18.0394 73.5668
      vertex -32 14.6139 75.4662
    endloop
  endfacet
  facet normal -0.664022 0.362591 0.653913
    outer loop
      vertex -32 18.0394 73.5668
      vertex -29.5875 13.5122 78.5269
      vertex -30.9791 19.909 73.5668
    endloop
  endfacet
  facet normal -0.699946 -0.699946 -0.141952
    outer loop
      vertex -29.4352 -33.97 36.222
      vertex -34.6759 -30.0468 42.7184
      vertex -33.97 -29.4352 36.222
    endloop
  endfacet
  facet normal -0.699946 -0.699946 -0.141952
    outer loop
      vertex -34.6759 -30.0468 42.7184
      vertex -29.4352 -33.97 36.222
      vertex -30.0468 -34.6759 42.7184
    endloop
  endfacet
  facet normal -0.707107 -0.707107 0
    outer loop
      vertex -30.0468 -34.6759 42.7184
      vertex -34.6759 -30.0468 49.2816
      vertex -34.6759 -30.0468 42.7184
    endloop
  endfacet
  facet normal -0.707107 -0.707107 0
    outer loop
      vertex -34.6759 -30.0468 49.2816
      vertex -30.0468 -34.6759 42.7184
      vertex -30.0468 -34.6759 49.2816
    endloop
  endfacet
  facet normal -0.593214 -0.792429 -0.141965
    outer loop
      vertex -24.8061 -38.5991 42.7184
      vertex -30.0468 -34.6759 42.7184
      vertex -24.3011 -37.8133 36.222
    endloop
  endfacet
  facet normal -0.474395 -0.868789 -0.141967
    outer loop
      vertex -19.0604 -41.7365 42.7184
      vertex -24.3011 -37.8133 36.222
      vertex -18.6724 -40.8868 36.222
    endloop
  endfacet
  facet normal -0.728518 -0.545362 -0.414537
    outer loop
      vertex -30.5121 -26.4388 23.9545
      vertex -32 -27.7282 28.2657
      vertex -32 -24.4512 23.9545
    endloop
  endfacet
  facet normal -0.842338 -0.459884 -0.281023
    outer loop
      vertex -37.8133 -24.3011 36.222
      vertex -38.701 -19.8099 31.5331
      vertex -38.4835 -20.0604 31.2911
    endloop
  endfacet
  facet normal -0.842282 -0.459948 -0.281085
    outer loop
      vertex -37.8133 -24.3011 36.222
      vertex -38.4835 -20.0604 31.2911
      vertex -38.263 -20.3273 31.0671
    endloop
  endfacet
  facet normal -0.842228 -0.460013 -0.281141
    outer loop
      vertex -37.8133 -24.3011 36.222
      vertex -38.263 -20.3273 31.0671
      vertex -38.0407 -20.6092 30.8624
    endloop
  endfacet
  facet normal -0.842361 -0.459844 -0.281018
    outer loop
      vertex -37.8133 -24.3011 36.222
      vertex -38.0407 -20.6092 30.8624
      vertex -37.818 -20.9044 30.6779
    endloop
  endfacet
  facet normal -0.842294 -0.459933 -0.281073
    outer loop
      vertex -37.8133 -24.3011 36.222
      vertex -37.818 -20.9044 30.6779
      vertex -37.5953 -21.2122 30.5142
    endloop
  endfacet
  facet normal -0.842286 -0.459945 -0.281079
    outer loop
      vertex -37.8133 -24.3011 36.222
      vertex -37.5953 -21.2122 30.5142
      vertex -37.3742 -21.5305 30.3725
    endloop
  endfacet
  facet normal -0.842355 -0.459843 -0.281036
    outer loop
      vertex -37.8133 -24.3011 36.222
      vertex -37.3742 -21.5305 30.3725
      vertex -37.1559 -21.8576 30.2534
    endloop
  endfacet
  facet normal -0.842312 -0.459909 -0.281058
    outer loop
      vertex -37.8133 -24.3011 36.222
      vertex -37.1559 -21.8576 30.2534
      vertex -36.9409 -22.1927 30.1574
    endloop
  endfacet
  facet normal -0.842222 -0.460052 -0.281095
    outer loop
      vertex -37.8133 -24.3011 36.222
      vertex -36.9409 -22.1927 30.1574
      vertex -36.7306 -22.5334 30.0849
    endloop
  endfacet
  facet normal -0.842325 -0.459883 -0.281064
    outer loop
      vertex -37.8133 -24.3011 36.222
      vertex -36.7306 -22.5334 30.0849
      vertex -36.5262 -22.8782 30.0365
    endloop
  endfacet
  facet normal -0.842274 -0.459969 -0.281074
    outer loop
      vertex -37.8133 -24.3011 36.222
      vertex -36.5262 -22.8782 30.0365
      vertex -36.2785 -23.3132 30.0061
    endloop
  endfacet
  facet normal -0.867882 -0.410644 -0.279557
    outer loop
      vertex -37.8133 -24.3011 36.222
      vertex -36.2785 -23.3132 30.0061
      vertex -36.2779 -23.3144 30.006
    endloop
  endfacet
  facet normal -0.842194 -0.460039 -0.281199
    outer loop
      vertex -38.701 -19.8099 31.5331
      vertex -37.8133 -24.3011 36.222
      vertex -38.8181 -19.6822 31.6749
    endloop
  endfacet
  facet normal -0.390051 0.145494 0.909226
    outer loop
      vertex -20.0532 9.15801 86.3732
      vertex -21.1525 6.21092 86.3732
      vertex -14.6227 6.67794 89.0997
    endloop
  endfacet
  facet normal -0.507455 0.189287 0.84063
    outer loop
      vertex -20.0532 9.15801 86.3732
      vertex -25.0756 11.4517 82.8249
      vertex -21.1525 6.21092 86.3732
    endloop
  endfacet
  facet normal -0.125214 0.0683719 0.989771
    outer loop
      vertex -2.76066 1.77417 91.8828
      vertex -8.22578 5.28639 90.9488
      vertex -2.98505 1.36323 91.8828
    endloop
  endfacet
  facet normal -0.010177 0.142301 0.989771
    outer loop
      vertex 0 9.778 90.9488
      vertex -1.39155 9.67848 90.9488
      vertex -0.46702 3.2482 91.8828
    endloop
  endfacet
  facet normal -0.39302 0.525006 0.75492
    outer loop
      vertex -17.5854 27.3634 78.5269
      vertex -21.3006 24.5822 78.5269
      vertex -18.0524 20.8336 82.8249
    endloop
  endfacet
  facet normal -0.139406 0.640832 0.754917
    outer loop
      vertex -4.62906 32.1958 78.5269
      vertex -9.16389 31.2093 78.5269
      vertex -3.92316 27.2862 82.8249
    endloop
  endfacet
  facet normal -0.433576 0.32458 0.840631
    outer loop
      vertex -16.6608 14.4367 86.3732
      vertex -20.8336 18.0524 82.8249
      vertex -18.5458 11.9187 86.3732
    endloop
  endfacet
  facet normal -0.169237 0.226073 0.959296
    outer loop
      vertex -5.28639 8.22578 90.9488
      vertex -10.5271 12.1489 89.0997
      vertex -6.40323 7.38972 90.9488
    endloop
  endfacet
  facet normal -0.259559 0.475363 0.84063
    outer loop
      vertex -11.4517 25.0756 82.8249
      vertex -11.9187 18.5458 86.3732
      vertex -9.15801 20.0532 86.3732
    endloop
  endfacet
  facet normal -0.145476 0.390051 0.909229
    outer loop
      vertex -6.21092 21.1525 86.3732
      vertex -6.67794 14.6227 89.0997
      vertex -4.52895 15.4242 89.0997
    endloop
  endfacet
  facet normal -0.614469 -0.229181 0.75492
    outer loop
      vertex -26.4501 -7.76646 82.8249
      vertex -31.2093 -9.16389 78.5269
      vertex -25.0756 -11.4517 82.8249
    endloop
  endfacet
  facet normal -0.390051 -0.145494 0.909226
    outer loop
      vertex -14.6227 -6.67794 89.0997
      vertex -21.1525 -6.21092 86.3732
      vertex -20.0532 -9.15801 86.3732
    endloop
  endfacet
  facet normal -0.275944 0.0600296 0.959297
    outer loop
      vertex -9.38192 2.75478 90.9488
      vertex -15.4242 4.52895 89.0997
      vertex -9.67848 1.39155 90.9488
    endloop
  endfacet
  facet normal -0.264594 0.0986844 0.959297
    outer loop
      vertex -14.6227 6.67794 89.0997
      vertex -15.4242 4.52895 89.0997
      vertex -8.89438 4.06193 90.9488
    endloop
  endfacet
  facet normal -0.415237 -0.0297122 0.909228
    outer loop
      vertex -16.0754 0 89.0997
      vertex -22.0455 0 86.3732
      vertex -15.9117 -2.28776 89.0997
    endloop
  endfacet
  facet normal -0.28168 -0.0201555 0.959297
    outer loop
      vertex -9.67848 -1.39155 90.9488
      vertex -16.0754 0 89.0997
      vertex -15.9117 -2.28776 89.0997
    endloop
  endfacet
  facet normal -0.525006 0.39302 0.75492
    outer loop
      vertex -24.5822 21.3006 78.5269
      vertex -27.3634 17.5854 78.5269
      vertex -20.8336 18.0524 82.8249
    endloop
  endfacet
  facet normal -0.463733 0.463733 0.75492
    outer loop
      vertex -21.3006 24.5822 78.5269
      vertex -20.8336 18.0524 82.8249
      vertex -18.0524 20.8336 82.8249
    endloop
  endfacet
  facet normal -0.463733 0.463733 0.75492
    outer loop
      vertex -20.8336 18.0524 82.8249
      vertex -21.3006 24.5822 78.5269
      vertex -24.5822 21.3006 78.5269
    endloop
  endfacet
  facet normal -0.738906 0.403482 0.539648
    outer loop
      vertex -32 19.3516 72.5857
      vertex -32 18.0394 73.5668
      vertex -30.9791 19.909 73.5668
    endloop
  endfacet
  facet normal 0.22918 0.614469 0.75492
    outer loop
      vertex 13.5122 29.5875 78.5269
      vertex 9.16389 31.2093 78.5269
      vertex 11.4517 25.0756 82.8249
    endloop
  endfacet
  facet normal 0.324571 0.433592 0.840626
    outer loop
      vertex 14.9037 23.1906 82.8249
      vertex 11.9187 18.5458 86.3732
      vertex 18.0524 20.8336 82.8249
    endloop
  endfacet
  facet normal 0.0683715 0.125214 0.989771
    outer loop
      vertex 4.06193 8.89438 90.9488
      vertex 1.36323 2.98505 91.8828
      vertex 5.28639 8.22578 90.9488
    endloop
  endfacet
  facet normal 0.0297122 0.415237 0.909228
    outer loop
      vertex 0 22.0455 86.3732
      vertex 0 16.0754 89.0997
      vertex 2.28776 15.9117 89.0997
    endloop
  endfacet
  facet normal 0.010177 0.142301 0.989771
    outer loop
      vertex 0 9.778 90.9488
      vertex 0 3.2816 91.8828
      vertex 0.46702 3.2482 91.8828
    endloop
  endfacet
  facet normal 0.139404 0.0303263 0.989771
    outer loop
      vertex 9.38192 2.75478 90.9488
      vertex 3.2482 0.46702 91.8828
      vertex 9.67848 1.39155 90.9488
    endloop
  endfacet
  facet normal 0.475363 0.259559 0.84063
    outer loop
      vertex 25.0756 11.4517 82.8249
      vertex 18.5458 11.9187 86.3732
      vertex 20.0532 9.15801 86.3732
    endloop
  endfacet
  facet normal 0.390051 0.145494 0.909226
    outer loop
      vertex 20.0532 9.15801 86.3732
      vertex 14.6227 6.67794 89.0997
      vertex 21.1525 6.21092 86.3732
    endloop
  endfacet
  facet normal 0.100879 0.100879 0.989771
    outer loop
      vertex 6.40323 7.38972 90.9488
      vertex 2.48007 2.14899 91.8828
      vertex 7.38972 6.40323 90.9488
    endloop
  endfacet
  facet normal 0.100879 0.100879 0.989771
    outer loop
      vertex 2.48007 2.14899 91.8828
      vertex 6.40323 7.38972 90.9488
      vertex 2.14899 2.48007 91.8828
    endloop
  endfacet
  facet normal 0.264593 0.0986879 0.959297
    outer loop
      vertex 15.4242 4.52895 89.0997
      vertex 8.89438 4.06193 90.9488
      vertex 9.38192 2.75478 90.9488
    endloop
  endfacet
  facet normal 0.281678 0.0201448 0.959298
    outer loop
      vertex 16.0754 0 89.0997
      vertex 9.67848 1.39155 90.9488
      vertex 9.778 0 90.9488
    endloop
  endfacet
  facet normal -0.738906 0.403482 -0.539648
    outer loop
      vertex -30.9791 19.909 18.4332
      vertex -32 18.0394 18.4332
      vertex -32 19.3516 19.4143
    endloop
  endfacet
  facet normal -0.45993 0.8423 -0.281058
    outer loop
      vertex -17.9043 39.2049 29.9246
      vertex -24.3011 37.8133 36.222
      vertex -18.6724 40.8868 36.222
    endloop
  endfacet
  facet normal 0.0539697 -0.754644 -0.653911
    outer loop
      vertex 5.24073 -36.4501 18.4332
      vertex 0 -36.8249 18.4332
      vertex 0 -32.5269 13.4731
    endloop
  endfacet
  facet normal 0.193448 -0.889233 -0.414538
    outer loop
      vertex 6.13372 -42.661 29.9246
      vertex 5.74571 -39.9623 23.9545
      vertex 12.1426 -41.3538 29.9246
    endloop
  endfacet
  facet normal 0.739257 -0.160824 -0.653938
    outer loop
      vertex 32 -8.57201 14.2214
      vertex 31.2093 -9.16389 13.4731
      vertex 32 -5.5293 13.4731
    endloop
  endfacet
  facet normal 0.575598 -0.314295 -0.75492
    outer loop
      vertex 27.3634 -17.5854 13.4731
      vertex 25.0756 -11.4517 9.1751
      vertex 29.5875 -13.5122 13.4731
    endloop
  endfacet
  facet normal 0.199519 -0.365362 -0.909232
    outer loop
      vertex 11.9187 -18.5458 5.62677
      vertex 6.67794 -14.6227 2.90031
      vertex 8.69099 -13.5234 2.90031
    endloop
  endfacet
  facet normal 0.324573 -0.433595 -0.840624
    outer loop
      vertex 14.9037 -23.1906 9.1751
      vertex 11.9187 -18.5458 5.62677
      vertex 18.0524 -20.8336 9.1751
    endloop
  endfacet
  facet normal 0.142307 -0.0101774 -0.98977
    outer loop
      vertex 9.778 0 1.05124
      vertex 3.2482 -0.46702 0.117202
      vertex 3.2816 0 0.117202
    endloop
  endfacet
  facet normal 0.333257 -0.249474 -0.909232
    outer loop
      vertex 18.5458 -11.9187 5.62677
      vertex 12.1489 -10.5271 2.90031
      vertex 13.5234 -8.69099 2.90031
    endloop
  endfacet
  facet normal -0.0854995 -0.114213 -0.98977
    outer loop
      vertex -5.28639 -8.22578 1.05124
      vertex -6.40323 -7.38972 1.05124
      vertex -2.14899 -2.48007 0.117202
    endloop
  endfacet
  facet normal -0.13941 0.0303275 -0.98977
    outer loop
      vertex -3.2482 0.46702 0.117202
      vertex -9.67848 1.39155 1.05124
      vertex -9.38192 2.75478 1.05124
    endloop
  endfacet
  facet normal 0.0683743 -0.125219 -0.98977
    outer loop
      vertex 4.06193 -8.89438 1.05124
      vertex 1.36323 -2.98505 0.117202
      vertex 5.28639 -8.22578 1.05124
    endloop
  endfacet
  facet normal 0.0600228 -0.275943 -0.959298
    outer loop
      vertex 2.28776 -15.9117 2.90031
      vertex 1.39155 -9.67848 1.05124
      vertex 4.52895 -15.4242 2.90031
    endloop
  endfacet
  facet normal 0.605664 -0.453401 -0.65391
    outer loop
      vertex 27.8304 -24.1152 18.4332
      vertex 24.5822 -21.3006 13.4731
      vertex 27.3634 -17.5854 13.4731
    endloop
  endfacet
  facet normal 0.415229 -0.029699 -0.909232
    outer loop
      vertex 21.8211 -3.13739 5.62677
      vertex 15.9117 -2.28776 2.90031
      vertex 22.0455 0 5.62677
    endloop
  endfacet
  facet normal 0.52924 -0.115128 -0.840625
    outer loop
      vertex 27.2862 -3.92316 9.1751
      vertex 21.1525 -6.21092 5.62677
      vertex 21.8211 -3.13739 5.62677
    endloop
  endfacet
  facet normal 0.529242 -0.115135 -0.840623
    outer loop
      vertex 26.4501 -7.76646 9.1751
      vertex 21.1525 -6.21092 5.62677
      vertex 27.2862 -3.92316 9.1751
    endloop
  endfacet
  facet normal 0.365379 0.199505 -0.909228
    outer loop
      vertex 20.0532 9.15801 5.62677
      vertex 14.6227 6.67794 2.90031
      vertex 18.5458 11.9187 5.62677
    endloop
  endfacet
  facet normal 0.382978 0.382978 -0.840628
    outer loop
      vertex 16.6608 14.4367 5.62677
      vertex 18.0524 20.8336 9.1751
      vertex 20.8336 18.0524 9.1751
    endloop
  endfacet
  facet normal 0.382978 0.382978 -0.840628
    outer loop
      vertex 18.0524 20.8336 9.1751
      vertex 16.6608 14.4367 5.62677
      vertex 14.4367 16.6608 5.62677
    endloop
  endfacet
  facet normal -0.0201445 0.281673 -0.959299
    outer loop
      vertex 0 9.778 1.05124
      vertex -1.39155 9.67848 1.05124
      vertex 0 16.0754 2.90031
    endloop
  endfacet
  facet normal 0.0986864 0.264589 -0.959298
    outer loop
      vertex 4.06193 8.89438 1.05124
      vertex 2.75478 9.38192 1.05124
      vertex 4.52895 15.4242 2.90031
    endloop
  endfacet
  facet normal 0.40678 0.0884821 -0.909231
    outer loop
      vertex 15.9117 2.28776 2.90031
      vertex 15.4242 4.52895 2.90031
      vertex 21.1525 6.21092 5.62677
    endloop
  endfacet
  facet normal 0.540238 0.0386399 -0.840625
    outer loop
      vertex 27.5668 0 9.1751
      vertex 22.0455 0 5.62677
      vertex 27.2862 3.92316 9.1751
    endloop
  endfacet
  facet normal -0.673958 -0.504519 -0.539668
    outer loop
      vertex -30.5121 -26.4388 23.9545
      vertex -32 -20.5652 20.3216
      vertex -30.9791 -19.909 18.4332
    endloop
  endfacet
  facet normal -0.673958 -0.504519 -0.539668
    outer loop
      vertex -32 -20.5652 20.3216
      vertex -30.5121 -26.4388 23.9545
      vertex -32 -24.4512 23.9545
    endloop
  endfacet
  facet normal -0.575586 -0.314304 -0.754926
    outer loop
      vertex -23.1906 -14.9037 9.1751
      vertex -27.3634 -17.5854 13.4731
      vertex -25.0756 -11.4517 9.1751
    endloop
  endfacet
  facet normal -0.145492 -0.390046 -0.909228
    outer loop
      vertex -6.21092 -21.1525 5.62677
      vertex -9.15801 -20.0532 5.62677
      vertex -6.67794 -14.6227 2.90031
    endloop
  endfacet
  facet normal -0.540238 0.0386402 -0.840625
    outer loop
      vertex -22.0455 0 5.62677
      vertex -27.2862 3.92316 9.1751
      vertex -21.8211 3.13739 5.62677
    endloop
  endfacet
  facet normal -0.664027 -0.362586 -0.653911
    outer loop
      vertex -29.5875 -13.5122 13.4731
      vertex -32 -18.0394 18.4332
      vertex -32 -14.6139 16.5338
    endloop
  endfacet
  facet normal -0.664022 -0.362591 -0.653913
    outer loop
      vertex -32 -18.0394 18.4332
      vertex -29.5875 -13.5122 13.4731
      vertex -30.9791 -19.909 18.4332
    endloop
  endfacet
  facet normal -0.575116 -0.768273 -0.281067
    outer loop
      vertex -24.3011 -37.8133 36.222
      vertex -28.2243 -32.5726 29.9246
      vertex -23.3014 -36.2578 29.9246
    endloop
  endfacet
  facet normal -0.459937 -0.842294 -0.281066
    outer loop
      vertex -17.9043 -39.2049 29.9246
      vertex -24.3011 -37.8133 36.222
      vertex -23.3014 -36.2578 29.9246
    endloop
  endfacet
  facet normal -0.699946 -0.699946 0.141952
    outer loop
      vertex -34.6759 -30.0468 49.2816
      vertex -29.4352 -33.97 55.778
      vertex -33.97 -29.4352 55.778
    endloop
  endfacet
  facet normal -0.699946 -0.699946 0.141952
    outer loop
      vertex -29.4352 -33.97 55.778
      vertex -34.6759 -30.0468 49.2816
      vertex -30.0468 -34.6759 49.2816
    endloop
  endfacet
  facet normal -0.335362 -0.899183 -0.281072
    outer loop
      vertex -12.6635 -43.128 36.222
      vertex -17.9043 -39.2049 29.9246
      vertex -12.1426 -41.3538 29.9246
    endloop
  endfacet
  facet normal -0.210418 -0.967248 -0.141969
    outer loop
      vertex -6.5298 -45.4158 42.7184
      vertex -12.9267 -44.0242 42.7184
      vertex -6.39687 -44.4912 36.222
    endloop
  endfacet
  facet normal -0.345924 -0.927461 0.141961
    outer loop
      vertex -12.6635 -43.128 55.778
      vertex -18.6724 -40.8868 55.778
      vertex -12.9267 -44.0242 49.2816
    endloop
  endfacet
  facet normal -0.545356 -0.728521 0.414541
    outer loop
      vertex -26.4388 -30.5121 68.0455
      vertex -28.2243 -32.5726 62.0754
      vertex -21.8274 -33.9641 68.0455
    endloop
  endfacet
  facet normal 0.0706137 -0.987351 -0.141953
    outer loop
      vertex 6.5298 -45.4158 42.7184
      vertex 0 -45.8828 42.7184
      vertex 0 -44.9488 36.222
    endloop
  endfacet
  facet normal 0.349457 -0.936952 0
    outer loop
      vertex 12.9267 -44.0242 42.7184
      vertex 19.0604 -41.7365 49.2816
      vertex 12.9267 -44.0242 49.2816
    endloop
  endfacet
  facet normal 0.349457 -0.936952 0
    outer loop
      vertex 19.0604 -41.7365 49.2816
      vertex 12.9267 -44.0242 42.7184
      vertex 19.0604 -41.7365 42.7184
    endloop
  endfacet
  facet normal -0.0600531 -0.839737 -0.539662
    outer loop
      vertex 0 -40.3732 23.9545
      vertex -5.74571 -39.9623 23.9545
      vertex 0 -36.8249 18.4332
    endloop
  endfacet
  facet normal -0.210409 -0.967251 -0.14196
    outer loop
      vertex -6.39687 -44.4912 36.222
      vertex -12.9267 -44.0242 42.7184
      vertex -12.6635 -43.128 36.222
    endloop
  endfacet
  facet normal -0.210409 -0.967251 0.14196
    outer loop
      vertex -12.6635 -43.128 55.778
      vertex -12.9267 -44.0242 49.2816
      vertex -6.39687 -44.4912 55.778
    endloop
  endfacet
  facet normal -0.0706299 -0.987348 0.14197
    outer loop
      vertex -6.39687 -44.4912 55.778
      vertex -6.5298 -45.4158 49.2816
      vertex 0 -44.9488 55.778
    endloop
  endfacet
  facet normal 0.0467873 -0.654148 0.754918
    outer loop
      vertex 0 -27.5668 82.8249
      vertex 0 -32.5269 78.5269
      vertex 3.92316 -27.2862 82.8249
    endloop
  endfacet
  facet normal -0.0649219 -0.90771 0.414545
    outer loop
      vertex 0 -40.3732 68.0455
      vertex -6.13372 -42.661 62.0754
      vertex 0 -43.0997 62.0754
    endloop
  endfacet
  facet normal -0.0706137 -0.987351 0.141953
    outer loop
      vertex 0 -44.9488 55.778
      vertex -6.5298 -45.4158 49.2816
      vertex 0 -45.8828 49.2816
    endloop
  endfacet
  facet normal 0.0706137 -0.987351 0.141953
    outer loop
      vertex 0 -44.9488 55.778
      vertex 0 -45.8828 49.2816
      vertex 6.5298 -45.4158 49.2816
    endloop
  endfacet
  facet normal -0.738906 -0.403482 0.539648
    outer loop
      vertex -32 -18.0394 73.5668
      vertex -32 -19.3516 72.5857
      vertex -30.9791 -19.909 73.5668
    endloop
  endfacet
  facet normal -0.294205 -0.788798 0.539667
    outer loop
      vertex -15.2976 -33.4971 73.5668
      vertex -16.7716 -36.7248 68.0455
      vertex -10.3748 -35.3332 73.5668
    endloop
  endfacet
  facet normal -0.178962 -0.822638 0.539666
    outer loop
      vertex -10.3748 -35.3332 73.5668
      vertex -11.3745 -38.7378 68.0455
      vertex -5.24073 -36.4501 73.5668
    endloop
  endfacet
  facet normal -0.193446 -0.889235 0.414536
    outer loop
      vertex -11.3745 -38.7378 68.0455
      vertex -12.1426 -41.3538 62.0754
      vertex -5.74571 -39.9623 68.0455
    endloop
  endfacet
  facet normal 0.294205 -0.788798 0.539667
    outer loop
      vertex 15.2976 -33.4971 73.5668
      vertex 10.3748 -35.3332 73.5668
      vertex 16.7716 -36.7248 68.0455
    endloop
  endfacet
  facet normal 0.294205 -0.788799 0.539667
    outer loop
      vertex 16.7716 -36.7248 68.0455
      vertex 10.3748 -35.3332 73.5668
      vertex 11.3745 -38.7378 68.0455
    endloop
  endfacet
  facet normal 0.393003 -0.525009 0.754927
    outer loop
      vertex 18.0524 -20.8336 82.8249
      vertex 14.9037 -23.1906 82.8249
      vertex 17.5854 -27.3634 78.5269
    endloop
  endfacet
  facet normal 0.453401 -0.605664 0.65391
    outer loop
      vertex 21.3006 -24.5822 78.5269
      vertex 17.5854 -27.3634 78.5269
      vertex 24.1152 -27.8304 73.5668
    endloop
  endfacet
  facet normal 0.403473 -0.7389 0.539663
    outer loop
      vertex 19.909 -30.9791 73.5668
      vertex 16.7716 -36.7248 68.0455
      vertex 21.8274 -33.9641 68.0455
    endloop
  endfacet
  facet normal 0.504517 -0.673961 0.539666
    outer loop
      vertex 24.1152 -27.8304 73.5668
      vertex 19.909 -30.9791 73.5668
      vertex 26.4388 -30.5121 68.0455
    endloop
  endfacet
  facet normal 0.605672 -0.453397 0.653906
    outer loop
      vertex 30.9791 -19.909 73.5668
      vertex 27.3634 -17.5854 78.5269
      vertex 27.8304 -24.1152 73.5668
    endloop
  endfacet
  facet normal 0.534977 -0.534977 0.65391
    outer loop
      vertex 24.5822 -21.3006 78.5269
      vertex 24.1152 -27.8304 73.5668
      vertex 27.8304 -24.1152 73.5668
    endloop
  endfacet
  facet normal 0.534977 -0.534977 0.65391
    outer loop
      vertex 24.1152 -27.8304 73.5668
      vertex 24.5822 -21.3006 78.5269
      vertex 21.3006 -24.5822 78.5269
    endloop
  endfacet
  facet normal 0.204003 -0.937753 0.281073
    outer loop
      vertex 12.1426 -41.3538 62.0754
      vertex 6.13372 -42.661 62.0754
      vertex 12.6635 -43.128 55.778
    endloop
  endfacet
  facet normal 0.210409 -0.967251 0.14196
    outer loop
      vertex 12.6635 -43.128 55.778
      vertex 6.39687 -44.4912 55.778
      vertex 12.9267 -44.0242 49.2816
    endloop
  endfacet
  facet normal 0.640828 0.139411 -0.75492
    outer loop
      vertex 27.2862 3.92316 9.1751
      vertex 26.4501 7.76646 9.1751
      vertex 31.2093 9.16389 13.4731
    endloop
  endfacet
  facet normal 0.89989 0.333518 -0.281005
    outer loop
      vertex 40.8868 18.6724 36.222
      vertex 40.4297 18.4365 34.4782
      vertex 40.3975 18.4489 34.3898
    endloop
  endfacet
  facet normal 0.898885 0.336141 -0.281096
    outer loop
      vertex 40.8868 18.6724 36.222
      vertex 40.5771 18.4061 34.9132
      vertex 40.4297 18.4365 34.4782
    endloop
  endfacet
  facet normal 0.899176 0.335375 -0.281081
    outer loop
      vertex 40.6336 18.4 35.087
      vertex 40.8868 18.6724 36.222
      vertex 40.9884 18.4 36.222
    endloop
  endfacet
  facet normal 0.899889 0.333667 -0.280831
    outer loop
      vertex 40.8868 18.6724 36.222
      vertex 40.6336 18.4 35.087
      vertex 40.5771 18.4061 34.9132
    endloop
  endfacet
  facet normal 0.927438 0.345917 -0.142127
    outer loop
      vertex 40.9884 18.4 36.222
      vertex 40.8868 18.6724 36.222
      vertex 41.0356 18.4 36.53
    endloop
  endfacet
  facet normal 0.640839 0.139372 -0.754918
    outer loop
      vertex 27.2862 3.92316 9.1751
      vertex 32 5.5293 13.4731
      vertex 32 4.6009 13.3017
    endloop
  endfacet
  facet normal 0.640828 0.139411 -0.75492
    outer loop
      vertex 32 5.5293 13.4731
      vertex 27.2862 3.92316 9.1751
      vertex 31.2093 9.16389 13.4731
    endloop
  endfacet
  facet normal 0.842194 -0.460039 -0.281199
    outer loop
      vertex 37.8133 -24.3011 36.222
      vertex 38.701 -19.8099 31.5331
      vertex 38.8181 -19.6822 31.6749
    endloop
  endfacet
  facet normal 0.842338 -0.459884 -0.281023
    outer loop
      vertex 38.701 -19.8099 31.5331
      vertex 37.8133 -24.3011 36.222
      vertex 38.4835 -20.0604 31.2911
    endloop
  endfacet
  facet normal 0.842282 -0.459948 -0.281085
    outer loop
      vertex 38.4835 -20.0604 31.2911
      vertex 37.8133 -24.3011 36.222
      vertex 38.263 -20.3273 31.0671
    endloop
  endfacet
  facet normal 0.842228 -0.460013 -0.281141
    outer loop
      vertex 38.263 -20.3273 31.0671
      vertex 37.8133 -24.3011 36.222
      vertex 38.0407 -20.6092 30.8624
    endloop
  endfacet
  facet normal 0.842361 -0.459844 -0.281018
    outer loop
      vertex 38.0407 -20.6092 30.8624
      vertex 37.8133 -24.3011 36.222
      vertex 37.818 -20.9044 30.6779
    endloop
  endfacet
  facet normal 0.842294 -0.459933 -0.281073
    outer loop
      vertex 37.818 -20.9044 30.6779
      vertex 37.8133 -24.3011 36.222
      vertex 37.5953 -21.2122 30.5142
    endloop
  endfacet
  facet normal 0.842286 -0.459945 -0.281079
    outer loop
      vertex 37.5953 -21.2122 30.5142
      vertex 37.8133 -24.3011 36.222
      vertex 37.3742 -21.5305 30.3725
    endloop
  endfacet
  facet normal 0.842355 -0.459843 -0.281036
    outer loop
      vertex 37.3742 -21.5305 30.3725
      vertex 37.8133 -24.3011 36.222
      vertex 37.1559 -21.8576 30.2534
    endloop
  endfacet
  facet normal 0.842312 -0.459909 -0.281058
    outer loop
      vertex 37.1559 -21.8576 30.2534
      vertex 37.8133 -24.3011 36.222
      vertex 36.9409 -22.1927 30.1574
    endloop
  endfacet
  facet normal 0.842222 -0.460052 -0.281095
    outer loop
      vertex 36.9409 -22.1927 30.1574
      vertex 37.8133 -24.3011 36.222
      vertex 36.7306 -22.5334 30.0849
    endloop
  endfacet
  facet normal 0.842325 -0.459883 -0.281064
    outer loop
      vertex 36.7306 -22.5334 30.0849
      vertex 37.8133 -24.3011 36.222
      vertex 36.5262 -22.8782 30.0365
    endloop
  endfacet
  facet normal 0.842274 -0.459969 -0.281074
    outer loop
      vertex 36.5262 -22.8782 30.0365
      vertex 37.8133 -24.3011 36.222
      vertex 36.2785 -23.3132 30.0061
    endloop
  endfacet
  facet normal 0.867882 -0.410644 -0.279557
    outer loop
      vertex 36.2785 -23.3132 30.0061
      vertex 37.8133 -24.3011 36.222
      vertex 36.2779 -23.3144 30.006
    endloop
  endfacet
  facet normal 0.927438 -0.345917 -0.142127
    outer loop
      vertex 41.0356 -18.4 36.53
      vertex 40.8868 -18.6724 36.222
      vertex 40.9884 -18.4 36.222
    endloop
  endfacet
  facet normal 0.345918 -0.927462 -0.141968
    outer loop
      vertex 19.0604 -41.7365 42.7184
      vertex 12.9267 -44.0242 42.7184
      vertex 18.6724 -40.8868 36.222
    endloop
  endfacet
  facet normal 0.595299 -0.595299 -0.539665
    outer loop
      vertex 30.5121 -26.4388 23.9545
      vertex 24.1152 -27.8304 18.4332
      vertex 27.8304 -24.1152 18.4332
    endloop
  endfacet
  facet normal 0.595299 -0.595299 -0.539665
    outer loop
      vertex 24.1152 -27.8304 18.4332
      vertex 30.5121 -26.4388 23.9545
      vertex 26.4388 -30.5121 23.9545
    endloop
  endfacet
  facet normal 0.314295 -0.575598 -0.75492
    outer loop
      vertex 13.5122 -29.5875 13.4731
      vertex 11.4517 -25.0756 9.1751
      vertex 17.5854 -27.3634 13.4731
    endloop
  endfacet
  facet normal 0.362583 -0.664033 -0.653907
    outer loop
      vertex 19.909 -30.9791 18.4332
      vertex 13.5122 -29.5875 13.4731
      vertex 17.5854 -27.3634 13.4731
    endloop
  endfacet
  facet normal 0.504516 -0.673964 -0.539664
    outer loop
      vertex 21.8274 -33.9641 23.9545
      vertex 19.909 -30.9791 18.4332
      vertex 26.4388 -30.5121 23.9545
    endloop
  endfacet
  facet normal 0.593214 -0.792429 -0.141965
    outer loop
      vertex 24.8061 -38.5991 42.7184
      vertex 24.3011 -37.8133 36.222
      vertex 30.0468 -34.6759 42.7184
    endloop
  endfacet
  facet normal 0.210418 -0.967248 -0.141969
    outer loop
      vertex 6.5298 -45.4158 42.7184
      vertex 6.39687 -44.4912 36.222
      vertex 12.9267 -44.0242 42.7184
    endloop
  endfacet
  facet normal 0.345918 -0.927462 0.141968
    outer loop
      vertex 18.6724 -40.8868 55.778
      vertex 12.9267 -44.0242 49.2816
      vertex 19.0604 -41.7365 49.2816
    endloop
  endfacet
  facet normal 0.699946 -0.699946 0.141952
    outer loop
      vertex 29.4352 -33.97 55.778
      vertex 34.6759 -30.0468 49.2816
      vertex 33.97 -29.4352 55.778
    endloop
  endfacet
  facet normal 0.699946 -0.699946 0.141952
    outer loop
      vertex 34.6759 -30.0468 49.2816
      vertex 29.4352 -33.97 55.778
      vertex 30.0468 -34.6759 49.2816
    endloop
  endfacet
  facet normal 0.792429 -0.593214 -0.141965
    outer loop
      vertex 38.5991 -24.8061 42.7184
      vertex 34.6759 -30.0468 42.7184
      vertex 37.8133 -24.3011 36.222
    endloop
  endfacet
  facet normal 0.673958 -0.504519 0.539668
    outer loop
      vertex 30.5121 -26.4388 68.0455
      vertex 32 -20.5652 71.6784
      vertex 30.9791 -19.909 73.5668
    endloop
  endfacet
  facet normal 0.673958 -0.504519 0.539668
    outer loop
      vertex 32 -20.5652 71.6784
      vertex 30.5121 -26.4388 68.0455
      vertex 32 -24.4512 68.0455
    endloop
  endfacet
  facet normal 0.728518 -0.545362 0.414537
    outer loop
      vertex 32 -24.4512 68.0455
      vertex 30.5121 -26.4388 68.0455
      vertex 32 -27.7282 63.7343
    endloop
  endfacet
  facet normal 0.504516 -0.673964 0.539664
    outer loop
      vertex 26.4388 -30.5121 68.0455
      vertex 19.909 -30.9791 73.5668
      vertex 21.8274 -33.9641 68.0455
    endloop
  endfacet
  facet normal 0.545356 -0.728521 0.414541
    outer loop
      vertex 26.4388 -30.5121 68.0455
      vertex 21.8274 -33.9641 68.0455
      vertex 28.2243 -32.5726 62.0754
    endloop
  endfacet
  facet normal 0.868789 -0.474395 0.141967
    outer loop
      vertex 40.8868 -18.6724 55.778
      vertex 37.8133 -24.3011 55.778
      vertex 41.7365 -19.0604 49.2816
    endloop
  endfacet
  facet normal 0.927438 -0.345917 0.142127
    outer loop
      vertex 40.9884 -18.4 55.778
      vertex 40.8868 -18.6724 55.778
      vertex 41.0356 -18.4 55.47
    endloop
  endfacet
  facet normal 0.664027 -0.362586 0.653911
    outer loop
      vertex 29.5875 -13.5122 78.5269
      vertex 32 -18.0394 73.5668
      vertex 32 -14.6139 75.4662
    endloop
  endfacet
  facet normal 0.664022 -0.362591 0.653913
    outer loop
      vertex 32 -18.0394 73.5668
      vertex 29.5875 -13.5122 78.5269
      vertex 30.9791 -19.909 73.5668
    endloop
  endfacet
  facet normal 0.708865 -0.264403 0.653912
    outer loop
      vertex 32 -12.1949 76.4443
      vertex 29.5875 -13.5122 78.5269
      vertex 32 -14.6139 75.4662
    endloop
  endfacet
  facet normal 0.654141 0.0468904 0.754917
    outer loop
      vertex 32 0.394441 78.959
      vertex 27.5668 0 82.8249
      vertex 32 0 78.9835
    endloop
  endfacet
  facet normal 0.65415 0.0467874 0.754917
    outer loop
      vertex 27.5668 0 82.8249
      vertex 32 0.394441 78.959
      vertex 27.2862 3.92316 82.8249
    endloop
  endfacet
  facet normal 0.540234 -0.0386399 0.840627
    outer loop
      vertex 22.0455 0 86.3732
      vertex 21.8211 -3.13739 86.3732
      vertex 27.2862 -3.92316 82.8249
    endloop
  endfacet
  facet normal 0.415234 -0.0296993 0.90923
    outer loop
      vertex 22.0455 0 86.3732
      vertex 15.9117 -2.28776 89.0997
      vertex 21.8211 -3.13739 86.3732
    endloop
  endfacet
  facet normal 0.294367 -0.294367 0.909228
    outer loop
      vertex 12.1489 -10.5271 89.0997
      vertex 14.4367 -16.6608 86.3732
      vertex 16.6608 -14.4367 86.3732
    endloop
  endfacet
  facet normal 0.294367 -0.294367 0.909228
    outer loop
      vertex 14.4367 -16.6608 86.3732
      vertex 12.1489 -10.5271 89.0997
      vertex 10.5271 -12.1489 89.0997
    endloop
  endfacet
  facet normal 0.475361 -0.259576 0.840626
    outer loop
      vertex 25.0756 -11.4517 82.8249
      vertex 18.5458 -11.9187 86.3732
      vertex 23.1906 -14.9037 82.8249
    endloop
  endfacet
  facet normal 0.507455 -0.189287 0.84063
    outer loop
      vertex 21.1525 -6.21092 86.3732
      vertex 20.0532 -9.15801 86.3732
      vertex 25.0756 -11.4517 82.8249
    endloop
  endfacet
  facet normal 0.614469 -0.229181 0.75492
    outer loop
      vertex 26.4501 -7.76646 82.8249
      vertex 25.0756 -11.4517 82.8249
      vertex 31.2093 -9.16389 78.5269
    endloop
  endfacet
  facet normal 0.640828 -0.139411 0.75492
    outer loop
      vertex 27.2862 -3.92316 82.8249
      vertex 26.4501 -7.76646 82.8249
      vertex 31.2093 -9.16389 78.5269
    endloop
  endfacet
  facet normal 0.433576 -0.32458 0.840631
    outer loop
      vertex 18.5458 -11.9187 86.3732
      vertex 16.6608 -14.4367 86.3732
      vertex 20.8336 -18.0524 82.8249
    endloop
  endfacet
  facet normal 0.226073 -0.169237 0.959296
    outer loop
      vertex 13.5234 -8.69099 89.0997
      vertex 8.22578 -5.28639 90.9488
      vertex 12.1489 -10.5271 89.0997
    endloop
  endfacet
  facet normal -0.768501 0.574813 -0.281063
    outer loop
      vertex -32.6353 28.1773 30
      vertex -33.97 29.4352 36.222
      vertex -32.5893 28.2388 30
    endloop
  endfacet
  facet normal -0.768271 0.575115 -0.281075
    outer loop
      vertex -33.97 29.4352 36.222
      vertex -32.6353 28.1773 30
      vertex -37.8133 24.3011 36.222
    endloop
  endfacet
  facet normal -0.728518 0.545362 -0.414537
    outer loop
      vertex -30.5121 26.4388 23.9545
      vertex -32 24.4512 23.9545
      vertex -32 27.7282 28.2657
    endloop
  endfacet
  facet normal 0.0101774 -0.142307 -0.98977
    outer loop
      vertex 0.46702 -3.2482 0.117202
      vertex 0 -9.778 1.05124
      vertex 0 -3.2816 0.117202
    endloop
  endfacet
  facet normal -0.0467873 -0.654148 -0.754918
    outer loop
      vertex 0 -32.5269 13.4731
      vertex -3.92316 -27.2862 9.1751
      vertex 0 -27.5668 9.1751
    endloop
  endfacet
  facet normal 0.029699 -0.415229 -0.909232
    outer loop
      vertex 3.13739 -21.8211 5.62677
      vertex 0 -22.0455 5.62677
      vertex 2.28776 -15.9117 2.90031
    endloop
  endfacet
  facet normal 0.115128 -0.52924 -0.840625
    outer loop
      vertex 3.92316 -27.2862 9.1751
      vertex 3.13739 -21.8211 5.62677
      vertex 6.21092 -21.1525 5.62677
    endloop
  endfacet
  facet normal -0.22918 -0.614469 -0.75492
    outer loop
      vertex -9.16389 -31.2093 13.4731
      vertex -13.5122 -29.5875 13.4731
      vertex -11.4517 -25.0756 9.1751
    endloop
  endfacet
  facet normal -0.314295 -0.575598 -0.75492
    outer loop
      vertex -13.5122 -29.5875 13.4731
      vertex -17.5854 -27.3634 13.4731
      vertex -11.4517 -25.0756 9.1751
    endloop
  endfacet
  facet normal -0.088488 -0.406776 -0.909232
    outer loop
      vertex -3.13739 -21.8211 5.62677
      vertex -6.21092 -21.1525 5.62677
      vertex -2.28776 -15.9117 2.90031
    endloop
  endfacet
  facet normal 0.0467889 -0.654148 -0.754918
    outer loop
      vertex 4.62906 -32.1958 13.4731
      vertex 0 -32.5269 13.4731
      vertex 3.92316 -27.2862 9.1751
    endloop
  endfacet
  facet normal -0.640828 0.139411 -0.75492
    outer loop
      vertex -27.2862 3.92316 9.1751
      vertex -31.2093 9.16389 13.4731
      vertex -26.4501 7.76646 9.1751
    endloop
  endfacet
  facet normal -0.433579 0.324581 -0.840628
    outer loop
      vertex -18.5458 11.9187 5.62677
      vertex -20.8336 18.0524 9.1751
      vertex -16.6608 14.4367 5.62677
    endloop
  endfacet
  facet normal -0.65415 -0.0467868 -0.754917
    outer loop
      vertex -27.2862 -3.92316 9.1751
      vertex -32 -4.6009 13.3017
      vertex -32 -0.394441 13.041
    endloop
  endfacet
  facet normal -0.247849 -0.135347 -0.959298
    outer loop
      vertex -13.5234 -8.69099 2.90031
      vertex -14.6227 -6.67794 2.90031
      vertex -8.22578 -5.28639 1.05124
    endloop
  endfacet
  facet normal -0.362586 0.66403 -0.653908
    outer loop
      vertex -13.5122 29.5875 13.4731
      vertex -19.909 30.9791 18.4332
      vertex -15.2976 33.4971 18.4332
    endloop
  endfacet
  facet normal -0.453397 0.605672 -0.653906
    outer loop
      vertex -17.5854 27.3634 13.4731
      vertex -24.1152 27.8304 18.4332
      vertex -19.909 30.9791 18.4332
    endloop
  endfacet
  facet normal 0.0684644 0.957241 -0.281074
    outer loop
      vertex 6.13372 42.661 29.9246
      vertex 0 43.0997 29.9246
      vertex 0 44.9488 36.222
    endloop
  endfacet
  facet normal 0.0649219 0.90771 -0.414545
    outer loop
      vertex 6.13372 42.661 29.9246
      vertex 0 40.3732 23.9545
      vertex 0 43.0997 29.9246
    endloop
  endfacet
  facet normal 0.264394 0.708872 -0.653909
    outer loop
      vertex 13.5122 29.5875 13.4731
      vertex 10.3748 35.3332 18.4332
      vertex 15.2976 33.4971 18.4332
    endloop
  endfacet
  facet normal 0.178959 0.82264 -0.539664
    outer loop
      vertex 11.3745 38.7378 23.9545
      vertex 5.24073 36.4501 18.4332
      vertex 5.74571 39.9623 23.9545
    endloop
  endfacet
  facet normal 0.203994 0.937758 -0.281063
    outer loop
      vertex 12.6635 43.128 36.222
      vertex 6.13372 42.661 29.9246
      vertex 6.39687 44.4912 36.222
    endloop
  endfacet
  facet normal 0.0684764 0.957243 -0.281063
    outer loop
      vertex 6.13372 42.661 29.9246
      vertex 0 44.9488 36.222
      vertex 6.39687 44.4912 36.222
    endloop
  endfacet
  facet normal 0.792429 0.593214 -0.141965
    outer loop
      vertex 37.8133 24.3011 36.222
      vertex 34.6759 30.0468 42.7184
      vertex 38.5991 24.8061 42.7184
    endloop
  endfacet
  facet normal 0.593205 0.792437 -0.141953
    outer loop
      vertex 29.4352 33.97 36.222
      vertex 24.3011 37.8133 36.222
      vertex 30.0468 34.6759 42.7184
    endloop
  endfacet
  facet normal 0.575116 0.768273 -0.281067
    outer loop
      vertex 28.2243 32.5726 29.9246
      vertex 23.3014 36.2578 29.9246
      vertex 24.3011 37.8133 36.222
    endloop
  endfacet
  facet normal 0.545357 0.728519 -0.414543
    outer loop
      vertex 28.2243 32.5726 29.9246
      vertex 21.8274 33.9641 23.9545
      vertex 23.3014 36.2578 29.9246
    endloop
  endfacet
  facet normal 0.673961 0.504517 -0.539666
    outer loop
      vertex 30.9791 19.909 18.4332
      vertex 27.8304 24.1152 18.4332
      vertex 30.5121 26.4388 23.9545
    endloop
  endfacet
  facet normal 0.728518 0.545362 -0.414537
    outer loop
      vertex 32 24.4512 23.9545
      vertex 30.5121 26.4388 23.9545
      vertex 32 27.7282 28.2657
    endloop
  endfacet
  facet normal 0.545356 0.728521 -0.414541
    outer loop
      vertex 26.4388 30.5121 23.9545
      vertex 21.8274 33.9641 23.9545
      vertex 28.2243 32.5726 29.9246
    endloop
  endfacet
  facet normal 0.643487 0.643487 -0.414548
    outer loop
      vertex 32 27.7282 28.2657
      vertex 28.2243 32.5726 29.9246
      vertex 32 28.7969 29.9246
    endloop
  endfacet
  facet normal 0.64349 0.643487 -0.414542
    outer loop
      vertex 28.2243 32.5726 29.9246
      vertex 32 27.7282 28.2657
      vertex 26.4388 30.5121 23.9545
    endloop
  endfacet
  facet normal 0.643489 0.643489 -0.41454
    outer loop
      vertex 26.4388 30.5121 23.9545
      vertex 32 27.7282 28.2657
      vertex 30.5121 26.4388 23.9545
    endloop
  endfacet
  facet normal 0.22607 0.169235 -0.959298
    outer loop
      vertex 13.5234 8.69099 2.90031
      vertex 8.22578 5.28639 1.05124
      vertex 12.1489 10.5271 2.90031
    endloop
  endfacet
  facet normal 0.0854995 0.114213 -0.98977
    outer loop
      vertex 6.40323 7.38972 1.05124
      vertex 2.14899 2.48007 0.117202
      vertex 5.28639 8.22578 1.05124
    endloop
  endfacet
  facet normal 0.169235 0.22607 -0.959298
    outer loop
      vertex 6.40323 7.38972 1.05124
      vertex 5.28639 8.22578 1.05124
      vertex 10.5271 12.1489 2.90031
    endloop
  endfacet
  facet normal 0.264589 0.0986864 -0.959298
    outer loop
      vertex 9.38192 2.75478 1.05124
      vertex 8.89438 4.06193 1.05124
      vertex 15.4242 4.52895 2.90031
    endloop
  endfacet
  facet normal 0.133675 0.0498581 -0.98977
    outer loop
      vertex 9.38192 2.75478 1.05124
      vertex 2.98505 1.36323 0.117202
      vertex 8.89438 4.06193 1.05124
    endloop
  endfacet
  facet normal 0.365362 0.199519 -0.909232
    outer loop
      vertex 14.6227 6.67794 2.90031
      vertex 13.5234 8.69099 2.90031
      vertex 18.5458 11.9187 5.62677
    endloop
  endfacet
  facet normal 0.463733 0.463733 -0.75492
    outer loop
      vertex 20.8336 18.0524 9.1751
      vertex 21.3006 24.5822 13.4731
      vertex 24.5822 21.3006 13.4731
    endloop
  endfacet
  facet normal 0.463733 0.463733 -0.75492
    outer loop
      vertex 21.3006 24.5822 13.4731
      vertex 20.8336 18.0524 9.1751
      vertex 18.0524 20.8336 9.1751
    endloop
  endfacet
  facet normal -0.135347 0.247849 -0.959298
    outer loop
      vertex -5.28639 8.22578 1.05124
      vertex -8.69099 13.5234 2.90031
      vertex -6.67794 14.6227 2.90031
    endloop
  endfacet
  facet normal -0.135336 0.247851 -0.959299
    outer loop
      vertex -5.28639 8.22578 1.05124
      vertex -6.67794 14.6227 2.90031
      vertex -4.06193 8.89438 1.05124
    endloop
  endfacet
  facet normal -0.365379 0.199505 -0.909228
    outer loop
      vertex -14.6227 6.67794 2.90031
      vertex -20.0532 9.15801 5.62677
      vertex -18.5458 11.9187 5.62677
    endloop
  endfacet
  facet normal -0.333257 0.249474 -0.909232
    outer loop
      vertex -13.5234 8.69099 2.90031
      vertex -18.5458 11.9187 5.62677
      vertex -12.1489 10.5271 2.90031
    endloop
  endfacet
  facet normal -0.169235 0.22607 -0.959298
    outer loop
      vertex -6.40323 7.38972 1.05124
      vertex -10.5271 12.1489 2.90031
      vertex -5.28639 8.22578 1.05124
    endloop
  endfacet
  facet normal -0.294363 0.294363 -0.909231
    outer loop
      vertex -12.1489 10.5271 2.90031
      vertex -14.4367 16.6608 5.62677
      vertex -10.5271 12.1489 2.90031
    endloop
  endfacet
  facet normal -0.294363 0.294363 -0.909231
    outer loop
      vertex -14.4367 16.6608 5.62677
      vertex -12.1489 10.5271 2.90031
      vertex -16.6608 14.4367 5.62677
    endloop
  endfacet
  facet normal -0.324573 0.433595 -0.840624
    outer loop
      vertex -11.9187 18.5458 5.62677
      vertex -18.0524 20.8336 9.1751
      vertex -14.9037 23.1906 9.1751
    endloop
  endfacet
  facet normal -0.314304 0.575586 -0.754926
    outer loop
      vertex -14.9037 23.1906 9.1751
      vertex -17.5854 27.3634 13.4731
      vertex -11.4517 25.0756 9.1751
    endloop
  endfacet
  facet normal -0.169235 -0.22607 -0.959298
    outer loop
      vertex -8.69099 -13.5234 2.90031
      vertex -10.5271 -12.1489 2.90031
      vertex -5.28639 -8.22578 1.05124
    endloop
  endfacet
  facet normal -0.247851 -0.135336 -0.959299
    outer loop
      vertex -8.22578 -5.28639 1.05124
      vertex -14.6227 -6.67794 2.90031
      vertex -8.89438 -4.06193 1.05124
    endloop
  endfacet
  facet normal -0.22607 -0.169235 -0.959298
    outer loop
      vertex -7.38972 -6.40323 1.05124
      vertex -12.1489 -10.5271 2.90031
      vertex -8.22578 -5.28639 1.05124
    endloop
  endfacet
  facet normal -0.114213 0.0854999 -0.98977
    outer loop
      vertex -2.76066 1.77417 0.117202
      vertex -8.22578 5.28639 1.05124
      vertex -2.48007 2.14899 0.117202
    endloop
  endfacet
  facet normal 0.393003 0.525009 -0.754927
    outer loop
      vertex 18.0524 20.8336 9.1751
      vertex 14.9037 23.1906 9.1751
      vertex 17.5854 27.3634 13.4731
    endloop
  endfacet
  facet normal 0.39302 0.525006 -0.75492
    outer loop
      vertex 18.0524 20.8336 9.1751
      vertex 17.5854 27.3634 13.4731
      vertex 21.3006 24.5822 13.4731
    endloop
  endfacet
  facet normal -0.0600228 0.275943 -0.959298
    outer loop
      vertex -1.39155 9.67848 1.05124
      vertex -4.52895 15.4242 2.90031
      vertex -2.28776 15.9117 2.90031
    endloop
  endfacet
  facet normal -0.199519 0.365362 -0.909232
    outer loop
      vertex -8.69099 13.5234 2.90031
      vertex -11.9187 18.5458 5.62677
      vertex -6.67794 14.6227 2.90031
    endloop
  endfacet
  facet normal -0.199505 0.365379 -0.909228
    outer loop
      vertex -6.67794 14.6227 2.90031
      vertex -11.9187 18.5458 5.62677
      vertex -9.15801 20.0532 5.62677
    endloop
  endfacet
  facet normal 0.0201445 0.281673 -0.959299
    outer loop
      vertex 1.39155 9.67848 1.05124
      vertex 0 9.778 1.05124
      vertex 0 16.0754 2.90031
    endloop
  endfacet
  facet normal -0.0303279 0.13941 -0.98977
    outer loop
      vertex -0.924534 3.14867 0.117202
      vertex -2.75478 9.38192 1.05124
      vertex -0.46702 3.2482 0.117202
    endloop
  endfacet
  facet normal 0.64349 0.643487 0.414542
    outer loop
      vertex 32 27.7282 63.7343
      vertex 28.2243 32.5726 62.0754
      vertex 26.4388 30.5121 68.0455
    endloop
  endfacet
  facet normal 0.643487 0.643487 0.414548
    outer loop
      vertex 28.2243 32.5726 62.0754
      vertex 32 27.7282 63.7343
      vertex 32 28.7969 62.0754
    endloop
  endfacet
  facet normal 0.643489 0.643489 0.41454
    outer loop
      vertex 32 27.7282 63.7343
      vertex 26.4388 30.5121 68.0455
      vertex 30.5121 26.4388 68.0455
    endloop
  endfacet
  facet normal 0.318009 0.852656 0.414546
    outer loop
      vertex 17.9043 39.2049 62.0754
      vertex 12.1426 41.3538 62.0754
      vertex 16.7716 36.7248 68.0455
    endloop
  endfacet
  facet normal 0.335362 0.899183 0.281072
    outer loop
      vertex 12.6635 43.128 55.778
      vertex 12.1426 41.3538 62.0754
      vertex 17.9043 39.2049 62.0754
    endloop
  endfacet
  facet normal 0.294205 0.788799 0.539667
    outer loop
      vertex 11.3745 38.7378 68.0455
      vertex 10.3748 35.3332 73.5668
      vertex 16.7716 36.7248 68.0455
    endloop
  endfacet
  facet normal 0.545357 0.728519 0.414543
    outer loop
      vertex 23.3014 36.2578 62.0754
      vertex 21.8274 33.9641 68.0455
      vertex 28.2243 32.5726 62.0754
    endloop
  endfacet
  facet normal 0.0539767 0.75464 0.653915
    outer loop
      vertex 5.24073 36.4501 73.5668
      vertex 0 32.5269 78.5269
      vertex 4.62906 32.1958 78.5269
    endloop
  endfacet
  facet normal 0.0386397 0.540234 0.840627
    outer loop
      vertex 0 27.5668 82.8249
      vertex 0 22.0455 86.3732
      vertex 3.92316 27.2862 82.8249
    endloop
  endfacet
  facet normal -0.318022 0.852656 0.414536
    outer loop
      vertex -12.1426 41.3538 62.0754
      vertex -16.7716 36.7248 68.0455
      vertex -11.3745 38.7378 68.0455
    endloop
  endfacet
  facet normal -0.0539697 0.754644 0.653911
    outer loop
      vertex 0 36.8249 73.5668
      vertex -5.24073 36.4501 73.5668
      vertex 0 32.5269 78.5269
    endloop
  endfacet
  facet normal 0.0884891 0.406781 0.90923
    outer loop
      vertex 3.13739 21.8211 86.3732
      vertex 2.28776 15.9117 89.0997
      vertex 6.21092 21.1525 86.3732
    endloop
  endfacet
  facet normal 0.139411 0.640828 0.75492
    outer loop
      vertex 9.16389 31.2093 78.5269
      vertex 3.92316 27.2862 82.8249
      vertex 7.76646 26.4501 82.8249
    endloop
  endfacet
  facet normal 0.436137 0.798708 0.414547
    outer loop
      vertex 17.9043 39.2049 62.0754
      vertex 16.7716 36.7248 68.0455
      vertex 23.3014 36.2578 62.0754
    endloop
  endfacet
  facet normal 0.318022 0.852656 0.414536
    outer loop
      vertex 12.1426 41.3538 62.0754
      vertex 11.3745 38.7378 68.0455
      vertex 16.7716 36.7248 68.0455
    endloop
  endfacet
  facet normal 0.605672 0.453397 0.653906
    outer loop
      vertex 27.8304 24.1152 73.5668
      vertex 27.3634 17.5854 78.5269
      vertex 30.9791 19.909 73.5668
    endloop
  endfacet
  facet normal 0.614469 0.22918 0.75492
    outer loop
      vertex 29.5875 13.5122 78.5269
      vertex 25.0756 11.4517 82.8249
      vertex 31.2093 9.16389 78.5269
    endloop
  endfacet
  facet normal 0.525006 0.39302 0.75492
    outer loop
      vertex 24.5822 21.3006 78.5269
      vertex 20.8336 18.0524 82.8249
      vertex 27.3634 17.5854 78.5269
    endloop
  endfacet
  facet normal 0.739264 0.160854 0.653922
    outer loop
      vertex 32 9.39605 77.5759
      vertex 31.2093 9.16389 78.5269
      vertex 32 8.57201 77.7786
    endloop
  endfacet
  facet normal 0.575598 0.314295 0.75492
    outer loop
      vertex 27.3634 17.5854 78.5269
      vertex 25.0756 11.4517 82.8249
      vertex 29.5875 13.5122 78.5269
    endloop
  endfacet
  facet normal 0.699946 0.699946 0.141952
    outer loop
      vertex 29.4352 33.97 55.778
      vertex 34.6759 30.0468 49.2816
      vertex 30.0468 34.6759 49.2816
    endloop
  endfacet
  facet normal 0.699946 0.699946 0.141952
    outer loop
      vertex 34.6759 30.0468 49.2816
      vertex 29.4352 33.97 55.778
      vertex 33.97 29.4352 55.778
    endloop
  endfacet
  facet normal 0.178962 0.822638 -0.539666
    outer loop
      vertex 10.3748 35.3332 18.4332
      vertex 5.24073 36.4501 18.4332
      vertex 11.3745 38.7378 23.9545
    endloop
  endfacet
  facet normal 0.193446 0.889235 -0.414536
    outer loop
      vertex 11.3745 38.7378 23.9545
      vertex 5.74571 39.9623 23.9545
      vertex 12.1426 41.3538 29.9246
    endloop
  endfacet
  facet normal -0.203994 0.937758 0.281063
    outer loop
      vertex -6.39687 44.4912 55.778
      vertex -12.6635 43.128 55.778
      vertex -6.13372 42.661 62.0754
    endloop
  endfacet
  facet normal -0.210409 0.967251 0.14196
    outer loop
      vertex -6.39687 44.4912 55.778
      vertex -12.9267 44.0242 49.2816
      vertex -12.6635 43.128 55.778
    endloop
  endfacet
  facet normal -0.474396 0.868789 0.141965
    outer loop
      vertex -19.0604 41.7365 49.2816
      vertex -24.8061 38.5991 49.2816
      vertex -24.3011 37.8133 55.778
    endloop
  endfacet
  facet normal -0.474395 0.868789 -0.141967
    outer loop
      vertex -18.6724 40.8868 36.222
      vertex -24.3011 37.8133 36.222
      vertex -19.0604 41.7365 42.7184
    endloop
  endfacet
  facet normal 0.593214 0.792429 0.141965
    outer loop
      vertex 24.8061 38.5991 49.2816
      vertex 24.3011 37.8133 55.778
      vertex 30.0468 34.6759 49.2816
    endloop
  endfacet
  facet normal -0.365366 -0.199522 0.90923
    outer loop
      vertex -14.6227 -6.67794 89.0997
      vertex -18.5458 -11.9187 86.3732
      vertex -13.5234 -8.69099 89.0997
    endloop
  endfacet
  facet normal -0.247855 -0.135338 0.959297
    outer loop
      vertex -8.89438 -4.06193 90.9488
      vertex -14.6227 -6.67794 89.0997
      vertex -8.22578 -5.28639 90.9488
    endloop
  endfacet
  facet normal -0.247852 -0.135349 0.959297
    outer loop
      vertex -8.22578 -5.28639 90.9488
      vertex -14.6227 -6.67794 89.0997
      vertex -13.5234 -8.69099 89.0997
    endloop
  endfacet
  facet normal -0.264593 -0.0986879 0.959297
    outer loop
      vertex -9.38192 -2.75478 90.9488
      vertex -15.4242 -4.52895 89.0997
      vertex -8.89438 -4.06193 90.9488
    endloop
  endfacet
  facet normal 0.0986879 -0.264593 0.959297
    outer loop
      vertex 4.06193 -8.89438 90.9488
      vertex 2.75478 -9.38192 90.9488
      vertex 4.52895 -15.4242 89.0997
    endloop
  endfacet
  facet normal 0.0600296 -0.275944 0.959297
    outer loop
      vertex 2.75478 -9.38192 90.9488
      vertex 1.39155 -9.67848 90.9488
      vertex 4.52895 -15.4242 89.0997
    endloop
  endfacet
  facet normal -0.525006 -0.39302 0.75492
    outer loop
      vertex -20.8336 -18.0524 82.8249
      vertex -27.3634 -17.5854 78.5269
      vertex -24.5822 -21.3006 78.5269
    endloop
  endfacet
  facet normal -0.294367 -0.294367 0.909228
    outer loop
      vertex -12.1489 -10.5271 89.0997
      vertex -14.4367 -16.6608 86.3732
      vertex -10.5271 -12.1489 89.0997
    endloop
  endfacet
  facet normal -0.294367 -0.294367 0.909228
    outer loop
      vertex -14.4367 -16.6608 86.3732
      vertex -12.1489 -10.5271 89.0997
      vertex -16.6608 -14.4367 86.3732
    endloop
  endfacet
  facet normal -0.226073 -0.169237 0.959296
    outer loop
      vertex -8.22578 -5.28639 90.9488
      vertex -13.5234 -8.69099 89.0997
      vertex -12.1489 -10.5271 89.0997
    endloop
  endfacet
  facet normal -0.0884891 -0.406781 0.90923
    outer loop
      vertex -2.28776 -15.9117 89.0997
      vertex -6.21092 -21.1525 86.3732
      vertex -3.13739 -21.8211 86.3732
    endloop
  endfacet
  facet normal -0.135338 -0.247855 0.959297
    outer loop
      vertex -5.28639 -8.22578 90.9488
      vertex -6.67794 -14.6227 89.0997
      vertex -4.06193 -8.89438 90.9488
    endloop
  endfacet
  facet normal -0.199507 -0.365383 0.909226
    outer loop
      vertex -6.67794 -14.6227 89.0997
      vertex -11.9187 -18.5458 86.3732
      vertex -9.15801 -20.0532 86.3732
    endloop
  endfacet
  facet normal -0.259559 -0.475363 0.84063
    outer loop
      vertex -9.15801 -20.0532 86.3732
      vertex -11.9187 -18.5458 86.3732
      vertex -11.4517 -25.0756 82.8249
    endloop
  endfacet
  facet normal 0.259559 -0.475363 0.84063
    outer loop
      vertex 11.9187 -18.5458 86.3732
      vertex 9.15801 -20.0532 86.3732
      vertex 11.4517 -25.0756 82.8249
    endloop
  endfacet
  facet normal 0.114209 -0.0854961 0.989771
    outer loop
      vertex 8.22578 -5.28639 90.9488
      vertex 2.48007 -2.14899 91.8828
      vertex 7.38972 -6.40323 90.9488
    endloop
  endfacet
  facet normal 0.390051 -0.145476 0.909229
    outer loop
      vertex 15.4242 -4.52895 89.0997
      vertex 14.6227 -6.67794 89.0997
      vertex 21.1525 -6.21092 86.3732
    endloop
  endfacet
  facet normal 0.264593 -0.0986879 0.959297
    outer loop
      vertex 9.38192 -2.75478 90.9488
      vertex 8.89438 -4.06193 90.9488
      vertex 15.4242 -4.52895 89.0997
    endloop
  endfacet
  facet normal -0.0467873 -0.654148 0.754918
    outer loop
      vertex 0 -27.5668 82.8249
      vertex -3.92316 -27.2862 82.8249
      vertex 0 -32.5269 78.5269
    endloop
  endfacet
  facet normal 0.0539767 -0.75464 0.653915
    outer loop
      vertex 4.62906 -32.1958 78.5269
      vertex 0 -32.5269 78.5269
      vertex 5.24073 -36.4501 73.5668
    endloop
  endfacet
  facet normal -0.22918 -0.614469 0.75492
    outer loop
      vertex -11.4517 -25.0756 82.8249
      vertex -13.5122 -29.5875 78.5269
      vertex -9.16389 -31.2093 78.5269
    endloop
  endfacet
  facet normal -0.264389 -0.708871 0.653911
    outer loop
      vertex -9.16389 -31.2093 78.5269
      vertex -13.5122 -29.5875 78.5269
      vertex -10.3748 -35.3332 73.5668
    endloop
  endfacet
  facet normal -0.708863 -0.264386 0.653921
    outer loop
      vertex -29.5875 -13.5122 78.5269
      vertex -32 -9.39605 77.5759
      vertex -32 -12.1949 76.4443
    endloop
  endfacet
  facet normal -0.708864 -0.264387 0.653921
    outer loop
      vertex -32 -9.39605 77.5759
      vertex -29.5875 -13.5122 78.5269
      vertex -31.2093 -9.16389 78.5269
    endloop
  endfacet
  facet normal -0.595299 -0.595299 0.539665
    outer loop
      vertex -30.5121 -26.4388 68.0455
      vertex -24.1152 -27.8304 73.5668
      vertex -27.8304 -24.1152 73.5668
    endloop
  endfacet
  facet normal -0.595299 -0.595299 0.539665
    outer loop
      vertex -24.1152 -27.8304 73.5668
      vertex -30.5121 -26.4388 68.0455
      vertex -26.4388 -30.5121 68.0455
    endloop
  endfacet
  facet normal -0.841022 -0.466862 0.273352
    outer loop
      vertex -38.8185 -19.6804 60.3268
      vertex -38.5927 -19.933 60.5901
      vertex -38.8084 -19.6911 60.3396
    endloop
  endfacet
  facet normal -0.842289 -0.459939 0.281079
    outer loop
      vertex -37.8133 -24.3011 55.778
      vertex -38.5927 -19.933 60.5901
      vertex -38.8185 -19.6804 60.3268
    endloop
  endfacet
  facet normal -0.842343 -0.459879 0.281016
    outer loop
      vertex -38.5927 -19.933 60.5901
      vertex -37.8133 -24.3011 55.778
      vertex -38.3735 -20.192 60.8233
    endloop
  endfacet
  facet normal -0.842223 -0.46002 0.281143
    outer loop
      vertex -38.3735 -20.192 60.8233
      vertex -37.8133 -24.3011 55.778
      vertex -38.152 -20.4665 61.0377
    endloop
  endfacet
  facet normal -0.842311 -0.459911 0.281059
    outer loop
      vertex -38.152 -20.4665 61.0377
      vertex -37.8133 -24.3011 55.778
      vertex -37.9294 -20.7552 61.2324
    endloop
  endfacet
  facet normal -0.842301 -0.459924 0.281067
    outer loop
      vertex -37.9294 -20.7552 61.2324
      vertex -37.8133 -24.3011 55.778
      vertex -37.7065 -21.0569 61.4067
    endloop
  endfacet
  facet normal -0.84238 -0.459816 0.281007
    outer loop
      vertex -37.7065 -21.0569 61.4067
      vertex -37.8133 -24.3011 55.778
      vertex -37.4846 -21.3701 61.5594
    endloop
  endfacet
  facet normal -0.842258 -0.45999 0.281088
    outer loop
      vertex -37.4846 -21.3701 61.5594
      vertex -37.8133 -24.3011 55.778
      vertex -37.2647 -21.693 61.6899
    endloop
  endfacet
  facet normal -0.842258 -0.45999 0.281088
    outer loop
      vertex -37.2647 -21.693 61.6899
      vertex -37.8133 -24.3011 55.778
      vertex -37.0478 -22.0244 61.7975
    endloop
  endfacet
  facet normal -0.842353 -0.459843 0.281044
    outer loop
      vertex -37.0478 -22.0244 61.7975
      vertex -37.8133 -24.3011 55.778
      vertex -36.8485 -22.3412 61.8765
    endloop
  endfacet
  facet normal -0.842323 -0.459891 0.281055
    outer loop
      vertex -36.8485 -22.3412 61.8765
      vertex -37.8133 -24.3011 55.778
      vertex -36.616 -22.7275 61.9412
    endloop
  endfacet
  facet normal -0.84224 -0.460031 0.281075
    outer loop
      vertex -36.616 -22.7275 61.9412
      vertex -37.8133 -24.3011 55.778
      vertex -36.2916 -23.2913 61.9905
    endloop
  endfacet
  facet normal -0.843292 -0.458132 0.281024
    outer loop
      vertex -36.2916 -23.2913 61.9905
      vertex -37.8133 -24.3011 55.778
      vertex -36.2785 -23.3148 61.9915
    endloop
  endfacet
  facet normal -0.728518 -0.545362 0.414537
    outer loop
      vertex -32 -24.4512 68.0455
      vertex -32 -27.7282 63.7343
      vertex -30.5121 -26.4388 68.0455
    endloop
  endfacet
  facet normal -0.640828 -0.139411 0.75492
    outer loop
      vertex -27.2862 -3.92316 82.8249
      vertex -31.2093 -9.16389 78.5269
      vertex -26.4501 -7.76646 82.8249
    endloop
  endfacet
  facet normal -0.640839 -0.139372 0.754918
    outer loop
      vertex -32 -5.5293 78.5269
      vertex -27.2862 -3.92316 82.8249
      vertex -32 -4.6009 78.6983
    endloop
  endfacet
  facet normal -0.640828 -0.139411 0.75492
    outer loop
      vertex -27.2862 -3.92316 82.8249
      vertex -32 -5.5293 78.5269
      vertex -31.2093 -9.16389 78.5269
    endloop
  endfacet
  facet normal -0.540234 0.0386397 0.840627
    outer loop
      vertex -27.2862 3.92316 82.8249
      vertex -27.5668 0 82.8249
      vertex -22.0455 0 86.3732
    endloop
  endfacet
  facet normal -0.739264 0.160854 0.653922
    outer loop
      vertex -32 9.39605 77.5759
      vertex -32 8.57201 77.7786
      vertex -31.2093 9.16389 78.5269
    endloop
  endfacet
  facet normal -0.575598 0.314295 0.75492
    outer loop
      vertex -27.3634 17.5854 78.5269
      vertex -29.5875 13.5122 78.5269
      vertex -25.0756 11.4517 82.8249
    endloop
  endfacet
  facet normal -0.708865 0.264403 0.653912
    outer loop
      vertex -32 14.6139 75.4662
      vertex -32 12.1949 76.4443
      vertex -29.5875 13.5122 78.5269
    endloop
  endfacet
  facet normal -0.640828 0.139411 0.75492
    outer loop
      vertex -26.4501 7.76646 82.8249
      vertex -31.2093 9.16389 78.5269
      vertex -27.2862 3.92316 82.8249
    endloop
  endfacet
  facet normal -0.640828 0.139411 0.75492
    outer loop
      vertex -32 5.5293 78.5269
      vertex -27.2862 3.92316 82.8249
      vertex -31.2093 9.16389 78.5269
    endloop
  endfacet
  facet normal -0.640839 0.139372 0.754918
    outer loop
      vertex -27.2862 3.92316 82.8249
      vertex -32 5.5293 78.5269
      vertex -32 4.6009 78.6983
    endloop
  endfacet
  facet normal -0.846266 -0.4506 -0.284243
    outer loop
      vertex -40.207 -18.5235 33.9412
      vertex -40.4032 -18.4515 34.4112
      vertex -40.3712 -18.4588 34.3275
    endloop
  endfacet
  facet normal -0.842347 -0.459904 -0.280962
    outer loop
      vertex -37.8133 -24.3011 36.222
      vertex -40.207 -18.5235 33.9412
      vertex -40.0582 -18.6025 33.6244
    endloop
  endfacet
  facet normal -0.842266 -0.459942 -0.281142
    outer loop
      vertex -40.207 -18.5235 33.9412
      vertex -37.8133 -24.3011 36.222
      vertex -40.4032 -18.4515 34.4112
    endloop
  endfacet
  facet normal -0.842241 -0.459963 -0.281182
    outer loop
      vertex -37.8133 -24.3011 36.222
      vertex -40.0582 -18.6025 33.6244
      vertex -39.8888 -18.7101 33.293
    endloop
  endfacet
  facet normal -0.842306 -0.459921 -0.281056
    outer loop
      vertex -37.8133 -24.3011 36.222
      vertex -39.8888 -18.7101 33.293
      vertex -39.7098 -18.8406 32.9701
    endloop
  endfacet
  facet normal -0.842292 -0.459932 -0.281082
    outer loop
      vertex -37.8133 -24.3011 36.222
      vertex -39.7098 -18.8406 32.9701
      vertex -39.5219 -18.9933 32.6569
    endloop
  endfacet
  facet normal -0.842349 -0.459886 -0.280987
    outer loop
      vertex -37.8133 -24.3011 36.222
      vertex -39.5219 -18.9933 32.6569
      vertex -39.3261 -19.1676 32.3552
    endloop
  endfacet
  facet normal -0.842247 -0.459975 -0.281145
    outer loop
      vertex -37.8133 -24.3011 36.222
      vertex -39.3261 -19.1676 32.3552
      vertex -39.1234 -19.3623 32.0665
    endloop
  endfacet
  facet normal -0.842267 -0.459956 -0.281116
    outer loop
      vertex -37.8133 -24.3011 36.222
      vertex -39.1234 -19.3623 32.0665
      vertex -38.9147 -19.5767 31.792
    endloop
  endfacet
  facet normal -0.842492 -0.459727 -0.280816
    outer loop
      vertex -37.8133 -24.3011 36.222
      vertex -38.9147 -19.5767 31.792
      vertex -38.8181 -19.6822 31.6749
    endloop
  endfacet
  facet normal -0.842301 -0.459931 -0.281056
    outer loop
      vertex -40.4032 -18.4515 34.4112
      vertex -37.8133 -24.3011 36.222
      vertex -40.8868 -18.6724 36.222
    endloop
  endfacet
  facet normal -0.738906 -0.403482 -0.539648
    outer loop
      vertex -30.9791 -19.909 18.4332
      vertex -32 -19.3516 19.4143
      vertex -32 -18.0394 18.4332
    endloop
  endfacet
  facet normal -0.868789 -0.474396 -0.141965
    outer loop
      vertex -38.5991 -24.8061 42.7184
      vertex -41.7365 -19.0604 42.7184
      vertex -37.8133 -24.3011 36.222
    endloop
  endfacet
  facet normal -0.792429 -0.593214 -0.141965
    outer loop
      vertex -34.6759 -30.0468 42.7184
      vertex -38.5991 -24.8061 42.7184
      vertex -37.8133 -24.3011 36.222
    endloop
  endfacet
  facet normal -0.936957 -0.349444 0
    outer loop
      vertex -41.7365 -19.0604 42.7184
      vertex -41.9828 -18.4 49.2816
      vertex -41.9828 -18.4 42.7184
    endloop
  endfacet
  facet normal -0.936957 -0.349444 0
    outer loop
      vertex -41.9828 -18.4 49.2816
      vertex -41.7365 -19.0604 42.7184
      vertex -41.7365 -19.0604 49.2816
    endloop
  endfacet
  facet normal -0.281678 0.0201448 0.959298
    outer loop
      vertex -9.67848 1.39155 90.9488
      vertex -16.0754 0 89.0997
      vertex -9.778 0 90.9488
    endloop
  endfacet
  facet normal -0.281678 -0.0201448 0.959298
    outer loop
      vertex -9.778 0 90.9488
      vertex -16.0754 0 89.0997
      vertex -9.67848 -1.39155 90.9488
    endloop
  endfacet
  facet normal -0.0854965 0.114209 0.989771
    outer loop
      vertex -1.77417 2.76066 91.8828
      vertex -5.28639 8.22578 90.9488
      vertex -2.14899 2.48007 91.8828
    endloop
  endfacet
  facet normal -0.247855 0.135338 0.959297
    outer loop
      vertex -8.22578 5.28639 90.9488
      vertex -14.6227 6.67794 89.0997
      vertex -8.89438 4.06193 90.9488
    endloop
  endfacet
  facet normal 0 0 1
    outer loop
      vertex 3.2482 0.46702 91.8828
      vertex 3.2482 -0.46702 91.8828
      vertex 3.2816 0 91.8828
    endloop
  endfacet
  facet normal 0 0 1
    outer loop
      vertex 3.14867 0.924534 91.8828
      vertex 3.2482 -0.46702 91.8828
      vertex 3.2482 0.46702 91.8828
    endloop
  endfacet
  facet normal 0 0 1
    outer loop
      vertex 3.14867 0.924534 91.8828
      vertex 3.14867 -0.924534 91.8828
      vertex 3.2482 -0.46702 91.8828
    endloop
  endfacet
  facet normal 0 0 1
    outer loop
      vertex 2.98505 1.36323 91.8828
      vertex 3.14867 -0.924534 91.8828
      vertex 3.14867 0.924534 91.8828
    endloop
  endfacet
  facet normal 0 0 1
    outer loop
      vertex 2.98505 1.36323 91.8828
      vertex 2.98505 -1.36323 91.8828
      vertex 3.14867 -0.924534 91.8828
    endloop
  endfacet
  facet normal 0 0 1
    outer loop
      vertex 2.76066 1.77417 91.8828
      vertex 2.98505 -1.36323 91.8828
      vertex 2.98505 1.36323 91.8828
    endloop
  endfacet
  facet normal 0 0 1
    outer loop
      vertex 2.76066 1.77417 91.8828
      vertex 2.76066 -1.77417 91.8828
      vertex 2.98505 -1.36323 91.8828
    endloop
  endfacet
  facet normal 0 0 1
    outer loop
      vertex 2.48007 2.14899 91.8828
      vertex 2.76066 -1.77417 91.8828
      vertex 2.76066 1.77417 91.8828
    endloop
  endfacet
  facet normal 0 0 1
    outer loop
      vertex 2.48007 2.14899 91.8828
      vertex 2.48007 -2.14899 91.8828
      vertex 2.76066 -1.77417 91.8828
    endloop
  endfacet
  facet normal 0 0 1
    outer loop
      vertex 2.14899 2.48007 91.8828
      vertex 2.48007 -2.14899 91.8828
      vertex 2.48007 2.14899 91.8828
    endloop
  endfacet
  facet normal 0 0 1
    outer loop
      vertex 2.14899 2.48007 91.8828
      vertex 2.14899 -2.48007 91.8828
      vertex 2.48007 -2.14899 91.8828
    endloop
  endfacet
  facet normal 0 0 1
    outer loop
      vertex 1.77417 2.76066 91.8828
      vertex 2.14899 -2.48007 91.8828
      vertex 2.14899 2.48007 91.8828
    endloop
  endfacet
  facet normal 0 0 1
    outer loop
      vertex 1.77417 2.76066 91.8828
      vertex 1.77417 -2.76066 91.8828
      vertex 2.14899 -2.48007 91.8828
    endloop
  endfacet
  facet normal 0 0 1
    outer loop
      vertex 1.36323 2.98505 91.8828
      vertex 1.77417 -2.76066 91.8828
      vertex 1.77417 2.76066 91.8828
    endloop
  endfacet
  facet normal 0 0 1
    outer loop
      vertex 1.36323 2.98505 91.8828
      vertex 1.36323 -2.98505 91.8828
      vertex 1.77417 -2.76066 91.8828
    endloop
  endfacet
  facet normal 0 0 1
    outer loop
      vertex 0.924534 3.14867 91.8828
      vertex 1.36323 -2.98505 91.8828
      vertex 1.36323 2.98505 91.8828
    endloop
  endfacet
  facet normal 0 0 1
    outer loop
      vertex 0.924534 3.14867 91.8828
      vertex 0.924534 -3.14867 91.8828
      vertex 1.36323 -2.98505 91.8828
    endloop
  endfacet
  facet normal 0 0 1
    outer loop
      vertex 0.46702 3.2482 91.8828
      vertex 0.924534 -3.14867 91.8828
      vertex 0.924534 3.14867 91.8828
    endloop
  endfacet
  facet normal 0 0 1
    outer loop
      vertex 0.46702 3.2482 91.8828
      vertex 0.46702 -3.2482 91.8828
      vertex 0.924534 -3.14867 91.8828
    endloop
  endfacet
  facet normal 0 0 1
    outer loop
      vertex 0 3.2816 91.8828
      vertex 0.46702 -3.2482 91.8828
      vertex 0.46702 3.2482 91.8828
    endloop
  endfacet
  facet normal 0 0 1
    outer loop
      vertex 0 3.2816 91.8828
      vertex 0 -3.2816 91.8828
      vertex 0.46702 -3.2482 91.8828
    endloop
  endfacet
  facet normal -0 0 1
    outer loop
      vertex -0.46702 3.2482 91.8828
      vertex 0 -3.2816 91.8828
      vertex 0 3.2816 91.8828
    endloop
  endfacet
  facet normal 0 0 1
    outer loop
      vertex -0.46702 3.2482 91.8828
      vertex -0.46702 -3.2482 91.8828
      vertex 0 -3.2816 91.8828
    endloop
  endfacet
  facet normal -0 0 1
    outer loop
      vertex -0.924534 3.14867 91.8828
      vertex -0.46702 -3.2482 91.8828
      vertex -0.46702 3.2482 91.8828
    endloop
  endfacet
  facet normal 0 0 1
    outer loop
      vertex -0.924534 3.14867 91.8828
      vertex -0.924534 -3.14867 91.8828
      vertex -0.46702 -3.2482 91.8828
    endloop
  endfacet
  facet normal -0 0 1
    outer loop
      vertex -1.36323 2.98505 91.8828
      vertex -0.924534 -3.14867 91.8828
      vertex -0.924534 3.14867 91.8828
    endloop
  endfacet
  facet normal 0 0 1
    outer loop
      vertex -1.36323 2.98505 91.8828
      vertex -1.36323 -2.98505 91.8828
      vertex -0.924534 -3.14867 91.8828
    endloop
  endfacet
  facet normal -0 0 1
    outer loop
      vertex -1.77417 2.76066 91.8828
      vertex -1.36323 -2.98505 91.8828
      vertex -1.36323 2.98505 91.8828
    endloop
  endfacet
  facet normal 0 0 1
    outer loop
      vertex -1.77417 2.76066 91.8828
      vertex -1.77417 -2.76066 91.8828
      vertex -1.36323 -2.98505 91.8828
    endloop
  endfacet
  facet normal -0 0 1
    outer loop
      vertex -2.14899 2.48007 91.8828
      vertex -1.77417 -2.76066 91.8828
      vertex -1.77417 2.76066 91.8828
    endloop
  endfacet
  facet normal 0 0 1
    outer loop
      vertex -2.14899 2.48007 91.8828
      vertex -2.14899 -2.48007 91.8828
      vertex -1.77417 -2.76066 91.8828
    endloop
  endfacet
  facet normal -0 0 1
    outer loop
      vertex -2.48007 2.14899 91.8828
      vertex -2.14899 -2.48007 91.8828
      vertex -2.14899 2.48007 91.8828
    endloop
  endfacet
  facet normal 0 0 1
    outer loop
      vertex -2.48007 2.14899 91.8828
      vertex -2.48007 -2.14899 91.8828
      vertex -2.14899 -2.48007 91.8828
    endloop
  endfacet
  facet normal -0 0 1
    outer loop
      vertex -2.76066 1.77417 91.8828
      vertex -2.48007 -2.14899 91.8828
      vertex -2.48007 2.14899 91.8828
    endloop
  endfacet
  facet normal 0 0 1
    outer loop
      vertex -2.76066 1.77417 91.8828
      vertex -2.76066 -1.77417 91.8828
      vertex -2.48007 -2.14899 91.8828
    endloop
  endfacet
  facet normal -0 0 1
    outer loop
      vertex -2.98505 1.36323 91.8828
      vertex -2.76066 -1.77417 91.8828
      vertex -2.76066 1.77417 91.8828
    endloop
  endfacet
  facet normal 0 0 1
    outer loop
      vertex -2.98505 1.36323 91.8828
      vertex -2.98505 -1.36323 91.8828
      vertex -2.76066 -1.77417 91.8828
    endloop
  endfacet
  facet normal -0 0 1
    outer loop
      vertex -3.14867 0.924534 91.8828
      vertex -2.98505 -1.36323 91.8828
      vertex -2.98505 1.36323 91.8828
    endloop
  endfacet
  facet normal 0 0 1
    outer loop
      vertex -3.14867 0.924534 91.8828
      vertex -3.14867 -0.924534 91.8828
      vertex -2.98505 -1.36323 91.8828
    endloop
  endfacet
  facet normal -0 0 1
    outer loop
      vertex -3.2482 0.46702 91.8828
      vertex -3.14867 -0.924534 91.8828
      vertex -3.14867 0.924534 91.8828
    endloop
  endfacet
  facet normal 0 0 1
    outer loop
      vertex -3.2482 0.46702 91.8828
      vertex -3.2482 -0.46702 91.8828
      vertex -3.14867 -0.924534 91.8828
    endloop
  endfacet
  facet normal 0 -0 1
    outer loop
      vertex -3.2482 -0.46702 91.8828
      vertex -3.2482 0.46702 91.8828
      vertex -3.2816 0 91.8828
    endloop
  endfacet
  facet normal -0.169237 0.226073 0.959296
    outer loop
      vertex -8.69099 13.5234 89.0997
      vertex -10.5271 12.1489 89.0997
      vertex -5.28639 8.22578 90.9488
    endloop
  endfacet
  facet normal -0.249477 0.333262 0.909229
    outer loop
      vertex -8.69099 13.5234 89.0997
      vertex -11.9187 18.5458 86.3732
      vertex -10.5271 12.1489 89.0997
    endloop
  endfacet
  facet normal -0.160821 0.739278 0.653914
    outer loop
      vertex -5.24073 36.4501 73.5668
      vertex -9.16389 31.2093 78.5269
      vertex -4.62906 32.1958 78.5269
    endloop
  endfacet
  facet normal -0.178962 0.822638 0.539666
    outer loop
      vertex -5.24073 36.4501 73.5668
      vertex -11.3745 38.7378 68.0455
      vertex -10.3748 35.3332 73.5668
    endloop
  endfacet
  facet normal -0.318009 0.852656 0.414546
    outer loop
      vertex -12.1426 41.3538 62.0754
      vertex -17.9043 39.2049 62.0754
      vertex -16.7716 36.7248 68.0455
    endloop
  endfacet
  facet normal -0.335377 0.899182 0.281058
    outer loop
      vertex -12.6635 43.128 55.778
      vertex -18.6724 40.8868 55.778
      vertex -17.9043 39.2049 62.0754
    endloop
  endfacet
  facet normal -0.529239 0.115134 0.840625
    outer loop
      vertex -26.4501 7.76646 82.8249
      vertex -27.2862 3.92316 82.8249
      vertex -21.1525 6.21092 86.3732
    endloop
  endfacet
  facet normal -0.415237 0.0297122 0.909228
    outer loop
      vertex -15.9117 2.28776 89.0997
      vertex -22.0455 0 86.3732
      vertex -16.0754 0 89.0997
    endloop
  endfacet
  facet normal -0.189287 0.507455 0.84063
    outer loop
      vertex -6.21092 21.1525 86.3732
      vertex -11.4517 25.0756 82.8249
      vertex -9.15801 20.0532 86.3732
    endloop
  endfacet
  facet normal -0.0386397 0.540234 0.840627
    outer loop
      vertex 0 27.5668 82.8249
      vertex -3.92316 27.2862 82.8249
      vertex 0 22.0455 86.3732
    endloop
  endfacet
  facet normal -0.139411 0.640828 0.75492
    outer loop
      vertex -3.92316 27.2862 82.8249
      vertex -9.16389 31.2093 78.5269
      vertex -7.76646 26.4501 82.8249
    endloop
  endfacet
  facet normal -0.390051 -0.145476 0.909229
    outer loop
      vertex -15.4242 -4.52895 89.0997
      vertex -21.1525 -6.21092 86.3732
      vertex -14.6227 -6.67794 89.0997
    endloop
  endfacet
  facet normal -0.406785 -0.0884832 0.909229
    outer loop
      vertex -15.9117 -2.28776 89.0997
      vertex -21.1525 -6.21092 86.3732
      vertex -15.4242 -4.52895 89.0997
    endloop
  endfacet
  facet normal -0.475363 0.259559 0.84063
    outer loop
      vertex -18.5458 11.9187 86.3732
      vertex -25.0756 11.4517 82.8249
      vertex -20.0532 9.15801 86.3732
    endloop
  endfacet
  facet normal -0.247852 0.135349 0.959297
    outer loop
      vertex -13.5234 8.69099 89.0997
      vertex -14.6227 6.67794 89.0997
      vertex -8.22578 5.28639 90.9488
    endloop
  endfacet
  facet normal -0.28168 0.0201555 0.959297
    outer loop
      vertex -15.9117 2.28776 89.0997
      vertex -16.0754 0 89.0997
      vertex -9.67848 1.39155 90.9488
    endloop
  endfacet
  facet normal -0.275948 0.0600237 0.959297
    outer loop
      vertex -15.4242 4.52895 89.0997
      vertex -15.9117 2.28776 89.0997
      vertex -9.67848 1.39155 90.9488
    endloop
  endfacet
  facet normal -0.545356 0.728521 0.414541
    outer loop
      vertex -21.8274 33.9641 68.0455
      vertex -28.2243 32.5726 62.0754
      vertex -26.4388 30.5121 68.0455
    endloop
  endfacet
  facet normal -0.403473 0.7389 0.539663
    outer loop
      vertex -16.7716 36.7248 68.0455
      vertex -21.8274 33.9641 68.0455
      vertex -19.909 30.9791 73.5668
    endloop
  endfacet
  facet normal -0.595299 0.595299 0.539665
    outer loop
      vertex -30.5121 26.4388 68.0455
      vertex -24.1152 27.8304 73.5668
      vertex -26.4388 30.5121 68.0455
    endloop
  endfacet
  facet normal -0.595299 0.595299 0.539665
    outer loop
      vertex -24.1152 27.8304 73.5668
      vertex -30.5121 26.4388 68.0455
      vertex -27.8304 24.1152 73.5668
    endloop
  endfacet
  facet normal 0.259559 0.475363 0.84063
    outer loop
      vertex 11.4517 25.0756 82.8249
      vertex 9.15801 20.0532 86.3732
      vertex 11.9187 18.5458 86.3732
    endloop
  endfacet
  facet normal 0.229181 0.614469 0.75492
    outer loop
      vertex 9.16389 31.2093 78.5269
      vertex 7.76646 26.4501 82.8249
      vertex 11.4517 25.0756 82.8249
    endloop
  endfacet
  facet normal 0.189273 0.507469 0.840625
    outer loop
      vertex 7.76646 26.4501 82.8249
      vertex 6.21092 21.1525 86.3732
      vertex 11.4517 25.0756 82.8249
    endloop
  endfacet
  facet normal -0.0467873 0.654148 0.754918
    outer loop
      vertex 0 32.5269 78.5269
      vertex -3.92316 27.2862 82.8249
      vertex 0 27.5668 82.8249
    endloop
  endfacet
  facet normal 0.199522 0.365366 0.90923
    outer loop
      vertex 11.9187 18.5458 86.3732
      vertex 6.67794 14.6227 89.0997
      vertex 8.69099 13.5234 89.0997
    endloop
  endfacet
  facet normal 0.189287 0.507455 0.84063
    outer loop
      vertex 11.4517 25.0756 82.8249
      vertex 6.21092 21.1525 86.3732
      vertex 9.15801 20.0532 86.3732
    endloop
  endfacet
  facet normal -0.010177 0.142301 0.989771
    outer loop
      vertex 0 9.778 90.9488
      vertex -0.46702 3.2482 91.8828
      vertex 0 3.2816 91.8828
    endloop
  endfacet
  facet normal 0.247852 0.135349 0.959297
    outer loop
      vertex 13.5234 8.69099 89.0997
      vertex 8.22578 5.28639 90.9488
      vertex 14.6227 6.67794 89.0997
    endloop
  endfacet
  facet normal 0.169237 0.226073 0.959296
    outer loop
      vertex 10.5271 12.1489 89.0997
      vertex 5.28639 8.22578 90.9488
      vertex 6.40323 7.38972 90.9488
    endloop
  endfacet
  facet normal 0.433576 0.32458 0.840631
    outer loop
      vertex 20.8336 18.0524 82.8249
      vertex 16.6608 14.4367 86.3732
      vertex 18.5458 11.9187 86.3732
    endloop
  endfacet
  facet normal 0.0498548 0.13367 0.989771
    outer loop
      vertex 2.75478 9.38192 90.9488
      vertex 0.924534 3.14867 91.8828
      vertex 1.36323 2.98505 91.8828
    endloop
  endfacet
  facet normal 0.365366 0.199522 0.90923
    outer loop
      vertex 18.5458 11.9187 86.3732
      vertex 13.5234 8.69099 89.0997
      vertex 14.6227 6.67794 89.0997
    endloop
  endfacet
  facet normal 0.139404 -0.0303263 0.989771
    outer loop
      vertex 9.67848 -1.39155 90.9488
      vertex 3.2482 -0.46702 91.8828
      vertex 9.38192 -2.75478 90.9488
    endloop
  endfacet
  facet normal 0.281678 -0.0201448 0.959298
    outer loop
      vertex 9.778 0 90.9488
      vertex 9.67848 -1.39155 90.9488
      vertex 16.0754 0 89.0997
    endloop
  endfacet
  facet normal 0.406785 0.0884832 0.909229
    outer loop
      vertex 21.1525 6.21092 86.3732
      vertex 15.4242 4.52895 89.0997
      vertex 15.9117 2.28776 89.0997
    endloop
  endfacet
  facet normal 0.275948 0.0600237 0.959297
    outer loop
      vertex 15.4242 4.52895 89.0997
      vertex 9.67848 1.39155 90.9488
      vertex 15.9117 2.28776 89.0997
    endloop
  endfacet
  facet normal -0.927403 -0.346075 -0.14197
    outer loop
      vertex -41.7365 -19.0604 42.7184
      vertex -41.0356 -18.4 36.53
      vertex -40.8868 -18.6724 36.222
    endloop
  endfacet
  facet normal -0.927468 -0.345905 -0.141959
    outer loop
      vertex -41.0356 -18.4 36.53
      vertex -41.7365 -19.0604 42.7184
      vertex -41.9828 -18.4 42.7184
    endloop
  endfacet
  facet normal -0.868789 0.474395 -0.141967
    outer loop
      vertex -40.8868 18.6724 36.222
      vertex -41.7365 19.0604 42.7184
      vertex -37.8133 24.3011 36.222
    endloop
  endfacet
  facet normal -0.868789 0.474396 -0.141965
    outer loop
      vertex -37.8133 24.3011 36.222
      vertex -41.7365 19.0604 42.7184
      vertex -38.5991 24.8061 42.7184
    endloop
  endfacet
  facet normal -0.927438 0.345917 0.142127
    outer loop
      vertex -40.8868 18.6724 55.778
      vertex -41.0356 18.4 55.47
      vertex -40.9884 18.4 55.778
    endloop
  endfacet
  facet normal -0.868789 0.474396 0.141965
    outer loop
      vertex -38.5991 24.8061 49.2816
      vertex -41.7365 19.0604 49.2816
      vertex -37.8133 24.3011 55.778
    endloop
  endfacet
  facet normal -0.678602 0.678602 -0.281068
    outer loop
      vertex -28.2243 32.5726 29.9246
      vertex -33.97 29.4352 36.222
      vertex -29.4352 33.97 36.222
    endloop
  endfacet
  facet normal -0.678604 0.678598 -0.281071
    outer loop
      vertex -28.2243 32.5726 29.9246
      vertex -32 28.8281 30
      vertex -33.97 29.4352 36.222
    endloop
  endfacet
  facet normal -0.678653 0.678653 -0.280822
    outer loop
      vertex -32 28.8281 30
      vertex -28.2243 32.5726 29.9246
      vertex -32 28.7969 29.9246
    endloop
  endfacet
  facet normal -0.678601 0.678601 -0.281071
    outer loop
      vertex -33.97 29.4352 36.222
      vertex -32 28.8281 30
      vertex -32.5893 28.2388 30
    endloop
  endfacet
  facet normal -0.792429 0.593214 -0.141965
    outer loop
      vertex -37.8133 24.3011 36.222
      vertex -38.5991 24.8061 42.7184
      vertex -34.6759 30.0468 42.7184
    endloop
  endfacet
  facet normal -0.575116 0.768273 -0.281067
    outer loop
      vertex -23.3014 36.2578 29.9246
      vertex -28.2243 32.5726 29.9246
      vertex -24.3011 37.8133 36.222
    endloop
  endfacet
  facet normal -0.459937 0.842294 -0.281066
    outer loop
      vertex -23.3014 36.2578 29.9246
      vertex -24.3011 37.8133 36.222
      vertex -17.9043 39.2049 29.9246
    endloop
  endfacet
  facet normal -0.345924 0.927461 -0.141961
    outer loop
      vertex -12.6635 43.128 36.222
      vertex -18.6724 40.8868 36.222
      vertex -12.9267 44.0242 42.7184
    endloop
  endfacet
  facet normal -0.210409 0.967251 -0.14196
    outer loop
      vertex -12.6635 43.128 36.222
      vertex -12.9267 44.0242 42.7184
      vertex -6.39687 44.4912 36.222
    endloop
  endfacet
  facet normal -0.673961 0.504517 0.539666
    outer loop
      vertex -30.5121 26.4388 68.0455
      vertex -30.9791 19.909 73.5668
      vertex -27.8304 24.1152 73.5668
    endloop
  endfacet
  facet normal -0.643487 0.643487 0.414548
    outer loop
      vertex -32 27.7282 63.7343
      vertex -28.2243 32.5726 62.0754
      vertex -32 28.7969 62.0754
    endloop
  endfacet
  facet normal -0.64349 0.643487 0.414542
    outer loop
      vertex -28.2243 32.5726 62.0754
      vertex -32 27.7282 63.7343
      vertex -26.4388 30.5121 68.0455
    endloop
  endfacet
  facet normal -0.643489 0.643489 0.41454
    outer loop
      vertex -26.4388 30.5121 68.0455
      vertex -32 27.7282 63.7343
      vertex -30.5121 26.4388 68.0455
    endloop
  endfacet
  facet normal 0.294205 -0.788799 -0.539667
    outer loop
      vertex 11.3745 -38.7378 23.9545
      vertex 10.3748 -35.3332 18.4332
      vertex 16.7716 -36.7248 23.9545
    endloop
  endfacet
  facet normal 0.178959 -0.82264 -0.539664
    outer loop
      vertex 5.74571 -39.9623 23.9545
      vertex 5.24073 -36.4501 18.4332
      vertex 11.3745 -38.7378 23.9545
    endloop
  endfacet
  facet normal 0.39302 -0.525006 -0.75492
    outer loop
      vertex 21.3006 -24.5822 13.4731
      vertex 17.5854 -27.3634 13.4731
      vertex 18.0524 -20.8336 9.1751
    endloop
  endfacet
  facet normal 0.575586 -0.314304 -0.754926
    outer loop
      vertex 27.3634 -17.5854 13.4731
      vertex 23.1906 -14.9037 9.1751
      vertex 25.0756 -11.4517 9.1751
    endloop
  endfacet
  facet normal 0.393003 -0.525009 -0.754927
    outer loop
      vertex 17.5854 -27.3634 13.4731
      vertex 14.9037 -23.1906 9.1751
      vertex 18.0524 -20.8336 9.1751
    endloop
  endfacet
  facet normal 0.145492 -0.390046 -0.909228
    outer loop
      vertex 9.15801 -20.0532 5.62677
      vertex 6.21092 -21.1525 5.62677
      vertex 6.67794 -14.6227 2.90031
    endloop
  endfacet
  facet normal 0.199505 -0.365379 -0.909228
    outer loop
      vertex 9.15801 -20.0532 5.62677
      vertex 6.67794 -14.6227 2.90031
      vertex 11.9187 -18.5458 5.62677
    endloop
  endfacet
  facet normal 0.507458 -0.189288 -0.840628
    outer loop
      vertex 25.0756 -11.4517 9.1751
      vertex 20.0532 -9.15801 5.62677
      vertex 21.1525 -6.21092 5.62677
    endloop
  endfacet
  facet normal 0.275943 -0.0600228 -0.959298
    outer loop
      vertex 15.4242 -4.52895 2.90031
      vertex 9.67848 -1.39155 1.05124
      vertex 15.9117 -2.28776 2.90031
    endloop
  endfacet
  facet normal 0.40678 -0.0884821 -0.909231
    outer loop
      vertex 21.1525 -6.21092 5.62677
      vertex 15.4242 -4.52895 2.90031
      vertex 15.9117 -2.28776 2.90031
    endloop
  endfacet
  facet normal 0.199685 -0.199685 -0.959298
    outer loop
      vertex 10.5271 -12.1489 2.90031
      vertex 7.38972 -6.40323 1.05124
      vertex 12.1489 -10.5271 2.90031
    endloop
  endfacet
  facet normal 0.199685 -0.199685 -0.959298
    outer loop
      vertex 7.38972 -6.40323 1.05124
      vertex 10.5271 -12.1489 2.90031
      vertex 6.40323 -7.38972 1.05124
    endloop
  endfacet
  facet normal -0.0986864 -0.264589 -0.959298
    outer loop
      vertex -2.75478 -9.38192 1.05124
      vertex -4.52895 -15.4242 2.90031
      vertex -4.06193 -8.89438 1.05124
    endloop
  endfacet
  facet normal 0.614469 -0.22918 -0.75492
    outer loop
      vertex 29.5875 -13.5122 13.4731
      vertex 25.0756 -11.4517 9.1751
      vertex 31.2093 -9.16389 13.4731
    endloop
  endfacet
  facet normal 0.145474 0.390046 -0.909231
    outer loop
      vertex 6.67794 14.6227 2.90031
      vertex 4.52895 15.4242 2.90031
      vertex 6.21092 21.1525 5.62677
    endloop
  endfacet
  facet normal 0.199505 0.365379 -0.909228
    outer loop
      vertex 11.9187 18.5458 5.62677
      vertex 6.67794 14.6227 2.90031
      vertex 9.15801 20.0532 5.62677
    endloop
  endfacet
  facet normal 0.029699 0.415229 -0.909232
    outer loop
      vertex 2.28776 15.9117 2.90031
      vertex 0 22.0455 5.62677
      vertex 3.13739 21.8211 5.62677
    endloop
  endfacet
  facet normal 0.088488 0.406776 -0.909232
    outer loop
      vertex 6.21092 21.1525 5.62677
      vertex 2.28776 15.9117 2.90031
      vertex 3.13739 21.8211 5.62677
    endloop
  endfacet
  facet normal 0.415229 0.029699 -0.909232
    outer loop
      vertex 22.0455 0 5.62677
      vertex 15.9117 2.28776 2.90031
      vertex 21.8211 3.13739 5.62677
    endloop
  endfacet
  facet normal 0.540238 0.0386402 -0.840625
    outer loop
      vertex 22.0455 0 5.62677
      vertex 21.8211 3.13739 5.62677
      vertex 27.2862 3.92316 9.1751
    endloop
  endfacet
  facet normal 0.125219 0.0683743 -0.98977
    outer loop
      vertex 8.89438 4.06193 1.05124
      vertex 2.98505 1.36323 0.117202
      vertex 8.22578 5.28639 1.05124
    endloop
  endfacet
  facet normal 0.433595 0.324573 -0.840624
    outer loop
      vertex 23.1906 14.9037 9.1751
      vertex 18.5458 11.9187 5.62677
      vertex 20.8336 18.0524 9.1751
    endloop
  endfacet
  facet normal 0.65415 0.0467868 -0.754917
    outer loop
      vertex 32 0.394441 13.041
      vertex 27.2862 3.92316 9.1751
      vertex 32 4.6009 13.3017
    endloop
  endfacet
  facet normal 0.654141 0.0468904 -0.754917
    outer loop
      vertex 27.5668 0 9.1751
      vertex 32 0.394441 13.041
      vertex 32 0 13.0165
    endloop
  endfacet
  facet normal 0.65415 0.0467874 -0.754917
    outer loop
      vertex 32 0.394441 13.041
      vertex 27.5668 0 9.1751
      vertex 27.2862 3.92316 9.1751
    endloop
  endfacet
  facet normal -0.738908 -0.403458 -0.539663
    outer loop
      vertex -30.9791 -19.909 18.4332
      vertex -32 -20.5652 20.3216
      vertex -32 -19.3516 19.4143
    endloop
  endfacet
  facet normal -0.453401 -0.605664 -0.65391
    outer loop
      vertex -17.5854 -27.3634 13.4731
      vertex -24.1152 -27.8304 18.4332
      vertex -21.3006 -24.5822 13.4731
    endloop
  endfacet
  facet normal -0.708864 -0.264387 -0.653921
    outer loop
      vertex -29.5875 -13.5122 13.4731
      vertex -32 -9.39605 14.4241
      vertex -31.2093 -9.16389 13.4731
    endloop
  endfacet
  facet normal -0.708863 -0.264386 -0.653921
    outer loop
      vertex -32 -9.39605 14.4241
      vertex -29.5875 -13.5122 13.4731
      vertex -32 -12.1949 15.5557
    endloop
  endfacet
  facet normal -0.349457 -0.936952 0
    outer loop
      vertex -19.0604 -41.7365 42.7184
      vertex -12.9267 -44.0242 49.2816
      vertex -19.0604 -41.7365 49.2816
    endloop
  endfacet
  facet normal -0.349457 -0.936952 -0
    outer loop
      vertex -12.9267 -44.0242 49.2816
      vertex -19.0604 -41.7365 42.7184
      vertex -12.9267 -44.0242 42.7184
    endloop
  endfacet
  facet normal -0.474396 -0.868789 0.141965
    outer loop
      vertex -24.3011 -37.8133 55.778
      vertex -24.8061 -38.5991 49.2816
      vertex -19.0604 -41.7365 49.2816
    endloop
  endfacet
  facet normal -0.768198 -0.57522 0.28106
    outer loop
      vertex -37.8133 -24.3011 55.778
      vertex -36.1299 -23.5091 62
      vertex -36.2785 -23.3148 61.9915
    endloop
  endfacet
  facet normal -0.768268 -0.575123 0.281067
    outer loop
      vertex -36.1299 -23.5091 62
      vertex -37.8133 -24.3011 55.778
      vertex -32.6353 -28.1773 62
    endloop
  endfacet
  facet normal -0.792437 -0.593205 0.141953
    outer loop
      vertex -33.97 -29.4352 55.778
      vertex -37.8133 -24.3011 55.778
      vertex -34.6759 -30.0468 49.2816
    endloop
  endfacet
  facet normal -0.345918 -0.927462 0.141968
    outer loop
      vertex -18.6724 -40.8868 55.778
      vertex -19.0604 -41.7365 49.2816
      vertex -12.9267 -44.0242 49.2816
    endloop
  endfacet
  facet normal -0.345924 -0.927461 -0.141961
    outer loop
      vertex -12.9267 -44.0242 42.7184
      vertex -18.6724 -40.8868 36.222
      vertex -12.6635 -43.128 36.222
    endloop
  endfacet
  facet normal -0.335377 -0.899182 -0.281058
    outer loop
      vertex -12.6635 -43.128 36.222
      vertex -18.6724 -40.8868 36.222
      vertex -17.9043 -39.2049 29.9246
    endloop
  endfacet
  facet normal -0.474395 -0.868789 0.141967
    outer loop
      vertex -18.6724 -40.8868 55.778
      vertex -24.3011 -37.8133 55.778
      vertex -19.0604 -41.7365 49.2816
    endloop
  endfacet
  facet normal -0.575116 -0.768273 0.281067
    outer loop
      vertex -23.3014 -36.2578 62.0754
      vertex -28.2243 -32.5726 62.0754
      vertex -24.3011 -37.8133 55.778
    endloop
  endfacet
  facet normal -0.318022 -0.852656 0.414536
    outer loop
      vertex -11.3745 -38.7378 68.0455
      vertex -16.7716 -36.7248 68.0455
      vertex -12.1426 -41.3538 62.0754
    endloop
  endfacet
  facet normal -0.335362 -0.899183 0.281072
    outer loop
      vertex -12.1426 -41.3538 62.0754
      vertex -17.9043 -39.2049 62.0754
      vertex -12.6635 -43.128 55.778
    endloop
  endfacet
  facet normal 0.210409 -0.967251 -0.14196
    outer loop
      vertex 12.9267 -44.0242 42.7184
      vertex 6.39687 -44.4912 36.222
      vertex 12.6635 -43.128 36.222
    endloop
  endfacet
  facet normal 0.0706299 -0.987348 -0.14197
    outer loop
      vertex 6.5298 -45.4158 42.7184
      vertex 0 -44.9488 36.222
      vertex 6.39687 -44.4912 36.222
    endloop
  endfacet
  facet normal -0.436134 -0.798712 -0.414544
    outer loop
      vertex -16.7716 -36.7248 23.9545
      vertex -23.3014 -36.2578 29.9246
      vertex -21.8274 -33.9641 23.9545
    endloop
  endfacet
  facet normal -0.264389 -0.708871 -0.653911
    outer loop
      vertex -10.3748 -35.3332 18.4332
      vertex -13.5122 -29.5875 13.4731
      vertex -9.16389 -31.2093 13.4731
    endloop
  endfacet
  facet normal -0.0539767 -0.75464 -0.653915
    outer loop
      vertex 0 -32.5269 13.4731
      vertex -5.24073 -36.4501 18.4332
      vertex -4.62906 -32.1958 13.4731
    endloop
  endfacet
  facet normal 0.0600531 -0.839737 -0.539662
    outer loop
      vertex 5.74571 -39.9623 23.9545
      vertex 0 -40.3732 23.9545
      vertex 0 -36.8249 18.4332
    endloop
  endfacet
  facet normal -0.504516 -0.673964 0.539664
    outer loop
      vertex -19.909 -30.9791 73.5668
      vertex -26.4388 -30.5121 68.0455
      vertex -21.8274 -33.9641 68.0455
    endloop
  endfacet
  facet normal -0.403473 -0.7389 0.539663
    outer loop
      vertex -19.909 -30.9791 73.5668
      vertex -21.8274 -33.9641 68.0455
      vertex -16.7716 -36.7248 68.0455
    endloop
  endfacet
  facet normal 0.0649144 -0.907714 0.414538
    outer loop
      vertex 5.74571 -39.9623 68.0455
      vertex 0 -40.3732 68.0455
      vertex 6.13372 -42.661 62.0754
    endloop
  endfacet
  facet normal -0.193448 -0.889233 0.414538
    outer loop
      vertex -5.74571 -39.9623 68.0455
      vertex -12.1426 -41.3538 62.0754
      vertex -6.13372 -42.661 62.0754
    endloop
  endfacet
  facet normal 0.45993 -0.8423 0.281058
    outer loop
      vertex 24.3011 -37.8133 55.778
      vertex 17.9043 -39.2049 62.0754
      vertex 18.6724 -40.8868 55.778
    endloop
  endfacet
  facet normal 0.436137 -0.798708 0.414547
    outer loop
      vertex 23.3014 -36.2578 62.0754
      vertex 16.7716 -36.7248 68.0455
      vertex 17.9043 -39.2049 62.0754
    endloop
  endfacet
  facet normal 0.324571 -0.433592 0.840626
    outer loop
      vertex 18.0524 -20.8336 82.8249
      vertex 11.9187 -18.5458 86.3732
      vertex 14.9037 -23.1906 82.8249
    endloop
  endfacet
  facet normal 0.259576 -0.475361 0.840626
    outer loop
      vertex 11.9187 -18.5458 86.3732
      vertex 11.4517 -25.0756 82.8249
      vertex 14.9037 -23.1906 82.8249
    endloop
  endfacet
  facet normal 0.203994 -0.937758 0.281063
    outer loop
      vertex 12.6635 -43.128 55.778
      vertex 6.13372 -42.661 62.0754
      vertex 6.39687 -44.4912 55.778
    endloop
  endfacet
  facet normal 0.0684764 -0.957243 0.281063
    outer loop
      vertex 6.13372 -42.661 62.0754
      vertex 0 -44.9488 55.778
      vertex 6.39687 -44.4912 55.778
    endloop
  endfacet
  facet normal 0.575598 0.314295 -0.75492
    outer loop
      vertex 29.5875 13.5122 13.4731
      vertex 25.0756 11.4517 9.1751
      vertex 27.3634 17.5854 13.4731
    endloop
  endfacet
  facet normal 0.738906 0.403482 -0.539648
    outer loop
      vertex 32 18.0394 18.4332
      vertex 30.9791 19.909 18.4332
      vertex 32 19.3516 19.4143
    endloop
  endfacet
  facet normal 0.842292 0.459936 -0.281075
    outer loop
      vertex 37.8133 24.3011 36.222
      vertex 39.0198 19.4671 31.9274
      vertex 38.8185 19.6804 31.6732
    endloop
  endfacet
  facet normal 0.842365 0.459864 -0.280974
    outer loop
      vertex 37.8133 24.3011 36.222
      vertex 39.2256 19.2623 32.2092
      vertex 39.0198 19.4671 31.9274
    endloop
  endfacet
  facet normal 0.842191 0.460023 -0.281235
    outer loop
      vertex 37.8133 24.3011 36.222
      vertex 39.4249 19.0779 32.5044
      vertex 39.2256 19.2623 32.2092
    endloop
  endfacet
  facet normal 0.842395 0.459851 -0.280904
    outer loop
      vertex 37.8133 24.3011 36.222
      vertex 39.6169 18.9142 32.8122
      vertex 39.4249 19.0779 32.5044
    endloop
  endfacet
  facet normal 0.842288 0.459934 -0.281092
    outer loop
      vertex 37.8133 24.3011 36.222
      vertex 39.8005 18.7725 33.1305
      vertex 39.6169 18.9142 32.8122
    endloop
  endfacet
  facet normal 0.842303 0.459932 -0.281047
    outer loop
      vertex 40.3975 18.4489 34.3898
      vertex 37.8133 24.3011 36.222
      vertex 40.8868 18.6724 36.222
    endloop
  endfacet
  facet normal 0.842284 0.459936 -0.281099
    outer loop
      vertex 37.8133 24.3011 36.222
      vertex 39.9747 18.6534 33.4576
      vertex 39.8005 18.7725 33.1305
    endloop
  endfacet
  facet normal 0.842242 0.459961 -0.281182
    outer loop
      vertex 37.8133 24.3011 36.222
      vertex 40.139 18.5574 33.7927
      vertex 39.9747 18.6534 33.4576
    endloop
  endfacet
  facet normal 0.842366 0.459898 -0.280915
    outer loop
      vertex 37.8133 24.3011 36.222
      vertex 40.2922 18.4849 34.1334
      vertex 40.139 18.5574 33.7927
    endloop
  endfacet
  facet normal 0.842201 0.459966 -0.281299
    outer loop
      vertex 37.8133 24.3011 36.222
      vertex 40.3975 18.4489 34.3898
      vertex 40.2922 18.4849 34.1334
    endloop
  endfacet
  facet normal 0.868789 0.474395 -0.141967
    outer loop
      vertex 40.8868 18.6724 36.222
      vertex 37.8133 24.3011 36.222
      vertex 41.7365 19.0604 42.7184
    endloop
  endfacet
  facet normal 0.739257 0.160824 -0.653938
    outer loop
      vertex 32 5.5293 13.4731
      vertex 31.2093 9.16389 13.4731
      vertex 32 8.57201 14.2214
    endloop
  endfacet
  facet normal 0.899174 -0.335375 -0.281088
    outer loop
      vertex 40.8868 -18.6724 36.222
      vertex 40.6405 -18.4 35.1091
      vertex 40.9884 -18.4 36.222
    endloop
  endfacet
  facet normal 0.899325 -0.335015 -0.281033
    outer loop
      vertex 40.6405 -18.4 35.1091
      vertex 40.8868 -18.6724 36.222
      vertex 40.5689 -18.4095 34.8913
    endloop
  endfacet
  facet normal 0.899265 -0.335164 -0.281048
    outer loop
      vertex 40.5689 -18.4095 34.8913
      vertex 40.8868 -18.6724 36.222
      vertex 40.4032 -18.4515 34.4112
    endloop
  endfacet
  facet normal 0.643487 -0.643487 -0.414548
    outer loop
      vertex 28.2243 -32.5726 29.9246
      vertex 32 -27.7282 28.2657
      vertex 32 -28.7969 29.9246
    endloop
  endfacet
  facet normal 0.643489 -0.643489 -0.41454
    outer loop
      vertex 32 -27.7282 28.2657
      vertex 26.4388 -30.5121 23.9545
      vertex 30.5121 -26.4388 23.9545
    endloop
  endfacet
  facet normal 0.64349 -0.643487 -0.414542
    outer loop
      vertex 32 -27.7282 28.2657
      vertex 28.2243 -32.5726 29.9246
      vertex 26.4388 -30.5121 23.9545
    endloop
  endfacet
  facet normal 0.678601 -0.678601 -0.281071
    outer loop
      vertex 32.5893 -28.2388 30
      vertex 33.97 -29.4352 36.222
      vertex 32 -28.8281 30
    endloop
  endfacet
  facet normal 0.678653 -0.678653 -0.280822
    outer loop
      vertex 32 -28.8281 30
      vertex 28.2243 -32.5726 29.9246
      vertex 32 -28.7969 29.9246
    endloop
  endfacet
  facet normal 0.678604 -0.678598 -0.281071
    outer loop
      vertex 33.97 -29.4352 36.222
      vertex 28.2243 -32.5726 29.9246
      vertex 32 -28.8281 30
    endloop
  endfacet
  facet normal 0.678602 -0.678602 -0.281068
    outer loop
      vertex 28.2243 -32.5726 29.9246
      vertex 33.97 -29.4352 36.222
      vertex 29.4352 -33.97 36.222
    endloop
  endfacet
  facet normal 0.453401 -0.605664 -0.65391
    outer loop
      vertex 24.1152 -27.8304 18.4332
      vertex 17.5854 -27.3634 13.4731
      vertex 21.3006 -24.5822 13.4731
    endloop
  endfacet
  facet normal 0.534977 -0.534977 -0.65391
    outer loop
      vertex 24.1152 -27.8304 18.4332
      vertex 24.5822 -21.3006 13.4731
      vertex 27.8304 -24.1152 18.4332
    endloop
  endfacet
  facet normal 0.534977 -0.534977 -0.65391
    outer loop
      vertex 24.5822 -21.3006 13.4731
      vertex 24.1152 -27.8304 18.4332
      vertex 21.3006 -24.5822 13.4731
    endloop
  endfacet
  facet normal 0.189288 -0.507458 -0.840628
    outer loop
      vertex 11.4517 -25.0756 9.1751
      vertex 6.21092 -21.1525 5.62677
      vertex 9.15801 -20.0532 5.62677
    endloop
  endfacet
  facet normal 0.25956 -0.475365 -0.840628
    outer loop
      vertex 11.4517 -25.0756 9.1751
      vertex 9.15801 -20.0532 5.62677
      vertex 11.9187 -18.5458 5.62677
    endloop
  endfacet
  facet normal 0.178962 -0.822638 -0.539666
    outer loop
      vertex 11.3745 -38.7378 23.9545
      vertex 5.24073 -36.4501 18.4332
      vertex 10.3748 -35.3332 18.4332
    endloop
  endfacet
  facet normal 0.403468 -0.7389 -0.539666
    outer loop
      vertex 16.7716 -36.7248 23.9545
      vertex 15.2976 -33.4971 18.4332
      vertex 19.909 -30.9791 18.4332
    endloop
  endfacet
  facet normal 0.792437 -0.593205 -0.141953
    outer loop
      vertex 34.6759 -30.0468 42.7184
      vertex 33.97 -29.4352 36.222
      vertex 37.8133 -24.3011 36.222
    endloop
  endfacet
  facet normal 0.605664 -0.453401 0.65391
    outer loop
      vertex 27.3634 -17.5854 78.5269
      vertex 24.5822 -21.3006 78.5269
      vertex 27.8304 -24.1152 73.5668
    endloop
  endfacet
  facet normal 0.525006 -0.39302 0.75492
    outer loop
      vertex 27.3634 -17.5854 78.5269
      vertex 20.8336 -18.0524 82.8249
      vertex 24.5822 -21.3006 78.5269
    endloop
  endfacet
  facet normal 0.936957 -0.349444 0
    outer loop
      vertex 41.7365 -19.0604 49.2816
      vertex 41.9828 -18.4 42.7184
      vertex 41.9828 -18.4 49.2816
    endloop
  endfacet
  facet normal 0.936957 -0.349444 0
    outer loop
      vertex 41.9828 -18.4 42.7184
      vertex 41.7365 -19.0604 49.2816
      vertex 41.7365 -19.0604 42.7184
    endloop
  endfacet
  facet normal 0.540234 0.0386397 0.840627
    outer loop
      vertex 27.2862 3.92316 82.8249
      vertex 22.0455 0 86.3732
      vertex 27.5668 0 82.8249
    endloop
  endfacet
  facet normal 0.415234 0.0296993 0.90923
    outer loop
      vertex 21.8211 3.13739 86.3732
      vertex 15.9117 2.28776 89.0997
      vertex 22.0455 0 86.3732
    endloop
  endfacet
  facet normal 0.28168 -0.0201555 0.959297
    outer loop
      vertex 16.0754 0 89.0997
      vertex 9.67848 -1.39155 90.9488
      vertex 15.9117 -2.28776 89.0997
    endloop
  endfacet
  facet normal 0.275948 -0.0600237 0.959297
    outer loop
      vertex 15.9117 -2.28776 89.0997
      vertex 9.67848 -1.39155 90.9488
      vertex 15.4242 -4.52895 89.0997
    endloop
  endfacet
  facet normal 0.507469 -0.189273 0.840625
    outer loop
      vertex 26.4501 -7.76646 82.8249
      vertex 21.1525 -6.21092 86.3732
      vertex 25.0756 -11.4517 82.8249
    endloop
  endfacet
  facet normal 0.529239 -0.115134 0.840625
    outer loop
      vertex 27.2862 -3.92316 82.8249
      vertex 21.1525 -6.21092 86.3732
      vertex 26.4501 -7.76646 82.8249
    endloop
  endfacet
  facet normal 0.139404 -0.0303267 0.989771
    outer loop
      vertex 3.2482 -0.46702 91.8828
      vertex 3.14867 -0.924534 91.8828
      vertex 9.38192 -2.75478 90.9488
    endloop
  endfacet
  facet normal 0.247852 -0.135349 0.959297
    outer loop
      vertex 14.6227 -6.67794 89.0997
      vertex 8.22578 -5.28639 90.9488
      vertex 13.5234 -8.69099 89.0997
    endloop
  endfacet
  facet normal -0.504517 0.673961 -0.539666
    outer loop
      vertex -24.1152 27.8304 18.4332
      vertex -26.4388 30.5121 23.9545
      vertex -19.909 30.9791 18.4332
    endloop
  endfacet
  facet normal -0.529242 -0.115135 -0.840623
    outer loop
      vertex -26.4501 -7.76646 9.1751
      vertex -27.2862 -3.92316 9.1751
      vertex -21.1525 -6.21092 5.62677
    endloop
  endfacet
  facet normal -0.142307 -0.0101774 -0.98977
    outer loop
      vertex -3.2482 -0.46702 0.117202
      vertex -9.778 0 1.05124
      vertex -3.2816 0 0.117202
    endloop
  endfacet
  facet normal -0.249479 -0.333256 -0.909231
    outer loop
      vertex -11.9187 -18.5458 5.62677
      vertex -14.4367 -16.6608 5.62677
      vertex -10.5271 -12.1489 2.90031
    endloop
  endfacet
  facet normal -0.433579 -0.324581 -0.840628
    outer loop
      vertex -16.6608 -14.4367 5.62677
      vertex -20.8336 -18.0524 9.1751
      vertex -18.5458 -11.9187 5.62677
    endloop
  endfacet
  facet normal -0.199505 -0.365379 -0.909228
    outer loop
      vertex -9.15801 -20.0532 5.62677
      vertex -11.9187 -18.5458 5.62677
      vertex -6.67794 -14.6227 2.90031
    endloop
  endfacet
  facet normal -0.199519 -0.365362 -0.909232
    outer loop
      vertex -6.67794 -14.6227 2.90031
      vertex -11.9187 -18.5458 5.62677
      vertex -8.69099 -13.5234 2.90031
    endloop
  endfacet
  facet normal -0.0386402 -0.540238 -0.840625
    outer loop
      vertex 0 -22.0455 5.62677
      vertex -3.92316 -27.2862 9.1751
      vertex -3.13739 -21.8211 5.62677
    endloop
  endfacet
  facet normal -0.0386399 -0.540238 -0.840625
    outer loop
      vertex 0 -27.5668 9.1751
      vertex -3.92316 -27.2862 9.1751
      vertex 0 -22.0455 5.62677
    endloop
  endfacet
  facet normal -0.0600552 -0.839736 -0.539664
    outer loop
      vertex 0 -36.8249 18.4332
      vertex -5.74571 -39.9623 23.9545
      vertex -5.24073 -36.4501 18.4332
    endloop
  endfacet
  facet normal -0.294205 -0.788799 -0.539667
    outer loop
      vertex -11.3745 -38.7378 23.9545
      vertex -16.7716 -36.7248 23.9545
      vertex -10.3748 -35.3332 18.4332
    endloop
  endfacet
  facet normal 0.189274 -0.507472 -0.840623
    outer loop
      vertex 7.76646 -26.4501 9.1751
      vertex 6.21092 -21.1525 5.62677
      vertex 11.4517 -25.0756 9.1751
    endloop
  endfacet
  facet normal 0.139406 -0.640832 -0.754917
    outer loop
      vertex 4.62906 -32.1958 13.4731
      vertex 3.92316 -27.2862 9.1751
      vertex 9.16389 -31.2093 13.4731
    endloop
  endfacet
  facet normal -0.575586 0.314304 -0.754926
    outer loop
      vertex -25.0756 11.4517 9.1751
      vertex -27.3634 17.5854 13.4731
      vertex -23.1906 14.9037 9.1751
    endloop
  endfacet
  facet normal -0.605664 0.453401 -0.65391
    outer loop
      vertex -27.3634 17.5854 13.4731
      vertex -27.8304 24.1152 18.4332
      vertex -24.5822 21.3006 13.4731
    endloop
  endfacet
  facet normal -0.433595 0.324573 -0.840624
    outer loop
      vertex -18.5458 11.9187 5.62677
      vertex -23.1906 14.9037 9.1751
      vertex -20.8336 18.0524 9.1751
    endloop
  endfacet
  facet normal -0.525009 0.393003 -0.754927
    outer loop
      vertex -23.1906 14.9037 9.1751
      vertex -27.3634 17.5854 13.4731
      vertex -20.8336 18.0524 9.1751
    endloop
  endfacet
  facet normal -0.393003 0.525009 -0.754927
    outer loop
      vertex -14.9037 23.1906 9.1751
      vertex -18.0524 20.8336 9.1751
      vertex -17.5854 27.3634 13.4731
    endloop
  endfacet
  facet normal -0.39302 0.525006 -0.75492
    outer loop
      vertex -18.0524 20.8336 9.1751
      vertex -21.3006 24.5822 13.4731
      vertex -17.5854 27.3634 13.4731
    endloop
  endfacet
  facet normal -0.0684644 0.957241 -0.281074
    outer loop
      vertex 0 43.0997 29.9246
      vertex -6.13372 42.661 29.9246
      vertex 0 44.9488 36.222
    endloop
  endfacet
  facet normal -0.0649219 0.90771 -0.414545
    outer loop
      vertex 0 40.3732 23.9545
      vertex -6.13372 42.661 29.9246
      vertex 0 43.0997 29.9246
    endloop
  endfacet
  facet normal 0.0539767 0.75464 -0.653915
    outer loop
      vertex 4.62906 32.1958 13.4731
      vertex 0 32.5269 13.4731
      vertex 5.24073 36.4501 18.4332
    endloop
  endfacet
  facet normal 0.160828 0.73928 -0.653911
    outer loop
      vertex 9.16389 31.2093 13.4731
      vertex 5.24073 36.4501 18.4332
      vertex 10.3748 35.3332 18.4332
    endloop
  endfacet
  facet normal 0.294205 0.788798 -0.539667
    outer loop
      vertex 15.2976 33.4971 18.4332
      vertex 10.3748 35.3332 18.4332
      vertex 16.7716 36.7248 23.9545
    endloop
  endfacet
  facet normal 0.403468 0.7389 -0.539666
    outer loop
      vertex 19.909 30.9791 18.4332
      vertex 15.2976 33.4971 18.4332
      vertex 16.7716 36.7248 23.9545
    endloop
  endfacet
  facet normal 0.768501 0.574813 -0.281063
    outer loop
      vertex 33.97 29.4352 36.222
      vertex 32.6353 28.1773 30
      vertex 32.5893 28.2388 30
    endloop
  endfacet
  facet normal 0.768271 0.575115 -0.281075
    outer loop
      vertex 32.6353 28.1773 30
      vertex 33.97 29.4352 36.222
      vertex 37.8133 24.3011 36.222
    endloop
  endfacet
  facet normal 0.768268 0.575123 -0.281067
    outer loop
      vertex 37.8133 24.3011 36.222
      vertex 36.1299 23.5091 30
      vertex 32.6353 28.1773 30
    endloop
  endfacet
  facet normal 0.768198 0.57522 -0.28106
    outer loop
      vertex 36.1299 23.5091 30
      vertex 37.8133 24.3011 36.222
      vertex 36.2785 23.3148 30.0085
    endloop
  endfacet
  facet normal 0.707107 0.707107 0
    outer loop
      vertex 34.6759 30.0468 49.2816
      vertex 30.0468 34.6759 42.7184
      vertex 30.0468 34.6759 49.2816
    endloop
  endfacet
  facet normal 0.707107 0.707107 0
    outer loop
      vertex 30.0468 34.6759 42.7184
      vertex 34.6759 30.0468 49.2816
      vertex 34.6759 30.0468 42.7184
    endloop
  endfacet
  facet normal 0.738908 0.403458 -0.539663
    outer loop
      vertex 32 19.3516 19.4143
      vertex 30.9791 19.909 18.4332
      vertex 32 20.5652 20.3216
    endloop
  endfacet
  facet normal 0.673958 0.504519 -0.539668
    outer loop
      vertex 32 20.5652 20.3216
      vertex 30.5121 26.4388 23.9545
      vertex 32 24.4512 23.9545
    endloop
  endfacet
  facet normal 0.673958 0.504519 -0.539668
    outer loop
      vertex 30.5121 26.4388 23.9545
      vertex 32 20.5652 20.3216
      vertex 30.9791 19.909 18.4332
    endloop
  endfacet
  facet normal 0.504517 0.673961 -0.539666
    outer loop
      vertex 24.1152 27.8304 18.4332
      vertex 19.909 30.9791 18.4332
      vertex 26.4388 30.5121 23.9545
    endloop
  endfacet
  facet normal 0.22607 0.169235 -0.959298
    outer loop
      vertex 8.22578 5.28639 1.05124
      vertex 7.38972 6.40323 1.05124
      vertex 12.1489 10.5271 2.90031
    endloop
  endfacet
  facet normal 0.507472 0.189274 -0.840623
    outer loop
      vertex 26.4501 7.76646 9.1751
      vertex 21.1525 6.21092 5.62677
      vertex 25.0756 11.4517 9.1751
    endloop
  endfacet
  facet normal 0.133675 0.0498568 -0.98977
    outer loop
      vertex 3.14867 0.924534 0.117202
      vertex 2.98505 1.36323 0.117202
      vertex 9.38192 2.75478 1.05124
    endloop
  endfacet
  facet normal 0.135336 0.247851 -0.959299
    outer loop
      vertex 5.28639 8.22578 1.05124
      vertex 4.06193 8.89438 1.05124
      vertex 6.67794 14.6227 2.90031
    endloop
  endfacet
  facet normal 0.0498581 0.133675 -0.98977
    outer loop
      vertex 4.06193 8.89438 1.05124
      vertex 1.36323 2.98505 0.117202
      vertex 2.75478 9.38192 1.05124
    endloop
  endfacet
  facet normal 0.199685 0.199685 -0.959298
    outer loop
      vertex 7.38972 6.40323 1.05124
      vertex 10.5271 12.1489 2.90031
      vertex 12.1489 10.5271 2.90031
    endloop
  endfacet
  facet normal 0.199685 0.199685 -0.959298
    outer loop
      vertex 10.5271 12.1489 2.90031
      vertex 7.38972 6.40323 1.05124
      vertex 6.40323 7.38972 1.05124
    endloop
  endfacet
  facet normal 0.294363 0.294363 -0.909231
    outer loop
      vertex 12.1489 10.5271 2.90031
      vertex 14.4367 16.6608 5.62677
      vertex 16.6608 14.4367 5.62677
    endloop
  endfacet
  facet normal 0.294363 0.294363 -0.909231
    outer loop
      vertex 14.4367 16.6608 5.62677
      vertex 12.1489 10.5271 2.90031
      vertex 10.5271 12.1489 2.90031
    endloop
  endfacet
  facet normal 0.249479 0.333256 -0.909231
    outer loop
      vertex 14.4367 16.6608 5.62677
      vertex 10.5271 12.1489 2.90031
      vertex 11.9187 18.5458 5.62677
    endloop
  endfacet
  facet normal -0.125219 0.0683743 -0.98977
    outer loop
      vertex -2.98505 1.36323 0.117202
      vertex -8.89438 4.06193 1.05124
      vertex -8.22578 5.28639 1.05124
    endloop
  endfacet
  facet normal -0.249479 0.333256 -0.909231
    outer loop
      vertex -10.5271 12.1489 2.90031
      vertex -14.4367 16.6608 5.62677
      vertex -11.9187 18.5458 5.62677
    endloop
  endfacet
  facet normal -0.249474 0.333257 -0.909232
    outer loop
      vertex -10.5271 12.1489 2.90031
      vertex -11.9187 18.5458 5.62677
      vertex -8.69099 13.5234 2.90031
    endloop
  endfacet
  facet normal -0.324573 -0.433595 -0.840624
    outer loop
      vertex -14.9037 -23.1906 9.1751
      vertex -18.0524 -20.8336 9.1751
      vertex -11.9187 -18.5458 5.62677
    endloop
  endfacet
  facet normal -0.393003 -0.525009 -0.754927
    outer loop
      vertex -17.5854 -27.3634 13.4731
      vertex -18.0524 -20.8336 9.1751
      vertex -14.9037 -23.1906 9.1751
    endloop
  endfacet
  facet normal -0.708865 -0.264403 -0.653912
    outer loop
      vertex -29.5875 -13.5122 13.4731
      vertex -32 -14.6139 16.5338
      vertex -32 -12.1949 15.5557
    endloop
  endfacet
  facet normal -0.614469 -0.229181 -0.75492
    outer loop
      vertex -25.0756 -11.4517 9.1751
      vertex -31.2093 -9.16389 13.4731
      vertex -26.4501 -7.76646 9.1751
    endloop
  endfacet
  facet normal -0.540238 -0.0386402 -0.840625
    outer loop
      vertex -21.8211 -3.13739 5.62677
      vertex -27.2862 -3.92316 9.1751
      vertex -22.0455 0 5.62677
    endloop
  endfacet
  facet normal -0.415229 -0.029699 -0.909232
    outer loop
      vertex -21.8211 -3.13739 5.62677
      vertex -22.0455 0 5.62677
      vertex -15.9117 -2.28776 2.90031
    endloop
  endfacet
  facet normal -0.415229 0.029699 -0.909232
    outer loop
      vertex -15.9117 2.28776 2.90031
      vertex -22.0455 0 5.62677
      vertex -21.8211 3.13739 5.62677
    endloop
  endfacet
  facet normal -0.52924 0.115128 -0.840625
    outer loop
      vertex -21.8211 3.13739 5.62677
      vertex -27.2862 3.92316 9.1751
      vertex -21.1525 6.21092 5.62677
    endloop
  endfacet
  facet normal -0.0854995 0.114213 -0.98977
    outer loop
      vertex -2.14899 2.48007 0.117202
      vertex -6.40323 7.38972 1.05124
      vertex -5.28639 8.22578 1.05124
    endloop
  endfacet
  facet normal 0.314304 0.575586 -0.754926
    outer loop
      vertex 14.9037 23.1906 9.1751
      vertex 11.4517 25.0756 9.1751
      vertex 17.5854 27.3634 13.4731
    endloop
  endfacet
  facet normal 0.259578 0.475364 -0.840624
    outer loop
      vertex 11.9187 18.5458 5.62677
      vertex 11.4517 25.0756 9.1751
      vertex 14.9037 23.1906 9.1751
    endloop
  endfacet
  facet normal 0.324581 0.433579 -0.840628
    outer loop
      vertex 14.4367 16.6608 5.62677
      vertex 11.9187 18.5458 5.62677
      vertex 18.0524 20.8336 9.1751
    endloop
  endfacet
  facet normal -0.0600287 0.27594 -0.959298
    outer loop
      vertex -2.75478 9.38192 1.05124
      vertex -4.52895 15.4242 2.90031
      vertex -1.39155 9.67848 1.05124
    endloop
  endfacet
  facet normal -0.0986864 0.264589 -0.959298
    outer loop
      vertex -4.06193 8.89438 1.05124
      vertex -4.52895 15.4242 2.90031
      vertex -2.75478 9.38192 1.05124
    endloop
  endfacet
  facet normal 0.595299 0.595299 0.539665
    outer loop
      vertex 24.1152 27.8304 73.5668
      vertex 30.5121 26.4388 68.0455
      vertex 26.4388 30.5121 68.0455
    endloop
  endfacet
  facet normal 0.595299 0.595299 0.539665
    outer loop
      vertex 30.5121 26.4388 68.0455
      vertex 24.1152 27.8304 73.5668
      vertex 27.8304 24.1152 73.5668
    endloop
  endfacet
  facet normal 0.504516 0.673964 0.539664
    outer loop
      vertex 21.8274 33.9641 68.0455
      vertex 19.909 30.9791 73.5668
      vertex 26.4388 30.5121 68.0455
    endloop
  endfacet
  facet normal 0.0600552 0.839736 0.539664
    outer loop
      vertex 5.74571 39.9623 68.0455
      vertex 0 36.8249 73.5668
      vertex 5.24073 36.4501 73.5668
    endloop
  endfacet
  facet normal 0.0600531 0.839737 0.539662
    outer loop
      vertex 0 40.3732 68.0455
      vertex 0 36.8249 73.5668
      vertex 5.74571 39.9623 68.0455
    endloop
  endfacet
  facet normal 0.115134 0.529239 0.840625
    outer loop
      vertex 7.76646 26.4501 82.8249
      vertex 3.92316 27.2862 82.8249
      vertex 6.21092 21.1525 86.3732
    endloop
  endfacet
  facet normal 0.160821 0.739278 0.653914
    outer loop
      vertex 5.24073 36.4501 73.5668
      vertex 4.62906 32.1958 78.5269
      vertex 9.16389 31.2093 78.5269
    endloop
  endfacet
  facet normal 0.403468 0.7389 0.539666
    outer loop
      vertex 16.7716 36.7248 68.0455
      vertex 15.2976 33.4971 73.5668
      vertex 19.909 30.9791 73.5668
    endloop
  endfacet
  facet normal 0.403473 0.7389 0.539663
    outer loop
      vertex 21.8274 33.9641 68.0455
      vertex 16.7716 36.7248 68.0455
      vertex 19.909 30.9791 73.5668
    endloop
  endfacet
  facet normal 0.708863 0.264386 0.653921
    outer loop
      vertex 29.5875 13.5122 78.5269
      vertex 32 9.39605 77.5759
      vertex 32 12.1949 76.4443
    endloop
  endfacet
  facet normal 0.708864 0.264387 0.653921
    outer loop
      vertex 32 9.39605 77.5759
      vertex 29.5875 13.5122 78.5269
      vertex 31.2093 9.16389 78.5269
    endloop
  endfacet
  facet normal 0.708865 0.264403 0.653912
    outer loop
      vertex 32 14.6139 75.4662
      vertex 29.5875 13.5122 78.5269
      vertex 32 12.1949 76.4443
    endloop
  endfacet
  facet normal 0.640828 0.139411 0.75492
    outer loop
      vertex 27.2862 3.92316 82.8249
      vertex 32 5.5293 78.5269
      vertex 31.2093 9.16389 78.5269
    endloop
  endfacet
  facet normal 0.640839 0.139372 0.754918
    outer loop
      vertex 32 5.5293 78.5269
      vertex 27.2862 3.92316 82.8249
      vertex 32 4.6009 78.6983
    endloop
  endfacet
  facet normal 0.65415 0.0467868 0.754917
    outer loop
      vertex 32 4.6009 78.6983
      vertex 27.2862 3.92316 82.8249
      vertex 32 0.394441 78.959
    endloop
  endfacet
  facet normal 0.739264 -0.160854 0.653922
    outer loop
      vertex 32 -8.57201 77.7786
      vertex 31.2093 -9.16389 78.5269
      vertex 32 -9.39605 77.5759
    endloop
  endfacet
  facet normal 0.76827 0.575117 0.281072
    outer loop
      vertex 36.1464 23.487 62
      vertex 37.8133 24.3011 55.778
      vertex 32.6353 28.1773 62
    endloop
  endfacet
  facet normal 0.768064 0.575401 0.281054
    outer loop
      vertex 37.8133 24.3011 55.778
      vertex 36.1464 23.487 62
      vertex 36.2779 23.3144 61.994
    endloop
  endfacet
  facet normal 0.678602 0.678602 0.281068
    outer loop
      vertex 28.2243 32.5726 62.0754
      vertex 33.97 29.4352 55.778
      vertex 29.4352 33.97 55.778
    endloop
  endfacet
  facet normal 0.678604 0.678598 0.281071
    outer loop
      vertex 28.2243 32.5726 62.0754
      vertex 32 28.8281 62
      vertex 33.97 29.4352 55.778
    endloop
  endfacet
  facet normal 0.678653 0.678653 0.280822
    outer loop
      vertex 32 28.8281 62
      vertex 28.2243 32.5726 62.0754
      vertex 32 28.7969 62.0754
    endloop
  endfacet
  facet normal 0.678601 0.678601 0.281071
    outer loop
      vertex 33.97 29.4352 55.778
      vertex 32 28.8281 62
      vertex 32.5893 28.2388 62
    endloop
  endfacet
  facet normal 0.868789 0.474396 0.141965
    outer loop
      vertex 38.5991 24.8061 49.2816
      vertex 37.8133 24.3011 55.778
      vertex 41.7365 19.0604 49.2816
    endloop
  endfacet
  facet normal 0.792429 0.593214 0.141965
    outer loop
      vertex 38.5991 24.8061 49.2816
      vertex 34.6759 30.0468 49.2816
      vertex 37.8133 24.3011 55.778
    endloop
  endfacet
  facet normal -0.335362 0.899183 0.281072
    outer loop
      vertex -12.6635 43.128 55.778
      vertex -17.9043 39.2049 62.0754
      vertex -12.1426 41.3538 62.0754
    endloop
  endfacet
  facet normal -0.204003 0.937753 0.281073
    outer loop
      vertex -6.13372 42.661 62.0754
      vertex -12.6635 43.128 55.778
      vertex -12.1426 41.3538 62.0754
    endloop
  endfacet
  facet normal -0.474395 0.868789 0.141967
    outer loop
      vertex -19.0604 41.7365 49.2816
      vertex -24.3011 37.8133 55.778
      vertex -18.6724 40.8868 55.778
    endloop
  endfacet
  facet normal -0.345918 0.927462 0.141968
    outer loop
      vertex -12.9267 44.0242 49.2816
      vertex -19.0604 41.7365 49.2816
      vertex -18.6724 40.8868 55.778
    endloop
  endfacet
  facet normal -0.699946 0.699946 0.141952
    outer loop
      vertex -34.6759 30.0468 49.2816
      vertex -29.4352 33.97 55.778
      vertex -30.0468 34.6759 49.2816
    endloop
  endfacet
  facet normal -0.699946 0.699946 0.141952
    outer loop
      vertex -29.4352 33.97 55.778
      vertex -34.6759 30.0468 49.2816
      vertex -33.97 29.4352 55.778
    endloop
  endfacet
  facet normal -0.575116 0.768273 0.281067
    outer loop
      vertex -24.3011 37.8133 55.778
      vertex -29.4352 33.97 55.778
      vertex -28.2243 32.5726 62.0754
    endloop
  endfacet
  facet normal 0.593205 0.792437 0.141953
    outer loop
      vertex 30.0468 34.6759 49.2816
      vertex 24.3011 37.8133 55.778
      vertex 29.4352 33.97 55.778
    endloop
  endfacet
  facet normal -0.125214 -0.0683715 0.989771
    outer loop
      vertex -2.98505 -1.36323 91.8828
      vertex -8.89438 -4.06193 90.9488
      vertex -8.22578 -5.28639 90.9488
    endloop
  endfacet
  facet normal -0.226073 -0.169237 0.959296
    outer loop
      vertex -8.22578 -5.28639 90.9488
      vertex -12.1489 -10.5271 89.0997
      vertex -7.38972 -6.40323 90.9488
    endloop
  endfacet
  facet normal -0.0600237 -0.275948 0.959297
    outer loop
      vertex -1.39155 -9.67848 90.9488
      vertex -4.52895 -15.4242 89.0997
      vertex -2.28776 -15.9117 89.0997
    endloop
  endfacet
  facet normal -0.249477 -0.333262 0.909229
    outer loop
      vertex -10.5271 -12.1489 89.0997
      vertex -11.9187 -18.5458 86.3732
      vertex -8.69099 -13.5234 89.0997
    endloop
  endfacet
  facet normal -0.0986844 -0.264594 0.959297
    outer loop
      vertex -4.06193 -8.89438 90.9488
      vertex -6.67794 -14.6227 89.0997
      vertex -4.52895 -15.4242 89.0997
    endloop
  endfacet
  facet normal -0.0600296 -0.275944 0.959297
    outer loop
      vertex -2.75478 -9.38192 90.9488
      vertex -4.52895 -15.4242 89.0997
      vertex -1.39155 -9.67848 90.9488
    endloop
  endfacet
  facet normal -0.0297122 -0.415237 0.909228
    outer loop
      vertex 0 -16.0754 89.0997
      vertex -2.28776 -15.9117 89.0997
      vertex 0 -22.0455 86.3732
    endloop
  endfacet
  facet normal -0.525009 -0.393003 0.754927
    outer loop
      vertex -23.1906 -14.9037 82.8249
      vertex -27.3634 -17.5854 78.5269
      vertex -20.8336 -18.0524 82.8249
    endloop
  endfacet
  facet normal -0.433592 -0.324571 0.840626
    outer loop
      vertex -18.5458 -11.9187 86.3732
      vertex -23.1906 -14.9037 82.8249
      vertex -20.8336 -18.0524 82.8249
    endloop
  endfacet
  facet normal -0.135349 -0.247852 0.959297
    outer loop
      vertex -5.28639 -8.22578 90.9488
      vertex -8.69099 -13.5234 89.0997
      vertex -6.67794 -14.6227 89.0997
    endloop
  endfacet
  facet normal -0.169237 -0.226073 0.959296
    outer loop
      vertex -5.28639 -8.22578 90.9488
      vertex -10.5271 -12.1489 89.0997
      vertex -8.69099 -13.5234 89.0997
    endloop
  endfacet
  facet normal -0.32458 -0.433576 0.840631
    outer loop
      vertex -14.4367 -16.6608 86.3732
      vertex -18.0524 -20.8336 82.8249
      vertex -11.9187 -18.5458 86.3732
    endloop
  endfacet
  facet normal -0.249482 -0.33326 0.909228
    outer loop
      vertex -10.5271 -12.1489 89.0997
      vertex -14.4367 -16.6608 86.3732
      vertex -11.9187 -18.5458 86.3732
    endloop
  endfacet
  facet normal -0.0884832 -0.406785 0.909229
    outer loop
      vertex -4.52895 -15.4242 89.0997
      vertex -6.21092 -21.1525 86.3732
      vertex -2.28776 -15.9117 89.0997
    endloop
  endfacet
  facet normal -0.145476 -0.390051 0.909229
    outer loop
      vertex -4.52895 -15.4242 89.0997
      vertex -6.67794 -14.6227 89.0997
      vertex -6.21092 -21.1525 86.3732
    endloop
  endfacet
  facet normal -0.0386399 -0.540234 0.840627
    outer loop
      vertex -3.13739 -21.8211 86.3732
      vertex -3.92316 -27.2862 82.8249
      vertex 0 -22.0455 86.3732
    endloop
  endfacet
  facet normal -0.0296993 -0.415234 0.90923
    outer loop
      vertex -2.28776 -15.9117 89.0997
      vertex -3.13739 -21.8211 86.3732
      vertex 0 -22.0455 86.3732
    endloop
  endfacet
  facet normal 0.382976 -0.382976 0.84063
    outer loop
      vertex 16.6608 -14.4367 86.3732
      vertex 18.0524 -20.8336 82.8249
      vertex 20.8336 -18.0524 82.8249
    endloop
  endfacet
  facet normal 0.382976 -0.382976 0.84063
    outer loop
      vertex 18.0524 -20.8336 82.8249
      vertex 16.6608 -14.4367 86.3732
      vertex 14.4367 -16.6608 86.3732
    endloop
  endfacet
  facet normal 0.226073 -0.169237 0.959296
    outer loop
      vertex 8.22578 -5.28639 90.9488
      vertex 7.38972 -6.40323 90.9488
      vertex 12.1489 -10.5271 89.0997
    endloop
  endfacet
  facet normal 0.135349 -0.247852 0.959297
    outer loop
      vertex 8.69099 -13.5234 89.0997
      vertex 5.28639 -8.22578 90.9488
      vertex 6.67794 -14.6227 89.0997
    endloop
  endfacet
  facet normal 0.0600237 -0.275948 0.959297
    outer loop
      vertex 4.52895 -15.4242 89.0997
      vertex 1.39155 -9.67848 90.9488
      vertex 2.28776 -15.9117 89.0997
    endloop
  endfacet
  facet normal 0.0884891 -0.406781 0.90923
    outer loop
      vertex 6.21092 -21.1525 86.3732
      vertex 2.28776 -15.9117 89.0997
      vertex 3.13739 -21.8211 86.3732
    endloop
  endfacet
  facet normal 0.0296993 -0.415234 0.90923
    outer loop
      vertex 2.28776 -15.9117 89.0997
      vertex 0 -22.0455 86.3732
      vertex 3.13739 -21.8211 86.3732
    endloop
  endfacet
  facet normal 0.114209 -0.0854965 0.989771
    outer loop
      vertex 2.76066 -1.77417 91.8828
      vertex 2.48007 -2.14899 91.8828
      vertex 8.22578 -5.28639 90.9488
    endloop
  endfacet
  facet normal 0.169237 -0.226073 0.959296
    outer loop
      vertex 10.5271 -12.1489 89.0997
      vertex 5.28639 -8.22578 90.9488
      vertex 8.69099 -13.5234 89.0997
    endloop
  endfacet
  facet normal 0.125214 -0.0683719 0.989771
    outer loop
      vertex 2.98505 -1.36323 91.8828
      vertex 2.76066 -1.77417 91.8828
      vertex 8.22578 -5.28639 90.9488
    endloop
  endfacet
  facet normal 0.0467889 -0.654148 0.754918
    outer loop
      vertex 3.92316 -27.2862 82.8249
      vertex 0 -32.5269 78.5269
      vertex 4.62906 -32.1958 78.5269
    endloop
  endfacet
  facet normal -0.0467889 -0.654148 0.754918
    outer loop
      vertex -3.92316 -27.2862 82.8249
      vertex -4.62906 -32.1958 78.5269
      vertex 0 -32.5269 78.5269
    endloop
  endfacet
  facet normal 0.264389 -0.708871 0.653911
    outer loop
      vertex 13.5122 -29.5875 78.5269
      vertex 9.16389 -31.2093 78.5269
      vertex 10.3748 -35.3332 73.5668
    endloop
  endfacet
  facet normal 0.264394 -0.708872 0.653909
    outer loop
      vertex 13.5122 -29.5875 78.5269
      vertex 10.3748 -35.3332 73.5668
      vertex 15.2976 -33.4971 73.5668
    endloop
  endfacet
  facet normal -0.575598 -0.314295 0.75492
    outer loop
      vertex -25.0756 -11.4517 82.8249
      vertex -29.5875 -13.5122 78.5269
      vertex -27.3634 -17.5854 78.5269
    endloop
  endfacet
  facet normal -0.738908 -0.403458 0.539663
    outer loop
      vertex -32 -19.3516 72.5857
      vertex -32 -20.5652 71.6784
      vertex -30.9791 -19.909 73.5668
    endloop
  endfacet
  facet normal -0.768271 -0.575115 0.281075
    outer loop
      vertex -33.97 -29.4352 55.778
      vertex -32.6353 -28.1773 62
      vertex -37.8133 -24.3011 55.778
    endloop
  endfacet
  facet normal -0.768501 -0.574813 0.281063
    outer loop
      vertex -32.6353 -28.1773 62
      vertex -33.97 -29.4352 55.778
      vertex -32.5893 -28.2388 62
    endloop
  endfacet
  facet normal -0.678601 -0.678601 0.281071
    outer loop
      vertex -32.5893 -28.2388 62
      vertex -33.97 -29.4352 55.778
      vertex -32 -28.8281 62
    endloop
  endfacet
  facet normal -0.678653 -0.678653 0.280822
    outer loop
      vertex -32 -28.8281 62
      vertex -28.2243 -32.5726 62.0754
      vertex -32 -28.7969 62.0754
    endloop
  endfacet
  facet normal -0.678604 -0.678598 0.281071
    outer loop
      vertex -33.97 -29.4352 55.778
      vertex -28.2243 -32.5726 62.0754
      vertex -32 -28.8281 62
    endloop
  endfacet
  facet normal -0.678602 -0.678602 0.281068
    outer loop
      vertex -28.2243 -32.5726 62.0754
      vertex -33.97 -29.4352 55.778
      vertex -29.4352 -33.97 55.778
    endloop
  endfacet
  facet normal -0.507469 -0.189273 0.840625
    outer loop
      vertex -21.1525 -6.21092 86.3732
      vertex -26.4501 -7.76646 82.8249
      vertex -25.0756 -11.4517 82.8249
    endloop
  endfacet
  facet normal -0.529239 -0.115134 0.840625
    outer loop
      vertex -21.1525 -6.21092 86.3732
      vertex -27.2862 -3.92316 82.8249
      vertex -26.4501 -7.76646 82.8249
    endloop
  endfacet
  facet normal -0.614469 0.22918 0.75492
    outer loop
      vertex -29.5875 13.5122 78.5269
      vertex -31.2093 9.16389 78.5269
      vertex -25.0756 11.4517 82.8249
    endloop
  endfacet
  facet normal -0.614469 0.229181 0.75492
    outer loop
      vertex -25.0756 11.4517 82.8249
      vertex -31.2093 9.16389 78.5269
      vertex -26.4501 7.76646 82.8249
    endloop
  endfacet
  facet normal -0.65415 0.0467874 0.754917
    outer loop
      vertex -32 0.394441 78.959
      vertex -27.5668 0 82.8249
      vertex -27.2862 3.92316 82.8249
    endloop
  endfacet
  facet normal -0.654141 0.0468904 0.754917
    outer loop
      vertex -27.5668 0 82.8249
      vertex -32 0.394441 78.959
      vertex -32 0 78.9835
    endloop
  endfacet
  facet normal -0.654141 -0.0468904 0.754917
    outer loop
      vertex -32 -0.394441 78.959
      vertex -27.5668 0 82.8249
      vertex -32 0 78.9835
    endloop
  endfacet
  facet normal -0.65415 -0.0467874 0.754917
    outer loop
      vertex -27.5668 0 82.8249
      vertex -32 -0.394441 78.959
      vertex -27.2862 -3.92316 82.8249
    endloop
  endfacet
  facet normal -0.768064 -0.575401 -0.281054
    outer loop
      vertex -36.1464 -23.487 30
      vertex -37.8133 -24.3011 36.222
      vertex -36.2779 -23.3144 30.006
    endloop
  endfacet
  facet normal -0.76827 -0.575117 -0.281072
    outer loop
      vertex -37.8133 -24.3011 36.222
      vertex -36.1464 -23.487 30
      vertex -32.6353 -28.1773 30
    endloop
  endfacet
  facet normal -0.768501 -0.574813 -0.281063
    outer loop
      vertex -33.97 -29.4352 36.222
      vertex -32.6353 -28.1773 30
      vertex -32.5893 -28.2388 30
    endloop
  endfacet
  facet normal -0.768271 -0.575115 -0.281075
    outer loop
      vertex -32.6353 -28.1773 30
      vertex -33.97 -29.4352 36.222
      vertex -37.8133 -24.3011 36.222
    endloop
  endfacet
  facet normal -0.199688 0.199688 0.959296
    outer loop
      vertex -10.5271 12.1489 89.0997
      vertex -7.38972 6.40323 90.9488
      vertex -6.40323 7.38972 90.9488
    endloop
  endfacet
  facet normal -0.199688 0.199688 0.959296
    outer loop
      vertex -7.38972 6.40323 90.9488
      vertex -10.5271 12.1489 89.0997
      vertex -12.1489 10.5271 89.0997
    endloop
  endfacet
  facet normal -0.226073 0.169237 0.959296
    outer loop
      vertex -7.38972 6.40323 90.9488
      vertex -12.1489 10.5271 89.0997
      vertex -8.22578 5.28639 90.9488
    endloop
  endfacet
  facet normal -0.0303267 0.139404 0.989771
    outer loop
      vertex -0.46702 3.2482 91.8828
      vertex -2.75478 9.38192 90.9488
      vertex -0.924534 3.14867 91.8828
    endloop
  endfacet
  facet normal -0.0201448 0.281678 0.959298
    outer loop
      vertex 0 16.0754 89.0997
      vertex -1.39155 9.67848 90.9488
      vertex 0 9.778 90.9488
    endloop
  endfacet
  facet normal -0.135349 0.247852 0.959297
    outer loop
      vertex -6.67794 14.6227 89.0997
      vertex -8.69099 13.5234 89.0997
      vertex -5.28639 8.22578 90.9488
    endloop
  endfacet
  facet normal -0.114209 0.0854965 0.989771
    outer loop
      vertex -2.48007 2.14899 91.8828
      vertex -8.22578 5.28639 90.9488
      vertex -2.76066 1.77417 91.8828
    endloop
  endfacet
  facet normal -0.13367 0.0498548 0.989771
    outer loop
      vertex -2.98505 1.36323 91.8828
      vertex -9.38192 2.75478 90.9488
      vertex -3.14867 0.924534 91.8828
    endloop
  endfacet
  facet normal -0.125214 0.0683715 0.989771
    outer loop
      vertex -8.22578 5.28639 90.9488
      vertex -8.89438 4.06193 90.9488
      vertex -2.98505 1.36323 91.8828
    endloop
  endfacet
  facet normal -0.142301 0.010177 0.989771
    outer loop
      vertex -9.67848 1.39155 90.9488
      vertex -9.778 0 90.9488
      vertex -3.2482 0.46702 91.8828
    endloop
  endfacet
  facet normal -0.142301 0.010177 0.989771
    outer loop
      vertex -3.2482 0.46702 91.8828
      vertex -9.778 0 90.9488
      vertex -3.2816 0 91.8828
    endloop
  endfacet
  facet normal -0.382976 0.382976 0.84063
    outer loop
      vertex -18.0524 20.8336 82.8249
      vertex -16.6608 14.4367 86.3732
      vertex -14.4367 16.6608 86.3732
    endloop
  endfacet
  facet normal -0.382976 0.382976 0.84063
    outer loop
      vertex -16.6608 14.4367 86.3732
      vertex -18.0524 20.8336 82.8249
      vertex -20.8336 18.0524 82.8249
    endloop
  endfacet
  facet normal -0.32458 0.433576 0.840631
    outer loop
      vertex -11.9187 18.5458 86.3732
      vertex -18.0524 20.8336 82.8249
      vertex -14.4367 16.6608 86.3732
    endloop
  endfacet
  facet normal -0.178959 0.82264 0.539664
    outer loop
      vertex -5.74571 39.9623 68.0455
      vertex -11.3745 38.7378 68.0455
      vertex -5.24073 36.4501 73.5668
    endloop
  endfacet
  facet normal -0.193446 0.889235 0.414536
    outer loop
      vertex -5.74571 39.9623 68.0455
      vertex -12.1426 41.3538 62.0754
      vertex -11.3745 38.7378 68.0455
    endloop
  endfacet
  facet normal -0.45993 0.8423 0.281058
    outer loop
      vertex -18.6724 40.8868 55.778
      vertex -24.3011 37.8133 55.778
      vertex -17.9043 39.2049 62.0754
    endloop
  endfacet
  facet normal -0.436137 0.798708 0.414547
    outer loop
      vertex -17.9043 39.2049 62.0754
      vertex -23.3014 36.2578 62.0754
      vertex -16.7716 36.7248 68.0455
    endloop
  endfacet
  facet normal -0.406781 0.0884891 0.90923
    outer loop
      vertex -21.1525 6.21092 86.3732
      vertex -21.8211 3.13739 86.3732
      vertex -15.9117 2.28776 89.0997
    endloop
  endfacet
  facet normal -0.406785 0.0884832 0.909229
    outer loop
      vertex -15.4242 4.52895 89.0997
      vertex -21.1525 6.21092 86.3732
      vertex -15.9117 2.28776 89.0997
    endloop
  endfacet
  facet normal -0.259576 0.475361 0.840626
    outer loop
      vertex -11.4517 25.0756 82.8249
      vertex -14.9037 23.1906 82.8249
      vertex -11.9187 18.5458 86.3732
    endloop
  endfacet
  facet normal -0.314304 0.575586 0.754926
    outer loop
      vertex -11.4517 25.0756 82.8249
      vertex -17.5854 27.3634 78.5269
      vertex -14.9037 23.1906 82.8249
    endloop
  endfacet
  facet normal -0.229181 0.614469 0.75492
    outer loop
      vertex -9.16389 31.2093 78.5269
      vertex -11.4517 25.0756 82.8249
      vertex -7.76646 26.4501 82.8249
    endloop
  endfacet
  facet normal -0.115134 0.529239 0.840625
    outer loop
      vertex -3.92316 27.2862 82.8249
      vertex -7.76646 26.4501 82.8249
      vertex -6.21092 21.1525 86.3732
    endloop
  endfacet
  facet normal -0.33326 -0.249482 0.909228
    outer loop
      vertex -12.1489 -10.5271 89.0997
      vertex -18.5458 -11.9187 86.3732
      vertex -16.6608 -14.4367 86.3732
    endloop
  endfacet
  facet normal -0.333262 -0.249477 0.909229
    outer loop
      vertex -13.5234 -8.69099 89.0997
      vertex -18.5458 -11.9187 86.3732
      vertex -12.1489 -10.5271 89.0997
    endloop
  endfacet
  facet normal -0.333262 0.249477 0.909229
    outer loop
      vertex -12.1489 10.5271 89.0997
      vertex -18.5458 11.9187 86.3732
      vertex -13.5234 8.69099 89.0997
    endloop
  endfacet
  facet normal -0.33326 0.249482 0.909228
    outer loop
      vertex -16.6608 14.4367 86.3732
      vertex -18.5458 11.9187 86.3732
      vertex -12.1489 10.5271 89.0997
    endloop
  endfacet
  facet normal -0.605672 0.453397 0.653906
    outer loop
      vertex -27.8304 24.1152 73.5668
      vertex -30.9791 19.909 73.5668
      vertex -27.3634 17.5854 78.5269
    endloop
  endfacet
  facet normal -0.545357 0.728519 0.414543
    outer loop
      vertex -23.3014 36.2578 62.0754
      vertex -28.2243 32.5726 62.0754
      vertex -21.8274 33.9641 68.0455
    endloop
  endfacet
  facet normal -0.436134 0.798712 0.414544
    outer loop
      vertex -16.7716 36.7248 68.0455
      vertex -23.3014 36.2578 62.0754
      vertex -21.8274 33.9641 68.0455
    endloop
  endfacet
  facet normal -0.605664 0.453401 0.65391
    outer loop
      vertex -24.5822 21.3006 78.5269
      vertex -27.8304 24.1152 73.5668
      vertex -27.3634 17.5854 78.5269
    endloop
  endfacet
  facet normal -0.534977 0.534977 0.65391
    outer loop
      vertex -24.1152 27.8304 73.5668
      vertex -24.5822 21.3006 78.5269
      vertex -21.3006 24.5822 78.5269
    endloop
  endfacet
  facet normal -0.534977 0.534977 0.65391
    outer loop
      vertex -24.5822 21.3006 78.5269
      vertex -24.1152 27.8304 73.5668
      vertex -27.8304 24.1152 73.5668
    endloop
  endfacet
  facet normal -0.453401 0.605664 0.65391
    outer loop
      vertex -17.5854 27.3634 78.5269
      vertex -24.1152 27.8304 73.5668
      vertex -21.3006 24.5822 78.5269
    endloop
  endfacet
  facet normal 0.259576 0.475361 0.840626
    outer loop
      vertex 14.9037 23.1906 82.8249
      vertex 11.4517 25.0756 82.8249
      vertex 11.9187 18.5458 86.3732
    endloop
  endfacet
  facet normal 0.314304 0.575586 0.754926
    outer loop
      vertex 17.5854 27.3634 78.5269
      vertex 11.4517 25.0756 82.8249
      vertex 14.9037 23.1906 82.8249
    endloop
  endfacet
  facet normal -0.0386399 0.540234 0.840627
    outer loop
      vertex 0 22.0455 86.3732
      vertex -3.92316 27.2862 82.8249
      vertex -3.13739 21.8211 86.3732
    endloop
  endfacet
  facet normal -0.115128 0.529237 0.840627
    outer loop
      vertex -3.92316 27.2862 82.8249
      vertex -6.21092 21.1525 86.3732
      vertex -3.13739 21.8211 86.3732
    endloop
  endfacet
  facet normal 0.0201448 0.281678 0.959298
    outer loop
      vertex 0 16.0754 89.0997
      vertex 0 9.778 90.9488
      vertex 1.39155 9.67848 90.9488
    endloop
  endfacet
  facet normal 0.0201555 0.28168 0.959297
    outer loop
      vertex 2.28776 15.9117 89.0997
      vertex 0 16.0754 89.0997
      vertex 1.39155 9.67848 90.9488
    endloop
  endfacet
  facet normal 0.139406 0.640832 0.754917
    outer loop
      vertex 4.62906 32.1958 78.5269
      vertex 3.92316 27.2862 82.8249
      vertex 9.16389 31.2093 78.5269
    endloop
  endfacet
  facet normal 0.115128 0.529237 0.840627
    outer loop
      vertex 3.92316 27.2862 82.8249
      vertex 3.13739 21.8211 86.3732
      vertex 6.21092 21.1525 86.3732
    endloop
  endfacet
  facet normal 0.145476 0.390051 0.909229
    outer loop
      vertex 6.21092 21.1525 86.3732
      vertex 4.52895 15.4242 89.0997
      vertex 6.67794 14.6227 89.0997
    endloop
  endfacet
  facet normal 0.0884832 0.406785 0.909229
    outer loop
      vertex 6.21092 21.1525 86.3732
      vertex 2.28776 15.9117 89.0997
      vertex 4.52895 15.4242 89.0997
    endloop
  endfacet
  facet normal 0.135338 0.247855 0.959297
    outer loop
      vertex 6.67794 14.6227 89.0997
      vertex 4.06193 8.89438 90.9488
      vertex 5.28639 8.22578 90.9488
    endloop
  endfacet
  facet normal 0.0986879 0.264593 0.959297
    outer loop
      vertex 4.52895 15.4242 89.0997
      vertex 2.75478 9.38192 90.9488
      vertex 4.06193 8.89438 90.9488
    endloop
  endfacet
  facet normal 0.294367 0.294367 0.909228
    outer loop
      vertex 14.4367 16.6608 86.3732
      vertex 12.1489 10.5271 89.0997
      vertex 16.6608 14.4367 86.3732
    endloop
  endfacet
  facet normal 0.294367 0.294367 0.909228
    outer loop
      vertex 12.1489 10.5271 89.0997
      vertex 14.4367 16.6608 86.3732
      vertex 10.5271 12.1489 89.0997
    endloop
  endfacet
  facet normal 0.382976 0.382976 0.84063
    outer loop
      vertex 18.0524 20.8336 82.8249
      vertex 16.6608 14.4367 86.3732
      vertex 20.8336 18.0524 82.8249
    endloop
  endfacet
  facet normal 0.382976 0.382976 0.84063
    outer loop
      vertex 16.6608 14.4367 86.3732
      vertex 18.0524 20.8336 82.8249
      vertex 14.4367 16.6608 86.3732
    endloop
  endfacet
  facet normal 0.125214 0.0683715 0.989771
    outer loop
      vertex 8.22578 5.28639 90.9488
      vertex 2.98505 1.36323 91.8828
      vertex 8.89438 4.06193 90.9488
    endloop
  endfacet
  facet normal 0.0986844 0.264594 0.959297
    outer loop
      vertex 4.52895 15.4242 89.0997
      vertex 4.06193 8.89438 90.9488
      vertex 6.67794 14.6227 89.0997
    endloop
  endfacet
  facet normal 0.0498561 0.13367 0.989771
    outer loop
      vertex 2.75478 9.38192 90.9488
      vertex 1.36323 2.98505 91.8828
      vertex 4.06193 8.89438 90.9488
    endloop
  endfacet
  facet normal 0.142301 0.010177 0.989771
    outer loop
      vertex 9.67848 1.39155 90.9488
      vertex 3.2482 0.46702 91.8828
      vertex 9.778 0 90.9488
    endloop
  endfacet
  facet normal 0.142301 0.010177 0.989771
    outer loop
      vertex 9.778 0 90.9488
      vertex 3.2482 0.46702 91.8828
      vertex 3.2816 0 91.8828
    endloop
  endfacet
  facet normal 0.264594 0.0986844 0.959297
    outer loop
      vertex 14.6227 6.67794 89.0997
      vertex 8.89438 4.06193 90.9488
      vertex 15.4242 4.52895 89.0997
    endloop
  endfacet
  facet normal 0.390051 0.145476 0.909229
    outer loop
      vertex 21.1525 6.21092 86.3732
      vertex 14.6227 6.67794 89.0997
      vertex 15.4242 4.52895 89.0997
    endloop
  endfacet
  facet normal 0.415237 0.0297122 0.909228
    outer loop
      vertex 22.0455 0 86.3732
      vertex 15.9117 2.28776 89.0997
      vertex 16.0754 0 89.0997
    endloop
  endfacet
  facet normal 0.406781 0.0884891 0.90923
    outer loop
      vertex 21.1525 6.21092 86.3732
      vertex 15.9117 2.28776 89.0997
      vertex 21.8211 3.13739 86.3732
    endloop
  endfacet
  facet normal -0.899265 0.335164 0.281048
    outer loop
      vertex -40.8868 18.6724 55.778
      vertex -40.5689 18.4095 57.1087
      vertex -40.4032 18.4515 57.5888
    endloop
  endfacet
  facet normal -0.899174 0.335375 0.281088
    outer loop
      vertex -40.6405 18.4 56.8909
      vertex -40.8868 18.6724 55.778
      vertex -40.9884 18.4 55.778
    endloop
  endfacet
  facet normal -0.899325 0.335015 0.281033
    outer loop
      vertex -40.8868 18.6724 55.778
      vertex -40.6405 18.4 56.8909
      vertex -40.5689 18.4095 57.1087
    endloop
  endfacet
  facet normal -0.792437 0.593205 0.141953
    outer loop
      vertex -34.6759 30.0468 49.2816
      vertex -37.8133 24.3011 55.778
      vertex -33.97 29.4352 55.778
    endloop
  endfacet
  facet normal -0.699946 0.699946 -0.141952
    outer loop
      vertex -29.4352 33.97 36.222
      vertex -34.6759 30.0468 42.7184
      vertex -30.0468 34.6759 42.7184
    endloop
  endfacet
  facet normal -0.699946 0.699946 -0.141952
    outer loop
      vertex -34.6759 30.0468 42.7184
      vertex -29.4352 33.97 36.222
      vertex -33.97 29.4352 36.222
    endloop
  endfacet
  facet normal -0.204003 0.937753 -0.281073
    outer loop
      vertex -12.1426 41.3538 29.9246
      vertex -12.6635 43.128 36.222
      vertex -6.13372 42.661 29.9246
    endloop
  endfacet
  facet normal -0.335362 0.899183 -0.281072
    outer loop
      vertex -12.1426 41.3538 29.9246
      vertex -17.9043 39.2049 29.9246
      vertex -12.6635 43.128 36.222
    endloop
  endfacet
  facet normal -0.728518 0.545362 0.414537
    outer loop
      vertex -32 27.7282 63.7343
      vertex -32 24.4512 68.0455
      vertex -30.5121 26.4388 68.0455
    endloop
  endfacet
  facet normal -0.673958 0.504519 0.539668
    outer loop
      vertex -32 20.5652 71.6784
      vertex -30.5121 26.4388 68.0455
      vertex -32 24.4512 68.0455
    endloop
  endfacet
  facet normal -0.673958 0.504519 0.539668
    outer loop
      vertex -30.5121 26.4388 68.0455
      vertex -32 20.5652 71.6784
      vertex -30.9791 19.909 73.5668
    endloop
  endfacet
  facet normal 0.229181 -0.614469 -0.75492
    outer loop
      vertex 9.16389 -31.2093 13.4731
      vertex 7.76646 -26.4501 9.1751
      vertex 11.4517 -25.0756 9.1751
    endloop
  endfacet
  facet normal 0.22918 -0.614469 -0.75492
    outer loop
      vertex 13.5122 -29.5875 13.4731
      vertex 9.16389 -31.2093 13.4731
      vertex 11.4517 -25.0756 9.1751
    endloop
  endfacet
  facet normal 0.249479 -0.333256 -0.909231
    outer loop
      vertex 11.9187 -18.5458 5.62677
      vertex 10.5271 -12.1489 2.90031
      vertex 14.4367 -16.6608 5.62677
    endloop
  endfacet
  facet normal 0.433579 -0.324581 -0.840628
    outer loop
      vertex 20.8336 -18.0524 9.1751
      vertex 16.6608 -14.4367 5.62677
      vertex 18.5458 -11.9187 5.62677
    endloop
  endfacet
  facet normal 0.708863 -0.264386 -0.653921
    outer loop
      vertex 29.5875 -13.5122 13.4731
      vertex 32 -9.39605 14.4241
      vertex 32 -12.1949 15.5557
    endloop
  endfacet
  facet normal 0.708864 -0.264387 -0.653921
    outer loop
      vertex 32 -9.39605 14.4241
      vertex 29.5875 -13.5122 13.4731
      vertex 31.2093 -9.16389 13.4731
    endloop
  endfacet
  facet normal 0.433595 -0.324573 -0.840624
    outer loop
      vertex 20.8336 -18.0524 9.1751
      vertex 18.5458 -11.9187 5.62677
      vertex 23.1906 -14.9037 9.1751
    endloop
  endfacet
  facet normal 0.169235 -0.22607 -0.959298
    outer loop
      vertex 10.5271 -12.1489 2.90031
      vertex 5.28639 -8.22578 1.05124
      vertex 6.40323 -7.38972 1.05124
    endloop
  endfacet
  facet normal 0.249474 -0.333257 -0.909232
    outer loop
      vertex 11.9187 -18.5458 5.62677
      vertex 8.69099 -13.5234 2.90031
      vertex 10.5271 -12.1489 2.90031
    endloop
  endfacet
  facet normal 0.281673 -0.0201445 -0.959299
    outer loop
      vertex 16.0754 0 2.90031
      vertex 9.67848 -1.39155 1.05124
      vertex 9.778 0 1.05124
    endloop
  endfacet
  facet normal 0.275943 0.0600228 -0.959298
    outer loop
      vertex 15.9117 2.28776 2.90031
      vertex 9.67848 1.39155 1.05124
      vertex 15.4242 4.52895 2.90031
    endloop
  endfacet
  facet normal 0.247849 -0.135347 -0.959298
    outer loop
      vertex 13.5234 -8.69099 2.90031
      vertex 8.22578 -5.28639 1.05124
      vertex 14.6227 -6.67794 2.90031
    endloop
  endfacet
  facet normal 0.390046 -0.145474 -0.909231
    outer loop
      vertex 21.1525 -6.21092 5.62677
      vertex 14.6227 -6.67794 2.90031
      vertex 15.4242 -4.52895 2.90031
    endloop
  endfacet
  facet normal 0.247851 -0.135336 -0.959299
    outer loop
      vertex 14.6227 -6.67794 2.90031
      vertex 8.22578 -5.28639 1.05124
      vertex 8.89438 -4.06193 1.05124
    endloop
  endfacet
  facet normal 0.114213 -0.0854995 -0.98977
    outer loop
      vertex 7.38972 -6.40323 1.05124
      vertex 2.48007 -2.14899 0.117202
      vertex 8.22578 -5.28639 1.05124
    endloop
  endfacet
  facet normal 0.475364 -0.259578 -0.840624
    outer loop
      vertex 23.1906 -14.9037 9.1751
      vertex 18.5458 -11.9187 5.62677
      vertex 25.0756 -11.4517 9.1751
    endloop
  endfacet
  facet normal 0.0600287 -0.27594 -0.959298
    outer loop
      vertex 4.52895 -15.4242 2.90031
      vertex 1.39155 -9.67848 1.05124
      vertex 2.75478 -9.38192 1.05124
    endloop
  endfacet
  facet normal 0.0201552 -0.281676 -0.959298
    outer loop
      vertex 2.28776 -15.9117 2.90031
      vertex 0 -16.0754 2.90031
      vertex 1.39155 -9.67848 1.05124
    endloop
  endfacet
  facet normal -0.0297118 -0.415232 -0.90923
    outer loop
      vertex 0 -22.0455 5.62677
      vertex -2.28776 -15.9117 2.90031
      vertex 0 -16.0754 2.90031
    endloop
  endfacet
  facet normal 0.333256 -0.249479 -0.909231
    outer loop
      vertex 16.6608 -14.4367 5.62677
      vertex 12.1489 -10.5271 2.90031
      vertex 18.5458 -11.9187 5.62677
    endloop
  endfacet
  facet normal 0.507472 -0.189274 -0.840623
    outer loop
      vertex 25.0756 -11.4517 9.1751
      vertex 21.1525 -6.21092 5.62677
      vertex 26.4501 -7.76646 9.1751
    endloop
  endfacet
  facet normal 0.664033 -0.362583 -0.653907
    outer loop
      vertex 30.9791 -19.909 18.4332
      vertex 27.3634 -17.5854 13.4731
      vertex 29.5875 -13.5122 13.4731
    endloop
  endfacet
  facet normal 0.605672 -0.453397 -0.653906
    outer loop
      vertex 27.8304 -24.1152 18.4332
      vertex 27.3634 -17.5854 13.4731
      vertex 30.9791 -19.909 18.4332
    endloop
  endfacet
  facet normal 0.135347 0.247849 -0.959298
    outer loop
      vertex 8.69099 13.5234 2.90031
      vertex 5.28639 8.22578 1.05124
      vertex 6.67794 14.6227 2.90031
    endloop
  endfacet
  facet normal 0.199519 0.365362 -0.909232
    outer loop
      vertex 8.69099 13.5234 2.90031
      vertex 6.67794 14.6227 2.90031
      vertex 11.9187 18.5458 5.62677
    endloop
  endfacet
  facet normal 0.189288 0.507458 -0.840628
    outer loop
      vertex 9.15801 20.0532 5.62677
      vertex 6.21092 21.1525 5.62677
      vertex 11.4517 25.0756 9.1751
    endloop
  endfacet
  facet normal 0.25956 0.475365 -0.840628
    outer loop
      vertex 11.9187 18.5458 5.62677
      vertex 9.15801 20.0532 5.62677
      vertex 11.4517 25.0756 9.1751
    endloop
  endfacet
  facet normal 0.0297118 0.415232 -0.90923
    outer loop
      vertex 2.28776 15.9117 2.90031
      vertex 0 16.0754 2.90031
      vertex 0 22.0455 5.62677
    endloop
  endfacet
  facet normal 0.0201552 0.281676 -0.959298
    outer loop
      vertex 1.39155 9.67848 1.05124
      vertex 0 16.0754 2.90031
      vertex 2.28776 15.9117 2.90031
    endloop
  endfacet
  facet normal 0.333257 0.249474 -0.909232
    outer loop
      vertex 13.5234 8.69099 2.90031
      vertex 12.1489 10.5271 2.90031
      vertex 18.5458 11.9187 5.62677
    endloop
  endfacet
  facet normal 0.333256 0.249479 -0.909231
    outer loop
      vertex 18.5458 11.9187 5.62677
      vertex 12.1489 10.5271 2.90031
      vertex 16.6608 14.4367 5.62677
    endloop
  endfacet
  facet normal 0.575586 0.314304 -0.754926
    outer loop
      vertex 25.0756 11.4517 9.1751
      vertex 23.1906 14.9037 9.1751
      vertex 27.3634 17.5854 13.4731
    endloop
  endfacet
  facet normal 0.664027 0.362586 -0.653911
    outer loop
      vertex 29.5875 13.5122 13.4731
      vertex 32 18.0394 18.4332
      vertex 32 14.6139 16.5338
    endloop
  endfacet
  facet normal 0.664022 0.362591 -0.653913
    outer loop
      vertex 32 18.0394 18.4332
      vertex 29.5875 13.5122 13.4731
      vertex 30.9791 19.909 18.4332
    endloop
  endfacet
  facet normal 0.529242 0.115135 -0.840623
    outer loop
      vertex 27.2862 3.92316 9.1751
      vertex 21.1525 6.21092 5.62677
      vertex 26.4501 7.76646 9.1751
    endloop
  endfacet
  facet normal 0.52924 0.115128 -0.840625
    outer loop
      vertex 21.8211 3.13739 5.62677
      vertex 21.1525 6.21092 5.62677
      vertex 27.2862 3.92316 9.1751
    endloop
  endfacet
  facet normal 0.390046 0.145492 -0.909228
    outer loop
      vertex 21.1525 6.21092 5.62677
      vertex 14.6227 6.67794 2.90031
      vertex 20.0532 9.15801 5.62677
    endloop
  endfacet
  facet normal 0.390046 0.145474 -0.909231
    outer loop
      vertex 15.4242 4.52895 2.90031
      vertex 14.6227 6.67794 2.90031
      vertex 21.1525 6.21092 5.62677
    endloop
  endfacet
  facet normal -0.534977 -0.534977 -0.65391
    outer loop
      vertex -24.1152 -27.8304 18.4332
      vertex -24.5822 -21.3006 13.4731
      vertex -21.3006 -24.5822 13.4731
    endloop
  endfacet
  facet normal -0.534977 -0.534977 -0.65391
    outer loop
      vertex -24.5822 -21.3006 13.4731
      vertex -24.1152 -27.8304 18.4332
      vertex -27.8304 -24.1152 18.4332
    endloop
  endfacet
  facet normal -0.640828 -0.139411 -0.75492
    outer loop
      vertex -32 -5.5293 13.4731
      vertex -27.2862 -3.92316 9.1751
      vertex -31.2093 -9.16389 13.4731
    endloop
  endfacet
  facet normal -0.640839 -0.139372 -0.754918
    outer loop
      vertex -27.2862 -3.92316 9.1751
      vertex -32 -5.5293 13.4731
      vertex -32 -4.6009 13.3017
    endloop
  endfacet
  facet normal -0.739257 -0.160824 -0.653938
    outer loop
      vertex -31.2093 -9.16389 13.4731
      vertex -32 -8.57201 14.2214
      vertex -32 -5.5293 13.4731
    endloop
  endfacet
  facet normal -0.47925 -0.877678 0
    outer loop
      vertex -24.8061 -38.5991 42.7184
      vertex -19.0604 -41.7365 49.2816
      vertex -24.8061 -38.5991 49.2816
    endloop
  endfacet
  facet normal -0.47925 -0.877678 -0
    outer loop
      vertex -19.0604 -41.7365 49.2816
      vertex -24.8061 -38.5991 42.7184
      vertex -19.0604 -41.7365 42.7184
    endloop
  endfacet
  facet normal -0.599284 -0.800537 0
    outer loop
      vertex -30.0468 -34.6759 42.7184
      vertex -24.8061 -38.5991 49.2816
      vertex -30.0468 -34.6759 49.2816
    endloop
  endfacet
  facet normal -0.599284 -0.800537 -0
    outer loop
      vertex -24.8061 -38.5991 49.2816
      vertex -30.0468 -34.6759 42.7184
      vertex -24.8061 -38.5991 42.7184
    endloop
  endfacet
  facet normal -0.593205 -0.792437 0.141953
    outer loop
      vertex -29.4352 -33.97 55.778
      vertex -30.0468 -34.6759 49.2816
      vertex -24.3011 -37.8133 55.778
    endloop
  endfacet
  facet normal -0.575116 -0.768273 0.281067
    outer loop
      vertex -28.2243 -32.5726 62.0754
      vertex -29.4352 -33.97 55.778
      vertex -24.3011 -37.8133 55.778
    endloop
  endfacet
  facet normal -0.335377 -0.899182 0.281058
    outer loop
      vertex -17.9043 -39.2049 62.0754
      vertex -18.6724 -40.8868 55.778
      vertex -12.6635 -43.128 55.778
    endloop
  endfacet
  facet normal -0.45993 -0.8423 0.281058
    outer loop
      vertex -17.9043 -39.2049 62.0754
      vertex -24.3011 -37.8133 55.778
      vertex -18.6724 -40.8868 55.778
    endloop
  endfacet
  facet normal 0.212571 -0.977146 0
    outer loop
      vertex 6.5298 -45.4158 42.7184
      vertex 12.9267 -44.0242 49.2816
      vertex 6.5298 -45.4158 49.2816
    endloop
  endfacet
  facet normal 0.212571 -0.977146 0
    outer loop
      vertex 12.9267 -44.0242 49.2816
      vertex 6.5298 -45.4158 42.7184
      vertex 12.9267 -44.0242 42.7184
    endloop
  endfacet
  facet normal 0.0713361 -0.997452 0
    outer loop
      vertex 0 -45.8828 42.7184
      vertex 6.5298 -45.4158 49.2816
      vertex 0 -45.8828 49.2816
    endloop
  endfacet
  facet normal 0.0713361 -0.997452 0
    outer loop
      vertex 6.5298 -45.4158 49.2816
      vertex 0 -45.8828 42.7184
      vertex 6.5298 -45.4158 42.7184
    endloop
  endfacet
  facet normal -0.504517 -0.673961 -0.539666
    outer loop
      vertex -19.909 -30.9791 18.4332
      vertex -26.4388 -30.5121 23.9545
      vertex -24.1152 -27.8304 18.4332
    endloop
  endfacet
  facet normal -0.453397 -0.605672 -0.653906
    outer loop
      vertex -19.909 -30.9791 18.4332
      vertex -24.1152 -27.8304 18.4332
      vertex -17.5854 -27.3634 13.4731
    endloop
  endfacet
  facet normal 0.0649219 -0.90771 -0.414545
    outer loop
      vertex 6.13372 -42.661 29.9246
      vertex 0 -43.0997 29.9246
      vertex 0 -40.3732 23.9545
    endloop
  endfacet
  facet normal 0.0684644 -0.957241 -0.281074
    outer loop
      vertex 6.13372 -42.661 29.9246
      vertex 0 -44.9488 36.222
      vertex 0 -43.0997 29.9246
    endloop
  endfacet
  facet normal -0.453397 -0.605672 0.653906
    outer loop
      vertex -17.5854 -27.3634 78.5269
      vertex -24.1152 -27.8304 73.5668
      vertex -19.909 -30.9791 73.5668
    endloop
  endfacet
  facet normal -0.453401 -0.605664 0.65391
    outer loop
      vertex -21.3006 -24.5822 78.5269
      vertex -24.1152 -27.8304 73.5668
      vertex -17.5854 -27.3634 78.5269
    endloop
  endfacet
  facet normal -0.534977 -0.534977 0.65391
    outer loop
      vertex -24.5822 -21.3006 78.5269
      vertex -24.1152 -27.8304 73.5668
      vertex -21.3006 -24.5822 78.5269
    endloop
  endfacet
  facet normal -0.534977 -0.534977 0.65391
    outer loop
      vertex -24.1152 -27.8304 73.5668
      vertex -24.5822 -21.3006 78.5269
      vertex -27.8304 -24.1152 73.5668
    endloop
  endfacet
  facet normal -0.504517 -0.673961 0.539666
    outer loop
      vertex -24.1152 -27.8304 73.5668
      vertex -26.4388 -30.5121 68.0455
      vertex -19.909 -30.9791 73.5668
    endloop
  endfacet
  facet normal 0.0600531 -0.839737 0.539662
    outer loop
      vertex 0 -36.8249 73.5668
      vertex 0 -40.3732 68.0455
      vertex 5.74571 -39.9623 68.0455
    endloop
  endfacet
  facet normal -0.178959 -0.82264 0.539664
    outer loop
      vertex -5.24073 -36.4501 73.5668
      vertex -11.3745 -38.7378 68.0455
      vertex -5.74571 -39.9623 68.0455
    endloop
  endfacet
  facet normal 0.193448 -0.889233 0.414538
    outer loop
      vertex 12.1426 -41.3538 62.0754
      vertex 5.74571 -39.9623 68.0455
      vertex 6.13372 -42.661 62.0754
    endloop
  endfacet
  facet normal 0.193446 -0.889235 0.414536
    outer loop
      vertex 11.3745 -38.7378 68.0455
      vertex 5.74571 -39.9623 68.0455
      vertex 12.1426 -41.3538 62.0754
    endloop
  endfacet
  facet normal 0.459937 -0.842294 0.281066
    outer loop
      vertex 23.3014 -36.2578 62.0754
      vertex 17.9043 -39.2049 62.0754
      vertex 24.3011 -37.8133 55.778
    endloop
  endfacet
  facet normal 0.575116 -0.768273 0.281067
    outer loop
      vertex 28.2243 -32.5726 62.0754
      vertex 23.3014 -36.2578 62.0754
      vertex 24.3011 -37.8133 55.778
    endloop
  endfacet
  facet normal 0.708865 0.264403 -0.653912
    outer loop
      vertex 32 12.1949 15.5557
      vertex 29.5875 13.5122 13.4731
      vertex 32 14.6139 16.5338
    endloop
  endfacet
  facet normal 0.708863 0.264386 -0.653921
    outer loop
      vertex 32 9.39605 14.4241
      vertex 29.5875 13.5122 13.4731
      vertex 32 12.1949 15.5557
    endloop
  endfacet
  facet normal 0.708864 0.264387 -0.653921
    outer loop
      vertex 29.5875 13.5122 13.4731
      vertex 32 9.39605 14.4241
      vertex 31.2093 9.16389 13.4731
    endloop
  endfacet
  facet normal 0.45993 -0.8423 -0.281058
    outer loop
      vertex 18.6724 -40.8868 36.222
      vertex 17.9043 -39.2049 29.9246
      vertex 24.3011 -37.8133 36.222
    endloop
  endfacet
  facet normal 0.575116 -0.768273 -0.281067
    outer loop
      vertex 29.4352 -33.97 36.222
      vertex 24.3011 -37.8133 36.222
      vertex 28.2243 -32.5726 29.9246
    endloop
  endfacet
  facet normal 0.436137 -0.798708 -0.414547
    outer loop
      vertex 17.9043 -39.2049 29.9246
      vertex 16.7716 -36.7248 23.9545
      vertex 23.3014 -36.2578 29.9246
    endloop
  endfacet
  facet normal 0.403473 -0.7389 -0.539663
    outer loop
      vertex 21.8274 -33.9641 23.9545
      vertex 16.7716 -36.7248 23.9545
      vertex 19.909 -30.9791 18.4332
    endloop
  endfacet
  facet normal 0.365383 -0.199507 0.909226
    outer loop
      vertex 20.0532 -9.15801 86.3732
      vertex 14.6227 -6.67794 89.0997
      vertex 18.5458 -11.9187 86.3732
    endloop
  endfacet
  facet normal 0.475363 -0.259559 0.84063
    outer loop
      vertex 20.0532 -9.15801 86.3732
      vertex 18.5458 -11.9187 86.3732
      vertex 25.0756 -11.4517 82.8249
    endloop
  endfacet
  facet normal 0.247855 -0.135338 0.959297
    outer loop
      vertex 8.89438 -4.06193 90.9488
      vertex 8.22578 -5.28639 90.9488
      vertex 14.6227 -6.67794 89.0997
    endloop
  endfacet
  facet normal 0.264594 -0.0986844 0.959297
    outer loop
      vertex 15.4242 -4.52895 89.0997
      vertex 8.89438 -4.06193 90.9488
      vertex 14.6227 -6.67794 89.0997
    endloop
  endfacet
  facet normal 0.33326 -0.249482 0.909228
    outer loop
      vertex 18.5458 -11.9187 86.3732
      vertex 12.1489 -10.5271 89.0997
      vertex 16.6608 -14.4367 86.3732
    endloop
  endfacet
  facet normal 0.333262 -0.249477 0.909229
    outer loop
      vertex 13.5234 -8.69099 89.0997
      vertex 12.1489 -10.5271 89.0997
      vertex 18.5458 -11.9187 86.3732
    endloop
  endfacet
  facet normal -0.545356 0.728521 -0.414541
    outer loop
      vertex -26.4388 30.5121 23.9545
      vertex -28.2243 32.5726 29.9246
      vertex -21.8274 33.9641 23.9545
    endloop
  endfacet
  facet normal -0.433595 -0.324573 -0.840624
    outer loop
      vertex -20.8336 -18.0524 9.1751
      vertex -23.1906 -14.9037 9.1751
      vertex -18.5458 -11.9187 5.62677
    endloop
  endfacet
  facet normal -0.264589 -0.0986864 -0.959298
    outer loop
      vertex -8.89438 -4.06193 1.05124
      vertex -15.4242 -4.52895 2.90031
      vertex -9.38192 -2.75478 1.05124
    endloop
  endfacet
  facet normal -0.281673 -0.0201445 -0.959299
    outer loop
      vertex -9.67848 -1.39155 1.05124
      vertex -16.0754 0 2.90031
      vertex -9.778 0 1.05124
    endloop
  endfacet
  facet normal -0.390046 -0.145492 -0.909228
    outer loop
      vertex -20.0532 -9.15801 5.62677
      vertex -21.1525 -6.21092 5.62677
      vertex -14.6227 -6.67794 2.90031
    endloop
  endfacet
  facet normal -0.0854999 -0.114213 -0.98977
    outer loop
      vertex -1.77417 -2.76066 0.117202
      vertex -5.28639 -8.22578 1.05124
      vertex -2.14899 -2.48007 0.117202
    endloop
  endfacet
  facet normal -0.135336 -0.247851 -0.959299
    outer loop
      vertex -4.06193 -8.89438 1.05124
      vertex -6.67794 -14.6227 2.90031
      vertex -5.28639 -8.22578 1.05124
    endloop
  endfacet
  facet normal -0.0201552 -0.281676 -0.959298
    outer loop
      vertex 0 -16.0754 2.90031
      vertex -2.28776 -15.9117 2.90031
      vertex -1.39155 -9.67848 1.05124
    endloop
  endfacet
  facet normal -0.115135 -0.529242 -0.840623
    outer loop
      vertex -3.92316 -27.2862 9.1751
      vertex -7.76646 -26.4501 9.1751
      vertex -6.21092 -21.1525 5.62677
    endloop
  endfacet
  facet normal -0.145474 -0.390046 -0.909231
    outer loop
      vertex -6.21092 -21.1525 5.62677
      vertex -6.67794 -14.6227 2.90031
      vertex -4.52895 -15.4242 2.90031
    endloop
  endfacet
  facet normal -0.178962 -0.822638 -0.539666
    outer loop
      vertex -5.24073 -36.4501 18.4332
      vertex -11.3745 -38.7378 23.9545
      vertex -10.3748 -35.3332 18.4332
    endloop
  endfacet
  facet normal -0.160828 -0.73928 -0.653911
    outer loop
      vertex -5.24073 -36.4501 18.4332
      vertex -10.3748 -35.3332 18.4332
      vertex -9.16389 -31.2093 13.4731
    endloop
  endfacet
  facet normal -0.193446 -0.889235 -0.414536
    outer loop
      vertex -5.74571 -39.9623 23.9545
      vertex -12.1426 -41.3538 29.9246
      vertex -11.3745 -38.7378 23.9545
    endloop
  endfacet
  facet normal -0.178959 -0.82264 -0.539664
    outer loop
      vertex -5.74571 -39.9623 23.9545
      vertex -11.3745 -38.7378 23.9545
      vertex -5.24073 -36.4501 18.4332
    endloop
  endfacet
  facet normal 0.139411 -0.640828 -0.75492
    outer loop
      vertex 9.16389 -31.2093 13.4731
      vertex 3.92316 -27.2862 9.1751
      vertex 7.76646 -26.4501 9.1751
    endloop
  endfacet
  facet normal 0.115135 -0.529242 -0.840623
    outer loop
      vertex 7.76646 -26.4501 9.1751
      vertex 3.92316 -27.2862 9.1751
      vertex 6.21092 -21.1525 5.62677
    endloop
  endfacet
  facet normal -0.475364 0.259578 -0.840624
    outer loop
      vertex -18.5458 11.9187 5.62677
      vertex -25.0756 11.4517 9.1751
      vertex -23.1906 14.9037 9.1751
    endloop
  endfacet
  facet normal -0.525006 0.39302 -0.75492
    outer loop
      vertex -20.8336 18.0524 9.1751
      vertex -27.3634 17.5854 13.4731
      vertex -24.5822 21.3006 13.4731
    endloop
  endfacet
  facet normal -0.475365 0.25956 -0.840628
    outer loop
      vertex -20.0532 9.15801 5.62677
      vertex -25.0756 11.4517 9.1751
      vertex -18.5458 11.9187 5.62677
    endloop
  endfacet
  facet normal -0.507472 0.189274 -0.840623
    outer loop
      vertex -21.1525 6.21092 5.62677
      vertex -26.4501 7.76646 9.1751
      vertex -25.0756 11.4517 9.1751
    endloop
  endfacet
  facet normal -0.463733 0.463733 -0.75492
    outer loop
      vertex -20.8336 18.0524 9.1751
      vertex -21.3006 24.5822 13.4731
      vertex -18.0524 20.8336 9.1751
    endloop
  endfacet
  facet normal -0.463733 0.463733 -0.75492
    outer loop
      vertex -21.3006 24.5822 13.4731
      vertex -20.8336 18.0524 9.1751
      vertex -24.5822 21.3006 13.4731
    endloop
  endfacet
  facet normal -0.382978 0.382978 -0.840628
    outer loop
      vertex -16.6608 14.4367 5.62677
      vertex -18.0524 20.8336 9.1751
      vertex -14.4367 16.6608 5.62677
    endloop
  endfacet
  facet normal -0.382978 0.382978 -0.840628
    outer loop
      vertex -18.0524 20.8336 9.1751
      vertex -16.6608 14.4367 5.62677
      vertex -20.8336 18.0524 9.1751
    endloop
  endfacet
  facet normal -0.739257 0.160824 -0.653938
    outer loop
      vertex -31.2093 9.16389 13.4731
      vertex -32 5.5293 13.4731
      vertex -32 8.57201 14.2214
    endloop
  endfacet
  facet normal -0.708865 0.264403 -0.653912
    outer loop
      vertex -29.5875 13.5122 13.4731
      vertex -32 12.1949 15.5557
      vertex -32 14.6139 16.5338
    endloop
  endfacet
  facet normal 0.139411 0.640828 -0.75492
    outer loop
      vertex 7.76646 26.4501 9.1751
      vertex 3.92316 27.2862 9.1751
      vertex 9.16389 31.2093 13.4731
    endloop
  endfacet
  facet normal 0.160821 0.739278 -0.653914
    outer loop
      vertex 9.16389 31.2093 13.4731
      vertex 4.62906 32.1958 13.4731
      vertex 5.24073 36.4501 18.4332
    endloop
  endfacet
  facet normal 0.699946 0.699946 -0.141952
    outer loop
      vertex 34.6759 30.0468 42.7184
      vertex 29.4352 33.97 36.222
      vertex 30.0468 34.6759 42.7184
    endloop
  endfacet
  facet normal 0.699946 0.699946 -0.141952
    outer loop
      vertex 29.4352 33.97 36.222
      vertex 34.6759 30.0468 42.7184
      vertex 33.97 29.4352 36.222
    endloop
  endfacet
  facet normal 0.792437 0.593205 -0.141953
    outer loop
      vertex 37.8133 24.3011 36.222
      vertex 33.97 29.4352 36.222
      vertex 34.6759 30.0468 42.7184
    endloop
  endfacet
  facet normal 0.664033 0.362583 -0.653907
    outer loop
      vertex 29.5875 13.5122 13.4731
      vertex 27.3634 17.5854 13.4731
      vertex 30.9791 19.909 18.4332
    endloop
  endfacet
  facet normal 0.605672 0.453397 -0.653906
    outer loop
      vertex 30.9791 19.909 18.4332
      vertex 27.3634 17.5854 13.4731
      vertex 27.8304 24.1152 18.4332
    endloop
  endfacet
  facet normal 0.114213 0.0854995 -0.98977
    outer loop
      vertex 8.22578 5.28639 1.05124
      vertex 2.48007 2.14899 0.117202
      vertex 7.38972 6.40323 1.05124
    endloop
  endfacet
  facet normal 0.281676 0.0201552 -0.959298
    outer loop
      vertex 16.0754 0 2.90031
      vertex 9.67848 1.39155 1.05124
      vertex 15.9117 2.28776 2.90031
    endloop
  endfacet
  facet normal 0.281673 0.0201445 -0.959299
    outer loop
      vertex 9.778 0 1.05124
      vertex 9.67848 1.39155 1.05124
      vertex 16.0754 0 2.90031
    endloop
  endfacet
  facet normal -0.189288 -0.507458 -0.840628
    outer loop
      vertex -6.21092 -21.1525 5.62677
      vertex -11.4517 -25.0756 9.1751
      vertex -9.15801 -20.0532 5.62677
    endloop
  endfacet
  facet normal -0.333257 -0.249474 -0.909232
    outer loop
      vertex -12.1489 -10.5271 2.90031
      vertex -18.5458 -11.9187 5.62677
      vertex -13.5234 -8.69099 2.90031
    endloop
  endfacet
  facet normal -0.525009 -0.393003 -0.754927
    outer loop
      vertex -20.8336 -18.0524 9.1751
      vertex -27.3634 -17.5854 13.4731
      vertex -23.1906 -14.9037 9.1751
    endloop
  endfacet
  facet normal -0.575598 -0.314295 -0.75492
    outer loop
      vertex -27.3634 -17.5854 13.4731
      vertex -29.5875 -13.5122 13.4731
      vertex -25.0756 -11.4517 9.1751
    endloop
  endfacet
  facet normal -0.664033 -0.362583 -0.653907
    outer loop
      vertex -27.3634 -17.5854 13.4731
      vertex -30.9791 -19.909 18.4332
      vertex -29.5875 -13.5122 13.4731
    endloop
  endfacet
  facet normal -0.540238 0.0386399 -0.840625
    outer loop
      vertex -22.0455 0 5.62677
      vertex -27.5668 0 9.1751
      vertex -27.2862 3.92316 9.1751
    endloop
  endfacet
  facet normal -0.575598 0.314295 -0.75492
    outer loop
      vertex -25.0756 11.4517 9.1751
      vertex -29.5875 13.5122 13.4731
      vertex -27.3634 17.5854 13.4731
    endloop
  endfacet
  facet normal -0.507458 0.189288 -0.840628
    outer loop
      vertex -21.1525 6.21092 5.62677
      vertex -25.0756 11.4517 9.1751
      vertex -20.0532 9.15801 5.62677
    endloop
  endfacet
  facet normal -0.390046 0.145492 -0.909228
    outer loop
      vertex -14.6227 6.67794 2.90031
      vertex -21.1525 6.21092 5.62677
      vertex -20.0532 9.15801 5.62677
    endloop
  endfacet
  facet normal -0.13941 -0.0303279 -0.98977
    outer loop
      vertex -3.14867 -0.924534 0.117202
      vertex -9.38192 -2.75478 1.05124
      vertex -3.2482 -0.46702 0.117202
    endloop
  endfacet
  facet normal -0.0683746 0.125219 -0.98977
    outer loop
      vertex -1.77417 2.76066 0.117202
      vertex -5.28639 8.22578 1.05124
      vertex -1.36323 2.98505 0.117202
    endloop
  endfacet
  facet normal 0.504517 0.673961 0.539666
    outer loop
      vertex 26.4388 30.5121 68.0455
      vertex 19.909 30.9791 73.5668
      vertex 24.1152 27.8304 73.5668
    endloop
  endfacet
  facet normal 0.453397 0.605672 0.653906
    outer loop
      vertex 19.909 30.9791 73.5668
      vertex 17.5854 27.3634 78.5269
      vertex 24.1152 27.8304 73.5668
    endloop
  endfacet
  facet normal 0.0467889 0.654148 0.754918
    outer loop
      vertex 4.62906 32.1958 78.5269
      vertex 0 32.5269 78.5269
      vertex 3.92316 27.2862 82.8249
    endloop
  endfacet
  facet normal 0.0467873 0.654148 0.754918
    outer loop
      vertex 0 32.5269 78.5269
      vertex 0 27.5668 82.8249
      vertex 3.92316 27.2862 82.8249
    endloop
  endfacet
  facet normal 0.193446 0.889235 0.414536
    outer loop
      vertex 12.1426 41.3538 62.0754
      vertex 5.74571 39.9623 68.0455
      vertex 11.3745 38.7378 68.0455
    endloop
  endfacet
  facet normal 0.178959 0.82264 0.539664
    outer loop
      vertex 5.74571 39.9623 68.0455
      vertex 5.24073 36.4501 73.5668
      vertex 11.3745 38.7378 68.0455
    endloop
  endfacet
  facet normal -0.349457 0.936952 0
    outer loop
      vertex -12.9267 44.0242 42.7184
      vertex -19.0604 41.7365 49.2816
      vertex -12.9267 44.0242 49.2816
    endloop
  endfacet
  facet normal -0.349457 0.936952 0
    outer loop
      vertex -19.0604 41.7365 49.2816
      vertex -12.9267 44.0242 42.7184
      vertex -19.0604 41.7365 42.7184
    endloop
  endfacet
  facet normal -0.678601 0.678601 0.281071
    outer loop
      vertex -33.97 29.4352 55.778
      vertex -32.5893 28.2388 62
      vertex -32 28.8281 62
    endloop
  endfacet
  facet normal -0.678602 0.678602 0.281068
    outer loop
      vertex -33.97 29.4352 55.778
      vertex -28.2243 32.5726 62.0754
      vertex -29.4352 33.97 55.778
    endloop
  endfacet
  facet normal -0.678604 0.678598 0.281071
    outer loop
      vertex -32 28.8281 62
      vertex -28.2243 32.5726 62.0754
      vertex -33.97 29.4352 55.778
    endloop
  endfacet
  facet normal -0.678653 0.678653 0.280822
    outer loop
      vertex -28.2243 32.5726 62.0754
      vertex -32 28.8281 62
      vertex -32 28.7969 62.0754
    endloop
  endfacet
  facet normal -0.13367 -0.0498548 0.989771
    outer loop
      vertex -3.14867 -0.924534 91.8828
      vertex -9.38192 -2.75478 90.9488
      vertex -2.98505 -1.36323 91.8828
    endloop
  endfacet
  facet normal -0.169237 -0.226073 0.959296
    outer loop
      vertex -6.40323 -7.38972 90.9488
      vertex -10.5271 -12.1489 89.0997
      vertex -5.28639 -8.22578 90.9488
    endloop
  endfacet
  facet normal -0.010177 -0.142301 0.989771
    outer loop
      vertex 0 -3.2816 91.8828
      vertex -0.46702 -3.2482 91.8828
      vertex 0 -9.778 90.9488
    endloop
  endfacet
  facet normal 0.010177 -0.142301 0.989771
    outer loop
      vertex 0.46702 -3.2482 91.8828
      vertex 0 -9.778 90.9488
      vertex 1.39155 -9.67848 90.9488
    endloop
  endfacet
  facet normal -0.115134 -0.529239 0.840625
    outer loop
      vertex -6.21092 -21.1525 86.3732
      vertex -7.76646 -26.4501 82.8249
      vertex -3.92316 -27.2862 82.8249
    endloop
  endfacet
  facet normal -0.115128 -0.529237 0.840627
    outer loop
      vertex -3.13739 -21.8211 86.3732
      vertex -6.21092 -21.1525 86.3732
      vertex -3.92316 -27.2862 82.8249
    endloop
  endfacet
  facet normal 0.249482 -0.33326 0.909228
    outer loop
      vertex 14.4367 -16.6608 86.3732
      vertex 10.5271 -12.1489 89.0997
      vertex 11.9187 -18.5458 86.3732
    endloop
  endfacet
  facet normal 0.32458 -0.433576 0.840631
    outer loop
      vertex 14.4367 -16.6608 86.3732
      vertex 11.9187 -18.5458 86.3732
      vertex 18.0524 -20.8336 82.8249
    endloop
  endfacet
  facet normal 0.0297122 -0.415237 0.909228
    outer loop
      vertex 0 -16.0754 89.0997
      vertex 0 -22.0455 86.3732
      vertex 2.28776 -15.9117 89.0997
    endloop
  endfacet
  facet normal 0.0201555 -0.28168 0.959297
    outer loop
      vertex 1.39155 -9.67848 90.9488
      vertex 0 -16.0754 89.0997
      vertex 2.28776 -15.9117 89.0997
    endloop
  endfacet
  facet normal 0.145476 -0.390051 0.909229
    outer loop
      vertex 6.67794 -14.6227 89.0997
      vertex 4.52895 -15.4242 89.0997
      vertex 6.21092 -21.1525 86.3732
    endloop
  endfacet
  facet normal 0.189287 -0.507455 0.84063
    outer loop
      vertex 9.15801 -20.0532 86.3732
      vertex 6.21092 -21.1525 86.3732
      vertex 11.4517 -25.0756 82.8249
    endloop
  endfacet
  facet normal 0.0386399 -0.540234 0.840627
    outer loop
      vertex 3.13739 -21.8211 86.3732
      vertex 0 -22.0455 86.3732
      vertex 3.92316 -27.2862 82.8249
    endloop
  endfacet
  facet normal 0.115128 -0.529237 0.840627
    outer loop
      vertex 6.21092 -21.1525 86.3732
      vertex 3.13739 -21.8211 86.3732
      vertex 3.92316 -27.2862 82.8249
    endloop
  endfacet
  facet normal 0.0683715 -0.125214 0.989771
    outer loop
      vertex 5.28639 -8.22578 90.9488
      vertex 1.36323 -2.98505 91.8828
      vertex 4.06193 -8.89438 90.9488
    endloop
  endfacet
  facet normal 0.0498561 -0.13367 0.989771
    outer loop
      vertex 4.06193 -8.89438 90.9488
      vertex 1.36323 -2.98505 91.8828
      vertex 2.75478 -9.38192 90.9488
    endloop
  endfacet
  facet normal 0.135338 -0.247855 0.959297
    outer loop
      vertex 5.28639 -8.22578 90.9488
      vertex 4.06193 -8.89438 90.9488
      vertex 6.67794 -14.6227 89.0997
    endloop
  endfacet
  facet normal 0.0986844 -0.264594 0.959297
    outer loop
      vertex 6.67794 -14.6227 89.0997
      vertex 4.06193 -8.89438 90.9488
      vertex 4.52895 -15.4242 89.0997
    endloop
  endfacet
  facet normal 0.169237 -0.226073 0.959296
    outer loop
      vertex 6.40323 -7.38972 90.9488
      vertex 5.28639 -8.22578 90.9488
      vertex 10.5271 -12.1489 89.0997
    endloop
  endfacet
  facet normal 0.199688 -0.199688 0.959296
    outer loop
      vertex 7.38972 -6.40323 90.9488
      vertex 10.5271 -12.1489 89.0997
      vertex 12.1489 -10.5271 89.0997
    endloop
  endfacet
  facet normal 0.199688 -0.199688 0.959296
    outer loop
      vertex 10.5271 -12.1489 89.0997
      vertex 7.38972 -6.40323 90.9488
      vertex 6.40323 -7.38972 90.9488
    endloop
  endfacet
  facet normal 0.142301 -0.010177 0.989771
    outer loop
      vertex 9.778 0 90.9488
      vertex 3.2482 -0.46702 91.8828
      vertex 9.67848 -1.39155 90.9488
    endloop
  endfacet
  facet normal 0.142301 -0.010177 0.989771
    outer loop
      vertex 3.2816 0 91.8828
      vertex 3.2482 -0.46702 91.8828
      vertex 9.778 0 90.9488
    endloop
  endfacet
  facet normal 0.362583 -0.664033 0.653907
    outer loop
      vertex 17.5854 -27.3634 78.5269
      vertex 13.5122 -29.5875 78.5269
      vertex 19.909 -30.9791 73.5668
    endloop
  endfacet
  facet normal 0.314295 -0.575598 0.75492
    outer loop
      vertex 17.5854 -27.3634 78.5269
      vertex 11.4517 -25.0756 82.8249
      vertex 13.5122 -29.5875 78.5269
    endloop
  endfacet
  facet normal -0.664033 -0.362583 0.653907
    outer loop
      vertex -29.5875 -13.5122 78.5269
      vertex -30.9791 -19.909 73.5668
      vertex -27.3634 -17.5854 78.5269
    endloop
  endfacet
  facet normal -0.664027 -0.362586 0.653911
    outer loop
      vertex -32 -18.0394 73.5668
      vertex -29.5875 -13.5122 78.5269
      vertex -32 -14.6139 75.4662
    endloop
  endfacet
  facet normal -0.664022 -0.362591 0.653913
    outer loop
      vertex -29.5875 -13.5122 78.5269
      vertex -32 -18.0394 73.5668
      vertex -30.9791 -19.909 73.5668
    endloop
  endfacet
  facet normal -0.605664 -0.453401 0.65391
    outer loop
      vertex -27.3634 -17.5854 78.5269
      vertex -27.8304 -24.1152 73.5668
      vertex -24.5822 -21.3006 78.5269
    endloop
  endfacet
  facet normal -0.475361 0.259576 0.840626
    outer loop
      vertex -23.1906 14.9037 82.8249
      vertex -25.0756 11.4517 82.8249
      vertex -18.5458 11.9187 86.3732
    endloop
  endfacet
  facet normal -0.575586 0.314304 0.754926
    outer loop
      vertex -23.1906 14.9037 82.8249
      vertex -27.3634 17.5854 78.5269
      vertex -25.0756 11.4517 82.8249
    endloop
  endfacet
  facet normal -0.899325 -0.335015 -0.281033
    outer loop
      vertex -40.8868 -18.6724 36.222
      vertex -40.6405 -18.4 35.1091
      vertex -40.5689 -18.4095 34.8913
    endloop
  endfacet
  facet normal -0.899265 -0.335164 -0.281048
    outer loop
      vertex -40.8868 -18.6724 36.222
      vertex -40.5689 -18.4095 34.8913
      vertex -40.4032 -18.4515 34.4112
    endloop
  endfacet
  facet normal -0.899174 -0.335375 -0.281088
    outer loop
      vertex -40.6405 -18.4 35.1091
      vertex -40.8868 -18.6724 36.222
      vertex -40.9884 -18.4 36.222
    endloop
  endfacet
  facet normal -0.927438 -0.345917 -0.142127
    outer loop
      vertex -40.8868 -18.6724 36.222
      vertex -41.0356 -18.4 36.53
      vertex -40.9884 -18.4 36.222
    endloop
  endfacet
  facet normal -0.100879 0.100879 0.989771
    outer loop
      vertex -6.40323 7.38972 90.9488
      vertex -2.48007 2.14899 91.8828
      vertex -2.14899 2.48007 91.8828
    endloop
  endfacet
  facet normal -0.100879 0.100879 0.989771
    outer loop
      vertex -2.48007 2.14899 91.8828
      vertex -6.40323 7.38972 90.9488
      vertex -7.38972 6.40323 90.9488
    endloop
  endfacet
  facet normal -0.0854961 0.114209 0.989771
    outer loop
      vertex -5.28639 8.22578 90.9488
      vertex -6.40323 7.38972 90.9488
      vertex -2.14899 2.48007 91.8828
    endloop
  endfacet
  facet normal -0.145494 0.390051 0.909226
    outer loop
      vertex -6.21092 21.1525 86.3732
      vertex -9.15801 20.0532 86.3732
      vertex -6.67794 14.6227 89.0997
    endloop
  endfacet
  facet normal -0.199507 0.365383 0.909226
    outer loop
      vertex -9.15801 20.0532 86.3732
      vertex -11.9187 18.5458 86.3732
      vertex -6.67794 14.6227 89.0997
    endloop
  endfacet
  facet normal -0.0498548 0.13367 0.989771
    outer loop
      vertex -0.924534 3.14867 91.8828
      vertex -2.75478 9.38192 90.9488
      vertex -1.36323 2.98505 91.8828
    endloop
  endfacet
  facet normal -0.0600296 0.275944 0.959297
    outer loop
      vertex -1.39155 9.67848 90.9488
      vertex -4.52895 15.4242 89.0997
      vertex -2.75478 9.38192 90.9488
    endloop
  endfacet
  facet normal -0.0303263 0.139404 0.989771
    outer loop
      vertex -1.39155 9.67848 90.9488
      vertex -2.75478 9.38192 90.9488
      vertex -0.46702 3.2482 91.8828
    endloop
  endfacet
  facet normal -0.13367 0.0498561 0.989771
    outer loop
      vertex -8.89438 4.06193 90.9488
      vertex -9.38192 2.75478 90.9488
      vertex -2.98505 1.36323 91.8828
    endloop
  endfacet
  facet normal -0.264593 0.0986879 0.959297
    outer loop
      vertex -8.89438 4.06193 90.9488
      vertex -15.4242 4.52895 89.0997
      vertex -9.38192 2.75478 90.9488
    endloop
  endfacet
  facet normal -0.294367 0.294367 0.909228
    outer loop
      vertex -14.4367 16.6608 86.3732
      vertex -12.1489 10.5271 89.0997
      vertex -10.5271 12.1489 89.0997
    endloop
  endfacet
  facet normal -0.294367 0.294367 0.909228
    outer loop
      vertex -12.1489 10.5271 89.0997
      vertex -14.4367 16.6608 86.3732
      vertex -16.6608 14.4367 86.3732
    endloop
  endfacet
  facet normal -0.249482 0.33326 0.909228
    outer loop
      vertex -11.9187 18.5458 86.3732
      vertex -14.4367 16.6608 86.3732
      vertex -10.5271 12.1489 89.0997
    endloop
  endfacet
  facet normal -0.529237 0.115128 0.840627
    outer loop
      vertex -21.1525 6.21092 86.3732
      vertex -27.2862 3.92316 82.8249
      vertex -21.8211 3.13739 86.3732
    endloop
  endfacet
  facet normal -0.540234 0.0386399 0.840627
    outer loop
      vertex -21.8211 3.13739 86.3732
      vertex -27.2862 3.92316 82.8249
      vertex -22.0455 0 86.3732
    endloop
  endfacet
  facet normal -0.393003 0.525009 0.754927
    outer loop
      vertex -17.5854 27.3634 78.5269
      vertex -18.0524 20.8336 82.8249
      vertex -14.9037 23.1906 82.8249
    endloop
  endfacet
  facet normal -0.324571 0.433592 0.840626
    outer loop
      vertex -14.9037 23.1906 82.8249
      vertex -18.0524 20.8336 82.8249
      vertex -11.9187 18.5458 86.3732
    endloop
  endfacet
  facet normal -0.264394 0.708872 0.653909
    outer loop
      vertex -10.3748 35.3332 73.5668
      vertex -15.2976 33.4971 73.5668
      vertex -13.5122 29.5875 78.5269
    endloop
  endfacet
  facet normal -0.294205 0.788799 0.539667
    outer loop
      vertex -11.3745 38.7378 68.0455
      vertex -16.7716 36.7248 68.0455
      vertex -10.3748 35.3332 73.5668
    endloop
  endfacet
  facet normal -0.475363 -0.259559 0.84063
    outer loop
      vertex -20.0532 -9.15801 86.3732
      vertex -25.0756 -11.4517 82.8249
      vertex -18.5458 -11.9187 86.3732
    endloop
  endfacet
  facet normal -0.365383 -0.199507 0.909226
    outer loop
      vertex -14.6227 -6.67794 89.0997
      vertex -20.0532 -9.15801 86.3732
      vertex -18.5458 -11.9187 86.3732
    endloop
  endfacet
  facet normal -0.362586 0.66403 0.653908
    outer loop
      vertex -15.2976 33.4971 73.5668
      vertex -19.909 30.9791 73.5668
      vertex -13.5122 29.5875 78.5269
    endloop
  endfacet
  facet normal -0.403468 0.7389 0.539666
    outer loop
      vertex -16.7716 36.7248 68.0455
      vertex -19.909 30.9791 73.5668
      vertex -15.2976 33.4971 73.5668
    endloop
  endfacet
  facet normal -0.459937 0.842294 0.281066
    outer loop
      vertex -17.9043 39.2049 62.0754
      vertex -24.3011 37.8133 55.778
      vertex -23.3014 36.2578 62.0754
    endloop
  endfacet
  facet normal -0.575116 0.768273 0.281067
    outer loop
      vertex -24.3011 37.8133 55.778
      vertex -28.2243 32.5726 62.0754
      vertex -23.3014 36.2578 62.0754
    endloop
  endfacet
  facet normal 0.145494 0.390051 0.909226
    outer loop
      vertex 9.15801 20.0532 86.3732
      vertex 6.21092 21.1525 86.3732
      vertex 6.67794 14.6227 89.0997
    endloop
  endfacet
  facet normal 0.199507 0.365383 0.909226
    outer loop
      vertex 9.15801 20.0532 86.3732
      vertex 6.67794 14.6227 89.0997
      vertex 11.9187 18.5458 86.3732
    endloop
  endfacet
  facet normal 0.247855 0.135338 0.959297
    outer loop
      vertex 14.6227 6.67794 89.0997
      vertex 8.22578 5.28639 90.9488
      vertex 8.89438 4.06193 90.9488
    endloop
  endfacet
  facet normal 0.13367 0.0498548 0.989771
    outer loop
      vertex 9.38192 2.75478 90.9488
      vertex 2.98505 1.36323 91.8828
      vertex 3.14867 0.924534 91.8828
    endloop
  endfacet
  facet normal 0.226073 0.169237 0.959296
    outer loop
      vertex 12.1489 10.5271 89.0997
      vertex 8.22578 5.28639 90.9488
      vertex 13.5234 8.69099 89.0997
    endloop
  endfacet
  facet normal 0.333262 0.249477 0.909229
    outer loop
      vertex 18.5458 11.9187 86.3732
      vertex 12.1489 10.5271 89.0997
      vertex 13.5234 8.69099 89.0997
    endloop
  endfacet
  facet normal 0.199688 0.199688 0.959296
    outer loop
      vertex 10.5271 12.1489 89.0997
      vertex 7.38972 6.40323 90.9488
      vertex 12.1489 10.5271 89.0997
    endloop
  endfacet
  facet normal 0.199688 0.199688 0.959296
    outer loop
      vertex 7.38972 6.40323 90.9488
      vertex 10.5271 12.1489 89.0997
      vertex 6.40323 7.38972 90.9488
    endloop
  endfacet
  facet normal 0.0600296 0.275944 0.959297
    outer loop
      vertex 4.52895 15.4242 89.0997
      vertex 1.39155 9.67848 90.9488
      vertex 2.75478 9.38192 90.9488
    endloop
  endfacet
  facet normal 0.0303263 0.139404 0.989771
    outer loop
      vertex 1.39155 9.67848 90.9488
      vertex 0.46702 3.2482 91.8828
      vertex 2.75478 9.38192 90.9488
    endloop
  endfacet
  facet normal 0.540234 0.0386399 0.840627
    outer loop
      vertex 27.2862 3.92316 82.8249
      vertex 21.8211 3.13739 86.3732
      vertex 22.0455 0 86.3732
    endloop
  endfacet
  facet normal 0.529237 0.115128 0.840627
    outer loop
      vertex 27.2862 3.92316 82.8249
      vertex 21.1525 6.21092 86.3732
      vertex 21.8211 3.13739 86.3732
    endloop
  endfacet
  facet normal -0.842292 0.459936 -0.281075
    outer loop
      vertex -39.0198 19.4671 31.9274
      vertex -37.8133 24.3011 36.222
      vertex -38.8185 19.6804 31.6732
    endloop
  endfacet
  facet normal -0.842365 0.459864 -0.280974
    outer loop
      vertex -39.2256 19.2623 32.2092
      vertex -37.8133 24.3011 36.222
      vertex -39.0198 19.4671 31.9274
    endloop
  endfacet
  facet normal -0.842191 0.460023 -0.281235
    outer loop
      vertex -39.4249 19.0779 32.5044
      vertex -37.8133 24.3011 36.222
      vertex -39.2256 19.2623 32.2092
    endloop
  endfacet
  facet normal -0.842395 0.459851 -0.280904
    outer loop
      vertex -39.6169 18.9142 32.8122
      vertex -37.8133 24.3011 36.222
      vertex -39.4249 19.0779 32.5044
    endloop
  endfacet
  facet normal -0.842288 0.459934 -0.281092
    outer loop
      vertex -39.8005 18.7725 33.1305
      vertex -37.8133 24.3011 36.222
      vertex -39.6169 18.9142 32.8122
    endloop
  endfacet
  facet normal -0.842284 0.459936 -0.281099
    outer loop
      vertex -39.9747 18.6534 33.4576
      vertex -37.8133 24.3011 36.222
      vertex -39.8005 18.7725 33.1305
    endloop
  endfacet
  facet normal -0.842242 0.459961 -0.281182
    outer loop
      vertex -40.139 18.5574 33.7927
      vertex -37.8133 24.3011 36.222
      vertex -39.9747 18.6534 33.4576
    endloop
  endfacet
  facet normal -0.842366 0.459898 -0.280915
    outer loop
      vertex -40.2922 18.4849 34.1334
      vertex -37.8133 24.3011 36.222
      vertex -40.139 18.5574 33.7927
    endloop
  endfacet
  facet normal -0.842201 0.459966 -0.281299
    outer loop
      vertex -40.3975 18.4489 34.3898
      vertex -37.8133 24.3011 36.222
      vertex -40.2922 18.4849 34.1334
    endloop
  endfacet
  facet normal -0.842303 0.459932 -0.281047
    outer loop
      vertex -37.8133 24.3011 36.222
      vertex -40.3975 18.4489 34.3898
      vertex -40.8868 18.6724 36.222
    endloop
  endfacet
  facet normal -0.843292 0.458132 -0.281024
    outer loop
      vertex -36.2916 23.2913 30.0095
      vertex -37.8133 24.3011 36.222
      vertex -36.2785 23.3148 30.0085
    endloop
  endfacet
  facet normal -0.84224 0.460031 -0.281075
    outer loop
      vertex -36.616 22.7275 30.0588
      vertex -37.8133 24.3011 36.222
      vertex -36.2916 23.2913 30.0095
    endloop
  endfacet
  facet normal -0.842323 0.459891 -0.281055
    outer loop
      vertex -36.8485 22.3412 30.1235
      vertex -37.8133 24.3011 36.222
      vertex -36.616 22.7275 30.0588
    endloop
  endfacet
  facet normal -0.842353 0.459843 -0.281044
    outer loop
      vertex -37.0478 22.0244 30.2025
      vertex -37.8133 24.3011 36.222
      vertex -36.8485 22.3412 30.1235
    endloop
  endfacet
  facet normal -0.842258 0.45999 -0.281088
    outer loop
      vertex -37.2647 21.693 30.3101
      vertex -37.8133 24.3011 36.222
      vertex -37.0478 22.0244 30.2025
    endloop
  endfacet
  facet normal -0.842258 0.45999 -0.281088
    outer loop
      vertex -37.4846 21.3701 30.4406
      vertex -37.8133 24.3011 36.222
      vertex -37.2647 21.693 30.3101
    endloop
  endfacet
  facet normal -0.84238 0.459816 -0.281007
    outer loop
      vertex -37.7065 21.0569 30.5933
      vertex -37.8133 24.3011 36.222
      vertex -37.4846 21.3701 30.4406
    endloop
  endfacet
  facet normal -0.842301 0.459924 -0.281067
    outer loop
      vertex -37.9294 20.7552 30.7676
      vertex -37.8133 24.3011 36.222
      vertex -37.7065 21.0569 30.5933
    endloop
  endfacet
  facet normal -0.842311 0.459911 -0.281059
    outer loop
      vertex -38.152 20.4665 30.9623
      vertex -37.8133 24.3011 36.222
      vertex -37.9294 20.7552 30.7676
    endloop
  endfacet
  facet normal -0.842223 0.46002 -0.281143
    outer loop
      vertex -38.3735 20.192 31.1767
      vertex -37.8133 24.3011 36.222
      vertex -38.152 20.4665 30.9623
    endloop
  endfacet
  facet normal -0.842343 0.459879 -0.281016
    outer loop
      vertex -38.5927 19.933 31.4099
      vertex -37.8133 24.3011 36.222
      vertex -38.3735 20.192 31.1767
    endloop
  endfacet
  facet normal -0.841022 0.466862 -0.273352
    outer loop
      vertex -38.8185 19.6804 31.6732
      vertex -38.5927 19.933 31.4099
      vertex -38.8084 19.6911 31.6604
    endloop
  endfacet
  facet normal -0.842289 0.459939 -0.281079
    outer loop
      vertex -38.5927 19.933 31.4099
      vertex -38.8185 19.6804 31.6732
      vertex -37.8133 24.3011 36.222
    endloop
  endfacet
  facet normal -0.842492 0.459727 0.280816
    outer loop
      vertex -37.8133 24.3011 55.778
      vertex -38.9147 19.5767 60.208
      vertex -38.8181 19.6822 60.3251
    endloop
  endfacet
  facet normal -0.842267 0.459956 0.281116
    outer loop
      vertex -37.8133 24.3011 55.778
      vertex -39.1234 19.3623 59.9335
      vertex -38.9147 19.5767 60.208
    endloop
  endfacet
  facet normal -0.842247 0.459975 0.281145
    outer loop
      vertex -37.8133 24.3011 55.778
      vertex -39.3261 19.1676 59.6448
      vertex -39.1234 19.3623 59.9335
    endloop
  endfacet
  facet normal -0.842349 0.459886 0.280987
    outer loop
      vertex -37.8133 24.3011 55.778
      vertex -39.5219 18.9933 59.3431
      vertex -39.3261 19.1676 59.6448
    endloop
  endfacet
  facet normal -0.842292 0.459932 0.281082
    outer loop
      vertex -37.8133 24.3011 55.778
      vertex -39.7098 18.8406 59.0299
      vertex -39.5219 18.9933 59.3431
    endloop
  endfacet
  facet normal -0.842306 0.459921 0.281056
    outer loop
      vertex -37.8133 24.3011 55.778
      vertex -39.8888 18.7101 58.707
      vertex -39.7098 18.8406 59.0299
    endloop
  endfacet
  facet normal -0.842301 0.459931 0.281056
    outer loop
      vertex -40.4032 18.4515 57.5888
      vertex -37.8133 24.3011 55.778
      vertex -40.8868 18.6724 55.778
    endloop
  endfacet
  facet normal -0.842241 0.459963 0.281182
    outer loop
      vertex -37.8133 24.3011 55.778
      vertex -40.0582 18.6025 58.3756
      vertex -39.8888 18.7101 58.707
    endloop
  endfacet
  facet normal -0.842347 0.459904 0.280962
    outer loop
      vertex -37.8133 24.3011 55.778
      vertex -40.207 18.5235 58.0588
      vertex -40.0582 18.6025 58.3756
    endloop
  endfacet
  facet normal -0.842266 0.459942 0.281142
    outer loop
      vertex -37.8133 24.3011 55.778
      vertex -40.4032 18.4515 57.5888
      vertex -40.207 18.5235 58.0588
    endloop
  endfacet
  facet normal -0.846266 0.4506 0.284243
    outer loop
      vertex -40.207 18.5235 58.0588
      vertex -40.4032 18.4515 57.5888
      vertex -40.3712 18.4588 57.6725
    endloop
  endfacet
  facet normal -0.867882 0.410644 0.279557
    outer loop
      vertex -37.8133 24.3011 55.778
      vertex -36.2785 23.3132 61.9939
      vertex -36.2779 23.3144 61.994
    endloop
  endfacet
  facet normal -0.842274 0.459969 0.281074
    outer loop
      vertex -37.8133 24.3011 55.778
      vertex -36.5262 22.8782 61.9635
      vertex -36.2785 23.3132 61.9939
    endloop
  endfacet
  facet normal -0.842325 0.459883 0.281064
    outer loop
      vertex -37.8133 24.3011 55.778
      vertex -36.7306 22.5334 61.9151
      vertex -36.5262 22.8782 61.9635
    endloop
  endfacet
  facet normal -0.842222 0.460052 0.281095
    outer loop
      vertex -37.8133 24.3011 55.778
      vertex -36.9409 22.1927 61.8426
      vertex -36.7306 22.5334 61.9151
    endloop
  endfacet
  facet normal -0.842312 0.459909 0.281058
    outer loop
      vertex -37.8133 24.3011 55.778
      vertex -37.1559 21.8576 61.7466
      vertex -36.9409 22.1927 61.8426
    endloop
  endfacet
  facet normal -0.842355 0.459843 0.281036
    outer loop
      vertex -37.8133 24.3011 55.778
      vertex -37.3742 21.5305 61.6275
      vertex -37.1559 21.8576 61.7466
    endloop
  endfacet
  facet normal -0.842286 0.459945 0.281079
    outer loop
      vertex -37.8133 24.3011 55.778
      vertex -37.5953 21.2122 61.4858
      vertex -37.3742 21.5305 61.6275
    endloop
  endfacet
  facet normal -0.842294 0.459933 0.281073
    outer loop
      vertex -37.8133 24.3011 55.778
      vertex -37.818 20.9044 61.3221
      vertex -37.5953 21.2122 61.4858
    endloop
  endfacet
  facet normal -0.842361 0.459844 0.281018
    outer loop
      vertex -37.8133 24.3011 55.778
      vertex -38.0407 20.6092 61.1376
      vertex -37.818 20.9044 61.3221
    endloop
  endfacet
  facet normal -0.842228 0.460013 0.281141
    outer loop
      vertex -37.8133 24.3011 55.778
      vertex -38.263 20.3273 60.9329
      vertex -38.0407 20.6092 61.1376
    endloop
  endfacet
  facet normal -0.842282 0.459948 0.281085
    outer loop
      vertex -37.8133 24.3011 55.778
      vertex -38.4835 20.0604 60.7089
      vertex -38.263 20.3273 60.9329
    endloop
  endfacet
  facet normal -0.842338 0.459884 0.281023
    outer loop
      vertex -37.8133 24.3011 55.778
      vertex -38.701 19.8099 60.4669
      vertex -38.4835 20.0604 60.7089
    endloop
  endfacet
  facet normal -0.842194 0.460039 0.281199
    outer loop
      vertex -38.701 19.8099 60.4669
      vertex -37.8133 24.3011 55.778
      vertex -38.8181 19.6822 60.3251
    endloop
  endfacet
  facet normal -0.593205 0.792437 -0.141953
    outer loop
      vertex -29.4352 33.97 36.222
      vertex -30.0468 34.6759 42.7184
      vertex -24.3011 37.8133 36.222
    endloop
  endfacet
  facet normal 0.160828 -0.73928 -0.653911
    outer loop
      vertex 10.3748 -35.3332 18.4332
      vertex 5.24073 -36.4501 18.4332
      vertex 9.16389 -31.2093 13.4731
    endloop
  endfacet
  facet normal 0.264389 -0.708871 -0.653911
    outer loop
      vertex 10.3748 -35.3332 18.4332
      vertex 9.16389 -31.2093 13.4731
      vertex 13.5122 -29.5875 13.4731
    endloop
  endfacet
  facet normal 0.160821 -0.739278 -0.653914
    outer loop
      vertex 5.24073 -36.4501 18.4332
      vertex 4.62906 -32.1958 13.4731
      vertex 9.16389 -31.2093 13.4731
    endloop
  endfacet
  facet normal 0.0539767 -0.75464 -0.653915
    outer loop
      vertex 5.24073 -36.4501 18.4332
      vertex 0 -32.5269 13.4731
      vertex 4.62906 -32.1958 13.4731
    endloop
  endfacet
  facet normal 0.294363 -0.294363 -0.909231
    outer loop
      vertex 14.4367 -16.6608 5.62677
      vertex 12.1489 -10.5271 2.90031
      vertex 16.6608 -14.4367 5.62677
    endloop
  endfacet
  facet normal 0.294363 -0.294363 -0.909231
    outer loop
      vertex 12.1489 -10.5271 2.90031
      vertex 14.4367 -16.6608 5.62677
      vertex 10.5271 -12.1489 2.90031
    endloop
  endfacet
  facet normal 0.65415 -0.0467868 -0.754917
    outer loop
      vertex 32 -4.6009 13.3017
      vertex 27.2862 -3.92316 9.1751
      vertex 32 -0.394441 13.041
    endloop
  endfacet
  facet normal 0.415232 0.0297118 -0.90923
    outer loop
      vertex 16.0754 0 2.90031
      vertex 15.9117 2.28776 2.90031
      vertex 22.0455 0 5.62677
    endloop
  endfacet
  facet normal 0.27594 -0.0600287 -0.959298
    outer loop
      vertex 15.4242 -4.52895 2.90031
      vertex 9.38192 -2.75478 1.05124
      vertex 9.67848 -1.39155 1.05124
    endloop
  endfacet
  facet normal 0.415232 -0.0297118 -0.90923
    outer loop
      vertex 22.0455 0 5.62677
      vertex 15.9117 -2.28776 2.90031
      vertex 16.0754 0 2.90031
    endloop
  endfacet
  facet normal 0.281676 -0.0201552 -0.959298
    outer loop
      vertex 15.9117 -2.28776 2.90031
      vertex 9.67848 -1.39155 1.05124
      vertex 16.0754 0 2.90031
    endloop
  endfacet
  facet normal 0.26459 -0.098683 -0.959299
    outer loop
      vertex 14.6227 -6.67794 2.90031
      vertex 8.89438 -4.06193 1.05124
      vertex 15.4242 -4.52895 2.90031
    endloop
  endfacet
  facet normal 0.264589 -0.0986864 -0.959298
    outer loop
      vertex 15.4242 -4.52895 2.90031
      vertex 8.89438 -4.06193 1.05124
      vertex 9.38192 -2.75478 1.05124
    endloop
  endfacet
  facet normal 0.114213 -0.0854999 -0.98977
    outer loop
      vertex 8.22578 -5.28639 1.05124
      vertex 2.48007 -2.14899 0.117202
      vertex 2.76066 -1.77417 0.117202
    endloop
  endfacet
  facet normal 0.22607 -0.169235 -0.959298
    outer loop
      vertex 12.1489 -10.5271 2.90031
      vertex 7.38972 -6.40323 1.05124
      vertex 8.22578 -5.28639 1.05124
    endloop
  endfacet
  facet normal 0.135336 -0.247851 -0.959299
    outer loop
      vertex 6.67794 -14.6227 2.90031
      vertex 4.06193 -8.89438 1.05124
      vertex 5.28639 -8.22578 1.05124
    endloop
  endfacet
  facet normal -0.0600228 -0.275943 -0.959298
    outer loop
      vertex -2.28776 -15.9117 2.90031
      vertex -4.52895 -15.4242 2.90031
      vertex -1.39155 -9.67848 1.05124
    endloop
  endfacet
  facet normal -0.0600287 -0.27594 -0.959298
    outer loop
      vertex -1.39155 -9.67848 1.05124
      vertex -4.52895 -15.4242 2.90031
      vertex -2.75478 -9.38192 1.05124
    endloop
  endfacet
  facet normal -0.605672 -0.453397 -0.653906
    outer loop
      vertex -27.8304 -24.1152 18.4332
      vertex -30.9791 -19.909 18.4332
      vertex -27.3634 -17.5854 13.4731
    endloop
  endfacet
  facet normal -0.673961 -0.504517 -0.539666
    outer loop
      vertex -30.5121 -26.4388 23.9545
      vertex -30.9791 -19.909 18.4332
      vertex -27.8304 -24.1152 18.4332
    endloop
  endfacet
  facet normal -0.525006 -0.39302 -0.75492
    outer loop
      vertex -24.5822 -21.3006 13.4731
      vertex -27.3634 -17.5854 13.4731
      vertex -20.8336 -18.0524 9.1751
    endloop
  endfacet
  facet normal -0.463733 -0.463733 -0.75492
    outer loop
      vertex -21.3006 -24.5822 13.4731
      vertex -20.8336 -18.0524 9.1751
      vertex -18.0524 -20.8336 9.1751
    endloop
  endfacet
  facet normal -0.463733 -0.463733 -0.75492
    outer loop
      vertex -20.8336 -18.0524 9.1751
      vertex -21.3006 -24.5822 13.4731
      vertex -24.5822 -21.3006 13.4731
    endloop
  endfacet
  facet normal -0.318009 -0.852656 0.414546
    outer loop
      vertex -16.7716 -36.7248 68.0455
      vertex -17.9043 -39.2049 62.0754
      vertex -12.1426 -41.3538 62.0754
    endloop
  endfacet
  facet normal -0.436137 -0.798708 0.414547
    outer loop
      vertex -16.7716 -36.7248 68.0455
      vertex -23.3014 -36.2578 62.0754
      vertex -17.9043 -39.2049 62.0754
    endloop
  endfacet
  facet normal -0.403468 -0.7389 -0.539666
    outer loop
      vertex -16.7716 -36.7248 23.9545
      vertex -19.909 -30.9791 18.4332
      vertex -15.2976 -33.4971 18.4332
    endloop
  endfacet
  facet normal -0.362586 -0.66403 -0.653908
    outer loop
      vertex -15.2976 -33.4971 18.4332
      vertex -19.909 -30.9791 18.4332
      vertex -13.5122 -29.5875 13.4731
    endloop
  endfacet
  facet normal -0.0649219 -0.90771 -0.414545
    outer loop
      vertex 0 -43.0997 29.9246
      vertex -6.13372 -42.661 29.9246
      vertex 0 -40.3732 23.9545
    endloop
  endfacet
  facet normal -0.0684644 -0.957241 -0.281074
    outer loop
      vertex 0 -44.9488 36.222
      vertex -6.13372 -42.661 29.9246
      vertex 0 -43.0997 29.9246
    endloop
  endfacet
  facet normal -0.643487 -0.643487 0.414548
    outer loop
      vertex -28.2243 -32.5726 62.0754
      vertex -32 -27.7282 63.7343
      vertex -32 -28.7969 62.0754
    endloop
  endfacet
  facet normal -0.643489 -0.643489 0.41454
    outer loop
      vertex -32 -27.7282 63.7343
      vertex -26.4388 -30.5121 68.0455
      vertex -30.5121 -26.4388 68.0455
    endloop
  endfacet
  facet normal -0.64349 -0.643487 0.414542
    outer loop
      vertex -32 -27.7282 63.7343
      vertex -28.2243 -32.5726 62.0754
      vertex -26.4388 -30.5121 68.0455
    endloop
  endfacet
  facet normal -0.160821 -0.739278 0.653914
    outer loop
      vertex -4.62906 -32.1958 78.5269
      vertex -9.16389 -31.2093 78.5269
      vertex -5.24073 -36.4501 73.5668
    endloop
  endfacet
  facet normal -0.160828 -0.73928 0.653911
    outer loop
      vertex -9.16389 -31.2093 78.5269
      vertex -10.3748 -35.3332 73.5668
      vertex -5.24073 -36.4501 73.5668
    endloop
  endfacet
  facet normal 0.0539697 -0.754644 0.653911
    outer loop
      vertex 0 -32.5269 78.5269
      vertex 0 -36.8249 73.5668
      vertex 5.24073 -36.4501 73.5668
    endloop
  endfacet
  facet normal 0.178959 -0.82264 0.539664
    outer loop
      vertex 11.3745 -38.7378 68.0455
      vertex 5.24073 -36.4501 73.5668
      vertex 5.74571 -39.9623 68.0455
    endloop
  endfacet
  facet normal 0.459937 -0.842294 -0.281066
    outer loop
      vertex 24.3011 -37.8133 36.222
      vertex 17.9043 -39.2049 29.9246
      vertex 23.3014 -36.2578 29.9246
    endloop
  endfacet
  facet normal 0.474395 -0.868789 -0.141967
    outer loop
      vertex 19.0604 -41.7365 42.7184
      vertex 18.6724 -40.8868 36.222
      vertex 24.3011 -37.8133 36.222
    endloop
  endfacet
  facet normal -0.333256 -0.249479 -0.909231
    outer loop
      vertex -16.6608 -14.4367 5.62677
      vertex -18.5458 -11.9187 5.62677
      vertex -12.1489 -10.5271 2.90031
    endloop
  endfacet
  facet normal -0.199685 -0.199685 -0.959298
    outer loop
      vertex -10.5271 -12.1489 2.90031
      vertex -7.38972 -6.40323 1.05124
      vertex -6.40323 -7.38972 1.05124
    endloop
  endfacet
  facet normal -0.199685 -0.199685 -0.959298
    outer loop
      vertex -7.38972 -6.40323 1.05124
      vertex -10.5271 -12.1489 2.90031
      vertex -12.1489 -10.5271 2.90031
    endloop
  endfacet
  facet normal -0.22607 -0.169235 -0.959298
    outer loop
      vertex -12.1489 -10.5271 2.90031
      vertex -13.5234 -8.69099 2.90031
      vertex -8.22578 -5.28639 1.05124
    endloop
  endfacet
  facet normal -0.406776 -0.088488 -0.909232
    outer loop
      vertex -21.1525 -6.21092 5.62677
      vertex -21.8211 -3.13739 5.62677
      vertex -15.9117 -2.28776 2.90031
    endloop
  endfacet
  facet normal -0.52924 -0.115128 -0.840625
    outer loop
      vertex -21.1525 -6.21092 5.62677
      vertex -27.2862 -3.92316 9.1751
      vertex -21.8211 -3.13739 5.62677
    endloop
  endfacet
  facet normal -0.406776 0.088488 -0.909232
    outer loop
      vertex -15.9117 2.28776 2.90031
      vertex -21.8211 3.13739 5.62677
      vertex -21.1525 6.21092 5.62677
    endloop
  endfacet
  facet normal -0.133675 0.0498581 -0.98977
    outer loop
      vertex -2.98505 1.36323 0.117202
      vertex -9.38192 2.75478 1.05124
      vertex -8.89438 4.06193 1.05124
    endloop
  endfacet
  facet normal -0.0303279 -0.13941 -0.98977
    outer loop
      vertex -0.46702 -3.2482 0.117202
      vertex -2.75478 -9.38192 1.05124
      vertex -0.924534 -3.14867 0.117202
    endloop
  endfacet
  facet normal -0.169235 -0.22607 -0.959298
    outer loop
      vertex -5.28639 -8.22578 1.05124
      vertex -10.5271 -12.1489 2.90031
      vertex -6.40323 -7.38972 1.05124
    endloop
  endfacet
  facet normal -0.139411 -0.640828 -0.75492
    outer loop
      vertex -3.92316 -27.2862 9.1751
      vertex -9.16389 -31.2093 13.4731
      vertex -7.76646 -26.4501 9.1751
    endloop
  endfacet
  facet normal -0.229181 -0.614469 -0.75492
    outer loop
      vertex -9.16389 -31.2093 13.4731
      vertex -11.4517 -25.0756 9.1751
      vertex -7.76646 -26.4501 9.1751
    endloop
  endfacet
  facet normal -0.139406 -0.640832 -0.754917
    outer loop
      vertex -4.62906 -32.1958 13.4731
      vertex -9.16389 -31.2093 13.4731
      vertex -3.92316 -27.2862 9.1751
    endloop
  endfacet
  facet normal -0.0467889 -0.654148 -0.754918
    outer loop
      vertex 0 -32.5269 13.4731
      vertex -4.62906 -32.1958 13.4731
      vertex -3.92316 -27.2862 9.1751
    endloop
  endfacet
  facet normal -0.0649144 -0.907714 -0.414538
    outer loop
      vertex 0 -40.3732 23.9545
      vertex -6.13372 -42.661 29.9246
      vertex -5.74571 -39.9623 23.9545
    endloop
  endfacet
  facet normal -0.193448 -0.889233 -0.414538
    outer loop
      vertex -6.13372 -42.661 29.9246
      vertex -12.1426 -41.3538 29.9246
      vertex -5.74571 -39.9623 23.9545
    endloop
  endfacet
  facet normal -0.673958 0.504519 -0.539668
    outer loop
      vertex -30.5121 26.4388 23.9545
      vertex -32 20.5652 20.3216
      vertex -32 24.4512 23.9545
    endloop
  endfacet
  facet normal -0.673958 0.504519 -0.539668
    outer loop
      vertex -32 20.5652 20.3216
      vertex -30.5121 26.4388 23.9545
      vertex -30.9791 19.909 18.4332
    endloop
  endfacet
  facet normal -0.673961 0.504517 -0.539666
    outer loop
      vertex -27.8304 24.1152 18.4332
      vertex -30.9791 19.909 18.4332
      vertex -30.5121 26.4388 23.9545
    endloop
  endfacet
  facet normal -0.614469 0.22918 -0.75492
    outer loop
      vertex -25.0756 11.4517 9.1751
      vertex -31.2093 9.16389 13.4731
      vertex -29.5875 13.5122 13.4731
    endloop
  endfacet
  facet normal -0.614469 0.229181 -0.75492
    outer loop
      vertex -26.4501 7.76646 9.1751
      vertex -31.2093 9.16389 13.4731
      vertex -25.0756 11.4517 9.1751
    endloop
  endfacet
  facet normal 0.139406 0.640832 -0.754917
    outer loop
      vertex 9.16389 31.2093 13.4731
      vertex 3.92316 27.2862 9.1751
      vertex 4.62906 32.1958 13.4731
    endloop
  endfacet
  facet normal 0.0467889 0.654148 -0.754918
    outer loop
      vertex 3.92316 27.2862 9.1751
      vertex 0 32.5269 13.4731
      vertex 4.62906 32.1958 13.4731
    endloop
  endfacet
  facet normal 0.247851 0.135336 -0.959299
    outer loop
      vertex 8.89438 4.06193 1.05124
      vertex 8.22578 5.28639 1.05124
      vertex 14.6227 6.67794 2.90031
    endloop
  endfacet
  facet normal 0.26459 0.098683 -0.959299
    outer loop
      vertex 15.4242 4.52895 2.90031
      vertex 8.89438 4.06193 1.05124
      vertex 14.6227 6.67794 2.90031
    endloop
  endfacet
  facet normal 0.114213 0.0854999 -0.98977
    outer loop
      vertex 2.76066 1.77417 0.117202
      vertex 2.48007 2.14899 0.117202
      vertex 8.22578 5.28639 1.05124
    endloop
  endfacet
  facet normal 0.125219 0.0683746 -0.98977
    outer loop
      vertex 2.98505 1.36323 0.117202
      vertex 2.76066 1.77417 0.117202
      vertex 8.22578 5.28639 1.05124
    endloop
  endfacet
  facet normal 0.13941 0.0303279 -0.98977
    outer loop
      vertex 3.2482 0.46702 0.117202
      vertex 3.14867 0.924534 0.117202
      vertex 9.38192 2.75478 1.05124
    endloop
  endfacet
  facet normal -0.25956 -0.475365 -0.840628
    outer loop
      vertex -11.4517 -25.0756 9.1751
      vertex -11.9187 -18.5458 5.62677
      vertex -9.15801 -20.0532 5.62677
    endloop
  endfacet
  facet normal -0.259578 -0.475364 -0.840624
    outer loop
      vertex -11.4517 -25.0756 9.1751
      vertex -14.9037 -23.1906 9.1751
      vertex -11.9187 -18.5458 5.62677
    endloop
  endfacet
  facet normal -0.135347 -0.247849 -0.959298
    outer loop
      vertex -6.67794 -14.6227 2.90031
      vertex -8.69099 -13.5234 2.90031
      vertex -5.28639 -8.22578 1.05124
    endloop
  endfacet
  facet normal -0.098683 -0.26459 -0.959299
    outer loop
      vertex -4.52895 -15.4242 2.90031
      vertex -6.67794 -14.6227 2.90031
      vertex -4.06193 -8.89438 1.05124
    endloop
  endfacet
  facet normal -0.475364 -0.259578 -0.840624
    outer loop
      vertex -23.1906 -14.9037 9.1751
      vertex -25.0756 -11.4517 9.1751
      vertex -18.5458 -11.9187 5.62677
    endloop
  endfacet
  facet normal -0.475365 -0.25956 -0.840628
    outer loop
      vertex -18.5458 -11.9187 5.62677
      vertex -25.0756 -11.4517 9.1751
      vertex -20.0532 -9.15801 5.62677
    endloop
  endfacet
  facet normal -0.540238 -0.0386399 -0.840625
    outer loop
      vertex -27.2862 -3.92316 9.1751
      vertex -27.5668 0 9.1751
      vertex -22.0455 0 5.62677
    endloop
  endfacet
  facet normal -0.65415 -0.0467874 -0.754917
    outer loop
      vertex -32 -0.394441 13.041
      vertex -27.5668 0 9.1751
      vertex -27.2862 -3.92316 9.1751
    endloop
  endfacet
  facet normal -0.654141 -0.0468904 -0.754917
    outer loop
      vertex -27.5668 0 9.1751
      vertex -32 -0.394441 13.041
      vertex -32 0 13.0165
    endloop
  endfacet
  facet normal -0.281676 0.0201552 -0.959298
    outer loop
      vertex -9.67848 1.39155 1.05124
      vertex -16.0754 0 2.90031
      vertex -15.9117 2.28776 2.90031
    endloop
  endfacet
  facet normal -0.26459 -0.098683 -0.959299
    outer loop
      vertex -14.6227 -6.67794 2.90031
      vertex -15.4242 -4.52895 2.90031
      vertex -8.89438 -4.06193 1.05124
    endloop
  endfacet
  facet normal -0.142307 0.0101774 -0.98977
    outer loop
      vertex -3.2816 0 0.117202
      vertex -9.778 0 1.05124
      vertex -3.2482 0.46702 0.117202
    endloop
  endfacet
  facet normal -0.125219 0.0683746 -0.98977
    outer loop
      vertex -2.98505 1.36323 0.117202
      vertex -8.22578 5.28639 1.05124
      vertex -2.76066 1.77417 0.117202
    endloop
  endfacet
  facet normal -0.100883 0.100883 -0.98977
    outer loop
      vertex -2.48007 2.14899 0.117202
      vertex -6.40323 7.38972 1.05124
      vertex -2.14899 2.48007 0.117202
    endloop
  endfacet
  facet normal -0.100883 0.100883 -0.98977
    outer loop
      vertex -6.40323 7.38972 1.05124
      vertex -2.48007 2.14899 0.117202
      vertex -7.38972 6.40323 1.05124
    endloop
  endfacet
  facet normal -0.114213 0.0854995 -0.98977
    outer loop
      vertex -2.48007 2.14899 0.117202
      vertex -8.22578 5.28639 1.05124
      vertex -7.38972 6.40323 1.05124
    endloop
  endfacet
  facet normal -0.0498581 0.133675 -0.98977
    outer loop
      vertex -1.36323 2.98505 0.117202
      vertex -4.06193 8.89438 1.05124
      vertex -2.75478 9.38192 1.05124
    endloop
  endfacet
  facet normal 0.0386399 0.540234 0.840627
    outer loop
      vertex 3.92316 27.2862 82.8249
      vertex 0 22.0455 86.3732
      vertex 3.13739 21.8211 86.3732
    endloop
  endfacet
  facet normal 0.0296993 0.415234 0.90923
    outer loop
      vertex 3.13739 21.8211 86.3732
      vertex 0 22.0455 86.3732
      vertex 2.28776 15.9117 89.0997
    endloop
  endfacet
  facet normal -0.47925 0.877678 0
    outer loop
      vertex -19.0604 41.7365 42.7184
      vertex -24.8061 38.5991 49.2816
      vertex -19.0604 41.7365 49.2816
    endloop
  endfacet
  facet normal -0.47925 0.877678 0
    outer loop
      vertex -24.8061 38.5991 49.2816
      vertex -19.0604 41.7365 42.7184
      vertex -24.8061 38.5991 42.7184
    endloop
  endfacet
  facet normal -0.474396 0.868789 -0.141965
    outer loop
      vertex -24.3011 37.8133 36.222
      vertex -24.8061 38.5991 42.7184
      vertex -19.0604 41.7365 42.7184
    endloop
  endfacet
  facet normal -0.142301 -0.010177 0.989771
    outer loop
      vertex -3.2816 0 91.8828
      vertex -9.778 0 90.9488
      vertex -3.2482 -0.46702 91.8828
    endloop
  endfacet
  facet normal -0.142301 -0.010177 0.989771
    outer loop
      vertex -3.2482 -0.46702 91.8828
      vertex -9.778 0 90.9488
      vertex -9.67848 -1.39155 90.9488
    endloop
  endfacet
  facet normal -0.114209 -0.0854965 0.989771
    outer loop
      vertex -2.76066 -1.77417 91.8828
      vertex -8.22578 -5.28639 90.9488
      vertex -2.48007 -2.14899 91.8828
    endloop
  endfacet
  facet normal -0.114209 -0.0854961 0.989771
    outer loop
      vertex -2.48007 -2.14899 91.8828
      vertex -8.22578 -5.28639 90.9488
      vertex -7.38972 -6.40323 90.9488
    endloop
  endfacet
  facet normal -0.0854961 -0.114209 0.989771
    outer loop
      vertex -2.14899 -2.48007 91.8828
      vertex -6.40323 -7.38972 90.9488
      vertex -5.28639 -8.22578 90.9488
    endloop
  endfacet
  facet normal -0.100879 -0.100879 0.989771
    outer loop
      vertex -2.48007 -2.14899 91.8828
      vertex -6.40323 -7.38972 90.9488
      vertex -2.14899 -2.48007 91.8828
    endloop
  endfacet
  facet normal -0.100879 -0.100879 0.989771
    outer loop
      vertex -6.40323 -7.38972 90.9488
      vertex -2.48007 -2.14899 91.8828
      vertex -7.38972 -6.40323 90.9488
    endloop
  endfacet
  facet normal 0.010177 -0.142301 0.989771
    outer loop
      vertex 0 -3.2816 91.8828
      vertex 0 -9.778 90.9488
      vertex 0.46702 -3.2482 91.8828
    endloop
  endfacet
  facet normal -0.0854965 -0.114209 0.989771
    outer loop
      vertex -2.14899 -2.48007 91.8828
      vertex -5.28639 -8.22578 90.9488
      vertex -1.77417 -2.76066 91.8828
    endloop
  endfacet
  facet normal -0.0683715 -0.125214 0.989771
    outer loop
      vertex -1.36323 -2.98505 91.8828
      vertex -5.28639 -8.22578 90.9488
      vertex -4.06193 -8.89438 90.9488
    endloop
  endfacet
  facet normal -0.0201448 -0.281678 0.959298
    outer loop
      vertex 0 -9.778 90.9488
      vertex -1.39155 -9.67848 90.9488
      vertex 0 -16.0754 89.0997
    endloop
  endfacet
  facet normal 0.0201448 -0.281678 0.959298
    outer loop
      vertex 0 -9.778 90.9488
      vertex 0 -16.0754 89.0997
      vertex 1.39155 -9.67848 90.9488
    endloop
  endfacet
  facet normal -0.145494 -0.390051 0.909226
    outer loop
      vertex -6.67794 -14.6227 89.0997
      vertex -9.15801 -20.0532 86.3732
      vertex -6.21092 -21.1525 86.3732
    endloop
  endfacet
  facet normal -0.189287 -0.507455 0.84063
    outer loop
      vertex -9.15801 -20.0532 86.3732
      vertex -11.4517 -25.0756 82.8249
      vertex -6.21092 -21.1525 86.3732
    endloop
  endfacet
  facet normal 0.139406 -0.640832 0.754917
    outer loop
      vertex 9.16389 -31.2093 78.5269
      vertex 3.92316 -27.2862 82.8249
      vertex 4.62906 -32.1958 78.5269
    endloop
  endfacet
  facet normal 0.115134 -0.529239 0.840625
    outer loop
      vertex 6.21092 -21.1525 86.3732
      vertex 3.92316 -27.2862 82.8249
      vertex 7.76646 -26.4501 82.8249
    endloop
  endfacet
  facet normal 0.0303263 -0.139404 0.989771
    outer loop
      vertex 2.75478 -9.38192 90.9488
      vertex 0.46702 -3.2482 91.8828
      vertex 1.39155 -9.67848 90.9488
    endloop
  endfacet
  facet normal 0.145494 -0.390051 0.909226
    outer loop
      vertex 6.67794 -14.6227 89.0997
      vertex 6.21092 -21.1525 86.3732
      vertex 9.15801 -20.0532 86.3732
    endloop
  endfacet
  facet normal 0.199507 -0.365383 0.909226
    outer loop
      vertex 11.9187 -18.5458 86.3732
      vertex 6.67794 -14.6227 89.0997
      vertex 9.15801 -20.0532 86.3732
    endloop
  endfacet
  facet normal 0.0854961 -0.114209 0.989771
    outer loop
      vertex 6.40323 -7.38972 90.9488
      vertex 2.14899 -2.48007 91.8828
      vertex 5.28639 -8.22578 90.9488
    endloop
  endfacet
  facet normal 0.125214 -0.0683715 0.989771
    outer loop
      vertex 8.89438 -4.06193 90.9488
      vertex 2.98505 -1.36323 91.8828
      vertex 8.22578 -5.28639 90.9488
    endloop
  endfacet
  facet normal 0.13367 -0.0498561 0.989771
    outer loop
      vertex 9.38192 -2.75478 90.9488
      vertex 2.98505 -1.36323 91.8828
      vertex 8.89438 -4.06193 90.9488
    endloop
  endfacet
  facet normal -0.0683719 0.125214 0.989771
    outer loop
      vertex -1.36323 2.98505 91.8828
      vertex -5.28639 8.22578 90.9488
      vertex -1.77417 2.76066 91.8828
    endloop
  endfacet
  facet normal -0.0986879 0.264593 0.959297
    outer loop
      vertex -2.75478 9.38192 90.9488
      vertex -4.52895 15.4242 89.0997
      vertex -4.06193 8.89438 90.9488
    endloop
  endfacet
  facet normal -0.135338 0.247855 0.959297
    outer loop
      vertex -4.06193 8.89438 90.9488
      vertex -6.67794 14.6227 89.0997
      vertex -5.28639 8.22578 90.9488
    endloop
  endfacet
  facet normal -0.0600237 0.275948 0.959297
    outer loop
      vertex -2.28776 15.9117 89.0997
      vertex -4.52895 15.4242 89.0997
      vertex -1.39155 9.67848 90.9488
    endloop
  endfacet
  facet normal -0.0884832 0.406785 0.909229
    outer loop
      vertex -2.28776 15.9117 89.0997
      vertex -6.21092 21.1525 86.3732
      vertex -4.52895 15.4242 89.0997
    endloop
  endfacet
  facet normal -0.139404 0.0303267 0.989771
    outer loop
      vertex -3.14867 0.924534 91.8828
      vertex -9.38192 2.75478 90.9488
      vertex -3.2482 0.46702 91.8828
    endloop
  endfacet
  facet normal -0.294205 0.788798 0.539667
    outer loop
      vertex -10.3748 35.3332 73.5668
      vertex -16.7716 36.7248 68.0455
      vertex -15.2976 33.4971 73.5668
    endloop
  endfacet
  facet normal -0.504516 0.673964 0.539664
    outer loop
      vertex -21.8274 33.9641 68.0455
      vertex -26.4388 30.5121 68.0455
      vertex -19.909 30.9791 73.5668
    endloop
  endfacet
  facet normal -0.0467889 0.654148 0.754918
    outer loop
      vertex 0 32.5269 78.5269
      vertex -4.62906 32.1958 78.5269
      vertex -3.92316 27.2862 82.8249
    endloop
  endfacet
  facet normal -0.0539767 0.75464 0.653915
    outer loop
      vertex 0 32.5269 78.5269
      vertex -5.24073 36.4501 73.5668
      vertex -4.62906 32.1958 78.5269
    endloop
  endfacet
  facet normal -0.264389 0.708871 0.653911
    outer loop
      vertex -10.3748 35.3332 73.5668
      vertex -13.5122 29.5875 78.5269
      vertex -9.16389 31.2093 78.5269
    endloop
  endfacet
  facet normal -0.160828 0.73928 0.653911
    outer loop
      vertex -5.24073 36.4501 73.5668
      vertex -10.3748 35.3332 73.5668
      vertex -9.16389 31.2093 78.5269
    endloop
  endfacet
  facet normal -0.504517 0.673961 0.539666
    outer loop
      vertex -19.909 30.9791 73.5668
      vertex -26.4388 30.5121 68.0455
      vertex -24.1152 27.8304 73.5668
    endloop
  endfacet
  facet normal -0.453397 0.605672 0.653906
    outer loop
      vertex -19.909 30.9791 73.5668
      vertex -24.1152 27.8304 73.5668
      vertex -17.5854 27.3634 78.5269
    endloop
  endfacet
  facet normal 0.13367 0.0498561 0.989771
    outer loop
      vertex 8.89438 4.06193 90.9488
      vertex 2.98505 1.36323 91.8828
      vertex 9.38192 2.75478 90.9488
    endloop
  endfacet
  facet normal 0.139404 0.0303267 0.989771
    outer loop
      vertex 9.38192 2.75478 90.9488
      vertex 3.14867 0.924534 91.8828
      vertex 3.2482 0.46702 91.8828
    endloop
  endfacet
  facet normal 0.226073 0.169237 0.959296
    outer loop
      vertex 12.1489 10.5271 89.0997
      vertex 7.38972 6.40323 90.9488
      vertex 8.22578 5.28639 90.9488
    endloop
  endfacet
  facet normal 0.0854961 0.114209 0.989771
    outer loop
      vertex 5.28639 8.22578 90.9488
      vertex 2.14899 2.48007 91.8828
      vertex 6.40323 7.38972 90.9488
    endloop
  endfacet
  facet normal -0.792429 0.593214 0.141965
    outer loop
      vertex -34.6759 30.0468 49.2816
      vertex -38.5991 24.8061 49.2816
      vertex -37.8133 24.3011 55.778
    endloop
  endfacet
  facet normal -0.800537 0.599284 0
    outer loop
      vertex -38.5991 24.8061 42.7184
      vertex -34.6759 30.0468 49.2816
      vertex -34.6759 30.0468 42.7184
    endloop
  endfacet
  facet normal -0.800537 0.599284 0
    outer loop
      vertex -34.6759 30.0468 49.2816
      vertex -38.5991 24.8061 42.7184
      vertex -38.5991 24.8061 49.2816
    endloop
  endfacet
  facet normal 0.382978 -0.382978 -0.840628
    outer loop
      vertex 18.0524 -20.8336 9.1751
      vertex 16.6608 -14.4367 5.62677
      vertex 20.8336 -18.0524 9.1751
    endloop
  endfacet
  facet normal 0.382978 -0.382978 -0.840628
    outer loop
      vertex 16.6608 -14.4367 5.62677
      vertex 18.0524 -20.8336 9.1751
      vertex 14.4367 -16.6608 5.62677
    endloop
  endfacet
  facet normal 0.324581 -0.433579 -0.840628
    outer loop
      vertex 18.0524 -20.8336 9.1751
      vertex 11.9187 -18.5458 5.62677
      vertex 14.4367 -16.6608 5.62677
    endloop
  endfacet
  facet normal 0.365362 -0.199519 -0.909232
    outer loop
      vertex 18.5458 -11.9187 5.62677
      vertex 13.5234 -8.69099 2.90031
      vertex 14.6227 -6.67794 2.90031
    endloop
  endfacet
  facet normal 0.475365 -0.25956 -0.840628
    outer loop
      vertex 25.0756 -11.4517 9.1751
      vertex 18.5458 -11.9187 5.62677
      vertex 20.0532 -9.15801 5.62677
    endloop
  endfacet
  facet normal 0.525009 -0.393003 -0.754927
    outer loop
      vertex 27.3634 -17.5854 13.4731
      vertex 20.8336 -18.0524 9.1751
      vertex 23.1906 -14.9037 9.1751
    endloop
  endfacet
  facet normal 0.525006 -0.39302 -0.75492
    outer loop
      vertex 24.5822 -21.3006 13.4731
      vertex 20.8336 -18.0524 9.1751
      vertex 27.3634 -17.5854 13.4731
    endloop
  endfacet
  facet normal 0.13941 0.0303275 -0.98977
    outer loop
      vertex 9.67848 1.39155 1.05124
      vertex 3.2482 0.46702 0.117202
      vertex 9.38192 2.75478 1.05124
    endloop
  endfacet
  facet normal 0.27594 0.0600287 -0.959298
    outer loop
      vertex 9.67848 1.39155 1.05124
      vertex 9.38192 2.75478 1.05124
      vertex 15.4242 4.52895 2.90031
    endloop
  endfacet
  facet normal 0.13941 -0.0303275 -0.98977
    outer loop
      vertex 9.38192 -2.75478 1.05124
      vertex 3.2482 -0.46702 0.117202
      vertex 9.67848 -1.39155 1.05124
    endloop
  endfacet
  facet normal 0.133675 -0.0498581 -0.98977
    outer loop
      vertex 8.89438 -4.06193 1.05124
      vertex 2.98505 -1.36323 0.117202
      vertex 9.38192 -2.75478 1.05124
    endloop
  endfacet
  facet normal 0.125219 -0.0683743 -0.98977
    outer loop
      vertex 8.22578 -5.28639 1.05124
      vertex 2.98505 -1.36323 0.117202
      vertex 8.89438 -4.06193 1.05124
    endloop
  endfacet
  facet normal 0.0854995 -0.114213 -0.98977
    outer loop
      vertex 5.28639 -8.22578 1.05124
      vertex 2.14899 -2.48007 0.117202
      vertex 6.40323 -7.38972 1.05124
    endloop
  endfacet
  facet normal 0.098683 -0.26459 -0.959299
    outer loop
      vertex 4.52895 -15.4242 2.90031
      vertex 4.06193 -8.89438 1.05124
      vertex 6.67794 -14.6227 2.90031
    endloop
  endfacet
  facet normal 0.100883 -0.100883 -0.98977
    outer loop
      vertex 6.40323 -7.38972 1.05124
      vertex 2.48007 -2.14899 0.117202
      vertex 7.38972 -6.40323 1.05124
    endloop
  endfacet
  facet normal 0.100883 -0.100883 -0.98977
    outer loop
      vertex 2.48007 -2.14899 0.117202
      vertex 6.40323 -7.38972 1.05124
      vertex 2.14899 -2.48007 0.117202
    endloop
  endfacet
  facet normal 0.0101774 -0.142307 -0.98977
    outer loop
      vertex 1.39155 -9.67848 1.05124
      vertex 0 -9.778 1.05124
      vertex 0.46702 -3.2482 0.117202
    endloop
  endfacet
  facet normal 0.0201445 -0.281673 -0.959299
    outer loop
      vertex 1.39155 -9.67848 1.05124
      vertex 0 -16.0754 2.90031
      vertex 0 -9.778 1.05124
    endloop
  endfacet
  facet normal -0.294205 -0.788798 -0.539667
    outer loop
      vertex -10.3748 -35.3332 18.4332
      vertex -16.7716 -36.7248 23.9545
      vertex -15.2976 -33.4971 18.4332
    endloop
  endfacet
  facet normal -0.264394 -0.708872 -0.653909
    outer loop
      vertex -10.3748 -35.3332 18.4332
      vertex -15.2976 -33.4971 18.4332
      vertex -13.5122 -29.5875 13.4731
    endloop
  endfacet
  facet normal -0.673961 -0.504517 0.539666
    outer loop
      vertex -27.8304 -24.1152 73.5668
      vertex -30.9791 -19.909 73.5668
      vertex -30.5121 -26.4388 68.0455
    endloop
  endfacet
  facet normal -0.673958 -0.504519 0.539668
    outer loop
      vertex -30.5121 -26.4388 68.0455
      vertex -32 -20.5652 71.6784
      vertex -32 -24.4512 68.0455
    endloop
  endfacet
  facet normal -0.673958 -0.504519 0.539668
    outer loop
      vertex -32 -20.5652 71.6784
      vertex -30.5121 -26.4388 68.0455
      vertex -30.9791 -19.909 73.5668
    endloop
  endfacet
  facet normal -0.0600552 -0.839736 0.539664
    outer loop
      vertex -5.24073 -36.4501 73.5668
      vertex -5.74571 -39.9623 68.0455
      vertex 0 -36.8249 73.5668
    endloop
  endfacet
  facet normal -0.0600531 -0.839737 0.539662
    outer loop
      vertex 0 -36.8249 73.5668
      vertex -5.74571 -39.9623 68.0455
      vertex 0 -40.3732 68.0455
    endloop
  endfacet
  facet normal 0.335377 -0.899182 -0.281058
    outer loop
      vertex 18.6724 -40.8868 36.222
      vertex 12.6635 -43.128 36.222
      vertex 17.9043 -39.2049 29.9246
    endloop
  endfacet
  facet normal 0.335362 -0.899183 -0.281072
    outer loop
      vertex 12.6635 -43.128 36.222
      vertex 12.1426 -41.3538 29.9246
      vertex 17.9043 -39.2049 29.9246
    endloop
  endfacet
  facet normal -0.114213 -0.0854995 -0.98977
    outer loop
      vertex -7.38972 -6.40323 1.05124
      vertex -8.22578 -5.28639 1.05124
      vertex -2.48007 -2.14899 0.117202
    endloop
  endfacet
  facet normal -0.125219 -0.0683746 -0.98977
    outer loop
      vertex -2.76066 -1.77417 0.117202
      vertex -8.22578 -5.28639 1.05124
      vertex -2.98505 -1.36323 0.117202
    endloop
  endfacet
  facet normal -0.365362 -0.199519 -0.909232
    outer loop
      vertex -13.5234 -8.69099 2.90031
      vertex -18.5458 -11.9187 5.62677
      vertex -14.6227 -6.67794 2.90031
    endloop
  endfacet
  facet normal -0.365379 -0.199505 -0.909228
    outer loop
      vertex -18.5458 -11.9187 5.62677
      vertex -20.0532 -9.15801 5.62677
      vertex -14.6227 -6.67794 2.90031
    endloop
  endfacet
  facet normal -0.415232 0.0297118 -0.90923
    outer loop
      vertex -16.0754 0 2.90031
      vertex -22.0455 0 5.62677
      vertex -15.9117 2.28776 2.90031
    endloop
  endfacet
  facet normal -0.133675 0.0498568 -0.98977
    outer loop
      vertex -3.14867 0.924534 0.117202
      vertex -9.38192 2.75478 1.05124
      vertex -2.98505 1.36323 0.117202
    endloop
  endfacet
  facet normal -0.507458 -0.189288 -0.840628
    outer loop
      vertex -20.0532 -9.15801 5.62677
      vertex -25.0756 -11.4517 9.1751
      vertex -21.1525 -6.21092 5.62677
    endloop
  endfacet
  facet normal -0.507472 -0.189274 -0.840623
    outer loop
      vertex -25.0756 -11.4517 9.1751
      vertex -26.4501 -7.76646 9.1751
      vertex -21.1525 -6.21092 5.62677
    endloop
  endfacet
  facet normal -0.40678 0.0884821 -0.909231
    outer loop
      vertex -15.9117 2.28776 2.90031
      vertex -21.1525 6.21092 5.62677
      vertex -15.4242 4.52895 2.90031
    endloop
  endfacet
  facet normal -0.390046 0.145474 -0.909231
    outer loop
      vertex -15.4242 4.52895 2.90031
      vertex -21.1525 6.21092 5.62677
      vertex -14.6227 6.67794 2.90031
    endloop
  endfacet
  facet normal -0.0683746 -0.125219 -0.98977
    outer loop
      vertex -1.36323 -2.98505 0.117202
      vertex -5.28639 -8.22578 1.05124
      vertex -1.77417 -2.76066 0.117202
    endloop
  endfacet
  facet normal -0.0498581 -0.133675 -0.98977
    outer loop
      vertex -2.75478 -9.38192 1.05124
      vertex -4.06193 -8.89438 1.05124
      vertex -1.36323 -2.98505 0.117202
    endloop
  endfacet
  facet normal -0.0683743 -0.125219 -0.98977
    outer loop
      vertex -4.06193 -8.89438 1.05124
      vertex -5.28639 -8.22578 1.05124
      vertex -1.36323 -2.98505 0.117202
    endloop
  endfacet
  facet normal -0.0101774 -0.142307 -0.98977
    outer loop
      vertex 0 -9.778 1.05124
      vertex -1.39155 -9.67848 1.05124
      vertex -0.46702 -3.2482 0.117202
    endloop
  endfacet
  facet normal -0.0303275 -0.13941 -0.98977
    outer loop
      vertex -1.39155 -9.67848 1.05124
      vertex -2.75478 -9.38192 1.05124
      vertex -0.46702 -3.2482 0.117202
    endloop
  endfacet
  facet normal -0.640839 0.139372 -0.754918
    outer loop
      vertex -32 5.5293 13.4731
      vertex -27.2862 3.92316 9.1751
      vertex -32 4.6009 13.3017
    endloop
  endfacet
  facet normal -0.640828 0.139411 -0.75492
    outer loop
      vertex -27.2862 3.92316 9.1751
      vertex -32 5.5293 13.4731
      vertex -31.2093 9.16389 13.4731
    endloop
  endfacet
  facet normal -0.65415 0.0467868 -0.754917
    outer loop
      vertex -27.2862 3.92316 9.1751
      vertex -32 0.394441 13.041
      vertex -32 4.6009 13.3017
    endloop
  endfacet
  facet normal -0.739264 0.160854 -0.653922
    outer loop
      vertex -31.2093 9.16389 13.4731
      vertex -32 8.57201 14.2214
      vertex -32 9.39605 14.4241
    endloop
  endfacet
  facet normal -0.664022 0.362591 -0.653913
    outer loop
      vertex -29.5875 13.5122 13.4731
      vertex -32 18.0394 18.4332
      vertex -30.9791 19.909 18.4332
    endloop
  endfacet
  facet normal -0.664027 0.362586 -0.653911
    outer loop
      vertex -32 18.0394 18.4332
      vertex -29.5875 13.5122 13.4731
      vertex -32 14.6139 16.5338
    endloop
  endfacet
  facet normal -0.664033 0.362583 -0.653907
    outer loop
      vertex -29.5875 13.5122 13.4731
      vertex -30.9791 19.909 18.4332
      vertex -27.3634 17.5854 13.4731
    endloop
  endfacet
  facet normal -0.324581 -0.433579 -0.840628
    outer loop
      vertex -11.9187 -18.5458 5.62677
      vertex -18.0524 -20.8336 9.1751
      vertex -14.4367 -16.6608 5.62677
    endloop
  endfacet
  facet normal -0.0303275 0.13941 -0.98977
    outer loop
      vertex -0.46702 3.2482 0.117202
      vertex -2.75478 9.38192 1.05124
      vertex -1.39155 9.67848 1.05124
    endloop
  endfacet
  facet normal -0.0101774 0.142307 -0.98977
    outer loop
      vertex -0.46702 3.2482 0.117202
      vertex -1.39155 9.67848 1.05124
      vertex 0 9.778 1.05124
    endloop
  endfacet
  facet normal -0.139404 -0.0303267 0.989771
    outer loop
      vertex -3.2482 -0.46702 91.8828
      vertex -9.38192 -2.75478 90.9488
      vertex -3.14867 -0.924534 91.8828
    endloop
  endfacet
  facet normal -0.125214 -0.0683719 0.989771
    outer loop
      vertex -2.98505 -1.36323 91.8828
      vertex -8.22578 -5.28639 90.9488
      vertex -2.76066 -1.77417 91.8828
    endloop
  endfacet
  facet normal -0.010177 -0.142301 0.989771
    outer loop
      vertex -0.46702 -3.2482 91.8828
      vertex -1.39155 -9.67848 90.9488
      vertex 0 -9.778 90.9488
    endloop
  endfacet
  facet normal -0.0498561 -0.13367 0.989771
    outer loop
      vertex -1.36323 -2.98505 91.8828
      vertex -4.06193 -8.89438 90.9488
      vertex -2.75478 -9.38192 90.9488
    endloop
  endfacet
  facet normal -0.0683719 -0.125214 0.989771
    outer loop
      vertex -1.77417 -2.76066 91.8828
      vertex -5.28639 -8.22578 90.9488
      vertex -1.36323 -2.98505 91.8828
    endloop
  endfacet
  facet normal 0.139411 -0.640828 0.75492
    outer loop
      vertex 7.76646 -26.4501 82.8249
      vertex 3.92316 -27.2862 82.8249
      vertex 9.16389 -31.2093 78.5269
    endloop
  endfacet
  facet normal 0.229181 -0.614469 0.75492
    outer loop
      vertex 11.4517 -25.0756 82.8249
      vertex 7.76646 -26.4501 82.8249
      vertex 9.16389 -31.2093 78.5269
    endloop
  endfacet
  facet normal 0.0386397 -0.540234 0.840627
    outer loop
      vertex 0 -22.0455 86.3732
      vertex 0 -27.5668 82.8249
      vertex 3.92316 -27.2862 82.8249
    endloop
  endfacet
  facet normal -0.0386397 -0.540234 0.840627
    outer loop
      vertex 0 -22.0455 86.3732
      vertex -3.92316 -27.2862 82.8249
      vertex 0 -27.5668 82.8249
    endloop
  endfacet
  facet normal 0.0303267 -0.139404 0.989771
    outer loop
      vertex 0.924534 -3.14867 91.8828
      vertex 0.46702 -3.2482 91.8828
      vertex 2.75478 -9.38192 90.9488
    endloop
  endfacet
  facet normal 0.0498548 -0.13367 0.989771
    outer loop
      vertex 1.36323 -2.98505 91.8828
      vertex 0.924534 -3.14867 91.8828
      vertex 2.75478 -9.38192 90.9488
    endloop
  endfacet
  facet normal 0.100879 -0.100879 0.989771
    outer loop
      vertex 2.48007 -2.14899 91.8828
      vertex 6.40323 -7.38972 90.9488
      vertex 7.38972 -6.40323 90.9488
    endloop
  endfacet
  facet normal 0.100879 -0.100879 0.989771
    outer loop
      vertex 6.40323 -7.38972 90.9488
      vertex 2.48007 -2.14899 91.8828
      vertex 2.14899 -2.48007 91.8828
    endloop
  endfacet
  facet normal 0.0854965 -0.114209 0.989771
    outer loop
      vertex 2.14899 -2.48007 91.8828
      vertex 1.77417 -2.76066 91.8828
      vertex 5.28639 -8.22578 90.9488
    endloop
  endfacet
  facet normal 0.13367 -0.0498548 0.989771
    outer loop
      vertex 3.14867 -0.924534 91.8828
      vertex 2.98505 -1.36323 91.8828
      vertex 9.38192 -2.75478 90.9488
    endloop
  endfacet
  facet normal 0.114209 0.0854965 0.989771
    outer loop
      vertex 8.22578 5.28639 90.9488
      vertex 2.48007 2.14899 91.8828
      vertex 2.76066 1.77417 91.8828
    endloop
  endfacet
  facet normal 0.0854965 0.114209 0.989771
    outer loop
      vertex 5.28639 8.22578 90.9488
      vertex 1.77417 2.76066 91.8828
      vertex 2.14899 2.48007 91.8828
    endloop
  endfacet
  facet normal 0.0683719 0.125214 0.989771
    outer loop
      vertex 5.28639 8.22578 90.9488
      vertex 1.36323 2.98505 91.8828
      vertex 1.77417 2.76066 91.8828
    endloop
  endfacet
  facet normal 0.365379 -0.199505 -0.909228
    outer loop
      vertex 18.5458 -11.9187 5.62677
      vertex 14.6227 -6.67794 2.90031
      vertex 20.0532 -9.15801 5.62677
    endloop
  endfacet
  facet normal 0.390046 -0.145492 -0.909228
    outer loop
      vertex 20.0532 -9.15801 5.62677
      vertex 14.6227 -6.67794 2.90031
      vertex 21.1525 -6.21092 5.62677
    endloop
  endfacet
  facet normal 0.125219 -0.0683746 -0.98977
    outer loop
      vertex 8.22578 -5.28639 1.05124
      vertex 2.76066 -1.77417 0.117202
      vertex 2.98505 -1.36323 0.117202
    endloop
  endfacet
  facet normal 0.133675 -0.0498568 -0.98977
    outer loop
      vertex 9.38192 -2.75478 1.05124
      vertex 2.98505 -1.36323 0.117202
      vertex 3.14867 -0.924534 0.117202
    endloop
  endfacet
  facet normal 0.0498581 -0.133675 -0.98977
    outer loop
      vertex 2.75478 -9.38192 1.05124
      vertex 1.36323 -2.98505 0.117202
      vertex 4.06193 -8.89438 1.05124
    endloop
  endfacet
  facet normal 0.0986864 -0.264589 -0.959298
    outer loop
      vertex 4.52895 -15.4242 2.90031
      vertex 2.75478 -9.38192 1.05124
      vertex 4.06193 -8.89438 1.05124
    endloop
  endfacet
  facet normal 0.169235 -0.22607 -0.959298
    outer loop
      vertex 8.69099 -13.5234 2.90031
      vertex 5.28639 -8.22578 1.05124
      vertex 10.5271 -12.1489 2.90031
    endloop
  endfacet
  facet normal 0.135347 -0.247849 -0.959298
    outer loop
      vertex 6.67794 -14.6227 2.90031
      vertex 5.28639 -8.22578 1.05124
      vertex 8.69099 -13.5234 2.90031
    endloop
  endfacet
  facet normal 0.436134 -0.798712 -0.414544
    outer loop
      vertex 23.3014 -36.2578 29.9246
      vertex 16.7716 -36.7248 23.9545
      vertex 21.8274 -33.9641 23.9545
    endloop
  endfacet
  facet normal 0.545357 -0.728519 -0.414543
    outer loop
      vertex 23.3014 -36.2578 29.9246
      vertex 21.8274 -33.9641 23.9545
      vertex 28.2243 -32.5726 29.9246
    endloop
  endfacet
  facet normal -0.125219 -0.0683743 -0.98977
    outer loop
      vertex -8.22578 -5.28639 1.05124
      vertex -8.89438 -4.06193 1.05124
      vertex -2.98505 -1.36323 0.117202
    endloop
  endfacet
  facet normal -0.281673 0.0201445 -0.959299
    outer loop
      vertex -9.778 0 1.05124
      vertex -16.0754 0 2.90031
      vertex -9.67848 1.39155 1.05124
    endloop
  endfacet
  facet normal -0.142307 -0.0101774 -0.98977
    outer loop
      vertex -9.67848 -1.39155 1.05124
      vertex -9.778 0 1.05124
      vertex -3.2482 -0.46702 0.117202
    endloop
  endfacet
  facet normal -0.281676 -0.0201552 -0.959298
    outer loop
      vertex -15.9117 -2.28776 2.90031
      vertex -16.0754 0 2.90031
      vertex -9.67848 -1.39155 1.05124
    endloop
  endfacet
  facet normal -0.415232 -0.0297118 -0.90923
    outer loop
      vertex -15.9117 -2.28776 2.90031
      vertex -22.0455 0 5.62677
      vertex -16.0754 0 2.90031
    endloop
  endfacet
  facet normal -0.390046 -0.145474 -0.909231
    outer loop
      vertex -14.6227 -6.67794 2.90031
      vertex -21.1525 -6.21092 5.62677
      vertex -15.4242 -4.52895 2.90031
    endloop
  endfacet
  facet normal -0.40678 -0.0884821 -0.909231
    outer loop
      vertex -15.4242 -4.52895 2.90031
      vertex -21.1525 -6.21092 5.62677
      vertex -15.9117 -2.28776 2.90031
    endloop
  endfacet
  facet normal -0.275943 0.0600228 -0.959298
    outer loop
      vertex -9.67848 1.39155 1.05124
      vertex -15.9117 2.28776 2.90031
      vertex -15.4242 4.52895 2.90031
    endloop
  endfacet
  facet normal -0.13941 0.0303279 -0.98977
    outer loop
      vertex -3.2482 0.46702 0.117202
      vertex -9.38192 2.75478 1.05124
      vertex -3.14867 0.924534 0.117202
    endloop
  endfacet
  facet normal -0.0498568 -0.133675 -0.98977
    outer loop
      vertex -0.924534 -3.14867 0.117202
      vertex -2.75478 -9.38192 1.05124
      vertex -1.36323 -2.98505 0.117202
    endloop
  endfacet
  facet normal -0.0101774 -0.142307 -0.98977
    outer loop
      vertex 0 -9.778 1.05124
      vertex -0.46702 -3.2482 0.117202
      vertex 0 -3.2816 0.117202
    endloop
  endfacet
  facet normal -0.294363 -0.294363 -0.909231
    outer loop
      vertex -14.4367 -16.6608 5.62677
      vertex -12.1489 -10.5271 2.90031
      vertex -10.5271 -12.1489 2.90031
    endloop
  endfacet
  facet normal -0.294363 -0.294363 -0.909231
    outer loop
      vertex -12.1489 -10.5271 2.90031
      vertex -14.4367 -16.6608 5.62677
      vertex -16.6608 -14.4367 5.62677
    endloop
  endfacet
  facet normal -0.382978 -0.382978 -0.840628
    outer loop
      vertex -18.0524 -20.8336 9.1751
      vertex -16.6608 -14.4367 5.62677
      vertex -14.4367 -16.6608 5.62677
    endloop
  endfacet
  facet normal -0.382978 -0.382978 -0.840628
    outer loop
      vertex -16.6608 -14.4367 5.62677
      vertex -18.0524 -20.8336 9.1751
      vertex -20.8336 -18.0524 9.1751
    endloop
  endfacet
  facet normal -0.0854999 0.114213 -0.98977
    outer loop
      vertex -2.14899 2.48007 0.117202
      vertex -5.28639 8.22578 1.05124
      vertex -1.77417 2.76066 0.117202
    endloop
  endfacet
  facet normal 0.0101774 0.142307 -0.98977
    outer loop
      vertex 0.46702 3.2482 0.117202
      vertex 0 3.2816 0.117202
      vertex 0 9.778 1.05124
    endloop
  endfacet
  facet normal 0.0101774 0.142307 -0.98977
    outer loop
      vertex 0.46702 3.2482 0.117202
      vertex 0 9.778 1.05124
      vertex 1.39155 9.67848 1.05124
    endloop
  endfacet
  facet normal -0.0498548 -0.13367 0.989771
    outer loop
      vertex -1.36323 -2.98505 91.8828
      vertex -2.75478 -9.38192 90.9488
      vertex -0.924534 -3.14867 91.8828
    endloop
  endfacet
  facet normal -0.0303263 -0.139404 0.989771
    outer loop
      vertex -0.46702 -3.2482 91.8828
      vertex -2.75478 -9.38192 90.9488
      vertex -1.39155 -9.67848 90.9488
    endloop
  endfacet
  facet normal 0.114209 0.0854961 0.989771
    outer loop
      vertex 7.38972 6.40323 90.9488
      vertex 2.48007 2.14899 91.8828
      vertex 8.22578 5.28639 90.9488
    endloop
  endfacet
  facet normal 0.125214 0.0683719 0.989771
    outer loop
      vertex 8.22578 5.28639 90.9488
      vertex 2.76066 1.77417 91.8828
      vertex 2.98505 1.36323 91.8828
    endloop
  endfacet
  facet normal 0.0498568 -0.133675 -0.98977
    outer loop
      vertex 2.75478 -9.38192 1.05124
      vertex 0.924534 -3.14867 0.117202
      vertex 1.36323 -2.98505 0.117202
    endloop
  endfacet
  facet normal 0.0303279 -0.13941 -0.98977
    outer loop
      vertex 2.75478 -9.38192 1.05124
      vertex 0.46702 -3.2482 0.117202
      vertex 0.924534 -3.14867 0.117202
    endloop
  endfacet
  facet normal 0.0854999 -0.114213 -0.98977
    outer loop
      vertex 5.28639 -8.22578 1.05124
      vertex 1.77417 -2.76066 0.117202
      vertex 2.14899 -2.48007 0.117202
    endloop
  endfacet
  facet normal 0.0683746 -0.125219 -0.98977
    outer loop
      vertex 5.28639 -8.22578 1.05124
      vertex 1.36323 -2.98505 0.117202
      vertex 1.77417 -2.76066 0.117202
    endloop
  endfacet
  facet normal -0.100883 -0.100883 -0.98977
    outer loop
      vertex -6.40323 -7.38972 1.05124
      vertex -2.48007 -2.14899 0.117202
      vertex -2.14899 -2.48007 0.117202
    endloop
  endfacet
  facet normal -0.100883 -0.100883 -0.98977
    outer loop
      vertex -2.48007 -2.14899 0.117202
      vertex -6.40323 -7.38972 1.05124
      vertex -7.38972 -6.40323 1.05124
    endloop
  endfacet
  facet normal -0.133675 -0.0498568 -0.98977
    outer loop
      vertex -2.98505 -1.36323 0.117202
      vertex -9.38192 -2.75478 1.05124
      vertex -3.14867 -0.924534 0.117202
    endloop
  endfacet
  facet normal -0.133675 -0.0498581 -0.98977
    outer loop
      vertex -8.89438 -4.06193 1.05124
      vertex -9.38192 -2.75478 1.05124
      vertex -2.98505 -1.36323 0.117202
    endloop
  endfacet
  facet normal -0.27594 0.0600287 -0.959298
    outer loop
      vertex -9.67848 1.39155 1.05124
      vertex -15.4242 4.52895 2.90031
      vertex -9.38192 2.75478 1.05124
    endloop
  endfacet
  facet normal -0.264589 0.0986864 -0.959298
    outer loop
      vertex -9.38192 2.75478 1.05124
      vertex -15.4242 4.52895 2.90031
      vertex -8.89438 4.06193 1.05124
    endloop
  endfacet
  facet normal -0.0498568 0.133675 -0.98977
    outer loop
      vertex -1.36323 2.98505 0.117202
      vertex -2.75478 9.38192 1.05124
      vertex -0.924534 3.14867 0.117202
    endloop
  endfacet
  facet normal 0.0498568 0.133675 -0.98977
    outer loop
      vertex 1.36323 2.98505 0.117202
      vertex 0.924534 3.14867 0.117202
      vertex 2.75478 9.38192 1.05124
    endloop
  endfacet
  facet normal -0.0303267 -0.139404 0.989771
    outer loop
      vertex -0.924534 -3.14867 91.8828
      vertex -2.75478 -9.38192 90.9488
      vertex -0.46702 -3.2482 91.8828
    endloop
  endfacet
  facet normal -0.114213 -0.0854999 -0.98977
    outer loop
      vertex -2.48007 -2.14899 0.117202
      vertex -8.22578 -5.28639 1.05124
      vertex -2.76066 -1.77417 0.117202
    endloop
  endfacet
  facet normal -0.27594 -0.0600287 -0.959298
    outer loop
      vertex -9.38192 -2.75478 1.05124
      vertex -15.4242 -4.52895 2.90031
      vertex -9.67848 -1.39155 1.05124
    endloop
  endfacet
  facet normal -0.13941 -0.0303275 -0.98977
    outer loop
      vertex -9.38192 -2.75478 1.05124
      vertex -9.67848 -1.39155 1.05124
      vertex -3.2482 -0.46702 0.117202
    endloop
  endfacet
  facet normal -0.0101774 0.142307 -0.98977
    outer loop
      vertex 0 3.2816 0.117202
      vertex -0.46702 3.2482 0.117202
      vertex 0 9.778 1.05124
    endloop
  endfacet
  facet normal 0.0683743 0.125219 -0.98977
    outer loop
      vertex 5.28639 8.22578 1.05124
      vertex 1.36323 2.98505 0.117202
      vertex 4.06193 8.89438 1.05124
    endloop
  endfacet
  facet normal 0.0303279 0.13941 -0.98977
    outer loop
      vertex 0.924534 3.14867 0.117202
      vertex 0.46702 3.2482 0.117202
      vertex 2.75478 9.38192 1.05124
    endloop
  endfacet
  facet normal 0.0683746 0.125219 -0.98977
    outer loop
      vertex 1.77417 2.76066 0.117202
      vertex 1.36323 2.98505 0.117202
      vertex 5.28639 8.22578 1.05124
    endloop
  endfacet
  facet normal 0.0854999 0.114213 -0.98977
    outer loop
      vertex 2.14899 2.48007 0.117202
      vertex 1.77417 2.76066 0.117202
      vertex 5.28639 8.22578 1.05124
    endloop
  endfacet
  facet normal 0.688627 0.165331 -0.706016
    outer loop
      vertex -27.1976 -4.30767 78.2412
      vertex -30.6632 -9.96308 73.5366
      vertex -31.8443 -5.04364 73.5366
    endloop
  endfacet
  facet normal 0.5161 0.842207 -0.155975
    outer loop
      vertex -18.7173 -36.7348 55.8981
      vertex -19.1899 -37.6622 49.3267
      vertex -24.2335 -33.3545 55.8981
    endloop
  endfacet
  facet normal 0.544135 -0.225389 -0.808156
    outer loop
      vertex -24.5353 12.5014 78.2412
      vertex -19.7393 10.0577 82.1519
      vertex -26.1889 8.50928 78.2412
    endloop
  endfacet
  facet normal 0.706015 0.0555647 0.706014
    outer loop
      vertex -32 -3.0649 18.4634
      vertex -27.1976 -4.30767 13.7588
      vertex -32 -0.206015 18.2384
    endloop
  endfacet
  facet normal 0.706014 0.0555537 0.706016
    outer loop
      vertex -27.1976 -4.30767 13.7588
      vertex -32 -3.0649 18.4634
      vertex -31.8443 -5.04364 18.4634
    endloop
  endfacet
  facet normal 0.378 -0.912572 0.155973
    outer loop
      vertex -18.7173 36.7348 36.1019
      vertex -13.0619 40.2005 42.6733
      vertex -19.1899 37.6622 42.6733
    endloop
  endfacet
  facet normal -0.0746591 -0.948397 -0.308172
    outer loop
      vertex 0.404241 39.9231 59.8179
      vertex 0 39.1725 62.2258
      vertex 0 39.9274 59.9026
    endloop
  endfacet
  facet normal -0.0747294 -0.948388 -0.308181
    outer loop
      vertex 1.66607 39.9777 59.3439
      vertex 0 39.1725 62.2258
      vertex 0.404241 39.9231 59.8179
    endloop
  endfacet
  facet normal -0.0743867 -0.948472 -0.308006
    outer loop
      vertex 2.31097 40.1194 58.7518
      vertex 0 39.1725 62.2258
      vertex 1.66607 39.9777 59.3439
    endloop
  endfacet
  facet normal -0.0747788 -0.948366 -0.308238
    outer loop
      vertex 3.11306 40.2955 58.0154
      vertex 0 39.1725 62.2258
      vertex 2.31097 40.1194 58.7518
    endloop
  endfacet
  facet normal -0.0746123 -0.948415 -0.308128
    outer loop
      vertex 3.11306 40.2955 58.0154
      vertex 6.44956 40.7209 55.8981
      vertex 0 39.1725 62.2258
    endloop
  endfacet
  facet normal -0.0746524 -0.948392 -0.308187
    outer loop
      vertex 3.4676 40.5324 57.2005
      vertex 6.44956 40.7209 55.8981
      vertex 3.11306 40.2955 58.0154
    endloop
  endfacet
  facet normal -0.0746115 -0.948424 -0.308098
    outer loop
      vertex 3.7019 40.883 56.0645
      vertex 6.44956 40.7209 55.8981
      vertex 3.4676 40.5324 57.2005
    endloop
  endfacet
  facet normal -0.0746254 -0.948314 -0.308435
    outer loop
      vertex 6.44956 40.7209 55.8981
      vertex 3.7019 40.883 56.0645
      vertex 3.65896 40.9405 55.8981
    endloop
  endfacet
  facet normal -0.388038 -0.2378 -0.890437
    outer loop
      vertex 17.9229 13.0218 82.1519
      vertex 14.4573 7.36635 85.1725
      vertex 13.1269 9.53727 85.1725
    endloop
  endfacet
  facet normal -0.346065 -0.29557 0.890436
    outer loop
      vertex 17.9229 13.0218 9.84806
      vertex 15.6652 15.6652 9.84806
      vertex 11.4734 11.4734 6.82751
    endloop
  endfacet
  facet normal -0.30774 0.502181 0.808153
    outer loop
      vertex 16.1856 -22.2776 13.7588
      vertex 13.0218 -17.9229 9.84806
      vertex 12.5014 -24.5353 13.7588
    endloop
  endfacet
  facet normal 0.0746422 0.948403 0.308156
    outer loop
      vertex 0 -41.2285 36.1019
      vertex 0 -39.1725 29.7742
      vertex -6.44956 -40.7209 36.1019
    endloop
  endfacet
  facet normal -0.878842 -0.364222 0.308188
    outer loop
      vertex 36.7598 18.4 35.7982
      vertex 36.8663 18.4 36.1019
      vertex 36.7348 18.7173 36.1019
    endloop
  endfacet
  facet normal -0.525972 0.615842 0.586593
    outer loop
      vertex 21.2496 -29.2475 23.8461
      vertex 25.5633 -25.5633 23.8461
      vertex 18.9509 -26.0837 18.4634
    endloop
  endfacet
  facet normal -0.751097 -0.641503 0.155972
    outer loop
      vertex 33.3545 24.2335 36.1019
      vertex 29.8889 29.8889 42.6733
      vertex 29.1529 29.1529 36.1019
    endloop
  endfacet
  facet normal -0.225391 -0.544139 0.808153
    outer loop
      vertex 10.0577 19.7393 9.84806
      vertex 12.5014 24.5353 13.7588
      vertex 8.50928 26.1889 13.7588
    endloop
  endfacet
  facet normal 0.189074 -0.787502 0.586593
    outer loop
      vertex -9.96308 30.6632 18.4634
      vertex -5.65541 35.7069 23.8461
      vertex -11.1716 34.3825 23.8461
    endloop
  endfacet
  facet normal 0.308926 0.0243172 -0.950775
    outer loop
      vertex -9.77622 -1.5484 87.2285
      vertex -16.026 -2.53827 85.1725
      vertex -16.2258 0 85.1725
    endloop
  endfacet
  facet normal 0.0746422 0.948403 -0.308156
    outer loop
      vertex 0 -39.1725 62.2258
      vertex 0 -41.2285 55.8981
      vertex -6.44956 -40.7209 55.8981
    endloop
  endfacet
  facet normal 0.453711 0.0357138 -0.890433
    outer loop
      vertex -16.2258 0 85.1725
      vertex -16.026 -2.53827 85.1725
      vertex -22.1539 0 82.1519
    endloop
  endfacet
  facet normal 0.760185 0.46585 -0.452882
    outer loop
      vertex -29.2475 -21.2496 68.1539
      vertex -32 -19.1015 65.7433
      vertex -32 -16.758 68.1539
    endloop
  endfacet
  facet normal 0.760185 0.465849 -0.452883
    outer loop
      vertex -32 -19.1015 65.7433
      vertex -29.2475 -21.2496 68.1539
      vertex -31.6912 -23.025 62.2258
    endloop
  endfacet
  facet normal 0.748224 0.309923 0.586607
    outer loop
      vertex -28.7271 -14.6372 18.4634
      vertex -32 -10.3974 20.398
      vertex -32 -12.6316 21.5784
    endloop
  endfacet
  facet normal 0.748227 0.309928 0.586601
    outer loop
      vertex -32 -10.3974 20.398
      vertex -28.7271 -14.6372 18.4634
      vertex -30.6632 -9.96308 18.4634
    endloop
  endfacet
  facet normal -0.222075 0.925052 -0.308158
    outer loop
      vertex 12.105 -37.2553 62.2258
      vertex 6.44956 -40.7209 55.8981
      vertex 6.12793 -38.6902 62.2258
    endloop
  endfacet
  facet normal 0.587155 0.0462013 -0.808155
    outer loop
      vertex -22.1539 0 82.1519
      vertex -21.8812 -3.46564 82.1519
      vertex -27.1976 -4.30767 78.2412
    endloop
  endfacet
  facet normal -0.760185 0.46585 0.452882
    outer loop
      vertex 29.2475 -21.2496 23.8461
      vertex 32 -19.1015 26.2567
      vertex 32 -16.758 23.8461
    endloop
  endfacet
  facet normal -0.760185 0.465849 0.452883
    outer loop
      vertex 32 -19.1015 26.2567
      vertex 29.2475 -21.2496 23.8461
      vertex 31.6912 -23.025 29.7742
    endloop
  endfacet
  facet normal 0.544138 -0.22538 0.808157
    outer loop
      vertex -21.0696 6.84594 9.84806
      vertex -19.7393 10.0577 9.84806
      vertex -26.1889 8.50928 13.7588
    endloop
  endfacet
  facet normal 0.751095 0.641505 0.155974
    outer loop
      vertex -29.8889 -29.8889 42.6733
      vertex -33.3545 -24.2335 36.1019
      vertex -34.1966 -24.8453 42.6733
    endloop
  endfacet
  facet normal 0.654291 0.271019 -0.706011
    outer loop
      vertex -26.1889 -8.50928 78.2412
      vertex -28.7271 -14.6372 73.5366
      vertex -30.6632 -9.96308 73.5366
    endloop
  endfacet
  facet normal -0.76018 -0.465853 0.452888
    outer loop
      vertex 32 19.1015 26.2567
      vertex 32 22.5211 29.7742
      vertex 31.6912 23.025 29.7742
    endloop
  endfacet
  facet normal 0.0746442 -0.948402 0.308158
    outer loop
      vertex -6.12793 38.6902 29.7742
      vertex 0 39.1725 29.7742
      vertex -6.44956 40.7209 36.1019
    endloop
  endfacet
  facet normal -0.615842 -0.525972 -0.586593
    outer loop
      vertex 29.2475 21.2496 68.1539
      vertex 26.0837 18.9509 73.5366
      vertex 25.5633 25.5633 68.1539
    endloop
  endfacet
  facet normal -0.364068 -0.878921 0.308145
    outer loop
      vertex 18.7173 36.7348 36.1019
      vertex 12.7403 39.2106 36.1019
      vertex 12.105 37.2553 29.7742
    endloop
  endfacet
  facet normal -0.688627 -0.165331 -0.706016
    outer loop
      vertex 30.6632 9.96308 73.5366
      vertex 31.8443 5.04364 73.5366
      vertex 27.1976 4.30767 78.2412
    endloop
  endfacet
  facet normal -0.811149 -0.497073 -0.308149
    outer loop
      vertex 33.3545 24.2335 55.8981
      vertex 34.5709 19.5767 60.208
      vertex 34.4428 19.7005 60.3455
    endloop
  endfacet
  facet normal -0.811111 -0.497106 -0.308195
    outer loop
      vertex 33.3545 24.2335 55.8981
      vertex 34.8066 19.3623 59.9335
      vertex 34.5709 19.5767 60.208
    endloop
  endfacet
  facet normal -0.811134 -0.497087 -0.308164
    outer loop
      vertex 33.3545 24.2335 55.8981
      vertex 35.0356 19.1676 59.6448
      vertex 34.8066 19.3623 59.9335
    endloop
  endfacet
  facet normal -0.811173 -0.497059 -0.308108
    outer loop
      vertex 33.3545 24.2335 55.8981
      vertex 35.257 18.9933 59.3431
      vertex 35.0356 19.1676 59.6448
    endloop
  endfacet
  facet normal -0.811206 -0.497038 -0.308057
    outer loop
      vertex 33.3545 24.2335 55.8981
      vertex 35.4695 18.8406 59.0299
      vertex 35.257 18.9933 59.3431
    endloop
  endfacet
  facet normal -0.81115 -0.497069 -0.308152
    outer loop
      vertex 36.2251 18.4576 57.6587
      vertex 33.3545 24.2335 55.8981
      vertex 36.7348 18.7173 55.8981
    endloop
  endfacet
  facet normal -0.811089 -0.497106 -0.308254
    outer loop
      vertex 33.3545 24.2335 55.8981
      vertex 35.6722 18.7101 58.707
      vertex 35.4695 18.8406 59.0299
    endloop
  endfacet
  facet normal -0.81118 -0.49706 -0.308089
    outer loop
      vertex 33.3545 24.2335 55.8981
      vertex 35.864 18.6025 58.3756
      vertex 35.6722 18.7101 58.707
    endloop
  endfacet
  facet normal -0.811111 -0.497089 -0.308224
    outer loop
      vertex 33.3545 24.2335 55.8981
      vertex 36.0328 18.5235 58.0588
      vertex 35.864 18.6025 58.3756
    endloop
  endfacet
  facet normal -0.811207 -0.497057 -0.308021
    outer loop
      vertex 33.3545 24.2335 55.8981
      vertex 36.2251 18.4576 57.6587
      vertex 36.0328 18.5235 58.0588
    endloop
  endfacet
  facet normal -0.790117 -0.539536 -0.290888
    outer loop
      vertex 36.0328 18.5235 58.0588
      vertex 36.2251 18.4576 57.6587
      vertex 36.2192 18.4588 57.6725
    endloop
  endfacet
  facet normal -0.923874 -0.382696 0
    outer loop
      vertex 37.9894 18.4 42.6733
      vertex 37.6622 19.1899 49.3267
      vertex 37.6622 19.1899 42.6733
    endloop
  endfacet
  facet normal -0.923874 -0.382696 0
    outer loop
      vertex 37.6622 19.1899 49.3267
      vertex 37.9894 18.4 42.6733
      vertex 37.9894 18.4 49.3267
    endloop
  endfacet
  facet normal -0.0699552 -0.888825 0.452875
    outer loop
      vertex 5.65541 35.7069 23.8461
      vertex 6.12793 38.6902 29.7742
      vertex 0 39.1725 29.7742
    endloop
  endfacet
  facet normal -0.538516 -0.459932 0.706019
    outer loop
      vertex 26.0837 18.9509 18.4634
      vertex 22.798 22.798 18.4634
      vertex 19.4713 19.4713 13.7588
    endloop
  endfacet
  facet normal -0.706014 0.0555537 -0.706016
    outer loop
      vertex 27.1976 -4.30767 78.2412
      vertex 32 -3.0649 73.5366
      vertex 31.8443 -5.04364 73.5366
    endloop
  endfacet
  facet normal -0.706015 0.0555647 -0.706014
    outer loop
      vertex 32 -3.0649 73.5366
      vertex 27.1976 -4.30767 78.2412
      vertex 32 -0.206015 73.7616
    endloop
  endfacet
  facet normal 0.442533 0.106246 -0.890436
    outer loop
      vertex -16.026 -2.53827 85.1725
      vertex -15.4316 -5.01404 85.1725
      vertex -21.8812 -3.46564 82.1519
    endloop
  endfacet
  facet normal -0.235643 0.201245 -0.950775
    outer loop
      vertex 13.1269 -9.53727 85.1725
      vertex 11.4734 -11.4734 85.1725
      vertex 8.00772 -5.81795 87.2285
    endloop
  endfacet
  facet normal 0.364068 0.878921 -0.308145
    outer loop
      vertex -12.105 -37.2553 62.2258
      vertex -12.7403 -39.2106 55.8981
      vertex -18.7173 -36.7348 55.8981
    endloop
  endfacet
  facet normal 0.603839 0.370036 -0.706011
    outer loop
      vertex -24.5353 -12.5014 78.2412
      vertex -22.2776 -16.1856 78.2412
      vertex -28.7271 -14.6372 73.5366
    endloop
  endfacet
  facet normal -0.76018 0.465853 -0.452888
    outer loop
      vertex 32 -19.1015 65.7433
      vertex 32 -22.5211 62.2258
      vertex 31.6912 -23.025 62.2258
    endloop
  endfacet
  facet normal -0.544139 0.225391 0.808153
    outer loop
      vertex 24.5353 -12.5014 13.7588
      vertex 26.1889 -8.50928 13.7588
      vertex 19.7393 -10.0577 9.84806
    endloop
  endfacet
  facet normal -0.308926 0.0243172 0.950775
    outer loop
      vertex 16.026 -2.53827 6.82751
      vertex 16.2258 0 6.82751
      vertex 9.77622 -1.5484 4.77151
    endloop
  endfacet
  facet normal -0.544138 -0.22538 0.808157
    outer loop
      vertex 21.0696 6.84594 9.84806
      vertex 26.1889 8.50928 13.7588
      vertex 19.7393 10.0577 9.84806
    endloop
  endfacet
  facet normal -0.787494 0.189078 0.586603
    outer loop
      vertex 32 -10.3974 20.398
      vertex 32 -8.82136 19.89
      vertex 30.6632 -9.96308 18.4634
    endloop
  endfacet
  facet normal -0.842207 0.5161 0.155975
    outer loop
      vertex 37.6622 -19.1899 42.6733
      vertex 36.7348 -18.7173 36.1019
      vertex 33.3545 -24.2335 36.1019
    endloop
  endfacet
  facet normal -0.654291 -0.271019 -0.706011
    outer loop
      vertex 28.7271 14.6372 73.5366
      vertex 30.6632 9.96308 73.5366
      vertex 26.1889 8.50928 78.2412
    endloop
  endfacet
  facet normal -0.811081 0.497089 -0.308303
    outer loop
      vertex 33.3545 -24.2335 55.8981
      vertex 36.1294 -18.4849 57.8666
      vertex 36.2232 -18.4567 57.6653
    endloop
  endfacet
  facet normal -0.8112 0.497056 -0.308042
    outer loop
      vertex 36.1294 -18.4849 57.8666
      vertex 33.3545 -24.2335 55.8981
      vertex 35.9556 -18.5574 58.2073
    endloop
  endfacet
  facet normal -0.811157 0.497073 -0.308129
    outer loop
      vertex 33.3545 -24.2335 55.8981
      vertex 36.2232 -18.4567 57.6653
      vertex 36.7348 -18.7173 55.8981
    endloop
  endfacet
  facet normal -0.811086 0.497099 -0.308274
    outer loop
      vertex 35.9556 -18.5574 58.2073
      vertex 33.3545 -24.2335 55.8981
      vertex 35.7694 -18.6534 58.5424
    endloop
  endfacet
  facet normal -0.811195 0.497048 -0.308068
    outer loop
      vertex 35.7694 -18.6534 58.5424
      vertex 33.3545 -24.2335 55.8981
      vertex 35.5722 -18.7725 58.8695
    endloop
  endfacet
  facet normal -0.811104 0.497098 -0.308227
    outer loop
      vertex 35.5722 -18.7725 58.8695
      vertex 33.3545 -24.2335 55.8981
      vertex 35.3644 -18.9142 59.1878
    endloop
  endfacet
  facet normal -0.811196 0.49704 -0.308078
    outer loop
      vertex 35.3644 -18.9142 59.1878
      vertex 33.3545 -24.2335 55.8981
      vertex 35.1472 -19.0779 59.4956
    endloop
  endfacet
  facet normal -0.811093 0.497113 -0.308233
    outer loop
      vertex 35.1472 -19.0779 59.4956
      vertex 33.3545 -24.2335 55.8981
      vertex 34.922 -19.2623 59.7908
    endloop
  endfacet
  facet normal -0.811207 0.497024 -0.308074
    outer loop
      vertex 34.922 -19.2623 59.7908
      vertex 33.3545 -24.2335 55.8981
      vertex 34.6895 -19.4671 60.0726
    endloop
  endfacet
  facet normal -0.811169 0.497056 -0.308123
    outer loop
      vertex 34.4433 -19.6986 60.3473
      vertex 34.6895 -19.4671 60.0726
      vertex 33.3545 -24.2335 55.8981
    endloop
  endfacet
  facet normal -0.814177 0.48232 -0.323237
    outer loop
      vertex 34.6895 -19.4671 60.0726
      vertex 34.4433 -19.6986 60.3473
      vertex 34.4508 -19.6911 60.3396
    endloop
  endfacet
  facet normal 0.30132 0.072343 -0.950775
    outer loop
      vertex -9.77622 -1.5484 87.2285
      vertex -15.4316 -5.01404 85.1725
      vertex -16.026 -2.53827 85.1725
    endloop
  endfacet
  facet normal 0.046207 0.587151 -0.808157
    outer loop
      vertex 0 -22.1539 82.1519
      vertex 0 -27.5366 78.2412
      vertex -4.30767 -27.1976 78.2412
    endloop
  endfacet
  facet normal -0.677956 0.579035 0.452874
    outer loop
      vertex 27.6991 -27.6991 29.7742
      vertex 31.6912 -23.025 29.7742
      vertex 25.5633 -25.5633 23.8461
    endloop
  endfacet
  facet normal -0.723399 0.617848 0.308153
    outer loop
      vertex 33.3545 -24.2335 36.1019
      vertex 31.6912 -23.025 29.7742
      vertex 27.6991 -27.6991 29.7742
    endloop
  endfacet
  facet normal -0.0746422 0.948403 0.308156
    outer loop
      vertex 6.44956 -40.7209 36.1019
      vertex 0 -39.1725 29.7742
      vertex 0 -41.2285 36.1019
    endloop
  endfacet
  facet normal 0.174152 0.420465 0.890438
    outer loop
      vertex -6.84594 -21.0696 9.84806
      vertex -5.01404 -15.4316 6.82751
      vertex -7.36635 -14.4573 6.82751
    endloop
  endfacet
  facet normal 0.5161 -0.842207 -0.155975
    outer loop
      vertex -19.1899 37.6622 49.3267
      vertex -18.7173 36.7348 55.8981
      vertex -24.2335 33.3545 55.8981
    endloop
  endfacet
  facet normal 0.78754 0.189044 0.586552
    outer loop
      vertex -32 -8.82136 19.89
      vertex -31.8443 -5.04364 18.4634
      vertex -32 -5.0683 18.6804
    endloop
  endfacet
  facet normal 0.787492 0.189068 0.586609
    outer loop
      vertex -31.8443 -5.04364 18.4634
      vertex -32 -8.82136 19.89
      vertex -30.6632 -9.96308 18.4634
    endloop
  endfacet
  facet normal -0.688634 0.165323 0.706011
    outer loop
      vertex 30.6632 -9.96308 18.4634
      vertex 27.1976 -4.30767 13.7588
      vertex 26.1889 -8.50928 13.7588
    endloop
  endfacet
  facet normal -0.46584 0.760193 0.452879
    outer loop
      vertex 17.7839 -34.9029 29.7742
      vertex 23.025 -31.6912 29.7742
      vertex 16.4126 -32.2116 23.8461
    endloop
  endfacet
  facet normal 0.370028 -0.60384 0.706014
    outer loop
      vertex -16.1856 22.2776 13.7588
      vertex -14.6372 28.7271 18.4634
      vertex -18.9509 26.0837 18.4634
    endloop
  endfacet
  facet normal -0.156421 -0.0123104 -0.987614
    outer loop
      vertex 9.77622 1.5484 87.2285
      vertex 9.89808 0 87.2285
      vertex 3.28571 0.520405 88.2693
    endloop
  endfacet
  facet normal 0.544135 -0.225379 -0.80816
    outer loop
      vertex -19.7393 10.0577 82.1519
      vertex -21.0696 6.84594 82.1519
      vertex -26.1889 8.50928 78.2412
    endloop
  endfacet
  facet normal 0.388033 -0.237797 0.89044
    outer loop
      vertex -14.4573 7.36635 6.82751
      vertex -13.1269 9.53727 6.82751
      vertex -17.9229 13.0218 9.84806
    endloop
  endfacet
  facet normal -0.538514 -0.459942 -0.706014
    outer loop
      vertex 26.0837 18.9509 73.5366
      vertex 22.2776 16.1856 78.2412
      vertex 19.4713 19.4713 78.2412
    endloop
  endfacet
  facet normal -0.579035 -0.677956 -0.452874
    outer loop
      vertex 27.6991 27.6991 62.2258
      vertex 25.5633 25.5633 68.1539
      vertex 23.025 31.6912 62.2258
    endloop
  endfacet
  facet normal -0.723399 -0.617848 -0.308153
    outer loop
      vertex 33.3545 24.2335 55.8981
      vertex 31.6912 23.025 62.2258
      vertex 27.6991 27.6991 62.2258
    endloop
  endfacet
  facet normal -0.522495 -0.852642 0
    outer loop
      vertex 19.1899 37.6622 42.6733
      vertex 24.8453 34.1966 49.3267
      vertex 19.1899 37.6622 49.3267
    endloop
  endfacet
  facet normal -0.522495 -0.852642 -0
    outer loop
      vertex 24.8453 34.1966 49.3267
      vertex 19.1899 37.6622 42.6733
      vertex 24.8453 34.1966 42.6733
    endloop
  endfacet
  facet normal -0.465842 -0.76019 0.452882
    outer loop
      vertex 21.2496 29.2475 23.8461
      vertex 23.025 31.6912 29.7742
      vertex 16.4126 32.2116 23.8461
    endloop
  endfacet
  facet normal -0.617847 -0.723399 -0.308154
    outer loop
      vertex 29.1529 29.1529 55.8981
      vertex 27.6991 27.6991 62.2258
      vertex 24.2335 33.3545 55.8981
    endloop
  endfacet
  facet normal -0.751095 -0.641505 0.155974
    outer loop
      vertex 33.3545 24.2335 36.1019
      vertex 34.1966 24.8453 42.6733
      vertex 29.8889 29.8889 42.6733
    endloop
  endfacet
  facet normal -0.144961 -0.0600449 -0.987614
    outer loop
      vertex 8.81926 4.49364 87.2285
      vertex 9.41364 3.05868 87.2285
      vertex 3.16385 1.028 88.2693
    endloop
  endfacet
  facet normal 0.225389 0.544135 -0.808156
    outer loop
      vertex -10.0577 -19.7393 82.1519
      vertex -8.50928 -26.1889 78.2412
      vertex -12.5014 -24.5353 78.2412
    endloop
  endfacet
  facet normal 0.459932 0.538516 -0.706019
    outer loop
      vertex -19.4713 -19.4713 78.2412
      vertex -18.9509 -26.0837 73.5366
      vertex -22.798 -22.798 73.5366
    endloop
  endfacet
  facet normal 0.615842 0.525972 -0.586593
    outer loop
      vertex -26.0837 -18.9509 73.5366
      vertex -25.5633 -25.5633 68.1539
      vertex -29.2475 -21.2496 68.1539
    endloop
  endfacet
  facet normal 0.447855 0.382509 -0.808154
    outer loop
      vertex -17.9229 -13.0218 82.1519
      vertex -15.6652 -15.6652 82.1519
      vertex -19.4713 -19.4713 78.2412
    endloop
  endfacet
  facet normal 0.587151 -0.046207 -0.808157
    outer loop
      vertex -27.1976 4.30767 78.2412
      vertex -22.1539 0 82.1519
      vertex -27.5366 0 78.2412
    endloop
  endfacet
  facet normal 0.842207 0.5161 -0.155975
    outer loop
      vertex -36.7348 -18.7173 55.8981
      vertex -33.3545 -24.2335 55.8981
      vertex -37.6622 -19.1899 49.3267
    endloop
  endfacet
  facet normal 0.878842 0.364222 -0.308188
    outer loop
      vertex -36.7598 -18.4 56.2018
      vertex -36.7348 -18.7173 55.8981
      vertex -36.8663 -18.4 55.8981
    endloop
  endfacet
  facet normal -0.295553 -0.346071 0.89044
    outer loop
      vertex 11.4734 11.4734 6.82751
      vertex 13.0218 17.9229 9.84806
      vertex 9.53727 13.1269 6.82751
    endloop
  endfacet
  facet normal -0.615842 -0.525972 0.586593
    outer loop
      vertex 26.0837 18.9509 18.4634
      vertex 29.2475 21.2496 23.8461
      vertex 25.5633 25.5633 23.8461
    endloop
  endfacet
  facet normal -0.152571 0.0366282 0.987614
    outer loop
      vertex 9.77622 -1.5484 4.77151
      vertex 3.28571 -0.520405 3.7307
      vertex 3.16385 -1.028 3.7307
    endloop
  endfacet
  facet normal 0.5161 0.842207 -0.155975
    outer loop
      vertex -24.2335 -33.3545 55.8981
      vertex -19.1899 -37.6622 49.3267
      vertex -24.8453 -34.1966 49.3267
    endloop
  endfacet
  facet normal 0.0775003 0.984718 -0.155963
    outer loop
      vertex 0 -41.2285 55.8981
      vertex 0 -42.2693 49.3267
      vertex -6.44956 -40.7209 55.8981
    endloop
  endfacet
  facet normal -0.748225 -0.309939 -0.586598
    outer loop
      vertex 32 16.3048 68.4808
      vertex 32 12.6316 70.4216
      vertex 28.7271 14.6372 73.5366
    endloop
  endfacet
  facet normal -0.78754 0.189044 -0.586552
    outer loop
      vertex 32 -8.82136 72.11
      vertex 31.8443 -5.04364 73.5366
      vertex 32 -5.0683 73.3196
    endloop
  endfacet
  facet normal -0.787492 0.189068 -0.586609
    outer loop
      vertex 31.8443 -5.04364 73.5366
      vertex 32 -8.82136 72.11
      vertex 30.6632 -9.96308 73.5366
    endloop
  endfacet
  facet normal -0.15257 -0.0366279 -0.987614
    outer loop
      vertex 9.77622 1.5484 87.2285
      vertex 3.28571 0.520405 88.2693
      vertex 3.16385 1.028 88.2693
    endloop
  endfacet
  facet normal -0.60384 0.370028 -0.706014
    outer loop
      vertex 28.7271 -14.6372 73.5366
      vertex 26.0837 -18.9509 73.5366
      vertex 22.2776 -16.1856 78.2412
    endloop
  endfacet
  facet normal -0.201245 0.235643 -0.950775
    outer loop
      vertex 11.4734 -11.4734 85.1725
      vertex 9.53727 -13.1269 85.1725
      vertex 5.81795 -8.00772 87.2285
    endloop
  endfacet
  facet normal 0.538516 0.459932 -0.706019
    outer loop
      vertex -19.4713 -19.4713 78.2412
      vertex -22.798 -22.798 73.5366
      vertex -26.0837 -18.9509 73.5366
    endloop
  endfacet
  facet normal -0.378 0.912572 0.155973
    outer loop
      vertex 19.1899 -37.6622 42.6733
      vertex 18.7173 -36.7348 36.1019
      vertex 13.0619 -40.2005 42.6733
    endloop
  endfacet
  facet normal -0.382683 0.92388 0
    outer loop
      vertex 19.1899 -37.6622 42.6733
      vertex 13.0619 -40.2005 49.3267
      vertex 19.1899 -37.6622 49.3267
    endloop
  endfacet
  facet normal -0.382683 0.92388 0
    outer loop
      vertex 13.0619 -40.2005 49.3267
      vertex 19.1899 -37.6622 42.6733
      vertex 13.0619 -40.2005 42.6733
    endloop
  endfacet
  facet normal -0.459942 0.538514 -0.706014
    outer loop
      vertex 19.4713 -19.4713 78.2412
      vertex 18.9509 -26.0837 73.5366
      vertex 16.1856 -22.2776 78.2412
    endloop
  endfacet
  facet normal -0.723399 0.617847 0.308154
    outer loop
      vertex 29.1529 -29.1529 36.1019
      vertex 33.3545 -24.2335 36.1019
      vertex 27.6991 -27.6991 29.7742
    endloop
  endfacet
  facet normal 0.388041 0.237791 0.890438
    outer loop
      vertex -17.9229 -13.0218 9.84806
      vertex -14.4573 -7.36635 6.82751
      vertex -19.7393 -10.0577 9.84806
    endloop
  endfacet
  facet normal -0.497067 0.811152 0.308152
    outer loop
      vertex 24.2335 -33.3545 36.1019
      vertex 23.025 -31.6912 29.7742
      vertex 17.7839 -34.9029 29.7742
    endloop
  endfacet
  facet normal 0.811169 -0.497056 0.308123
    outer loop
      vertex -34.6895 19.4671 31.9274
      vertex -34.4433 19.6986 31.6527
      vertex -33.3545 24.2335 36.1019
    endloop
  endfacet
  facet normal 0.814177 -0.48232 0.323237
    outer loop
      vertex -34.4433 19.6986 31.6527
      vertex -34.6895 19.4671 31.9274
      vertex -34.4508 19.6911 31.6604
    endloop
  endfacet
  facet normal 0.811207 -0.497024 0.308074
    outer loop
      vertex -33.3545 24.2335 36.1019
      vertex -34.922 19.2623 32.2092
      vertex -34.6895 19.4671 31.9274
    endloop
  endfacet
  facet normal 0.811093 -0.497113 0.308233
    outer loop
      vertex -33.3545 24.2335 36.1019
      vertex -35.1472 19.0779 32.5044
      vertex -34.922 19.2623 32.2092
    endloop
  endfacet
  facet normal 0.811196 -0.49704 0.308078
    outer loop
      vertex -33.3545 24.2335 36.1019
      vertex -35.3644 18.9142 32.8122
      vertex -35.1472 19.0779 32.5044
    endloop
  endfacet
  facet normal 0.811104 -0.497098 0.308227
    outer loop
      vertex -33.3545 24.2335 36.1019
      vertex -35.5722 18.7725 33.1305
      vertex -35.3644 18.9142 32.8122
    endloop
  endfacet
  facet normal 0.811157 -0.497073 0.308129
    outer loop
      vertex -36.2232 18.4567 34.3347
      vertex -33.3545 24.2335 36.1019
      vertex -36.7348 18.7173 36.1019
    endloop
  endfacet
  facet normal 0.811195 -0.497048 0.308068
    outer loop
      vertex -33.3545 24.2335 36.1019
      vertex -35.7694 18.6534 33.4576
      vertex -35.5722 18.7725 33.1305
    endloop
  endfacet
  facet normal 0.811086 -0.497099 0.308274
    outer loop
      vertex -33.3545 24.2335 36.1019
      vertex -35.9556 18.5574 33.7927
      vertex -35.7694 18.6534 33.4576
    endloop
  endfacet
  facet normal 0.8112 -0.497056 0.308042
    outer loop
      vertex -33.3545 24.2335 36.1019
      vertex -36.1294 18.4849 34.1334
      vertex -35.9556 18.5574 33.7927
    endloop
  endfacet
  facet normal 0.811081 -0.497089 0.308303
    outer loop
      vertex -33.3545 24.2335 36.1019
      vertex -36.2232 18.4567 34.3347
      vertex -36.1294 18.4849 34.1334
    endloop
  endfacet
  facet normal 0.751097 -0.641503 0.155972
    outer loop
      vertex -29.1529 29.1529 36.1019
      vertex -29.8889 29.8889 42.6733
      vertex -33.3545 24.2335 36.1019
    endloop
  endfacet
  facet normal 0.807417 0.0635327 0.586551
    outer loop
      vertex -31.8443 -5.04364 18.4634
      vertex -32 -3.0649 18.4634
      vertex -32 -5.0683 18.6804
    endloop
  endfacet
  facet normal 0.233446 -0.97237 0
    outer loop
      vertex -13.0619 40.2005 42.6733
      vertex -6.61237 41.7489 49.3267
      vertex -13.0619 40.2005 49.3267
    endloop
  endfacet
  facet normal 0.233446 -0.97237 0
    outer loop
      vertex -6.61237 41.7489 49.3267
      vertex -13.0619 40.2005 42.6733
      vertex -6.61237 41.7489 42.6733
    endloop
  endfacet
  facet normal 0.641503 -0.751097 0.155972
    outer loop
      vertex -29.1529 29.1529 36.1019
      vertex -24.2335 33.3545 36.1019
      vertex -29.8889 29.8889 42.6733
    endloop
  endfacet
  facet normal -0.161919 -0.264215 -0.950775
    outer loop
      vertex 7.36635 14.4573 85.1725
      vertex 9.53727 13.1269 85.1725
      vertex 5.81795 8.00772 87.2285
    endloop
  endfacet
  facet normal 0.165331 -0.688627 0.706016
    outer loop
      vertex -4.30767 27.1976 13.7588
      vertex -5.04364 31.8443 18.4634
      vertex -9.96308 30.6632 18.4634
    endloop
  endfacet
  facet normal 0.0635356 -0.807384 0.586596
    outer loop
      vertex -5.04364 31.8443 18.4634
      vertex 0 32.2412 18.4634
      vertex -5.65541 35.7069 23.8461
    endloop
  endfacet
  facet normal -0.459932 0.538516 -0.706019
    outer loop
      vertex 19.4713 -19.4713 78.2412
      vertex 22.798 -22.798 73.5366
      vertex 18.9509 -26.0837 73.5366
    endloop
  endfacet
  facet normal 0.453707 0.0357007 -0.890436
    outer loop
      vertex -16.026 -2.53827 85.1725
      vertex -21.8812 -3.46564 82.1519
      vertex -22.1539 0 82.1519
    endloop
  endfacet
  facet normal 0.748225 -0.309939 -0.586598
    outer loop
      vertex -32 16.3048 68.4808
      vertex -28.7271 14.6372 73.5366
      vertex -32 12.6316 70.4216
    endloop
  endfacet
  facet normal 0.787492 -0.189068 -0.586609
    outer loop
      vertex -31.8443 5.04364 73.5366
      vertex -32 8.82136 72.11
      vertex -30.6632 9.96308 73.5366
    endloop
  endfacet
  facet normal 0.78754 -0.189044 -0.586552
    outer loop
      vertex -32 8.82136 72.11
      vertex -31.8443 5.04364 73.5366
      vertex -32 5.0683 73.3196
    endloop
  endfacet
  facet normal 0.072343 -0.30132 0.950775
    outer loop
      vertex -1.5484 9.77622 4.77151
      vertex -2.53827 16.026 6.82751
      vertex -5.01404 15.4316 6.82751
    endloop
  endfacet
  facet normal -0.144962 -0.0600454 0.987614
    outer loop
      vertex 9.41364 3.05868 4.77151
      vertex 8.81926 4.49364 4.77151
      vertex 3.16385 1.028 3.7307
    endloop
  endfacet
  facet normal 0.0366285 0.152571 0.987613
    outer loop
      vertex -1.5484 -9.77622 4.77151
      vertex -1.028 -3.16385 3.7307
      vertex -3.05868 -9.41364 4.77151
    endloop
  endfacet
  facet normal -0.30774 -0.502181 0.808153
    outer loop
      vertex 13.0218 17.9229 9.84806
      vertex 16.1856 22.2776 13.7588
      vertex 12.5014 24.5353 13.7588
    endloop
  endfacet
  facet normal -0.807417 0.0635327 -0.586551
    outer loop
      vertex 32 -3.0649 73.5366
      vertex 32 -5.0683 73.3196
      vertex 31.8443 -5.04364 73.5366
    endloop
  endfacet
  facet normal -0.0819821 -0.133783 -0.987614
    outer loop
      vertex 4.49364 8.81926 87.2285
      vertex 1.95536 2.69133 88.2693
      vertex 1.51027 2.96408 88.2693
    endloop
  endfacet
  facet normal -0.156421 -0.0123086 -0.987614
    outer loop
      vertex 9.89808 0 87.2285
      vertex 3.32666 0 88.2693
      vertex 3.28571 0.520405 88.2693
    endloop
  endfacet
  facet normal 0.382509 0.447855 -0.808154
    outer loop
      vertex -15.6652 -15.6652 82.1519
      vertex -13.0218 -17.9229 82.1519
      vertex -19.4713 -19.4713 78.2412
    endloop
  endfacet
  facet normal -0.447853 -0.382509 -0.808155
    outer loop
      vertex 19.4713 19.4713 78.2412
      vertex 22.2776 16.1856 78.2412
      vertex 17.9229 13.0218 82.1519
    endloop
  endfacet
  facet normal -0.748224 -0.309923 -0.586607
    outer loop
      vertex 32 10.3974 71.602
      vertex 28.7271 14.6372 73.5366
      vertex 32 12.6316 70.4216
    endloop
  endfacet
  facet normal -0.748227 -0.309928 -0.586601
    outer loop
      vertex 28.7271 14.6372 73.5366
      vertex 32 10.3974 71.602
      vertex 30.6632 9.96308 73.5366
    endloop
  endfacet
  facet normal -0.233446 -0.97237 0
    outer loop
      vertex 6.61237 41.7489 42.6733
      vertex 13.0619 40.2005 49.3267
      vertex 6.61237 41.7489 49.3267
    endloop
  endfacet
  facet normal -0.233446 -0.97237 -0
    outer loop
      vertex 13.0619 40.2005 49.3267
      vertex 6.61237 41.7489 42.6733
      vertex 13.0619 40.2005 42.6733
    endloop
  endfacet
  facet normal -0.465842 -0.76019 -0.452882
    outer loop
      vertex 23.025 31.6912 62.2258
      vertex 21.2496 29.2475 68.1539
      vertex 16.4126 32.2116 68.1539
    endloop
  endfacet
  facet normal -0.76018 0.465853 0.452888
    outer loop
      vertex 32 -22.5211 29.7742
      vertex 32 -19.1015 26.2567
      vertex 31.6912 -23.025 29.7742
    endloop
  endfacet
  facet normal -0.617848 -0.723399 -0.308153
    outer loop
      vertex 24.2335 33.3545 55.8981
      vertex 27.6991 27.6991 62.2258
      vertex 23.025 31.6912 62.2258
    endloop
  endfacet
  facet normal -0.912568 -0.378013 -0.155969
    outer loop
      vertex 36.9293 18.4 55.5293
      vertex 37.6622 19.1899 49.3267
      vertex 37.9894 18.4 49.3267
    endloop
  endfacet
  facet normal -0.912538 -0.378082 -0.155974
    outer loop
      vertex 37.6622 19.1899 49.3267
      vertex 36.9293 18.4 55.5293
      vertex 36.7348 18.7173 55.8981
    endloop
  endfacet
  facet normal 0.378006 -0.912571 0.155967
    outer loop
      vertex -12.7403 39.2106 36.1019
      vertex -13.0619 40.2005 42.6733
      vertex -18.7173 36.7348 36.1019
    endloop
  endfacet
  facet normal 0.502178 -0.307738 -0.808155
    outer loop
      vertex -22.2776 16.1856 78.2412
      vertex -17.9229 13.0218 82.1519
      vertex -24.5353 12.5014 78.2412
    endloop
  endfacet
  facet normal -0.5161 -0.842207 0.155975
    outer loop
      vertex 24.2335 33.3545 36.1019
      vertex 19.1899 37.6622 42.6733
      vertex 18.7173 36.7348 36.1019
    endloop
  endfacet
  facet normal -0.677959 -0.579024 0.452882
    outer loop
      vertex 29.2475 21.2496 23.8461
      vertex 31.6912 23.025 29.7742
      vertex 25.5633 25.5633 23.8461
    endloop
  endfacet
  facet normal -0.723399 -0.617847 0.308154
    outer loop
      vertex 33.3545 24.2335 36.1019
      vertex 29.1529 29.1529 36.1019
      vertex 27.6991 27.6991 29.7742
    endloop
  endfacet
  facet normal -0.842207 -0.5161 0.155975
    outer loop
      vertex 37.6622 19.1899 42.6733
      vertex 34.1966 24.8453 42.6733
      vertex 33.3545 24.2335 36.1019
    endloop
  endfacet
  facet normal 0.572695 0.13749 0.808157
    outer loop
      vertex -26.1889 -8.50928 13.7588
      vertex -21.0696 -6.84594 9.84806
      vertex -27.1976 -4.30767 13.7588
    endloop
  endfacet
  facet normal 0.751097 0.641503 -0.155972
    outer loop
      vertex -29.1529 -29.1529 55.8981
      vertex -29.8889 -29.8889 49.3267
      vertex -33.3545 -24.2335 55.8981
    endloop
  endfacet
  facet normal 0.442534 0.106251 -0.890435
    outer loop
      vertex -15.4316 -5.01404 85.1725
      vertex -21.0696 -6.84594 82.1519
      vertex -21.8812 -3.46564 82.1519
    endloop
  endfacet
  facet normal 0.544135 0.225379 -0.80816
    outer loop
      vertex -21.0696 -6.84594 82.1519
      vertex -19.7393 -10.0577 82.1519
      vertex -26.1889 -8.50928 78.2412
    endloop
  endfacet
  facet normal 0.923874 -0.382696 0
    outer loop
      vertex -37.9894 18.4 49.3267
      vertex -37.6622 19.1899 42.6733
      vertex -37.6622 19.1899 49.3267
    endloop
  endfacet
  facet normal 0.923874 -0.382696 0
    outer loop
      vertex -37.6622 19.1899 42.6733
      vertex -37.9894 18.4 49.3267
      vertex -37.9894 18.4 42.6733
    endloop
  endfacet
  facet normal 0.442534 -0.106251 -0.890435
    outer loop
      vertex -21.0696 6.84594 82.1519
      vertex -15.4316 5.01404 85.1725
      vertex -21.8812 3.46564 82.1519
    endloop
  endfacet
  facet normal 0.453707 -0.0357007 -0.890436
    outer loop
      vertex -21.8812 3.46564 82.1519
      vertex -16.026 2.53827 85.1725
      vertex -22.1539 0 82.1519
    endloop
  endfacet
  facet normal 0.912515 0.378177 -0.15588
    outer loop
      vertex -36.8663 -18.4 55.8981
      vertex -36.7348 -18.7173 55.8981
      vertex -36.9293 -18.4 55.5293
    endloop
  endfacet
  facet normal -0.688627 -0.165331 0.706016
    outer loop
      vertex 31.8443 5.04364 18.4634
      vertex 30.6632 9.96308 18.4634
      vertex 27.1976 4.30767 13.7588
    endloop
  endfacet
  facet normal -0.370036 -0.603839 0.706011
    outer loop
      vertex 16.1856 22.2776 13.7588
      vertex 14.6372 28.7271 18.4634
      vertex 12.5014 24.5353 13.7588
    endloop
  endfacet
  facet normal -0.0774982 0.984718 0.155965
    outer loop
      vertex 6.61237 -41.7489 42.6733
      vertex 6.44956 -40.7209 36.1019
      vertex 0 -42.2693 42.6733
    endloop
  endfacet
  facet normal -0.208144 0.866928 0.452893
    outer loop
      vertex 12.105 -37.2553 29.7742
      vertex 11.1716 -34.3825 23.8461
      vertex 5.65541 -35.7069 23.8461
    endloop
  endfacet
  facet normal -0.615841 0.525973 0.586594
    outer loop
      vertex 25.5633 -25.5633 23.8461
      vertex 26.0837 -18.9509 18.4634
      vertex 22.798 -22.798 18.4634
    endloop
  endfacet
  facet normal -0.423158 0.690541 0.586592
    outer loop
      vertex 21.2496 -29.2475 23.8461
      vertex 18.9509 -26.0837 18.4634
      vertex 14.6372 -28.7271 18.4634
    endloop
  endfacet
  facet normal -0.852642 0.522495 0
    outer loop
      vertex 34.1966 -24.8453 42.6733
      vertex 37.6622 -19.1899 49.3267
      vertex 37.6622 -19.1899 42.6733
    endloop
  endfacet
  facet normal -0.852642 0.522495 0
    outer loop
      vertex 37.6622 -19.1899 49.3267
      vertex 34.1966 -24.8453 42.6733
      vertex 34.1966 -24.8453 49.3267
    endloop
  endfacet
  facet normal -0.0243172 0.308926 0.950775
    outer loop
      vertex 2.53827 -16.026 6.82751
      vertex 1.5484 -9.77622 4.77151
      vertex 0 -16.2258 6.82751
    endloop
  endfacet
  facet normal -0.912568 0.378013 -0.155969
    outer loop
      vertex 37.6622 -19.1899 49.3267
      vertex 36.9293 -18.4 55.5293
      vertex 37.9894 -18.4 49.3267
    endloop
  endfacet
  facet normal -0.912538 0.378082 -0.155974
    outer loop
      vertex 36.9293 -18.4 55.5293
      vertex 37.6622 -19.1899 49.3267
      vertex 36.7348 -18.7173 55.8981
    endloop
  endfacet
  facet normal -0.502178 0.307735 -0.808156
    outer loop
      vertex 19.7393 -10.0577 82.1519
      vertex 24.5353 -12.5014 78.2412
      vertex 17.9229 -13.0218 82.1519
    endloop
  endfacet
  facet normal -0.842207 0.5161 -0.155975
    outer loop
      vertex 37.6622 -19.1899 49.3267
      vertex 34.1966 -24.8453 49.3267
      vertex 33.3545 -24.2335 55.8981
    endloop
  endfacet
  facet normal -0.878913 0.364133 -0.308089
    outer loop
      vertex 36.7348 -18.7173 55.8981
      vertex 36.5105 -18.4 56.913
      vertex 36.7598 -18.4 56.2018
    endloop
  endfacet
  facet normal -0.878619 0.364737 -0.308213
    outer loop
      vertex 36.5105 -18.4 56.913
      vertex 36.7348 -18.7173 55.8981
      vertex 36.447 -18.4061 57.0868
    endloop
  endfacet
  facet normal -0.878892 0.364153 -0.308126
    outer loop
      vertex 36.447 -18.4061 57.0868
      vertex 36.7348 -18.7173 55.8981
      vertex 36.2819 -18.4365 57.5218
    endloop
  endfacet
  facet normal -0.878737 0.36451 -0.308145
    outer loop
      vertex 36.2819 -18.4365 57.5218
      vertex 36.7348 -18.7173 55.8981
      vertex 36.2232 -18.4567 57.6653
    endloop
  endfacet
  facet normal -0.760185 0.46585 -0.452882
    outer loop
      vertex 32 -19.1015 65.7433
      vertex 29.2475 -21.2496 68.1539
      vertex 32 -16.758 68.1539
    endloop
  endfacet
  facet normal -0.760185 0.465849 -0.452883
    outer loop
      vertex 29.2475 -21.2496 68.1539
      vertex 32 -19.1015 65.7433
      vertex 31.6912 -23.025 62.2258
    endloop
  endfacet
  facet normal -0.538516 0.459932 -0.706019
    outer loop
      vertex 26.0837 -18.9509 73.5366
      vertex 22.798 -22.798 73.5366
      vertex 19.4713 -19.4713 78.2412
    endloop
  endfacet
  facet normal -0.617848 0.723399 -0.308153
    outer loop
      vertex 27.6991 -27.6991 62.2258
      vertex 24.2335 -33.3545 55.8981
      vertex 23.025 -31.6912 62.2258
    endloop
  endfacet
  facet normal -0.11858 0.286296 -0.950775
    outer loop
      vertex 7.36635 -14.4573 85.1725
      vertex 5.01404 -15.4316 85.1725
      vertex 4.49364 -8.81926 87.2285
    endloop
  endfacet
  facet normal 0.295574 0.34607 -0.890433
    outer loop
      vertex -11.4734 -11.4734 85.1725
      vertex -13.0218 -17.9229 82.1519
      vertex -15.6652 -15.6652 82.1519
    endloop
  endfacet
  facet normal -0.0555584 0.706013 0.706016
    outer loop
      vertex 5.04364 -31.8443 18.4634
      vertex 4.30767 -27.1976 13.7588
      vertex 0 -32.2412 18.4634
    endloop
  endfacet
  facet normal -0.923874 0.382696 0
    outer loop
      vertex 37.6622 -19.1899 42.6733
      vertex 37.9894 -18.4 49.3267
      vertex 37.9894 -18.4 42.6733
    endloop
  endfacet
  facet normal -0.923874 0.382696 0
    outer loop
      vertex 37.9894 -18.4 49.3267
      vertex 37.6622 -19.1899 42.6733
      vertex 37.6622 -19.1899 49.3267
    endloop
  endfacet
  facet normal -0.842207 0.5161 -0.155975
    outer loop
      vertex 36.7348 -18.7173 55.8981
      vertex 37.6622 -19.1899 49.3267
      vertex 33.3545 -24.2335 55.8981
    endloop
  endfacet
  facet normal -0.230589 0.960471 -0.155965
    outer loop
      vertex 13.0619 -40.2005 49.3267
      vertex 6.61237 -41.7489 49.3267
      vertex 6.44956 -40.7209 55.8981
    endloop
  endfacet
  facet normal 0.0774982 0.984718 -0.155965
    outer loop
      vertex -6.44956 -40.7209 55.8981
      vertex 0 -42.2693 49.3267
      vertex -6.61237 -41.7489 49.3267
    endloop
  endfacet
  facet normal -0.46584 0.760193 -0.452879
    outer loop
      vertex 23.025 -31.6912 62.2258
      vertex 17.7839 -34.9029 62.2258
      vertex 16.4126 -32.2116 68.1539
    endloop
  endfacet
  facet normal -0.378 0.912572 -0.155973
    outer loop
      vertex 18.7173 -36.7348 55.8981
      vertex 19.1899 -37.6622 49.3267
      vertex 13.0619 -40.2005 49.3267
    endloop
  endfacet
  facet normal -0.617848 0.723399 0.308153
    outer loop
      vertex 24.2335 -33.3545 36.1019
      vertex 27.6991 -27.6991 29.7742
      vertex 23.025 -31.6912 29.7742
    endloop
  endfacet
  facet normal -0.370028 0.60384 0.706014
    outer loop
      vertex 18.9509 -26.0837 18.4634
      vertex 16.1856 -22.2776 13.7588
      vertex 14.6372 -28.7271 18.4634
    endloop
  endfacet
  facet normal 0.378 0.912572 -0.155973
    outer loop
      vertex -18.7173 -36.7348 55.8981
      vertex -13.0619 -40.2005 49.3267
      vertex -19.1899 -37.6622 49.3267
    endloop
  endfacet
  facet normal 0.641505 0.751095 0.155974
    outer loop
      vertex -24.8453 -34.1966 42.6733
      vertex -24.2335 -33.3545 36.1019
      vertex -29.8889 -29.8889 42.6733
    endloop
  endfacet
  facet normal -0.0635298 -0.807387 -0.586592
    outer loop
      vertex 0 36.1519 68.1539
      vertex 5.65541 35.7069 68.1539
      vertex 0 32.2412 73.5366
    endloop
  endfacet
  facet normal 0.760185 -0.465849 0.452883
    outer loop
      vertex -32 19.1015 26.2567
      vertex -29.2475 21.2496 23.8461
      vertex -31.6912 23.025 29.7742
    endloop
  endfacet
  facet normal 0.760185 -0.46585 0.452882
    outer loop
      vertex -29.2475 21.2496 23.8461
      vertex -32 19.1015 26.2567
      vertex -32 16.758 23.8461
    endloop
  endfacet
  facet normal 0.912515 -0.378177 0.15588
    outer loop
      vertex -36.8663 18.4 36.1019
      vertex -36.7348 18.7173 36.1019
      vertex -36.9293 18.4 36.4707
    endloop
  endfacet
  facet normal 0.690541 -0.423158 0.586592
    outer loop
      vertex -28.7271 14.6372 18.4634
      vertex -26.0837 18.9509 18.4634
      vertex -29.2475 21.2496 23.8461
    endloop
  endfacet
  facet normal 0.878737 -0.36451 0.308145
    outer loop
      vertex -36.7348 18.7173 36.1019
      vertex -36.2819 18.4365 34.4782
      vertex -36.2232 18.4567 34.3347
    endloop
  endfacet
  facet normal 0.878892 -0.364153 0.308126
    outer loop
      vertex -36.7348 18.7173 36.1019
      vertex -36.447 18.4061 34.9132
      vertex -36.2819 18.4365 34.4782
    endloop
  endfacet
  facet normal 0.878913 -0.364133 0.308089
    outer loop
      vertex -36.5105 18.4 35.087
      vertex -36.7348 18.7173 36.1019
      vertex -36.7598 18.4 35.7982
    endloop
  endfacet
  facet normal 0.878619 -0.364737 0.308213
    outer loop
      vertex -36.7348 18.7173 36.1019
      vertex -36.5105 18.4 35.087
      vertex -36.447 18.4061 34.9132
    endloop
  endfacet
  facet normal 0.878842 -0.364222 0.308188
    outer loop
      vertex -36.7598 18.4 35.7982
      vertex -36.7348 18.7173 36.1019
      vertex -36.8663 18.4 36.1019
    endloop
  endfacet
  facet normal 0.525973 -0.615841 0.586594
    outer loop
      vertex -22.798 22.798 18.4634
      vertex -18.9509 26.0837 18.4634
      vertex -25.5633 25.5633 23.8461
    endloop
  endfacet
  facet normal 0.690507 -0.42315 0.586637
    outer loop
      vertex -32 16.3048 23.5192
      vertex -29.2475 21.2496 23.8461
      vertex -32 16.758 23.8461
    endloop
  endfacet
  facet normal 0.690534 -0.423163 0.586597
    outer loop
      vertex -29.2475 21.2496 23.8461
      vertex -32 16.3048 23.5192
      vertex -28.7271 14.6372 18.4634
    endloop
  endfacet
  facet normal 0.587159 -0.0462016 0.808152
    outer loop
      vertex -22.1539 0 9.84806
      vertex -21.8812 3.46564 9.84806
      vertex -27.1976 4.30767 13.7588
    endloop
  endfacet
  facet normal 0.878879 0.364176 0.308137
    outer loop
      vertex -36.7348 -18.7173 36.1019
      vertex -36.5182 -18.4 35.1091
      vertex -36.7598 -18.4 35.7982
    endloop
  endfacet
  facet normal 0.878868 0.364198 0.308141
    outer loop
      vertex -36.5182 -18.4 35.1091
      vertex -36.7348 -18.7173 36.1019
      vertex -36.4379 -18.4095 34.8913
    endloop
  endfacet
  facet normal 0.878811 0.36432 0.308159
    outer loop
      vertex -36.4379 -18.4095 34.8913
      vertex -36.7348 -18.7173 36.1019
      vertex -36.2251 -18.4576 34.3413
    endloop
  endfacet
  facet normal -0.286295 -0.118587 0.950775
    outer loop
      vertex 9.41364 3.05868 4.77151
      vertex 15.4316 5.01404 6.82751
      vertex 8.81926 4.49364 4.77151
    endloop
  endfacet
  facet normal -0.165323 -0.688634 0.706011
    outer loop
      vertex 8.50928 26.1889 13.7588
      vertex 9.96308 30.6632 18.4634
      vertex 4.30767 27.1976 13.7588
    endloop
  endfacet
  facet normal 0.364077 -0.878913 0.308155
    outer loop
      vertex -17.7839 34.9029 29.7742
      vertex -12.105 37.2553 29.7742
      vertex -18.7173 36.7348 36.1019
    endloop
  endfacet
  facet normal -0.307737 -0.502181 0.808153
    outer loop
      vertex 13.0218 17.9229 9.84806
      vertex 12.5014 24.5353 13.7588
      vertex 10.0577 19.7393 9.84806
    endloop
  endfacet
  facet normal -0.378006 -0.912571 -0.155967
    outer loop
      vertex 13.0619 40.2005 49.3267
      vertex 18.7173 36.7348 55.8981
      vertex 12.7403 39.2106 55.8981
    endloop
  endfacet
  facet normal -0.0775003 -0.984718 0.155963
    outer loop
      vertex 6.44956 40.7209 36.1019
      vertex 0 42.2693 42.6733
      vertex 0 41.2285 36.1019
    endloop
  endfacet
  facet normal 0.5161 -0.842207 0.155975
    outer loop
      vertex -24.2335 33.3545 36.1019
      vertex -19.1899 37.6622 42.6733
      vertex -24.8453 34.1966 42.6733
    endloop
  endfacet
  facet normal 0.5161 -0.842207 -0.155975
    outer loop
      vertex -19.1899 37.6622 49.3267
      vertex -24.2335 33.3545 55.8981
      vertex -24.8453 34.1966 49.3267
    endloop
  endfacet
  facet normal 0.22538 -0.544138 0.808157
    outer loop
      vertex -6.84594 21.0696 9.84806
      vertex -8.50928 26.1889 13.7588
      vertex -10.0577 19.7393 9.84806
    endloop
  endfacet
  facet normal -0.208125 -0.866942 0.452875
    outer loop
      vertex 12.105 37.2553 29.7742
      vertex 6.12793 38.6902 29.7742
      vertex 5.65541 35.7069 23.8461
    endloop
  endfacet
  facet normal 0.0774982 -0.984718 0.155965
    outer loop
      vertex -6.44956 40.7209 36.1019
      vertex 0 42.2693 42.6733
      vertex -6.61237 41.7489 42.6733
    endloop
  endfacet
  facet normal -0.364077 -0.878913 0.308155
    outer loop
      vertex 17.7839 34.9029 29.7742
      vertex 18.7173 36.7348 36.1019
      vertex 12.105 37.2553 29.7742
    endloop
  endfacet
  facet normal 0.502178 0.307735 -0.808156
    outer loop
      vertex -19.7393 -10.0577 82.1519
      vertex -17.9229 -13.0218 82.1519
      vertex -24.5353 -12.5014 78.2412
    endloop
  endfacet
  facet normal 0.706014 0.055561 -0.706016
    outer loop
      vertex -32 -0.206015 73.7616
      vertex -27.5366 0 78.2412
      vertex -27.1976 -4.30767 78.2412
    endloop
  endfacet
  facet normal 0.706016 0.0555176 -0.706016
    outer loop
      vertex -27.5366 0 78.2412
      vertex -32 -0.206015 73.7616
      vertex -32 0 73.7778
    endloop
  endfacet
  facet normal 0.15257 -0.0366279 -0.987614
    outer loop
      vertex -3.16385 1.028 88.2693
      vertex -3.28571 0.520405 88.2693
      vertex -9.77622 1.5484 87.2285
    endloop
  endfacet
  facet normal -0.271019 -0.654291 0.706011
    outer loop
      vertex 14.6372 28.7271 18.4634
      vertex 9.96308 30.6632 18.4634
      vertex 8.50928 26.1889 13.7588
    endloop
  endfacet
  facet normal -0.18907 -0.787501 0.586596
    outer loop
      vertex 9.96308 30.6632 18.4634
      vertex 5.65541 35.7069 23.8461
      vertex 5.04364 31.8443 18.4634
    endloop
  endfacet
  facet normal 0.271019 -0.654291 0.706011
    outer loop
      vertex -8.50928 26.1889 13.7588
      vertex -9.96308 30.6632 18.4634
      vertex -14.6372 28.7271 18.4634
    endloop
  endfacet
  facet normal -0.502181 -0.30774 0.808153
    outer loop
      vertex 24.5353 12.5014 13.7588
      vertex 22.2776 16.1856 13.7588
      vertex 17.9229 13.0218 9.84806
    endloop
  endfacet
  facet normal -0.0366279 0.15257 -0.987614
    outer loop
      vertex 1.028 -3.16385 88.2693
      vertex 1.5484 -9.77622 87.2285
      vertex 0.520405 -3.28571 88.2693
    endloop
  endfacet
  facet normal -0.587155 0.0462013 -0.808155
    outer loop
      vertex 22.1539 0 82.1519
      vertex 27.1976 -4.30767 78.2412
      vertex 21.8812 -3.46564 82.1519
    endloop
  endfacet
  facet normal -0.603839 -0.370036 -0.706011
    outer loop
      vertex 28.7271 14.6372 73.5366
      vertex 24.5353 12.5014 78.2412
      vertex 22.2776 16.1856 78.2412
    endloop
  endfacet
  facet normal -0.235643 -0.201245 -0.950775
    outer loop
      vertex 11.4734 11.4734 85.1725
      vertex 13.1269 9.53727 85.1725
      vertex 8.00772 5.81795 87.2285
    endloop
  endfacet
  facet normal -0.787494 -0.189078 -0.586603
    outer loop
      vertex 32 10.3974 71.602
      vertex 32 8.82136 72.11
      vertex 30.6632 9.96308 73.5366
    endloop
  endfacet
  facet normal -0.878811 -0.36432 -0.308159
    outer loop
      vertex 36.7348 18.7173 55.8981
      vertex 36.4379 18.4095 57.1087
      vertex 36.2251 18.4576 57.6587
    endloop
  endfacet
  facet normal -0.878879 -0.364176 -0.308137
    outer loop
      vertex 36.5182 18.4 56.8909
      vertex 36.7348 18.7173 55.8981
      vertex 36.7598 18.4 56.2018
    endloop
  endfacet
  facet normal -0.878868 -0.364198 -0.308141
    outer loop
      vertex 36.7348 18.7173 55.8981
      vertex 36.5182 18.4 56.8909
      vertex 36.4379 18.4095 57.1087
    endloop
  endfacet
  facet normal -0.497068 -0.81115 -0.308154
    outer loop
      vertex 18.7173 36.7348 55.8981
      vertex 24.2335 33.3545 55.8981
      vertex 17.7839 34.9029 62.2258
    endloop
  endfacet
  facet normal 0.118587 -0.286295 -0.950775
    outer loop
      vertex -3.05868 9.41364 87.2285
      vertex -4.49364 8.81926 87.2285
      vertex -5.01404 15.4316 85.1725
    endloop
  endfacet
  facet normal -0.286296 -0.11858 -0.950775
    outer loop
      vertex 14.4573 7.36635 85.1725
      vertex 15.4316 5.01404 85.1725
      vertex 8.81926 4.49364 87.2285
    endloop
  endfacet
  facet normal -0.641503 -0.751097 -0.155972
    outer loop
      vertex 29.8889 29.8889 49.3267
      vertex 29.1529 29.1529 55.8981
      vertex 24.2335 33.3545 55.8981
    endloop
  endfacet
  facet normal -0.378 -0.912572 -0.155973
    outer loop
      vertex 19.1899 37.6622 49.3267
      vertex 18.7173 36.7348 55.8981
      vertex 13.0619 40.2005 49.3267
    endloop
  endfacet
  facet normal 0.0784584 -0.996917 0
    outer loop
      vertex -6.61237 41.7489 42.6733
      vertex 0 42.2693 49.3267
      vertex -6.61237 41.7489 49.3267
    endloop
  endfacet
  facet normal 0.0784584 -0.996917 0
    outer loop
      vertex 0 42.2693 49.3267
      vertex -6.61237 41.7489 42.6733
      vertex 0 42.2693 42.6733
    endloop
  endfacet
  facet normal -0.5161 -0.842207 -0.155975
    outer loop
      vertex 19.1899 37.6622 49.3267
      vertex 24.2335 33.3545 55.8981
      vertex 18.7173 36.7348 55.8981
    endloop
  endfacet
  facet normal -0.912515 -0.378177 0.15588
    outer loop
      vertex 36.8663 18.4 36.1019
      vertex 36.9293 18.4 36.4707
      vertex 36.7348 18.7173 36.1019
    endloop
  endfacet
  facet normal -0.842207 -0.5161 -0.155975
    outer loop
      vertex 34.1966 24.8453 49.3267
      vertex 37.6622 19.1899 49.3267
      vertex 33.3545 24.2335 55.8981
    endloop
  endfacet
  facet normal -0.751095 -0.641505 -0.155974
    outer loop
      vertex 34.1966 24.8453 49.3267
      vertex 33.3545 24.2335 55.8981
      vertex 29.8889 29.8889 49.3267
    endloop
  endfacet
  facet normal -0.842207 -0.5161 -0.155975
    outer loop
      vertex 37.6622 19.1899 49.3267
      vertex 36.7348 18.7173 55.8981
      vertex 33.3545 24.2335 55.8981
    endloop
  endfacet
  facet normal -0.497067 -0.811152 0.308152
    outer loop
      vertex 23.025 31.6912 29.7742
      vertex 24.2335 33.3545 36.1019
      vertex 17.7839 34.9029 29.7742
    endloop
  endfacet
  facet normal -0.497068 -0.81115 0.308154
    outer loop
      vertex 24.2335 33.3545 36.1019
      vertex 18.7173 36.7348 36.1019
      vertex 17.7839 34.9029 29.7742
    endloop
  endfacet
  facet normal -0.579035 -0.677956 0.452874
    outer loop
      vertex 25.5633 25.5633 23.8461
      vertex 27.6991 27.6991 29.7742
      vertex 23.025 31.6912 29.7742
    endloop
  endfacet
  facet normal -0.617848 -0.723399 0.308153
    outer loop
      vertex 27.6991 27.6991 29.7742
      vertex 24.2335 33.3545 36.1019
      vertex 23.025 31.6912 29.7742
    endloop
  endfacet
  facet normal -0.760402 -0.649453 0
    outer loop
      vertex 34.1966 24.8453 42.6733
      vertex 29.8889 29.8889 49.3267
      vertex 29.8889 29.8889 42.6733
    endloop
  endfacet
  facet normal -0.760402 -0.649453 0
    outer loop
      vertex 29.8889 29.8889 49.3267
      vertex 34.1966 24.8453 42.6733
      vertex 34.1966 24.8453 49.3267
    endloop
  endfacet
  facet normal -0.852642 -0.522495 0
    outer loop
      vertex 37.6622 19.1899 42.6733
      vertex 34.1966 24.8453 49.3267
      vertex 34.1966 24.8453 42.6733
    endloop
  endfacet
  facet normal -0.852642 -0.522495 0
    outer loop
      vertex 34.1966 24.8453 49.3267
      vertex 37.6622 19.1899 42.6733
      vertex 37.6622 19.1899 49.3267
    endloop
  endfacet
  facet normal -0.0775003 0.984718 0.155963
    outer loop
      vertex 6.44956 -40.7209 36.1019
      vertex 0 -41.2285 36.1019
      vertex 0 -42.2693 42.6733
    endloop
  endfacet
  facet normal 0.502181 0.30774 0.808153
    outer loop
      vertex -22.2776 -16.1856 13.7588
      vertex -17.9229 -13.0218 9.84806
      vertex -24.5353 -12.5014 13.7588
    endloop
  endfacet
  facet normal 0.497067 0.811152 -0.308152
    outer loop
      vertex -23.025 -31.6912 62.2258
      vertex -17.7839 -34.9029 62.2258
      vertex -24.2335 -33.3545 55.8981
    endloop
  endfacet
  facet normal 0.641503 0.751097 -0.155972
    outer loop
      vertex -29.1529 -29.1529 55.8981
      vertex -24.2335 -33.3545 55.8981
      vertex -29.8889 -29.8889 49.3267
    endloop
  endfacet
  facet normal 0.497068 0.81115 -0.308154
    outer loop
      vertex -17.7839 -34.9029 62.2258
      vertex -18.7173 -36.7348 55.8981
      vertex -24.2335 -33.3545 55.8981
    endloop
  endfacet
  facet normal 0.370036 0.603839 -0.706011
    outer loop
      vertex -12.5014 -24.5353 78.2412
      vertex -14.6372 -28.7271 73.5366
      vertex -16.1856 -22.2776 78.2412
    endloop
  endfacet
  facet normal 0.706016 -0.0555176 -0.706016
    outer loop
      vertex -32 0.206015 73.7616
      vertex -27.5366 0 78.2412
      vertex -32 0 73.7778
    endloop
  endfacet
  facet normal 0.706014 -0.055561 -0.706016
    outer loop
      vertex -27.5366 0 78.2412
      vertex -32 0.206015 73.7616
      vertex -27.1976 4.30767 78.2412
    endloop
  endfacet
  facet normal 0.587151 0.046207 -0.808157
    outer loop
      vertex -22.1539 0 82.1519
      vertex -27.1976 -4.30767 78.2412
      vertex -27.5366 0 78.2412
    endloop
  endfacet
  facet normal 0.0746591 -0.948397 -0.308172
    outer loop
      vertex 0 39.1725 62.2258
      vertex -0.404241 39.9231 59.8179
      vertex 0 39.9274 59.9026
    endloop
  endfacet
  facet normal 0.0747294 -0.948388 -0.308181
    outer loop
      vertex 0 39.1725 62.2258
      vertex -1.66607 39.9777 59.3439
      vertex -0.404241 39.9231 59.8179
    endloop
  endfacet
  facet normal 0.0743867 -0.948472 -0.308006
    outer loop
      vertex 0 39.1725 62.2258
      vertex -2.31097 40.1194 58.7518
      vertex -1.66607 39.9777 59.3439
    endloop
  endfacet
  facet normal 0.0747788 -0.948366 -0.308238
    outer loop
      vertex 0 39.1725 62.2258
      vertex -3.11306 40.2955 58.0154
      vertex -2.31097 40.1194 58.7518
    endloop
  endfacet
  facet normal 0.0746123 -0.948415 -0.308128
    outer loop
      vertex -6.44956 40.7209 55.8981
      vertex -3.11306 40.2955 58.0154
      vertex 0 39.1725 62.2258
    endloop
  endfacet
  facet normal 0.0746524 -0.948392 -0.308187
    outer loop
      vertex -6.44956 40.7209 55.8981
      vertex -3.4676 40.5324 57.2005
      vertex -3.11306 40.2955 58.0154
    endloop
  endfacet
  facet normal 0.0746115 -0.948424 -0.308098
    outer loop
      vertex -6.44956 40.7209 55.8981
      vertex -3.7019 40.883 56.0645
      vertex -3.4676 40.5324 57.2005
    endloop
  endfacet
  facet normal 0.0746254 -0.948314 -0.308435
    outer loop
      vertex -3.7019 40.883 56.0645
      vertex -6.44956 40.7209 55.8981
      vertex -3.65896 40.9405 55.8981
    endloop
  endfacet
  facet normal 0.690541 -0.423158 -0.586592
    outer loop
      vertex -26.0837 18.9509 73.5366
      vertex -28.7271 14.6372 73.5366
      vertex -29.2475 21.2496 68.1539
    endloop
  endfacet
  facet normal 0.923874 0.382696 0
    outer loop
      vertex -37.6622 -19.1899 49.3267
      vertex -37.9894 -18.4 42.6733
      vertex -37.9894 -18.4 49.3267
    endloop
  endfacet
  facet normal 0.923874 0.382696 0
    outer loop
      vertex -37.9894 -18.4 42.6733
      vertex -37.6622 -19.1899 49.3267
      vertex -37.6622 -19.1899 42.6733
    endloop
  endfacet
  facet normal 0.912538 0.378082 -0.155974
    outer loop
      vertex -37.6622 -19.1899 49.3267
      vertex -36.9293 -18.4 55.5293
      vertex -36.7348 -18.7173 55.8981
    endloop
  endfacet
  facet normal 0.912568 0.378013 -0.155969
    outer loop
      vertex -36.9293 -18.4 55.5293
      vertex -37.6622 -19.1899 49.3267
      vertex -37.9894 -18.4 49.3267
    endloop
  endfacet
  facet normal -0.453705 -0.0357134 0.890436
    outer loop
      vertex 16.2258 0 6.82751
      vertex 22.1539 0 9.84806
      vertex 16.026 2.53827 6.82751
    endloop
  endfacet
  facet normal -0.544139 -0.225391 0.808153
    outer loop
      vertex 26.1889 8.50928 13.7588
      vertex 24.5353 12.5014 13.7588
      vertex 19.7393 10.0577 9.84806
    endloop
  endfacet
  facet normal -0.502181 -0.307737 0.808153
    outer loop
      vertex 19.7393 10.0577 9.84806
      vertex 24.5353 12.5014 13.7588
      vertex 17.9229 13.0218 9.84806
    endloop
  endfacet
  facet normal -0.677956 -0.579035 0.452874
    outer loop
      vertex 31.6912 23.025 29.7742
      vertex 27.6991 27.6991 29.7742
      vertex 25.5633 25.5633 23.8461
    endloop
  endfacet
  facet normal -0.688634 -0.165323 0.706011
    outer loop
      vertex 27.1976 4.30767 13.7588
      vertex 30.6632 9.96308 18.4634
      vertex 26.1889 8.50928 13.7588
    endloop
  endfacet
  facet normal -0.502181 0.307737 0.808153
    outer loop
      vertex 24.5353 -12.5014 13.7588
      vertex 19.7393 -10.0577 9.84806
      vertex 17.9229 -13.0218 9.84806
    endloop
  endfacet
  facet normal -0.341188 0.823699 0.452892
    outer loop
      vertex 12.105 -37.2553 29.7742
      vertex 16.4126 -32.2116 23.8461
      vertex 11.1716 -34.3825 23.8461
    endloop
  endfacet
  facet normal -0.525973 0.615841 0.586594
    outer loop
      vertex 25.5633 -25.5633 23.8461
      vertex 22.798 -22.798 18.4634
      vertex 18.9509 -26.0837 18.4634
    endloop
  endfacet
  facet normal -0.654292 -0.271018 0.706011
    outer loop
      vertex 26.1889 8.50928 13.7588
      vertex 28.7271 14.6372 18.4634
      vertex 24.5353 12.5014 13.7588
    endloop
  endfacet
  facet normal -0.156423 0.0123087 0.987614
    outer loop
      vertex 9.89808 0 4.77151
      vertex 3.32666 0 3.7307
      vertex 3.28571 -0.520405 3.7307
    endloop
  endfacet
  facet normal -0.0357134 0.453705 0.890436
    outer loop
      vertex 2.53827 -16.026 6.82751
      vertex 0 -16.2258 6.82751
      vertex 0 -22.1539 9.84806
    endloop
  endfacet
  facet normal -0.442528 -0.10625 0.890438
    outer loop
      vertex 21.8812 3.46564 9.84806
      vertex 21.0696 6.84594 9.84806
      vertex 15.4316 5.01404 6.82751
    endloop
  endfacet
  facet normal -0.572698 -0.137503 0.808152
    outer loop
      vertex 21.8812 3.46564 9.84806
      vertex 27.1976 4.30767 13.7588
      vertex 21.0696 6.84594 9.84806
    endloop
  endfacet
  facet normal -0.654291 0.271019 0.706011
    outer loop
      vertex 28.7271 -14.6372 18.4634
      vertex 30.6632 -9.96308 18.4634
      vertex 26.1889 -8.50928 13.7588
    endloop
  endfacet
  facet normal -0.538516 0.459932 0.706019
    outer loop
      vertex 22.798 -22.798 18.4634
      vertex 26.0837 -18.9509 18.4634
      vertex 19.4713 -19.4713 13.7588
    endloop
  endfacet
  facet normal -0.706015 0.0555647 0.706014
    outer loop
      vertex 27.1976 -4.30767 13.7588
      vertex 32 -3.0649 18.4634
      vertex 32 -0.206015 18.2384
    endloop
  endfacet
  facet normal -0.706014 0.0555537 0.706016
    outer loop
      vertex 32 -3.0649 18.4634
      vertex 27.1976 -4.30767 13.7588
      vertex 31.8443 -5.04364 18.4634
    endloop
  endfacet
  facet normal -0.264217 0.161913 -0.950775
    outer loop
      vertex 8.81926 -4.49364 87.2285
      vertex 14.4573 -7.36635 85.1725
      vertex 8.00772 -5.81795 87.2285
    endloop
  endfacet
  facet normal -0.346076 0.295557 -0.890437
    outer loop
      vertex 13.1269 -9.53727 85.1725
      vertex 17.9229 -13.0218 82.1519
      vertex 11.4734 -11.4734 85.1725
    endloop
  endfacet
  facet normal -0.538514 0.459942 -0.706014
    outer loop
      vertex 22.2776 -16.1856 78.2412
      vertex 26.0837 -18.9509 73.5366
      vertex 19.4713 -19.4713 78.2412
    endloop
  endfacet
  facet normal -0.579035 0.677956 -0.452874
    outer loop
      vertex 25.5633 -25.5633 68.1539
      vertex 27.6991 -27.6991 62.2258
      vertex 23.025 -31.6912 62.2258
    endloop
  endfacet
  facet normal -0.751097 0.641503 -0.155972
    outer loop
      vertex 33.3545 -24.2335 55.8981
      vertex 29.8889 -29.8889 49.3267
      vertex 29.1529 -29.1529 55.8981
    endloop
  endfacet
  facet normal 0.447853 0.382509 -0.808155
    outer loop
      vertex -17.9229 -13.0218 82.1519
      vertex -19.4713 -19.4713 78.2412
      vertex -22.2776 -16.1856 78.2412
    endloop
  endfacet
  facet normal 0.264217 0.161913 -0.950775
    outer loop
      vertex -8.81926 -4.49364 87.2285
      vertex -8.00772 -5.81795 87.2285
      vertex -14.4573 -7.36635 85.1725
    endloop
  endfacet
  facet normal 0.307738 0.502178 -0.808155
    outer loop
      vertex -13.0218 -17.9229 82.1519
      vertex -12.5014 -24.5353 78.2412
      vertex -16.1856 -22.2776 78.2412
    endloop
  endfacet
  facet normal -0.165323 0.688634 -0.706011
    outer loop
      vertex 8.50928 -26.1889 78.2412
      vertex 9.96308 -30.6632 73.5366
      vertex 4.30767 -27.1976 78.2412
    endloop
  endfacet
  facet normal -0.118587 0.286295 -0.950775
    outer loop
      vertex 4.49364 -8.81926 87.2285
      vertex 5.01404 -15.4316 85.1725
      vertex 3.05868 -9.41364 87.2285
    endloop
  endfacet
  facet normal -0.34607 0.295574 -0.890433
    outer loop
      vertex 17.9229 -13.0218 82.1519
      vertex 15.6652 -15.6652 82.1519
      vertex 11.4734 -11.4734 85.1725
    endloop
  endfacet
  facet normal -0.811126 0.497074 0.308207
    outer loop
      vertex 32 -22.5211 29.7742
      vertex 31.6912 -23.025 29.7742
      vertex 32 -22.6993 30.0616
    endloop
  endfacet
  facet normal -0.811193 0.497029 0.308103
    outer loop
      vertex 33.3545 -24.2335 36.1019
      vertex 34.3296 -19.8099 31.5331
      vertex 34.0842 -20.0604 31.2911
    endloop
  endfacet
  facet normal -0.811097 0.497125 0.308201
    outer loop
      vertex 33.3545 -24.2335 36.1019
      vertex 34.0842 -20.0604 31.2911
      vertex 33.8355 -20.3273 31.0671
    endloop
  endfacet
  facet normal -0.811163 0.497055 0.308141
    outer loop
      vertex 33.3545 -24.2335 36.1019
      vertex 33.8355 -20.3273 31.0671
      vertex 33.585 -20.6092 30.8624
    endloop
  endfacet
  facet normal -0.811137 0.497085 0.308162
    outer loop
      vertex 33.3545 -24.2335 36.1019
      vertex 33.585 -20.6092 30.8624
      vertex 33.334 -20.9044 30.6779
    endloop
  endfacet
  facet normal -0.811269 0.496928 0.308067
    outer loop
      vertex 33.3545 -24.2335 36.1019
      vertex 33.334 -20.9044 30.6779
      vertex 33.0833 -21.2122 30.5142
    endloop
  endfacet
  facet normal -0.811023 0.497235 0.308221
    outer loop
      vertex 33.3545 -24.2335 36.1019
      vertex 33.0833 -21.2122 30.5142
      vertex 32.8343 -21.5305 30.3725
    endloop
  endfacet
  facet normal -0.81114 0.497081 0.308159
    outer loop
      vertex 33.3545 -24.2335 36.1019
      vertex 32.8343 -21.5305 30.3725
      vertex 32.5886 -21.8576 30.2534
    endloop
  endfacet
  facet normal -0.811169 0.497042 0.308147
    outer loop
      vertex 33.3545 -24.2335 36.1019
      vertex 32.5886 -21.8576 30.2534
      vertex 32.3468 -22.1927 30.1574
    endloop
  endfacet
  facet normal -0.811174 0.497035 0.308145
    outer loop
      vertex 33.3545 -24.2335 36.1019
      vertex 32.3468 -22.1927 30.1574
      vertex 32.1105 -22.5334 30.0849
    endloop
  endfacet
  facet normal -0.811182 0.497022 0.308143
    outer loop
      vertex 33.3545 -24.2335 36.1019
      vertex 32.1105 -22.5334 30.0849
      vertex 32 -22.6993 30.0616
    endloop
  endfacet
  facet normal -0.811056 0.497158 0.308257
    outer loop
      vertex 34.3296 -19.8099 31.5331
      vertex 33.3545 -24.2335 36.1019
      vertex 34.4428 -19.7005 31.6545
    endloop
  endfacet
  facet normal -0.811121 0.497116 0.308153
    outer loop
      vertex 33.3545 -24.2335 36.1019
      vertex 32 -22.6993 30.0616
      vertex 31.6912 -23.025 29.7742
    endloop
  endfacet
  facet normal -0.364068 0.878921 -0.308145
    outer loop
      vertex 18.7173 -36.7348 55.8981
      vertex 12.7403 -39.2106 55.8981
      vertex 12.105 -37.2553 62.2258
    endloop
  endfacet
  facet normal -0.723399 0.617847 -0.308154
    outer loop
      vertex 33.3545 -24.2335 55.8981
      vertex 29.1529 -29.1529 55.8981
      vertex 27.6991 -27.6991 62.2258
    endloop
  endfacet
  facet normal -0.760402 0.649453 0
    outer loop
      vertex 29.8889 -29.8889 42.6733
      vertex 34.1966 -24.8453 49.3267
      vertex 34.1966 -24.8453 42.6733
    endloop
  endfacet
  facet normal -0.760402 0.649453 0
    outer loop
      vertex 34.1966 -24.8453 49.3267
      vertex 29.8889 -29.8889 42.6733
      vertex 29.8889 -29.8889 49.3267
    endloop
  endfacet
  facet normal 0.30993 0.748232 -0.586593
    outer loop
      vertex -9.96308 -30.6632 73.5366
      vertex -11.1716 -34.3825 68.1539
      vertex -14.6372 -28.7271 73.5366
    endloop
  endfacet
  facet normal 0.459942 0.538514 -0.706014
    outer loop
      vertex -16.1856 -22.2776 78.2412
      vertex -18.9509 -26.0837 73.5366
      vertex -19.4713 -19.4713 78.2412
    endloop
  endfacet
  facet normal -0.649453 0.760402 0
    outer loop
      vertex 29.8889 -29.8889 42.6733
      vertex 24.8453 -34.1966 49.3267
      vertex 29.8889 -29.8889 49.3267
    endloop
  endfacet
  facet normal -0.649453 0.760402 0
    outer loop
      vertex 24.8453 -34.1966 49.3267
      vertex 29.8889 -29.8889 42.6733
      vertex 24.8453 -34.1966 42.6733
    endloop
  endfacet
  facet normal 0.174154 0.420471 -0.890435
    outer loop
      vertex -5.01404 -15.4316 85.1725
      vertex -6.84594 -21.0696 82.1519
      vertex -7.36635 -14.4573 85.1725
    endloop
  endfacet
  facet normal -0.617847 0.723399 0.308154
    outer loop
      vertex 29.1529 -29.1529 36.1019
      vertex 27.6991 -27.6991 29.7742
      vertex 24.2335 -33.3545 36.1019
    endloop
  endfacet
  facet normal -0.579035 0.677956 0.452874
    outer loop
      vertex 27.6991 -27.6991 29.7742
      vertex 25.5633 -25.5633 23.8461
      vertex 23.025 -31.6912 29.7742
    endloop
  endfacet
  facet normal -0.5161 0.842207 0.155975
    outer loop
      vertex 19.1899 -37.6622 42.6733
      vertex 24.2335 -33.3545 36.1019
      vertex 18.7173 -36.7348 36.1019
    endloop
  endfacet
  facet normal -0.42316 0.690538 0.586594
    outer loop
      vertex 16.4126 -32.2116 23.8461
      vertex 21.2496 -29.2475 23.8461
      vertex 14.6372 -28.7271 18.4634
    endloop
  endfacet
  facet normal -0.22209 0.925053 0.308145
    outer loop
      vertex 12.7403 -39.2106 36.1019
      vertex 12.105 -37.2553 29.7742
      vertex 6.44956 -40.7209 36.1019
    endloop
  endfacet
  facet normal -0.230592 0.960469 0.155968
    outer loop
      vertex 13.0619 -40.2005 42.6733
      vertex 12.7403 -39.2106 36.1019
      vertex 6.44956 -40.7209 36.1019
    endloop
  endfacet
  facet normal 0.760402 0.649453 0
    outer loop
      vertex -29.8889 -29.8889 49.3267
      vertex -34.1966 -24.8453 42.6733
      vertex -34.1966 -24.8453 49.3267
    endloop
  endfacet
  facet normal 0.760402 0.649453 0
    outer loop
      vertex -34.1966 -24.8453 42.6733
      vertex -29.8889 -29.8889 49.3267
      vertex -29.8889 -29.8889 42.6733
    endloop
  endfacet
  facet normal 0.787494 0.189078 0.586603
    outer loop
      vertex -30.6632 -9.96308 18.4634
      vertex -32 -8.82136 19.89
      vertex -32 -10.3974 20.398
    endloop
  endfacet
  facet normal 0.748225 0.309939 0.586598
    outer loop
      vertex -28.7271 -14.6372 18.4634
      vertex -32 -12.6316 21.5784
      vertex -32 -16.3048 23.5192
    endloop
  endfacet
  facet normal 0.688634 -0.165323 -0.706011
    outer loop
      vertex -26.1889 8.50928 78.2412
      vertex -27.1976 4.30767 78.2412
      vertex -30.6632 9.96308 73.5366
    endloop
  endfacet
  facet normal 0.878811 -0.36432 -0.308159
    outer loop
      vertex -36.4379 18.4095 57.1087
      vertex -36.7348 18.7173 55.8981
      vertex -36.2251 18.4576 57.6587
    endloop
  endfacet
  facet normal 0.878868 -0.364198 -0.308141
    outer loop
      vertex -36.5182 18.4 56.8909
      vertex -36.7348 18.7173 55.8981
      vertex -36.4379 18.4095 57.1087
    endloop
  endfacet
  facet normal 0.878879 -0.364176 -0.308137
    outer loop
      vertex -36.7348 18.7173 55.8981
      vertex -36.5182 18.4 56.8909
      vertex -36.7598 18.4 56.2018
    endloop
  endfacet
  facet normal 0.723399 -0.617848 0.308153
    outer loop
      vertex -31.6912 23.025 29.7742
      vertex -27.6991 27.6991 29.7742
      vertex -33.3545 24.2335 36.1019
    endloop
  endfacet
  facet normal 0.641505 -0.751095 0.155974
    outer loop
      vertex -24.2335 33.3545 36.1019
      vertex -24.8453 34.1966 42.6733
      vertex -29.8889 29.8889 42.6733
    endloop
  endfacet
  facet normal 0.912568 -0.378013 0.155969
    outer loop
      vertex -36.9293 18.4 36.4707
      vertex -37.6622 19.1899 42.6733
      vertex -37.9894 18.4 42.6733
    endloop
  endfacet
  facet normal 0.912538 -0.378082 0.155974
    outer loop
      vertex -37.6622 19.1899 42.6733
      vertex -36.9293 18.4 36.4707
      vertex -36.7348 18.7173 36.1019
    endloop
  endfacet
  facet normal 0.654291 -0.271019 0.706011
    outer loop
      vertex -26.1889 8.50928 13.7588
      vertex -28.7271 14.6372 18.4634
      vertex -30.6632 9.96308 18.4634
    endloop
  endfacet
  facet normal 0.60384 -0.370028 0.706014
    outer loop
      vertex -22.2776 16.1856 13.7588
      vertex -26.0837 18.9509 18.4634
      vertex -28.7271 14.6372 18.4634
    endloop
  endfacet
  facet normal 0.502181 -0.307737 0.808153
    outer loop
      vertex -19.7393 10.0577 9.84806
      vertex -17.9229 13.0218 9.84806
      vertex -24.5353 12.5014 13.7588
    endloop
  endfacet
  facet normal 0.587155 -0.0462073 0.808154
    outer loop
      vertex -22.1539 0 9.84806
      vertex -27.1976 4.30767 13.7588
      vertex -27.5366 0 13.7588
    endloop
  endfacet
  facet normal 0.706016 0.0555176 0.706016
    outer loop
      vertex -32 -0.206015 18.2384
      vertex -27.5366 0 13.7588
      vertex -32 0 18.2222
    endloop
  endfacet
  facet normal 0.706014 0.055561 0.706016
    outer loop
      vertex -27.5366 0 13.7588
      vertex -32 -0.206015 18.2384
      vertex -27.1976 -4.30767 13.7588
    endloop
  endfacet
  facet normal 0.688634 -0.165323 0.706011
    outer loop
      vertex -27.1976 4.30767 13.7588
      vertex -26.1889 8.50928 13.7588
      vertex -30.6632 9.96308 18.4634
    endloop
  endfacet
  facet normal 0.572695 -0.13749 0.808157
    outer loop
      vertex -21.0696 6.84594 9.84806
      vertex -26.1889 8.50928 13.7588
      vertex -27.1976 4.30767 13.7588
    endloop
  endfacet
  facet normal 0.388041 -0.237791 0.890438
    outer loop
      vertex -14.4573 7.36635 6.82751
      vertex -17.9229 13.0218 9.84806
      vertex -19.7393 10.0577 9.84806
    endloop
  endfacet
  facet normal 0.230589 -0.960471 0.155965
    outer loop
      vertex -6.44956 40.7209 36.1019
      vertex -6.61237 41.7489 42.6733
      vertex -13.0619 40.2005 42.6733
    endloop
  endfacet
  facet normal 0.0775003 -0.984718 0.155963
    outer loop
      vertex 0 41.2285 36.1019
      vertex 0 42.2693 42.6733
      vertex -6.44956 40.7209 36.1019
    endloop
  endfacet
  facet normal 0.649453 -0.760402 0
    outer loop
      vertex -29.8889 29.8889 42.6733
      vertex -24.8453 34.1966 49.3267
      vertex -29.8889 29.8889 49.3267
    endloop
  endfacet
  facet normal 0.649453 -0.760402 0
    outer loop
      vertex -24.8453 34.1966 49.3267
      vertex -29.8889 29.8889 42.6733
      vertex -24.8453 34.1966 42.6733
    endloop
  endfacet
  facet normal 0.522495 -0.852642 0
    outer loop
      vertex -24.8453 34.1966 42.6733
      vertex -19.1899 37.6622 49.3267
      vertex -24.8453 34.1966 49.3267
    endloop
  endfacet
  facet normal 0.522495 -0.852642 0
    outer loop
      vertex -19.1899 37.6622 49.3267
      vertex -24.8453 34.1966 42.6733
      vertex -19.1899 37.6622 42.6733
    endloop
  endfacet
  facet normal 0.912515 -0.378177 -0.15588
    outer loop
      vertex -36.7348 18.7173 55.8981
      vertex -36.8663 18.4 55.8981
      vertex -36.9293 18.4 55.5293
    endloop
  endfacet
  facet normal 0.751095 -0.641505 -0.155974
    outer loop
      vertex -29.8889 29.8889 49.3267
      vertex -33.3545 24.2335 55.8981
      vertex -34.1966 24.8453 49.3267
    endloop
  endfacet
  facet normal 0.18907 -0.787501 0.586596
    outer loop
      vertex -5.04364 31.8443 18.4634
      vertex -5.65541 35.7069 23.8461
      vertex -9.96308 30.6632 18.4634
    endloop
  endfacet
  facet normal 0.497067 -0.811152 0.308152
    outer loop
      vertex -23.025 31.6912 29.7742
      vertex -17.7839 34.9029 29.7742
      vertex -24.2335 33.3545 36.1019
    endloop
  endfacet
  facet normal 0.579024 -0.677959 0.452882
    outer loop
      vertex -21.2496 29.2475 23.8461
      vertex -23.025 31.6912 29.7742
      vertex -25.5633 25.5633 23.8461
    endloop
  endfacet
  facet normal 0.382511 -0.447858 0.808151
    outer loop
      vertex -15.6652 15.6652 9.84806
      vertex -13.0218 17.9229 9.84806
      vertex -19.4713 19.4713 13.7588
    endloop
  endfacet
  facet normal -0.230592 -0.960469 0.155968
    outer loop
      vertex 12.7403 39.2106 36.1019
      vertex 13.0619 40.2005 42.6733
      vertex 6.44956 40.7209 36.1019
    endloop
  endfacet
  facet normal -0.22209 -0.925053 0.308145
    outer loop
      vertex 12.105 37.2553 29.7742
      vertex 12.7403 39.2106 36.1019
      vertex 6.44956 40.7209 36.1019
    endloop
  endfacet
  facet normal 0.878619 0.364737 -0.308213
    outer loop
      vertex -36.7348 -18.7173 55.8981
      vertex -36.5105 -18.4 56.913
      vertex -36.447 -18.4061 57.0868
    endloop
  endfacet
  facet normal 0.878892 0.364153 -0.308126
    outer loop
      vertex -36.7348 -18.7173 55.8981
      vertex -36.447 -18.4061 57.0868
      vertex -36.2819 -18.4365 57.5218
    endloop
  endfacet
  facet normal 0.878737 0.36451 -0.308145
    outer loop
      vertex -36.7348 -18.7173 55.8981
      vertex -36.2819 -18.4365 57.5218
      vertex -36.2232 -18.4567 57.6653
    endloop
  endfacet
  facet normal 0.878913 0.364133 -0.308089
    outer loop
      vertex -36.5105 -18.4 56.913
      vertex -36.7348 -18.7173 55.8981
      vertex -36.7598 -18.4 56.2018
    endloop
  endfacet
  facet normal 0.502178 0.307738 -0.808155
    outer loop
      vertex -17.9229 -13.0218 82.1519
      vertex -22.2776 -16.1856 78.2412
      vertex -24.5353 -12.5014 78.2412
    endloop
  endfacet
  facet normal 0.572694 0.137502 -0.808155
    outer loop
      vertex -21.8812 -3.46564 82.1519
      vertex -21.0696 -6.84594 82.1519
      vertex -27.1976 -4.30767 78.2412
    endloop
  endfacet
  facet normal 0.688634 0.165323 -0.706011
    outer loop
      vertex -27.1976 -4.30767 78.2412
      vertex -26.1889 -8.50928 78.2412
      vertex -30.6632 -9.96308 73.5366
    endloop
  endfacet
  facet normal 0.706014 0.0555537 -0.706016
    outer loop
      vertex -32 -3.0649 73.5366
      vertex -27.1976 -4.30767 78.2412
      vertex -31.8443 -5.04364 73.5366
    endloop
  endfacet
  facet normal 0.706015 0.0555647 -0.706014
    outer loop
      vertex -27.1976 -4.30767 78.2412
      vertex -32 -3.0649 73.5366
      vertex -32 -0.206015 73.7616
    endloop
  endfacet
  facet normal 0.453711 -0.0357138 -0.890433
    outer loop
      vertex -16.026 2.53827 85.1725
      vertex -16.2258 0 85.1725
      vertex -22.1539 0 82.1519
    endloop
  endfacet
  facet normal 0.308926 0.0243126 -0.950775
    outer loop
      vertex -9.89808 0 87.2285
      vertex -9.77622 -1.5484 87.2285
      vertex -16.2258 0 85.1725
    endloop
  endfacet
  facet normal -0.30132 -0.072343 -0.950775
    outer loop
      vertex 15.4316 5.01404 85.1725
      vertex 16.026 2.53827 85.1725
      vertex 9.77622 1.5484 87.2285
    endloop
  endfacet
  facet normal -0.222075 -0.925052 -0.308158
    outer loop
      vertex 6.44956 40.7209 55.8981
      vertex 12.105 37.2553 62.2258
      vertex 6.12793 38.6902 62.2258
    endloop
  endfacet
  facet normal -0.459942 -0.538514 0.706014
    outer loop
      vertex 19.4713 19.4713 13.7588
      vertex 18.9509 26.0837 18.4634
      vertex 16.1856 22.2776 13.7588
    endloop
  endfacet
  facet normal -0.0635356 -0.807384 0.586596
    outer loop
      vertex 5.04364 31.8443 18.4634
      vertex 5.65541 35.7069 23.8461
      vertex 0 32.2412 18.4634
    endloop
  endfacet
  facet normal -0.341188 -0.823699 0.452892
    outer loop
      vertex 16.4126 32.2116 23.8461
      vertex 12.105 37.2553 29.7742
      vertex 11.1716 34.3825 23.8461
    endloop
  endfacet
  facet normal -0.30993 -0.748232 0.586593
    outer loop
      vertex 14.6372 28.7271 18.4634
      vertex 11.1716 34.3825 23.8461
      vertex 9.96308 30.6632 18.4634
    endloop
  endfacet
  facet normal -0.0600472 -0.144961 0.987614
    outer loop
      vertex 1.51027 2.96408 3.7307
      vertex 4.49364 8.81926 4.77151
      vertex 1.028 3.16385 3.7307
    endloop
  endfacet
  facet normal 0.0555584 -0.706013 0.706016
    outer loop
      vertex -4.30767 27.1976 13.7588
      vertex 0 32.2412 18.4634
      vertex -5.04364 31.8443 18.4634
    endloop
  endfacet
  facet normal -0.286296 -0.11858 0.950775
    outer loop
      vertex 15.4316 5.01404 6.82751
      vertex 14.4573 7.36635 6.82751
      vertex 8.81926 4.49364 4.77151
    endloop
  endfacet
  facet normal -0.152571 -0.0366285 0.987613
    outer loop
      vertex 9.77622 1.5484 4.77151
      vertex 9.41364 3.05868 4.77151
      vertex 3.16385 1.028 3.7307
    endloop
  endfacet
  facet normal 0.235643 0.201245 0.950775
    outer loop
      vertex -11.4734 -11.4734 6.82751
      vertex -8.00772 -5.81795 4.77151
      vertex -13.1269 -9.53727 6.82751
    endloop
  endfacet
  facet normal 0.420465 -0.174152 0.890438
    outer loop
      vertex -15.4316 5.01404 6.82751
      vertex -14.4573 7.36635 6.82751
      vertex -21.0696 6.84594 9.84806
    endloop
  endfacet
  facet normal -0.572694 0.137502 -0.808155
    outer loop
      vertex 21.8812 -3.46564 82.1519
      vertex 27.1976 -4.30767 78.2412
      vertex 21.0696 -6.84594 82.1519
    endloop
  endfacet
  facet normal -0.453711 -0.0357138 -0.890433
    outer loop
      vertex 22.1539 0 82.1519
      vertex 16.2258 0 85.1725
      vertex 16.026 2.53827 85.1725
    endloop
  endfacet
  facet normal -0.442534 0.106251 -0.890435
    outer loop
      vertex 21.8812 -3.46564 82.1519
      vertex 21.0696 -6.84594 82.1519
      vertex 15.4316 -5.01404 85.1725
    endloop
  endfacet
  facet normal -0.308926 -0.0243126 -0.950775
    outer loop
      vertex 16.2258 0 85.1725
      vertex 9.89808 0 87.2285
      vertex 9.77622 1.5484 87.2285
    endloop
  endfacet
  facet normal -0.388046 -0.237795 -0.890435
    outer loop
      vertex 17.9229 13.0218 82.1519
      vertex 19.7393 10.0577 82.1519
      vertex 14.4573 7.36635 85.1725
    endloop
  endfacet
  facet normal -0.442533 -0.106246 -0.890436
    outer loop
      vertex 21.8812 3.46564 82.1519
      vertex 16.026 2.53827 85.1725
      vertex 15.4316 5.01404 85.1725
    endloop
  endfacet
  facet normal -0.654292 -0.271018 -0.706011
    outer loop
      vertex 28.7271 14.6372 73.5366
      vertex 26.1889 8.50928 78.2412
      vertex 24.5353 12.5014 78.2412
    endloop
  endfacet
  facet normal -0.690541 -0.423158 -0.586592
    outer loop
      vertex 29.2475 21.2496 68.1539
      vertex 28.7271 14.6372 73.5366
      vertex 26.0837 18.9509 73.5366
    endloop
  endfacet
  facet normal -0.807417 -0.0635327 -0.586551
    outer loop
      vertex 32 5.0683 73.3196
      vertex 32 3.0649 73.5366
      vertex 31.8443 5.04364 73.5366
    endloop
  endfacet
  facet normal -0.78754 -0.189044 -0.586552
    outer loop
      vertex 31.8443 5.04364 73.5366
      vertex 32 8.82136 72.11
      vertex 32 5.0683 73.3196
    endloop
  endfacet
  facet normal -0.787492 -0.189068 -0.586609
    outer loop
      vertex 32 8.82136 72.11
      vertex 31.8443 5.04364 73.5366
      vertex 30.6632 9.96308 73.5366
    endloop
  endfacet
  facet normal -0.688634 -0.165323 -0.706011
    outer loop
      vertex 30.6632 9.96308 73.5366
      vertex 27.1976 4.30767 78.2412
      vertex 26.1889 8.50928 78.2412
    endloop
  endfacet
  facet normal -0.641505 -0.751095 -0.155974
    outer loop
      vertex 24.8453 34.1966 49.3267
      vertex 29.8889 29.8889 49.3267
      vertex 24.2335 33.3545 55.8981
    endloop
  endfacet
  facet normal -0.649453 -0.760402 0
    outer loop
      vertex 24.8453 34.1966 42.6733
      vertex 29.8889 29.8889 49.3267
      vertex 24.8453 34.1966 49.3267
    endloop
  endfacet
  facet normal -0.649453 -0.760402 -0
    outer loop
      vertex 29.8889 29.8889 49.3267
      vertex 24.8453 34.1966 42.6733
      vertex 29.8889 29.8889 42.6733
    endloop
  endfacet
  facet normal -0.0774982 -0.984718 0.155965
    outer loop
      vertex 6.44956 40.7209 36.1019
      vertex 6.61237 41.7489 42.6733
      vertex 0 42.2693 42.6733
    endloop
  endfacet
  facet normal -0.497067 -0.811152 -0.308152
    outer loop
      vertex 24.2335 33.3545 55.8981
      vertex 23.025 31.6912 62.2258
      vertex 17.7839 34.9029 62.2258
    endloop
  endfacet
  facet normal -0.230589 -0.960471 0.155965
    outer loop
      vertex 13.0619 40.2005 42.6733
      vertex 6.61237 41.7489 42.6733
      vertex 6.44956 40.7209 36.1019
    endloop
  endfacet
  facet normal -0.382683 -0.92388 0
    outer loop
      vertex 13.0619 40.2005 42.6733
      vertex 19.1899 37.6622 49.3267
      vertex 13.0619 40.2005 49.3267
    endloop
  endfacet
  facet normal -0.382683 -0.92388 -0
    outer loop
      vertex 19.1899 37.6622 49.3267
      vertex 13.0619 40.2005 42.6733
      vertex 19.1899 37.6622 42.6733
    endloop
  endfacet
  facet normal -0.0123104 -0.156421 -0.987614
    outer loop
      vertex 1.5484 9.77622 87.2285
      vertex 0.520405 3.28571 88.2693
      vertex 0 9.89808 87.2285
    endloop
  endfacet
  facet normal 0.308926 -0.0243126 -0.950775
    outer loop
      vertex -9.77622 1.5484 87.2285
      vertex -9.89808 0 87.2285
      vertex -16.2258 0 85.1725
    endloop
  endfacet
  facet normal -0.723399 -0.617848 0.308153
    outer loop
      vertex 31.6912 23.025 29.7742
      vertex 33.3545 24.2335 36.1019
      vertex 27.6991 27.6991 29.7742
    endloop
  endfacet
  facet normal -0.76018 -0.465853 -0.452888
    outer loop
      vertex 32 22.5211 62.2258
      vertex 32 19.1015 65.7433
      vertex 31.6912 23.025 62.2258
    endloop
  endfacet
  facet normal -0.811121 -0.497116 -0.308153
    outer loop
      vertex 33.3545 24.2335 55.8981
      vertex 32 22.6993 61.9384
      vertex 31.6912 23.025 62.2258
    endloop
  endfacet
  facet normal -0.811182 -0.497022 -0.308143
    outer loop
      vertex 33.3545 24.2335 55.8981
      vertex 32.1105 22.5334 61.9151
      vertex 32 22.6993 61.9384
    endloop
  endfacet
  facet normal -0.811174 -0.497035 -0.308145
    outer loop
      vertex 33.3545 24.2335 55.8981
      vertex 32.3468 22.1927 61.8426
      vertex 32.1105 22.5334 61.9151
    endloop
  endfacet
  facet normal -0.811169 -0.497042 -0.308147
    outer loop
      vertex 33.3545 24.2335 55.8981
      vertex 32.5886 21.8576 61.7466
      vertex 32.3468 22.1927 61.8426
    endloop
  endfacet
  facet normal -0.81114 -0.497081 -0.308159
    outer loop
      vertex 33.3545 24.2335 55.8981
      vertex 32.8343 21.5305 61.6275
      vertex 32.5886 21.8576 61.7466
    endloop
  endfacet
  facet normal -0.811023 -0.497235 -0.308221
    outer loop
      vertex 33.3545 24.2335 55.8981
      vertex 33.0833 21.2122 61.4858
      vertex 32.8343 21.5305 61.6275
    endloop
  endfacet
  facet normal -0.811269 -0.496928 -0.308067
    outer loop
      vertex 33.3545 24.2335 55.8981
      vertex 33.334 20.9044 61.3221
      vertex 33.0833 21.2122 61.4858
    endloop
  endfacet
  facet normal -0.811137 -0.497085 -0.308162
    outer loop
      vertex 33.3545 24.2335 55.8981
      vertex 33.585 20.6092 61.1376
      vertex 33.334 20.9044 61.3221
    endloop
  endfacet
  facet normal -0.811163 -0.497055 -0.308141
    outer loop
      vertex 33.3545 24.2335 55.8981
      vertex 33.8355 20.3273 60.9329
      vertex 33.585 20.6092 61.1376
    endloop
  endfacet
  facet normal -0.811097 -0.497125 -0.308201
    outer loop
      vertex 33.3545 24.2335 55.8981
      vertex 34.0842 20.0604 60.7089
      vertex 33.8355 20.3273 60.9329
    endloop
  endfacet
  facet normal -0.811193 -0.497029 -0.308103
    outer loop
      vertex 33.3545 24.2335 55.8981
      vertex 34.3296 19.8099 60.4669
      vertex 34.0842 20.0604 60.7089
    endloop
  endfacet
  facet normal -0.811056 -0.497158 -0.308257
    outer loop
      vertex 34.3296 19.8099 60.4669
      vertex 33.3545 24.2335 55.8981
      vertex 34.4428 19.7005 60.3455
    endloop
  endfacet
  facet normal -0.811126 -0.497074 -0.308207
    outer loop
      vertex 31.6912 23.025 62.2258
      vertex 32 22.6993 61.9384
      vertex 32 22.5211 62.2258
    endloop
  endfacet
  facet normal -0.751097 -0.641503 -0.155972
    outer loop
      vertex 29.8889 29.8889 49.3267
      vertex 33.3545 24.2335 55.8981
      vertex 29.1529 29.1529 55.8981
    endloop
  endfacet
  facet normal -0.723399 -0.617847 -0.308154
    outer loop
      vertex 29.1529 29.1529 55.8981
      vertex 33.3545 24.2335 55.8981
      vertex 27.6991 27.6991 62.2258
    endloop
  endfacet
  facet normal -0.641505 -0.751095 0.155974
    outer loop
      vertex 29.8889 29.8889 42.6733
      vertex 24.8453 34.1966 42.6733
      vertex 24.2335 33.3545 36.1019
    endloop
  endfacet
  facet normal -0.5161 -0.842207 0.155975
    outer loop
      vertex 24.2335 33.3545 36.1019
      vertex 24.8453 34.1966 42.6733
      vertex 19.1899 37.6622 42.6733
    endloop
  endfacet
  facet normal -0.378006 -0.912571 0.155967
    outer loop
      vertex 18.7173 36.7348 36.1019
      vertex 13.0619 40.2005 42.6733
      vertex 12.7403 39.2106 36.1019
    endloop
  endfacet
  facet normal -0.378 -0.912572 0.155973
    outer loop
      vertex 18.7173 36.7348 36.1019
      vertex 19.1899 37.6622 42.6733
      vertex 13.0619 40.2005 42.6733
    endloop
  endfacet
  facet normal -0.617847 -0.723399 0.308154
    outer loop
      vertex 27.6991 27.6991 29.7742
      vertex 29.1529 29.1529 36.1019
      vertex 24.2335 33.3545 36.1019
    endloop
  endfacet
  facet normal -0.641503 -0.751097 0.155972
    outer loop
      vertex 29.1529 29.1529 36.1019
      vertex 29.8889 29.8889 42.6733
      vertex 24.2335 33.3545 36.1019
    endloop
  endfacet
  facet normal -0.0774982 0.984718 -0.155965
    outer loop
      vertex 6.44956 -40.7209 55.8981
      vertex 6.61237 -41.7489 49.3267
      vertex 0 -42.2693 49.3267
    endloop
  endfacet
  facet normal 0.0699552 0.888825 -0.452875
    outer loop
      vertex -5.65541 -35.7069 68.1539
      vertex 0 -39.1725 62.2258
      vertex -6.12793 -38.6902 62.2258
    endloop
  endfacet
  facet normal 0.465842 0.76019 -0.452882
    outer loop
      vertex -21.2496 -29.2475 68.1539
      vertex -16.4126 -32.2116 68.1539
      vertex -23.025 -31.6912 62.2258
    endloop
  endfacet
  facet normal 0.579035 0.677956 -0.452874
    outer loop
      vertex -25.5633 -25.5633 68.1539
      vertex -23.025 -31.6912 62.2258
      vertex -27.6991 -27.6991 62.2258
    endloop
  endfacet
  facet normal 0.641505 0.751095 -0.155974
    outer loop
      vertex -24.2335 -33.3545 55.8981
      vertex -24.8453 -34.1966 49.3267
      vertex -29.8889 -29.8889 49.3267
    endloop
  endfacet
  facet normal 0.852642 0.522495 0
    outer loop
      vertex -34.1966 -24.8453 49.3267
      vertex -37.6622 -19.1899 42.6733
      vertex -37.6622 -19.1899 49.3267
    endloop
  endfacet
  facet normal 0.852642 0.522495 0
    outer loop
      vertex -37.6622 -19.1899 42.6733
      vertex -34.1966 -24.8453 49.3267
      vertex -34.1966 -24.8453 42.6733
    endloop
  endfacet
  facet normal 0.807417 -0.0635327 -0.586551
    outer loop
      vertex -32 5.0683 73.3196
      vertex -31.8443 5.04364 73.5366
      vertex -32 3.0649 73.5366
    endloop
  endfacet
  facet normal 0.572694 -0.137502 -0.808155
    outer loop
      vertex -21.0696 6.84594 82.1519
      vertex -21.8812 3.46564 82.1519
      vertex -27.1976 4.30767 78.2412
    endloop
  endfacet
  facet normal 0.587155 -0.0462013 -0.808155
    outer loop
      vertex -21.8812 3.46564 82.1519
      vertex -22.1539 0 82.1519
      vertex -27.1976 4.30767 78.2412
    endloop
  endfacet
  facet normal 0.5161 0.842207 0.155975
    outer loop
      vertex -19.1899 -37.6622 42.6733
      vertex -24.2335 -33.3545 36.1019
      vertex -24.8453 -34.1966 42.6733
    endloop
  endfacet
  facet normal 0.751095 0.641505 -0.155974
    outer loop
      vertex -33.3545 -24.2335 55.8981
      vertex -29.8889 -29.8889 49.3267
      vertex -34.1966 -24.8453 49.3267
    endloop
  endfacet
  facet normal 0.912515 0.378177 0.15588
    outer loop
      vertex -36.7348 -18.7173 36.1019
      vertex -36.8663 -18.4 36.1019
      vertex -36.9293 -18.4 36.4707
    endloop
  endfacet
  facet normal -0.654291 -0.271019 0.706011
    outer loop
      vertex 30.6632 9.96308 18.4634
      vertex 28.7271 14.6372 18.4634
      vertex 26.1889 8.50928 13.7588
    endloop
  endfacet
  facet normal -0.572695 -0.13749 0.808157
    outer loop
      vertex 27.1976 4.30767 13.7588
      vertex 26.1889 8.50928 13.7588
      vertex 21.0696 6.84594 9.84806
    endloop
  endfacet
  facet normal -0.370028 -0.60384 0.706014
    outer loop
      vertex 16.1856 22.2776 13.7588
      vertex 18.9509 26.0837 18.4634
      vertex 14.6372 28.7271 18.4634
    endloop
  endfacet
  facet normal -0.382512 -0.447856 0.808152
    outer loop
      vertex 19.4713 19.4713 13.7588
      vertex 16.1856 22.2776 13.7588
      vertex 13.0218 17.9229 9.84806
    endloop
  endfacet
  facet normal -0.60384 -0.370028 0.706014
    outer loop
      vertex 28.7271 14.6372 18.4634
      vertex 26.0837 18.9509 18.4634
      vertex 22.2776 16.1856 13.7588
    endloop
  endfacet
  facet normal -0.603839 -0.370036 0.706011
    outer loop
      vertex 24.5353 12.5014 13.7588
      vertex 28.7271 14.6372 18.4634
      vertex 22.2776 16.1856 13.7588
    endloop
  endfacet
  facet normal -0.308926 0.0243126 0.950775
    outer loop
      vertex 16.2258 0 6.82751
      vertex 9.89808 0 4.77151
      vertex 9.77622 -1.5484 4.77151
    endloop
  endfacet
  facet normal 0.30132 0.072343 0.950775
    outer loop
      vertex -15.4316 -5.01404 6.82751
      vertex -9.77622 -1.5484 4.77151
      vertex -16.026 -2.53827 6.82751
    endloop
  endfacet
  facet normal -0.459942 0.538514 0.706014
    outer loop
      vertex 18.9509 -26.0837 18.4634
      vertex 19.4713 -19.4713 13.7588
      vertex 16.1856 -22.2776 13.7588
    endloop
  endfacet
  facet normal -0.301322 -0.0723397 0.950775
    outer loop
      vertex 9.77622 1.5484 4.77151
      vertex 15.4316 5.01404 6.82751
      vertex 9.41364 3.05868 4.77151
    endloop
  endfacet
  facet normal 0.420465 0.174155 0.890437
    outer loop
      vertex -19.7393 -10.0577 9.84806
      vertex -14.4573 -7.36635 6.82751
      vertex -21.0696 -6.84594 9.84806
    endloop
  endfacet
  facet normal -0.13749 0.572695 0.808157
    outer loop
      vertex 8.50928 -26.1889 13.7588
      vertex 6.84594 -21.0696 9.84806
      vertex 4.30767 -27.1976 13.7588
    endloop
  endfacet
  facet normal -0.133784 0.0819834 0.987614
    outer loop
      vertex 8.00772 -5.81795 4.77151
      vertex 8.81926 -4.49364 4.77151
      vertex 2.69133 -1.95536 3.7307
    endloop
  endfacet
  facet normal -0.370036 0.603839 0.706011
    outer loop
      vertex 14.6372 -28.7271 18.4634
      vertex 16.1856 -22.2776 13.7588
      vertex 12.5014 -24.5353 13.7588
    endloop
  endfacet
  facet normal 0.0357134 0.453705 0.890436
    outer loop
      vertex 0 -22.1539 9.84806
      vertex 0 -16.2258 6.82751
      vertex -2.53827 -16.026 6.82751
    endloop
  endfacet
  facet normal -0.690541 0.423158 0.586592
    outer loop
      vertex 29.2475 -21.2496 23.8461
      vertex 28.7271 -14.6372 18.4634
      vertex 26.0837 -18.9509 18.4634
    endloop
  endfacet
  facet normal -0.690534 0.423163 0.586597
    outer loop
      vertex 29.2475 -21.2496 23.8461
      vertex 32 -16.3048 23.5192
      vertex 28.7271 -14.6372 18.4634
    endloop
  endfacet
  facet normal -0.690507 0.42315 0.586637
    outer loop
      vertex 32 -16.3048 23.5192
      vertex 29.2475 -21.2496 23.8461
      vertex 32 -16.758 23.8461
    endloop
  endfacet
  facet normal -0.587155 -0.0462073 0.808154
    outer loop
      vertex 27.5366 0 13.7588
      vertex 27.1976 4.30767 13.7588
      vertex 22.1539 0 9.84806
    endloop
  endfacet
  facet normal -0.842207 -0.5161 0.155975
    outer loop
      vertex 36.7348 18.7173 36.1019
      vertex 37.6622 19.1899 42.6733
      vertex 33.3545 24.2335 36.1019
    endloop
  endfacet
  facet normal -0.811133 -0.497079 0.308182
    outer loop
      vertex 31.6912 23.025 29.7742
      vertex 32 22.5211 29.7742
      vertex 32 22.7004 30.0634
    endloop
  endfacet
  facet normal -0.81113 -0.497101 0.308153
    outer loop
      vertex 32 22.7004 30.0634
      vertex 33.3545 24.2335 36.1019
      vertex 31.6912 23.025 29.7742
    endloop
  endfacet
  facet normal -0.811098 -0.497151 0.308158
    outer loop
      vertex 32.243 22.3412 30.1235
      vertex 33.3545 24.2335 36.1019
      vertex 32 22.7004 30.0634
    endloop
  endfacet
  facet normal -0.811203 -0.496996 0.308129
    outer loop
      vertex 32.4671 22.0244 30.2025
      vertex 33.3545 24.2335 36.1019
      vertex 32.243 22.3412 30.1235
    endloop
  endfacet
  facet normal -0.811213 -0.496984 0.308126
    outer loop
      vertex 32.711 21.693 30.3101
      vertex 33.3545 24.2335 36.1019
      vertex 32.4671 22.0244 30.2025
    endloop
  endfacet
  facet normal -0.811093 -0.497144 0.308183
    outer loop
      vertex 32.9585 21.3701 30.4406
      vertex 33.3545 24.2335 36.1019
      vertex 32.711 21.693 30.3101
    endloop
  endfacet
  facet normal -0.811192 -0.497018 0.308126
    outer loop
      vertex 33.2084 21.0569 30.5933
      vertex 33.3545 24.2335 36.1019
      vertex 32.9585 21.3701 30.4406
    endloop
  endfacet
  facet normal -0.811146 -0.497073 0.308157
    outer loop
      vertex 33.4595 20.7552 30.7676
      vertex 33.3545 24.2335 36.1019
      vertex 33.2084 21.0569 30.5933
    endloop
  endfacet
  facet normal -0.811128 -0.497094 0.308171
    outer loop
      vertex 33.7104 20.4665 30.9623
      vertex 33.3545 24.2335 36.1019
      vertex 33.4595 20.7552 30.7676
    endloop
  endfacet
  facet normal -0.811108 -0.497116 0.308188
    outer loop
      vertex 33.9601 20.192 31.1767
      vertex 33.3545 24.2335 36.1019
      vertex 33.7104 20.4665 30.9623
    endloop
  endfacet
  facet normal -0.811156 -0.497067 0.308141
    outer loop
      vertex 34.2074 19.933 31.4099
      vertex 33.3545 24.2335 36.1019
      vertex 33.9601 20.192 31.1767
    endloop
  endfacet
  facet normal -0.811125 -0.497097 0.308175
    outer loop
      vertex 33.3545 24.2335 36.1019
      vertex 34.2074 19.933 31.4099
      vertex 34.4433 19.6986 31.6527
    endloop
  endfacet
  facet normal -0.790117 0.539536 0.290888
    outer loop
      vertex 36.0328 -18.5235 33.9412
      vertex 36.2251 -18.4576 34.3413
      vertex 36.2192 -18.4588 34.3275
    endloop
  endfacet
  facet normal -0.811111 0.497089 0.308224
    outer loop
      vertex 33.3545 -24.2335 36.1019
      vertex 36.0328 -18.5235 33.9412
      vertex 35.864 -18.6025 33.6244
    endloop
  endfacet
  facet normal -0.81118 0.49706 0.308089
    outer loop
      vertex 33.3545 -24.2335 36.1019
      vertex 35.864 -18.6025 33.6244
      vertex 35.6722 -18.7101 33.293
    endloop
  endfacet
  facet normal -0.811207 0.497057 0.308021
    outer loop
      vertex 36.0328 -18.5235 33.9412
      vertex 33.3545 -24.2335 36.1019
      vertex 36.2251 -18.4576 34.3413
    endloop
  endfacet
  facet normal -0.811089 0.497106 0.308254
    outer loop
      vertex 33.3545 -24.2335 36.1019
      vertex 35.6722 -18.7101 33.293
      vertex 35.4695 -18.8406 32.9701
    endloop
  endfacet
  facet normal -0.811206 0.497038 0.308057
    outer loop
      vertex 33.3545 -24.2335 36.1019
      vertex 35.4695 -18.8406 32.9701
      vertex 35.257 -18.9933 32.6569
    endloop
  endfacet
  facet normal -0.811173 0.497059 0.308108
    outer loop
      vertex 33.3545 -24.2335 36.1019
      vertex 35.257 -18.9933 32.6569
      vertex 35.0356 -19.1676 32.3552
    endloop
  endfacet
  facet normal -0.811134 0.497087 0.308164
    outer loop
      vertex 33.3545 -24.2335 36.1019
      vertex 35.0356 -19.1676 32.3552
      vertex 34.8066 -19.3623 32.0665
    endloop
  endfacet
  facet normal -0.811111 0.497106 0.308195
    outer loop
      vertex 33.3545 -24.2335 36.1019
      vertex 34.8066 -19.3623 32.0665
      vertex 34.5709 -19.5767 31.792
    endloop
  endfacet
  facet normal -0.811149 0.497073 0.308149
    outer loop
      vertex 33.3545 -24.2335 36.1019
      vertex 34.5709 -19.5767 31.792
      vertex 34.4428 -19.7005 31.6545
    endloop
  endfacet
  facet normal -0.81115 0.497069 0.308152
    outer loop
      vertex 36.2251 -18.4576 34.3413
      vertex 33.3545 -24.2335 36.1019
      vertex 36.7348 -18.7173 36.1019
    endloop
  endfacet
  facet normal -0.912515 -0.378177 -0.15588
    outer loop
      vertex 36.9293 18.4 55.5293
      vertex 36.8663 18.4 55.8981
      vertex 36.7348 18.7173 55.8981
    endloop
  endfacet
  facet normal -0.878842 -0.364222 -0.308188
    outer loop
      vertex 36.8663 18.4 55.8981
      vertex 36.7598 18.4 56.2018
      vertex 36.7348 18.7173 55.8981
    endloop
  endfacet
  facet normal -0.690541 0.423158 -0.586592
    outer loop
      vertex 28.7271 -14.6372 73.5366
      vertex 29.2475 -21.2496 68.1539
      vertex 26.0837 -18.9509 73.5366
    endloop
  endfacet
  facet normal -0.30993 0.748232 -0.586593
    outer loop
      vertex 14.6372 -28.7271 73.5366
      vertex 11.1716 -34.3825 68.1539
      vertex 9.96308 -30.6632 73.5366
    endloop
  endfacet
  facet normal -0.787494 0.189078 -0.586603
    outer loop
      vertex 32 -8.82136 72.11
      vertex 32 -10.3974 71.602
      vertex 30.6632 -9.96308 73.5366
    endloop
  endfacet
  facet normal -0.690507 0.42315 -0.586637
    outer loop
      vertex 29.2475 -21.2496 68.1539
      vertex 32 -16.3048 68.4808
      vertex 32 -16.758 68.1539
    endloop
  endfacet
  facet normal -0.690534 0.423163 -0.586597
    outer loop
      vertex 32 -16.3048 68.4808
      vertex 29.2475 -21.2496 68.1539
      vertex 28.7271 -14.6372 73.5366
    endloop
  endfacet
  facet normal -0.878842 0.364222 -0.308188
    outer loop
      vertex 36.7598 -18.4 56.2018
      vertex 36.8663 -18.4 55.8981
      vertex 36.7348 -18.7173 55.8981
    endloop
  endfacet
  facet normal -0.912515 0.378177 -0.15588
    outer loop
      vertex 36.8663 -18.4 55.8981
      vertex 36.9293 -18.4 55.5293
      vertex 36.7348 -18.7173 55.8981
    endloop
  endfacet
  facet normal -0.706015 -0.0555647 -0.706014
    outer loop
      vertex 27.1976 4.30767 78.2412
      vertex 32 3.0649 73.5366
      vertex 32 0.206015 73.7616
    endloop
  endfacet
  facet normal -0.706014 -0.0555537 -0.706016
    outer loop
      vertex 32 3.0649 73.5366
      vertex 27.1976 4.30767 78.2412
      vertex 31.8443 5.04364 73.5366
    endloop
  endfacet
  facet normal -0.442534 -0.106251 -0.890435
    outer loop
      vertex 21.0696 6.84594 82.1519
      vertex 21.8812 3.46564 82.1519
      vertex 15.4316 5.01404 85.1725
    endloop
  endfacet
  facet normal -0.572694 -0.137502 -0.808155
    outer loop
      vertex 27.1976 4.30767 78.2412
      vertex 21.8812 3.46564 82.1519
      vertex 21.0696 6.84594 82.1519
    endloop
  endfacet
  facet normal -0.706016 -0.0555176 -0.706016
    outer loop
      vertex 27.5366 0 78.2412
      vertex 32 0.206015 73.7616
      vertex 32 0 73.7778
    endloop
  endfacet
  facet normal -0.706014 -0.055561 -0.706016
    outer loop
      vertex 32 0.206015 73.7616
      vertex 27.5366 0 78.2412
      vertex 27.1976 4.30767 78.2412
    endloop
  endfacet
  facet normal -0.308926 0.0243172 -0.950775
    outer loop
      vertex 16.2258 0 85.1725
      vertex 16.026 -2.53827 85.1725
      vertex 9.77622 -1.5484 87.2285
    endloop
  endfacet
  facet normal 0.2378 0.388038 -0.890437
    outer loop
      vertex -9.53727 -13.1269 85.1725
      vertex -7.36635 -14.4573 85.1725
      vertex -13.0218 -17.9229 82.1519
    endloop
  endfacet
  facet normal -0.706016 0.0555176 -0.706016
    outer loop
      vertex 32 -0.206015 73.7616
      vertex 27.5366 0 78.2412
      vertex 32 0 73.7778
    endloop
  endfacet
  facet normal -0.706014 0.055561 -0.706016
    outer loop
      vertex 27.5366 0 78.2412
      vertex 32 -0.206015 73.7616
      vertex 27.1976 -4.30767 78.2412
    endloop
  endfacet
  facet normal -0.308926 -0.0243172 -0.950775
    outer loop
      vertex 16.026 2.53827 85.1725
      vertex 16.2258 0 85.1725
      vertex 9.77622 1.5484 87.2285
    endloop
  endfacet
  facet normal -0.22209 0.925053 -0.308145
    outer loop
      vertex 12.105 -37.2553 62.2258
      vertex 12.7403 -39.2106 55.8981
      vertex 6.44956 -40.7209 55.8981
    endloop
  endfacet
  facet normal -0.522495 0.852642 0
    outer loop
      vertex 24.8453 -34.1966 42.6733
      vertex 19.1899 -37.6622 49.3267
      vertex 24.8453 -34.1966 49.3267
    endloop
  endfacet
  facet normal -0.522495 0.852642 0
    outer loop
      vertex 19.1899 -37.6622 49.3267
      vertex 24.8453 -34.1966 42.6733
      vertex 19.1899 -37.6622 42.6733
    endloop
  endfacet
  facet normal 0.544135 0.225389 -0.808156
    outer loop
      vertex -19.7393 -10.0577 82.1519
      vertex -24.5353 -12.5014 78.2412
      vertex -26.1889 -8.50928 78.2412
    endloop
  endfacet
  facet normal 0.286296 0.11858 -0.950775
    outer loop
      vertex -8.81926 -4.49364 87.2285
      vertex -14.4573 -7.36635 85.1725
      vertex -15.4316 -5.01404 85.1725
    endloop
  endfacet
  facet normal 0.34607 0.295574 -0.890433
    outer loop
      vertex -11.4734 -11.4734 85.1725
      vertex -15.6652 -15.6652 82.1519
      vertex -17.9229 -13.0218 82.1519
    endloop
  endfacet
  facet normal 0.572691 0.137489 -0.808159
    outer loop
      vertex -21.0696 -6.84594 82.1519
      vertex -26.1889 -8.50928 78.2412
      vertex -27.1976 -4.30767 78.2412
    endloop
  endfacet
  facet normal -0.307738 0.502178 -0.808155
    outer loop
      vertex 13.0218 -17.9229 82.1519
      vertex 16.1856 -22.2776 78.2412
      vertex 12.5014 -24.5353 78.2412
    endloop
  endfacet
  facet normal 0.235633 0.201251 -0.950776
    outer loop
      vertex -8.00772 -5.81795 87.2285
      vertex -6.999 -6.999 87.2285
      vertex -11.4734 -11.4734 85.1725
    endloop
  endfacet
  facet normal -0.382509 0.447853 -0.808155
    outer loop
      vertex 19.4713 -19.4713 78.2412
      vertex 16.1856 -22.2776 78.2412
      vertex 13.0218 -17.9229 82.1519
    endloop
  endfacet
  facet normal 0.0366281 0.15257 -0.987614
    outer loop
      vertex -1.028 -3.16385 88.2693
      vertex -1.5484 -9.77622 87.2285
      vertex -3.05868 -9.41364 87.2285
    endloop
  endfacet
  facet normal -0.641505 0.751095 0.155974
    outer loop
      vertex 24.8453 -34.1966 42.6733
      vertex 29.8889 -29.8889 42.6733
      vertex 24.2335 -33.3545 36.1019
    endloop
  endfacet
  facet normal -0.842207 0.5161 0.155975
    outer loop
      vertex 34.1966 -24.8453 42.6733
      vertex 37.6622 -19.1899 42.6733
      vertex 33.3545 -24.2335 36.1019
    endloop
  endfacet
  facet normal -0.878868 0.364198 0.308141
    outer loop
      vertex 36.7348 -18.7173 36.1019
      vertex 36.5182 -18.4 35.1091
      vertex 36.4379 -18.4095 34.8913
    endloop
  endfacet
  facet normal -0.878811 0.36432 0.308159
    outer loop
      vertex 36.7348 -18.7173 36.1019
      vertex 36.4379 -18.4095 34.8913
      vertex 36.2251 -18.4576 34.3413
    endloop
  endfacet
  facet normal -0.878879 0.364176 0.308137
    outer loop
      vertex 36.5182 -18.4 35.1091
      vertex 36.7348 -18.7173 36.1019
      vertex 36.7598 -18.4 35.7982
    endloop
  endfacet
  facet normal -0.641503 0.751097 0.155972
    outer loop
      vertex 29.8889 -29.8889 42.6733
      vertex 29.1529 -29.1529 36.1019
      vertex 24.2335 -33.3545 36.1019
    endloop
  endfacet
  facet normal -0.5161 0.842207 0.155975
    outer loop
      vertex 24.8453 -34.1966 42.6733
      vertex 24.2335 -33.3545 36.1019
      vertex 19.1899 -37.6622 42.6733
    endloop
  endfacet
  facet normal -0.811125 0.497097 -0.308175
    outer loop
      vertex 33.3545 -24.2335 55.8981
      vertex 34.2074 -19.933 60.5901
      vertex 34.4433 -19.6986 60.3473
    endloop
  endfacet
  facet normal -0.811156 0.497067 -0.308141
    outer loop
      vertex 34.2074 -19.933 60.5901
      vertex 33.3545 -24.2335 55.8981
      vertex 33.9601 -20.192 60.8233
    endloop
  endfacet
  facet normal -0.811108 0.497116 -0.308188
    outer loop
      vertex 33.9601 -20.192 60.8233
      vertex 33.3545 -24.2335 55.8981
      vertex 33.7104 -20.4665 61.0377
    endloop
  endfacet
  facet normal -0.811128 0.497094 -0.308171
    outer loop
      vertex 33.7104 -20.4665 61.0377
      vertex 33.3545 -24.2335 55.8981
      vertex 33.4595 -20.7552 61.2324
    endloop
  endfacet
  facet normal -0.811146 0.497073 -0.308157
    outer loop
      vertex 33.4595 -20.7552 61.2324
      vertex 33.3545 -24.2335 55.8981
      vertex 33.2084 -21.0569 61.4067
    endloop
  endfacet
  facet normal -0.811192 0.497018 -0.308126
    outer loop
      vertex 33.2084 -21.0569 61.4067
      vertex 33.3545 -24.2335 55.8981
      vertex 32.9585 -21.3701 61.5594
    endloop
  endfacet
  facet normal -0.811093 0.497144 -0.308183
    outer loop
      vertex 32.9585 -21.3701 61.5594
      vertex 33.3545 -24.2335 55.8981
      vertex 32.711 -21.693 61.6899
    endloop
  endfacet
  facet normal -0.811213 0.496984 -0.308126
    outer loop
      vertex 32.711 -21.693 61.6899
      vertex 33.3545 -24.2335 55.8981
      vertex 32.4671 -22.0244 61.7975
    endloop
  endfacet
  facet normal -0.811203 0.496996 -0.308129
    outer loop
      vertex 32.4671 -22.0244 61.7975
      vertex 33.3545 -24.2335 55.8981
      vertex 32.243 -22.3412 61.8765
    endloop
  endfacet
  facet normal -0.81113 0.497101 -0.308153
    outer loop
      vertex 32 -22.7004 61.9366
      vertex 33.3545 -24.2335 55.8981
      vertex 31.6912 -23.025 62.2258
    endloop
  endfacet
  facet normal -0.811098 0.497151 -0.308158
    outer loop
      vertex 32.243 -22.3412 61.8765
      vertex 33.3545 -24.2335 55.8981
      vertex 32 -22.7004 61.9366
    endloop
  endfacet
  facet normal -0.811133 0.497079 -0.308182
    outer loop
      vertex 32 -22.5211 62.2258
      vertex 32 -22.7004 61.9366
      vertex 31.6912 -23.025 62.2258
    endloop
  endfacet
  facet normal -0.723399 0.617848 -0.308153
    outer loop
      vertex 31.6912 -23.025 62.2258
      vertex 33.3545 -24.2335 55.8981
      vertex 27.6991 -27.6991 62.2258
    endloop
  endfacet
  facet normal 0.364077 0.878913 -0.308155
    outer loop
      vertex -17.7839 -34.9029 62.2258
      vertex -12.105 -37.2553 62.2258
      vertex -18.7173 -36.7348 55.8981
    endloop
  endfacet
  facet normal 0.189074 0.787502 -0.586593
    outer loop
      vertex -9.96308 -30.6632 73.5366
      vertex -5.65541 -35.7069 68.1539
      vertex -11.1716 -34.3825 68.1539
    endloop
  endfacet
  facet normal 0.525972 0.615842 -0.586593
    outer loop
      vertex -18.9509 -26.0837 73.5366
      vertex -21.2496 -29.2475 68.1539
      vertex -25.5633 -25.5633 68.1539
    endloop
  endfacet
  facet normal 0.370028 0.60384 -0.706014
    outer loop
      vertex -16.1856 -22.2776 78.2412
      vertex -14.6372 -28.7271 73.5366
      vertex -18.9509 -26.0837 73.5366
    endloop
  endfacet
  facet normal 0.677959 0.579024 -0.452882
    outer loop
      vertex -29.2475 -21.2496 68.1539
      vertex -25.5633 -25.5633 68.1539
      vertex -31.6912 -23.025 62.2258
    endloop
  endfacet
  facet normal 0.723399 0.617847 -0.308154
    outer loop
      vertex -27.6991 -27.6991 62.2258
      vertex -29.1529 -29.1529 55.8981
      vertex -33.3545 -24.2335 55.8981
    endloop
  endfacet
  facet normal 0.378006 0.912571 -0.155967
    outer loop
      vertex -12.7403 -39.2106 55.8981
      vertex -13.0619 -40.2005 49.3267
      vertex -18.7173 -36.7348 55.8981
    endloop
  endfacet
  facet normal 0.309929 0.748232 -0.586594
    outer loop
      vertex -14.6372 -28.7271 73.5366
      vertex -11.1716 -34.3825 68.1539
      vertex -16.4126 -32.2116 68.1539
    endloop
  endfacet
  facet normal -0.0746442 0.948402 -0.308158
    outer loop
      vertex 6.12793 -38.6902 62.2258
      vertex 6.44956 -40.7209 55.8981
      vertex 0 -39.1725 62.2258
    endloop
  endfacet
  facet normal -0.0699374 0.88882 -0.452889
    outer loop
      vertex 0 -36.1519 68.1539
      vertex 5.65541 -35.7069 68.1539
      vertex 0 -39.1725 62.2258
    endloop
  endfacet
  facet normal -0.341205 0.823699 0.452879
    outer loop
      vertex 17.7839 -34.9029 29.7742
      vertex 16.4126 -32.2116 23.8461
      vertex 12.105 -37.2553 29.7742
    endloop
  endfacet
  facet normal -0.174152 0.420465 0.890438
    outer loop
      vertex 6.84594 -21.0696 9.84806
      vertex 7.36635 -14.4573 6.82751
      vertex 5.01404 -15.4316 6.82751
    endloop
  endfacet
  facet normal -0.364068 0.878921 0.308145
    outer loop
      vertex 12.7403 -39.2106 36.1019
      vertex 18.7173 -36.7348 36.1019
      vertex 12.105 -37.2553 29.7742
    endloop
  endfacet
  facet normal -0.378006 0.912571 0.155967
    outer loop
      vertex 13.0619 -40.2005 42.6733
      vertex 18.7173 -36.7348 36.1019
      vertex 12.7403 -39.2106 36.1019
    endloop
  endfacet
  facet normal 0.442528 0.10625 0.890438
    outer loop
      vertex -21.0696 -6.84594 9.84806
      vertex -15.4316 -5.01404 6.82751
      vertex -21.8812 -3.46564 9.84806
    endloop
  endfacet
  facet normal 0.654291 0.271019 0.706011
    outer loop
      vertex -28.7271 -14.6372 18.4634
      vertex -26.1889 -8.50928 13.7588
      vertex -30.6632 -9.96308 18.4634
    endloop
  endfacet
  facet normal -0.0774982 -0.984718 -0.155965
    outer loop
      vertex 6.61237 41.7489 49.3267
      vertex 6.44956 40.7209 55.8981
      vertex 0 42.2693 49.3267
    endloop
  endfacet
  facet normal 0.237795 -0.388046 -0.890435
    outer loop
      vertex -10.0577 19.7393 82.1519
      vertex -7.36635 14.4573 85.1725
      vertex -13.0218 17.9229 82.1519
    endloop
  endfacet
  facet normal 0.572691 -0.137489 -0.808159
    outer loop
      vertex -26.1889 8.50928 78.2412
      vertex -21.0696 6.84594 82.1519
      vertex -27.1976 4.30767 78.2412
    endloop
  endfacet
  facet normal -0.364077 -0.878913 -0.308155
    outer loop
      vertex 18.7173 36.7348 55.8981
      vertex 17.7839 34.9029 62.2258
      vertex 12.105 37.2553 62.2258
    endloop
  endfacet
  facet normal -0.341205 -0.823699 -0.452879
    outer loop
      vertex 17.7839 34.9029 62.2258
      vertex 16.4126 32.2116 68.1539
      vertex 12.105 37.2553 62.2258
    endloop
  endfacet
  facet normal 0.30993 -0.748232 0.586593
    outer loop
      vertex -9.96308 30.6632 18.4634
      vertex -11.1716 34.3825 23.8461
      vertex -14.6372 28.7271 18.4634
    endloop
  endfacet
  facet normal 0.5161 -0.842207 0.155975
    outer loop
      vertex -18.7173 36.7348 36.1019
      vertex -19.1899 37.6622 42.6733
      vertex -24.2335 33.3545 36.1019
    endloop
  endfacet
  facet normal 0.842207 -0.5161 0.155975
    outer loop
      vertex -36.7348 18.7173 36.1019
      vertex -33.3545 24.2335 36.1019
      vertex -37.6622 19.1899 42.6733
    endloop
  endfacet
  facet normal 0.852642 -0.522495 0
    outer loop
      vertex -37.6622 19.1899 49.3267
      vertex -34.1966 24.8453 42.6733
      vertex -34.1966 24.8453 49.3267
    endloop
  endfacet
  facet normal 0.852642 -0.522495 0
    outer loop
      vertex -34.1966 24.8453 42.6733
      vertex -37.6622 19.1899 49.3267
      vertex -37.6622 19.1899 42.6733
    endloop
  endfacet
  facet normal 0.748225 -0.309939 0.586598
    outer loop
      vertex -28.7271 14.6372 18.4634
      vertex -32 16.3048 23.5192
      vertex -32 12.6316 21.5784
    endloop
  endfacet
  facet normal 0.807417 -0.0635327 0.586551
    outer loop
      vertex -31.8443 5.04364 18.4634
      vertex -32 5.0683 18.6804
      vertex -32 3.0649 18.4634
    endloop
  endfacet
  facet normal 0.688627 -0.165331 0.706016
    outer loop
      vertex -27.1976 4.30767 13.7588
      vertex -30.6632 9.96308 18.4634
      vertex -31.8443 5.04364 18.4634
    endloop
  endfacet
  facet normal 0.572698 0.137503 0.808152
    outer loop
      vertex -21.0696 -6.84594 9.84806
      vertex -21.8812 -3.46564 9.84806
      vertex -27.1976 -4.30767 13.7588
    endloop
  endfacet
  facet normal 0.453701 -0.0357002 0.890439
    outer loop
      vertex -16.026 2.53827 6.82751
      vertex -21.8812 3.46564 9.84806
      vertex -22.1539 0 9.84806
    endloop
  endfacet
  facet normal 0.706016 -0.0555176 0.706016
    outer loop
      vertex -27.5366 0 13.7588
      vertex -32 0.206015 18.2384
      vertex -32 0 18.2222
    endloop
  endfacet
  facet normal 0.706014 -0.055561 0.706016
    outer loop
      vertex -32 0.206015 18.2384
      vertex -27.5366 0 13.7588
      vertex -27.1976 4.30767 13.7588
    endloop
  endfacet
  facet normal 0.706014 -0.0555537 0.706016
    outer loop
      vertex -32 3.0649 18.4634
      vertex -27.1976 4.30767 13.7588
      vertex -31.8443 5.04364 18.4634
    endloop
  endfacet
  facet normal 0.706015 -0.0555647 0.706014
    outer loop
      vertex -27.1976 4.30767 13.7588
      vertex -32 3.0649 18.4634
      vertex -32 0.206015 18.2384
    endloop
  endfacet
  facet normal 0.382512 -0.447856 0.808152
    outer loop
      vertex -13.0218 17.9229 9.84806
      vertex -16.1856 22.2776 13.7588
      vertex -19.4713 19.4713 13.7588
    endloop
  endfacet
  facet normal 0.29557 -0.346065 0.890436
    outer loop
      vertex -11.4734 11.4734 6.82751
      vertex -13.0218 17.9229 9.84806
      vertex -15.6652 15.6652 9.84806
    endloop
  endfacet
  facet normal 0.0699552 -0.888825 0.452875
    outer loop
      vertex -5.65541 35.7069 23.8461
      vertex 0 39.1725 29.7742
      vertex -6.12793 38.6902 29.7742
    endloop
  endfacet
  facet normal 0.230592 -0.960469 0.155968
    outer loop
      vertex -12.7403 39.2106 36.1019
      vertex -6.44956 40.7209 36.1019
      vertex -13.0619 40.2005 42.6733
    endloop
  endfacet
  facet normal 0.842207 -0.5161 0.155975
    outer loop
      vertex -33.3545 24.2335 36.1019
      vertex -34.1966 24.8453 42.6733
      vertex -37.6622 19.1899 42.6733
    endloop
  endfacet
  facet normal 0.878842 -0.364222 -0.308188
    outer loop
      vertex -36.7348 18.7173 55.8981
      vertex -36.7598 18.4 56.2018
      vertex -36.8663 18.4 55.8981
    endloop
  endfacet
  facet normal 0.0699374 -0.88882 0.452889
    outer loop
      vertex 0 36.1519 23.8461
      vertex 0 39.1725 29.7742
      vertex -5.65541 35.7069 23.8461
    endloop
  endfacet
  facet normal -0.0699374 -0.88882 0.452889
    outer loop
      vertex 5.65541 35.7069 23.8461
      vertex 0 39.1725 29.7742
      vertex 0 36.1519 23.8461
    endloop
  endfacet
  facet normal 0.615842 -0.525972 0.586593
    outer loop
      vertex -26.0837 18.9509 18.4634
      vertex -25.5633 25.5633 23.8461
      vertex -29.2475 21.2496 23.8461
    endloop
  endfacet
  facet normal 0.617848 -0.723399 0.308153
    outer loop
      vertex -23.025 31.6912 29.7742
      vertex -24.2335 33.3545 36.1019
      vertex -27.6991 27.6991 29.7742
    endloop
  endfacet
  facet normal 0.459942 -0.538514 0.706014
    outer loop
      vertex -16.1856 22.2776 13.7588
      vertex -18.9509 26.0837 18.4634
      vertex -19.4713 19.4713 13.7588
    endloop
  endfacet
  facet normal 0.465842 -0.76019 0.452882
    outer loop
      vertex -21.2496 29.2475 23.8461
      vertex -16.4126 32.2116 23.8461
      vertex -23.025 31.6912 29.7742
    endloop
  endfacet
  facet normal 0.370036 -0.603839 0.706011
    outer loop
      vertex -12.5014 24.5353 13.7588
      vertex -14.6372 28.7271 18.4634
      vertex -16.1856 22.2776 13.7588
    endloop
  endfacet
  facet normal 0.30774 -0.502181 0.808153
    outer loop
      vertex -13.0218 17.9229 9.84806
      vertex -12.5014 24.5353 13.7588
      vertex -16.1856 22.2776 13.7588
    endloop
  endfacet
  facet normal -0.0746442 -0.948402 0.308158
    outer loop
      vertex 6.12793 38.6902 29.7742
      vertex 6.44956 40.7209 36.1019
      vertex 0 39.1725 29.7742
    endloop
  endfacet
  facet normal -0.222075 -0.925052 0.308158
    outer loop
      vertex 12.105 37.2553 29.7742
      vertex 6.44956 40.7209 36.1019
      vertex 6.12793 38.6902 29.7742
    endloop
  endfacet
  facet normal 0.615841 0.525973 -0.586594
    outer loop
      vertex -22.798 -22.798 73.5366
      vertex -25.5633 -25.5633 68.1539
      vertex -26.0837 -18.9509 73.5366
    endloop
  endfacet
  facet normal 0.76018 0.465853 -0.452888
    outer loop
      vertex -32 -19.1015 65.7433
      vertex -31.6912 -23.025 62.2258
      vertex -32 -22.5211 62.2258
    endloop
  endfacet
  facet normal 0.787494 0.189078 -0.586603
    outer loop
      vertex -32 -8.82136 72.11
      vertex -30.6632 -9.96308 73.5366
      vertex -32 -10.3974 71.602
    endloop
  endfacet
  facet normal 0.654292 0.271018 -0.706011
    outer loop
      vertex -26.1889 -8.50928 78.2412
      vertex -24.5353 -12.5014 78.2412
      vertex -28.7271 -14.6372 73.5366
    endloop
  endfacet
  facet normal 0.0366281 -0.15257 -0.987614
    outer loop
      vertex -1.5484 9.77622 87.2285
      vertex -1.028 3.16385 88.2693
      vertex -3.05868 9.41364 87.2285
    endloop
  endfacet
  facet normal -0.382509 -0.447855 -0.808154
    outer loop
      vertex 19.4713 19.4713 78.2412
      vertex 15.6652 15.6652 82.1519
      vertex 13.0218 17.9229 82.1519
    endloop
  endfacet
  facet normal 0.46584 -0.760193 -0.452879
    outer loop
      vertex -17.7839 34.9029 62.2258
      vertex -16.4126 32.2116 68.1539
      vertex -23.025 31.6912 62.2258
    endloop
  endfacet
  facet normal -0.133783 -0.0819826 -0.987614
    outer loop
      vertex 8.00772 5.81795 87.2285
      vertex 8.81926 4.49364 87.2285
      vertex 2.69133 1.95536 88.2693
    endloop
  endfacet
  facet normal -0.15257 -0.0366281 -0.987614
    outer loop
      vertex 9.41364 3.05868 87.2285
      vertex 9.77622 1.5484 87.2285
      vertex 3.16385 1.028 88.2693
    endloop
  endfacet
  facet normal -0.447855 -0.382509 -0.808154
    outer loop
      vertex 19.4713 19.4713 78.2412
      vertex 17.9229 13.0218 82.1519
      vertex 15.6652 15.6652 82.1519
    endloop
  endfacet
  facet normal -0.225389 -0.544135 -0.808156
    outer loop
      vertex 12.5014 24.5353 78.2412
      vertex 10.0577 19.7393 82.1519
      vertex 8.50928 26.1889 78.2412
    endloop
  endfacet
  facet normal -0.165331 -0.688627 0.706016
    outer loop
      vertex 9.96308 30.6632 18.4634
      vertex 5.04364 31.8443 18.4634
      vertex 4.30767 27.1976 13.7588
    endloop
  endfacet
  facet normal -0.0555584 -0.706013 0.706016
    outer loop
      vertex 4.30767 27.1976 13.7588
      vertex 5.04364 31.8443 18.4634
      vertex 0 32.2412 18.4634
    endloop
  endfacet
  facet normal -0.46584 -0.760193 0.452879
    outer loop
      vertex 23.025 31.6912 29.7742
      vertex 17.7839 34.9029 29.7742
      vertex 16.4126 32.2116 23.8461
    endloop
  endfacet
  facet normal -0.341205 -0.823699 0.452879
    outer loop
      vertex 16.4126 32.2116 23.8461
      vertex 17.7839 34.9029 29.7742
      vertex 12.105 37.2553 29.7742
    endloop
  endfacet
  facet normal -0.579024 -0.677959 0.452882
    outer loop
      vertex 25.5633 25.5633 23.8461
      vertex 23.025 31.6912 29.7742
      vertex 21.2496 29.2475 23.8461
    endloop
  endfacet
  facet normal -0.423158 -0.690541 0.586592
    outer loop
      vertex 18.9509 26.0837 18.4634
      vertex 21.2496 29.2475 23.8461
      vertex 14.6372 28.7271 18.4634
    endloop
  endfacet
  facet normal -0.189074 -0.787502 0.586593
    outer loop
      vertex 9.96308 30.6632 18.4634
      vertex 11.1716 34.3825 23.8461
      vertex 5.65541 35.7069 23.8461
    endloop
  endfacet
  facet normal -0.208144 -0.866928 0.452893
    outer loop
      vertex 11.1716 34.3825 23.8461
      vertex 12.105 37.2553 29.7742
      vertex 5.65541 35.7069 23.8461
    endloop
  endfacet
  facet normal -0.271018 -0.654292 0.706011
    outer loop
      vertex 12.5014 24.5353 13.7588
      vertex 14.6372 28.7271 18.4634
      vertex 8.50928 26.1889 13.7588
    endloop
  endfacet
  facet normal -0.174155 -0.420465 0.890437
    outer loop
      vertex 7.36635 14.4573 6.82751
      vertex 10.0577 19.7393 9.84806
      vertex 6.84594 21.0696 9.84806
    endloop
  endfacet
  facet normal 0.165323 -0.688634 0.706011
    outer loop
      vertex -8.50928 26.1889 13.7588
      vertex -4.30767 27.1976 13.7588
      vertex -9.96308 30.6632 18.4634
    endloop
  endfacet
  facet normal -0.106245 -0.442527 0.890439
    outer loop
      vertex 5.01404 15.4316 6.82751
      vertex 3.46564 21.8812 9.84806
      vertex 2.53827 16.026 6.82751
    endloop
  endfacet
  facet normal -0.388041 -0.237791 0.890438
    outer loop
      vertex 19.7393 10.0577 9.84806
      vertex 17.9229 13.0218 9.84806
      vertex 14.4573 7.36635 6.82751
    endloop
  endfacet
  facet normal -0.29557 -0.346065 0.890436
    outer loop
      vertex 15.6652 15.6652 9.84806
      vertex 13.0218 17.9229 9.84806
      vertex 11.4734 11.4734 6.82751
    endloop
  endfacet
  facet normal -0.144961 -0.0600472 0.987614
    outer loop
      vertex 3.16385 1.028 3.7307
      vertex 8.81926 4.49364 4.77151
      vertex 2.96408 1.51027 3.7307
    endloop
  endfacet
  facet normal -0.420471 -0.174154 -0.890435
    outer loop
      vertex 21.0696 6.84594 82.1519
      vertex 15.4316 5.01404 85.1725
      vertex 14.4573 7.36635 85.1725
    endloop
  endfacet
  facet normal -0.420471 -0.174158 -0.890434
    outer loop
      vertex 19.7393 10.0577 82.1519
      vertex 21.0696 6.84594 82.1519
      vertex 14.4573 7.36635 85.1725
    endloop
  endfacet
  facet normal -0.388038 0.2378 -0.890437
    outer loop
      vertex 14.4573 -7.36635 85.1725
      vertex 17.9229 -13.0218 82.1519
      vertex 13.1269 -9.53727 85.1725
    endloop
  endfacet
  facet normal -0.677956 -0.579035 -0.452874
    outer loop
      vertex 27.6991 27.6991 62.2258
      vertex 31.6912 23.025 62.2258
      vertex 25.5633 25.5633 68.1539
    endloop
  endfacet
  facet normal -0.677959 -0.579024 -0.452882
    outer loop
      vertex 31.6912 23.025 62.2258
      vertex 29.2475 21.2496 68.1539
      vertex 25.5633 25.5633 68.1539
    endloop
  endfacet
  facet normal -0.5161 -0.842207 -0.155975
    outer loop
      vertex 24.8453 34.1966 49.3267
      vertex 24.2335 33.3545 55.8981
      vertex 19.1899 37.6622 49.3267
    endloop
  endfacet
  facet normal -0.46584 -0.760193 -0.452879
    outer loop
      vertex 17.7839 34.9029 62.2258
      vertex 23.025 31.6912 62.2258
      vertex 16.4126 32.2116 68.1539
    endloop
  endfacet
  facet normal 0.459932 -0.538516 -0.706019
    outer loop
      vertex -18.9509 26.0837 73.5366
      vertex -19.4713 19.4713 78.2412
      vertex -22.798 22.798 73.5366
    endloop
  endfacet
  facet normal -0.0784584 -0.996917 0
    outer loop
      vertex 0 42.2693 42.6733
      vertex 6.61237 41.7489 49.3267
      vertex 0 42.2693 49.3267
    endloop
  endfacet
  facet normal -0.0784584 -0.996917 -0
    outer loop
      vertex 6.61237 41.7489 49.3267
      vertex 0 42.2693 42.6733
      vertex 6.61237 41.7489 42.6733
    endloop
  endfacet
  facet normal 0.0774982 -0.984718 -0.155965
    outer loop
      vertex 0 42.2693 49.3267
      vertex -6.44956 40.7209 55.8981
      vertex -6.61237 41.7489 49.3267
    endloop
  endfacet
  facet normal -0.364068 -0.878921 -0.308145
    outer loop
      vertex 12.7403 39.2106 55.8981
      vertex 18.7173 36.7348 55.8981
      vertex 12.105 37.2553 62.2258
    endloop
  endfacet
  facet normal 0.133783 -0.0819826 -0.987614
    outer loop
      vertex -8.00772 5.81795 87.2285
      vertex -2.69133 1.95536 88.2693
      vertex -8.81926 4.49364 87.2285
    endloop
  endfacet
  facet normal 0.615842 -0.525972 -0.586593
    outer loop
      vertex -25.5633 25.5633 68.1539
      vertex -26.0837 18.9509 73.5366
      vertex -29.2475 21.2496 68.1539
    endloop
  endfacet
  facet normal -0.0774903 -0.984719 -0.155958
    outer loop
      vertex 3.1512 41.2016 54.5018
      vertex 6.44956 40.7209 55.8981
      vertex 3.65896 40.9405 55.8981
    endloop
  endfacet
  facet normal -0.0775333 -0.984732 -0.15586
    outer loop
      vertex 3.06406 41.2464 54.2621
      vertex 6.44956 40.7209 55.8981
      vertex 3.1512 41.2016 54.5018
    endloop
  endfacet
  facet normal -0.0772879 -0.984673 -0.156349
    outer loop
      vertex 2.65872 41.3413 53.8648
      vertex 6.44956 40.7209 55.8981
      vertex 3.06406 41.2464 54.2621
    endloop
  endfacet
  facet normal -0.0773984 -0.984717 -0.15602
    outer loop
      vertex 0 42.2693 49.3267
      vertex 2.65872 41.3413 53.8648
      vertex 1.85712 41.4972 53.2785
    endloop
  endfacet
  facet normal -0.0775232 -0.984716 -0.155962
    outer loop
      vertex 0 42.2693 49.3267
      vertex 1.85712 41.4972 53.2785
      vertex 1.31585 41.6025 52.8827
    endloop
  endfacet
  facet normal -0.0774964 -0.984719 -0.155957
    outer loop
      vertex 0 42.2693 49.3267
      vertex 0.918533 41.6499 52.7812
      vertex 0 41.7401 52.6681
    endloop
  endfacet
  facet normal -0.077505 -0.984718 -0.155958
    outer loop
      vertex 2.65872 41.3413 53.8648
      vertex 0 42.2693 49.3267
      vertex 6.44956 40.7209 55.8981
    endloop
  endfacet
  facet normal -0.0773967 -0.984719 -0.156009
    outer loop
      vertex 0.975785 41.6442 52.7882
      vertex 0 42.2693 49.3267
      vertex 1.31585 41.6025 52.8827
    endloop
  endfacet
  facet normal -0.0790153 -0.984664 -0.155543
    outer loop
      vertex 0.918533 41.6499 52.7812
      vertex 0 42.2693 49.3267
      vertex 0.975785 41.6442 52.7882
    endloop
  endfacet
  facet normal -0.748225 -0.309939 0.586598
    outer loop
      vertex 32 12.6316 21.5784
      vertex 32 16.3048 23.5192
      vertex 28.7271 14.6372 18.4634
    endloop
  endfacet
  facet normal -0.760185 -0.465849 0.452883
    outer loop
      vertex 29.2475 21.2496 23.8461
      vertex 32 19.1015 26.2567
      vertex 31.6912 23.025 29.7742
    endloop
  endfacet
  facet normal -0.760185 -0.46585 0.452882
    outer loop
      vertex 32 19.1015 26.2567
      vertex 29.2475 21.2496 23.8461
      vertex 32 16.758 23.8461
    endloop
  endfacet
  facet normal -0.760185 -0.465849 -0.452883
    outer loop
      vertex 32 19.1015 65.7433
      vertex 29.2475 21.2496 68.1539
      vertex 31.6912 23.025 62.2258
    endloop
  endfacet
  facet normal -0.760185 -0.46585 -0.452882
    outer loop
      vertex 29.2475 21.2496 68.1539
      vertex 32 19.1015 65.7433
      vertex 32 16.758 68.1539
    endloop
  endfacet
  facet normal -0.690507 -0.42315 -0.586637
    outer loop
      vertex 32 16.3048 68.4808
      vertex 29.2475 21.2496 68.1539
      vertex 32 16.758 68.1539
    endloop
  endfacet
  facet normal -0.690534 -0.423163 -0.586597
    outer loop
      vertex 29.2475 21.2496 68.1539
      vertex 32 16.3048 68.4808
      vertex 28.7271 14.6372 73.5366
    endloop
  endfacet
  facet normal 0.723399 0.617848 -0.308153
    outer loop
      vertex -31.6912 -23.025 62.2258
      vertex -27.6991 -27.6991 62.2258
      vertex -33.3545 -24.2335 55.8981
    endloop
  endfacet
  facet normal 0.677956 0.579035 -0.452874
    outer loop
      vertex -25.5633 -25.5633 68.1539
      vertex -27.6991 -27.6991 62.2258
      vertex -31.6912 -23.025 62.2258
    endloop
  endfacet
  facet normal 0.459932 0.538516 0.706019
    outer loop
      vertex -18.9509 -26.0837 18.4634
      vertex -19.4713 -19.4713 13.7588
      vertex -22.798 -22.798 18.4634
    endloop
  endfacet
  facet normal -0.0635298 0.807387 0.586592
    outer loop
      vertex 5.65541 -35.7069 23.8461
      vertex 0 -32.2412 18.4634
      vertex 0 -36.1519 23.8461
    endloop
  endfacet
  facet normal 0.286296 -0.11858 -0.950775
    outer loop
      vertex -14.4573 7.36635 85.1725
      vertex -8.81926 4.49364 87.2285
      vertex -15.4316 5.01404 85.1725
    endloop
  endfacet
  facet normal 0.308926 -0.0243172 -0.950775
    outer loop
      vertex -16.026 2.53827 85.1725
      vertex -9.77622 1.5484 87.2285
      vertex -16.2258 0 85.1725
    endloop
  endfacet
  facet normal 0.878842 0.364222 0.308188
    outer loop
      vertex -36.7348 -18.7173 36.1019
      vertex -36.7598 -18.4 35.7982
      vertex -36.8663 -18.4 36.1019
    endloop
  endfacet
  facet normal -0.748224 -0.309923 0.586607
    outer loop
      vertex 28.7271 14.6372 18.4634
      vertex 32 10.3974 20.398
      vertex 32 12.6316 21.5784
    endloop
  endfacet
  facet normal -0.748227 -0.309928 0.586601
    outer loop
      vertex 32 10.3974 20.398
      vertex 28.7271 14.6372 18.4634
      vertex 30.6632 9.96308 18.4634
    endloop
  endfacet
  facet normal -0.706014 -0.055561 0.706016
    outer loop
      vertex 27.5366 0 13.7588
      vertex 32 0.206015 18.2384
      vertex 27.1976 4.30767 13.7588
    endloop
  endfacet
  facet normal -0.706016 -0.0555176 0.706016
    outer loop
      vertex 32 0.206015 18.2384
      vertex 27.5366 0 13.7588
      vertex 32 0 18.2222
    endloop
  endfacet
  facet normal -0.787494 -0.189078 0.586603
    outer loop
      vertex 32 8.82136 19.89
      vertex 32 10.3974 20.398
      vertex 30.6632 9.96308 18.4634
    endloop
  endfacet
  facet normal -0.787492 -0.189068 0.586609
    outer loop
      vertex 31.8443 5.04364 18.4634
      vertex 32 8.82136 19.89
      vertex 30.6632 9.96308 18.4634
    endloop
  endfacet
  facet normal -0.78754 -0.189044 0.586552
    outer loop
      vertex 32 8.82136 19.89
      vertex 31.8443 5.04364 18.4634
      vertex 32 5.0683 18.6804
    endloop
  endfacet
  facet normal -0.447856 -0.382512 0.808152
    outer loop
      vertex 22.2776 16.1856 13.7588
      vertex 19.4713 19.4713 13.7588
      vertex 17.9229 13.0218 9.84806
    endloop
  endfacet
  facet normal -0.538514 -0.459942 0.706014
    outer loop
      vertex 22.2776 16.1856 13.7588
      vertex 26.0837 18.9509 18.4634
      vertex 19.4713 19.4713 13.7588
    endloop
  endfacet
  facet normal 0.118587 -0.286295 0.950775
    outer loop
      vertex -4.49364 8.81926 4.77151
      vertex -3.05868 9.41364 4.77151
      vertex -5.01404 15.4316 6.82751
    endloop
  endfacet
  facet normal 0.522495 0.852642 -0
    outer loop
      vertex -19.1899 -37.6622 42.6733
      vertex -24.8453 -34.1966 49.3267
      vertex -19.1899 -37.6622 49.3267
    endloop
  endfacet
  facet normal 0.522495 0.852642 0
    outer loop
      vertex -24.8453 -34.1966 49.3267
      vertex -19.1899 -37.6622 42.6733
      vertex -24.8453 -34.1966 42.6733
    endloop
  endfacet
  facet normal 0.649453 0.760402 -0
    outer loop
      vertex -24.8453 -34.1966 42.6733
      vertex -29.8889 -29.8889 49.3267
      vertex -24.8453 -34.1966 49.3267
    endloop
  endfacet
  facet normal 0.649453 0.760402 0
    outer loop
      vertex -29.8889 -29.8889 49.3267
      vertex -24.8453 -34.1966 42.6733
      vertex -29.8889 -29.8889 42.6733
    endloop
  endfacet
  facet normal 0.60384 0.370028 0.706014
    outer loop
      vertex -26.0837 -18.9509 18.4634
      vertex -22.2776 -16.1856 13.7588
      vertex -28.7271 -14.6372 18.4634
    endloop
  endfacet
  facet normal -0.271018 0.654292 0.706011
    outer loop
      vertex 14.6372 -28.7271 18.4634
      vertex 12.5014 -24.5353 13.7588
      vertex 8.50928 -26.1889 13.7588
    endloop
  endfacet
  facet normal 0.118587 0.286295 0.950775
    outer loop
      vertex -3.05868 -9.41364 4.77151
      vertex -4.49364 -8.81926 4.77151
      vertex -5.01404 -15.4316 6.82751
    endloop
  endfacet
  facet normal 0.0600454 0.144962 0.987614
    outer loop
      vertex -3.05868 -9.41364 4.77151
      vertex -1.028 -3.16385 3.7307
      vertex -4.49364 -8.81926 4.77151
    endloop
  endfacet
  facet normal -0.30132 0.072343 0.950775
    outer loop
      vertex 15.4316 -5.01404 6.82751
      vertex 16.026 -2.53827 6.82751
      vertex 9.77622 -1.5484 4.77151
    endloop
  endfacet
  facet normal -0.0723397 0.301322 0.950775
    outer loop
      vertex 5.01404 -15.4316 6.82751
      vertex 3.05868 -9.41364 4.77151
      vertex 1.5484 -9.77622 4.77151
    endloop
  endfacet
  facet normal -0.459932 0.538516 0.706019
    outer loop
      vertex 22.798 -22.798 18.4634
      vertex 19.4713 -19.4713 13.7588
      vertex 18.9509 -26.0837 18.4634
    endloop
  endfacet
  facet normal -0.101903 0.119312 0.987614
    outer loop
      vertex 5.81795 -8.00772 4.77151
      vertex 6.999 -6.999 4.77151
      vertex 1.95536 -2.69133 3.7307
    endloop
  endfacet
  facet normal -0.30993 0.748232 0.586593
    outer loop
      vertex 11.1716 -34.3825 23.8461
      vertex 14.6372 -28.7271 18.4634
      vertex 9.96308 -30.6632 18.4634
    endloop
  endfacet
  facet normal -0.072343 0.30132 0.950775
    outer loop
      vertex 2.53827 -16.026 6.82751
      vertex 5.01404 -15.4316 6.82751
      vertex 1.5484 -9.77622 4.77151
    endloop
  endfacet
  facet normal -0.165323 0.688634 0.706011
    outer loop
      vertex 9.96308 -30.6632 18.4634
      vertex 8.50928 -26.1889 13.7588
      vertex 4.30767 -27.1976 13.7588
    endloop
  endfacet
  facet normal -0.309929 0.748232 0.586594
    outer loop
      vertex 16.4126 -32.2116 23.8461
      vertex 14.6372 -28.7271 18.4634
      vertex 11.1716 -34.3825 23.8461
    endloop
  endfacet
  facet normal -0.22538 0.544138 0.808157
    outer loop
      vertex 8.50928 -26.1889 13.7588
      vertex 10.0577 -19.7393 9.84806
      vertex 6.84594 -21.0696 9.84806
    endloop
  endfacet
  facet normal -0.307737 0.502181 0.808153
    outer loop
      vertex 12.5014 -24.5353 13.7588
      vertex 13.0218 -17.9229 9.84806
      vertex 10.0577 -19.7393 9.84806
    endloop
  endfacet
  facet normal -0.382512 0.447856 0.808152
    outer loop
      vertex 16.1856 -22.2776 13.7588
      vertex 19.4713 -19.4713 13.7588
      vertex 13.0218 -17.9229 9.84806
    endloop
  endfacet
  facet normal -0.654292 0.271018 0.706011
    outer loop
      vertex 28.7271 -14.6372 18.4634
      vertex 26.1889 -8.50928 13.7588
      vertex 24.5353 -12.5014 13.7588
    endloop
  endfacet
  facet normal -0.677959 0.579024 0.452882
    outer loop
      vertex 31.6912 -23.025 29.7742
      vertex 29.2475 -21.2496 23.8461
      vertex 25.5633 -25.5633 23.8461
    endloop
  endfacet
  facet normal -0.615842 0.525972 0.586593
    outer loop
      vertex 29.2475 -21.2496 23.8461
      vertex 26.0837 -18.9509 18.4634
      vertex 25.5633 -25.5633 23.8461
    endloop
  endfacet
  facet normal -0.912538 -0.378082 0.155974
    outer loop
      vertex 36.9293 18.4 36.4707
      vertex 37.6622 19.1899 42.6733
      vertex 36.7348 18.7173 36.1019
    endloop
  endfacet
  facet normal -0.912568 -0.378013 0.155969
    outer loop
      vertex 37.6622 19.1899 42.6733
      vertex 36.9293 18.4 36.4707
      vertex 37.9894 18.4 42.6733
    endloop
  endfacet
  facet normal -0.748225 0.309939 0.586598
    outer loop
      vertex 32 -16.3048 23.5192
      vertex 32 -12.6316 21.5784
      vertex 28.7271 -14.6372 18.4634
    endloop
  endfacet
  facet normal -0.748227 0.309928 0.586601
    outer loop
      vertex 28.7271 -14.6372 18.4634
      vertex 32 -10.3974 20.398
      vertex 30.6632 -9.96308 18.4634
    endloop
  endfacet
  facet normal -0.748224 0.309923 0.586607
    outer loop
      vertex 32 -10.3974 20.398
      vertex 28.7271 -14.6372 18.4634
      vertex 32 -12.6316 21.5784
    endloop
  endfacet
  facet normal -0.677956 0.579035 -0.452874
    outer loop
      vertex 31.6912 -23.025 62.2258
      vertex 27.6991 -27.6991 62.2258
      vertex 25.5633 -25.5633 68.1539
    endloop
  endfacet
  facet normal -0.677959 0.579024 -0.452882
    outer loop
      vertex 29.2475 -21.2496 68.1539
      vertex 31.6912 -23.025 62.2258
      vertex 25.5633 -25.5633 68.1539
    endloop
  endfacet
  facet normal -0.615841 0.525973 -0.586594
    outer loop
      vertex 26.0837 -18.9509 73.5366
      vertex 25.5633 -25.5633 68.1539
      vertex 22.798 -22.798 73.5366
    endloop
  endfacet
  facet normal -0.615842 0.525972 -0.586593
    outer loop
      vertex 26.0837 -18.9509 73.5366
      vertex 29.2475 -21.2496 68.1539
      vertex 25.5633 -25.5633 68.1539
    endloop
  endfacet
  facet normal -0.748224 0.309923 -0.586607
    outer loop
      vertex 28.7271 -14.6372 73.5366
      vertex 32 -10.3974 71.602
      vertex 32 -12.6316 70.4216
    endloop
  endfacet
  facet normal -0.748227 0.309928 -0.586601
    outer loop
      vertex 32 -10.3974 71.602
      vertex 28.7271 -14.6372 73.5366
      vertex 30.6632 -9.96308 73.5366
    endloop
  endfacet
  facet normal -0.748225 0.309939 -0.586598
    outer loop
      vertex 32 -12.6316 70.4216
      vertex 32 -16.3048 68.4808
      vertex 28.7271 -14.6372 73.5366
    endloop
  endfacet
  facet normal -0.603839 0.370036 -0.706011
    outer loop
      vertex 24.5353 -12.5014 78.2412
      vertex 28.7271 -14.6372 73.5366
      vertex 22.2776 -16.1856 78.2412
    endloop
  endfacet
  facet normal -0.654292 0.271018 -0.706011
    outer loop
      vertex 26.1889 -8.50928 78.2412
      vertex 28.7271 -14.6372 73.5366
      vertex 24.5353 -12.5014 78.2412
    endloop
  endfacet
  facet normal -0.544135 -0.225379 -0.80816
    outer loop
      vertex 26.1889 8.50928 78.2412
      vertex 21.0696 6.84594 82.1519
      vertex 19.7393 10.0577 82.1519
    endloop
  endfacet
  facet normal -0.572691 -0.137489 -0.808159
    outer loop
      vertex 26.1889 8.50928 78.2412
      vertex 27.1976 4.30767 78.2412
      vertex 21.0696 6.84594 82.1519
    endloop
  endfacet
  facet normal -0.572691 0.137489 -0.808159
    outer loop
      vertex 27.1976 -4.30767 78.2412
      vertex 26.1889 -8.50928 78.2412
      vertex 21.0696 -6.84594 82.1519
    endloop
  endfacet
  facet normal -0.587151 -0.046207 -0.808157
    outer loop
      vertex 27.1976 4.30767 78.2412
      vertex 27.5366 0 78.2412
      vertex 22.1539 0 82.1519
    endloop
  endfacet
  facet normal -0.309929 0.748232 -0.586594
    outer loop
      vertex 14.6372 -28.7271 73.5366
      vertex 16.4126 -32.2116 68.1539
      vertex 11.1716 -34.3825 68.1539
    endloop
  endfacet
  facet normal -0.525973 0.615841 -0.586594
    outer loop
      vertex 22.798 -22.798 73.5366
      vertex 25.5633 -25.5633 68.1539
      vertex 18.9509 -26.0837 73.5366
    endloop
  endfacet
  facet normal 0.0357007 0.453707 -0.890436
    outer loop
      vertex -2.53827 -16.026 85.1725
      vertex 0 -22.1539 82.1519
      vertex -3.46564 -21.8812 82.1519
    endloop
  endfacet
  facet normal -0.525972 0.615842 -0.586593
    outer loop
      vertex 25.5633 -25.5633 68.1539
      vertex 21.2496 -29.2475 68.1539
      vertex 18.9509 -26.0837 73.5366
    endloop
  endfacet
  facet normal -0.447855 0.382509 -0.808154
    outer loop
      vertex 17.9229 -13.0218 82.1519
      vertex 19.4713 -19.4713 78.2412
      vertex 15.6652 -15.6652 82.1519
    endloop
  endfacet
  facet normal -0.447853 0.382509 -0.808155
    outer loop
      vertex 22.2776 -16.1856 78.2412
      vertex 19.4713 -19.4713 78.2412
      vertex 17.9229 -13.0218 82.1519
    endloop
  endfacet
  facet normal -0.654291 0.271019 -0.706011
    outer loop
      vertex 30.6632 -9.96308 73.5366
      vertex 28.7271 -14.6372 73.5366
      vertex 26.1889 -8.50928 78.2412
    endloop
  endfacet
  facet normal -0.587151 0.046207 -0.808157
    outer loop
      vertex 27.5366 0 78.2412
      vertex 27.1976 -4.30767 78.2412
      vertex 22.1539 0 82.1519
    endloop
  endfacet
  facet normal -0.5161 0.842207 -0.155975
    outer loop
      vertex 24.2335 -33.3545 55.8981
      vertex 19.1899 -37.6622 49.3267
      vertex 18.7173 -36.7348 55.8981
    endloop
  endfacet
  facet normal -0.617847 0.723399 -0.308154
    outer loop
      vertex 27.6991 -27.6991 62.2258
      vertex 29.1529 -29.1529 55.8981
      vertex 24.2335 -33.3545 55.8981
    endloop
  endfacet
  facet normal -0.641503 0.751097 -0.155972
    outer loop
      vertex 29.1529 -29.1529 55.8981
      vertex 29.8889 -29.8889 49.3267
      vertex 24.2335 -33.3545 55.8981
    endloop
  endfacet
  facet normal -0.230592 0.960469 -0.155968
    outer loop
      vertex 12.7403 -39.2106 55.8981
      vertex 13.0619 -40.2005 49.3267
      vertex 6.44956 -40.7209 55.8981
    endloop
  endfacet
  facet normal -0.378006 0.912571 -0.155967
    outer loop
      vertex 18.7173 -36.7348 55.8981
      vertex 13.0619 -40.2005 49.3267
      vertex 12.7403 -39.2106 55.8981
    endloop
  endfacet
  facet normal 0.301322 0.0723397 -0.950775
    outer loop
      vertex -9.77622 -1.5484 87.2285
      vertex -9.41364 -3.05868 87.2285
      vertex -15.4316 -5.01404 85.1725
    endloop
  endfacet
  facet normal 0.420471 0.174158 -0.890434
    outer loop
      vertex -14.4573 -7.36635 85.1725
      vertex -19.7393 -10.0577 82.1519
      vertex -21.0696 -6.84594 82.1519
    endloop
  endfacet
  facet normal 0.420471 0.174154 -0.890435
    outer loop
      vertex -15.4316 -5.01404 85.1725
      vertex -14.4573 -7.36635 85.1725
      vertex -21.0696 -6.84594 82.1519
    endloop
  endfacet
  facet normal 0.382509 0.447853 -0.808155
    outer loop
      vertex -13.0218 -17.9229 82.1519
      vertex -16.1856 -22.2776 78.2412
      vertex -19.4713 -19.4713 78.2412
    endloop
  endfacet
  facet normal 0.388046 0.237795 -0.890435
    outer loop
      vertex -14.4573 -7.36635 85.1725
      vertex -17.9229 -13.0218 82.1519
      vertex -19.7393 -10.0577 82.1519
    endloop
  endfacet
  facet normal -0.0819826 0.133783 -0.987614
    outer loop
      vertex 5.81795 -8.00772 87.2285
      vertex 4.49364 -8.81926 87.2285
      vertex 1.95536 -2.69133 88.2693
    endloop
  endfacet
  facet normal 0.165331 0.688627 -0.706016
    outer loop
      vertex -4.30767 -27.1976 78.2412
      vertex -5.04364 -31.8443 73.5366
      vertex -9.96308 -30.6632 73.5366
    endloop
  endfacet
  facet normal -0.15257 0.0366279 -0.987614
    outer loop
      vertex 3.28571 -0.520405 88.2693
      vertex 9.77622 -1.5484 87.2285
      vertex 3.16385 -1.028 88.2693
    endloop
  endfacet
  facet normal 0.0819826 0.133783 -0.987614
    outer loop
      vertex -1.95536 -2.69133 88.2693
      vertex -4.49364 -8.81926 87.2285
      vertex -5.81795 -8.00772 87.2285
    endloop
  endfacet
  facet normal -0.751095 0.641505 -0.155974
    outer loop
      vertex 33.3545 -24.2335 55.8981
      vertex 34.1966 -24.8453 49.3267
      vertex 29.8889 -29.8889 49.3267
    endloop
  endfacet
  facet normal -0.751097 0.641503 0.155972
    outer loop
      vertex 29.8889 -29.8889 42.6733
      vertex 33.3545 -24.2335 36.1019
      vertex 29.1529 -29.1529 36.1019
    endloop
  endfacet
  facet normal -0.751095 0.641505 0.155974
    outer loop
      vertex 34.1966 -24.8453 42.6733
      vertex 33.3545 -24.2335 36.1019
      vertex 29.8889 -29.8889 42.6733
    endloop
  endfacet
  facet normal 0.579024 0.677959 -0.452882
    outer loop
      vertex -21.2496 -29.2475 68.1539
      vertex -23.025 -31.6912 62.2258
      vertex -25.5633 -25.5633 68.1539
    endloop
  endfacet
  facet normal 0.341188 0.823699 -0.452892
    outer loop
      vertex -11.1716 -34.3825 68.1539
      vertex -12.105 -37.2553 62.2258
      vertex -16.4126 -32.2116 68.1539
    endloop
  endfacet
  facet normal 0.538514 0.459942 -0.706014
    outer loop
      vertex -22.2776 -16.1856 78.2412
      vertex -19.4713 -19.4713 78.2412
      vertex -26.0837 -18.9509 73.5366
    endloop
  endfacet
  facet normal 0.525973 0.615841 -0.586594
    outer loop
      vertex -22.798 -22.798 73.5366
      vertex -18.9509 -26.0837 73.5366
      vertex -25.5633 -25.5633 68.1539
    endloop
  endfacet
  facet normal 0.42316 0.690538 -0.586594
    outer loop
      vertex -14.6372 -28.7271 73.5366
      vertex -16.4126 -32.2116 68.1539
      vertex -21.2496 -29.2475 68.1539
    endloop
  endfacet
  facet normal 0.423158 0.690541 -0.586592
    outer loop
      vertex -18.9509 -26.0837 73.5366
      vertex -14.6372 -28.7271 73.5366
      vertex -21.2496 -29.2475 68.1539
    endloop
  endfacet
  facet normal 0.341205 0.823699 -0.452879
    outer loop
      vertex -16.4126 -32.2116 68.1539
      vertex -12.105 -37.2553 62.2258
      vertex -17.7839 -34.9029 62.2258
    endloop
  endfacet
  facet normal 0.46584 0.760193 -0.452879
    outer loop
      vertex -16.4126 -32.2116 68.1539
      vertex -17.7839 -34.9029 62.2258
      vertex -23.025 -31.6912 62.2258
    endloop
  endfacet
  facet normal 0.208144 0.866928 -0.452893
    outer loop
      vertex -11.1716 -34.3825 68.1539
      vertex -5.65541 -35.7069 68.1539
      vertex -12.105 -37.2553 62.2258
    endloop
  endfacet
  facet normal 0.208125 0.866942 -0.452875
    outer loop
      vertex -5.65541 -35.7069 68.1539
      vertex -6.12793 -38.6902 62.2258
      vertex -12.105 -37.2553 62.2258
    endloop
  endfacet
  facet normal 0.22209 0.925053 -0.308145
    outer loop
      vertex -12.105 -37.2553 62.2258
      vertex -6.44956 -40.7209 55.8981
      vertex -12.7403 -39.2106 55.8981
    endloop
  endfacet
  facet normal 0.230592 0.960469 -0.155968
    outer loop
      vertex -12.7403 -39.2106 55.8981
      vertex -6.44956 -40.7209 55.8981
      vertex -13.0619 -40.2005 49.3267
    endloop
  endfacet
  facet normal -0.0784584 0.996917 0
    outer loop
      vertex 6.61237 -41.7489 42.6733
      vertex 0 -42.2693 49.3267
      vertex 6.61237 -41.7489 49.3267
    endloop
  endfacet
  facet normal -0.0784584 0.996917 0
    outer loop
      vertex 0 -42.2693 49.3267
      vertex 6.61237 -41.7489 42.6733
      vertex 0 -42.2693 42.6733
    endloop
  endfacet
  facet normal -0.230589 0.960471 0.155965
    outer loop
      vertex 6.61237 -41.7489 42.6733
      vertex 13.0619 -40.2005 42.6733
      vertex 6.44956 -40.7209 36.1019
    endloop
  endfacet
  facet normal -0.233446 0.97237 0
    outer loop
      vertex 13.0619 -40.2005 42.6733
      vertex 6.61237 -41.7489 49.3267
      vertex 13.0619 -40.2005 49.3267
    endloop
  endfacet
  facet normal -0.233446 0.97237 0
    outer loop
      vertex 6.61237 -41.7489 49.3267
      vertex 13.0619 -40.2005 42.6733
      vertex 6.61237 -41.7489 42.6733
    endloop
  endfacet
  facet normal -0.189074 0.787502 -0.586593
    outer loop
      vertex 9.96308 -30.6632 73.5366
      vertex 11.1716 -34.3825 68.1539
      vertex 5.65541 -35.7069 68.1539
    endloop
  endfacet
  facet normal -0.208144 0.866928 -0.452893
    outer loop
      vertex 11.1716 -34.3825 68.1539
      vertex 12.105 -37.2553 62.2258
      vertex 5.65541 -35.7069 68.1539
    endloop
  endfacet
  facet normal -0.208125 0.866942 -0.452875
    outer loop
      vertex 12.105 -37.2553 62.2258
      vertex 6.12793 -38.6902 62.2258
      vertex 5.65541 -35.7069 68.1539
    endloop
  endfacet
  facet normal -0.0699552 0.888825 -0.452875
    outer loop
      vertex 5.65541 -35.7069 68.1539
      vertex 6.12793 -38.6902 62.2258
      vertex 0 -39.1725 62.2258
    endloop
  endfacet
  facet normal -0.0635356 0.807384 0.586596
    outer loop
      vertex 5.65541 -35.7069 23.8461
      vertex 5.04364 -31.8443 18.4634
      vertex 0 -32.2412 18.4634
    endloop
  endfacet
  facet normal -0.271019 0.654291 0.706011
    outer loop
      vertex 9.96308 -30.6632 18.4634
      vertex 14.6372 -28.7271 18.4634
      vertex 8.50928 -26.1889 13.7588
    endloop
  endfacet
  facet normal -0.579024 0.677959 0.452882
    outer loop
      vertex 23.025 -31.6912 29.7742
      vertex 25.5633 -25.5633 23.8461
      vertex 21.2496 -29.2475 23.8461
    endloop
  endfacet
  facet normal -0.465842 0.76019 0.452882
    outer loop
      vertex 23.025 -31.6912 29.7742
      vertex 21.2496 -29.2475 23.8461
      vertex 16.4126 -32.2116 23.8461
    endloop
  endfacet
  facet normal -0.364077 0.878913 0.308155
    outer loop
      vertex 18.7173 -36.7348 36.1019
      vertex 17.7839 -34.9029 29.7742
      vertex 12.105 -37.2553 29.7742
    endloop
  endfacet
  facet normal -0.497068 0.81115 0.308154
    outer loop
      vertex 18.7173 -36.7348 36.1019
      vertex 24.2335 -33.3545 36.1019
      vertex 17.7839 -34.9029 29.7742
    endloop
  endfacet
  facet normal 0.587155 0.0462073 0.808154
    outer loop
      vertex -27.1976 -4.30767 13.7588
      vertex -22.1539 0 9.84806
      vertex -27.5366 0 13.7588
    endloop
  endfacet
  facet normal 0.442527 0.106245 0.890439
    outer loop
      vertex -15.4316 -5.01404 6.82751
      vertex -16.026 -2.53827 6.82751
      vertex -21.8812 -3.46564 9.84806
    endloop
  endfacet
  facet normal 0.690541 0.423158 0.586592
    outer loop
      vertex -26.0837 -18.9509 18.4634
      vertex -28.7271 -14.6372 18.4634
      vertex -29.2475 -21.2496 23.8461
    endloop
  endfacet
  facet normal 0.544138 0.22538 0.808157
    outer loop
      vertex -19.7393 -10.0577 9.84806
      vertex -21.0696 -6.84594 9.84806
      vertex -26.1889 -8.50928 13.7588
    endloop
  endfacet
  facet normal 0.688627 0.165331 0.706016
    outer loop
      vertex -30.6632 -9.96308 18.4634
      vertex -27.1976 -4.30767 13.7588
      vertex -31.8443 -5.04364 18.4634
    endloop
  endfacet
  facet normal 0.688634 0.165323 0.706011
    outer loop
      vertex -26.1889 -8.50928 13.7588
      vertex -27.1976 -4.30767 13.7588
      vertex -30.6632 -9.96308 18.4634
    endloop
  endfacet
  facet normal 0.811149 -0.497073 -0.308149
    outer loop
      vertex -34.5709 19.5767 60.208
      vertex -33.3545 24.2335 55.8981
      vertex -34.4428 19.7005 60.3455
    endloop
  endfacet
  facet normal 0.811111 -0.497106 -0.308195
    outer loop
      vertex -34.8066 19.3623 59.9335
      vertex -33.3545 24.2335 55.8981
      vertex -34.5709 19.5767 60.208
    endloop
  endfacet
  facet normal 0.811134 -0.497087 -0.308164
    outer loop
      vertex -35.0356 19.1676 59.6448
      vertex -33.3545 24.2335 55.8981
      vertex -34.8066 19.3623 59.9335
    endloop
  endfacet
  facet normal 0.811173 -0.497059 -0.308108
    outer loop
      vertex -35.257 18.9933 59.3431
      vertex -33.3545 24.2335 55.8981
      vertex -35.0356 19.1676 59.6448
    endloop
  endfacet
  facet normal 0.811206 -0.497038 -0.308057
    outer loop
      vertex -35.4695 18.8406 59.0299
      vertex -33.3545 24.2335 55.8981
      vertex -35.257 18.9933 59.3431
    endloop
  endfacet
  facet normal 0.811089 -0.497106 -0.308254
    outer loop
      vertex -35.6722 18.7101 58.707
      vertex -33.3545 24.2335 55.8981
      vertex -35.4695 18.8406 59.0299
    endloop
  endfacet
  facet normal 0.81118 -0.49706 -0.308089
    outer loop
      vertex -35.864 18.6025 58.3756
      vertex -33.3545 24.2335 55.8981
      vertex -35.6722 18.7101 58.707
    endloop
  endfacet
  facet normal 0.811111 -0.497089 -0.308224
    outer loop
      vertex -36.0328 18.5235 58.0588
      vertex -33.3545 24.2335 55.8981
      vertex -35.864 18.6025 58.3756
    endloop
  endfacet
  facet normal 0.811207 -0.497057 -0.308021
    outer loop
      vertex -36.2251 18.4576 57.6587
      vertex -33.3545 24.2335 55.8981
      vertex -36.0328 18.5235 58.0588
    endloop
  endfacet
  facet normal 0.790117 -0.539536 -0.290888
    outer loop
      vertex -36.2251 18.4576 57.6587
      vertex -36.0328 18.5235 58.0588
      vertex -36.2192 18.4588 57.6725
    endloop
  endfacet
  facet normal 0.81115 -0.497069 -0.308152
    outer loop
      vertex -33.3545 24.2335 55.8981
      vertex -36.2251 18.4576 57.6587
      vertex -36.7348 18.7173 55.8981
    endloop
  endfacet
  facet normal 0.842207 -0.5161 -0.155975
    outer loop
      vertex -34.1966 24.8453 49.3267
      vertex -33.3545 24.2335 55.8981
      vertex -37.6622 19.1899 49.3267
    endloop
  endfacet
  facet normal 0.760185 -0.465849 -0.452883
    outer loop
      vertex -29.2475 21.2496 68.1539
      vertex -32 19.1015 65.7433
      vertex -31.6912 23.025 62.2258
    endloop
  endfacet
  facet normal 0.760185 -0.46585 -0.452882
    outer loop
      vertex -32 19.1015 65.7433
      vertex -29.2475 21.2496 68.1539
      vertex -32 16.758 68.1539
    endloop
  endfacet
  facet normal 0.76018 -0.465853 -0.452888
    outer loop
      vertex -32 22.5211 62.2258
      vertex -31.6912 23.025 62.2258
      vertex -32 19.1015 65.7433
    endloop
  endfacet
  facet normal 0.751097 -0.641503 -0.155972
    outer loop
      vertex -29.8889 29.8889 49.3267
      vertex -29.1529 29.1529 55.8981
      vertex -33.3545 24.2335 55.8981
    endloop
  endfacet
  facet normal 0.677956 -0.579035 -0.452874
    outer loop
      vertex -27.6991 27.6991 62.2258
      vertex -25.5633 25.5633 68.1539
      vertex -31.6912 23.025 62.2258
    endloop
  endfacet
  facet normal 0.706015 -0.0555647 -0.706014
    outer loop
      vertex -32 3.0649 73.5366
      vertex -27.1976 4.30767 78.2412
      vertex -32 0.206015 73.7616
    endloop
  endfacet
  facet normal 0.706014 -0.0555537 -0.706016
    outer loop
      vertex -27.1976 4.30767 78.2412
      vertex -32 3.0649 73.5366
      vertex -31.8443 5.04364 73.5366
    endloop
  endfacet
  facet normal 0.688627 -0.165331 -0.706016
    outer loop
      vertex -30.6632 9.96308 73.5366
      vertex -27.1976 4.30767 78.2412
      vertex -31.8443 5.04364 73.5366
    endloop
  endfacet
  facet normal 0.0635298 -0.807387 -0.586592
    outer loop
      vertex 0 36.1519 68.1539
      vertex 0 32.2412 73.5366
      vertex -5.65541 35.7069 68.1539
    endloop
  endfacet
  facet normal -0.423158 -0.690541 -0.586592
    outer loop
      vertex 21.2496 29.2475 68.1539
      vertex 18.9509 26.0837 73.5366
      vertex 14.6372 28.7271 73.5366
    endloop
  endfacet
  facet normal 0.654292 -0.271018 -0.706011
    outer loop
      vertex -24.5353 12.5014 78.2412
      vertex -26.1889 8.50928 78.2412
      vertex -28.7271 14.6372 73.5366
    endloop
  endfacet
  facet normal 0.654291 -0.271019 -0.706011
    outer loop
      vertex -28.7271 14.6372 73.5366
      vertex -26.1889 8.50928 78.2412
      vertex -30.6632 9.96308 73.5366
    endloop
  endfacet
  facet normal 0.78754 -0.189044 0.586552
    outer loop
      vertex -31.8443 5.04364 18.4634
      vertex -32 8.82136 19.89
      vertex -32 5.0683 18.6804
    endloop
  endfacet
  facet normal 0.787492 -0.189068 0.586609
    outer loop
      vertex -32 8.82136 19.89
      vertex -31.8443 5.04364 18.4634
      vertex -30.6632 9.96308 18.4634
    endloop
  endfacet
  facet normal 0.723399 -0.617847 0.308154
    outer loop
      vertex -27.6991 27.6991 29.7742
      vertex -29.1529 29.1529 36.1019
      vertex -33.3545 24.2335 36.1019
    endloop
  endfacet
  facet normal 0.617847 -0.723399 0.308154
    outer loop
      vertex -27.6991 27.6991 29.7742
      vertex -24.2335 33.3545 36.1019
      vertex -29.1529 29.1529 36.1019
    endloop
  endfacet
  facet normal 0.459932 -0.538516 0.706019
    outer loop
      vertex -19.4713 19.4713 13.7588
      vertex -18.9509 26.0837 18.4634
      vertex -22.798 22.798 18.4634
    endloop
  endfacet
  facet normal 0.538514 -0.459942 0.706014
    outer loop
      vertex -22.2776 16.1856 13.7588
      vertex -19.4713 19.4713 13.7588
      vertex -26.0837 18.9509 18.4634
    endloop
  endfacet
  facet normal 0.544139 -0.225391 0.808153
    outer loop
      vertex -19.7393 10.0577 9.84806
      vertex -24.5353 12.5014 13.7588
      vertex -26.1889 8.50928 13.7588
    endloop
  endfacet
  facet normal 0.654292 -0.271018 0.706011
    outer loop
      vertex -26.1889 8.50928 13.7588
      vertex -24.5353 12.5014 13.7588
      vertex -28.7271 14.6372 18.4634
    endloop
  endfacet
  facet normal 0.787494 -0.189078 0.586603
    outer loop
      vertex -30.6632 9.96308 18.4634
      vertex -32 10.3974 20.398
      vertex -32 8.82136 19.89
    endloop
  endfacet
  facet normal 0.748224 -0.309923 0.586607
    outer loop
      vertex -32 10.3974 20.398
      vertex -28.7271 14.6372 18.4634
      vertex -32 12.6316 21.5784
    endloop
  endfacet
  facet normal 0.748227 -0.309928 0.586601
    outer loop
      vertex -28.7271 14.6372 18.4634
      vertex -32 10.3974 20.398
      vertex -30.6632 9.96308 18.4634
    endloop
  endfacet
  facet normal 0.295553 -0.346071 0.89044
    outer loop
      vertex -11.4734 11.4734 6.82751
      vertex -9.53727 13.1269 6.82751
      vertex -13.0218 17.9229 9.84806
    endloop
  endfacet
  facet normal 0.0366282 0.152571 0.987614
    outer loop
      vertex -0.520405 -3.28571 3.7307
      vertex -1.028 -3.16385 3.7307
      vertex -1.5484 -9.77622 4.77151
    endloop
  endfacet
  facet normal 0.420465 -0.174155 0.890437
    outer loop
      vertex -14.4573 7.36635 6.82751
      vertex -19.7393 10.0577 9.84806
      vertex -21.0696 6.84594 9.84806
    endloop
  endfacet
  facet normal 0.442527 -0.106245 0.890439
    outer loop
      vertex -16.026 2.53827 6.82751
      vertex -15.4316 5.01404 6.82751
      vertex -21.8812 3.46564 9.84806
    endloop
  endfacet
  facet normal 0.447856 -0.382512 0.808152
    outer loop
      vertex -17.9229 13.0218 9.84806
      vertex -19.4713 19.4713 13.7588
      vertex -22.2776 16.1856 13.7588
    endloop
  endfacet
  facet normal 0.447858 -0.382511 0.808151
    outer loop
      vertex -17.9229 13.0218 9.84806
      vertex -15.6652 15.6652 9.84806
      vertex -19.4713 19.4713 13.7588
    endloop
  endfacet
  facet normal 0.174152 -0.420465 0.890438
    outer loop
      vertex -5.01404 15.4316 6.82751
      vertex -6.84594 21.0696 9.84806
      vertex -7.36635 14.4573 6.82751
    endloop
  endfacet
  facet normal 0.237797 -0.388033 0.89044
    outer loop
      vertex -9.53727 13.1269 6.82751
      vertex -7.36635 14.4573 6.82751
      vertex -13.0218 17.9229 9.84806
    endloop
  endfacet
  facet normal 0.22209 -0.925053 0.308145
    outer loop
      vertex -12.105 37.2553 29.7742
      vertex -6.44956 40.7209 36.1019
      vertex -12.7403 39.2106 36.1019
    endloop
  endfacet
  facet normal 0.364068 -0.878921 0.308145
    outer loop
      vertex -12.105 37.2553 29.7742
      vertex -12.7403 39.2106 36.1019
      vertex -18.7173 36.7348 36.1019
    endloop
  endfacet
  facet normal -0.0746422 -0.948403 0.308156
    outer loop
      vertex 6.44956 40.7209 36.1019
      vertex 0 41.2285 36.1019
      vertex 0 39.1725 29.7742
    endloop
  endfacet
  facet normal 0.0746422 -0.948403 0.308156
    outer loop
      vertex 0 39.1725 29.7742
      vertex 0 41.2285 36.1019
      vertex -6.44956 40.7209 36.1019
    endloop
  endfacet
  facet normal 0.760402 -0.649453 0
    outer loop
      vertex -34.1966 24.8453 49.3267
      vertex -29.8889 29.8889 42.6733
      vertex -29.8889 29.8889 49.3267
    endloop
  endfacet
  facet normal 0.760402 -0.649453 0
    outer loop
      vertex -29.8889 29.8889 42.6733
      vertex -34.1966 24.8453 49.3267
      vertex -34.1966 24.8453 42.6733
    endloop
  endfacet
  facet normal 0.751095 -0.641505 0.155974
    outer loop
      vertex -33.3545 24.2335 36.1019
      vertex -29.8889 29.8889 42.6733
      vertex -34.1966 24.8453 42.6733
    endloop
  endfacet
  facet normal 0.208125 -0.866942 0.452875
    outer loop
      vertex -5.65541 35.7069 23.8461
      vertex -6.12793 38.6902 29.7742
      vertex -12.105 37.2553 29.7742
    endloop
  endfacet
  facet normal 0.222075 -0.925052 0.308158
    outer loop
      vertex -6.12793 38.6902 29.7742
      vertex -6.44956 40.7209 36.1019
      vertex -12.105 37.2553 29.7742
    endloop
  endfacet
  facet normal -0.0635298 -0.807387 0.586592
    outer loop
      vertex 5.65541 35.7069 23.8461
      vertex 0 36.1519 23.8461
      vertex 0 32.2412 18.4634
    endloop
  endfacet
  facet normal 0.0635298 -0.807387 0.586592
    outer loop
      vertex 0 32.2412 18.4634
      vertex 0 36.1519 23.8461
      vertex -5.65541 35.7069 23.8461
    endloop
  endfacet
  facet normal 0.579035 -0.677956 0.452874
    outer loop
      vertex -25.5633 25.5633 23.8461
      vertex -23.025 31.6912 29.7742
      vertex -27.6991 27.6991 29.7742
    endloop
  endfacet
  facet normal 0.497068 -0.81115 0.308154
    outer loop
      vertex -17.7839 34.9029 29.7742
      vertex -18.7173 36.7348 36.1019
      vertex -24.2335 33.3545 36.1019
    endloop
  endfacet
  facet normal 0.0819834 -0.133784 0.987614
    outer loop
      vertex -1.95536 2.69133 3.7307
      vertex -4.49364 8.81926 4.77151
      vertex -5.81795 8.00772 4.77151
    endloop
  endfacet
  facet normal 0.201245 -0.235643 0.950775
    outer loop
      vertex -5.81795 8.00772 4.77151
      vertex -9.53727 13.1269 6.82751
      vertex -11.4734 11.4734 6.82751
    endloop
  endfacet
  facet normal 0.690534 0.423163 -0.586597
    outer loop
      vertex -29.2475 -21.2496 68.1539
      vertex -32 -16.3048 68.4808
      vertex -28.7271 -14.6372 73.5366
    endloop
  endfacet
  facet normal 0.690507 0.42315 -0.586637
    outer loop
      vertex -32 -16.3048 68.4808
      vertex -29.2475 -21.2496 68.1539
      vertex -32 -16.758 68.1539
    endloop
  endfacet
  facet normal 0.807417 0.0635327 -0.586551
    outer loop
      vertex -32 -3.0649 73.5366
      vertex -31.8443 -5.04364 73.5366
      vertex -32 -5.0683 73.3196
    endloop
  endfacet
  facet normal 0.78754 0.189044 -0.586552
    outer loop
      vertex -31.8443 -5.04364 73.5366
      vertex -32 -8.82136 72.11
      vertex -32 -5.0683 73.3196
    endloop
  endfacet
  facet normal 0.787492 0.189068 -0.586609
    outer loop
      vertex -32 -8.82136 72.11
      vertex -31.8443 -5.04364 73.5366
      vertex -30.6632 -9.96308 73.5366
    endloop
  endfacet
  facet normal 0.748225 0.309939 -0.586598
    outer loop
      vertex -32 -12.6316 70.4216
      vertex -28.7271 -14.6372 73.5366
      vertex -32 -16.3048 68.4808
    endloop
  endfacet
  facet normal 0.748227 0.309928 -0.586601
    outer loop
      vertex -28.7271 -14.6372 73.5366
      vertex -32 -10.3974 71.602
      vertex -30.6632 -9.96308 73.5366
    endloop
  endfacet
  facet normal 0.748224 0.309923 -0.586607
    outer loop
      vertex -32 -10.3974 71.602
      vertex -28.7271 -14.6372 73.5366
      vertex -32 -12.6316 70.4216
    endloop
  endfacet
  facet normal 0.230589 -0.960471 -0.155965
    outer loop
      vertex -6.61237 41.7489 49.3267
      vertex -6.44956 40.7209 55.8981
      vertex -13.0619 40.2005 49.3267
    endloop
  endfacet
  facet normal -0.0600466 -0.14496 -0.987614
    outer loop
      vertex 4.49364 8.81926 87.2285
      vertex 1.51027 2.96408 88.2693
      vertex 1.028 3.16385 88.2693
    endloop
  endfacet
  facet normal 0.14496 -0.0600466 -0.987614
    outer loop
      vertex -2.96408 1.51027 88.2693
      vertex -3.16385 1.028 88.2693
      vertex -8.81926 4.49364 87.2285
    endloop
  endfacet
  facet normal -0.101902 -0.119311 -0.987614
    outer loop
      vertex 5.81795 8.00772 87.2285
      vertex 6.999 6.999 87.2285
      vertex 1.95536 2.69133 88.2693
    endloop
  endfacet
  facet normal -0.119311 -0.101902 -0.987614
    outer loop
      vertex 6.999 6.999 87.2285
      vertex 8.00772 5.81795 87.2285
      vertex 2.69133 1.95536 88.2693
    endloop
  endfacet
  facet normal -0.119313 -0.1019 -0.987614
    outer loop
      vertex 6.999 6.999 87.2285
      vertex 2.69133 1.95536 88.2693
      vertex 2.35231 2.35231 88.2693
    endloop
  endfacet
  facet normal -0.525972 -0.615842 0.586593
    outer loop
      vertex 25.5633 25.5633 23.8461
      vertex 21.2496 29.2475 23.8461
      vertex 18.9509 26.0837 18.4634
    endloop
  endfacet
  facet normal -0.459932 -0.538516 0.706019
    outer loop
      vertex 19.4713 19.4713 13.7588
      vertex 22.798 22.798 18.4634
      vertex 18.9509 26.0837 18.4634
    endloop
  endfacet
  facet normal 0.137503 -0.572698 0.808152
    outer loop
      vertex -3.46564 21.8812 9.84806
      vertex -4.30767 27.1976 13.7588
      vertex -6.84594 21.0696 9.84806
    endloop
  endfacet
  facet normal -0.13749 -0.572695 0.808157
    outer loop
      vertex 6.84594 21.0696 9.84806
      vertex 8.50928 26.1889 13.7588
      vertex 4.30767 27.1976 13.7588
    endloop
  endfacet
  facet normal 0.161919 -0.264215 0.950775
    outer loop
      vertex -5.81795 8.00772 4.77151
      vertex -7.36635 14.4573 6.82751
      vertex -9.53727 13.1269 6.82751
    endloop
  endfacet
  facet normal 0.0462016 -0.587159 0.808152
    outer loop
      vertex -3.46564 21.8812 9.84806
      vertex 0 22.1539 9.84806
      vertex -4.30767 27.1976 13.7588
    endloop
  endfacet
  facet normal -0.382511 -0.447858 0.808151
    outer loop
      vertex 15.6652 15.6652 9.84806
      vertex 19.4713 19.4713 13.7588
      vertex 13.0218 17.9229 9.84806
    endloop
  endfacet
  facet normal -0.447858 -0.382511 0.808151
    outer loop
      vertex 17.9229 13.0218 9.84806
      vertex 19.4713 19.4713 13.7588
      vertex 15.6652 15.6652 9.84806
    endloop
  endfacet
  facet normal -0.420465 -0.174155 0.890437
    outer loop
      vertex 21.0696 6.84594 9.84806
      vertex 19.7393 10.0577 9.84806
      vertex 14.4573 7.36635 6.82751
    endloop
  endfacet
  facet normal -0.420465 -0.174152 0.890438
    outer loop
      vertex 15.4316 5.01404 6.82751
      vertex 21.0696 6.84594 9.84806
      vertex 14.4573 7.36635 6.82751
    endloop
  endfacet
  facet normal -0.0819834 -0.133784 0.987614
    outer loop
      vertex 5.81795 8.00772 4.77151
      vertex 4.49364 8.81926 4.77151
      vertex 1.95536 2.69133 3.7307
    endloop
  endfacet
  facet normal 0.106245 -0.442527 0.890439
    outer loop
      vertex -2.53827 16.026 6.82751
      vertex -3.46564 21.8812 9.84806
      vertex -5.01404 15.4316 6.82751
    endloop
  endfacet
  facet normal -0.161913 -0.264217 0.950775
    outer loop
      vertex 5.81795 8.00772 4.77151
      vertex 7.36635 14.4573 6.82751
      vertex 4.49364 8.81926 4.77151
    endloop
  endfacet
  facet normal -0.301322 -0.0723397 -0.950775
    outer loop
      vertex 15.4316 5.01404 85.1725
      vertex 9.77622 1.5484 87.2285
      vertex 9.41364 3.05868 87.2285
    endloop
  endfacet
  facet normal -0.286295 -0.118587 -0.950775
    outer loop
      vertex 15.4316 5.01404 85.1725
      vertex 9.41364 3.05868 87.2285
      vertex 8.81926 4.49364 87.2285
    endloop
  endfacet
  facet normal -0.264215 -0.161919 -0.950775
    outer loop
      vertex 13.1269 9.53727 85.1725
      vertex 14.4573 7.36635 85.1725
      vertex 8.00772 5.81795 87.2285
    endloop
  endfacet
  facet normal -0.264217 -0.161913 -0.950775
    outer loop
      vertex 14.4573 7.36635 85.1725
      vertex 8.81926 4.49364 87.2285
      vertex 8.00772 5.81795 87.2285
    endloop
  endfacet
  facet normal -0.235633 0.201251 -0.950776
    outer loop
      vertex 8.00772 -5.81795 87.2285
      vertex 11.4734 -11.4734 85.1725
      vertex 6.999 -6.999 87.2285
    endloop
  endfacet
  facet normal -0.1019 0.119313 -0.987614
    outer loop
      vertex 2.35231 -2.35231 88.2693
      vertex 6.999 -6.999 87.2285
      vertex 1.95536 -2.69133 88.2693
    endloop
  endfacet
  facet normal -0.30132 0.072343 -0.950775
    outer loop
      vertex 16.026 -2.53827 85.1725
      vertex 15.4316 -5.01404 85.1725
      vertex 9.77622 -1.5484 87.2285
    endloop
  endfacet
  facet normal -0.286295 0.118587 -0.950775
    outer loop
      vertex 9.41364 -3.05868 87.2285
      vertex 15.4316 -5.01404 85.1725
      vertex 8.81926 -4.49364 87.2285
    endloop
  endfacet
  facet normal -0.14496 0.0600466 -0.987614
    outer loop
      vertex 3.16385 -1.028 88.2693
      vertex 8.81926 -4.49364 87.2285
      vertex 2.96408 -1.51027 88.2693
    endloop
  endfacet
  facet normal -0.459942 -0.538514 -0.706014
    outer loop
      vertex 18.9509 26.0837 73.5366
      vertex 19.4713 19.4713 78.2412
      vertex 16.1856 22.2776 78.2412
    endloop
  endfacet
  facet normal -0.525973 -0.615841 -0.586594
    outer loop
      vertex 25.5633 25.5633 68.1539
      vertex 22.798 22.798 73.5366
      vertex 18.9509 26.0837 73.5366
    endloop
  endfacet
  facet normal -0.230589 -0.960471 -0.155965
    outer loop
      vertex 6.61237 41.7489 49.3267
      vertex 13.0619 40.2005 49.3267
      vertex 6.44956 40.7209 55.8981
    endloop
  endfacet
  facet normal -0.230592 -0.960469 -0.155968
    outer loop
      vertex 13.0619 40.2005 49.3267
      vertex 12.7403 39.2106 55.8981
      vertex 6.44956 40.7209 55.8981
    endloop
  endfacet
  facet normal -0.22209 -0.925053 -0.308145
    outer loop
      vertex 12.7403 39.2106 55.8981
      vertex 12.105 37.2553 62.2258
      vertex 6.44956 40.7209 55.8981
    endloop
  endfacet
  facet normal -0.690507 -0.42315 0.586637
    outer loop
      vertex 29.2475 21.2496 23.8461
      vertex 32 16.3048 23.5192
      vertex 32 16.758 23.8461
    endloop
  endfacet
  facet normal -0.690534 -0.423163 0.586597
    outer loop
      vertex 32 16.3048 23.5192
      vertex 29.2475 21.2496 23.8461
      vertex 28.7271 14.6372 18.4634
    endloop
  endfacet
  facet normal -0.690541 -0.423158 0.586592
    outer loop
      vertex 28.7271 14.6372 18.4634
      vertex 29.2475 21.2496 23.8461
      vertex 26.0837 18.9509 18.4634
    endloop
  endfacet
  facet normal -0.814177 -0.48232 0.323237
    outer loop
      vertex 34.6895 19.4671 31.9274
      vertex 34.4433 19.6986 31.6527
      vertex 34.4508 19.6911 31.6604
    endloop
  endfacet
  facet normal -0.811169 -0.497056 0.308123
    outer loop
      vertex 34.4433 19.6986 31.6527
      vertex 34.6895 19.4671 31.9274
      vertex 33.3545 24.2335 36.1019
    endloop
  endfacet
  facet normal -0.811207 -0.497024 0.308074
    outer loop
      vertex 34.922 19.2623 32.2092
      vertex 33.3545 24.2335 36.1019
      vertex 34.6895 19.4671 31.9274
    endloop
  endfacet
  facet normal -0.811093 -0.497113 0.308233
    outer loop
      vertex 35.1472 19.0779 32.5044
      vertex 33.3545 24.2335 36.1019
      vertex 34.922 19.2623 32.2092
    endloop
  endfacet
  facet normal -0.811196 -0.49704 0.308078
    outer loop
      vertex 35.3644 18.9142 32.8122
      vertex 33.3545 24.2335 36.1019
      vertex 35.1472 19.0779 32.5044
    endloop
  endfacet
  facet normal -0.811104 -0.497098 0.308227
    outer loop
      vertex 35.5722 18.7725 33.1305
      vertex 33.3545 24.2335 36.1019
      vertex 35.3644 18.9142 32.8122
    endloop
  endfacet
  facet normal -0.811195 -0.497048 0.308068
    outer loop
      vertex 35.7694 18.6534 33.4576
      vertex 33.3545 24.2335 36.1019
      vertex 35.5722 18.7725 33.1305
    endloop
  endfacet
  facet normal -0.811086 -0.497099 0.308274
    outer loop
      vertex 35.9556 18.5574 33.7927
      vertex 33.3545 24.2335 36.1019
      vertex 35.7694 18.6534 33.4576
    endloop
  endfacet
  facet normal -0.8112 -0.497056 0.308042
    outer loop
      vertex 36.1294 18.4849 34.1334
      vertex 33.3545 24.2335 36.1019
      vertex 35.9556 18.5574 33.7927
    endloop
  endfacet
  facet normal -0.811081 -0.497089 0.308303
    outer loop
      vertex 36.2232 18.4567 34.3347
      vertex 33.3545 24.2335 36.1019
      vertex 36.1294 18.4849 34.1334
    endloop
  endfacet
  facet normal -0.811157 -0.497073 0.308129
    outer loop
      vertex 33.3545 24.2335 36.1019
      vertex 36.2232 18.4567 34.3347
      vertex 36.7348 18.7173 36.1019
    endloop
  endfacet
  facet normal -0.878737 -0.36451 0.308145
    outer loop
      vertex 36.2819 18.4365 34.4782
      vertex 36.7348 18.7173 36.1019
      vertex 36.2232 18.4567 34.3347
    endloop
  endfacet
  facet normal -0.878892 -0.364153 0.308126
    outer loop
      vertex 36.447 18.4061 34.9132
      vertex 36.7348 18.7173 36.1019
      vertex 36.2819 18.4365 34.4782
    endloop
  endfacet
  facet normal -0.878619 -0.364737 0.308213
    outer loop
      vertex 36.5105 18.4 35.087
      vertex 36.7348 18.7173 36.1019
      vertex 36.447 18.4061 34.9132
    endloop
  endfacet
  facet normal -0.878913 -0.364133 0.308089
    outer loop
      vertex 36.7348 18.7173 36.1019
      vertex 36.5105 18.4 35.087
      vertex 36.7598 18.4 35.7982
    endloop
  endfacet
  facet normal 0.617847 0.723399 -0.308154
    outer loop
      vertex -27.6991 -27.6991 62.2258
      vertex -24.2335 -33.3545 55.8981
      vertex -29.1529 -29.1529 55.8981
    endloop
  endfacet
  facet normal 0.617848 0.723399 -0.308153
    outer loop
      vertex -23.025 -31.6912 62.2258
      vertex -24.2335 -33.3545 55.8981
      vertex -27.6991 -27.6991 62.2258
    endloop
  endfacet
  facet normal 0.8112 0.497056 -0.308042
    outer loop
      vertex -33.3545 -24.2335 55.8981
      vertex -36.1294 -18.4849 57.8666
      vertex -35.9556 -18.5574 58.2073
    endloop
  endfacet
  facet normal 0.811086 0.497099 -0.308274
    outer loop
      vertex -33.3545 -24.2335 55.8981
      vertex -35.9556 -18.5574 58.2073
      vertex -35.7694 -18.6534 58.5424
    endloop
  endfacet
  facet normal 0.811081 0.497089 -0.308303
    outer loop
      vertex -36.1294 -18.4849 57.8666
      vertex -33.3545 -24.2335 55.8981
      vertex -36.2232 -18.4567 57.6653
    endloop
  endfacet
  facet normal 0.811195 0.497048 -0.308068
    outer loop
      vertex -33.3545 -24.2335 55.8981
      vertex -35.7694 -18.6534 58.5424
      vertex -35.5722 -18.7725 58.8695
    endloop
  endfacet
  facet normal 0.811104 0.497098 -0.308227
    outer loop
      vertex -33.3545 -24.2335 55.8981
      vertex -35.5722 -18.7725 58.8695
      vertex -35.3644 -18.9142 59.1878
    endloop
  endfacet
  facet normal 0.811196 0.49704 -0.308078
    outer loop
      vertex -33.3545 -24.2335 55.8981
      vertex -35.3644 -18.9142 59.1878
      vertex -35.1472 -19.0779 59.4956
    endloop
  endfacet
  facet normal 0.811093 0.497113 -0.308233
    outer loop
      vertex -33.3545 -24.2335 55.8981
      vertex -35.1472 -19.0779 59.4956
      vertex -34.922 -19.2623 59.7908
    endloop
  endfacet
  facet normal 0.811207 0.497024 -0.308074
    outer loop
      vertex -33.3545 -24.2335 55.8981
      vertex -34.922 -19.2623 59.7908
      vertex -34.6895 -19.4671 60.0726
    endloop
  endfacet
  facet normal 0.814177 0.48232 -0.323237
    outer loop
      vertex -34.4433 -19.6986 60.3473
      vertex -34.6895 -19.4671 60.0726
      vertex -34.4508 -19.6911 60.3396
    endloop
  endfacet
  facet normal 0.811169 0.497056 -0.308123
    outer loop
      vertex -34.6895 -19.4671 60.0726
      vertex -34.4433 -19.6986 60.3473
      vertex -33.3545 -24.2335 55.8981
    endloop
  endfacet
  facet normal 0.811157 0.497073 -0.308129
    outer loop
      vertex -36.2232 -18.4567 57.6653
      vertex -33.3545 -24.2335 55.8981
      vertex -36.7348 -18.7173 55.8981
    endloop
  endfacet
  facet normal 0.811133 0.497079 -0.308182
    outer loop
      vertex -32 -22.5211 62.2258
      vertex -31.6912 -23.025 62.2258
      vertex -32 -22.7004 61.9366
    endloop
  endfacet
  facet normal 0.811156 0.497067 -0.308141
    outer loop
      vertex -33.3545 -24.2335 55.8981
      vertex -34.2074 -19.933 60.5901
      vertex -33.9601 -20.192 60.8233
    endloop
  endfacet
  facet normal 0.811108 0.497116 -0.308188
    outer loop
      vertex -33.3545 -24.2335 55.8981
      vertex -33.9601 -20.192 60.8233
      vertex -33.7104 -20.4665 61.0377
    endloop
  endfacet
  facet normal 0.811128 0.497094 -0.308171
    outer loop
      vertex -33.3545 -24.2335 55.8981
      vertex -33.7104 -20.4665 61.0377
      vertex -33.4595 -20.7552 61.2324
    endloop
  endfacet
  facet normal 0.811146 0.497073 -0.308157
    outer loop
      vertex -33.3545 -24.2335 55.8981
      vertex -33.4595 -20.7552 61.2324
      vertex -33.2084 -21.0569 61.4067
    endloop
  endfacet
  facet normal 0.811192 0.497018 -0.308126
    outer loop
      vertex -33.3545 -24.2335 55.8981
      vertex -33.2084 -21.0569 61.4067
      vertex -32.9585 -21.3701 61.5594
    endloop
  endfacet
  facet normal 0.811093 0.497144 -0.308183
    outer loop
      vertex -33.3545 -24.2335 55.8981
      vertex -32.9585 -21.3701 61.5594
      vertex -32.711 -21.693 61.6899
    endloop
  endfacet
  facet normal 0.811213 0.496984 -0.308126
    outer loop
      vertex -33.3545 -24.2335 55.8981
      vertex -32.711 -21.693 61.6899
      vertex -32.4671 -22.0244 61.7975
    endloop
  endfacet
  facet normal 0.811203 0.496996 -0.308129
    outer loop
      vertex -33.3545 -24.2335 55.8981
      vertex -32.4671 -22.0244 61.7975
      vertex -32.243 -22.3412 61.8765
    endloop
  endfacet
  facet normal 0.811098 0.497151 -0.308158
    outer loop
      vertex -33.3545 -24.2335 55.8981
      vertex -32.243 -22.3412 61.8765
      vertex -32 -22.7004 61.9366
    endloop
  endfacet
  facet normal 0.811125 0.497097 -0.308175
    outer loop
      vertex -34.2074 -19.933 60.5901
      vertex -33.3545 -24.2335 55.8981
      vertex -34.4433 -19.6986 60.3473
    endloop
  endfacet
  facet normal 0.81113 0.497101 -0.308153
    outer loop
      vertex -33.3545 -24.2335 55.8981
      vertex -32 -22.7004 61.9366
      vertex -31.6912 -23.025 62.2258
    endloop
  endfacet
  facet normal 0.156421 -0.0123104 -0.987614
    outer loop
      vertex -9.77622 1.5484 87.2285
      vertex -3.28571 0.520405 88.2693
      vertex -9.89808 0 87.2285
    endloop
  endfacet
  facet normal 0.30132 -0.072343 -0.950775
    outer loop
      vertex -15.4316 5.01404 85.1725
      vertex -9.77622 1.5484 87.2285
      vertex -16.026 2.53827 85.1725
    endloop
  endfacet
  facet normal 0.842207 0.5161 -0.155975
    outer loop
      vertex -33.3545 -24.2335 55.8981
      vertex -34.1966 -24.8453 49.3267
      vertex -37.6622 -19.1899 49.3267
    endloop
  endfacet
  facet normal 0.912568 0.378013 0.155969
    outer loop
      vertex -37.6622 -19.1899 42.6733
      vertex -36.9293 -18.4 36.4707
      vertex -37.9894 -18.4 42.6733
    endloop
  endfacet
  facet normal 0.912538 0.378082 0.155974
    outer loop
      vertex -36.9293 -18.4 36.4707
      vertex -37.6622 -19.1899 42.6733
      vertex -36.7348 -18.7173 36.1019
    endloop
  endfacet
  facet normal 0.842207 0.5161 0.155975
    outer loop
      vertex -34.1966 -24.8453 42.6733
      vertex -33.3545 -24.2335 36.1019
      vertex -37.6622 -19.1899 42.6733
    endloop
  endfacet
  facet normal 0.161919 0.264215 0.950775
    outer loop
      vertex -7.36635 -14.4573 6.82751
      vertex -5.81795 -8.00772 4.77151
      vertex -9.53727 -13.1269 6.82751
    endloop
  endfacet
  facet normal 0.308926 -0.0243172 0.950775
    outer loop
      vertex -9.77622 1.5484 4.77151
      vertex -16.026 2.53827 6.82751
      vertex -16.2258 0 6.82751
    endloop
  endfacet
  facet normal 0.0784584 0.996917 -0
    outer loop
      vertex 0 -42.2693 42.6733
      vertex -6.61237 -41.7489 49.3267
      vertex 0 -42.2693 49.3267
    endloop
  endfacet
  facet normal 0.0784584 0.996917 0
    outer loop
      vertex -6.61237 -41.7489 49.3267
      vertex 0 -42.2693 42.6733
      vertex -6.61237 -41.7489 42.6733
    endloop
  endfacet
  facet normal 0.237791 0.388041 0.890438
    outer loop
      vertex -10.0577 -19.7393 9.84806
      vertex -7.36635 -14.4573 6.82751
      vertex -13.0218 -17.9229 9.84806
    endloop
  endfacet
  facet normal 0.271018 0.654292 0.706011
    outer loop
      vertex -8.50928 -26.1889 13.7588
      vertex -12.5014 -24.5353 13.7588
      vertex -14.6372 -28.7271 18.4634
    endloop
  endfacet
  facet normal 0.654292 0.271018 0.706011
    outer loop
      vertex -24.5353 -12.5014 13.7588
      vertex -26.1889 -8.50928 13.7588
      vertex -28.7271 -14.6372 18.4634
    endloop
  endfacet
  facet normal 0.101903 0.119312 0.987614
    outer loop
      vertex -5.81795 -8.00772 4.77151
      vertex -1.95536 -2.69133 3.7307
      vertex -6.999 -6.999 4.77151
    endloop
  endfacet
  facet normal 0.237797 0.388033 0.89044
    outer loop
      vertex -7.36635 -14.4573 6.82751
      vertex -9.53727 -13.1269 6.82751
      vertex -13.0218 -17.9229 9.84806
    endloop
  endfacet
  facet normal -0.0357002 0.453701 0.890439
    outer loop
      vertex 3.46564 -21.8812 9.84806
      vertex 2.53827 -16.026 6.82751
      vertex 0 -22.1539 9.84806
    endloop
  endfacet
  facet normal 0.174155 0.420465 0.890437
    outer loop
      vertex -6.84594 -21.0696 9.84806
      vertex -7.36635 -14.4573 6.82751
      vertex -10.0577 -19.7393 9.84806
    endloop
  endfacet
  facet normal 0.0243126 0.308926 0.950775
    outer loop
      vertex 0 -16.2258 6.82751
      vertex 0 -9.89808 4.77151
      vertex -1.5484 -9.77622 4.77151
    endloop
  endfacet
  facet normal 0.0123106 0.156423 0.987613
    outer loop
      vertex 0 -9.89808 4.77151
      vertex -0.520405 -3.28571 3.7307
      vertex -1.5484 -9.77622 4.77151
    endloop
  endfacet
  facet normal -0.308926 -0.0243126 0.950775
    outer loop
      vertex 9.89808 0 4.77151
      vertex 16.2258 0 6.82751
      vertex 9.77622 1.5484 4.77151
    endloop
  endfacet
  facet normal -0.152571 0.0366285 0.987613
    outer loop
      vertex 9.41364 -3.05868 4.77151
      vertex 9.77622 -1.5484 4.77151
      vertex 3.16385 -1.028 3.7307
    endloop
  endfacet
  facet normal -0.201245 0.235643 0.950775
    outer loop
      vertex 9.53727 -13.1269 6.82751
      vertex 11.4734 -11.4734 6.82751
      vertex 5.81795 -8.00772 4.77151
    endloop
  endfacet
  facet normal -0.587159 0.0462016 0.808152
    outer loop
      vertex 27.1976 -4.30767 13.7588
      vertex 22.1539 0 9.84806
      vertex 21.8812 -3.46564 9.84806
    endloop
  endfacet
  facet normal -0.447858 0.382511 0.808151
    outer loop
      vertex 19.4713 -19.4713 13.7588
      vertex 17.9229 -13.0218 9.84806
      vertex 15.6652 -15.6652 9.84806
    endloop
  endfacet
  facet normal -0.706016 0.0555176 0.706016
    outer loop
      vertex 27.5366 0 13.7588
      vertex 32 -0.206015 18.2384
      vertex 32 0 18.2222
    endloop
  endfacet
  facet normal -0.706014 0.055561 0.706016
    outer loop
      vertex 32 -0.206015 18.2384
      vertex 27.5366 0 13.7588
      vertex 27.1976 -4.30767 13.7588
    endloop
  endfacet
  facet normal -0.688627 0.165331 0.706016
    outer loop
      vertex 30.6632 -9.96308 18.4634
      vertex 31.8443 -5.04364 18.4634
      vertex 27.1976 -4.30767 13.7588
    endloop
  endfacet
  facet normal -0.603839 0.370036 0.706011
    outer loop
      vertex 28.7271 -14.6372 18.4634
      vertex 24.5353 -12.5014 13.7588
      vertex 22.2776 -16.1856 13.7588
    endloop
  endfacet
  facet normal -0.60384 0.370028 0.706014
    outer loop
      vertex 26.0837 -18.9509 18.4634
      vertex 28.7271 -14.6372 18.4634
      vertex 22.2776 -16.1856 13.7588
    endloop
  endfacet
  facet normal -0.106245 0.442527 0.890439
    outer loop
      vertex 3.46564 -21.8812 9.84806
      vertex 5.01404 -15.4316 6.82751
      vertex 2.53827 -16.026 6.82751
    endloop
  endfacet
  facet normal -0.0462016 0.587159 0.808152
    outer loop
      vertex 4.30767 -27.1976 13.7588
      vertex 3.46564 -21.8812 9.84806
      vertex 0 -22.1539 9.84806
    endloop
  endfacet
  facet normal -0.174155 0.420465 0.890437
    outer loop
      vertex 10.0577 -19.7393 9.84806
      vertex 7.36635 -14.4573 6.82751
      vertex 6.84594 -21.0696 9.84806
    endloop
  endfacet
  facet normal -0.225391 0.544139 0.808153
    outer loop
      vertex 12.5014 -24.5353 13.7588
      vertex 10.0577 -19.7393 9.84806
      vertex 8.50928 -26.1889 13.7588
    endloop
  endfacet
  facet normal -0.0819829 0.133785 0.987614
    outer loop
      vertex 4.49364 -8.81926 4.77151
      vertex 1.95536 -2.69133 3.7307
      vertex 1.51027 -2.96408 3.7307
    endloop
  endfacet
  facet normal -0.161919 0.264215 0.950775
    outer loop
      vertex 7.36635 -14.4573 6.82751
      vertex 9.53727 -13.1269 6.82751
      vertex 5.81795 -8.00772 4.77151
    endloop
  endfacet
  facet normal -0.807417 -0.0635327 0.586551
    outer loop
      vertex 32 3.0649 18.4634
      vertex 32 5.0683 18.6804
      vertex 31.8443 5.04364 18.4634
    endloop
  endfacet
  facet normal -0.706014 -0.0555537 0.706016
    outer loop
      vertex 27.1976 4.30767 13.7588
      vertex 32 3.0649 18.4634
      vertex 31.8443 5.04364 18.4634
    endloop
  endfacet
  facet normal -0.706015 -0.0555647 0.706014
    outer loop
      vertex 32 3.0649 18.4634
      vertex 27.1976 4.30767 13.7588
      vertex 32 0.206015 18.2384
    endloop
  endfacet
  facet normal -0.502178 -0.307738 -0.808155
    outer loop
      vertex 22.2776 16.1856 78.2412
      vertex 24.5353 12.5014 78.2412
      vertex 17.9229 13.0218 82.1519
    endloop
  endfacet
  facet normal -0.60384 -0.370028 -0.706014
    outer loop
      vertex 26.0837 18.9509 73.5366
      vertex 28.7271 14.6372 73.5366
      vertex 22.2776 16.1856 78.2412
    endloop
  endfacet
  facet normal -0.453707 -0.0357007 -0.890436
    outer loop
      vertex 21.8812 3.46564 82.1519
      vertex 22.1539 0 82.1519
      vertex 16.026 2.53827 85.1725
    endloop
  endfacet
  facet normal -0.587155 -0.0462013 -0.808155
    outer loop
      vertex 27.1976 4.30767 78.2412
      vertex 22.1539 0 82.1519
      vertex 21.8812 3.46564 82.1519
    endloop
  endfacet
  facet normal -0.341205 0.823699 -0.452879
    outer loop
      vertex 16.4126 -32.2116 68.1539
      vertex 17.7839 -34.9029 62.2258
      vertex 12.105 -37.2553 62.2258
    endloop
  endfacet
  facet normal -0.364077 0.878913 -0.308155
    outer loop
      vertex 17.7839 -34.9029 62.2258
      vertex 18.7173 -36.7348 55.8981
      vertex 12.105 -37.2553 62.2258
    endloop
  endfacet
  facet normal -0.465842 0.76019 -0.452882
    outer loop
      vertex 21.2496 -29.2475 68.1539
      vertex 23.025 -31.6912 62.2258
      vertex 16.4126 -32.2116 68.1539
    endloop
  endfacet
  facet normal -0.579024 0.677959 -0.452882
    outer loop
      vertex 25.5633 -25.5633 68.1539
      vertex 23.025 -31.6912 62.2258
      vertex 21.2496 -29.2475 68.1539
    endloop
  endfacet
  facet normal 0.0635356 0.807384 -0.586596
    outer loop
      vertex -5.04364 -31.8443 73.5366
      vertex 0 -32.2412 73.5366
      vertex -5.65541 -35.7069 68.1539
    endloop
  endfacet
  facet normal 0.0243172 0.308926 -0.950775
    outer loop
      vertex -1.5484 -9.77622 87.2285
      vertex 0 -16.2258 85.1725
      vertex -2.53827 -16.026 85.1725
    endloop
  endfacet
  facet normal -0.382509 0.447855 -0.808154
    outer loop
      vertex 15.6652 -15.6652 82.1519
      vertex 19.4713 -19.4713 78.2412
      vertex 13.0218 -17.9229 82.1519
    endloop
  endfacet
  facet normal -0.295574 0.34607 -0.890433
    outer loop
      vertex 15.6652 -15.6652 82.1519
      vertex 13.0218 -17.9229 82.1519
      vertex 11.4734 -11.4734 85.1725
    endloop
  endfacet
  facet normal -0.688634 0.165323 -0.706011
    outer loop
      vertex 27.1976 -4.30767 78.2412
      vertex 30.6632 -9.96308 73.5366
      vertex 26.1889 -8.50928 78.2412
    endloop
  endfacet
  facet normal -0.688627 0.165331 -0.706016
    outer loop
      vertex 31.8443 -5.04364 73.5366
      vertex 30.6632 -9.96308 73.5366
      vertex 27.1976 -4.30767 78.2412
    endloop
  endfacet
  facet normal -0.264215 0.161919 -0.950775
    outer loop
      vertex 14.4573 -7.36635 85.1725
      vertex 13.1269 -9.53727 85.1725
      vertex 8.00772 -5.81795 87.2285
    endloop
  endfacet
  facet normal -0.544135 0.225379 -0.80816
    outer loop
      vertex 21.0696 -6.84594 82.1519
      vertex 26.1889 -8.50928 78.2412
      vertex 19.7393 -10.0577 82.1519
    endloop
  endfacet
  facet normal -0.544135 0.225389 -0.808156
    outer loop
      vertex 26.1889 -8.50928 78.2412
      vertex 24.5353 -12.5014 78.2412
      vertex 19.7393 -10.0577 82.1519
    endloop
  endfacet
  facet normal -0.502178 0.307738 -0.808155
    outer loop
      vertex 24.5353 -12.5014 78.2412
      vertex 22.2776 -16.1856 78.2412
      vertex 17.9229 -13.0218 82.1519
    endloop
  endfacet
  facet normal -0.641505 0.751095 -0.155974
    outer loop
      vertex 29.8889 -29.8889 49.3267
      vertex 24.8453 -34.1966 49.3267
      vertex 24.2335 -33.3545 55.8981
    endloop
  endfacet
  facet normal -0.5161 0.842207 -0.155975
    outer loop
      vertex 24.2335 -33.3545 55.8981
      vertex 24.8453 -34.1966 49.3267
      vertex 19.1899 -37.6622 49.3267
    endloop
  endfacet
  facet normal 0.144961 0.0600449 -0.987614
    outer loop
      vertex -3.16385 -1.028 88.2693
      vertex -8.81926 -4.49364 87.2285
      vertex -9.41364 -3.05868 87.2285
    endloop
  endfacet
  facet normal 0.286295 0.118587 -0.950775
    outer loop
      vertex -9.41364 -3.05868 87.2285
      vertex -8.81926 -4.49364 87.2285
      vertex -15.4316 -5.01404 85.1725
    endloop
  endfacet
  facet normal 0.264215 0.161919 -0.950775
    outer loop
      vertex -8.00772 -5.81795 87.2285
      vertex -13.1269 -9.53727 85.1725
      vertex -14.4573 -7.36635 85.1725
    endloop
  endfacet
  facet normal 0.388038 0.2378 -0.890437
    outer loop
      vertex -14.4573 -7.36635 85.1725
      vertex -13.1269 -9.53727 85.1725
      vertex -17.9229 -13.0218 82.1519
    endloop
  endfacet
  facet normal 0.201245 0.235643 -0.950775
    outer loop
      vertex -5.81795 -8.00772 87.2285
      vertex -9.53727 -13.1269 85.1725
      vertex -11.4734 -11.4734 85.1725
    endloop
  endfacet
  facet normal -0.0600449 0.144961 -0.987614
    outer loop
      vertex 4.49364 -8.81926 87.2285
      vertex 3.05868 -9.41364 87.2285
      vertex 1.028 -3.16385 88.2693
    endloop
  endfacet
  facet normal 0.0123086 0.156421 -0.987614
    outer loop
      vertex 0 -3.32666 88.2693
      vertex 0 -9.89808 87.2285
      vertex -0.520405 -3.28571 88.2693
    endloop
  endfacet
  facet normal 0.60384 0.370028 -0.706014
    outer loop
      vertex -22.2776 -16.1856 78.2412
      vertex -26.0837 -18.9509 73.5366
      vertex -28.7271 -14.6372 73.5366
    endloop
  endfacet
  facet normal 0.690541 0.423158 -0.586592
    outer loop
      vertex -28.7271 -14.6372 73.5366
      vertex -26.0837 -18.9509 73.5366
      vertex -29.2475 -21.2496 68.1539
    endloop
  endfacet
  facet normal -0.271019 0.654291 -0.706011
    outer loop
      vertex 14.6372 -28.7271 73.5366
      vertex 9.96308 -30.6632 73.5366
      vertex 8.50928 -26.1889 78.2412
    endloop
  endfacet
  facet normal 0.18907 0.787501 -0.586596
    outer loop
      vertex -5.04364 -31.8443 73.5366
      vertex -5.65541 -35.7069 68.1539
      vertex -9.96308 -30.6632 73.5366
    endloop
  endfacet
  facet normal 0.230589 0.960471 0.155965
    outer loop
      vertex -6.61237 -41.7489 42.6733
      vertex -6.44956 -40.7209 36.1019
      vertex -13.0619 -40.2005 42.6733
    endloop
  endfacet
  facet normal 0.230589 0.960471 -0.155965
    outer loop
      vertex -6.44956 -40.7209 55.8981
      vertex -6.61237 -41.7489 49.3267
      vertex -13.0619 -40.2005 49.3267
    endloop
  endfacet
  facet normal 0.0746442 0.948402 -0.308158
    outer loop
      vertex -6.12793 -38.6902 62.2258
      vertex 0 -39.1725 62.2258
      vertex -6.44956 -40.7209 55.8981
    endloop
  endfacet
  facet normal 0.222075 0.925052 -0.308158
    outer loop
      vertex -6.12793 -38.6902 62.2258
      vertex -6.44956 -40.7209 55.8981
      vertex -12.105 -37.2553 62.2258
    endloop
  endfacet
  facet normal -0.0635298 0.807387 -0.586592
    outer loop
      vertex 0 -32.2412 73.5366
      vertex 5.65541 -35.7069 68.1539
      vertex 0 -36.1519 68.1539
    endloop
  endfacet
  facet normal -0.271018 0.654292 -0.706011
    outer loop
      vertex 12.5014 -24.5353 78.2412
      vertex 14.6372 -28.7271 73.5366
      vertex 8.50928 -26.1889 78.2412
    endloop
  endfacet
  facet normal -0.341188 0.823699 -0.452892
    outer loop
      vertex 16.4126 -32.2116 68.1539
      vertex 12.105 -37.2553 62.2258
      vertex 11.1716 -34.3825 68.1539
    endloop
  endfacet
  facet normal -0.423158 0.690541 -0.586592
    outer loop
      vertex 18.9509 -26.0837 73.5366
      vertex 21.2496 -29.2475 68.1539
      vertex 14.6372 -28.7271 73.5366
    endloop
  endfacet
  facet normal -0.18907 0.787501 0.586596
    outer loop
      vertex 5.65541 -35.7069 23.8461
      vertex 9.96308 -30.6632 18.4634
      vertex 5.04364 -31.8443 18.4634
    endloop
  endfacet
  facet normal -0.189074 0.787502 0.586593
    outer loop
      vertex 11.1716 -34.3825 23.8461
      vertex 9.96308 -30.6632 18.4634
      vertex 5.65541 -35.7069 23.8461
    endloop
  endfacet
  facet normal -0.222075 0.925052 0.308158
    outer loop
      vertex 6.44956 -40.7209 36.1019
      vertex 12.105 -37.2553 29.7742
      vertex 6.12793 -38.6902 29.7742
    endloop
  endfacet
  facet normal -0.0746442 0.948402 0.308158
    outer loop
      vertex 6.44956 -40.7209 36.1019
      vertex 6.12793 -38.6902 29.7742
      vertex 0 -39.1725 29.7742
    endloop
  endfacet
  facet normal 0.587159 0.0462016 0.808152
    outer loop
      vertex -21.8812 -3.46564 9.84806
      vertex -22.1539 0 9.84806
      vertex -27.1976 -4.30767 13.7588
    endloop
  endfacet
  facet normal 0.101901 0.119314 0.987613
    outer loop
      vertex -1.95536 -2.69133 3.7307
      vertex -2.35231 -2.35231 3.7307
      vertex -6.999 -6.999 4.77151
    endloop
  endfacet
  facet normal 0.29557 0.346065 0.890436
    outer loop
      vertex -13.0218 -17.9229 9.84806
      vertex -11.4734 -11.4734 6.82751
      vertex -15.6652 -15.6652 9.84806
    endloop
  endfacet
  facet normal 0.423158 0.690541 0.586592
    outer loop
      vertex -14.6372 -28.7271 18.4634
      vertex -18.9509 -26.0837 18.4634
      vertex -21.2496 -29.2475 23.8461
    endloop
  endfacet
  facet normal 0.811126 -0.497074 -0.308207
    outer loop
      vertex -31.6912 23.025 62.2258
      vertex -32 22.5211 62.2258
      vertex -32 22.6993 61.9384
    endloop
  endfacet
  facet normal 0.811121 -0.497116 -0.308153
    outer loop
      vertex -32 22.6993 61.9384
      vertex -33.3545 24.2335 55.8981
      vertex -31.6912 23.025 62.2258
    endloop
  endfacet
  facet normal 0.811182 -0.497022 -0.308143
    outer loop
      vertex -32.1105 22.5334 61.9151
      vertex -33.3545 24.2335 55.8981
      vertex -32 22.6993 61.9384
    endloop
  endfacet
  facet normal 0.811174 -0.497035 -0.308145
    outer loop
      vertex -32.3468 22.1927 61.8426
      vertex -33.3545 24.2335 55.8981
      vertex -32.1105 22.5334 61.9151
    endloop
  endfacet
  facet normal 0.811169 -0.497042 -0.308147
    outer loop
      vertex -32.5886 21.8576 61.7466
      vertex -33.3545 24.2335 55.8981
      vertex -32.3468 22.1927 61.8426
    endloop
  endfacet
  facet normal 0.81114 -0.497081 -0.308159
    outer loop
      vertex -32.8343 21.5305 61.6275
      vertex -33.3545 24.2335 55.8981
      vertex -32.5886 21.8576 61.7466
    endloop
  endfacet
  facet normal 0.811023 -0.497235 -0.308221
    outer loop
      vertex -33.0833 21.2122 61.4858
      vertex -33.3545 24.2335 55.8981
      vertex -32.8343 21.5305 61.6275
    endloop
  endfacet
  facet normal 0.811269 -0.496928 -0.308067
    outer loop
      vertex -33.334 20.9044 61.3221
      vertex -33.3545 24.2335 55.8981
      vertex -33.0833 21.2122 61.4858
    endloop
  endfacet
  facet normal 0.811137 -0.497085 -0.308162
    outer loop
      vertex -33.585 20.6092 61.1376
      vertex -33.3545 24.2335 55.8981
      vertex -33.334 20.9044 61.3221
    endloop
  endfacet
  facet normal 0.811163 -0.497055 -0.308141
    outer loop
      vertex -33.8355 20.3273 60.9329
      vertex -33.3545 24.2335 55.8981
      vertex -33.585 20.6092 61.1376
    endloop
  endfacet
  facet normal 0.811097 -0.497125 -0.308201
    outer loop
      vertex -34.0842 20.0604 60.7089
      vertex -33.3545 24.2335 55.8981
      vertex -33.8355 20.3273 60.9329
    endloop
  endfacet
  facet normal 0.811193 -0.497029 -0.308103
    outer loop
      vertex -34.3296 19.8099 60.4669
      vertex -33.3545 24.2335 55.8981
      vertex -34.0842 20.0604 60.7089
    endloop
  endfacet
  facet normal 0.811056 -0.497158 -0.308257
    outer loop
      vertex -33.3545 24.2335 55.8981
      vertex -34.3296 19.8099 60.4669
      vertex -34.4428 19.7005 60.3455
    endloop
  endfacet
  facet normal 0.748224 -0.309923 -0.586607
    outer loop
      vertex -28.7271 14.6372 73.5366
      vertex -32 10.3974 71.602
      vertex -32 12.6316 70.4216
    endloop
  endfacet
  facet normal 0.748227 -0.309928 -0.586601
    outer loop
      vertex -32 10.3974 71.602
      vertex -28.7271 14.6372 73.5366
      vertex -30.6632 9.96308 73.5366
    endloop
  endfacet
  facet normal 0.690507 -0.42315 -0.586637
    outer loop
      vertex -29.2475 21.2496 68.1539
      vertex -32 16.3048 68.4808
      vertex -32 16.758 68.1539
    endloop
  endfacet
  facet normal 0.690534 -0.423163 -0.586597
    outer loop
      vertex -32 16.3048 68.4808
      vertex -29.2475 21.2496 68.1539
      vertex -28.7271 14.6372 73.5366
    endloop
  endfacet
  facet normal 0.538516 -0.459932 -0.706019
    outer loop
      vertex -22.798 22.798 73.5366
      vertex -19.4713 19.4713 78.2412
      vertex -26.0837 18.9509 73.5366
    endloop
  endfacet
  facet normal 0.423158 -0.690541 -0.586592
    outer loop
      vertex -14.6372 28.7271 73.5366
      vertex -18.9509 26.0837 73.5366
      vertex -21.2496 29.2475 68.1539
    endloop
  endfacet
  facet normal 0.106246 -0.442533 -0.890436
    outer loop
      vertex -3.46564 21.8812 82.1519
      vertex -2.53827 16.026 85.1725
      vertex -5.01404 15.4316 85.1725
    endloop
  endfacet
  facet normal 0.617847 -0.723399 -0.308154
    outer loop
      vertex -24.2335 33.3545 55.8981
      vertex -27.6991 27.6991 62.2258
      vertex -29.1529 29.1529 55.8981
    endloop
  endfacet
  facet normal 0.677956 -0.579035 0.452874
    outer loop
      vertex -25.5633 25.5633 23.8461
      vertex -27.6991 27.6991 29.7742
      vertex -31.6912 23.025 29.7742
    endloop
  endfacet
  facet normal 0.677959 -0.579024 0.452882
    outer loop
      vertex -29.2475 21.2496 23.8461
      vertex -25.5633 25.5633 23.8461
      vertex -31.6912 23.025 29.7742
    endloop
  endfacet
  facet normal 0.538516 -0.459932 0.706019
    outer loop
      vertex -19.4713 19.4713 13.7588
      vertex -22.798 22.798 18.4634
      vertex -26.0837 18.9509 18.4634
    endloop
  endfacet
  facet normal 0.615841 -0.525973 0.586594
    outer loop
      vertex -22.798 22.798 18.4634
      vertex -25.5633 25.5633 23.8461
      vertex -26.0837 18.9509 18.4634
    endloop
  endfacet
  facet normal 0.502181 -0.30774 0.808153
    outer loop
      vertex -17.9229 13.0218 9.84806
      vertex -22.2776 16.1856 13.7588
      vertex -24.5353 12.5014 13.7588
    endloop
  endfacet
  facet normal 0.603839 -0.370036 0.706011
    outer loop
      vertex -24.5353 12.5014 13.7588
      vertex -22.2776 16.1856 13.7588
      vertex -28.7271 14.6372 18.4634
    endloop
  endfacet
  facet normal 0.346071 -0.295553 0.89044
    outer loop
      vertex -13.1269 9.53727 6.82751
      vertex -11.4734 11.4734 6.82751
      vertex -17.9229 13.0218 9.84806
    endloop
  endfacet
  facet normal 0.346065 -0.29557 0.890436
    outer loop
      vertex -11.4734 11.4734 6.82751
      vertex -15.6652 15.6652 9.84806
      vertex -17.9229 13.0218 9.84806
    endloop
  endfacet
  facet normal 0.572698 -0.137503 0.808152
    outer loop
      vertex -21.8812 3.46564 9.84806
      vertex -21.0696 6.84594 9.84806
      vertex -27.1976 4.30767 13.7588
    endloop
  endfacet
  facet normal 0.442528 -0.10625 0.890438
    outer loop
      vertex -15.4316 5.01404 6.82751
      vertex -21.0696 6.84594 9.84806
      vertex -21.8812 3.46564 9.84806
    endloop
  endfacet
  facet normal 0.30132 -0.072343 0.950775
    outer loop
      vertex -9.77622 1.5484 4.77151
      vertex -15.4316 5.01404 6.82751
      vertex -16.026 2.53827 6.82751
    endloop
  endfacet
  facet normal 0.301322 -0.0723397 0.950775
    outer loop
      vertex -9.77622 1.5484 4.77151
      vertex -9.41364 3.05868 4.77151
      vertex -15.4316 5.01404 6.82751
    endloop
  endfacet
  facet normal -0.0555611 -0.706015 0.706015
    outer loop
      vertex 4.30767 27.1976 13.7588
      vertex 0 32.2412 18.4634
      vertex 0 27.5366 13.7588
    endloop
  endfacet
  facet normal -0.0462073 -0.587155 0.808154
    outer loop
      vertex 4.30767 27.1976 13.7588
      vertex 0 27.5366 13.7588
      vertex 0 22.1539 9.84806
    endloop
  endfacet
  facet normal 0.842207 -0.5161 -0.155975
    outer loop
      vertex -33.3545 24.2335 55.8981
      vertex -36.7348 18.7173 55.8981
      vertex -37.6622 19.1899 49.3267
    endloop
  endfacet
  facet normal 0.912538 -0.378082 -0.155974
    outer loop
      vertex -36.9293 18.4 55.5293
      vertex -37.6622 19.1899 49.3267
      vertex -36.7348 18.7173 55.8981
    endloop
  endfacet
  facet normal 0.912568 -0.378013 -0.155969
    outer loop
      vertex -37.6622 19.1899 49.3267
      vertex -36.9293 18.4 55.5293
      vertex -37.9894 18.4 49.3267
    endloop
  endfacet
  facet normal 0.341205 -0.823699 0.452879
    outer loop
      vertex -16.4126 32.2116 23.8461
      vertex -12.105 37.2553 29.7742
      vertex -17.7839 34.9029 29.7742
    endloop
  endfacet
  facet normal 0.309929 -0.748232 0.586594
    outer loop
      vertex -14.6372 28.7271 18.4634
      vertex -11.1716 34.3825 23.8461
      vertex -16.4126 32.2116 23.8461
    endloop
  endfacet
  facet normal 0.307737 -0.502181 0.808153
    outer loop
      vertex -10.0577 19.7393 9.84806
      vertex -12.5014 24.5353 13.7588
      vertex -13.0218 17.9229 9.84806
    endloop
  endfacet
  facet normal 0.13749 -0.572695 0.808157
    outer loop
      vertex -6.84594 21.0696 9.84806
      vertex -4.30767 27.1976 13.7588
      vertex -8.50928 26.1889 13.7588
    endloop
  endfacet
  facet normal 0.447853 -0.382509 -0.808155
    outer loop
      vertex -19.4713 19.4713 78.2412
      vertex -17.9229 13.0218 82.1519
      vertex -22.2776 16.1856 78.2412
    endloop
  endfacet
  facet normal 0.538514 -0.459942 -0.706014
    outer loop
      vertex -19.4713 19.4713 78.2412
      vertex -22.2776 16.1856 78.2412
      vertex -26.0837 18.9509 73.5366
    endloop
  endfacet
  facet normal 0.201251 -0.235633 -0.950776
    outer loop
      vertex -5.81795 8.00772 87.2285
      vertex -6.999 6.999 87.2285
      vertex -11.4734 11.4734 85.1725
    endloop
  endfacet
  facet normal 0.420471 -0.174158 -0.890434
    outer loop
      vertex -19.7393 10.0577 82.1519
      vertex -14.4573 7.36635 85.1725
      vertex -21.0696 6.84594 82.1519
    endloop
  endfacet
  facet normal 0.161919 -0.264215 -0.950775
    outer loop
      vertex -7.36635 14.4573 85.1725
      vertex -5.81795 8.00772 87.2285
      vertex -9.53727 13.1269 85.1725
    endloop
  endfacet
  facet normal -0.1019 -0.119313 -0.987614
    outer loop
      vertex 6.999 6.999 87.2285
      vertex 2.35231 2.35231 88.2693
      vertex 1.95536 2.69133 88.2693
    endloop
  endfacet
  facet normal -0.133783 -0.0819821 -0.987614
    outer loop
      vertex 8.81926 4.49364 87.2285
      vertex 2.96408 1.51027 88.2693
      vertex 2.69133 1.95536 88.2693
    endloop
  endfacet
  facet normal -0.525973 -0.615841 0.586594
    outer loop
      vertex 22.798 22.798 18.4634
      vertex 25.5633 25.5633 23.8461
      vertex 18.9509 26.0837 18.4634
    endloop
  endfacet
  facet normal -0.615841 -0.525973 0.586594
    outer loop
      vertex 26.0837 18.9509 18.4634
      vertex 25.5633 25.5633 23.8461
      vertex 22.798 22.798 18.4634
    endloop
  endfacet
  facet normal -0.309929 -0.748232 0.586594
    outer loop
      vertex 14.6372 28.7271 18.4634
      vertex 16.4126 32.2116 23.8461
      vertex 11.1716 34.3825 23.8461
    endloop
  endfacet
  facet normal -0.42316 -0.690538 0.586594
    outer loop
      vertex 21.2496 29.2475 23.8461
      vertex 16.4126 32.2116 23.8461
      vertex 14.6372 28.7271 18.4634
    endloop
  endfacet
  facet normal -0.237791 -0.388041 0.890438
    outer loop
      vertex 13.0218 17.9229 9.84806
      vertex 10.0577 19.7393 9.84806
      vertex 7.36635 14.4573 6.82751
    endloop
  endfacet
  facet normal -0.22538 -0.544138 0.808157
    outer loop
      vertex 10.0577 19.7393 9.84806
      vertex 8.50928 26.1889 13.7588
      vertex 6.84594 21.0696 9.84806
    endloop
  endfacet
  facet normal -0.0357002 -0.453701 0.890439
    outer loop
      vertex 2.53827 16.026 6.82751
      vertex 3.46564 21.8812 9.84806
      vertex 0 22.1539 9.84806
    endloop
  endfacet
  facet normal -0.0462016 -0.587159 0.808152
    outer loop
      vertex 3.46564 21.8812 9.84806
      vertex 4.30767 27.1976 13.7588
      vertex 0 22.1539 9.84806
    endloop
  endfacet
  facet normal -0.0123087 -0.156423 0.987614
    outer loop
      vertex 0.520405 3.28571 3.7307
      vertex 0 9.89808 4.77151
      vertex 0 3.32666 3.7307
    endloop
  endfacet
  facet normal -0.0357134 -0.453705 0.890436
    outer loop
      vertex 2.53827 16.026 6.82751
      vertex 0 22.1539 9.84806
      vertex 0 16.2258 6.82751
    endloop
  endfacet
  facet normal 0.237791 -0.388041 0.890438
    outer loop
      vertex -7.36635 14.4573 6.82751
      vertex -10.0577 19.7393 9.84806
      vertex -13.0218 17.9229 9.84806
    endloop
  endfacet
  facet normal 0.174155 -0.420465 0.890437
    outer loop
      vertex -7.36635 14.4573 6.82751
      vertex -6.84594 21.0696 9.84806
      vertex -10.0577 19.7393 9.84806
    endloop
  endfacet
  facet normal -0.388033 -0.237797 0.89044
    outer loop
      vertex 14.4573 7.36635 6.82751
      vertex 17.9229 13.0218 9.84806
      vertex 13.1269 9.53727 6.82751
    endloop
  endfacet
  facet normal -0.235643 -0.201245 0.950775
    outer loop
      vertex 13.1269 9.53727 6.82751
      vertex 11.4734 11.4734 6.82751
      vertex 8.00772 5.81795 4.77151
    endloop
  endfacet
  facet normal -0.201245 -0.235643 0.950775
    outer loop
      vertex 11.4734 11.4734 6.82751
      vertex 9.53727 13.1269 6.82751
      vertex 5.81795 8.00772 4.77151
    endloop
  endfacet
  facet normal -0.119312 -0.101903 0.987614
    outer loop
      vertex 8.00772 5.81795 4.77151
      vertex 6.999 6.999 4.77151
      vertex 2.69133 1.95536 3.7307
    endloop
  endfacet
  facet normal 0.0357134 -0.453705 0.890436
    outer loop
      vertex 0 16.2258 6.82751
      vertex 0 22.1539 9.84806
      vertex -2.53827 16.026 6.82751
    endloop
  endfacet
  facet normal -0.0243172 -0.308926 0.950775
    outer loop
      vertex 1.5484 9.77622 4.77151
      vertex 2.53827 16.026 6.82751
      vertex 0 16.2258 6.82751
    endloop
  endfacet
  facet normal -0.156423 -0.0123087 0.987614
    outer loop
      vertex 3.32666 0 3.7307
      vertex 9.89808 0 4.77151
      vertex 3.28571 0.520405 3.7307
    endloop
  endfacet
  facet normal -0.101902 0.119311 -0.987614
    outer loop
      vertex 6.999 -6.999 87.2285
      vertex 5.81795 -8.00772 87.2285
      vertex 1.95536 -2.69133 88.2693
    endloop
  endfacet
  facet normal -0.201251 0.235633 -0.950776
    outer loop
      vertex 6.999 -6.999 87.2285
      vertex 11.4734 -11.4734 85.1725
      vertex 5.81795 -8.00772 87.2285
    endloop
  endfacet
  facet normal -0.420471 0.174154 -0.890435
    outer loop
      vertex 15.4316 -5.01404 85.1725
      vertex 21.0696 -6.84594 82.1519
      vertex 14.4573 -7.36635 85.1725
    endloop
  endfacet
  facet normal -0.286296 0.11858 -0.950775
    outer loop
      vertex 15.4316 -5.01404 85.1725
      vertex 14.4573 -7.36635 85.1725
      vertex 8.81926 -4.49364 87.2285
    endloop
  endfacet
  facet normal -0.442533 0.106246 -0.890436
    outer loop
      vertex 16.026 -2.53827 85.1725
      vertex 21.8812 -3.46564 82.1519
      vertex 15.4316 -5.01404 85.1725
    endloop
  endfacet
  facet normal -0.453707 0.0357007 -0.890436
    outer loop
      vertex 22.1539 0 82.1519
      vertex 21.8812 -3.46564 82.1519
      vertex 16.026 -2.53827 85.1725
    endloop
  endfacet
  facet normal -0.308926 0.0243126 -0.950775
    outer loop
      vertex 9.89808 0 87.2285
      vertex 16.2258 0 85.1725
      vertex 9.77622 -1.5484 87.2285
    endloop
  endfacet
  facet normal -0.144961 0.0600449 -0.987614
    outer loop
      vertex 9.41364 -3.05868 87.2285
      vertex 8.81926 -4.49364 87.2285
      vertex 3.16385 -1.028 88.2693
    endloop
  endfacet
  facet normal -0.156421 0.0123086 -0.987614
    outer loop
      vertex 3.32666 0 88.2693
      vertex 9.89808 0 87.2285
      vertex 3.28571 -0.520405 88.2693
    endloop
  endfacet
  facet normal -0.119311 0.101902 -0.987614
    outer loop
      vertex 8.00772 -5.81795 87.2285
      vertex 6.999 -6.999 87.2285
      vertex 2.69133 -1.95536 88.2693
    endloop
  endfacet
  facet normal -0.133783 0.0819826 -0.987614
    outer loop
      vertex 8.81926 -4.49364 87.2285
      vertex 8.00772 -5.81795 87.2285
      vertex 2.69133 -1.95536 88.2693
    endloop
  endfacet
  facet normal -0.0699552 -0.888825 -0.452875
    outer loop
      vertex 6.12793 38.6902 62.2258
      vertex 5.65541 35.7069 68.1539
      vertex 0 39.1725 62.2258
    endloop
  endfacet
  facet normal -0.615841 -0.525973 -0.586594
    outer loop
      vertex 25.5633 25.5633 68.1539
      vertex 26.0837 18.9509 73.5366
      vertex 22.798 22.798 73.5366
    endloop
  endfacet
  facet normal 0.15257 -0.0366281 -0.987614
    outer loop
      vertex -9.41364 3.05868 87.2285
      vertex -3.16385 1.028 88.2693
      vertex -9.77622 1.5484 87.2285
    endloop
  endfacet
  facet normal 0.144961 -0.0600449 -0.987614
    outer loop
      vertex -8.81926 4.49364 87.2285
      vertex -3.16385 1.028 88.2693
      vertex -9.41364 3.05868 87.2285
    endloop
  endfacet
  facet normal 0.156421 -0.0123086 -0.987614
    outer loop
      vertex -3.28571 0.520405 88.2693
      vertex -3.32666 0 88.2693
      vertex -9.89808 0 87.2285
    endloop
  endfacet
  facet normal 0 0 -1
    outer loop
      vertex 3.28571 -0.520405 88.2693
      vertex 3.28571 0.520405 88.2693
      vertex 3.32666 0 88.2693
    endloop
  endfacet
  facet normal 0 0 -1
    outer loop
      vertex 3.16385 -1.028 88.2693
      vertex 3.28571 0.520405 88.2693
      vertex 3.28571 -0.520405 88.2693
    endloop
  endfacet
  facet normal 0 0 -1
    outer loop
      vertex 3.16385 -1.028 88.2693
      vertex 3.16385 1.028 88.2693
      vertex 3.28571 0.520405 88.2693
    endloop
  endfacet
  facet normal 0 0 -1
    outer loop
      vertex 2.96408 -1.51027 88.2693
      vertex 3.16385 1.028 88.2693
      vertex 3.16385 -1.028 88.2693
    endloop
  endfacet
  facet normal 0 0 -1
    outer loop
      vertex 2.96408 -1.51027 88.2693
      vertex 2.96408 1.51027 88.2693
      vertex 3.16385 1.028 88.2693
    endloop
  endfacet
  facet normal 0 0 -1
    outer loop
      vertex 2.69133 -1.95536 88.2693
      vertex 2.96408 1.51027 88.2693
      vertex 2.96408 -1.51027 88.2693
    endloop
  endfacet
  facet normal 0 0 -1
    outer loop
      vertex 2.69133 -1.95536 88.2693
      vertex 2.69133 1.95536 88.2693
      vertex 2.96408 1.51027 88.2693
    endloop
  endfacet
  facet normal 0 0 -1
    outer loop
      vertex 2.35231 -2.35231 88.2693
      vertex 2.69133 1.95536 88.2693
      vertex 2.69133 -1.95536 88.2693
    endloop
  endfacet
  facet normal 0 0 -1
    outer loop
      vertex 2.35231 -2.35231 88.2693
      vertex 2.35231 2.35231 88.2693
      vertex 2.69133 1.95536 88.2693
    endloop
  endfacet
  facet normal 0 0 -1
    outer loop
      vertex 1.95536 -2.69133 88.2693
      vertex 2.35231 2.35231 88.2693
      vertex 2.35231 -2.35231 88.2693
    endloop
  endfacet
  facet normal 0 0 -1
    outer loop
      vertex 1.95536 -2.69133 88.2693
      vertex 1.95536 2.69133 88.2693
      vertex 2.35231 2.35231 88.2693
    endloop
  endfacet
  facet normal 0 0 -1
    outer loop
      vertex 1.51027 -2.96408 88.2693
      vertex 1.95536 2.69133 88.2693
      vertex 1.95536 -2.69133 88.2693
    endloop
  endfacet
  facet normal 0 0 -1
    outer loop
      vertex 1.51027 -2.96408 88.2693
      vertex 1.51027 2.96408 88.2693
      vertex 1.95536 2.69133 88.2693
    endloop
  endfacet
  facet normal 0 0 -1
    outer loop
      vertex 1.028 -3.16385 88.2693
      vertex 1.51027 2.96408 88.2693
      vertex 1.51027 -2.96408 88.2693
    endloop
  endfacet
  facet normal 0 0 -1
    outer loop
      vertex 1.028 -3.16385 88.2693
      vertex 1.028 3.16385 88.2693
      vertex 1.51027 2.96408 88.2693
    endloop
  endfacet
  facet normal 0 0 -1
    outer loop
      vertex 0.520405 -3.28571 88.2693
      vertex 1.028 3.16385 88.2693
      vertex 1.028 -3.16385 88.2693
    endloop
  endfacet
  facet normal 0 0 -1
    outer loop
      vertex 0.520405 -3.28571 88.2693
      vertex 0.520405 3.28571 88.2693
      vertex 1.028 3.16385 88.2693
    endloop
  endfacet
  facet normal 0 0 -1
    outer loop
      vertex 0 -3.32666 88.2693
      vertex 0.520405 3.28571 88.2693
      vertex 0.520405 -3.28571 88.2693
    endloop
  endfacet
  facet normal 0 0 -1
    outer loop
      vertex 0 -3.32666 88.2693
      vertex 0 3.32666 88.2693
      vertex 0.520405 3.28571 88.2693
    endloop
  endfacet
  facet normal 0 0 -1
    outer loop
      vertex -0.520405 -3.28571 88.2693
      vertex 0 3.32666 88.2693
      vertex 0 -3.32666 88.2693
    endloop
  endfacet
  facet normal 0 0 -1
    outer loop
      vertex -0.520405 -3.28571 88.2693
      vertex -0.520405 3.28571 88.2693
      vertex 0 3.32666 88.2693
    endloop
  endfacet
  facet normal 0 0 -1
    outer loop
      vertex -1.028 -3.16385 88.2693
      vertex -0.520405 3.28571 88.2693
      vertex -0.520405 -3.28571 88.2693
    endloop
  endfacet
  facet normal 0 0 -1
    outer loop
      vertex -1.028 -3.16385 88.2693
      vertex -1.028 3.16385 88.2693
      vertex -0.520405 3.28571 88.2693
    endloop
  endfacet
  facet normal 0 0 -1
    outer loop
      vertex -1.51027 -2.96408 88.2693
      vertex -1.028 3.16385 88.2693
      vertex -1.028 -3.16385 88.2693
    endloop
  endfacet
  facet normal 0 0 -1
    outer loop
      vertex -1.51027 -2.96408 88.2693
      vertex -1.51027 2.96408 88.2693
      vertex -1.028 3.16385 88.2693
    endloop
  endfacet
  facet normal 0 0 -1
    outer loop
      vertex -1.95536 -2.69133 88.2693
      vertex -1.51027 2.96408 88.2693
      vertex -1.51027 -2.96408 88.2693
    endloop
  endfacet
  facet normal 0 0 -1
    outer loop
      vertex -1.95536 -2.69133 88.2693
      vertex -1.95536 2.69133 88.2693
      vertex -1.51027 2.96408 88.2693
    endloop
  endfacet
  facet normal 0 0 -1
    outer loop
      vertex -2.35231 -2.35231 88.2693
      vertex -1.95536 2.69133 88.2693
      vertex -1.95536 -2.69133 88.2693
    endloop
  endfacet
  facet normal 0 0 -1
    outer loop
      vertex -2.35231 -2.35231 88.2693
      vertex -2.35231 2.35231 88.2693
      vertex -1.95536 2.69133 88.2693
    endloop
  endfacet
  facet normal 0 0 -1
    outer loop
      vertex -2.69133 -1.95536 88.2693
      vertex -2.35231 2.35231 88.2693
      vertex -2.35231 -2.35231 88.2693
    endloop
  endfacet
  facet normal 0 0 -1
    outer loop
      vertex -2.69133 -1.95536 88.2693
      vertex -2.69133 1.95536 88.2693
      vertex -2.35231 2.35231 88.2693
    endloop
  endfacet
  facet normal 0 0 -1
    outer loop
      vertex -2.96408 -1.51027 88.2693
      vertex -2.69133 1.95536 88.2693
      vertex -2.69133 -1.95536 88.2693
    endloop
  endfacet
  facet normal 0 0 -1
    outer loop
      vertex -2.96408 -1.51027 88.2693
      vertex -2.96408 1.51027 88.2693
      vertex -2.69133 1.95536 88.2693
    endloop
  endfacet
  facet normal 0 0 -1
    outer loop
      vertex -3.16385 -1.028 88.2693
      vertex -2.96408 1.51027 88.2693
      vertex -2.96408 -1.51027 88.2693
    endloop
  endfacet
  facet normal 0 0 -1
    outer loop
      vertex -3.16385 -1.028 88.2693
      vertex -3.16385 1.028 88.2693
      vertex -2.96408 1.51027 88.2693
    endloop
  endfacet
  facet normal 0 0 -1
    outer loop
      vertex -3.28571 -0.520405 88.2693
      vertex -3.16385 1.028 88.2693
      vertex -3.16385 -1.028 88.2693
    endloop
  endfacet
  facet normal 0 0 -1
    outer loop
      vertex -3.28571 -0.520405 88.2693
      vertex -3.28571 0.520405 88.2693
      vertex -3.16385 1.028 88.2693
    endloop
  endfacet
  facet normal 0 -0 -1
    outer loop
      vertex -3.28571 0.520405 88.2693
      vertex -3.28571 -0.520405 88.2693
      vertex -3.32666 0 88.2693
    endloop
  endfacet
  facet normal 0.0243126 -0.308926 0.950775
    outer loop
      vertex 0 9.89808 4.77151
      vertex 0 16.2258 6.82751
      vertex -1.5484 9.77622 4.77151
    endloop
  endfacet
  facet normal 0.133784 -0.0819834 0.987614
    outer loop
      vertex -2.69133 1.95536 3.7307
      vertex -8.00772 5.81795 4.77151
      vertex -8.81926 4.49364 4.77151
    endloop
  endfacet
  facet normal 0.161913 0.264217 0.950775
    outer loop
      vertex -4.49364 -8.81926 4.77151
      vertex -5.81795 -8.00772 4.77151
      vertex -7.36635 -14.4573 6.82751
    endloop
  endfacet
  facet normal 0.453701 0.0357002 0.890439
    outer loop
      vertex -21.8812 -3.46564 9.84806
      vertex -16.026 -2.53827 6.82751
      vertex -22.1539 0 9.84806
    endloop
  endfacet
  facet normal 0.230592 0.960469 0.155968
    outer loop
      vertex -6.44956 -40.7209 36.1019
      vertex -12.7403 -39.2106 36.1019
      vertex -13.0619 -40.2005 42.6733
    endloop
  endfacet
  facet normal 0.0775003 0.984718 0.155963
    outer loop
      vertex 0 -42.2693 42.6733
      vertex 0 -41.2285 36.1019
      vertex -6.44956 -40.7209 36.1019
    endloop
  endfacet
  facet normal 0.0635356 0.807384 0.586596
    outer loop
      vertex 0 -32.2412 18.4634
      vertex -5.04364 -31.8443 18.4634
      vertex -5.65541 -35.7069 23.8461
    endloop
  endfacet
  facet normal 0.309929 0.748232 0.586594
    outer loop
      vertex -11.1716 -34.3825 23.8461
      vertex -14.6372 -28.7271 18.4634
      vertex -16.4126 -32.2116 23.8461
    endloop
  endfacet
  facet normal 0.751097 0.641503 0.155972
    outer loop
      vertex -29.8889 -29.8889 42.6733
      vertex -29.1529 -29.1529 36.1019
      vertex -33.3545 -24.2335 36.1019
    endloop
  endfacet
  facet normal 0.641503 0.751097 0.155972
    outer loop
      vertex -24.2335 -33.3545 36.1019
      vertex -29.1529 -29.1529 36.1019
      vertex -29.8889 -29.8889 42.6733
    endloop
  endfacet
  facet normal 0.76018 0.465853 0.452888
    outer loop
      vertex -31.6912 -23.025 29.7742
      vertex -32 -19.1015 26.2567
      vertex -32 -22.5211 29.7742
    endloop
  endfacet
  facet normal 0.0723397 0.301322 0.950775
    outer loop
      vertex -1.5484 -9.77622 4.77151
      vertex -3.05868 -9.41364 4.77151
      vertex -5.01404 -15.4316 6.82751
    endloop
  endfacet
  facet normal 0.0357002 0.453701 0.890439
    outer loop
      vertex 0 -22.1539 9.84806
      vertex -2.53827 -16.026 6.82751
      vertex -3.46564 -21.8812 9.84806
    endloop
  endfacet
  facet normal 0.0462016 0.587159 0.808152
    outer loop
      vertex 0 -22.1539 9.84806
      vertex -3.46564 -21.8812 9.84806
      vertex -4.30767 -27.1976 13.7588
    endloop
  endfacet
  facet normal 0.106245 0.442527 0.890439
    outer loop
      vertex -3.46564 -21.8812 9.84806
      vertex -2.53827 -16.026 6.82751
      vertex -5.01404 -15.4316 6.82751
    endloop
  endfacet
  facet normal -0.0366282 0.152571 0.987614
    outer loop
      vertex 1.5484 -9.77622 4.77151
      vertex 1.028 -3.16385 3.7307
      vertex 0.520405 -3.28571 3.7307
    endloop
  endfacet
  facet normal -0.0243126 0.308926 0.950775
    outer loop
      vertex 1.5484 -9.77622 4.77151
      vertex 0 -9.89808 4.77151
      vertex 0 -16.2258 6.82751
    endloop
  endfacet
  facet normal -0.442527 0.106245 0.890439
    outer loop
      vertex 21.8812 -3.46564 9.84806
      vertex 16.026 -2.53827 6.82751
      vertex 15.4316 -5.01404 6.82751
    endloop
  endfacet
  facet normal -0.156423 0.0123106 0.987613
    outer loop
      vertex 9.77622 -1.5484 4.77151
      vertex 9.89808 0 4.77151
      vertex 3.28571 -0.520405 3.7307
    endloop
  endfacet
  facet normal -0.587155 0.0462073 0.808154
    outer loop
      vertex 27.1976 -4.30767 13.7588
      vertex 27.5366 0 13.7588
      vertex 22.1539 0 9.84806
    endloop
  endfacet
  facet normal -0.144962 0.0600454 0.987614
    outer loop
      vertex 8.81926 -4.49364 4.77151
      vertex 9.41364 -3.05868 4.77151
      vertex 3.16385 -1.028 3.7307
    endloop
  endfacet
  facet normal -0.0819834 0.133784 0.987614
    outer loop
      vertex 4.49364 -8.81926 4.77151
      vertex 5.81795 -8.00772 4.77151
      vertex 1.95536 -2.69133 3.7307
    endloop
  endfacet
  facet normal -0.0123106 0.156423 0.987613
    outer loop
      vertex 1.5484 -9.77622 4.77151
      vertex 0.520405 -3.28571 3.7307
      vertex 0 -9.89808 4.77151
    endloop
  endfacet
  facet normal -0.346065 0.29557 0.890436
    outer loop
      vertex 15.6652 -15.6652 9.84806
      vertex 17.9229 -13.0218 9.84806
      vertex 11.4734 -11.4734 6.82751
    endloop
  endfacet
  facet normal -0.382511 0.447858 0.808151
    outer loop
      vertex 19.4713 -19.4713 13.7588
      vertex 15.6652 -15.6652 9.84806
      vertex 13.0218 -17.9229 9.84806
    endloop
  endfacet
  facet normal -0.807417 0.0635327 0.586551
    outer loop
      vertex 32 -5.0683 18.6804
      vertex 32 -3.0649 18.4634
      vertex 31.8443 -5.04364 18.4634
    endloop
  endfacet
  facet normal -0.78754 0.189044 0.586552
    outer loop
      vertex 31.8443 -5.04364 18.4634
      vertex 32 -8.82136 19.89
      vertex 32 -5.0683 18.6804
    endloop
  endfacet
  facet normal -0.787492 0.189068 0.586609
    outer loop
      vertex 32 -8.82136 19.89
      vertex 31.8443 -5.04364 18.4634
      vertex 30.6632 -9.96308 18.4634
    endloop
  endfacet
  facet normal -0.447856 0.382512 0.808152
    outer loop
      vertex 19.4713 -19.4713 13.7588
      vertex 22.2776 -16.1856 13.7588
      vertex 17.9229 -13.0218 9.84806
    endloop
  endfacet
  facet normal -0.538514 0.459942 0.706014
    outer loop
      vertex 26.0837 -18.9509 18.4634
      vertex 22.2776 -16.1856 13.7588
      vertex 19.4713 -19.4713 13.7588
    endloop
  endfacet
  facet normal -0.502181 0.30774 0.808153
    outer loop
      vertex 22.2776 -16.1856 13.7588
      vertex 24.5353 -12.5014 13.7588
      vertex 17.9229 -13.0218 9.84806
    endloop
  endfacet
  facet normal -0.420465 0.174152 0.890438
    outer loop
      vertex 21.0696 -6.84594 9.84806
      vertex 15.4316 -5.01404 6.82751
      vertex 14.4573 -7.36635 6.82751
    endloop
  endfacet
  facet normal -0.137503 0.572698 0.808152
    outer loop
      vertex 4.30767 -27.1976 13.7588
      vertex 6.84594 -21.0696 9.84806
      vertex 3.46564 -21.8812 9.84806
    endloop
  endfacet
  facet normal -0.10625 0.442528 0.890438
    outer loop
      vertex 6.84594 -21.0696 9.84806
      vertex 5.01404 -15.4316 6.82751
      vertex 3.46564 -21.8812 9.84806
    endloop
  endfacet
  facet normal -0.161913 0.264217 0.950775
    outer loop
      vertex 7.36635 -14.4573 6.82751
      vertex 5.81795 -8.00772 4.77151
      vertex 4.49364 -8.81926 4.77151
    endloop
  endfacet
  facet normal -0.11858 0.286296 0.950775
    outer loop
      vertex 5.01404 -15.4316 6.82751
      vertex 7.36635 -14.4573 6.82751
      vertex 4.49364 -8.81926 4.77151
    endloop
  endfacet
  facet normal -0.912538 0.378082 0.155974
    outer loop
      vertex 37.6622 -19.1899 42.6733
      vertex 36.9293 -18.4 36.4707
      vertex 36.7348 -18.7173 36.1019
    endloop
  endfacet
  facet normal -0.912568 0.378013 0.155969
    outer loop
      vertex 36.9293 -18.4 36.4707
      vertex 37.6622 -19.1899 42.6733
      vertex 37.9894 -18.4 42.6733
    endloop
  endfacet
  facet normal -0.502178 -0.307735 -0.808156
    outer loop
      vertex 24.5353 12.5014 78.2412
      vertex 19.7393 10.0577 82.1519
      vertex 17.9229 13.0218 82.1519
    endloop
  endfacet
  facet normal -0.544135 -0.225389 -0.808156
    outer loop
      vertex 24.5353 12.5014 78.2412
      vertex 26.1889 8.50928 78.2412
      vertex 19.7393 10.0577 82.1519
    endloop
  endfacet
  facet normal -0.370028 0.60384 -0.706014
    outer loop
      vertex 16.1856 -22.2776 78.2412
      vertex 18.9509 -26.0837 73.5366
      vertex 14.6372 -28.7271 73.5366
    endloop
  endfacet
  facet normal -0.42316 0.690538 -0.586594
    outer loop
      vertex 21.2496 -29.2475 68.1539
      vertex 16.4126 -32.2116 68.1539
      vertex 14.6372 -28.7271 73.5366
    endloop
  endfacet
  facet normal -0.137489 0.572691 -0.808159
    outer loop
      vertex 6.84594 -21.0696 82.1519
      vertex 8.50928 -26.1889 78.2412
      vertex 4.30767 -27.1976 78.2412
    endloop
  endfacet
  facet normal -0.161913 0.264217 -0.950775
    outer loop
      vertex 5.81795 -8.00772 87.2285
      vertex 7.36635 -14.4573 85.1725
      vertex 4.49364 -8.81926 87.2285
    endloop
  endfacet
  facet normal -0.420471 0.174158 -0.890434
    outer loop
      vertex 21.0696 -6.84594 82.1519
      vertex 19.7393 -10.0577 82.1519
      vertex 14.4573 -7.36635 85.1725
    endloop
  endfacet
  facet normal -0.388046 0.237795 -0.890435
    outer loop
      vertex 19.7393 -10.0577 82.1519
      vertex 17.9229 -13.0218 82.1519
      vertex 14.4573 -7.36635 85.1725
    endloop
  endfacet
  facet normal -0.497067 0.811152 -0.308152
    outer loop
      vertex 23.025 -31.6912 62.2258
      vertex 24.2335 -33.3545 55.8981
      vertex 17.7839 -34.9029 62.2258
    endloop
  endfacet
  facet normal -0.497068 0.81115 -0.308154
    outer loop
      vertex 24.2335 -33.3545 55.8981
      vertex 18.7173 -36.7348 55.8981
      vertex 17.7839 -34.9029 62.2258
    endloop
  endfacet
  facet normal 0.14496 0.0600466 -0.987614
    outer loop
      vertex -3.16385 -1.028 88.2693
      vertex -2.96408 -1.51027 88.2693
      vertex -8.81926 -4.49364 87.2285
    endloop
  endfacet
  facet normal 0.133783 0.0819826 -0.987614
    outer loop
      vertex -2.69133 -1.95536 88.2693
      vertex -8.00772 -5.81795 87.2285
      vertex -8.81926 -4.49364 87.2285
    endloop
  endfacet
  facet normal 0.307735 0.502178 -0.808156
    outer loop
      vertex -10.0577 -19.7393 82.1519
      vertex -12.5014 -24.5353 78.2412
      vertex -13.0218 -17.9229 82.1519
    endloop
  endfacet
  facet normal 0.137489 0.572691 -0.808159
    outer loop
      vertex -6.84594 -21.0696 82.1519
      vertex -4.30767 -27.1976 78.2412
      vertex -8.50928 -26.1889 78.2412
    endloop
  endfacet
  facet normal 0.295557 0.346076 -0.890437
    outer loop
      vertex -11.4734 -11.4734 85.1725
      vertex -9.53727 -13.1269 85.1725
      vertex -13.0218 -17.9229 82.1519
    endloop
  endfacet
  facet normal 0.0123104 0.156421 -0.987614
    outer loop
      vertex -0.520405 -3.28571 88.2693
      vertex 0 -9.89808 87.2285
      vertex -1.5484 -9.77622 87.2285
    endloop
  endfacet
  facet normal 0.1019 0.119313 -0.987614
    outer loop
      vertex -2.35231 -2.35231 88.2693
      vertex -1.95536 -2.69133 88.2693
      vertex -6.999 -6.999 87.2285
    endloop
  endfacet
  facet normal 0.201251 0.235633 -0.950776
    outer loop
      vertex -6.999 -6.999 87.2285
      vertex -5.81795 -8.00772 87.2285
      vertex -11.4734 -11.4734 85.1725
    endloop
  endfacet
  facet normal 0.0600449 0.144961 -0.987614
    outer loop
      vertex -1.028 -3.16385 88.2693
      vertex -3.05868 -9.41364 87.2285
      vertex -4.49364 -8.81926 87.2285
    endloop
  endfacet
  facet normal -0.0243126 0.308926 -0.950775
    outer loop
      vertex 0 -9.89808 87.2285
      vertex 1.5484 -9.77622 87.2285
      vertex 0 -16.2258 85.1725
    endloop
  endfacet
  facet normal -0.0600466 0.14496 -0.987614
    outer loop
      vertex 1.51027 -2.96408 88.2693
      vertex 4.49364 -8.81926 87.2285
      vertex 1.028 -3.16385 88.2693
    endloop
  endfacet
  facet normal -0.0819821 0.133783 -0.987614
    outer loop
      vertex 1.95536 -2.69133 88.2693
      vertex 4.49364 -8.81926 87.2285
      vertex 1.51027 -2.96408 88.2693
    endloop
  endfacet
  facet normal 0.0635298 0.807387 -0.586592
    outer loop
      vertex 0 -32.2412 73.5366
      vertex 0 -36.1519 68.1539
      vertex -5.65541 -35.7069 68.1539
    endloop
  endfacet
  facet normal 0.0699374 0.88882 -0.452889
    outer loop
      vertex 0 -36.1519 68.1539
      vertex 0 -39.1725 62.2258
      vertex -5.65541 -35.7069 68.1539
    endloop
  endfacet
  facet normal -0.0775003 0.984718 -0.155963
    outer loop
      vertex 0 -41.2285 55.8981
      vertex 6.44956 -40.7209 55.8981
      vertex 0 -42.2693 49.3267
    endloop
  endfacet
  facet normal -0.0746422 0.948403 -0.308156
    outer loop
      vertex 0 -39.1725 62.2258
      vertex 6.44956 -40.7209 55.8981
      vertex 0 -41.2285 55.8981
    endloop
  endfacet
  facet normal -0.0635356 0.807384 -0.586596
    outer loop
      vertex 5.04364 -31.8443 73.5366
      vertex 5.65541 -35.7069 68.1539
      vertex 0 -32.2412 73.5366
    endloop
  endfacet
  facet normal -0.18907 0.787501 -0.586596
    outer loop
      vertex 9.96308 -30.6632 73.5366
      vertex 5.65541 -35.7069 68.1539
      vertex 5.04364 -31.8443 73.5366
    endloop
  endfacet
  facet normal -0.208125 0.866942 0.452875
    outer loop
      vertex 6.12793 -38.6902 29.7742
      vertex 12.105 -37.2553 29.7742
      vertex 5.65541 -35.7069 23.8461
    endloop
  endfacet
  facet normal -0.165331 0.688627 0.706016
    outer loop
      vertex 5.04364 -31.8443 18.4634
      vertex 9.96308 -30.6632 18.4634
      vertex 4.30767 -27.1976 13.7588
    endloop
  endfacet
  facet normal -0.0699552 0.888825 0.452875
    outer loop
      vertex 6.12793 -38.6902 29.7742
      vertex 5.65541 -35.7069 23.8461
      vertex 0 -39.1725 29.7742
    endloop
  endfacet
  facet normal 0.0774982 0.984718 0.155965
    outer loop
      vertex 0 -42.2693 42.6733
      vertex -6.44956 -40.7209 36.1019
      vertex -6.61237 -41.7489 42.6733
    endloop
  endfacet
  facet normal 0.346065 0.29557 0.890436
    outer loop
      vertex -15.6652 -15.6652 9.84806
      vertex -11.4734 -11.4734 6.82751
      vertex -17.9229 -13.0218 9.84806
    endloop
  endfacet
  facet normal 0.264215 0.161919 0.950775
    outer loop
      vertex -13.1269 -9.53727 6.82751
      vertex -8.00772 -5.81795 4.77151
      vertex -14.4573 -7.36635 6.82751
    endloop
  endfacet
  facet normal 0.502181 0.307737 0.808153
    outer loop
      vertex -17.9229 -13.0218 9.84806
      vertex -19.7393 -10.0577 9.84806
      vertex -24.5353 -12.5014 13.7588
    endloop
  endfacet
  facet normal 0.544139 0.225391 0.808153
    outer loop
      vertex -24.5353 -12.5014 13.7588
      vertex -19.7393 -10.0577 9.84806
      vertex -26.1889 -8.50928 13.7588
    endloop
  endfacet
  facet normal 0.787494 -0.189078 -0.586603
    outer loop
      vertex -32 10.3974 71.602
      vertex -30.6632 9.96308 73.5366
      vertex -32 8.82136 72.11
    endloop
  endfacet
  facet normal 0.60384 -0.370028 -0.706014
    outer loop
      vertex -26.0837 18.9509 73.5366
      vertex -22.2776 16.1856 78.2412
      vertex -28.7271 14.6372 73.5366
    endloop
  endfacet
  facet normal 0.603839 -0.370036 -0.706011
    outer loop
      vertex -22.2776 16.1856 78.2412
      vertex -24.5353 12.5014 78.2412
      vertex -28.7271 14.6372 73.5366
    endloop
  endfacet
  facet normal 0.0774903 -0.984719 -0.155958
    outer loop
      vertex -6.44956 40.7209 55.8981
      vertex -3.1512 41.2016 54.5018
      vertex -3.65896 40.9405 55.8981
    endloop
  endfacet
  facet normal 0.0775333 -0.984732 -0.15586
    outer loop
      vertex -6.44956 40.7209 55.8981
      vertex -3.06406 41.2464 54.2621
      vertex -3.1512 41.2016 54.5018
    endloop
  endfacet
  facet normal 0.0772879 -0.984673 -0.156349
    outer loop
      vertex -6.44956 40.7209 55.8981
      vertex -2.65872 41.3413 53.8648
      vertex -3.06406 41.2464 54.2621
    endloop
  endfacet
  facet normal 0.077505 -0.984718 -0.155958
    outer loop
      vertex 0 42.2693 49.3267
      vertex -2.65872 41.3413 53.8648
      vertex -6.44956 40.7209 55.8981
    endloop
  endfacet
  facet normal 0.0773984 -0.984717 -0.15602
    outer loop
      vertex -2.65872 41.3413 53.8648
      vertex 0 42.2693 49.3267
      vertex -1.85712 41.4972 53.2785
    endloop
  endfacet
  facet normal 0.0790153 -0.984664 -0.155543
    outer loop
      vertex 0 42.2693 49.3267
      vertex -0.918533 41.6499 52.7812
      vertex -0.975785 41.6442 52.7882
    endloop
  endfacet
  facet normal 0.0774964 -0.984719 -0.155957
    outer loop
      vertex -0.918533 41.6499 52.7812
      vertex 0 42.2693 49.3267
      vertex 0 41.7401 52.6681
    endloop
  endfacet
  facet normal 0.0773967 -0.984719 -0.156009
    outer loop
      vertex -1.31585 41.6025 52.8827
      vertex 0 42.2693 49.3267
      vertex -0.975785 41.6442 52.7882
    endloop
  endfacet
  facet normal 0.0775232 -0.984716 -0.155962
    outer loop
      vertex -1.85712 41.4972 53.2785
      vertex 0 42.2693 49.3267
      vertex -1.31585 41.6025 52.8827
    endloop
  endfacet
  facet normal 0.579024 -0.677959 -0.452882
    outer loop
      vertex -23.025 31.6912 62.2258
      vertex -21.2496 29.2475 68.1539
      vertex -25.5633 25.5633 68.1539
    endloop
  endfacet
  facet normal 0.723399 -0.617847 -0.308154
    outer loop
      vertex -29.1529 29.1529 55.8981
      vertex -27.6991 27.6991 62.2258
      vertex -33.3545 24.2335 55.8981
    endloop
  endfacet
  facet normal 0.307738 -0.502178 -0.808155
    outer loop
      vertex -12.5014 24.5353 78.2412
      vertex -13.0218 17.9229 82.1519
      vertex -16.1856 22.2776 78.2412
    endloop
  endfacet
  facet normal 0.46584 -0.760193 0.452879
    outer loop
      vertex -16.4126 32.2116 23.8461
      vertex -17.7839 34.9029 29.7742
      vertex -23.025 31.6912 29.7742
    endloop
  endfacet
  facet normal 0.42316 -0.690538 0.586594
    outer loop
      vertex -14.6372 28.7271 18.4634
      vertex -16.4126 32.2116 23.8461
      vertex -21.2496 29.2475 23.8461
    endloop
  endfacet
  facet normal 0.76018 -0.465853 0.452888
    outer loop
      vertex -31.6912 23.025 29.7742
      vertex -32 22.5211 29.7742
      vertex -32 19.1015 26.2567
    endloop
  endfacet
  facet normal 0.81113 -0.497101 0.308153
    outer loop
      vertex -33.3545 24.2335 36.1019
      vertex -32 22.7004 30.0634
      vertex -31.6912 23.025 29.7742
    endloop
  endfacet
  facet normal 0.811098 -0.497151 0.308158
    outer loop
      vertex -33.3545 24.2335 36.1019
      vertex -32.243 22.3412 30.1235
      vertex -32 22.7004 30.0634
    endloop
  endfacet
  facet normal 0.811203 -0.496996 0.308129
    outer loop
      vertex -33.3545 24.2335 36.1019
      vertex -32.4671 22.0244 30.2025
      vertex -32.243 22.3412 30.1235
    endloop
  endfacet
  facet normal 0.811213 -0.496984 0.308126
    outer loop
      vertex -33.3545 24.2335 36.1019
      vertex -32.711 21.693 30.3101
      vertex -32.4671 22.0244 30.2025
    endloop
  endfacet
  facet normal 0.811093 -0.497144 0.308183
    outer loop
      vertex -33.3545 24.2335 36.1019
      vertex -32.9585 21.3701 30.4406
      vertex -32.711 21.693 30.3101
    endloop
  endfacet
  facet normal 0.811192 -0.497018 0.308126
    outer loop
      vertex -33.3545 24.2335 36.1019
      vertex -33.2084 21.0569 30.5933
      vertex -32.9585 21.3701 30.4406
    endloop
  endfacet
  facet normal 0.811146 -0.497073 0.308157
    outer loop
      vertex -33.3545 24.2335 36.1019
      vertex -33.4595 20.7552 30.7676
      vertex -33.2084 21.0569 30.5933
    endloop
  endfacet
  facet normal 0.811128 -0.497094 0.308171
    outer loop
      vertex -33.3545 24.2335 36.1019
      vertex -33.7104 20.4665 30.9623
      vertex -33.4595 20.7552 30.7676
    endloop
  endfacet
  facet normal 0.811108 -0.497116 0.308188
    outer loop
      vertex -33.3545 24.2335 36.1019
      vertex -33.9601 20.192 31.1767
      vertex -33.7104 20.4665 30.9623
    endloop
  endfacet
  facet normal 0.811156 -0.497067 0.308141
    outer loop
      vertex -33.3545 24.2335 36.1019
      vertex -34.2074 19.933 31.4099
      vertex -33.9601 20.192 31.1767
    endloop
  endfacet
  facet normal 0.811125 -0.497097 0.308175
    outer loop
      vertex -34.2074 19.933 31.4099
      vertex -33.3545 24.2335 36.1019
      vertex -34.4433 19.6986 31.6527
    endloop
  endfacet
  facet normal 0.811133 -0.497079 0.308182
    outer loop
      vertex -31.6912 23.025 29.7742
      vertex -32 22.7004 30.0634
      vertex -32 22.5211 29.7742
    endloop
  endfacet
  facet normal 0.119312 -0.101903 0.987614
    outer loop
      vertex -2.69133 1.95536 3.7307
      vertex -6.999 6.999 4.77151
      vertex -8.00772 5.81795 4.77151
    endloop
  endfacet
  facet normal 0.301322 0.0723397 0.950775
    outer loop
      vertex -9.41364 -3.05868 4.77151
      vertex -9.77622 -1.5484 4.77151
      vertex -15.4316 -5.01404 6.82751
    endloop
  endfacet
  facet normal 0.308926 0.0243172 0.950775
    outer loop
      vertex -16.026 -2.53827 6.82751
      vertex -9.77622 -1.5484 4.77151
      vertex -16.2258 0 6.82751
    endloop
  endfacet
  facet normal 0.225391 -0.544139 0.808153
    outer loop
      vertex -10.0577 19.7393 9.84806
      vertex -8.50928 26.1889 13.7588
      vertex -12.5014 24.5353 13.7588
    endloop
  endfacet
  facet normal 0.271018 -0.654292 0.706011
    outer loop
      vertex -12.5014 24.5353 13.7588
      vertex -8.50928 26.1889 13.7588
      vertex -14.6372 28.7271 18.4634
    endloop
  endfacet
  facet normal 0.0462073 -0.587155 0.808154
    outer loop
      vertex 0 22.1539 9.84806
      vertex 0 27.5366 13.7588
      vertex -4.30767 27.1976 13.7588
    endloop
  endfacet
  facet normal 0.0555611 -0.706015 0.706015
    outer loop
      vertex 0 27.5366 13.7588
      vertex 0 32.2412 18.4634
      vertex -4.30767 27.1976 13.7588
    endloop
  endfacet
  facet normal 0.341188 -0.823699 0.452892
    outer loop
      vertex -11.1716 34.3825 23.8461
      vertex -12.105 37.2553 29.7742
      vertex -16.4126 32.2116 23.8461
    endloop
  endfacet
  facet normal 0.208144 -0.866928 0.452893
    outer loop
      vertex -11.1716 34.3825 23.8461
      vertex -5.65541 35.7069 23.8461
      vertex -12.105 37.2553 29.7742
    endloop
  endfacet
  facet normal 0.423158 -0.690541 0.586592
    outer loop
      vertex -18.9509 26.0837 18.4634
      vertex -14.6372 28.7271 18.4634
      vertex -21.2496 29.2475 23.8461
    endloop
  endfacet
  facet normal 0.525972 -0.615842 0.586593
    outer loop
      vertex -18.9509 26.0837 18.4634
      vertex -21.2496 29.2475 23.8461
      vertex -25.5633 25.5633 23.8461
    endloop
  endfacet
  facet normal 0.382509 -0.447855 -0.808154
    outer loop
      vertex -13.0218 17.9229 82.1519
      vertex -15.6652 15.6652 82.1519
      vertex -19.4713 19.4713 78.2412
    endloop
  endfacet
  facet normal 0.502178 -0.307735 -0.808156
    outer loop
      vertex -17.9229 13.0218 82.1519
      vertex -19.7393 10.0577 82.1519
      vertex -24.5353 12.5014 78.2412
    endloop
  endfacet
  facet normal 0.447855 -0.382509 -0.808154
    outer loop
      vertex -15.6652 15.6652 82.1519
      vertex -17.9229 13.0218 82.1519
      vertex -19.4713 19.4713 78.2412
    endloop
  endfacet
  facet normal 0.388046 -0.237795 -0.890435
    outer loop
      vertex -17.9229 13.0218 82.1519
      vertex -14.4573 7.36635 85.1725
      vertex -19.7393 10.0577 82.1519
    endloop
  endfacet
  facet normal 0.2378 -0.388038 -0.890437
    outer loop
      vertex -7.36635 14.4573 85.1725
      vertex -9.53727 13.1269 85.1725
      vertex -13.0218 17.9229 82.1519
    endloop
  endfacet
  facet normal 0.101902 -0.119311 -0.987614
    outer loop
      vertex -5.81795 8.00772 87.2285
      vertex -1.95536 2.69133 88.2693
      vertex -6.999 6.999 87.2285
    endloop
  endfacet
  facet normal -0.382509 -0.447853 -0.808155
    outer loop
      vertex 16.1856 22.2776 78.2412
      vertex 19.4713 19.4713 78.2412
      vertex 13.0218 17.9229 82.1519
    endloop
  endfacet
  facet normal -0.11858 -0.286296 -0.950775
    outer loop
      vertex 5.01404 15.4316 85.1725
      vertex 7.36635 14.4573 85.1725
      vertex 4.49364 8.81926 87.2285
    endloop
  endfacet
  facet normal -0.42316 -0.690538 -0.586594
    outer loop
      vertex 16.4126 32.2116 68.1539
      vertex 21.2496 29.2475 68.1539
      vertex 14.6372 28.7271 73.5366
    endloop
  endfacet
  facet normal -0.208125 -0.866942 -0.452875
    outer loop
      vertex 6.12793 38.6902 62.2258
      vertex 12.105 37.2553 62.2258
      vertex 5.65541 35.7069 68.1539
    endloop
  endfacet
  facet normal 0.133783 -0.0819821 -0.987614
    outer loop
      vertex -2.69133 1.95536 88.2693
      vertex -2.96408 1.51027 88.2693
      vertex -8.81926 4.49364 87.2285
    endloop
  endfacet
  facet normal 0.119311 -0.101902 -0.987614
    outer loop
      vertex -6.999 6.999 87.2285
      vertex -2.69133 1.95536 88.2693
      vertex -8.00772 5.81795 87.2285
    endloop
  endfacet
  facet normal -0.161913 -0.264217 -0.950775
    outer loop
      vertex 7.36635 14.4573 85.1725
      vertex 5.81795 8.00772 87.2285
      vertex 4.49364 8.81926 87.2285
    endloop
  endfacet
  facet normal 0.0357138 -0.453711 -0.890433
    outer loop
      vertex 0 22.1539 82.1519
      vertex 0 16.2258 85.1725
      vertex -2.53827 16.026 85.1725
    endloop
  endfacet
  facet normal -0.14496 -0.0600466 -0.987614
    outer loop
      vertex 8.81926 4.49364 87.2285
      vertex 3.16385 1.028 88.2693
      vertex 2.96408 1.51027 88.2693
    endloop
  endfacet
  facet normal -0.11858 -0.286296 0.950775
    outer loop
      vertex 7.36635 14.4573 6.82751
      vertex 5.01404 15.4316 6.82751
      vertex 4.49364 8.81926 4.77151
    endloop
  endfacet
  facet normal -0.10625 -0.442528 0.890438
    outer loop
      vertex 5.01404 15.4316 6.82751
      vertex 6.84594 21.0696 9.84806
      vertex 3.46564 21.8812 9.84806
    endloop
  endfacet
  facet normal 0.0357002 -0.453701 0.890439
    outer loop
      vertex -2.53827 16.026 6.82751
      vertex 0 22.1539 9.84806
      vertex -3.46564 21.8812 9.84806
    endloop
  endfacet
  facet normal 0.10625 -0.442528 0.890438
    outer loop
      vertex -5.01404 15.4316 6.82751
      vertex -3.46564 21.8812 9.84806
      vertex -6.84594 21.0696 9.84806
    endloop
  endfacet
  facet normal -0.137503 -0.572698 0.808152
    outer loop
      vertex 6.84594 21.0696 9.84806
      vertex 4.30767 27.1976 13.7588
      vertex 3.46564 21.8812 9.84806
    endloop
  endfacet
  facet normal -0.174152 -0.420465 0.890438
    outer loop
      vertex 7.36635 14.4573 6.82751
      vertex 6.84594 21.0696 9.84806
      vertex 5.01404 15.4316 6.82751
    endloop
  endfacet
  facet normal 0.0243172 -0.308926 0.950775
    outer loop
      vertex -1.5484 9.77622 4.77151
      vertex 0 16.2258 6.82751
      vertex -2.53827 16.026 6.82751
    endloop
  endfacet
  facet normal -0.0243126 -0.308926 0.950775
    outer loop
      vertex 1.5484 9.77622 4.77151
      vertex 0 16.2258 6.82751
      vertex 0 9.89808 4.77151
    endloop
  endfacet
  facet normal -0.235633 -0.201251 0.950776
    outer loop
      vertex 8.00772 5.81795 4.77151
      vertex 11.4734 11.4734 6.82751
      vertex 6.999 6.999 4.77151
    endloop
  endfacet
  facet normal -0.346071 -0.295553 0.89044
    outer loop
      vertex 13.1269 9.53727 6.82751
      vertex 17.9229 13.0218 9.84806
      vertex 11.4734 11.4734 6.82751
    endloop
  endfacet
  facet normal -0.201251 -0.235633 0.950776
    outer loop
      vertex 6.999 6.999 4.77151
      vertex 11.4734 11.4734 6.82751
      vertex 5.81795 8.00772 4.77151
    endloop
  endfacet
  facet normal -0.133784 -0.0819834 0.987614
    outer loop
      vertex 8.81926 4.49364 4.77151
      vertex 8.00772 5.81795 4.77151
      vertex 2.69133 1.95536 3.7307
    endloop
  endfacet
  facet normal -0.101903 -0.119312 0.987614
    outer loop
      vertex 6.999 6.999 4.77151
      vertex 5.81795 8.00772 4.77151
      vertex 1.95536 2.69133 3.7307
    endloop
  endfacet
  facet normal 0.0723397 -0.301322 0.950775
    outer loop
      vertex -3.05868 9.41364 4.77151
      vertex -1.5484 9.77622 4.77151
      vertex -5.01404 15.4316 6.82751
    endloop
  endfacet
  facet normal -0.156423 -0.0123106 0.987613
    outer loop
      vertex 9.89808 0 4.77151
      vertex 9.77622 1.5484 4.77151
      vertex 3.28571 0.520405 3.7307
    endloop
  endfacet
  facet normal -0.152571 -0.0366282 0.987614
    outer loop
      vertex 3.28571 0.520405 3.7307
      vertex 9.77622 1.5484 4.77151
      vertex 3.16385 1.028 3.7307
    endloop
  endfacet
  facet normal -0.156421 0.0123104 -0.987614
    outer loop
      vertex 9.89808 0 87.2285
      vertex 9.77622 -1.5484 87.2285
      vertex 3.28571 -0.520405 88.2693
    endloop
  endfacet
  facet normal -0.453711 0.0357138 -0.890433
    outer loop
      vertex 16.2258 0 85.1725
      vertex 22.1539 0 82.1519
      vertex 16.026 -2.53827 85.1725
    endloop
  endfacet
  facet normal -0.15257 0.0366281 -0.987614
    outer loop
      vertex 9.77622 -1.5484 87.2285
      vertex 9.41364 -3.05868 87.2285
      vertex 3.16385 -1.028 88.2693
    endloop
  endfacet
  facet normal -0.301322 0.0723397 -0.950775
    outer loop
      vertex 9.77622 -1.5484 87.2285
      vertex 15.4316 -5.01404 85.1725
      vertex 9.41364 -3.05868 87.2285
    endloop
  endfacet
  facet normal -0.133783 0.0819821 -0.987614
    outer loop
      vertex 2.96408 -1.51027 88.2693
      vertex 8.81926 -4.49364 87.2285
      vertex 2.69133 -1.95536 88.2693
    endloop
  endfacet
  facet normal -0.119313 0.1019 -0.987614
    outer loop
      vertex 2.69133 -1.95536 88.2693
      vertex 6.999 -6.999 87.2285
      vertex 2.35231 -2.35231 88.2693
    endloop
  endfacet
  facet normal -0.525972 -0.615842 -0.586593
    outer loop
      vertex 21.2496 29.2475 68.1539
      vertex 25.5633 25.5633 68.1539
      vertex 18.9509 26.0837 73.5366
    endloop
  endfacet
  facet normal -0.579024 -0.677959 -0.452882
    outer loop
      vertex 23.025 31.6912 62.2258
      vertex 25.5633 25.5633 68.1539
      vertex 21.2496 29.2475 68.1539
    endloop
  endfacet
  facet normal -0.459932 -0.538516 -0.706019
    outer loop
      vertex 22.798 22.798 73.5366
      vertex 19.4713 19.4713 78.2412
      vertex 18.9509 26.0837 73.5366
    endloop
  endfacet
  facet normal -0.538516 -0.459932 -0.706019
    outer loop
      vertex 22.798 22.798 73.5366
      vertex 26.0837 18.9509 73.5366
      vertex 19.4713 19.4713 78.2412
    endloop
  endfacet
  facet normal 0.264217 -0.161913 0.950775
    outer loop
      vertex -8.81926 4.49364 4.77151
      vertex -8.00772 5.81795 4.77151
      vertex -14.4573 7.36635 6.82751
    endloop
  endfacet
  facet normal 0.144962 0.0600454 0.987614
    outer loop
      vertex -8.81926 -4.49364 4.77151
      vertex -3.16385 -1.028 3.7307
      vertex -9.41364 -3.05868 4.77151
    endloop
  endfacet
  facet normal 0.264217 0.161913 0.950775
    outer loop
      vertex -8.00772 -5.81795 4.77151
      vertex -8.81926 -4.49364 4.77151
      vertex -14.4573 -7.36635 6.82751
    endloop
  endfacet
  facet normal 0.453705 0.0357134 0.890436
    outer loop
      vertex -16.026 -2.53827 6.82751
      vertex -16.2258 0 6.82751
      vertex -22.1539 0 9.84806
    endloop
  endfacet
  facet normal 0.453705 -0.0357134 0.890436
    outer loop
      vertex -16.2258 0 6.82751
      vertex -16.026 2.53827 6.82751
      vertex -22.1539 0 9.84806
    endloop
  endfacet
  facet normal 0.286296 0.11858 0.950775
    outer loop
      vertex -14.4573 -7.36635 6.82751
      vertex -8.81926 -4.49364 4.77151
      vertex -15.4316 -5.01404 6.82751
    endloop
  endfacet
  facet normal 0.420465 0.174152 0.890438
    outer loop
      vertex -14.4573 -7.36635 6.82751
      vertex -15.4316 -5.01404 6.82751
      vertex -21.0696 -6.84594 9.84806
    endloop
  endfacet
  facet normal 0.617847 0.723399 0.308154
    outer loop
      vertex -24.2335 -33.3545 36.1019
      vertex -27.6991 -27.6991 29.7742
      vertex -29.1529 -29.1529 36.1019
    endloop
  endfacet
  facet normal -0.0699374 0.88882 0.452889
    outer loop
      vertex 5.65541 -35.7069 23.8461
      vertex 0 -36.1519 23.8461
      vertex 0 -39.1725 29.7742
    endloop
  endfacet
  facet normal 0.0746442 0.948402 0.308158
    outer loop
      vertex 0 -39.1725 29.7742
      vertex -6.12793 -38.6902 29.7742
      vertex -6.44956 -40.7209 36.1019
    endloop
  endfacet
  facet normal 0.603839 0.370036 0.706011
    outer loop
      vertex -22.2776 -16.1856 13.7588
      vertex -24.5353 -12.5014 13.7588
      vertex -28.7271 -14.6372 18.4634
    endloop
  endfacet
  facet normal 0.0555611 0.706015 0.706015
    outer loop
      vertex 0 -32.2412 18.4634
      vertex 0 -27.5366 13.7588
      vertex -4.30767 -27.1976 13.7588
    endloop
  endfacet
  facet normal 0.0462073 0.587155 0.808154
    outer loop
      vertex 0 -27.5366 13.7588
      vertex 0 -22.1539 9.84806
      vertex -4.30767 -27.1976 13.7588
    endloop
  endfacet
  facet normal 0.760185 0.46585 0.452882
    outer loop
      vertex -32 -19.1015 26.2567
      vertex -29.2475 -21.2496 23.8461
      vertex -32 -16.758 23.8461
    endloop
  endfacet
  facet normal 0.760185 0.465849 0.452883
    outer loop
      vertex -29.2475 -21.2496 23.8461
      vertex -32 -19.1015 26.2567
      vertex -31.6912 -23.025 29.7742
    endloop
  endfacet
  facet normal 0.579035 0.677956 0.452874
    outer loop
      vertex -23.025 -31.6912 29.7742
      vertex -25.5633 -25.5633 23.8461
      vertex -27.6991 -27.6991 29.7742
    endloop
  endfacet
  facet normal 0.538516 0.459932 0.706019
    outer loop
      vertex -22.798 -22.798 18.4634
      vertex -19.4713 -19.4713 13.7588
      vertex -26.0837 -18.9509 18.4634
    endloop
  endfacet
  facet normal 0.46584 0.760193 0.452879
    outer loop
      vertex -17.7839 -34.9029 29.7742
      vertex -16.4126 -32.2116 23.8461
      vertex -23.025 -31.6912 29.7742
    endloop
  endfacet
  facet normal 0.811056 0.497158 0.308257
    outer loop
      vertex -33.3545 -24.2335 36.1019
      vertex -34.3296 -19.8099 31.5331
      vertex -34.4428 -19.7005 31.6545
    endloop
  endfacet
  facet normal 0.811193 0.497029 0.308103
    outer loop
      vertex -34.3296 -19.8099 31.5331
      vertex -33.3545 -24.2335 36.1019
      vertex -34.0842 -20.0604 31.2911
    endloop
  endfacet
  facet normal 0.811097 0.497125 0.308201
    outer loop
      vertex -34.0842 -20.0604 31.2911
      vertex -33.3545 -24.2335 36.1019
      vertex -33.8355 -20.3273 31.0671
    endloop
  endfacet
  facet normal 0.811163 0.497055 0.308141
    outer loop
      vertex -33.8355 -20.3273 31.0671
      vertex -33.3545 -24.2335 36.1019
      vertex -33.585 -20.6092 30.8624
    endloop
  endfacet
  facet normal 0.811137 0.497085 0.308162
    outer loop
      vertex -33.585 -20.6092 30.8624
      vertex -33.3545 -24.2335 36.1019
      vertex -33.334 -20.9044 30.6779
    endloop
  endfacet
  facet normal 0.811269 0.496928 0.308067
    outer loop
      vertex -33.334 -20.9044 30.6779
      vertex -33.3545 -24.2335 36.1019
      vertex -33.0833 -21.2122 30.5142
    endloop
  endfacet
  facet normal 0.811023 0.497235 0.308221
    outer loop
      vertex -33.0833 -21.2122 30.5142
      vertex -33.3545 -24.2335 36.1019
      vertex -32.8343 -21.5305 30.3725
    endloop
  endfacet
  facet normal 0.81114 0.497081 0.308159
    outer loop
      vertex -32.8343 -21.5305 30.3725
      vertex -33.3545 -24.2335 36.1019
      vertex -32.5886 -21.8576 30.2534
    endloop
  endfacet
  facet normal 0.811169 0.497042 0.308147
    outer loop
      vertex -32.5886 -21.8576 30.2534
      vertex -33.3545 -24.2335 36.1019
      vertex -32.3468 -22.1927 30.1574
    endloop
  endfacet
  facet normal 0.811174 0.497035 0.308145
    outer loop
      vertex -32.3468 -22.1927 30.1574
      vertex -33.3545 -24.2335 36.1019
      vertex -32.1105 -22.5334 30.0849
    endloop
  endfacet
  facet normal 0.811121 0.497116 0.308153
    outer loop
      vertex -32 -22.6993 30.0616
      vertex -33.3545 -24.2335 36.1019
      vertex -31.6912 -23.025 29.7742
    endloop
  endfacet
  facet normal 0.811182 0.497022 0.308143
    outer loop
      vertex -32.1105 -22.5334 30.0849
      vertex -33.3545 -24.2335 36.1019
      vertex -32 -22.6993 30.0616
    endloop
  endfacet
  facet normal 0.811126 0.497074 0.308207
    outer loop
      vertex -32 -22.5211 29.7742
      vertex -32 -22.6993 30.0616
      vertex -31.6912 -23.025 29.7742
    endloop
  endfacet
  facet normal 0.677959 0.579024 0.452882
    outer loop
      vertex -25.5633 -25.5633 23.8461
      vertex -29.2475 -21.2496 23.8461
      vertex -31.6912 -23.025 29.7742
    endloop
  endfacet
  facet normal 0.072343 0.30132 0.950775
    outer loop
      vertex -2.53827 -16.026 6.82751
      vertex -1.5484 -9.77622 4.77151
      vertex -5.01404 -15.4316 6.82751
    endloop
  endfacet
  facet normal 0.0243172 0.308926 0.950775
    outer loop
      vertex 0 -16.2258 6.82751
      vertex -1.5484 -9.77622 4.77151
      vertex -2.53827 -16.026 6.82751
    endloop
  endfacet
  facet normal 0.11858 0.286296 0.950775
    outer loop
      vertex -5.01404 -15.4316 6.82751
      vertex -4.49364 -8.81926 4.77151
      vertex -7.36635 -14.4573 6.82751
    endloop
  endfacet
  facet normal 0.10625 0.442528 0.890438
    outer loop
      vertex -3.46564 -21.8812 9.84806
      vertex -5.01404 -15.4316 6.82751
      vertex -6.84594 -21.0696 9.84806
    endloop
  endfacet
  facet normal -0.346071 0.295553 0.89044
    outer loop
      vertex 17.9229 -13.0218 9.84806
      vertex 13.1269 -9.53727 6.82751
      vertex 11.4734 -11.4734 6.82751
    endloop
  endfacet
  facet normal -0.388033 0.237797 0.89044
    outer loop
      vertex 17.9229 -13.0218 9.84806
      vertex 14.4573 -7.36635 6.82751
      vertex 13.1269 -9.53727 6.82751
    endloop
  endfacet
  facet normal -0.453701 0.0357002 0.890439
    outer loop
      vertex 21.8812 -3.46564 9.84806
      vertex 22.1539 0 9.84806
      vertex 16.026 -2.53827 6.82751
    endloop
  endfacet
  facet normal -0.308926 -0.0243172 0.950775
    outer loop
      vertex 16.2258 0 6.82751
      vertex 16.026 2.53827 6.82751
      vertex 9.77622 1.5484 4.77151
    endloop
  endfacet
  facet normal -0.453705 0.0357134 0.890436
    outer loop
      vertex 22.1539 0 9.84806
      vertex 16.2258 0 6.82751
      vertex 16.026 -2.53827 6.82751
    endloop
  endfacet
  facet normal -0.388041 0.237791 0.890438
    outer loop
      vertex 17.9229 -13.0218 9.84806
      vertex 19.7393 -10.0577 9.84806
      vertex 14.4573 -7.36635 6.82751
    endloop
  endfacet
  facet normal -0.133785 0.0819829 0.987614
    outer loop
      vertex 8.81926 -4.49364 4.77151
      vertex 2.96408 -1.51027 3.7307
      vertex 2.69133 -1.95536 3.7307
    endloop
  endfacet
  facet normal -0.264217 0.161913 0.950775
    outer loop
      vertex 14.4573 -7.36635 6.82751
      vertex 8.81926 -4.49364 4.77151
      vertex 8.00772 -5.81795 4.77151
    endloop
  endfacet
  facet normal -0.235633 0.201251 0.950776
    outer loop
      vertex 11.4734 -11.4734 6.82751
      vertex 8.00772 -5.81795 4.77151
      vertex 6.999 -6.999 4.77151
    endloop
  endfacet
  facet normal -0.201251 0.235633 0.950776
    outer loop
      vertex 11.4734 -11.4734 6.82751
      vertex 6.999 -6.999 4.77151
      vertex 5.81795 -8.00772 4.77151
    endloop
  endfacet
  facet normal -0.0123087 0.156423 0.987614
    outer loop
      vertex 0.520405 -3.28571 3.7307
      vertex 0 -3.32666 3.7307
      vertex 0 -9.89808 4.77151
    endloop
  endfacet
  facet normal 0.0123087 0.156423 0.987614
    outer loop
      vertex 0 -9.89808 4.77151
      vertex 0 -3.32666 3.7307
      vertex -0.520405 -3.28571 3.7307
    endloop
  endfacet
  facet normal -0.237791 0.388041 0.890438
    outer loop
      vertex 10.0577 -19.7393 9.84806
      vertex 13.0218 -17.9229 9.84806
      vertex 7.36635 -14.4573 6.82751
    endloop
  endfacet
  facet normal -0.237797 0.388033 0.89044
    outer loop
      vertex 13.0218 -17.9229 9.84806
      vertex 9.53727 -13.1269 6.82751
      vertex 7.36635 -14.4573 6.82751
    endloop
  endfacet
  facet normal -0.118587 0.286295 0.950775
    outer loop
      vertex 5.01404 -15.4316 6.82751
      vertex 4.49364 -8.81926 4.77151
      vertex 3.05868 -9.41364 4.77151
    endloop
  endfacet
  facet normal -0.370036 0.603839 -0.706011
    outer loop
      vertex 16.1856 -22.2776 78.2412
      vertex 14.6372 -28.7271 73.5366
      vertex 12.5014 -24.5353 78.2412
    endloop
  endfacet
  facet normal 0.0357138 0.453711 -0.890433
    outer loop
      vertex 0 -16.2258 85.1725
      vertex 0 -22.1539 82.1519
      vertex -2.53827 -16.026 85.1725
    endloop
  endfacet
  facet normal -0.225389 0.544135 -0.808156
    outer loop
      vertex 10.0577 -19.7393 82.1519
      vertex 12.5014 -24.5353 78.2412
      vertex 8.50928 -26.1889 78.2412
    endloop
  endfacet
  facet normal -0.161919 0.264215 -0.950775
    outer loop
      vertex 9.53727 -13.1269 85.1725
      vertex 7.36635 -14.4573 85.1725
      vertex 5.81795 -8.00772 87.2285
    endloop
  endfacet
  facet normal 0.0555611 0.706015 -0.706015
    outer loop
      vertex 0 -27.5366 78.2412
      vertex 0 -32.2412 73.5366
      vertex -4.30767 -27.1976 78.2412
    endloop
  endfacet
  facet normal 0.0243126 0.308926 -0.950775
    outer loop
      vertex 0 -9.89808 87.2285
      vertex 0 -16.2258 85.1725
      vertex -1.5484 -9.77622 87.2285
    endloop
  endfacet
  facet normal 0.15257 0.0366279 -0.987614
    outer loop
      vertex -3.28571 -0.520405 88.2693
      vertex -3.16385 -1.028 88.2693
      vertex -9.77622 -1.5484 87.2285
    endloop
  endfacet
  facet normal 0.15257 0.0366281 -0.987614
    outer loop
      vertex -3.16385 -1.028 88.2693
      vertex -9.41364 -3.05868 87.2285
      vertex -9.77622 -1.5484 87.2285
    endloop
  endfacet
  facet normal 0.346076 0.295557 -0.890437
    outer loop
      vertex -13.1269 -9.53727 85.1725
      vertex -11.4734 -11.4734 85.1725
      vertex -17.9229 -13.0218 82.1519
    endloop
  endfacet
  facet normal 0.235643 0.201245 -0.950775
    outer loop
      vertex -8.00772 -5.81795 87.2285
      vertex -11.4734 -11.4734 85.1725
      vertex -13.1269 -9.53727 85.1725
    endloop
  endfacet
  facet normal 0.119313 0.1019 -0.987614
    outer loop
      vertex -2.69133 -1.95536 88.2693
      vertex -2.35231 -2.35231 88.2693
      vertex -6.999 -6.999 87.2285
    endloop
  endfacet
  facet normal 0.119311 0.101902 -0.987614
    outer loop
      vertex -2.69133 -1.95536 88.2693
      vertex -6.999 -6.999 87.2285
      vertex -8.00772 -5.81795 87.2285
    endloop
  endfacet
  facet normal 0.101902 0.119311 -0.987614
    outer loop
      vertex -1.95536 -2.69133 88.2693
      vertex -5.81795 -8.00772 87.2285
      vertex -6.999 -6.999 87.2285
    endloop
  endfacet
  facet normal 0.11858 0.286296 -0.950775
    outer loop
      vertex -4.49364 -8.81926 87.2285
      vertex -5.01404 -15.4316 85.1725
      vertex -7.36635 -14.4573 85.1725
    endloop
  endfacet
  facet normal 0.0600466 0.14496 -0.987614
    outer loop
      vertex -1.51027 -2.96408 88.2693
      vertex -1.028 -3.16385 88.2693
      vertex -4.49364 -8.81926 87.2285
    endloop
  endfacet
  facet normal 0.0366279 0.15257 -0.987614
    outer loop
      vertex -1.028 -3.16385 88.2693
      vertex -0.520405 -3.28571 88.2693
      vertex -1.5484 -9.77622 87.2285
    endloop
  endfacet
  facet normal -0.0366281 0.15257 -0.987614
    outer loop
      vertex 3.05868 -9.41364 87.2285
      vertex 1.5484 -9.77622 87.2285
      vertex 1.028 -3.16385 88.2693
    endloop
  endfacet
  facet normal 0.201245 0.235643 0.950775
    outer loop
      vertex -9.53727 -13.1269 6.82751
      vertex -5.81795 -8.00772 4.77151
      vertex -11.4734 -11.4734 6.82751
    endloop
  endfacet
  facet normal 0.295553 0.346071 0.89044
    outer loop
      vertex -9.53727 -13.1269 6.82751
      vertex -11.4734 -11.4734 6.82751
      vertex -13.0218 -17.9229 9.84806
    endloop
  endfacet
  facet normal -0.225379 -0.544135 -0.80816
    outer loop
      vertex 8.50928 26.1889 78.2412
      vertex 10.0577 19.7393 82.1519
      vertex 6.84594 21.0696 82.1519
    endloop
  endfacet
  facet normal 0.0746442 -0.948402 -0.308158
    outer loop
      vertex 0 39.1725 62.2258
      vertex -6.12793 38.6902 62.2258
      vertex -6.44956 40.7209 55.8981
    endloop
  endfacet
  facet normal 0.723399 -0.617848 -0.308153
    outer loop
      vertex -27.6991 27.6991 62.2258
      vertex -31.6912 23.025 62.2258
      vertex -33.3545 24.2335 55.8981
    endloop
  endfacet
  facet normal 0.615841 -0.525973 -0.586594
    outer loop
      vertex -25.5633 25.5633 68.1539
      vertex -22.798 22.798 73.5366
      vertex -26.0837 18.9509 73.5366
    endloop
  endfacet
  facet normal 0.230592 -0.960469 -0.155968
    outer loop
      vertex -6.44956 40.7209 55.8981
      vertex -12.7403 39.2106 55.8981
      vertex -13.0619 40.2005 49.3267
    endloop
  endfacet
  facet normal 0.617848 -0.723399 -0.308153
    outer loop
      vertex -24.2335 33.3545 55.8981
      vertex -23.025 31.6912 62.2258
      vertex -27.6991 27.6991 62.2258
    endloop
  endfacet
  facet normal 0.286295 0.118587 0.950775
    outer loop
      vertex -8.81926 -4.49364 4.77151
      vertex -9.41364 -3.05868 4.77151
      vertex -15.4316 -5.01404 6.82751
    endloop
  endfacet
  facet normal 0.144961 -0.0600472 0.987614
    outer loop
      vertex -3.16385 1.028 3.7307
      vertex -2.96408 1.51027 3.7307
      vertex -8.81926 4.49364 4.77151
    endloop
  endfacet
  facet normal 0.161913 -0.264217 0.950775
    outer loop
      vertex -5.81795 8.00772 4.77151
      vertex -4.49364 8.81926 4.77151
      vertex -7.36635 14.4573 6.82751
    endloop
  endfacet
  facet normal 0.11858 -0.286296 0.950775
    outer loop
      vertex -4.49364 8.81926 4.77151
      vertex -5.01404 15.4316 6.82751
      vertex -7.36635 14.4573 6.82751
    endloop
  endfacet
  facet normal 0.308926 0.0243126 0.950775
    outer loop
      vertex -9.77622 -1.5484 4.77151
      vertex -9.89808 0 4.77151
      vertex -16.2258 0 6.82751
    endloop
  endfacet
  facet normal 0.308926 -0.0243126 0.950775
    outer loop
      vertex -9.89808 0 4.77151
      vertex -9.77622 1.5484 4.77151
      vertex -16.2258 0 6.82751
    endloop
  endfacet
  facet normal 0.420471 -0.174154 -0.890435
    outer loop
      vertex -14.4573 7.36635 85.1725
      vertex -15.4316 5.01404 85.1725
      vertex -21.0696 6.84594 82.1519
    endloop
  endfacet
  facet normal 0.442533 -0.106246 -0.890436
    outer loop
      vertex -15.4316 5.01404 85.1725
      vertex -16.026 2.53827 85.1725
      vertex -21.8812 3.46564 82.1519
    endloop
  endfacet
  facet normal 0.201245 -0.235643 -0.950775
    outer loop
      vertex -9.53727 13.1269 85.1725
      vertex -5.81795 8.00772 87.2285
      vertex -11.4734 11.4734 85.1725
    endloop
  endfacet
  facet normal 0.295557 -0.346076 -0.890437
    outer loop
      vertex -9.53727 13.1269 85.1725
      vertex -11.4734 11.4734 85.1725
      vertex -13.0218 17.9229 82.1519
    endloop
  endfacet
  facet normal 0.295574 -0.34607 -0.890433
    outer loop
      vertex -13.0218 17.9229 82.1519
      vertex -11.4734 11.4734 85.1725
      vertex -15.6652 15.6652 82.1519
    endloop
  endfacet
  facet normal 0.34607 -0.295574 -0.890433
    outer loop
      vertex -15.6652 15.6652 82.1519
      vertex -11.4734 11.4734 85.1725
      vertex -17.9229 13.0218 82.1519
    endloop
  endfacet
  facet normal 0.0366279 -0.15257 -0.987614
    outer loop
      vertex -0.520405 3.28571 88.2693
      vertex -1.028 3.16385 88.2693
      vertex -1.5484 9.77622 87.2285
    endloop
  endfacet
  facet normal -0.0366279 -0.15257 -0.987614
    outer loop
      vertex 1.5484 9.77622 87.2285
      vertex 1.028 3.16385 88.2693
      vertex 0.520405 3.28571 88.2693
    endloop
  endfacet
  facet normal 0.137502 -0.572694 -0.808155
    outer loop
      vertex -4.30767 27.1976 78.2412
      vertex -3.46564 21.8812 82.1519
      vertex -6.84594 21.0696 82.1519
    endloop
  endfacet
  facet normal -0.165331 -0.688627 -0.706016
    outer loop
      vertex 5.04364 31.8443 73.5366
      vertex 9.96308 30.6632 73.5366
      vertex 4.30767 27.1976 78.2412
    endloop
  endfacet
  facet normal -0.0819826 -0.133783 -0.987614
    outer loop
      vertex 4.49364 8.81926 87.2285
      vertex 5.81795 8.00772 87.2285
      vertex 1.95536 2.69133 88.2693
    endloop
  endfacet
  facet normal -0.295574 -0.34607 -0.890433
    outer loop
      vertex 13.0218 17.9229 82.1519
      vertex 15.6652 15.6652 82.1519
      vertex 11.4734 11.4734 85.1725
    endloop
  endfacet
  facet normal -0.295557 -0.346076 -0.890437
    outer loop
      vertex 13.0218 17.9229 82.1519
      vertex 11.4734 11.4734 85.1725
      vertex 9.53727 13.1269 85.1725
    endloop
  endfacet
  facet normal 0.465842 -0.76019 -0.452882
    outer loop
      vertex -16.4126 32.2116 68.1539
      vertex -21.2496 29.2475 68.1539
      vertex -23.025 31.6912 62.2258
    endloop
  endfacet
  facet normal -0.0746442 -0.948402 -0.308158
    outer loop
      vertex 6.44956 40.7209 55.8981
      vertex 6.12793 38.6902 62.2258
      vertex 0 39.1725 62.2258
    endloop
  endfacet
  facet normal 0.174158 -0.420471 -0.890434
    outer loop
      vertex -6.84594 21.0696 82.1519
      vertex -7.36635 14.4573 85.1725
      vertex -10.0577 19.7393 82.1519
    endloop
  endfacet
  facet normal 0.174154 -0.420471 -0.890435
    outer loop
      vertex -6.84594 21.0696 82.1519
      vertex -5.01404 15.4316 85.1725
      vertex -7.36635 14.4573 85.1725
    endloop
  endfacet
  facet normal -0.271019 -0.654291 -0.706011
    outer loop
      vertex 9.96308 30.6632 73.5366
      vertex 14.6372 28.7271 73.5366
      vertex 8.50928 26.1889 78.2412
    endloop
  endfacet
  facet normal -0.370028 -0.60384 -0.706014
    outer loop
      vertex 18.9509 26.0837 73.5366
      vertex 16.1856 22.2776 78.2412
      vertex 14.6372 28.7271 73.5366
    endloop
  endfacet
  facet normal -0.0366282 -0.152571 0.987614
    outer loop
      vertex 1.028 3.16385 3.7307
      vertex 1.5484 9.77622 4.77151
      vertex 0.520405 3.28571 3.7307
    endloop
  endfacet
  facet normal -0.072343 -0.30132 0.950775
    outer loop
      vertex 5.01404 15.4316 6.82751
      vertex 2.53827 16.026 6.82751
      vertex 1.5484 9.77622 4.77151
    endloop
  endfacet
  facet normal -0.161919 -0.264215 0.950775
    outer loop
      vertex 9.53727 13.1269 6.82751
      vertex 7.36635 14.4573 6.82751
      vertex 5.81795 8.00772 4.77151
    endloop
  endfacet
  facet normal -0.237797 -0.388033 0.89044
    outer loop
      vertex 9.53727 13.1269 6.82751
      vertex 13.0218 17.9229 9.84806
      vertex 7.36635 14.4573 6.82751
    endloop
  endfacet
  facet normal -0.133785 -0.0819829 0.987614
    outer loop
      vertex 2.96408 1.51027 3.7307
      vertex 8.81926 4.49364 4.77151
      vertex 2.69133 1.95536 3.7307
    endloop
  endfacet
  facet normal -0.264215 -0.161919 0.950775
    outer loop
      vertex 14.4573 7.36635 6.82751
      vertex 13.1269 9.53727 6.82751
      vertex 8.00772 5.81795 4.77151
    endloop
  endfacet
  facet normal -0.264217 -0.161913 0.950775
    outer loop
      vertex 8.81926 4.49364 4.77151
      vertex 14.4573 7.36635 6.82751
      vertex 8.00772 5.81795 4.77151
    endloop
  endfacet
  facet normal -0.0819829 -0.133785 0.987614
    outer loop
      vertex 1.95536 2.69133 3.7307
      vertex 4.49364 8.81926 4.77151
      vertex 1.51027 2.96408 3.7307
    endloop
  endfacet
  facet normal 0.0366285 -0.152571 0.987613
    outer loop
      vertex -1.028 3.16385 3.7307
      vertex -1.5484 9.77622 4.77151
      vertex -3.05868 9.41364 4.77151
    endloop
  endfacet
  facet normal -0.0123106 -0.156423 0.987613
    outer loop
      vertex 0.520405 3.28571 3.7307
      vertex 1.5484 9.77622 4.77151
      vertex 0 9.89808 4.77151
    endloop
  endfacet
  facet normal 0.0819829 -0.133785 0.987614
    outer loop
      vertex -1.95536 2.69133 3.7307
      vertex -1.51027 2.96408 3.7307
      vertex -4.49364 8.81926 4.77151
    endloop
  endfacet
  facet normal 0.0819829 0.133785 0.987614
    outer loop
      vertex -1.51027 -2.96408 3.7307
      vertex -1.95536 -2.69133 3.7307
      vertex -4.49364 -8.81926 4.77151
    endloop
  endfacet
  facet normal 0.201251 0.235633 0.950776
    outer loop
      vertex -5.81795 -8.00772 4.77151
      vertex -6.999 -6.999 4.77151
      vertex -11.4734 -11.4734 6.82751
    endloop
  endfacet
  facet normal 0.0819834 0.133784 0.987614
    outer loop
      vertex -4.49364 -8.81926 4.77151
      vertex -1.95536 -2.69133 3.7307
      vertex -5.81795 -8.00772 4.77151
    endloop
  endfacet
  facet normal 0.152571 -0.0366282 0.987614
    outer loop
      vertex -3.28571 0.520405 3.7307
      vertex -3.16385 1.028 3.7307
      vertex -9.77622 1.5484 4.77151
    endloop
  endfacet
  facet normal 0.152571 0.0366285 0.987613
    outer loop
      vertex -9.41364 -3.05868 4.77151
      vertex -3.16385 -1.028 3.7307
      vertex -9.77622 -1.5484 4.77151
    endloop
  endfacet
  facet normal 0.119312 0.101903 0.987614
    outer loop
      vertex -6.999 -6.999 4.77151
      vertex -2.69133 -1.95536 3.7307
      vertex -8.00772 -5.81795 4.77151
    endloop
  endfacet
  facet normal 0.22209 0.925053 0.308145
    outer loop
      vertex -6.44956 -40.7209 36.1019
      vertex -12.105 -37.2553 29.7742
      vertex -12.7403 -39.2106 36.1019
    endloop
  endfacet
  facet normal 0.30993 0.748232 0.586593
    outer loop
      vertex -11.1716 -34.3825 23.8461
      vertex -9.96308 -30.6632 18.4634
      vertex -14.6372 -28.7271 18.4634
    endloop
  endfacet
  facet normal 0.233446 0.97237 -0
    outer loop
      vertex -6.61237 -41.7489 42.6733
      vertex -13.0619 -40.2005 49.3267
      vertex -6.61237 -41.7489 49.3267
    endloop
  endfacet
  facet normal 0.233446 0.97237 0
    outer loop
      vertex -13.0619 -40.2005 49.3267
      vertex -6.61237 -41.7489 42.6733
      vertex -13.0619 -40.2005 42.6733
    endloop
  endfacet
  facet normal 0.617848 0.723399 0.308153
    outer loop
      vertex -24.2335 -33.3545 36.1019
      vertex -23.025 -31.6912 29.7742
      vertex -27.6991 -27.6991 29.7742
    endloop
  endfacet
  facet normal 0.378006 0.912571 0.155967
    outer loop
      vertex -13.0619 -40.2005 42.6733
      vertex -12.7403 -39.2106 36.1019
      vertex -18.7173 -36.7348 36.1019
    endloop
  endfacet
  facet normal 0.271019 0.654291 0.706011
    outer loop
      vertex -9.96308 -30.6632 18.4634
      vertex -8.50928 -26.1889 13.7588
      vertex -14.6372 -28.7271 18.4634
    endloop
  endfacet
  facet normal 0.497068 0.81115 0.308154
    outer loop
      vertex -18.7173 -36.7348 36.1019
      vertex -17.7839 -34.9029 29.7742
      vertex -24.2335 -33.3545 36.1019
    endloop
  endfacet
  facet normal 0.0699374 0.88882 0.452889
    outer loop
      vertex 0 -39.1725 29.7742
      vertex 0 -36.1519 23.8461
      vertex -5.65541 -35.7069 23.8461
    endloop
  endfacet
  facet normal 0.0635298 0.807387 0.586592
    outer loop
      vertex 0 -36.1519 23.8461
      vertex 0 -32.2412 18.4634
      vertex -5.65541 -35.7069 23.8461
    endloop
  endfacet
  facet normal 0.189074 0.787502 0.586593
    outer loop
      vertex -5.65541 -35.7069 23.8461
      vertex -9.96308 -30.6632 18.4634
      vertex -11.1716 -34.3825 23.8461
    endloop
  endfacet
  facet normal 0.0555584 0.706013 0.706016
    outer loop
      vertex 0 -32.2412 18.4634
      vertex -4.30767 -27.1976 13.7588
      vertex -5.04364 -31.8443 18.4634
    endloop
  endfacet
  facet normal 0.137503 0.572698 0.808152
    outer loop
      vertex -4.30767 -27.1976 13.7588
      vertex -3.46564 -21.8812 9.84806
      vertex -6.84594 -21.0696 9.84806
    endloop
  endfacet
  facet normal 0.225391 0.544139 0.808153
    outer loop
      vertex -8.50928 -26.1889 13.7588
      vertex -10.0577 -19.7393 9.84806
      vertex -12.5014 -24.5353 13.7588
    endloop
  endfacet
  facet normal -0.0462073 0.587155 0.808154
    outer loop
      vertex 4.30767 -27.1976 13.7588
      vertex 0 -22.1539 9.84806
      vertex 0 -27.5366 13.7588
    endloop
  endfacet
  facet normal -0.0555611 0.706015 0.706015
    outer loop
      vertex 4.30767 -27.1976 13.7588
      vertex 0 -27.5366 13.7588
      vertex 0 -32.2412 18.4634
    endloop
  endfacet
  facet normal 0.690507 0.42315 0.586637
    outer loop
      vertex -29.2475 -21.2496 23.8461
      vertex -32 -16.3048 23.5192
      vertex -32 -16.758 23.8461
    endloop
  endfacet
  facet normal 0.690534 0.423163 0.586597
    outer loop
      vertex -32 -16.3048 23.5192
      vertex -29.2475 -21.2496 23.8461
      vertex -28.7271 -14.6372 18.4634
    endloop
  endfacet
  facet normal 0.677956 0.579035 0.452874
    outer loop
      vertex -27.6991 -27.6991 29.7742
      vertex -25.5633 -25.5633 23.8461
      vertex -31.6912 -23.025 29.7742
    endloop
  endfacet
  facet normal 0.30774 0.502181 0.808153
    outer loop
      vertex -12.5014 -24.5353 13.7588
      vertex -13.0218 -17.9229 9.84806
      vertex -16.1856 -22.2776 13.7588
    endloop
  endfacet
  facet normal 0.165323 0.688634 0.706011
    outer loop
      vertex -4.30767 -27.1976 13.7588
      vertex -8.50928 -26.1889 13.7588
      vertex -9.96308 -30.6632 18.4634
    endloop
  endfacet
  facet normal 0.579024 0.677959 0.452882
    outer loop
      vertex -23.025 -31.6912 29.7742
      vertex -21.2496 -29.2475 23.8461
      vertex -25.5633 -25.5633 23.8461
    endloop
  endfacet
  facet normal 0.42316 0.690538 0.586594
    outer loop
      vertex -16.4126 -32.2116 23.8461
      vertex -14.6372 -28.7271 18.4634
      vertex -21.2496 -29.2475 23.8461
    endloop
  endfacet
  facet normal 0.615841 0.525973 0.586594
    outer loop
      vertex -25.5633 -25.5633 23.8461
      vertex -22.798 -22.798 18.4634
      vertex -26.0837 -18.9509 18.4634
    endloop
  endfacet
  facet normal 0.615842 0.525972 0.586593
    outer loop
      vertex -25.5633 -25.5633 23.8461
      vertex -26.0837 -18.9509 18.4634
      vertex -29.2475 -21.2496 23.8461
    endloop
  endfacet
  facet normal 0.723399 0.617848 0.308153
    outer loop
      vertex -27.6991 -27.6991 29.7742
      vertex -31.6912 -23.025 29.7742
      vertex -33.3545 -24.2335 36.1019
    endloop
  endfacet
  facet normal 0.723399 0.617847 0.308154
    outer loop
      vertex -29.1529 -29.1529 36.1019
      vertex -27.6991 -27.6991 29.7742
      vertex -33.3545 -24.2335 36.1019
    endloop
  endfacet
  facet normal -0.442528 0.10625 0.890438
    outer loop
      vertex 21.0696 -6.84594 9.84806
      vertex 21.8812 -3.46564 9.84806
      vertex 15.4316 -5.01404 6.82751
    endloop
  endfacet
  facet normal -0.286296 0.11858 0.950775
    outer loop
      vertex 14.4573 -7.36635 6.82751
      vertex 15.4316 -5.01404 6.82751
      vertex 8.81926 -4.49364 4.77151
    endloop
  endfacet
  facet normal -0.30132 -0.072343 0.950775
    outer loop
      vertex 16.026 2.53827 6.82751
      vertex 15.4316 5.01404 6.82751
      vertex 9.77622 1.5484 4.77151
    endloop
  endfacet
  facet normal -0.442527 -0.106245 0.890439
    outer loop
      vertex 16.026 2.53827 6.82751
      vertex 21.8812 3.46564 9.84806
      vertex 15.4316 5.01404 6.82751
    endloop
  endfacet
  facet normal -0.572698 0.137503 0.808152
    outer loop
      vertex 27.1976 -4.30767 13.7588
      vertex 21.8812 -3.46564 9.84806
      vertex 21.0696 -6.84594 9.84806
    endloop
  endfacet
  facet normal -0.572695 0.13749 0.808157
    outer loop
      vertex 26.1889 -8.50928 13.7588
      vertex 27.1976 -4.30767 13.7588
      vertex 21.0696 -6.84594 9.84806
    endloop
  endfacet
  facet normal -0.453701 -0.0357002 0.890439
    outer loop
      vertex 22.1539 0 9.84806
      vertex 21.8812 3.46564 9.84806
      vertex 16.026 2.53827 6.82751
    endloop
  endfacet
  facet normal -0.587159 -0.0462016 0.808152
    outer loop
      vertex 22.1539 0 9.84806
      vertex 27.1976 4.30767 13.7588
      vertex 21.8812 3.46564 9.84806
    endloop
  endfacet
  facet normal -0.144961 0.0600472 0.987614
    outer loop
      vertex 8.81926 -4.49364 4.77151
      vertex 3.16385 -1.028 3.7307
      vertex 2.96408 -1.51027 3.7307
    endloop
  endfacet
  facet normal -0.29557 0.346065 0.890436
    outer loop
      vertex 13.0218 -17.9229 9.84806
      vertex 15.6652 -15.6652 9.84806
      vertex 11.4734 -11.4734 6.82751
    endloop
  endfacet
  facet normal -0.295553 0.346071 0.89044
    outer loop
      vertex 13.0218 -17.9229 9.84806
      vertex 11.4734 -11.4734 6.82751
      vertex 9.53727 -13.1269 6.82751
    endloop
  endfacet
  facet normal -0.0600454 0.144962 0.987614
    outer loop
      vertex 3.05868 -9.41364 4.77151
      vertex 4.49364 -8.81926 4.77151
      vertex 1.028 -3.16385 3.7307
    endloop
  endfacet
  facet normal -0.0366285 0.152571 0.987613
    outer loop
      vertex 1.5484 -9.77622 4.77151
      vertex 3.05868 -9.41364 4.77151
      vertex 1.028 -3.16385 3.7307
    endloop
  endfacet
  facet normal -0.101901 0.119314 0.987613
    outer loop
      vertex 6.999 -6.999 4.77151
      vertex 2.35231 -2.35231 3.7307
      vertex 1.95536 -2.69133 3.7307
    endloop
  endfacet
  facet normal -0.912515 0.378177 0.15588
    outer loop
      vertex 36.9293 -18.4 36.4707
      vertex 36.8663 -18.4 36.1019
      vertex 36.7348 -18.7173 36.1019
    endloop
  endfacet
  facet normal -0.878842 0.364222 0.308188
    outer loop
      vertex 36.8663 -18.4 36.1019
      vertex 36.7598 -18.4 35.7982
      vertex 36.7348 -18.7173 36.1019
    endloop
  endfacet
  facet normal -0.2378 0.388038 -0.890437
    outer loop
      vertex 9.53727 -13.1269 85.1725
      vertex 13.0218 -17.9229 82.1519
      vertex 7.36635 -14.4573 85.1725
    endloop
  endfacet
  facet normal -0.295557 0.346076 -0.890437
    outer loop
      vertex 11.4734 -11.4734 85.1725
      vertex 13.0218 -17.9229 82.1519
      vertex 9.53727 -13.1269 85.1725
    endloop
  endfacet
  facet normal -0.0123104 0.156421 -0.987614
    outer loop
      vertex 0.520405 -3.28571 88.2693
      vertex 1.5484 -9.77622 87.2285
      vertex 0 -9.89808 87.2285
    endloop
  endfacet
  facet normal -0.0123086 0.156421 -0.987614
    outer loop
      vertex 0 -3.32666 88.2693
      vertex 0.520405 -3.28571 88.2693
      vertex 0 -9.89808 87.2285
    endloop
  endfacet
  facet normal 0.118587 0.286295 -0.950775
    outer loop
      vertex -4.49364 -8.81926 87.2285
      vertex -3.05868 -9.41364 87.2285
      vertex -5.01404 -15.4316 85.1725
    endloop
  endfacet
  facet normal 0.237795 0.388046 -0.890435
    outer loop
      vertex -7.36635 -14.4573 85.1725
      vertex -10.0577 -19.7393 82.1519
      vertex -13.0218 -17.9229 82.1519
    endloop
  endfacet
  facet normal -0.0555611 0.706015 -0.706015
    outer loop
      vertex 0 -27.5366 78.2412
      vertex 4.30767 -27.1976 78.2412
      vertex 0 -32.2412 73.5366
    endloop
  endfacet
  facet normal -0.174154 0.420471 -0.890435
    outer loop
      vertex 7.36635 -14.4573 85.1725
      vertex 6.84594 -21.0696 82.1519
      vertex 5.01404 -15.4316 85.1725
    endloop
  endfacet
  facet normal 0.133783 0.0819821 -0.987614
    outer loop
      vertex -2.96408 -1.51027 88.2693
      vertex -2.69133 -1.95536 88.2693
      vertex -8.81926 -4.49364 87.2285
    endloop
  endfacet
  facet normal 0.156421 0.0123086 -0.987614
    outer loop
      vertex -3.32666 0 88.2693
      vertex -3.28571 -0.520405 88.2693
      vertex -9.89808 0 87.2285
    endloop
  endfacet
  facet normal 0.156421 0.0123104 -0.987614
    outer loop
      vertex -3.28571 -0.520405 88.2693
      vertex -9.77622 -1.5484 87.2285
      vertex -9.89808 0 87.2285
    endloop
  endfacet
  facet normal 0.0819821 0.133783 -0.987614
    outer loop
      vertex -1.95536 -2.69133 88.2693
      vertex -1.51027 -2.96408 88.2693
      vertex -4.49364 -8.81926 87.2285
    endloop
  endfacet
  facet normal 0.346071 0.295553 0.89044
    outer loop
      vertex -11.4734 -11.4734 6.82751
      vertex -13.1269 -9.53727 6.82751
      vertex -17.9229 -13.0218 9.84806
    endloop
  endfacet
  facet normal 0.388033 0.237797 0.89044
    outer loop
      vertex -13.1269 -9.53727 6.82751
      vertex -14.4573 -7.36635 6.82751
      vertex -17.9229 -13.0218 9.84806
    endloop
  endfacet
  facet normal -0.0699374 -0.88882 -0.452889
    outer loop
      vertex 0 39.1725 62.2258
      vertex 5.65541 35.7069 68.1539
      vertex 0 36.1519 68.1539
    endloop
  endfacet
  facet normal 0.677959 -0.579024 -0.452882
    outer loop
      vertex -25.5633 25.5633 68.1539
      vertex -29.2475 21.2496 68.1539
      vertex -31.6912 23.025 62.2258
    endloop
  endfacet
  facet normal 0.42316 -0.690538 -0.586594
    outer loop
      vertex -16.4126 32.2116 68.1539
      vertex -14.6372 28.7271 73.5366
      vertex -21.2496 29.2475 68.1539
    endloop
  endfacet
  facet normal 0.271018 -0.654292 -0.706011
    outer loop
      vertex -8.50928 26.1889 78.2412
      vertex -12.5014 24.5353 78.2412
      vertex -14.6372 28.7271 73.5366
    endloop
  endfacet
  facet normal 0.22209 -0.925053 -0.308145
    outer loop
      vertex -6.44956 40.7209 55.8981
      vertex -12.105 37.2553 62.2258
      vertex -12.7403 39.2106 55.8981
    endloop
  endfacet
  facet normal 0.378006 -0.912571 -0.155967
    outer loop
      vertex -13.0619 40.2005 49.3267
      vertex -12.7403 39.2106 55.8981
      vertex -18.7173 36.7348 55.8981
    endloop
  endfacet
  facet normal 0.497067 -0.811152 -0.308152
    outer loop
      vertex -17.7839 34.9029 62.2258
      vertex -23.025 31.6912 62.2258
      vertex -24.2335 33.3545 55.8981
    endloop
  endfacet
  facet normal 0.235643 -0.201245 0.950775
    outer loop
      vertex -8.00772 5.81795 4.77151
      vertex -11.4734 11.4734 6.82751
      vertex -13.1269 9.53727 6.82751
    endloop
  endfacet
  facet normal 0.264215 -0.161919 0.950775
    outer loop
      vertex -8.00772 5.81795 4.77151
      vertex -13.1269 9.53727 6.82751
      vertex -14.4573 7.36635 6.82751
    endloop
  endfacet
  facet normal 0.235633 -0.201251 0.950776
    outer loop
      vertex -8.00772 5.81795 4.77151
      vertex -6.999 6.999 4.77151
      vertex -11.4734 11.4734 6.82751
    endloop
  endfacet
  facet normal 0.201251 -0.235633 0.950776
    outer loop
      vertex -6.999 6.999 4.77151
      vertex -5.81795 8.00772 4.77151
      vertex -11.4734 11.4734 6.82751
    endloop
  endfacet
  facet normal 0.301322 -0.0723397 -0.950775
    outer loop
      vertex -9.41364 3.05868 87.2285
      vertex -9.77622 1.5484 87.2285
      vertex -15.4316 5.01404 85.1725
    endloop
  endfacet
  facet normal 0.286295 -0.118587 -0.950775
    outer loop
      vertex -8.81926 4.49364 87.2285
      vertex -9.41364 3.05868 87.2285
      vertex -15.4316 5.01404 85.1725
    endloop
  endfacet
  facet normal 0.264215 -0.161919 -0.950775
    outer loop
      vertex -13.1269 9.53727 85.1725
      vertex -8.00772 5.81795 87.2285
      vertex -14.4573 7.36635 85.1725
    endloop
  endfacet
  facet normal 0.235633 -0.201251 -0.950776
    outer loop
      vertex -6.999 6.999 87.2285
      vertex -8.00772 5.81795 87.2285
      vertex -11.4734 11.4734 85.1725
    endloop
  endfacet
  facet normal 0.235643 -0.201245 -0.950775
    outer loop
      vertex -11.4734 11.4734 85.1725
      vertex -8.00772 5.81795 87.2285
      vertex -13.1269 9.53727 85.1725
    endloop
  endfacet
  facet normal 0.264217 -0.161913 -0.950775
    outer loop
      vertex -8.00772 5.81795 87.2285
      vertex -8.81926 4.49364 87.2285
      vertex -14.4573 7.36635 85.1725
    endloop
  endfacet
  facet normal 0.161913 -0.264217 -0.950775
    outer loop
      vertex -4.49364 8.81926 87.2285
      vertex -5.81795 8.00772 87.2285
      vertex -7.36635 14.4573 85.1725
    endloop
  endfacet
  facet normal 0.0819826 -0.133783 -0.987614
    outer loop
      vertex -4.49364 8.81926 87.2285
      vertex -1.95536 2.69133 88.2693
      vertex -5.81795 8.00772 87.2285
    endloop
  endfacet
  facet normal 0.0600449 -0.144961 -0.987614
    outer loop
      vertex -3.05868 9.41364 87.2285
      vertex -1.028 3.16385 88.2693
      vertex -4.49364 8.81926 87.2285
    endloop
  endfacet
  facet normal -0.0600449 -0.144961 -0.987614
    outer loop
      vertex 3.05868 9.41364 87.2285
      vertex 4.49364 8.81926 87.2285
      vertex 1.028 3.16385 88.2693
    endloop
  endfacet
  facet normal -0.118587 -0.286295 -0.950775
    outer loop
      vertex 5.01404 15.4316 85.1725
      vertex 4.49364 8.81926 87.2285
      vertex 3.05868 9.41364 87.2285
    endloop
  endfacet
  facet normal 0.072343 -0.30132 -0.950775
    outer loop
      vertex -2.53827 16.026 85.1725
      vertex -1.5484 9.77622 87.2285
      vertex -5.01404 15.4316 85.1725
    endloop
  endfacet
  facet normal 0.0723397 -0.301322 -0.950775
    outer loop
      vertex -1.5484 9.77622 87.2285
      vertex -3.05868 9.41364 87.2285
      vertex -5.01404 15.4316 85.1725
    endloop
  endfacet
  facet normal 0.0243172 -0.308926 -0.950775
    outer loop
      vertex 0 16.2258 85.1725
      vertex -1.5484 9.77622 87.2285
      vertex -2.53827 16.026 85.1725
    endloop
  endfacet
  facet normal 0.11858 -0.286296 -0.950775
    outer loop
      vertex -5.01404 15.4316 85.1725
      vertex -4.49364 8.81926 87.2285
      vertex -7.36635 14.4573 85.1725
    endloop
  endfacet
  facet normal 0.106251 -0.442534 -0.890435
    outer loop
      vertex -3.46564 21.8812 82.1519
      vertex -5.01404 15.4316 85.1725
      vertex -6.84594 21.0696 82.1519
    endloop
  endfacet
  facet normal -0.2378 -0.388038 -0.890437
    outer loop
      vertex 13.0218 17.9229 82.1519
      vertex 9.53727 13.1269 85.1725
      vertex 7.36635 14.4573 85.1725
    endloop
  endfacet
  facet normal -0.235633 -0.201251 -0.950776
    outer loop
      vertex 11.4734 11.4734 85.1725
      vertex 8.00772 5.81795 87.2285
      vertex 6.999 6.999 87.2285
    endloop
  endfacet
  facet normal -0.237795 -0.388046 -0.890435
    outer loop
      vertex 10.0577 19.7393 82.1519
      vertex 13.0218 17.9229 82.1519
      vertex 7.36635 14.4573 85.1725
    endloop
  endfacet
  facet normal -0.106251 -0.442534 -0.890435
    outer loop
      vertex 6.84594 21.0696 82.1519
      vertex 5.01404 15.4316 85.1725
      vertex 3.46564 21.8812 82.1519
    endloop
  endfacet
  facet normal -0.346076 -0.295557 -0.890437
    outer loop
      vertex 17.9229 13.0218 82.1519
      vertex 13.1269 9.53727 85.1725
      vertex 11.4734 11.4734 85.1725
    endloop
  endfacet
  facet normal -0.34607 -0.295574 -0.890433
    outer loop
      vertex 15.6652 15.6652 82.1519
      vertex 17.9229 13.0218 82.1519
      vertex 11.4734 11.4734 85.1725
    endloop
  endfacet
  facet normal -0.370036 -0.603839 -0.706011
    outer loop
      vertex 14.6372 28.7271 73.5366
      vertex 16.1856 22.2776 78.2412
      vertex 12.5014 24.5353 78.2412
    endloop
  endfacet
  facet normal 0.0462013 -0.587155 -0.808155
    outer loop
      vertex 0 22.1539 82.1519
      vertex -3.46564 21.8812 82.1519
      vertex -4.30767 27.1976 78.2412
    endloop
  endfacet
  facet normal 0.364068 -0.878921 -0.308145
    outer loop
      vertex -12.7403 39.2106 55.8981
      vertex -12.105 37.2553 62.2258
      vertex -18.7173 36.7348 55.8981
    endloop
  endfacet
  facet normal 0.364077 -0.878913 -0.308155
    outer loop
      vertex -12.105 37.2553 62.2258
      vertex -17.7839 34.9029 62.2258
      vertex -18.7173 36.7348 55.8981
    endloop
  endfacet
  facet normal 0.225379 -0.544135 -0.80816
    outer loop
      vertex -8.50928 26.1889 78.2412
      vertex -6.84594 21.0696 82.1519
      vertex -10.0577 19.7393 82.1519
    endloop
  endfacet
  facet normal 0.341188 -0.823699 -0.452892
    outer loop
      vertex -12.105 37.2553 62.2258
      vertex -11.1716 34.3825 68.1539
      vertex -16.4126 32.2116 68.1539
    endloop
  endfacet
  facet normal 0.0357007 -0.453707 -0.890436
    outer loop
      vertex 0 22.1539 82.1519
      vertex -2.53827 16.026 85.1725
      vertex -3.46564 21.8812 82.1519
    endloop
  endfacet
  facet normal -0.137489 -0.572691 -0.808159
    outer loop
      vertex 8.50928 26.1889 78.2412
      vertex 6.84594 21.0696 82.1519
      vertex 4.30767 27.1976 78.2412
    endloop
  endfacet
  facet normal -0.30993 -0.748232 -0.586593
    outer loop
      vertex 11.1716 34.3825 68.1539
      vertex 14.6372 28.7271 73.5366
      vertex 9.96308 30.6632 73.5366
    endloop
  endfacet
  facet normal -0.0555584 -0.706013 -0.706016
    outer loop
      vertex 5.04364 31.8443 73.5366
      vertex 4.30767 27.1976 78.2412
      vertex 0 32.2412 73.5366
    endloop
  endfacet
  facet normal -0.0723397 -0.301322 0.950775
    outer loop
      vertex 3.05868 9.41364 4.77151
      vertex 5.01404 15.4316 6.82751
      vertex 1.5484 9.77622 4.77151
    endloop
  endfacet
  facet normal -0.118587 -0.286295 0.950775
    outer loop
      vertex 4.49364 8.81926 4.77151
      vertex 5.01404 15.4316 6.82751
      vertex 3.05868 9.41364 4.77151
    endloop
  endfacet
  facet normal -0.101901 -0.119314 0.987613
    outer loop
      vertex 2.35231 2.35231 3.7307
      vertex 6.999 6.999 4.77151
      vertex 1.95536 2.69133 3.7307
    endloop
  endfacet
  facet normal -0.119314 -0.101901 0.987613
    outer loop
      vertex 2.69133 1.95536 3.7307
      vertex 6.999 6.999 4.77151
      vertex 2.35231 2.35231 3.7307
    endloop
  endfacet
  facet normal 0.0123106 -0.156423 0.987613
    outer loop
      vertex -0.520405 3.28571 3.7307
      vertex 0 9.89808 4.77151
      vertex -1.5484 9.77622 4.77151
    endloop
  endfacet
  facet normal 0.101901 -0.119314 0.987613
    outer loop
      vertex -2.35231 2.35231 3.7307
      vertex -1.95536 2.69133 3.7307
      vertex -6.999 6.999 4.77151
    endloop
  endfacet
  facet normal 0.101903 -0.119312 0.987614
    outer loop
      vertex -1.95536 2.69133 3.7307
      vertex -5.81795 8.00772 4.77151
      vertex -6.999 6.999 4.77151
    endloop
  endfacet
  facet normal 0.0600472 0.144961 0.987614
    outer loop
      vertex -1.028 -3.16385 3.7307
      vertex -1.51027 -2.96408 3.7307
      vertex -4.49364 -8.81926 4.77151
    endloop
  endfacet
  facet normal 0.235633 0.201251 0.950776
    outer loop
      vertex -6.999 -6.999 4.77151
      vertex -8.00772 -5.81795 4.77151
      vertex -11.4734 -11.4734 6.82751
    endloop
  endfacet
  facet normal 0.133784 0.0819834 0.987614
    outer loop
      vertex -8.00772 -5.81795 4.77151
      vertex -2.69133 -1.95536 3.7307
      vertex -8.81926 -4.49364 4.77151
    endloop
  endfacet
  facet normal 0.286295 -0.118587 0.950775
    outer loop
      vertex -9.41364 3.05868 4.77151
      vertex -8.81926 4.49364 4.77151
      vertex -15.4316 5.01404 6.82751
    endloop
  endfacet
  facet normal 0.286296 -0.11858 0.950775
    outer loop
      vertex -8.81926 4.49364 4.77151
      vertex -14.4573 7.36635 6.82751
      vertex -15.4316 5.01404 6.82751
    endloop
  endfacet
  facet normal 0.208144 0.866928 0.452893
    outer loop
      vertex -5.65541 -35.7069 23.8461
      vertex -11.1716 -34.3825 23.8461
      vertex -12.105 -37.2553 29.7742
    endloop
  endfacet
  facet normal 0.222075 0.925052 0.308158
    outer loop
      vertex -6.44956 -40.7209 36.1019
      vertex -6.12793 -38.6902 29.7742
      vertex -12.105 -37.2553 29.7742
    endloop
  endfacet
  facet normal 0.497067 0.811152 0.308152
    outer loop
      vertex -17.7839 -34.9029 29.7742
      vertex -23.025 -31.6912 29.7742
      vertex -24.2335 -33.3545 36.1019
    endloop
  endfacet
  facet normal 0.5161 0.842207 0.155975
    outer loop
      vertex -19.1899 -37.6622 42.6733
      vertex -18.7173 -36.7348 36.1019
      vertex -24.2335 -33.3545 36.1019
    endloop
  endfacet
  facet normal 0.465842 0.76019 0.452882
    outer loop
      vertex -16.4126 -32.2116 23.8461
      vertex -21.2496 -29.2475 23.8461
      vertex -23.025 -31.6912 29.7742
    endloop
  endfacet
  facet normal 0.307737 0.502181 0.808153
    outer loop
      vertex -12.5014 -24.5353 13.7588
      vertex -10.0577 -19.7393 9.84806
      vertex -13.0218 -17.9229 9.84806
    endloop
  endfacet
  facet normal 0.22538 0.544138 0.808157
    outer loop
      vertex -8.50928 -26.1889 13.7588
      vertex -6.84594 -21.0696 9.84806
      vertex -10.0577 -19.7393 9.84806
    endloop
  endfacet
  facet normal 0.13749 0.572695 0.808157
    outer loop
      vertex -4.30767 -27.1976 13.7588
      vertex -6.84594 -21.0696 9.84806
      vertex -8.50928 -26.1889 13.7588
    endloop
  endfacet
  facet normal 0.447858 0.382511 0.808151
    outer loop
      vertex -15.6652 -15.6652 9.84806
      vertex -17.9229 -13.0218 9.84806
      vertex -19.4713 -19.4713 13.7588
    endloop
  endfacet
  facet normal 0.382511 0.447858 0.808151
    outer loop
      vertex -13.0218 -17.9229 9.84806
      vertex -15.6652 -15.6652 9.84806
      vertex -19.4713 -19.4713 13.7588
    endloop
  endfacet
  facet normal 0.525972 0.615842 0.586593
    outer loop
      vertex -21.2496 -29.2475 23.8461
      vertex -18.9509 -26.0837 18.4634
      vertex -25.5633 -25.5633 23.8461
    endloop
  endfacet
  facet normal 0.525973 0.615841 0.586594
    outer loop
      vertex -18.9509 -26.0837 18.4634
      vertex -22.798 -22.798 18.4634
      vertex -25.5633 -25.5633 23.8461
    endloop
  endfacet
  facet normal 0.447856 0.382512 0.808152
    outer loop
      vertex -19.4713 -19.4713 13.7588
      vertex -17.9229 -13.0218 9.84806
      vertex -22.2776 -16.1856 13.7588
    endloop
  endfacet
  facet normal 0.538514 0.459942 0.706014
    outer loop
      vertex -19.4713 -19.4713 13.7588
      vertex -22.2776 -16.1856 13.7588
      vertex -26.0837 -18.9509 18.4634
    endloop
  endfacet
  facet normal 0.842207 0.5161 0.155975
    outer loop
      vertex -33.3545 -24.2335 36.1019
      vertex -36.7348 -18.7173 36.1019
      vertex -37.6622 -19.1899 42.6733
    endloop
  endfacet
  facet normal 0.790117 0.539536 0.290888
    outer loop
      vertex -36.2251 -18.4576 34.3413
      vertex -36.0328 -18.5235 33.9412
      vertex -36.2192 -18.4588 34.3275
    endloop
  endfacet
  facet normal 0.811207 0.497057 0.308021
    outer loop
      vertex -33.3545 -24.2335 36.1019
      vertex -36.0328 -18.5235 33.9412
      vertex -36.2251 -18.4576 34.3413
    endloop
  endfacet
  facet normal 0.811111 0.497089 0.308224
    outer loop
      vertex -36.0328 -18.5235 33.9412
      vertex -33.3545 -24.2335 36.1019
      vertex -35.864 -18.6025 33.6244
    endloop
  endfacet
  facet normal 0.81115 0.497069 0.308152
    outer loop
      vertex -33.3545 -24.2335 36.1019
      vertex -36.2251 -18.4576 34.3413
      vertex -36.7348 -18.7173 36.1019
    endloop
  endfacet
  facet normal 0.81118 0.49706 0.308089
    outer loop
      vertex -35.864 -18.6025 33.6244
      vertex -33.3545 -24.2335 36.1019
      vertex -35.6722 -18.7101 33.293
    endloop
  endfacet
  facet normal 0.811089 0.497106 0.308254
    outer loop
      vertex -35.6722 -18.7101 33.293
      vertex -33.3545 -24.2335 36.1019
      vertex -35.4695 -18.8406 32.9701
    endloop
  endfacet
  facet normal 0.811206 0.497038 0.308057
    outer loop
      vertex -35.4695 -18.8406 32.9701
      vertex -33.3545 -24.2335 36.1019
      vertex -35.257 -18.9933 32.6569
    endloop
  endfacet
  facet normal 0.811173 0.497059 0.308108
    outer loop
      vertex -35.257 -18.9933 32.6569
      vertex -33.3545 -24.2335 36.1019
      vertex -35.0356 -19.1676 32.3552
    endloop
  endfacet
  facet normal 0.811134 0.497087 0.308164
    outer loop
      vertex -35.0356 -19.1676 32.3552
      vertex -33.3545 -24.2335 36.1019
      vertex -34.8066 -19.3623 32.0665
    endloop
  endfacet
  facet normal 0.811111 0.497106 0.308195
    outer loop
      vertex -34.8066 -19.3623 32.0665
      vertex -33.3545 -24.2335 36.1019
      vertex -34.5709 -19.5767 31.792
    endloop
  endfacet
  facet normal 0.811149 0.497073 0.308149
    outer loop
      vertex -34.5709 -19.5767 31.792
      vertex -33.3545 -24.2335 36.1019
      vertex -34.4428 -19.7005 31.6545
    endloop
  endfacet
  facet normal -0.301322 0.0723397 0.950775
    outer loop
      vertex 15.4316 -5.01404 6.82751
      vertex 9.77622 -1.5484 4.77151
      vertex 9.41364 -3.05868 4.77151
    endloop
  endfacet
  facet normal -0.286295 0.118587 0.950775
    outer loop
      vertex 15.4316 -5.01404 6.82751
      vertex 9.41364 -3.05868 4.77151
      vertex 8.81926 -4.49364 4.77151
    endloop
  endfacet
  facet normal -0.420465 0.174155 0.890437
    outer loop
      vertex 19.7393 -10.0577 9.84806
      vertex 21.0696 -6.84594 9.84806
      vertex 14.4573 -7.36635 6.82751
    endloop
  endfacet
  facet normal -0.544138 0.22538 0.808157
    outer loop
      vertex 26.1889 -8.50928 13.7588
      vertex 21.0696 -6.84594 9.84806
      vertex 19.7393 -10.0577 9.84806
    endloop
  endfacet
  facet normal -0.119314 0.101901 0.987613
    outer loop
      vertex 6.999 -6.999 4.77151
      vertex 2.69133 -1.95536 3.7307
      vertex 2.35231 -2.35231 3.7307
    endloop
  endfacet
  facet normal -0.119312 0.101903 0.987614
    outer loop
      vertex 6.999 -6.999 4.77151
      vertex 8.00772 -5.81795 4.77151
      vertex 2.69133 -1.95536 3.7307
    endloop
  endfacet
  facet normal -0.235643 0.201245 0.950775
    outer loop
      vertex 11.4734 -11.4734 6.82751
      vertex 13.1269 -9.53727 6.82751
      vertex 8.00772 -5.81795 4.77151
    endloop
  endfacet
  facet normal -0.264215 0.161919 0.950775
    outer loop
      vertex 13.1269 -9.53727 6.82751
      vertex 14.4573 -7.36635 6.82751
      vertex 8.00772 -5.81795 4.77151
    endloop
  endfacet
  facet normal -0.0600472 0.144961 0.987614
    outer loop
      vertex 4.49364 -8.81926 4.77151
      vertex 1.51027 -2.96408 3.7307
      vertex 1.028 -3.16385 3.7307
    endloop
  endfacet
  facet normal 0.0723397 0.301322 -0.950775
    outer loop
      vertex -3.05868 -9.41364 87.2285
      vertex -1.5484 -9.77622 87.2285
      vertex -5.01404 -15.4316 85.1725
    endloop
  endfacet
  facet normal 0.072343 0.30132 -0.950775
    outer loop
      vertex -1.5484 -9.77622 87.2285
      vertex -2.53827 -16.026 85.1725
      vertex -5.01404 -15.4316 85.1725
    endloop
  endfacet
  facet normal -0.106246 0.442533 -0.890436
    outer loop
      vertex 5.01404 -15.4316 85.1725
      vertex 3.46564 -21.8812 82.1519
      vertex 2.53827 -16.026 85.1725
    endloop
  endfacet
  facet normal -0.0723397 0.301322 -0.950775
    outer loop
      vertex 3.05868 -9.41364 87.2285
      vertex 5.01404 -15.4316 85.1725
      vertex 1.5484 -9.77622 87.2285
    endloop
  endfacet
  facet normal 0.161913 0.264217 -0.950775
    outer loop
      vertex -5.81795 -8.00772 87.2285
      vertex -4.49364 -8.81926 87.2285
      vertex -7.36635 -14.4573 85.1725
    endloop
  endfacet
  facet normal 0.161919 0.264215 -0.950775
    outer loop
      vertex -5.81795 -8.00772 87.2285
      vertex -7.36635 -14.4573 85.1725
      vertex -9.53727 -13.1269 85.1725
    endloop
  endfacet
  facet normal 0.225379 0.544135 -0.80816
    outer loop
      vertex -6.84594 -21.0696 82.1519
      vertex -8.50928 -26.1889 78.2412
      vertex -10.0577 -19.7393 82.1519
    endloop
  endfacet
  facet normal 0.0555584 0.706013 -0.706016
    outer loop
      vertex -4.30767 -27.1976 78.2412
      vertex 0 -32.2412 73.5366
      vertex -5.04364 -31.8443 73.5366
    endloop
  endfacet
  facet normal -0.0462013 0.587155 -0.808155
    outer loop
      vertex 3.46564 -21.8812 82.1519
      vertex 4.30767 -27.1976 78.2412
      vertex 0 -22.1539 82.1519
    endloop
  endfacet
  facet normal -0.046207 0.587151 -0.808157
    outer loop
      vertex 0 -22.1539 82.1519
      vertex 4.30767 -27.1976 78.2412
      vertex 0 -27.5366 78.2412
    endloop
  endfacet
  facet normal 0.525972 -0.615842 -0.586593
    outer loop
      vertex -21.2496 29.2475 68.1539
      vertex -18.9509 26.0837 73.5366
      vertex -25.5633 25.5633 68.1539
    endloop
  endfacet
  facet normal 0.525973 -0.615841 -0.586594
    outer loop
      vertex -18.9509 26.0837 73.5366
      vertex -22.798 22.798 73.5366
      vertex -25.5633 25.5633 68.1539
    endloop
  endfacet
  facet normal 0.370036 -0.603839 -0.706011
    outer loop
      vertex -14.6372 28.7271 73.5366
      vertex -12.5014 24.5353 78.2412
      vertex -16.1856 22.2776 78.2412
    endloop
  endfacet
  facet normal 0.370028 -0.60384 -0.706014
    outer loop
      vertex -14.6372 28.7271 73.5366
      vertex -16.1856 22.2776 78.2412
      vertex -18.9509 26.0837 73.5366
    endloop
  endfacet
  facet normal 0.579035 -0.677956 -0.452874
    outer loop
      vertex -23.025 31.6912 62.2258
      vertex -25.5633 25.5633 68.1539
      vertex -27.6991 27.6991 62.2258
    endloop
  endfacet
  facet normal 0.497068 -0.81115 -0.308154
    outer loop
      vertex -18.7173 36.7348 55.8981
      vertex -17.7839 34.9029 62.2258
      vertex -24.2335 33.3545 55.8981
    endloop
  endfacet
  facet normal 0.641505 -0.751095 -0.155974
    outer loop
      vertex -24.8453 34.1966 49.3267
      vertex -24.2335 33.3545 55.8981
      vertex -29.8889 29.8889 49.3267
    endloop
  endfacet
  facet normal 0.641503 -0.751097 -0.155972
    outer loop
      vertex -24.2335 33.3545 55.8981
      vertex -29.1529 29.1529 55.8981
      vertex -29.8889 29.8889 49.3267
    endloop
  endfacet
  facet normal 0.378 -0.912572 -0.155973
    outer loop
      vertex -13.0619 40.2005 49.3267
      vertex -18.7173 36.7348 55.8981
      vertex -19.1899 37.6622 49.3267
    endloop
  endfacet
  facet normal 0.382683 -0.92388 0
    outer loop
      vertex -19.1899 37.6622 42.6733
      vertex -13.0619 40.2005 49.3267
      vertex -19.1899 37.6622 49.3267
    endloop
  endfacet
  facet normal 0.382683 -0.92388 0
    outer loop
      vertex -13.0619 40.2005 49.3267
      vertex -19.1899 37.6622 42.6733
      vertex -13.0619 40.2005 42.6733
    endloop
  endfacet
  facet normal 0.346076 -0.295557 -0.890437
    outer loop
      vertex -11.4734 11.4734 85.1725
      vertex -13.1269 9.53727 85.1725
      vertex -17.9229 13.0218 82.1519
    endloop
  endfacet
  facet normal 0.388038 -0.2378 -0.890437
    outer loop
      vertex -13.1269 9.53727 85.1725
      vertex -14.4573 7.36635 85.1725
      vertex -17.9229 13.0218 82.1519
    endloop
  endfacet
  facet normal 0.119313 -0.1019 -0.987614
    outer loop
      vertex -2.35231 2.35231 88.2693
      vertex -2.69133 1.95536 88.2693
      vertex -6.999 6.999 87.2285
    endloop
  endfacet
  facet normal 0.1019 -0.119313 -0.987614
    outer loop
      vertex -1.95536 2.69133 88.2693
      vertex -2.35231 2.35231 88.2693
      vertex -6.999 6.999 87.2285
    endloop
  endfacet
  facet normal 0.0600466 -0.14496 -0.987614
    outer loop
      vertex -1.028 3.16385 88.2693
      vertex -1.51027 2.96408 88.2693
      vertex -4.49364 8.81926 87.2285
    endloop
  endfacet
  facet normal 0.0819821 -0.133783 -0.987614
    outer loop
      vertex -1.51027 2.96408 88.2693
      vertex -1.95536 2.69133 88.2693
      vertex -4.49364 8.81926 87.2285
    endloop
  endfacet
  facet normal -0.201251 -0.235633 -0.950776
    outer loop
      vertex 11.4734 11.4734 85.1725
      vertex 6.999 6.999 87.2285
      vertex 5.81795 8.00772 87.2285
    endloop
  endfacet
  facet normal -0.201245 -0.235643 -0.950775
    outer loop
      vertex 9.53727 13.1269 85.1725
      vertex 11.4734 11.4734 85.1725
      vertex 5.81795 8.00772 87.2285
    endloop
  endfacet
  facet normal -0.0723397 -0.301322 -0.950775
    outer loop
      vertex 5.01404 15.4316 85.1725
      vertex 3.05868 9.41364 87.2285
      vertex 1.5484 9.77622 87.2285
    endloop
  endfacet
  facet normal -0.0366281 -0.15257 -0.987614
    outer loop
      vertex 1.5484 9.77622 87.2285
      vertex 3.05868 9.41364 87.2285
      vertex 1.028 3.16385 88.2693
    endloop
  endfacet
  facet normal 0.0243126 -0.308926 -0.950775
    outer loop
      vertex 0 16.2258 85.1725
      vertex 0 9.89808 87.2285
      vertex -1.5484 9.77622 87.2285
    endloop
  endfacet
  facet normal 0.0123104 -0.156421 -0.987614
    outer loop
      vertex 0 9.89808 87.2285
      vertex -0.520405 3.28571 88.2693
      vertex -1.5484 9.77622 87.2285
    endloop
  endfacet
  facet normal -0.208144 -0.866928 -0.452893
    outer loop
      vertex 12.105 37.2553 62.2258
      vertex 11.1716 34.3825 68.1539
      vertex 5.65541 35.7069 68.1539
    endloop
  endfacet
  facet normal -0.189074 -0.787502 -0.586593
    outer loop
      vertex 11.1716 34.3825 68.1539
      vertex 9.96308 30.6632 73.5366
      vertex 5.65541 35.7069 68.1539
    endloop
  endfacet
  facet normal 0.222075 -0.925052 -0.308158
    outer loop
      vertex -6.44956 40.7209 55.8981
      vertex -6.12793 38.6902 62.2258
      vertex -12.105 37.2553 62.2258
    endloop
  endfacet
  facet normal 0.341205 -0.823699 -0.452879
    outer loop
      vertex -12.105 37.2553 62.2258
      vertex -16.4126 32.2116 68.1539
      vertex -17.7839 34.9029 62.2258
    endloop
  endfacet
  facet normal 0.309929 -0.748232 -0.586594
    outer loop
      vertex -11.1716 34.3825 68.1539
      vertex -14.6372 28.7271 73.5366
      vertex -16.4126 32.2116 68.1539
    endloop
  endfacet
  facet normal 0.208125 -0.866942 -0.452875
    outer loop
      vertex -6.12793 38.6902 62.2258
      vertex -5.65541 35.7069 68.1539
      vertex -12.105 37.2553 62.2258
    endloop
  endfacet
  facet normal 0.137489 -0.572691 -0.808159
    outer loop
      vertex -4.30767 27.1976 78.2412
      vertex -6.84594 21.0696 82.1519
      vertex -8.50928 26.1889 78.2412
    endloop
  endfacet
  facet normal 0.307735 -0.502178 -0.808156
    outer loop
      vertex -12.5014 24.5353 78.2412
      vertex -10.0577 19.7393 82.1519
      vertex -13.0218 17.9229 82.1519
    endloop
  endfacet
  facet normal -0.0243126 -0.308926 -0.950775
    outer loop
      vertex 0 16.2258 85.1725
      vertex 1.5484 9.77622 87.2285
      vertex 0 9.89808 87.2285
    endloop
  endfacet
  facet normal -0.0357138 -0.453711 -0.890433
    outer loop
      vertex 0 22.1539 82.1519
      vertex 2.53827 16.026 85.1725
      vertex 0 16.2258 85.1725
    endloop
  endfacet
  facet normal -0.174154 -0.420471 -0.890435
    outer loop
      vertex 6.84594 21.0696 82.1519
      vertex 7.36635 14.4573 85.1725
      vertex 5.01404 15.4316 85.1725
    endloop
  endfacet
  facet normal -0.165323 -0.688634 -0.706011
    outer loop
      vertex 9.96308 30.6632 73.5366
      vertex 8.50928 26.1889 78.2412
      vertex 4.30767 27.1976 78.2412
    endloop
  endfacet
  facet normal 0.0366282 -0.152571 0.987614
    outer loop
      vertex -1.028 3.16385 3.7307
      vertex -0.520405 3.28571 3.7307
      vertex -1.5484 9.77622 4.77151
    endloop
  endfacet
  facet normal -0.0366285 -0.152571 0.987613
    outer loop
      vertex 3.05868 9.41364 4.77151
      vertex 1.5484 9.77622 4.77151
      vertex 1.028 3.16385 3.7307
    endloop
  endfacet
  facet normal -0.0600454 -0.144962 0.987614
    outer loop
      vertex 4.49364 8.81926 4.77151
      vertex 3.05868 9.41364 4.77151
      vertex 1.028 3.16385 3.7307
    endloop
  endfacet
  facet normal 0.119314 -0.101901 0.987613
    outer loop
      vertex -2.69133 1.95536 3.7307
      vertex -2.35231 2.35231 3.7307
      vertex -6.999 6.999 4.77151
    endloop
  endfacet
  facet normal 0.133785 -0.0819829 0.987614
    outer loop
      vertex -2.96408 1.51027 3.7307
      vertex -2.69133 1.95536 3.7307
      vertex -8.81926 4.49364 4.77151
    endloop
  endfacet
  facet normal 0.144962 -0.0600454 0.987614
    outer loop
      vertex -3.16385 1.028 3.7307
      vertex -8.81926 4.49364 4.77151
      vertex -9.41364 3.05868 4.77151
    endloop
  endfacet
  facet normal 0.152571 -0.0366285 0.987613
    outer loop
      vertex -3.16385 1.028 3.7307
      vertex -9.41364 3.05868 4.77151
      vertex -9.77622 1.5484 4.77151
    endloop
  endfacet
  facet normal 0.144961 0.0600472 0.987614
    outer loop
      vertex -2.96408 -1.51027 3.7307
      vertex -3.16385 -1.028 3.7307
      vertex -8.81926 -4.49364 4.77151
    endloop
  endfacet
  facet normal 0.152571 0.0366282 0.987614
    outer loop
      vertex -3.16385 -1.028 3.7307
      vertex -3.28571 -0.520405 3.7307
      vertex -9.77622 -1.5484 4.77151
    endloop
  endfacet
  facet normal 0.156423 0.0123106 0.987613
    outer loop
      vertex -9.77622 -1.5484 4.77151
      vertex -3.28571 -0.520405 3.7307
      vertex -9.89808 0 4.77151
    endloop
  endfacet
  facet normal 0.208125 0.866942 0.452875
    outer loop
      vertex -6.12793 -38.6902 29.7742
      vertex -5.65541 -35.7069 23.8461
      vertex -12.105 -37.2553 29.7742
    endloop
  endfacet
  facet normal 0.0699552 0.888825 0.452875
    outer loop
      vertex 0 -39.1725 29.7742
      vertex -5.65541 -35.7069 23.8461
      vertex -6.12793 -38.6902 29.7742
    endloop
  endfacet
  facet normal 0.378 0.912572 0.155973
    outer loop
      vertex -13.0619 -40.2005 42.6733
      vertex -18.7173 -36.7348 36.1019
      vertex -19.1899 -37.6622 42.6733
    endloop
  endfacet
  facet normal 0.382683 0.92388 -0
    outer loop
      vertex -13.0619 -40.2005 42.6733
      vertex -19.1899 -37.6622 49.3267
      vertex -13.0619 -40.2005 49.3267
    endloop
  endfacet
  facet normal 0.382683 0.92388 0
    outer loop
      vertex -19.1899 -37.6622 49.3267
      vertex -13.0619 -40.2005 42.6733
      vertex -19.1899 -37.6622 42.6733
    endloop
  endfacet
  facet normal 0.165331 0.688627 0.706016
    outer loop
      vertex -5.04364 -31.8443 18.4634
      vertex -4.30767 -27.1976 13.7588
      vertex -9.96308 -30.6632 18.4634
    endloop
  endfacet
  facet normal 0.18907 0.787501 0.586596
    outer loop
      vertex -5.65541 -35.7069 23.8461
      vertex -5.04364 -31.8443 18.4634
      vertex -9.96308 -30.6632 18.4634
    endloop
  endfacet
  facet normal 0.459942 0.538514 0.706014
    outer loop
      vertex -18.9509 -26.0837 18.4634
      vertex -16.1856 -22.2776 13.7588
      vertex -19.4713 -19.4713 13.7588
    endloop
  endfacet
  facet normal 0.382512 0.447856 0.808152
    outer loop
      vertex -16.1856 -22.2776 13.7588
      vertex -13.0218 -17.9229 9.84806
      vertex -19.4713 -19.4713 13.7588
    endloop
  endfacet
  facet normal 0.271018 0.654292 -0.706011
    outer loop
      vertex -12.5014 -24.5353 78.2412
      vertex -8.50928 -26.1889 78.2412
      vertex -14.6372 -28.7271 73.5366
    endloop
  endfacet
  facet normal 0.271019 0.654291 -0.706011
    outer loop
      vertex -8.50928 -26.1889 78.2412
      vertex -9.96308 -30.6632 73.5366
      vertex -14.6372 -28.7271 73.5366
    endloop
  endfacet
  facet normal 0.106246 0.442533 -0.890436
    outer loop
      vertex -2.53827 -16.026 85.1725
      vertex -3.46564 -21.8812 82.1519
      vertex -5.01404 -15.4316 85.1725
    endloop
  endfacet
  facet normal 0.0462013 0.587155 -0.808155
    outer loop
      vertex -3.46564 -21.8812 82.1519
      vertex 0 -22.1539 82.1519
      vertex -4.30767 -27.1976 78.2412
    endloop
  endfacet
  facet normal -0.307735 0.502178 -0.808156
    outer loop
      vertex 13.0218 -17.9229 82.1519
      vertex 12.5014 -24.5353 78.2412
      vertex 10.0577 -19.7393 82.1519
    endloop
  endfacet
  facet normal -0.237795 0.388046 -0.890435
    outer loop
      vertex 13.0218 -17.9229 82.1519
      vertex 10.0577 -19.7393 82.1519
      vertex 7.36635 -14.4573 85.1725
    endloop
  endfacet
  facet normal 0.0555611 -0.706015 -0.706015
    outer loop
      vertex 0 32.2412 73.5366
      vertex 0 27.5366 78.2412
      vertex -4.30767 27.1976 78.2412
    endloop
  endfacet
  facet normal 0.046207 -0.587151 -0.808157
    outer loop
      vertex 0 27.5366 78.2412
      vertex 0 22.1539 82.1519
      vertex -4.30767 27.1976 78.2412
    endloop
  endfacet
  facet normal 0.459942 -0.538514 -0.706014
    outer loop
      vertex -18.9509 26.0837 73.5366
      vertex -16.1856 22.2776 78.2412
      vertex -19.4713 19.4713 78.2412
    endloop
  endfacet
  facet normal 0.382509 -0.447853 -0.808155
    outer loop
      vertex -16.1856 22.2776 78.2412
      vertex -13.0218 17.9229 82.1519
      vertex -19.4713 19.4713 78.2412
    endloop
  endfacet
  facet normal -0.0123086 -0.156421 -0.987614
    outer loop
      vertex 0 9.89808 87.2285
      vertex 0.520405 3.28571 88.2693
      vertex 0 3.32666 88.2693
    endloop
  endfacet
  facet normal 0.0123086 -0.156421 -0.987614
    outer loop
      vertex 0 9.89808 87.2285
      vertex 0 3.32666 88.2693
      vertex -0.520405 3.28571 88.2693
    endloop
  endfacet
  facet normal -0.18907 -0.787501 -0.586596
    outer loop
      vertex 5.65541 35.7069 68.1539
      vertex 9.96308 30.6632 73.5366
      vertex 5.04364 31.8443 73.5366
    endloop
  endfacet
  facet normal -0.0635356 -0.807384 -0.586596
    outer loop
      vertex 5.65541 35.7069 68.1539
      vertex 5.04364 31.8443 73.5366
      vertex 0 32.2412 73.5366
    endloop
  endfacet
  facet normal -0.309929 -0.748232 -0.586594
    outer loop
      vertex 16.4126 32.2116 68.1539
      vertex 14.6372 28.7271 73.5366
      vertex 11.1716 34.3825 68.1539
    endloop
  endfacet
  facet normal -0.341188 -0.823699 -0.452892
    outer loop
      vertex 12.105 37.2553 62.2258
      vertex 16.4126 32.2116 68.1539
      vertex 11.1716 34.3825 68.1539
    endloop
  endfacet
  facet normal 0.208144 -0.866928 -0.452893
    outer loop
      vertex -5.65541 35.7069 68.1539
      vertex -11.1716 34.3825 68.1539
      vertex -12.105 37.2553 62.2258
    endloop
  endfacet
  facet normal 0.30993 -0.748232 -0.586593
    outer loop
      vertex -11.1716 34.3825 68.1539
      vertex -9.96308 30.6632 73.5366
      vertex -14.6372 28.7271 73.5366
    endloop
  endfacet
  facet normal 0.0699374 -0.88882 -0.452889
    outer loop
      vertex 0 39.1725 62.2258
      vertex 0 36.1519 68.1539
      vertex -5.65541 35.7069 68.1539
    endloop
  endfacet
  facet normal 0.0699552 -0.888825 -0.452875
    outer loop
      vertex 0 39.1725 62.2258
      vertex -5.65541 35.7069 68.1539
      vertex -6.12793 38.6902 62.2258
    endloop
  endfacet
  facet normal -0.0243172 -0.308926 -0.950775
    outer loop
      vertex 2.53827 16.026 85.1725
      vertex 1.5484 9.77622 87.2285
      vertex 0 16.2258 85.1725
    endloop
  endfacet
  facet normal -0.072343 -0.30132 -0.950775
    outer loop
      vertex 2.53827 16.026 85.1725
      vertex 5.01404 15.4316 85.1725
      vertex 1.5484 9.77622 87.2285
    endloop
  endfacet
  facet normal -0.174158 -0.420471 -0.890434
    outer loop
      vertex 10.0577 19.7393 82.1519
      vertex 7.36635 14.4573 85.1725
      vertex 6.84594 21.0696 82.1519
    endloop
  endfacet
  facet normal -0.271018 -0.654292 -0.706011
    outer loop
      vertex 14.6372 28.7271 73.5366
      vertex 12.5014 24.5353 78.2412
      vertex 8.50928 26.1889 78.2412
    endloop
  endfacet
  facet normal 0.0600472 -0.144961 0.987614
    outer loop
      vertex -1.51027 2.96408 3.7307
      vertex -1.028 3.16385 3.7307
      vertex -4.49364 8.81926 4.77151
    endloop
  endfacet
  facet normal 0.0600454 -0.144962 0.987614
    outer loop
      vertex -1.028 3.16385 3.7307
      vertex -3.05868 9.41364 4.77151
      vertex -4.49364 8.81926 4.77151
    endloop
  endfacet
  facet normal 0.0123087 -0.156423 0.987614
    outer loop
      vertex 0 3.32666 3.7307
      vertex 0 9.89808 4.77151
      vertex -0.520405 3.28571 3.7307
    endloop
  endfacet
  facet normal 0.119314 0.101901 0.987613
    outer loop
      vertex -2.35231 -2.35231 3.7307
      vertex -2.69133 -1.95536 3.7307
      vertex -6.999 -6.999 4.77151
    endloop
  endfacet
  facet normal 0.133785 0.0819829 0.987614
    outer loop
      vertex -2.69133 -1.95536 3.7307
      vertex -2.96408 -1.51027 3.7307
      vertex -8.81926 -4.49364 4.77151
    endloop
  endfacet
  facet normal 0.156423 -0.0123087 0.987614
    outer loop
      vertex -3.32666 0 3.7307
      vertex -3.28571 0.520405 3.7307
      vertex -9.89808 0 4.77151
    endloop
  endfacet
  facet normal 0.156423 -0.0123106 0.987613
    outer loop
      vertex -3.28571 0.520405 3.7307
      vertex -9.77622 1.5484 4.77151
      vertex -9.89808 0 4.77151
    endloop
  endfacet
  facet normal 0.364077 0.878913 0.308155
    outer loop
      vertex -12.105 -37.2553 29.7742
      vertex -17.7839 -34.9029 29.7742
      vertex -18.7173 -36.7348 36.1019
    endloop
  endfacet
  facet normal 0.364068 0.878921 0.308145
    outer loop
      vertex -12.7403 -39.2106 36.1019
      vertex -12.105 -37.2553 29.7742
      vertex -18.7173 -36.7348 36.1019
    endloop
  endfacet
  facet normal 0.341188 0.823699 0.452892
    outer loop
      vertex -12.105 -37.2553 29.7742
      vertex -11.1716 -34.3825 23.8461
      vertex -16.4126 -32.2116 23.8461
    endloop
  endfacet
  facet normal 0.341205 0.823699 0.452879
    outer loop
      vertex -12.105 -37.2553 29.7742
      vertex -16.4126 -32.2116 23.8461
      vertex -17.7839 -34.9029 29.7742
    endloop
  endfacet
  facet normal 0.174158 0.420471 -0.890434
    outer loop
      vertex -7.36635 -14.4573 85.1725
      vertex -6.84594 -21.0696 82.1519
      vertex -10.0577 -19.7393 82.1519
    endloop
  endfacet
  facet normal 0.165323 0.688634 -0.706011
    outer loop
      vertex -8.50928 -26.1889 78.2412
      vertex -4.30767 -27.1976 78.2412
      vertex -9.96308 -30.6632 73.5366
    endloop
  endfacet
  facet normal 0.137502 0.572694 -0.808155
    outer loop
      vertex -3.46564 -21.8812 82.1519
      vertex -4.30767 -27.1976 78.2412
      vertex -6.84594 -21.0696 82.1519
    endloop
  endfacet
  facet normal 0.106251 0.442534 -0.890435
    outer loop
      vertex -5.01404 -15.4316 85.1725
      vertex -3.46564 -21.8812 82.1519
      vertex -6.84594 -21.0696 82.1519
    endloop
  endfacet
  facet normal -0.225379 0.544135 -0.80816
    outer loop
      vertex 10.0577 -19.7393 82.1519
      vertex 8.50928 -26.1889 78.2412
      vertex 6.84594 -21.0696 82.1519
    endloop
  endfacet
  facet normal -0.174158 0.420471 -0.890434
    outer loop
      vertex 7.36635 -14.4573 85.1725
      vertex 10.0577 -19.7393 82.1519
      vertex 6.84594 -21.0696 82.1519
    endloop
  endfacet
  facet normal -0.046207 -0.587151 -0.808157
    outer loop
      vertex 0 27.5366 78.2412
      vertex 4.30767 27.1976 78.2412
      vertex 0 22.1539 82.1519
    endloop
  endfacet
  facet normal -0.0555611 -0.706015 -0.706015
    outer loop
      vertex 0 32.2412 73.5366
      vertex 4.30767 27.1976 78.2412
      vertex 0 27.5366 78.2412
    endloop
  endfacet
  facet normal 0.225389 -0.544135 -0.808156
    outer loop
      vertex -8.50928 26.1889 78.2412
      vertex -10.0577 19.7393 82.1519
      vertex -12.5014 24.5353 78.2412
    endloop
  endfacet
  facet normal 0.18907 -0.787501 -0.586596
    outer loop
      vertex -5.65541 35.7069 68.1539
      vertex -5.04364 31.8443 73.5366
      vertex -9.96308 30.6632 73.5366
    endloop
  endfacet
  facet normal 0.189074 -0.787502 -0.586593
    outer loop
      vertex -5.65541 35.7069 68.1539
      vertex -9.96308 30.6632 73.5366
      vertex -11.1716 34.3825 68.1539
    endloop
  endfacet
  facet normal 0.0635356 -0.807384 -0.586596
    outer loop
      vertex 0 32.2412 73.5366
      vertex -5.04364 31.8443 73.5366
      vertex -5.65541 35.7069 68.1539
    endloop
  endfacet
  facet normal -0.307735 -0.502178 -0.808156
    outer loop
      vertex 12.5014 24.5353 78.2412
      vertex 13.0218 17.9229 82.1519
      vertex 10.0577 19.7393 82.1519
    endloop
  endfacet
  facet normal -0.307738 -0.502178 -0.808155
    outer loop
      vertex 16.1856 22.2776 78.2412
      vertex 13.0218 17.9229 82.1519
      vertex 12.5014 24.5353 78.2412
    endloop
  endfacet
  facet normal -0.137502 -0.572694 -0.808155
    outer loop
      vertex 4.30767 27.1976 78.2412
      vertex 6.84594 21.0696 82.1519
      vertex 3.46564 21.8812 82.1519
    endloop
  endfacet
  facet normal -0.0462013 -0.587155 -0.808155
    outer loop
      vertex 4.30767 27.1976 78.2412
      vertex 3.46564 21.8812 82.1519
      vertex 0 22.1539 82.1519
    endloop
  endfacet
  facet normal 0 0 1
    outer loop
      vertex 3.28571 0.520405 3.7307
      vertex 3.28571 -0.520405 3.7307
      vertex 3.32666 0 3.7307
    endloop
  endfacet
  facet normal 0 0 1
    outer loop
      vertex 3.16385 1.028 3.7307
      vertex 3.28571 -0.520405 3.7307
      vertex 3.28571 0.520405 3.7307
    endloop
  endfacet
  facet normal 0 0 1
    outer loop
      vertex 3.16385 1.028 3.7307
      vertex 3.16385 -1.028 3.7307
      vertex 3.28571 -0.520405 3.7307
    endloop
  endfacet
  facet normal 0 0 1
    outer loop
      vertex 2.96408 1.51027 3.7307
      vertex 3.16385 -1.028 3.7307
      vertex 3.16385 1.028 3.7307
    endloop
  endfacet
  facet normal 0 0 1
    outer loop
      vertex 2.96408 1.51027 3.7307
      vertex 2.96408 -1.51027 3.7307
      vertex 3.16385 -1.028 3.7307
    endloop
  endfacet
  facet normal 0 0 1
    outer loop
      vertex 2.69133 1.95536 3.7307
      vertex 2.96408 -1.51027 3.7307
      vertex 2.96408 1.51027 3.7307
    endloop
  endfacet
  facet normal 0 0 1
    outer loop
      vertex 2.69133 1.95536 3.7307
      vertex 2.69133 -1.95536 3.7307
      vertex 2.96408 -1.51027 3.7307
    endloop
  endfacet
  facet normal 0 0 1
    outer loop
      vertex 2.35231 2.35231 3.7307
      vertex 2.69133 -1.95536 3.7307
      vertex 2.69133 1.95536 3.7307
    endloop
  endfacet
  facet normal 0 0 1
    outer loop
      vertex 2.35231 2.35231 3.7307
      vertex 2.35231 -2.35231 3.7307
      vertex 2.69133 -1.95536 3.7307
    endloop
  endfacet
  facet normal 0 0 1
    outer loop
      vertex 1.95536 2.69133 3.7307
      vertex 2.35231 -2.35231 3.7307
      vertex 2.35231 2.35231 3.7307
    endloop
  endfacet
  facet normal 0 0 1
    outer loop
      vertex 1.95536 2.69133 3.7307
      vertex 1.95536 -2.69133 3.7307
      vertex 2.35231 -2.35231 3.7307
    endloop
  endfacet
  facet normal 0 0 1
    outer loop
      vertex 1.51027 2.96408 3.7307
      vertex 1.95536 -2.69133 3.7307
      vertex 1.95536 2.69133 3.7307
    endloop
  endfacet
  facet normal 0 0 1
    outer loop
      vertex 1.51027 2.96408 3.7307
      vertex 1.51027 -2.96408 3.7307
      vertex 1.95536 -2.69133 3.7307
    endloop
  endfacet
  facet normal 0 0 1
    outer loop
      vertex 1.028 3.16385 3.7307
      vertex 1.51027 -2.96408 3.7307
      vertex 1.51027 2.96408 3.7307
    endloop
  endfacet
  facet normal 0 0 1
    outer loop
      vertex 1.028 3.16385 3.7307
      vertex 1.028 -3.16385 3.7307
      vertex 1.51027 -2.96408 3.7307
    endloop
  endfacet
  facet normal 0 0 1
    outer loop
      vertex 0.520405 3.28571 3.7307
      vertex 1.028 -3.16385 3.7307
      vertex 1.028 3.16385 3.7307
    endloop
  endfacet
  facet normal 0 0 1
    outer loop
      vertex 0.520405 3.28571 3.7307
      vertex 0.520405 -3.28571 3.7307
      vertex 1.028 -3.16385 3.7307
    endloop
  endfacet
  facet normal 0 0 1
    outer loop
      vertex 0 3.32666 3.7307
      vertex 0.520405 -3.28571 3.7307
      vertex 0.520405 3.28571 3.7307
    endloop
  endfacet
  facet normal 0 0 1
    outer loop
      vertex 0 3.32666 3.7307
      vertex 0 -3.32666 3.7307
      vertex 0.520405 -3.28571 3.7307
    endloop
  endfacet
  facet normal -0 0 1
    outer loop
      vertex -0.520405 3.28571 3.7307
      vertex 0 -3.32666 3.7307
      vertex 0 3.32666 3.7307
    endloop
  endfacet
  facet normal 0 0 1
    outer loop
      vertex -0.520405 3.28571 3.7307
      vertex -0.520405 -3.28571 3.7307
      vertex 0 -3.32666 3.7307
    endloop
  endfacet
  facet normal -0 0 1
    outer loop
      vertex -1.028 3.16385 3.7307
      vertex -0.520405 -3.28571 3.7307
      vertex -0.520405 3.28571 3.7307
    endloop
  endfacet
  facet normal 0 0 1
    outer loop
      vertex -1.028 3.16385 3.7307
      vertex -1.028 -3.16385 3.7307
      vertex -0.520405 -3.28571 3.7307
    endloop
  endfacet
  facet normal -0 0 1
    outer loop
      vertex -1.51027 2.96408 3.7307
      vertex -1.028 -3.16385 3.7307
      vertex -1.028 3.16385 3.7307
    endloop
  endfacet
  facet normal 0 0 1
    outer loop
      vertex -1.51027 2.96408 3.7307
      vertex -1.51027 -2.96408 3.7307
      vertex -1.028 -3.16385 3.7307
    endloop
  endfacet
  facet normal -0 0 1
    outer loop
      vertex -1.95536 2.69133 3.7307
      vertex -1.51027 -2.96408 3.7307
      vertex -1.51027 2.96408 3.7307
    endloop
  endfacet
  facet normal 0 0 1
    outer loop
      vertex -1.95536 2.69133 3.7307
      vertex -1.95536 -2.69133 3.7307
      vertex -1.51027 -2.96408 3.7307
    endloop
  endfacet
  facet normal -0 0 1
    outer loop
      vertex -2.35231 2.35231 3.7307
      vertex -1.95536 -2.69133 3.7307
      vertex -1.95536 2.69133 3.7307
    endloop
  endfacet
  facet normal 0 0 1
    outer loop
      vertex -2.35231 2.35231 3.7307
      vertex -2.35231 -2.35231 3.7307
      vertex -1.95536 -2.69133 3.7307
    endloop
  endfacet
  facet normal -0 0 1
    outer loop
      vertex -2.69133 1.95536 3.7307
      vertex -2.35231 -2.35231 3.7307
      vertex -2.35231 2.35231 3.7307
    endloop
  endfacet
  facet normal 0 0 1
    outer loop
      vertex -2.69133 1.95536 3.7307
      vertex -2.69133 -1.95536 3.7307
      vertex -2.35231 -2.35231 3.7307
    endloop
  endfacet
  facet normal -0 0 1
    outer loop
      vertex -2.96408 1.51027 3.7307
      vertex -2.69133 -1.95536 3.7307
      vertex -2.69133 1.95536 3.7307
    endloop
  endfacet
  facet normal 0 0 1
    outer loop
      vertex -2.96408 1.51027 3.7307
      vertex -2.96408 -1.51027 3.7307
      vertex -2.69133 -1.95536 3.7307
    endloop
  endfacet
  facet normal -0 0 1
    outer loop
      vertex -3.16385 1.028 3.7307
      vertex -2.96408 -1.51027 3.7307
      vertex -2.96408 1.51027 3.7307
    endloop
  endfacet
  facet normal 0 0 1
    outer loop
      vertex -3.16385 1.028 3.7307
      vertex -3.16385 -1.028 3.7307
      vertex -2.96408 -1.51027 3.7307
    endloop
  endfacet
  facet normal -0 0 1
    outer loop
      vertex -3.28571 0.520405 3.7307
      vertex -3.16385 -1.028 3.7307
      vertex -3.16385 1.028 3.7307
    endloop
  endfacet
  facet normal 0 0 1
    outer loop
      vertex -3.28571 0.520405 3.7307
      vertex -3.28571 -0.520405 3.7307
      vertex -3.16385 -1.028 3.7307
    endloop
  endfacet
  facet normal 0 -0 1
    outer loop
      vertex -3.28571 -0.520405 3.7307
      vertex -3.28571 0.520405 3.7307
      vertex -3.32666 0 3.7307
    endloop
  endfacet
  facet normal 0.156423 0.0123087 0.987614
    outer loop
      vertex -3.28571 -0.520405 3.7307
      vertex -3.32666 0 3.7307
      vertex -9.89808 0 4.77151
    endloop
  endfacet
  facet normal 0.370028 0.60384 0.706014
    outer loop
      vertex -14.6372 -28.7271 18.4634
      vertex -16.1856 -22.2776 13.7588
      vertex -18.9509 -26.0837 18.4634
    endloop
  endfacet
  facet normal 0.370036 0.603839 0.706011
    outer loop
      vertex -14.6372 -28.7271 18.4634
      vertex -12.5014 -24.5353 13.7588
      vertex -16.1856 -22.2776 13.7588
    endloop
  endfacet
  facet normal -0.106251 0.442534 -0.890435
    outer loop
      vertex 5.01404 -15.4316 85.1725
      vertex 6.84594 -21.0696 82.1519
      vertex 3.46564 -21.8812 82.1519
    endloop
  endfacet
  facet normal -0.0357138 0.453711 -0.890433
    outer loop
      vertex 0 -16.2258 85.1725
      vertex 2.53827 -16.026 85.1725
      vertex 0 -22.1539 82.1519
    endloop
  endfacet
  facet normal 0.165323 -0.688634 -0.706011
    outer loop
      vertex -4.30767 27.1976 78.2412
      vertex -8.50928 26.1889 78.2412
      vertex -9.96308 30.6632 73.5366
    endloop
  endfacet
  facet normal 0.271019 -0.654291 -0.706011
    outer loop
      vertex -9.96308 30.6632 73.5366
      vertex -8.50928 26.1889 78.2412
      vertex -14.6372 28.7271 73.5366
    endloop
  endfacet
  facet normal 0.165331 -0.688627 -0.706016
    outer loop
      vertex -5.04364 31.8443 73.5366
      vertex -4.30767 27.1976 78.2412
      vertex -9.96308 30.6632 73.5366
    endloop
  endfacet
  facet normal 0.0555584 -0.706013 -0.706016
    outer loop
      vertex 0 32.2412 73.5366
      vertex -4.30767 27.1976 78.2412
      vertex -5.04364 31.8443 73.5366
    endloop
  endfacet
  facet normal -0.0357007 -0.453707 -0.890436
    outer loop
      vertex 3.46564 21.8812 82.1519
      vertex 2.53827 16.026 85.1725
      vertex 0 22.1539 82.1519
    endloop
  endfacet
  facet normal -0.106246 -0.442533 -0.890436
    outer loop
      vertex 3.46564 21.8812 82.1519
      vertex 5.01404 15.4316 85.1725
      vertex 2.53827 16.026 85.1725
    endloop
  endfacet
  facet normal -0.137502 0.572694 -0.808155
    outer loop
      vertex 6.84594 -21.0696 82.1519
      vertex 4.30767 -27.1976 78.2412
      vertex 3.46564 -21.8812 82.1519
    endloop
  endfacet
  facet normal -0.0357007 0.453707 -0.890436
    outer loop
      vertex 2.53827 -16.026 85.1725
      vertex 3.46564 -21.8812 82.1519
      vertex 0 -22.1539 82.1519
    endloop
  endfacet
  facet normal -0.0555584 0.706013 -0.706016
    outer loop
      vertex 4.30767 -27.1976 78.2412
      vertex 5.04364 -31.8443 73.5366
      vertex 0 -32.2412 73.5366
    endloop
  endfacet
  facet normal -0.165331 0.688627 -0.706016
    outer loop
      vertex 9.96308 -30.6632 73.5366
      vertex 5.04364 -31.8443 73.5366
      vertex 4.30767 -27.1976 78.2412
    endloop
  endfacet
  facet normal -0.072343 0.30132 -0.950775
    outer loop
      vertex 5.01404 -15.4316 85.1725
      vertex 2.53827 -16.026 85.1725
      vertex 1.5484 -9.77622 87.2285
    endloop
  endfacet
  facet normal -0.0243172 0.308926 -0.950775
    outer loop
      vertex 1.5484 -9.77622 87.2285
      vertex 2.53827 -16.026 85.1725
      vertex 0 -16.2258 85.1725
    endloop
  endfacet
  facet normal 1 -0 0
    outer loop
      vertex 32 23.5091 30
      vertex 32 28.7969 29.9246
      vertex 32 28.8281 30
    endloop
  endfacet
  facet normal 1 0 0
    outer loop
      vertex 32 28.7969 29.9246
      vertex 32 23.5091 30
      vertex 32 27.7282 28.2657
    endloop
  endfacet
  facet normal 1 0 0
    outer loop
      vertex 32 27.7282 28.2657
      vertex 32 23.5091 30
      vertex 32 24.4512 23.9545
    endloop
  endfacet
  facet normal 1 0 0
    outer loop
      vertex 32 22.5211 29.7742
      vertex 32 23.5091 30
      vertex 32 23.2913 30.0095
    endloop
  endfacet
  facet normal 1 0 0
    outer loop
      vertex 32 22.5211 29.7742
      vertex 32 23.2913 30.0095
      vertex 32 22.7275 30.0588
    endloop
  endfacet
  facet normal 1 0 0
    outer loop
      vertex 32 22.5211 29.7742
      vertex 32 22.7275 30.0588
      vertex 32 22.7004 30.0634
    endloop
  endfacet
  facet normal 1 0 0
    outer loop
      vertex 32 23.5091 30
      vertex 32 22.5211 29.7742
      vertex 32 24.4512 23.9545
    endloop
  endfacet
  facet normal 1 -0 0
    outer loop
      vertex 32 19.1015 26.2567
      vertex 32 24.4512 23.9545
      vertex 32 22.5211 29.7742
    endloop
  endfacet
  facet normal 1 0 0
    outer loop
      vertex 32 24.4512 23.9545
      vertex 32 19.1015 26.2567
      vertex 32 20.5652 20.3216
    endloop
  endfacet
  facet normal 1 -0 0
    outer loop
      vertex 32 16.758 23.8461
      vertex 32 20.5652 20.3216
      vertex 32 19.1015 26.2567
    endloop
  endfacet
  facet normal 1 0 0
    outer loop
      vertex 32 20.5652 20.3216
      vertex 32 16.758 23.8461
      vertex 32 19.3516 19.4143
    endloop
  endfacet
  facet normal 1 -0 0
    outer loop
      vertex 32 16.3048 23.5192
      vertex 32 19.3516 19.4143
      vertex 32 16.758 23.8461
    endloop
  endfacet
  facet normal 1 0 0
    outer loop
      vertex 32 19.3516 19.4143
      vertex 32 16.3048 23.5192
      vertex 32 18.0394 18.4332
    endloop
  endfacet
  facet normal 1 -0 0
    outer loop
      vertex 32 12.6316 21.5784
      vertex 32 18.0394 18.4332
      vertex 32 16.3048 23.5192
    endloop
  endfacet
  facet normal 1 0 0
    outer loop
      vertex 32 18.0394 18.4332
      vertex 32 12.6316 21.5784
      vertex 32 14.6139 16.5338
    endloop
  endfacet
  facet normal 1 -0 0
    outer loop
      vertex 32 10.3974 20.398
      vertex 32 14.6139 16.5338
      vertex 32 12.6316 21.5784
    endloop
  endfacet
  facet normal 1 0 0
    outer loop
      vertex 32 14.6139 16.5338
      vertex 32 10.3974 20.398
      vertex 32 12.1949 15.5557
    endloop
  endfacet
  facet normal 1 -0 0
    outer loop
      vertex 32 8.82136 19.89
      vertex 32 12.1949 15.5557
      vertex 32 10.3974 20.398
    endloop
  endfacet
  facet normal 1 0 0
    outer loop
      vertex 32 12.1949 15.5557
      vertex 32 8.82136 19.89
      vertex 32 9.39605 14.4241
    endloop
  endfacet
  facet normal 1 0 0
    outer loop
      vertex 32 8.82136 19.89
      vertex 32 8.57201 14.2214
      vertex 32 9.39605 14.4241
    endloop
  endfacet
  facet normal 1 -0 0
    outer loop
      vertex 32 5.0683 18.6804
      vertex 32 8.57201 14.2214
      vertex 32 8.82136 19.89
    endloop
  endfacet
  facet normal 1 0 0
    outer loop
      vertex 32 8.57201 14.2214
      vertex 32 5.0683 18.6804
      vertex 32 5.5293 13.4731
    endloop
  endfacet
  facet normal 1 0 0
    outer loop
      vertex 32 5.0683 18.6804
      vertex 32 4.6009 13.3017
      vertex 32 5.5293 13.4731
    endloop
  endfacet
  facet normal 1 -0 0
    outer loop
      vertex 32 3.0649 18.4634
      vertex 32 4.6009 13.3017
      vertex 32 5.0683 18.6804
    endloop
  endfacet
  facet normal 1 0 0
    outer loop
      vertex 32 3.0649 18.4634
      vertex 32 0.394441 13.041
      vertex 32 4.6009 13.3017
    endloop
  endfacet
  facet normal 1 -0 0
    outer loop
      vertex 32 0.206015 18.2384
      vertex 32 0.394441 13.041
      vertex 32 3.0649 18.4634
    endloop
  endfacet
  facet normal 1 -0 0
    outer loop
      vertex 32 0 18.2222
      vertex 32 0.394441 13.041
      vertex 32 0.206015 18.2384
    endloop
  endfacet
  facet normal 1 0 0
    outer loop
      vertex 32 0 18.2222
      vertex 32 0 13.0165
      vertex 32 0.394441 13.041
    endloop
  endfacet
  facet normal 1 0 0
    outer loop
      vertex 32 -0.394441 13.041
      vertex 32 0 18.2222
      vertex 32 -0.206015 18.2384
    endloop
  endfacet
  facet normal 1 0 0
    outer loop
      vertex 32 0 18.2222
      vertex 32 -0.394441 13.041
      vertex 32 0 13.0165
    endloop
  endfacet
  facet normal 1 0 0
    outer loop
      vertex 32 -3.0649 18.4634
      vertex 32 -0.394441 13.041
      vertex 32 -0.206015 18.2384
    endloop
  endfacet
  facet normal 1 0 0
    outer loop
      vertex 32 -3.0649 18.4634
      vertex 32 -4.6009 13.3017
      vertex 32 -0.394441 13.041
    endloop
  endfacet
  facet normal 1 0 0
    outer loop
      vertex 32 -5.0683 18.6804
      vertex 32 -4.6009 13.3017
      vertex 32 -3.0649 18.4634
    endloop
  endfacet
  facet normal 1 0 0
    outer loop
      vertex 32 -5.0683 18.6804
      vertex 32 -5.5293 13.4731
      vertex 32 -4.6009 13.3017
    endloop
  endfacet
  facet normal 1 0 0
    outer loop
      vertex 32 -5.0683 18.6804
      vertex 32 -8.57201 14.2214
      vertex 32 -5.5293 13.4731
    endloop
  endfacet
  facet normal 1 0 0
    outer loop
      vertex 32 -8.82136 19.89
      vertex 32 -8.57201 14.2214
      vertex 32 -5.0683 18.6804
    endloop
  endfacet
  facet normal 1 0 0
    outer loop
      vertex 32 -8.82136 19.89
      vertex 32 -9.39605 14.4241
      vertex 32 -8.57201 14.2214
    endloop
  endfacet
  facet normal 1 0 0
    outer loop
      vertex 32 -12.1949 15.5557
      vertex 32 -8.82136 19.89
      vertex 32 -10.3974 20.398
    endloop
  endfacet
  facet normal 1 0 0
    outer loop
      vertex 32 -8.82136 19.89
      vertex 32 -12.1949 15.5557
      vertex 32 -9.39605 14.4241
    endloop
  endfacet
  facet normal 1 0 0
    outer loop
      vertex 32 -14.6139 16.5338
      vertex 32 -10.3974 20.398
      vertex 32 -12.6316 21.5784
    endloop
  endfacet
  facet normal 1 0 0
    outer loop
      vertex 32 -10.3974 20.398
      vertex 32 -14.6139 16.5338
      vertex 32 -12.1949 15.5557
    endloop
  endfacet
  facet normal 1 0 0
    outer loop
      vertex 32 -18.0394 18.4332
      vertex 32 -12.6316 21.5784
      vertex 32 -16.3048 23.5192
    endloop
  endfacet
  facet normal 1 0 0
    outer loop
      vertex 32 -19.3516 19.4143
      vertex 32 -16.3048 23.5192
      vertex 32 -16.758 23.8461
    endloop
  endfacet
  facet normal 1 0 0
    outer loop
      vertex 32 -12.6316 21.5784
      vertex 32 -18.0394 18.4332
      vertex 32 -14.6139 16.5338
    endloop
  endfacet
  facet normal 1 0 0
    outer loop
      vertex 32 -20.5652 20.3216
      vertex 32 -16.758 23.8461
      vertex 32 -19.1015 26.2567
    endloop
  endfacet
  facet normal 1 0 0
    outer loop
      vertex 32 -16.3048 23.5192
      vertex 32 -19.3516 19.4143
      vertex 32 -18.0394 18.4332
    endloop
  endfacet
  facet normal 1 0 0
    outer loop
      vertex 32 -16.758 23.8461
      vertex 32 -20.5652 20.3216
      vertex 32 -19.3516 19.4143
    endloop
  endfacet
  facet normal 1 0 0
    outer loop
      vertex 32 -24.4512 23.9545
      vertex 32 -19.1015 26.2567
      vertex 32 -22.5211 29.7742
    endloop
  endfacet
  facet normal 1 -0 0
    outer loop
      vertex 32 -22.8782 30.0365
      vertex 32 -22.5211 29.7742
      vertex 32 -22.6993 30.0616
    endloop
  endfacet
  facet normal 1 -0 0
    outer loop
      vertex 32 -23.3132 30.0061
      vertex 32 -22.5211 29.7742
      vertex 32 -22.8782 30.0365
    endloop
  endfacet
  facet normal 1 -0 0
    outer loop
      vertex 32 -23.487 30
      vertex 32 -22.5211 29.7742
      vertex 32 -23.3132 30.0061
    endloop
  endfacet
  facet normal 1 0 0
    outer loop
      vertex 32 -22.5211 29.7742
      vertex 32 -23.487 30
      vertex 32 -24.4512 23.9545
    endloop
  endfacet
  facet normal 1 0 0
    outer loop
      vertex 32 -19.1015 26.2567
      vertex 32 -24.4512 23.9545
      vertex 32 -20.5652 20.3216
    endloop
  endfacet
  facet normal 1 0 0
    outer loop
      vertex 32 -23.487 30
      vertex 32 -27.7282 28.2657
      vertex 32 -24.4512 23.9545
    endloop
  endfacet
  facet normal 1 0 0
    outer loop
      vertex 32 -23.487 30
      vertex 32 -28.7969 29.9246
      vertex 32 -27.7282 28.2657
    endloop
  endfacet
  facet normal 1 0 -0
    outer loop
      vertex 32 -28.7969 29.9246
      vertex 32 -23.487 30
      vertex 32 -28.8281 30
    endloop
  endfacet
  facet normal 1 0 0
    outer loop
      vertex 32 23.487 62
      vertex 32 28.7969 62.0754
      vertex 32 27.7282 63.7343
    endloop
  endfacet
  facet normal 1 0 0
    outer loop
      vertex 32 23.487 62
      vertex 32 27.7282 63.7343
      vertex 32 24.4512 68.0455
    endloop
  endfacet
  facet normal 1 0 0
    outer loop
      vertex 32 28.7969 62.0754
      vertex 32 23.487 62
      vertex 32 28.8281 62
    endloop
  endfacet
  facet normal 1 -0 0
    outer loop
      vertex 32 22.5211 62.2258
      vertex 32 23.487 62
      vertex 32 24.4512 68.0455
    endloop
  endfacet
  facet normal 1 0 0
    outer loop
      vertex 32 23.487 62
      vertex 32 22.5211 62.2258
      vertex 32 23.3132 61.9939
    endloop
  endfacet
  facet normal 1 0 0
    outer loop
      vertex 32 23.3132 61.9939
      vertex 32 22.5211 62.2258
      vertex 32 22.8782 61.9635
    endloop
  endfacet
  facet normal 1 0 0
    outer loop
      vertex 32 22.8782 61.9635
      vertex 32 22.5211 62.2258
      vertex 32 22.6993 61.9384
    endloop
  endfacet
  facet normal 1 0 0
    outer loop
      vertex 32 19.1015 65.7433
      vertex 32 24.4512 68.0455
      vertex 32 20.5652 71.6784
    endloop
  endfacet
  facet normal 1 0 0
    outer loop
      vertex 32 16.758 68.1539
      vertex 32 20.5652 71.6784
      vertex 32 19.3516 72.5857
    endloop
  endfacet
  facet normal 1 0 0
    outer loop
      vertex 32 24.4512 68.0455
      vertex 32 19.1015 65.7433
      vertex 32 22.5211 62.2258
    endloop
  endfacet
  facet normal 1 0 0
    outer loop
      vertex 32 16.3048 68.4808
      vertex 32 19.3516 72.5857
      vertex 32 18.0394 73.5668
    endloop
  endfacet
  facet normal 1 0 0
    outer loop
      vertex 32 20.5652 71.6784
      vertex 32 16.758 68.1539
      vertex 32 19.1015 65.7433
    endloop
  endfacet
  facet normal 1 0 0
    outer loop
      vertex 32 19.3516 72.5857
      vertex 32 16.3048 68.4808
      vertex 32 16.758 68.1539
    endloop
  endfacet
  facet normal 1 0 0
    outer loop
      vertex 32 12.6316 70.4216
      vertex 32 18.0394 73.5668
      vertex 32 14.6139 75.4662
    endloop
  endfacet
  facet normal 1 0 0
    outer loop
      vertex 32 18.0394 73.5668
      vertex 32 12.6316 70.4216
      vertex 32 16.3048 68.4808
    endloop
  endfacet
  facet normal 1 0 0
    outer loop
      vertex 32 10.3974 71.602
      vertex 32 14.6139 75.4662
      vertex 32 12.1949 76.4443
    endloop
  endfacet
  facet normal 1 0 0
    outer loop
      vertex 32 14.6139 75.4662
      vertex 32 10.3974 71.602
      vertex 32 12.6316 70.4216
    endloop
  endfacet
  facet normal 1 0 0
    outer loop
      vertex 32 8.82136 72.11
      vertex 32 12.1949 76.4443
      vertex 32 9.39605 77.5759
    endloop
  endfacet
  facet normal 1 0 0
    outer loop
      vertex 32 12.1949 76.4443
      vertex 32 8.82136 72.11
      vertex 32 10.3974 71.602
    endloop
  endfacet
  facet normal 1 0 0
    outer loop
      vertex 32 8.57201 77.7786
      vertex 32 8.82136 72.11
      vertex 32 9.39605 77.5759
    endloop
  endfacet
  facet normal 1 0 0
    outer loop
      vertex 32 5.0683 73.3196
      vertex 32 8.57201 77.7786
      vertex 32 5.5293 78.5269
    endloop
  endfacet
  facet normal 1 0 0
    outer loop
      vertex 32 8.57201 77.7786
      vertex 32 5.0683 73.3196
      vertex 32 8.82136 72.11
    endloop
  endfacet
  facet normal 1 0 0
    outer loop
      vertex 32 4.6009 78.6983
      vertex 32 5.0683 73.3196
      vertex 32 5.5293 78.5269
    endloop
  endfacet
  facet normal 1 0 0
    outer loop
      vertex 32 4.6009 78.6983
      vertex 32 3.0649 73.5366
      vertex 32 5.0683 73.3196
    endloop
  endfacet
  facet normal 1 0 0
    outer loop
      vertex 32 0.394441 78.959
      vertex 32 3.0649 73.5366
      vertex 32 4.6009 78.6983
    endloop
  endfacet
  facet normal 1 0 0
    outer loop
      vertex 32 0.394441 78.959
      vertex 32 0.206015 73.7616
      vertex 32 3.0649 73.5366
    endloop
  endfacet
  facet normal 1 0 0
    outer loop
      vertex 32 0 73.7778
      vertex 32 0.394441 78.959
      vertex 32 0 78.9835
    endloop
  endfacet
  facet normal 1 0 0
    outer loop
      vertex 32 0.394441 78.959
      vertex 32 0 73.7778
      vertex 32 0.206015 73.7616
    endloop
  endfacet
  facet normal 1 -0 0
    outer loop
      vertex 32 -0.394441 78.959
      vertex 32 0 73.7778
      vertex 32 0 78.9835
    endloop
  endfacet
  facet normal 1 0 0
    outer loop
      vertex 32 0 73.7778
      vertex 32 -0.394441 78.959
      vertex 32 -0.206015 73.7616
    endloop
  endfacet
  facet normal 1 0 0
    outer loop
      vertex 32 -0.394441 78.959
      vertex 32 -3.0649 73.5366
      vertex 32 -0.206015 73.7616
    endloop
  endfacet
  facet normal 1 -0 0
    outer loop
      vertex 32 -4.6009 78.6983
      vertex 32 -3.0649 73.5366
      vertex 32 -0.394441 78.959
    endloop
  endfacet
  facet normal 1 0 0
    outer loop
      vertex 32 -4.6009 78.6983
      vertex 32 -5.0683 73.3196
      vertex 32 -3.0649 73.5366
    endloop
  endfacet
  facet normal 1 -0 0
    outer loop
      vertex 32 -5.5293 78.5269
      vertex 32 -5.0683 73.3196
      vertex 32 -4.6009 78.6983
    endloop
  endfacet
  facet normal 1 -0 0
    outer loop
      vertex 32 -8.57201 77.7786
      vertex 32 -5.0683 73.3196
      vertex 32 -5.5293 78.5269
    endloop
  endfacet
  facet normal 1 0 0
    outer loop
      vertex 32 -8.57201 77.7786
      vertex 32 -8.82136 72.11
      vertex 32 -5.0683 73.3196
    endloop
  endfacet
  facet normal 1 -0 0
    outer loop
      vertex 32 -9.39605 77.5759
      vertex 32 -8.82136 72.11
      vertex 32 -8.57201 77.7786
    endloop
  endfacet
  facet normal 1 -0 0
    outer loop
      vertex 32 -12.1949 76.4443
      vertex 32 -8.82136 72.11
      vertex 32 -9.39605 77.5759
    endloop
  endfacet
  facet normal 1 0 0
    outer loop
      vertex 32 -8.82136 72.11
      vertex 32 -12.1949 76.4443
      vertex 32 -10.3974 71.602
    endloop
  endfacet
  facet normal 1 -0 0
    outer loop
      vertex 32 -14.6139 75.4662
      vertex 32 -10.3974 71.602
      vertex 32 -12.1949 76.4443
    endloop
  endfacet
  facet normal 1 0 0
    outer loop
      vertex 32 -10.3974 71.602
      vertex 32 -14.6139 75.4662
      vertex 32 -12.6316 70.4216
    endloop
  endfacet
  facet normal 1 -0 0
    outer loop
      vertex 32 -18.0394 73.5668
      vertex 32 -12.6316 70.4216
      vertex 32 -14.6139 75.4662
    endloop
  endfacet
  facet normal 1 0 0
    outer loop
      vertex 32 -12.6316 70.4216
      vertex 32 -18.0394 73.5668
      vertex 32 -16.3048 68.4808
    endloop
  endfacet
  facet normal 1 -0 0
    outer loop
      vertex 32 -19.3516 72.5857
      vertex 32 -16.3048 68.4808
      vertex 32 -18.0394 73.5668
    endloop
  endfacet
  facet normal 1 0 0
    outer loop
      vertex 32 -16.3048 68.4808
      vertex 32 -19.3516 72.5857
      vertex 32 -16.758 68.1539
    endloop
  endfacet
  facet normal 1 -0 0
    outer loop
      vertex 32 -20.5652 71.6784
      vertex 32 -16.758 68.1539
      vertex 32 -19.3516 72.5857
    endloop
  endfacet
  facet normal 1 0 0
    outer loop
      vertex 32 -16.758 68.1539
      vertex 32 -20.5652 71.6784
      vertex 32 -19.1015 65.7433
    endloop
  endfacet
  facet normal 1 -0 0
    outer loop
      vertex 32 -24.4512 68.0455
      vertex 32 -19.1015 65.7433
      vertex 32 -20.5652 71.6784
    endloop
  endfacet
  facet normal 1 0 0
    outer loop
      vertex 32 -19.1015 65.7433
      vertex 32 -24.4512 68.0455
      vertex 32 -22.5211 62.2258
    endloop
  endfacet
  facet normal 1 0 -0
    outer loop
      vertex 32 -23.5091 62
      vertex 32 -22.5211 62.2258
      vertex 32 -24.4512 68.0455
    endloop
  endfacet
  facet normal 1 0 0
    outer loop
      vertex 32 -22.5211 62.2258
      vertex 32 -22.7275 61.9412
      vertex 32 -22.7004 61.9366
    endloop
  endfacet
  facet normal 1 0 0
    outer loop
      vertex 32 -22.5211 62.2258
      vertex 32 -23.2913 61.9905
      vertex 32 -22.7275 61.9412
    endloop
  endfacet
  facet normal 1 0 0
    outer loop
      vertex 32 -22.5211 62.2258
      vertex 32 -23.5091 62
      vertex 32 -23.2913 61.9905
    endloop
  endfacet
  facet normal 1 -0 0
    outer loop
      vertex 32 -27.7282 63.7343
      vertex 32 -23.5091 62
      vertex 32 -24.4512 68.0455
    endloop
  endfacet
  facet normal 1 -0 0
    outer loop
      vertex 32 -28.7969 62.0754
      vertex 32 -23.5091 62
      vertex 32 -27.7282 63.7343
    endloop
  endfacet
  facet normal 1 0 0
    outer loop
      vertex 32 -23.5091 62
      vertex 32 -28.7969 62.0754
      vertex 32 -28.8281 62
    endloop
  endfacet
  facet normal 0 0 -1
    outer loop
      vertex 32 -23.487 30
      vertex 32.6353 -28.1773 30
      vertex 32.5893 -28.2388 30
    endloop
  endfacet
  facet normal 0 0 -1
    outer loop
      vertex 32 -23.487 30
      vertex 32.5893 -28.2388 30
      vertex 32 -28.8281 30
    endloop
  endfacet
  facet normal 0 0 -1
    outer loop
      vertex 32.6353 -28.1773 30
      vertex 32 -23.487 30
      vertex 36.1464 -23.487 30
    endloop
  endfacet
  facet normal -0.179689 0.17058 -0.968821
    outer loop
      vertex 36.1464 -23.487 30
      vertex 36.2785 -23.3132 30.0061
      vertex 36.2779 -23.3144 30.006
    endloop
  endfacet
  facet normal 0 0.0350762 -0.999385
    outer loop
      vertex 32 -23.3132 30.0061
      vertex 36.1464 -23.487 30
      vertex 32 -23.487 30
    endloop
  endfacet
  facet normal 0 0.0350762 -0.999385
    outer loop
      vertex 36.1464 -23.487 30
      vertex 32 -23.3132 30.0061
      vertex 36.2785 -23.3132 30.0061
    endloop
  endfacet
  facet normal 0 0.069715 -0.997567
    outer loop
      vertex 32 -22.8782 30.0365
      vertex 36.2785 -23.3132 30.0061
      vertex 32 -23.3132 30.0061
    endloop
  endfacet
  facet normal 0 0.069715 -0.997567
    outer loop
      vertex 36.2785 -23.3132 30.0061
      vertex 32 -22.8782 30.0365
      vertex 36.5262 -22.8782 30.0365
    endloop
  endfacet
  facet normal 0 0.139008 -0.990291
    outer loop
      vertex 36.5262 -22.8782 30.0365
      vertex 32.1105 -22.5334 30.0849
      vertex 36.7306 -22.5334 30.0849
    endloop
  endfacet
  facet normal 0 0.139008 -0.990291
    outer loop
      vertex 32 -22.8782 30.0365
      vertex 32.1105 -22.5334 30.0849
      vertex 36.5262 -22.8782 30.0365
    endloop
  endfacet
  facet normal 0.000214407 0.138941 -0.990301
    outer loop
      vertex 32.1105 -22.5334 30.0849
      vertex 32 -22.8782 30.0365
      vertex 32 -22.6993 30.0616
    endloop
  endfacet
  facet normal 0 0.208137 -0.9781
    outer loop
      vertex 36.7306 -22.5334 30.0849
      vertex 32.3468 -22.1927 30.1574
      vertex 36.9409 -22.1927 30.1574
    endloop
  endfacet
  facet normal 0 0.208137 -0.9781
    outer loop
      vertex 32.3468 -22.1927 30.1574
      vertex 36.7306 -22.5334 30.0849
      vertex 32.1105 -22.5334 30.0849
    endloop
  endfacet
  facet normal 0 0.275403 -0.961329
    outer loop
      vertex 36.9409 -22.1927 30.1574
      vertex 32.5886 -21.8576 30.2534
      vertex 37.1559 -21.8576 30.2534
    endloop
  endfacet
  facet normal 0 0.275403 -0.961329
    outer loop
      vertex 32.5886 -21.8576 30.2534
      vertex 36.9409 -22.1927 30.1574
      vertex 32.3468 -22.1927 30.1574
    endloop
  endfacet
  facet normal 0 0.342135 -0.939651
    outer loop
      vertex 37.1559 -21.8576 30.2534
      vertex 32.8343 -21.5305 30.3725
      vertex 37.3742 -21.5305 30.3725
    endloop
  endfacet
  facet normal 0 0.342135 -0.939651
    outer loop
      vertex 32.8343 -21.5305 30.3725
      vertex 37.1559 -21.8576 30.2534
      vertex 32.5886 -21.8576 30.2534
    endloop
  endfacet
  facet normal 0 0.406698 -0.913563
    outer loop
      vertex 37.3742 -21.5305 30.3725
      vertex 33.0833 -21.2122 30.5142
      vertex 37.5953 -21.2122 30.5142
    endloop
  endfacet
  facet normal 0 0.406698 -0.913563
    outer loop
      vertex 33.0833 -21.2122 30.5142
      vertex 37.3742 -21.5305 30.3725
      vertex 32.8343 -21.5305 30.3725
    endloop
  endfacet
  facet normal 0 0.469561 -0.8829
    outer loop
      vertex 37.5953 -21.2122 30.5142
      vertex 33.334 -20.9044 30.6779
      vertex 37.818 -20.9044 30.6779
    endloop
  endfacet
  facet normal 0 0.469561 -0.8829
    outer loop
      vertex 33.334 -20.9044 30.6779
      vertex 37.5953 -21.2122 30.5142
      vertex 33.0833 -21.2122 30.5142
    endloop
  endfacet
  facet normal 0 0.529999 -0.847998
    outer loop
      vertex 37.818 -20.9044 30.6779
      vertex 33.585 -20.6092 30.8624
      vertex 38.0407 -20.6092 30.8624
    endloop
  endfacet
  facet normal 0 0.529999 -0.847998
    outer loop
      vertex 33.585 -20.6092 30.8624
      vertex 37.818 -20.9044 30.6779
      vertex 33.334 -20.9044 30.6779
    endloop
  endfacet
  facet normal 0 0.587574 -0.80917
    outer loop
      vertex 38.0407 -20.6092 30.8624
      vertex 33.8355 -20.3273 31.0671
      vertex 38.263 -20.3273 31.0671
    endloop
  endfacet
  facet normal 0 0.587574 -0.80917
    outer loop
      vertex 33.8355 -20.3273 31.0671
      vertex 38.0407 -20.6092 30.8624
      vertex 33.585 -20.6092 30.8624
    endloop
  endfacet
  facet normal 0 0.642862 -0.765982
    outer loop
      vertex 38.263 -20.3273 31.0671
      vertex 34.0842 -20.0604 31.2911
      vertex 38.4835 -20.0604 31.2911
    endloop
  endfacet
  facet normal 0 0.642862 -0.765982
    outer loop
      vertex 34.0842 -20.0604 31.2911
      vertex 38.263 -20.3273 31.0671
      vertex 33.8355 -20.3273 31.0671
    endloop
  endfacet
  facet normal 0 0.694799 -0.719204
    outer loop
      vertex 38.4835 -20.0604 31.2911
      vertex 34.3296 -19.8099 31.5331
      vertex 38.701 -19.8099 31.5331
    endloop
  endfacet
  facet normal 0 0.694799 -0.719204
    outer loop
      vertex 34.3296 -19.8099 31.5331
      vertex 38.4835 -20.0604 31.2911
      vertex 34.0842 -20.0604 31.2911
    endloop
  endfacet
  facet normal 0 0.742947 -0.66935
    outer loop
      vertex 38.8181 -19.6822 31.6749
      vertex 34.5709 -19.5767 31.792
      vertex 38.9147 -19.5767 31.792
    endloop
  endfacet
  facet normal 7.51569e-06 0.743083 -0.6692
    outer loop
      vertex 38.701 -19.8099 31.5331
      vertex 34.5709 -19.5767 31.792
      vertex 38.8181 -19.6822 31.6749
    endloop
  endfacet
  facet normal 1.6296e-05 0.743152 -0.669122
    outer loop
      vertex 34.5709 -19.5767 31.792
      vertex 38.701 -19.8099 31.5331
      vertex 34.4428 -19.7005 31.6545
    endloop
  endfacet
  facet normal 0 0.742868 -0.669438
    outer loop
      vertex 34.4428 -19.7005 31.6545
      vertex 38.701 -19.8099 31.5331
      vertex 34.3296 -19.8099 31.5331
    endloop
  endfacet
  facet normal 0 0.788098 -0.615549
    outer loop
      vertex 38.9147 -19.5767 31.792
      vertex 34.8066 -19.3623 32.0665
      vertex 39.1234 -19.3623 32.0665
    endloop
  endfacet
  facet normal 0 0.788098 -0.615549
    outer loop
      vertex 34.8066 -19.3623 32.0665
      vertex 38.9147 -19.5767 31.792
      vertex 34.5709 -19.5767 31.792
    endloop
  endfacet
  facet normal 0 0.829078 -0.559132
    outer loop
      vertex 39.1234 -19.3623 32.0665
      vertex 35.0356 -19.1676 32.3552
      vertex 39.3261 -19.1676 32.3552
    endloop
  endfacet
  facet normal 0 0.829078 -0.559132
    outer loop
      vertex 35.0356 -19.1676 32.3552
      vertex 39.1234 -19.3623 32.0665
      vertex 34.8066 -19.3623 32.0665
    endloop
  endfacet
  facet normal 0 0.865884 -0.500244
    outer loop
      vertex 39.3261 -19.1676 32.3552
      vertex 35.257 -18.9933 32.6569
      vertex 39.5219 -18.9933 32.6569
    endloop
  endfacet
  facet normal 0 0.865884 -0.500244
    outer loop
      vertex 35.257 -18.9933 32.6569
      vertex 39.3261 -19.1676 32.3552
      vertex 35.0356 -19.1676 32.3552
    endloop
  endfacet
  facet normal 0 0.898859 -0.438237
    outer loop
      vertex 39.5219 -18.9933 32.6569
      vertex 35.4695 -18.8406 32.9701
      vertex 39.7098 -18.8406 32.9701
    endloop
  endfacet
  facet normal 0 0.898859 -0.438237
    outer loop
      vertex 35.4695 -18.8406 32.9701
      vertex 39.5219 -18.9933 32.6569
      vertex 35.257 -18.9933 32.6569
    endloop
  endfacet
  facet normal 0 0.927144 -0.374705
    outer loop
      vertex 39.7098 -18.8406 32.9701
      vertex 35.6722 -18.7101 33.293
      vertex 39.8888 -18.7101 33.293
    endloop
  endfacet
  facet normal 0 0.927144 -0.374705
    outer loop
      vertex 35.6722 -18.7101 33.293
      vertex 39.7098 -18.8406 32.9701
      vertex 35.4695 -18.8406 32.9701
    endloop
  endfacet
  facet normal 0 0.951123 -0.308813
    outer loop
      vertex 39.8888 -18.7101 33.293
      vertex 35.864 -18.6025 33.6244
      vertex 40.0582 -18.6025 33.6244
    endloop
  endfacet
  facet normal 0 0.951123 -0.308813
    outer loop
      vertex 35.864 -18.6025 33.6244
      vertex 39.8888 -18.7101 33.293
      vertex 35.6722 -18.7101 33.293
    endloop
  endfacet
  facet normal 0 0.970286 -0.241959
    outer loop
      vertex 40.0582 -18.6025 33.6244
      vertex 36.0328 -18.5235 33.9412
      vertex 40.207 -18.5235 33.9412
    endloop
  endfacet
  facet normal 0 0.970286 -0.241959
    outer loop
      vertex 36.0328 -18.5235 33.9412
      vertex 40.0582 -18.6025 33.6244
      vertex 35.864 -18.6025 33.6244
    endloop
  endfacet
  facet normal 0 0.986263 -0.165186
    outer loop
      vertex 40.207 -18.5235 33.9412
      vertex 36.2192 -18.4588 34.3275
      vertex 40.3712 -18.4588 34.3275
    endloop
  endfacet
  facet normal 0 0.986263 -0.165186
    outer loop
      vertex 36.2192 -18.4588 34.3275
      vertex 40.207 -18.5235 33.9412
      vertex 36.0328 -18.5235 33.9412
    endloop
  endfacet
  facet normal 0 0.996195 -0.0871489
    outer loop
      vertex 40.4032 -18.4515 34.4112
      vertex 36.4379 -18.4095 34.8913
      vertex 40.5689 -18.4095 34.8913
    endloop
  endfacet
  facet normal 3.06101e-05 0.996217 -0.086898
    outer loop
      vertex 40.3712 -18.4588 34.3275
      vertex 36.4379 -18.4095 34.8913
      vertex 40.4032 -18.4515 34.4112
    endloop
  endfacet
  facet normal -1.64921e-06 0.996198 -0.0871214
    outer loop
      vertex 36.4379 -18.4095 34.8913
      vertex 40.3712 -18.4588 34.3275
      vertex 36.2251 -18.4576 34.3413
    endloop
  endfacet
  facet normal 0 0.996241 -0.0866296
    outer loop
      vertex 36.2251 -18.4576 34.3413
      vertex 40.3712 -18.4588 34.3275
      vertex 36.2192 -18.4588 34.3275
    endloop
  endfacet
  facet normal 0 0.99905 -0.0435766
    outer loop
      vertex 40.5689 -18.4095 34.8913
      vertex 36.5182 -18.4 35.1091
      vertex 40.6405 -18.4 35.1091
    endloop
  endfacet
  facet normal 0 0.99905 -0.0435766
    outer loop
      vertex 36.5182 -18.4 35.1091
      vertex 40.5689 -18.4095 34.8913
      vertex 36.4379 -18.4095 34.8913
    endloop
  endfacet
  facet normal 0 1 0
    outer loop
      vertex 40.6336 -18.4 56.913
      vertex 36.7598 -18.4 56.2018
      vertex 36.5105 -18.4 56.913
    endloop
  endfacet
  facet normal 0 1 0
    outer loop
      vertex 40.6336 -18.4 56.913
      vertex 36.8663 -18.4 55.8981
      vertex 36.7598 -18.4 56.2018
    endloop
  endfacet
  facet normal 0 1 0
    outer loop
      vertex 36.9293 -18.4 55.5293
      vertex 40.6336 -18.4 56.913
      vertex 40.9884 -18.4 55.778
    endloop
  endfacet
  facet normal 0 1 0
    outer loop
      vertex 40.6336 -18.4 56.913
      vertex 36.9293 -18.4 55.5293
      vertex 36.8663 -18.4 55.8981
    endloop
  endfacet
  facet normal 0 1 0
    outer loop
      vertex 41.0356 -18.4 55.47
      vertex 36.9293 -18.4 55.5293
      vertex 40.9884 -18.4 55.778
    endloop
  endfacet
  facet normal 0 1 0
    outer loop
      vertex 41.0356 -18.4 55.47
      vertex 37.9894 -18.4 49.3267
      vertex 36.9293 -18.4 55.5293
    endloop
  endfacet
  facet normal 0 1 0
    outer loop
      vertex 41.9828 -18.4 49.2816
      vertex 37.9894 -18.4 49.3267
      vertex 41.0356 -18.4 55.47
    endloop
  endfacet
  facet normal 0 1 -0
    outer loop
      vertex 41.9828 -18.4 42.7184
      vertex 37.9894 -18.4 49.3267
      vertex 41.9828 -18.4 49.2816
    endloop
  endfacet
  facet normal 0 1 0
    outer loop
      vertex 41.9828 -18.4 42.7184
      vertex 37.9894 -18.4 42.6733
      vertex 37.9894 -18.4 49.3267
    endloop
  endfacet
  facet normal 0 1 -0
    outer loop
      vertex 41.0356 -18.4 36.53
      vertex 37.9894 -18.4 42.6733
      vertex 41.9828 -18.4 42.7184
    endloop
  endfacet
  facet normal 0 1 0
    outer loop
      vertex 41.0356 -18.4 36.53
      vertex 36.9293 -18.4 36.4707
      vertex 37.9894 -18.4 42.6733
    endloop
  endfacet
  facet normal 0 1 -0
    outer loop
      vertex 40.9884 -18.4 36.222
      vertex 36.9293 -18.4 36.4707
      vertex 41.0356 -18.4 36.53
    endloop
  endfacet
  facet normal 0 1 -0
    outer loop
      vertex 40.6405 -18.4 35.1091
      vertex 36.9293 -18.4 36.4707
      vertex 40.9884 -18.4 36.222
    endloop
  endfacet
  facet normal 0 1 0
    outer loop
      vertex 36.9293 -18.4 36.4707
      vertex 40.6405 -18.4 35.1091
      vertex 36.8663 -18.4 36.1019
    endloop
  endfacet
  facet normal 0 1 0
    outer loop
      vertex 36.8663 -18.4 36.1019
      vertex 40.6405 -18.4 35.1091
      vertex 36.7598 -18.4 35.7982
    endloop
  endfacet
  facet normal 0 1 0
    outer loop
      vertex 36.7598 -18.4 35.7982
      vertex 40.6405 -18.4 35.1091
      vertex 36.5182 -18.4 35.1091
    endloop
  endfacet
  facet normal -0 0.999385 0.0350762
    outer loop
      vertex 36.5105 -18.4 56.913
      vertex 40.5771 -18.4061 57.0868
      vertex 40.6336 -18.4 56.913
    endloop
  endfacet
  facet normal 0 0.999385 0.0350762
    outer loop
      vertex 40.5771 -18.4061 57.0868
      vertex 36.5105 -18.4 56.913
      vertex 36.447 -18.4061 57.0868
    endloop
  endfacet
  facet normal -0 0.997567 0.069715
    outer loop
      vertex 36.447 -18.4061 57.0868
      vertex 40.4297 -18.4365 57.5218
      vertex 40.5771 -18.4061 57.0868
    endloop
  endfacet
  facet normal 0 0.997567 0.069715
    outer loop
      vertex 40.4297 -18.4365 57.5218
      vertex 36.447 -18.4061 57.0868
      vertex 36.2819 -18.4365 57.5218
    endloop
  endfacet
  facet normal 0 0.99033 0.138735
    outer loop
      vertex 40.2922 -18.4849 57.8666
      vertex 36.2232 -18.4567 57.6653
      vertex 36.1294 -18.4849 57.8666
    endloop
  endfacet
  facet normal -2.82793e-06 0.990287 0.139041
    outer loop
      vertex 36.2819 -18.4365 57.5218
      vertex 40.2922 -18.4849 57.8666
      vertex 40.3975 -18.4489 57.6102
    endloop
  endfacet
  facet normal -0 0.990305 0.138912
    outer loop
      vertex 36.2819 -18.4365 57.5218
      vertex 40.3975 -18.4489 57.6102
      vertex 40.4297 -18.4365 57.5218
    endloop
  endfacet
  facet normal -3.25138e-05 0.990239 0.139379
    outer loop
      vertex 40.2922 -18.4849 57.8666
      vertex 36.2819 -18.4365 57.5218
      vertex 36.2232 -18.4567 57.6653
    endloop
  endfacet
  facet normal -0 0.9781 0.208137
    outer loop
      vertex 36.1294 -18.4849 57.8666
      vertex 40.139 -18.5574 58.2073
      vertex 40.2922 -18.4849 57.8666
    endloop
  endfacet
  facet normal 0 0.9781 0.208137
    outer loop
      vertex 40.139 -18.5574 58.2073
      vertex 36.1294 -18.4849 57.8666
      vertex 35.9556 -18.5574 58.2073
    endloop
  endfacet
  facet normal -0 0.961329 0.275403
    outer loop
      vertex 35.9556 -18.5574 58.2073
      vertex 39.9747 -18.6534 58.5424
      vertex 40.139 -18.5574 58.2073
    endloop
  endfacet
  facet normal 0 0.961329 0.275403
    outer loop
      vertex 39.9747 -18.6534 58.5424
      vertex 35.9556 -18.5574 58.2073
      vertex 35.7694 -18.6534 58.5424
    endloop
  endfacet
  facet normal -0 0.939651 0.342135
    outer loop
      vertex 35.7694 -18.6534 58.5424
      vertex 39.8005 -18.7725 58.8695
      vertex 39.9747 -18.6534 58.5424
    endloop
  endfacet
  facet normal 0 0.939651 0.342135
    outer loop
      vertex 39.8005 -18.7725 58.8695
      vertex 35.7694 -18.6534 58.5424
      vertex 35.5722 -18.7725 58.8695
    endloop
  endfacet
  facet normal -0 0.913563 0.406698
    outer loop
      vertex 35.5722 -18.7725 58.8695
      vertex 39.6169 -18.9142 59.1878
      vertex 39.8005 -18.7725 58.8695
    endloop
  endfacet
  facet normal 0 0.913563 0.406698
    outer loop
      vertex 39.6169 -18.9142 59.1878
      vertex 35.5722 -18.7725 58.8695
      vertex 35.3644 -18.9142 59.1878
    endloop
  endfacet
  facet normal -0 0.8829 0.469561
    outer loop
      vertex 35.3644 -18.9142 59.1878
      vertex 39.4249 -19.0779 59.4956
      vertex 39.6169 -18.9142 59.1878
    endloop
  endfacet
  facet normal 0 0.8829 0.469561
    outer loop
      vertex 39.4249 -19.0779 59.4956
      vertex 35.3644 -18.9142 59.1878
      vertex 35.1472 -19.0779 59.4956
    endloop
  endfacet
  facet normal -0 0.848127 0.529792
    outer loop
      vertex 35.1472 -19.0779 59.4956
      vertex 39.2256 -19.2623 59.7908
      vertex 39.4249 -19.0779 59.4956
    endloop
  endfacet
  facet normal 0 0.848127 0.529792
    outer loop
      vertex 39.2256 -19.2623 59.7908
      vertex 35.1472 -19.0779 59.4956
      vertex 34.922 -19.2623 59.7908
    endloop
  endfacet
  facet normal -0 0.808935 0.587899
    outer loop
      vertex 34.922 -19.2623 59.7908
      vertex 39.0198 -19.4671 60.0726
      vertex 39.2256 -19.2623 59.7908
    endloop
  endfacet
  facet normal 0 0.808935 0.587899
    outer loop
      vertex 39.0198 -19.4671 60.0726
      vertex 34.922 -19.2623 59.7908
      vertex 34.6895 -19.4671 60.0726
    endloop
  endfacet
  facet normal 0.000142587 0.767182 0.641429
    outer loop
      vertex 34.6895 -19.4671 60.0726
      vertex 38.8084 -19.6911 60.3396
      vertex 38.8185 -19.6804 60.3268
    endloop
  endfacet
  facet normal -0 0.766043 0.642789
    outer loop
      vertex 34.6895 -19.4671 60.0726
      vertex 38.8185 -19.6804 60.3268
      vertex 39.0198 -19.4671 60.0726
    endloop
  endfacet
  facet normal 0 0.7661 0.642721
    outer loop
      vertex 38.8084 -19.6911 60.3396
      vertex 34.6895 -19.4671 60.0726
      vertex 34.4508 -19.6911 60.3396
    endloop
  endfacet
  facet normal 0 0.719442 0.694552
    outer loop
      vertex 38.5927 -19.933 60.5901
      vertex 34.4433 -19.6986 60.3473
      vertex 34.2074 -19.933 60.5901
    endloop
  endfacet
  facet normal -0 0.719347 0.694651
    outer loop
      vertex 34.4508 -19.6911 60.3396
      vertex 38.5927 -19.933 60.5901
      vertex 38.8084 -19.6911 60.3396
    endloop
  endfacet
  facet normal -0.000342012 0.716515 0.697571
    outer loop
      vertex 38.5927 -19.933 60.5901
      vertex 34.4508 -19.6911 60.3396
      vertex 34.4433 -19.6986 60.3473
    endloop
  endfacet
  facet normal -0 0.669123 0.743151
    outer loop
      vertex 34.2074 -19.933 60.5901
      vertex 38.3735 -20.192 60.8233
      vertex 38.5927 -19.933 60.5901
    endloop
  endfacet
  facet normal 0 0.669123 0.743151
    outer loop
      vertex 38.3735 -20.192 60.8233
      vertex 34.2074 -19.933 60.5901
      vertex 33.9601 -20.192 60.8233
    endloop
  endfacet
  facet normal -0 0.615549 0.788098
    outer loop
      vertex 33.9601 -20.192 60.8233
      vertex 38.152 -20.4665 61.0377
      vertex 38.3735 -20.192 60.8233
    endloop
  endfacet
  facet normal 0 0.615549 0.788098
    outer loop
      vertex 38.152 -20.4665 61.0377
      vertex 33.9601 -20.192 60.8233
      vertex 33.7104 -20.4665 61.0377
    endloop
  endfacet
  facet normal -0 0.559132 0.829078
    outer loop
      vertex 33.7104 -20.4665 61.0377
      vertex 37.9294 -20.7552 61.2324
      vertex 38.152 -20.4665 61.0377
    endloop
  endfacet
  facet normal 0 0.559132 0.829078
    outer loop
      vertex 37.9294 -20.7552 61.2324
      vertex 33.7104 -20.4665 61.0377
      vertex 33.4595 -20.7552 61.2324
    endloop
  endfacet
  facet normal -0 0.500244 0.865884
    outer loop
      vertex 33.4595 -20.7552 61.2324
      vertex 37.7065 -21.0569 61.4067
      vertex 37.9294 -20.7552 61.2324
    endloop
  endfacet
  facet normal 0 0.500244 0.865884
    outer loop
      vertex 37.7065 -21.0569 61.4067
      vertex 33.4595 -20.7552 61.2324
      vertex 33.2084 -21.0569 61.4067
    endloop
  endfacet
  facet normal -0 0.438237 0.898859
    outer loop
      vertex 33.2084 -21.0569 61.4067
      vertex 37.4846 -21.3701 61.5594
      vertex 37.7065 -21.0569 61.4067
    endloop
  endfacet
  facet normal 0 0.438237 0.898859
    outer loop
      vertex 37.4846 -21.3701 61.5594
      vertex 33.2084 -21.0569 61.4067
      vertex 32.9585 -21.3701 61.5594
    endloop
  endfacet
  facet normal -0 0.374705 0.927144
    outer loop
      vertex 32.9585 -21.3701 61.5594
      vertex 37.2647 -21.693 61.6899
      vertex 37.4846 -21.3701 61.5594
    endloop
  endfacet
  facet normal 0 0.374705 0.927144
    outer loop
      vertex 37.2647 -21.693 61.6899
      vertex 32.9585 -21.3701 61.5594
      vertex 32.711 -21.693 61.6899
    endloop
  endfacet
  facet normal -0 0.308813 0.951123
    outer loop
      vertex 32.711 -21.693 61.6899
      vertex 37.0478 -22.0244 61.7975
      vertex 37.2647 -21.693 61.6899
    endloop
  endfacet
  facet normal 0 0.308813 0.951123
    outer loop
      vertex 37.0478 -22.0244 61.7975
      vertex 32.711 -21.693 61.6899
      vertex 32.4671 -22.0244 61.7975
    endloop
  endfacet
  facet normal -0 0.241959 0.970286
    outer loop
      vertex 32.4671 -22.0244 61.7975
      vertex 36.8485 -22.3412 61.8765
      vertex 37.0478 -22.0244 61.7975
    endloop
  endfacet
  facet normal 0 0.241959 0.970286
    outer loop
      vertex 36.8485 -22.3412 61.8765
      vertex 32.4671 -22.0244 61.7975
      vertex 32.243 -22.3412 61.8765
    endloop
  endfacet
  facet normal -0 0.165186 0.986263
    outer loop
      vertex 32.243 -22.3412 61.8765
      vertex 36.616 -22.7275 61.9412
      vertex 36.8485 -22.3412 61.8765
    endloop
  endfacet
  facet normal -0.00353468 0.167347 0.985892
    outer loop
      vertex 32 -22.7275 61.9412
      vertex 32.243 -22.3412 61.8765
      vertex 32 -22.7004 61.9366
    endloop
  endfacet
  facet normal 0 0.165186 0.986263
    outer loop
      vertex 32.243 -22.3412 61.8765
      vertex 32 -22.7275 61.9412
      vertex 36.616 -22.7275 61.9412
    endloop
  endfacet
  facet normal -0 0.08711 0.996199
    outer loop
      vertex 32 -22.7275 61.9412
      vertex 36.2916 -23.2913 61.9905
      vertex 36.616 -22.7275 61.9412
    endloop
  endfacet
  facet normal 0 0.08711 0.996199
    outer loop
      vertex 36.2916 -23.2913 61.9905
      vertex 32 -22.7275 61.9412
      vertex 32 -23.2913 61.9905
    endloop
  endfacet
  facet normal 0.00575187 0.0393132 0.99921
    outer loop
      vertex 36.2916 -23.2913 61.9905
      vertex 36.1299 -23.5091 62
      vertex 36.2785 -23.3148 61.9915
    endloop
  endfacet
  facet normal -0 0.0435766 0.99905
    outer loop
      vertex 32 -23.2913 61.9905
      vertex 36.1299 -23.5091 62
      vertex 36.2916 -23.2913 61.9905
    endloop
  endfacet
  facet normal 0 0.0435766 0.99905
    outer loop
      vertex 36.1299 -23.5091 62
      vertex 32 -23.2913 61.9905
      vertex 32 -23.5091 62
    endloop
  endfacet
  facet normal -0 0 1
    outer loop
      vertex 32 -23.5091 62
      vertex 32.6353 -28.1773 62
      vertex 36.1299 -23.5091 62
    endloop
  endfacet
  facet normal 0 0 1
    outer loop
      vertex 32 -23.5091 62
      vertex 32.5893 -28.2388 62
      vertex 32.6353 -28.1773 62
    endloop
  endfacet
  facet normal 0 0 1
    outer loop
      vertex 32.5893 -28.2388 62
      vertex 32 -23.5091 62
      vertex 32 -28.8281 62
    endloop
  endfacet
  facet normal 0 0 1
    outer loop
      vertex 32 28.8281 62
      vertex 32.6353 28.1773 62
      vertex 32.5893 28.2388 62
    endloop
  endfacet
  facet normal 0 0 1
    outer loop
      vertex 32 23.487 62
      vertex 32.6353 28.1773 62
      vertex 32 28.8281 62
    endloop
  endfacet
  facet normal 0 0 1
    outer loop
      vertex 32.6353 28.1773 62
      vertex 32 23.487 62
      vertex 36.1464 23.487 62
    endloop
  endfacet
  facet normal -0.179689 -0.17058 0.968821
    outer loop
      vertex 36.1464 23.487 62
      vertex 36.2785 23.3132 61.9939
      vertex 36.2779 23.3144 61.994
    endloop
  endfacet
  facet normal 0 -0.0350762 0.999385
    outer loop
      vertex 32 23.3132 61.9939
      vertex 36.1464 23.487 62
      vertex 32 23.487 62
    endloop
  endfacet
  facet normal 0 -0.0350762 0.999385
    outer loop
      vertex 36.1464 23.487 62
      vertex 32 23.3132 61.9939
      vertex 36.2785 23.3132 61.9939
    endloop
  endfacet
  facet normal 0 -0.069715 0.997567
    outer loop
      vertex 32 22.8782 61.9635
      vertex 36.2785 23.3132 61.9939
      vertex 32 23.3132 61.9939
    endloop
  endfacet
  facet normal 0 -0.069715 0.997567
    outer loop
      vertex 36.2785 23.3132 61.9939
      vertex 32 22.8782 61.9635
      vertex 36.5262 22.8782 61.9635
    endloop
  endfacet
  facet normal 0 -0.139008 0.990291
    outer loop
      vertex 36.5262 22.8782 61.9635
      vertex 32.1105 22.5334 61.9151
      vertex 36.7306 22.5334 61.9151
    endloop
  endfacet
  facet normal 0 -0.139008 0.990291
    outer loop
      vertex 32 22.8782 61.9635
      vertex 32.1105 22.5334 61.9151
      vertex 36.5262 22.8782 61.9635
    endloop
  endfacet
  facet normal 0.000214407 -0.138941 0.990301
    outer loop
      vertex 32.1105 22.5334 61.9151
      vertex 32 22.8782 61.9635
      vertex 32 22.6993 61.9384
    endloop
  endfacet
  facet normal 0 -0.208137 0.9781
    outer loop
      vertex 36.7306 22.5334 61.9151
      vertex 32.3468 22.1927 61.8426
      vertex 36.9409 22.1927 61.8426
    endloop
  endfacet
  facet normal 0 -0.208137 0.9781
    outer loop
      vertex 32.3468 22.1927 61.8426
      vertex 36.7306 22.5334 61.9151
      vertex 32.1105 22.5334 61.9151
    endloop
  endfacet
  facet normal 0 -0.275403 0.961329
    outer loop
      vertex 36.9409 22.1927 61.8426
      vertex 32.5886 21.8576 61.7466
      vertex 37.1559 21.8576 61.7466
    endloop
  endfacet
  facet normal 0 -0.275403 0.961329
    outer loop
      vertex 32.5886 21.8576 61.7466
      vertex 36.9409 22.1927 61.8426
      vertex 32.3468 22.1927 61.8426
    endloop
  endfacet
  facet normal 0 -0.342135 0.939651
    outer loop
      vertex 37.1559 21.8576 61.7466
      vertex 32.8343 21.5305 61.6275
      vertex 37.3742 21.5305 61.6275
    endloop
  endfacet
  facet normal 0 -0.342135 0.939651
    outer loop
      vertex 32.8343 21.5305 61.6275
      vertex 37.1559 21.8576 61.7466
      vertex 32.5886 21.8576 61.7466
    endloop
  endfacet
  facet normal 0 -0.406698 0.913563
    outer loop
      vertex 37.3742 21.5305 61.6275
      vertex 33.0833 21.2122 61.4858
      vertex 37.5953 21.2122 61.4858
    endloop
  endfacet
  facet normal 0 -0.406698 0.913563
    outer loop
      vertex 33.0833 21.2122 61.4858
      vertex 37.3742 21.5305 61.6275
      vertex 32.8343 21.5305 61.6275
    endloop
  endfacet
  facet normal 0 -0.469561 0.8829
    outer loop
      vertex 37.5953 21.2122 61.4858
      vertex 33.334 20.9044 61.3221
      vertex 37.818 20.9044 61.3221
    endloop
  endfacet
  facet normal 0 -0.469561 0.8829
    outer loop
      vertex 33.334 20.9044 61.3221
      vertex 37.5953 21.2122 61.4858
      vertex 33.0833 21.2122 61.4858
    endloop
  endfacet
  facet normal 0 -0.529999 0.847998
    outer loop
      vertex 37.818 20.9044 61.3221
      vertex 33.585 20.6092 61.1376
      vertex 38.0407 20.6092 61.1376
    endloop
  endfacet
  facet normal 0 -0.529999 0.847998
    outer loop
      vertex 33.585 20.6092 61.1376
      vertex 37.818 20.9044 61.3221
      vertex 33.334 20.9044 61.3221
    endloop
  endfacet
  facet normal 0 -0.587574 0.80917
    outer loop
      vertex 38.0407 20.6092 61.1376
      vertex 33.8355 20.3273 60.9329
      vertex 38.263 20.3273 60.9329
    endloop
  endfacet
  facet normal 0 -0.587574 0.80917
    outer loop
      vertex 33.8355 20.3273 60.9329
      vertex 38.0407 20.6092 61.1376
      vertex 33.585 20.6092 61.1376
    endloop
  endfacet
  facet normal 0 -0.642862 0.765982
    outer loop
      vertex 38.263 20.3273 60.9329
      vertex 34.0842 20.0604 60.7089
      vertex 38.4835 20.0604 60.7089
    endloop
  endfacet
  facet normal 0 -0.642862 0.765982
    outer loop
      vertex 34.0842 20.0604 60.7089
      vertex 38.263 20.3273 60.9329
      vertex 33.8355 20.3273 60.9329
    endloop
  endfacet
  facet normal 0 -0.694799 0.719204
    outer loop
      vertex 38.4835 20.0604 60.7089
      vertex 34.3296 19.8099 60.4669
      vertex 38.701 19.8099 60.4669
    endloop
  endfacet
  facet normal 0 -0.694799 0.719204
    outer loop
      vertex 34.3296 19.8099 60.4669
      vertex 38.4835 20.0604 60.7089
      vertex 34.0842 20.0604 60.7089
    endloop
  endfacet
  facet normal 0 -0.742868 0.669438
    outer loop
      vertex 34.4428 19.7005 60.3455
      vertex 38.701 19.8099 60.4669
      vertex 34.3296 19.8099 60.4669
    endloop
  endfacet
  facet normal 1.6296e-05 -0.743152 0.669122
    outer loop
      vertex 34.5709 19.5767 60.208
      vertex 38.701 19.8099 60.4669
      vertex 34.4428 19.7005 60.3455
    endloop
  endfacet
  facet normal 7.51569e-06 -0.743083 0.6692
    outer loop
      vertex 38.701 19.8099 60.4669
      vertex 34.5709 19.5767 60.208
      vertex 38.8181 19.6822 60.3251
    endloop
  endfacet
  facet normal 0 -0.742947 0.66935
    outer loop
      vertex 38.8181 19.6822 60.3251
      vertex 34.5709 19.5767 60.208
      vertex 38.9147 19.5767 60.208
    endloop
  endfacet
  facet normal 0 -0.788098 0.615549
    outer loop
      vertex 34.8066 19.3623 59.9335
      vertex 38.9147 19.5767 60.208
      vertex 34.5709 19.5767 60.208
    endloop
  endfacet
  facet normal 0 -0.788098 0.615549
    outer loop
      vertex 38.9147 19.5767 60.208
      vertex 34.8066 19.3623 59.9335
      vertex 39.1234 19.3623 59.9335
    endloop
  endfacet
  facet normal 0 -0.829078 0.559132
    outer loop
      vertex 35.0356 19.1676 59.6448
      vertex 39.1234 19.3623 59.9335
      vertex 34.8066 19.3623 59.9335
    endloop
  endfacet
  facet normal 0 -0.829078 0.559132
    outer loop
      vertex 39.1234 19.3623 59.9335
      vertex 35.0356 19.1676 59.6448
      vertex 39.3261 19.1676 59.6448
    endloop
  endfacet
  facet normal 0 -0.865884 0.500244
    outer loop
      vertex 35.257 18.9933 59.3431
      vertex 39.3261 19.1676 59.6448
      vertex 35.0356 19.1676 59.6448
    endloop
  endfacet
  facet normal 0 -0.865884 0.500244
    outer loop
      vertex 39.3261 19.1676 59.6448
      vertex 35.257 18.9933 59.3431
      vertex 39.5219 18.9933 59.3431
    endloop
  endfacet
  facet normal 0 -0.898859 0.438237
    outer loop
      vertex 35.4695 18.8406 59.0299
      vertex 39.5219 18.9933 59.3431
      vertex 35.257 18.9933 59.3431
    endloop
  endfacet
  facet normal 0 -0.898859 0.438237
    outer loop
      vertex 39.5219 18.9933 59.3431
      vertex 35.4695 18.8406 59.0299
      vertex 39.7098 18.8406 59.0299
    endloop
  endfacet
  facet normal 0 -0.927144 0.374705
    outer loop
      vertex 35.6722 18.7101 58.707
      vertex 39.7098 18.8406 59.0299
      vertex 35.4695 18.8406 59.0299
    endloop
  endfacet
  facet normal 0 -0.927144 0.374705
    outer loop
      vertex 39.7098 18.8406 59.0299
      vertex 35.6722 18.7101 58.707
      vertex 39.8888 18.7101 58.707
    endloop
  endfacet
  facet normal 0 -0.951123 0.308813
    outer loop
      vertex 35.864 18.6025 58.3756
      vertex 39.8888 18.7101 58.707
      vertex 35.6722 18.7101 58.707
    endloop
  endfacet
  facet normal 0 -0.951123 0.308813
    outer loop
      vertex 39.8888 18.7101 58.707
      vertex 35.864 18.6025 58.3756
      vertex 40.0582 18.6025 58.3756
    endloop
  endfacet
  facet normal 0 -0.970286 0.241959
    outer loop
      vertex 36.0328 18.5235 58.0588
      vertex 40.0582 18.6025 58.3756
      vertex 35.864 18.6025 58.3756
    endloop
  endfacet
  facet normal 0 -0.970286 0.241959
    outer loop
      vertex 40.0582 18.6025 58.3756
      vertex 36.0328 18.5235 58.0588
      vertex 40.207 18.5235 58.0588
    endloop
  endfacet
  facet normal 0 -0.986263 0.165186
    outer loop
      vertex 36.2192 18.4588 57.6725
      vertex 40.207 18.5235 58.0588
      vertex 36.0328 18.5235 58.0588
    endloop
  endfacet
  facet normal 0 -0.986263 0.165186
    outer loop
      vertex 40.207 18.5235 58.0588
      vertex 36.2192 18.4588 57.6725
      vertex 40.3712 18.4588 57.6725
    endloop
  endfacet
  facet normal 0 -0.996241 0.0866296
    outer loop
      vertex 36.2251 18.4576 57.6587
      vertex 40.3712 18.4588 57.6725
      vertex 36.2192 18.4588 57.6725
    endloop
  endfacet
  facet normal -1.64921e-06 -0.996198 0.0871214
    outer loop
      vertex 36.4379 18.4095 57.1087
      vertex 40.3712 18.4588 57.6725
      vertex 36.2251 18.4576 57.6587
    endloop
  endfacet
  facet normal 3.06101e-05 -0.996217 0.086898
    outer loop
      vertex 40.3712 18.4588 57.6725
      vertex 36.4379 18.4095 57.1087
      vertex 40.4032 18.4515 57.5888
    endloop
  endfacet
  facet normal 0 -0.996195 0.0871489
    outer loop
      vertex 40.4032 18.4515 57.5888
      vertex 36.4379 18.4095 57.1087
      vertex 40.5689 18.4095 57.1087
    endloop
  endfacet
  facet normal 0 -0.99905 0.0435766
    outer loop
      vertex 36.5182 18.4 56.8909
      vertex 40.5689 18.4095 57.1087
      vertex 36.4379 18.4095 57.1087
    endloop
  endfacet
  facet normal 0 -0.99905 0.0435766
    outer loop
      vertex 40.5689 18.4095 57.1087
      vertex 36.5182 18.4 56.8909
      vertex 40.6405 18.4 56.8909
    endloop
  endfacet
  facet normal 0 -1 0
    outer loop
      vertex 36.7598 18.4 56.2018
      vertex 40.6405 18.4 56.8909
      vertex 36.5182 18.4 56.8909
    endloop
  endfacet
  facet normal 0 -1 0
    outer loop
      vertex 36.8663 18.4 55.8981
      vertex 40.6405 18.4 56.8909
      vertex 36.7598 18.4 56.2018
    endloop
  endfacet
  facet normal 0 -1 0
    outer loop
      vertex 36.9293 18.4 55.5293
      vertex 40.6405 18.4 56.8909
      vertex 36.8663 18.4 55.8981
    endloop
  endfacet
  facet normal 0 -1 -0
    outer loop
      vertex 40.6405 18.4 56.8909
      vertex 36.9293 18.4 55.5293
      vertex 40.9884 18.4 55.778
    endloop
  endfacet
  facet normal 0 -1 0
    outer loop
      vertex 36.9293 18.4 55.5293
      vertex 41.0356 18.4 55.47
      vertex 40.9884 18.4 55.778
    endloop
  endfacet
  facet normal 0 -1 0
    outer loop
      vertex 37.9894 18.4 49.3267
      vertex 41.0356 18.4 55.47
      vertex 36.9293 18.4 55.5293
    endloop
  endfacet
  facet normal 0 -1 0
    outer loop
      vertex 37.9894 18.4 49.3267
      vertex 41.9828 18.4 49.2816
      vertex 41.0356 18.4 55.47
    endloop
  endfacet
  facet normal 0 -1 0
    outer loop
      vertex 37.9894 18.4 49.3267
      vertex 41.9828 18.4 42.7184
      vertex 41.9828 18.4 49.2816
    endloop
  endfacet
  facet normal 0 -1 0
    outer loop
      vertex 37.9894 18.4 42.6733
      vertex 41.9828 18.4 42.7184
      vertex 37.9894 18.4 49.3267
    endloop
  endfacet
  facet normal 0 -1 0
    outer loop
      vertex 37.9894 18.4 42.6733
      vertex 41.0356 18.4 36.53
      vertex 41.9828 18.4 42.7184
    endloop
  endfacet
  facet normal 0 -1 0
    outer loop
      vertex 36.9293 18.4 36.4707
      vertex 41.0356 18.4 36.53
      vertex 37.9894 18.4 42.6733
    endloop
  endfacet
  facet normal 0 -1 0
    outer loop
      vertex 36.9293 18.4 36.4707
      vertex 40.9884 18.4 36.222
      vertex 41.0356 18.4 36.53
    endloop
  endfacet
  facet normal 0 -1 0
    outer loop
      vertex 40.6336 18.4 35.087
      vertex 36.9293 18.4 36.4707
      vertex 36.8663 18.4 36.1019
    endloop
  endfacet
  facet normal 0 -1 0
    outer loop
      vertex 40.6336 18.4 35.087
      vertex 36.8663 18.4 36.1019
      vertex 36.7598 18.4 35.7982
    endloop
  endfacet
  facet normal 0 -1 0
    outer loop
      vertex 40.6336 18.4 35.087
      vertex 36.7598 18.4 35.7982
      vertex 36.5105 18.4 35.087
    endloop
  endfacet
  facet normal 0 -1 0
    outer loop
      vertex 36.9293 18.4 36.4707
      vertex 40.6336 18.4 35.087
      vertex 40.9884 18.4 36.222
    endloop
  endfacet
  facet normal -0 -0.999385 -0.0350762
    outer loop
      vertex 40.5771 18.4061 34.9132
      vertex 36.5105 18.4 35.087
      vertex 36.447 18.4061 34.9132
    endloop
  endfacet
  facet normal 0 -0.999385 -0.0350762
    outer loop
      vertex 36.5105 18.4 35.087
      vertex 40.5771 18.4061 34.9132
      vertex 40.6336 18.4 35.087
    endloop
  endfacet
  facet normal -0 -0.997567 -0.069715
    outer loop
      vertex 40.4297 18.4365 34.4782
      vertex 36.447 18.4061 34.9132
      vertex 36.2819 18.4365 34.4782
    endloop
  endfacet
  facet normal 0 -0.997567 -0.069715
    outer loop
      vertex 36.447 18.4061 34.9132
      vertex 40.4297 18.4365 34.4782
      vertex 40.5771 18.4061 34.9132
    endloop
  endfacet
  facet normal 0 -0.990305 -0.138912
    outer loop
      vertex 36.2819 18.4365 34.4782
      vertex 40.3975 18.4489 34.3898
      vertex 40.4297 18.4365 34.4782
    endloop
  endfacet
  facet normal -3.25138e-05 -0.990239 -0.139379
    outer loop
      vertex 40.2922 18.4849 34.1334
      vertex 36.2819 18.4365 34.4782
      vertex 36.2232 18.4567 34.3347
    endloop
  endfacet
  facet normal -0 -0.99033 -0.138735
    outer loop
      vertex 40.2922 18.4849 34.1334
      vertex 36.2232 18.4567 34.3347
      vertex 36.1294 18.4849 34.1334
    endloop
  endfacet
  facet normal -2.82793e-06 -0.990287 -0.139041
    outer loop
      vertex 36.2819 18.4365 34.4782
      vertex 40.2922 18.4849 34.1334
      vertex 40.3975 18.4489 34.3898
    endloop
  endfacet
  facet normal -0 -0.9781 -0.208137
    outer loop
      vertex 40.139 18.5574 33.7927
      vertex 36.1294 18.4849 34.1334
      vertex 35.9556 18.5574 33.7927
    endloop
  endfacet
  facet normal 0 -0.9781 -0.208137
    outer loop
      vertex 36.1294 18.4849 34.1334
      vertex 40.139 18.5574 33.7927
      vertex 40.2922 18.4849 34.1334
    endloop
  endfacet
  facet normal -0 -0.961329 -0.275403
    outer loop
      vertex 39.9747 18.6534 33.4576
      vertex 35.9556 18.5574 33.7927
      vertex 35.7694 18.6534 33.4576
    endloop
  endfacet
  facet normal 0 -0.961329 -0.275403
    outer loop
      vertex 35.9556 18.5574 33.7927
      vertex 39.9747 18.6534 33.4576
      vertex 40.139 18.5574 33.7927
    endloop
  endfacet
  facet normal -0 -0.939651 -0.342135
    outer loop
      vertex 39.8005 18.7725 33.1305
      vertex 35.7694 18.6534 33.4576
      vertex 35.5722 18.7725 33.1305
    endloop
  endfacet
  facet normal 0 -0.939651 -0.342135
    outer loop
      vertex 35.7694 18.6534 33.4576
      vertex 39.8005 18.7725 33.1305
      vertex 39.9747 18.6534 33.4576
    endloop
  endfacet
  facet normal -0 -0.913563 -0.406698
    outer loop
      vertex 39.6169 18.9142 32.8122
      vertex 35.5722 18.7725 33.1305
      vertex 35.3644 18.9142 32.8122
    endloop
  endfacet
  facet normal 0 -0.913563 -0.406698
    outer loop
      vertex 35.5722 18.7725 33.1305
      vertex 39.6169 18.9142 32.8122
      vertex 39.8005 18.7725 33.1305
    endloop
  endfacet
  facet normal -0 -0.8829 -0.469561
    outer loop
      vertex 39.4249 19.0779 32.5044
      vertex 35.3644 18.9142 32.8122
      vertex 35.1472 19.0779 32.5044
    endloop
  endfacet
  facet normal 0 -0.8829 -0.469561
    outer loop
      vertex 35.3644 18.9142 32.8122
      vertex 39.4249 19.0779 32.5044
      vertex 39.6169 18.9142 32.8122
    endloop
  endfacet
  facet normal -0 -0.848127 -0.529792
    outer loop
      vertex 39.2256 19.2623 32.2092
      vertex 35.1472 19.0779 32.5044
      vertex 34.922 19.2623 32.2092
    endloop
  endfacet
  facet normal 0 -0.848127 -0.529792
    outer loop
      vertex 35.1472 19.0779 32.5044
      vertex 39.2256 19.2623 32.2092
      vertex 39.4249 19.0779 32.5044
    endloop
  endfacet
  facet normal -0 -0.808935 -0.587899
    outer loop
      vertex 39.0198 19.4671 31.9274
      vertex 34.922 19.2623 32.2092
      vertex 34.6895 19.4671 31.9274
    endloop
  endfacet
  facet normal 0 -0.808935 -0.587899
    outer loop
      vertex 34.922 19.2623 32.2092
      vertex 39.0198 19.4671 31.9274
      vertex 39.2256 19.2623 32.2092
    endloop
  endfacet
  facet normal 0 -0.766043 -0.642789
    outer loop
      vertex 34.6895 19.4671 31.9274
      vertex 38.8185 19.6804 31.6732
      vertex 39.0198 19.4671 31.9274
    endloop
  endfacet
  facet normal -0 -0.7661 -0.642721
    outer loop
      vertex 38.8084 19.6911 31.6604
      vertex 34.6895 19.4671 31.9274
      vertex 34.4508 19.6911 31.6604
    endloop
  endfacet
  facet normal 0.000142587 -0.767182 -0.641429
    outer loop
      vertex 34.6895 19.4671 31.9274
      vertex 38.8084 19.6911 31.6604
      vertex 38.8185 19.6804 31.6732
    endloop
  endfacet
  facet normal -0.000342012 -0.716515 -0.697571
    outer loop
      vertex 38.5927 19.933 31.4099
      vertex 34.4508 19.6911 31.6604
      vertex 34.4433 19.6986 31.6527
    endloop
  endfacet
  facet normal -0 -0.719442 -0.694552
    outer loop
      vertex 38.5927 19.933 31.4099
      vertex 34.4433 19.6986 31.6527
      vertex 34.2074 19.933 31.4099
    endloop
  endfacet
  facet normal 0 -0.719347 -0.694651
    outer loop
      vertex 34.4508 19.6911 31.6604
      vertex 38.5927 19.933 31.4099
      vertex 38.8084 19.6911 31.6604
    endloop
  endfacet
  facet normal 0 -0.669123 -0.743151
    outer loop
      vertex 34.2074 19.933 31.4099
      vertex 38.3735 20.192 31.1767
      vertex 38.5927 19.933 31.4099
    endloop
  endfacet
  facet normal -0 -0.669123 -0.743151
    outer loop
      vertex 38.3735 20.192 31.1767
      vertex 34.2074 19.933 31.4099
      vertex 33.9601 20.192 31.1767
    endloop
  endfacet
  facet normal 0 -0.615549 -0.788098
    outer loop
      vertex 33.9601 20.192 31.1767
      vertex 38.152 20.4665 30.9623
      vertex 38.3735 20.192 31.1767
    endloop
  endfacet
  facet normal -0 -0.615549 -0.788098
    outer loop
      vertex 38.152 20.4665 30.9623
      vertex 33.9601 20.192 31.1767
      vertex 33.7104 20.4665 30.9623
    endloop
  endfacet
  facet normal 0 -0.559132 -0.829078
    outer loop
      vertex 33.7104 20.4665 30.9623
      vertex 37.9294 20.7552 30.7676
      vertex 38.152 20.4665 30.9623
    endloop
  endfacet
  facet normal -0 -0.559132 -0.829078
    outer loop
      vertex 37.9294 20.7552 30.7676
      vertex 33.7104 20.4665 30.9623
      vertex 33.4595 20.7552 30.7676
    endloop
  endfacet
  facet normal 0 -0.500244 -0.865884
    outer loop
      vertex 33.4595 20.7552 30.7676
      vertex 37.7065 21.0569 30.5933
      vertex 37.9294 20.7552 30.7676
    endloop
  endfacet
  facet normal -0 -0.500244 -0.865884
    outer loop
      vertex 37.7065 21.0569 30.5933
      vertex 33.4595 20.7552 30.7676
      vertex 33.2084 21.0569 30.5933
    endloop
  endfacet
  facet normal 0 -0.438237 -0.898859
    outer loop
      vertex 33.2084 21.0569 30.5933
      vertex 37.4846 21.3701 30.4406
      vertex 37.7065 21.0569 30.5933
    endloop
  endfacet
  facet normal -0 -0.438237 -0.898859
    outer loop
      vertex 37.4846 21.3701 30.4406
      vertex 33.2084 21.0569 30.5933
      vertex 32.9585 21.3701 30.4406
    endloop
  endfacet
  facet normal 0 -0.374705 -0.927144
    outer loop
      vertex 32.9585 21.3701 30.4406
      vertex 37.2647 21.693 30.3101
      vertex 37.4846 21.3701 30.4406
    endloop
  endfacet
  facet normal -0 -0.374705 -0.927144
    outer loop
      vertex 37.2647 21.693 30.3101
      vertex 32.9585 21.3701 30.4406
      vertex 32.711 21.693 30.3101
    endloop
  endfacet
  facet normal 0 -0.308813 -0.951123
    outer loop
      vertex 32.711 21.693 30.3101
      vertex 37.0478 22.0244 30.2025
      vertex 37.2647 21.693 30.3101
    endloop
  endfacet
  facet normal -0 -0.308813 -0.951123
    outer loop
      vertex 37.0478 22.0244 30.2025
      vertex 32.711 21.693 30.3101
      vertex 32.4671 22.0244 30.2025
    endloop
  endfacet
  facet normal 0 -0.241959 -0.970286
    outer loop
      vertex 32.4671 22.0244 30.2025
      vertex 36.8485 22.3412 30.1235
      vertex 37.0478 22.0244 30.2025
    endloop
  endfacet
  facet normal -0 -0.241959 -0.970286
    outer loop
      vertex 36.8485 22.3412 30.1235
      vertex 32.4671 22.0244 30.2025
      vertex 32.243 22.3412 30.1235
    endloop
  endfacet
  facet normal 0 -0.165186 -0.986263
    outer loop
      vertex 32.243 22.3412 30.1235
      vertex 36.616 22.7275 30.0588
      vertex 36.8485 22.3412 30.1235
    endloop
  endfacet
  facet normal -0.00353468 -0.167347 -0.985892
    outer loop
      vertex 32 22.7275 30.0588
      vertex 32.243 22.3412 30.1235
      vertex 32 22.7004 30.0634
    endloop
  endfacet
  facet normal 0 -0.165186 -0.986263
    outer loop
      vertex 32.243 22.3412 30.1235
      vertex 32 22.7275 30.0588
      vertex 36.616 22.7275 30.0588
    endloop
  endfacet
  facet normal 0 -0.08711 -0.996199
    outer loop
      vertex 32 22.7275 30.0588
      vertex 36.2916 23.2913 30.0095
      vertex 36.616 22.7275 30.0588
    endloop
  endfacet
  facet normal -0 -0.08711 -0.996199
    outer loop
      vertex 36.2916 23.2913 30.0095
      vertex 32 22.7275 30.0588
      vertex 32 23.2913 30.0095
    endloop
  endfacet
  facet normal 0.00575187 -0.0393132 -0.99921
    outer loop
      vertex 36.2916 23.2913 30.0095
      vertex 36.1299 23.5091 30
      vertex 36.2785 23.3148 30.0085
    endloop
  endfacet
  facet normal 0 -0.0435766 -0.99905
    outer loop
      vertex 32 23.2913 30.0095
      vertex 36.1299 23.5091 30
      vertex 36.2916 23.2913 30.0095
    endloop
  endfacet
  facet normal -0 -0.0435766 -0.99905
    outer loop
      vertex 36.1299 23.5091 30
      vertex 32 23.2913 30.0095
      vertex 32 23.5091 30
    endloop
  endfacet
  facet normal 0 0 -1
    outer loop
      vertex 32 23.5091 30
      vertex 32.6353 28.1773 30
      vertex 36.1299 23.5091 30
    endloop
  endfacet
  facet normal -0 0 -1
    outer loop
      vertex 32.6353 28.1773 30
      vertex 32 23.5091 30
      vertex 32.5893 28.2388 30
    endloop
  endfacet
  facet normal -0 0 -1
    outer loop
      vertex 32.5893 28.2388 30
      vertex 32 23.5091 30
      vertex 32 28.8281 30
    endloop
  endfacet
  facet normal -1 0 0
    outer loop
      vertex -32 23.5091 30
      vertex -32 28.7969 29.9246
      vertex -32 27.7282 28.2657
    endloop
  endfacet
  facet normal -1 0 0
    outer loop
      vertex -32 23.5091 30
      vertex -32 27.7282 28.2657
      vertex -32 24.4512 23.9545
    endloop
  endfacet
  facet normal -1 0 0
    outer loop
      vertex -32 28.7969 29.9246
      vertex -32 23.5091 30
      vertex -32 28.8281 30
    endloop
  endfacet
  facet normal -1 0 0
    outer loop
      vertex -32 22.5211 29.7742
      vertex -32 23.5091 30
      vertex -32 24.4512 23.9545
    endloop
  endfacet
  facet normal -1 -0 0
    outer loop
      vertex -32 23.5091 30
      vertex -32 22.5211 29.7742
      vertex -32 23.2913 30.0095
    endloop
  endfacet
  facet normal -1 -0 0
    outer loop
      vertex -32 23.2913 30.0095
      vertex -32 22.5211 29.7742
      vertex -32 22.7275 30.0588
    endloop
  endfacet
  facet normal -1 -0 0
    outer loop
      vertex -32 22.7275 30.0588
      vertex -32 22.5211 29.7742
      vertex -32 22.7004 30.0634
    endloop
  endfacet
  facet normal -1 0 0
    outer loop
      vertex -32 19.1015 26.2567
      vertex -32 24.4512 23.9545
      vertex -32 20.5652 20.3216
    endloop
  endfacet
  facet normal -1 0 0
    outer loop
      vertex -32 16.758 23.8461
      vertex -32 20.5652 20.3216
      vertex -32 19.3516 19.4143
    endloop
  endfacet
  facet normal -1 0 0
    outer loop
      vertex -32 24.4512 23.9545
      vertex -32 19.1015 26.2567
      vertex -32 22.5211 29.7742
    endloop
  endfacet
  facet normal -1 0 0
    outer loop
      vertex -32 16.3048 23.5192
      vertex -32 19.3516 19.4143
      vertex -32 18.0394 18.4332
    endloop
  endfacet
  facet normal -1 0 0
    outer loop
      vertex -32 20.5652 20.3216
      vertex -32 16.758 23.8461
      vertex -32 19.1015 26.2567
    endloop
  endfacet
  facet normal -1 0 0
    outer loop
      vertex -32 19.3516 19.4143
      vertex -32 16.3048 23.5192
      vertex -32 16.758 23.8461
    endloop
  endfacet
  facet normal -1 0 0
    outer loop
      vertex -32 12.6316 21.5784
      vertex -32 18.0394 18.4332
      vertex -32 14.6139 16.5338
    endloop
  endfacet
  facet normal -1 0 0
    outer loop
      vertex -32 18.0394 18.4332
      vertex -32 12.6316 21.5784
      vertex -32 16.3048 23.5192
    endloop
  endfacet
  facet normal -1 0 0
    outer loop
      vertex -32 10.3974 20.398
      vertex -32 14.6139 16.5338
      vertex -32 12.1949 15.5557
    endloop
  endfacet
  facet normal -1 0 0
    outer loop
      vertex -32 14.6139 16.5338
      vertex -32 10.3974 20.398
      vertex -32 12.6316 21.5784
    endloop
  endfacet
  facet normal -1 0 0
    outer loop
      vertex -32 8.82136 19.89
      vertex -32 12.1949 15.5557
      vertex -32 9.39605 14.4241
    endloop
  endfacet
  facet normal -1 0 0
    outer loop
      vertex -32 12.1949 15.5557
      vertex -32 8.82136 19.89
      vertex -32 10.3974 20.398
    endloop
  endfacet
  facet normal -1 0 0
    outer loop
      vertex -32 8.57201 14.2214
      vertex -32 8.82136 19.89
      vertex -32 9.39605 14.4241
    endloop
  endfacet
  facet normal -1 0 0
    outer loop
      vertex -32 5.0683 18.6804
      vertex -32 8.57201 14.2214
      vertex -32 5.5293 13.4731
    endloop
  endfacet
  facet normal -1 0 0
    outer loop
      vertex -32 8.57201 14.2214
      vertex -32 5.0683 18.6804
      vertex -32 8.82136 19.89
    endloop
  endfacet
  facet normal -1 0 0
    outer loop
      vertex -32 4.6009 13.3017
      vertex -32 5.0683 18.6804
      vertex -32 5.5293 13.4731
    endloop
  endfacet
  facet normal -1 0 0
    outer loop
      vertex -32 4.6009 13.3017
      vertex -32 3.0649 18.4634
      vertex -32 5.0683 18.6804
    endloop
  endfacet
  facet normal -1 0 0
    outer loop
      vertex -32 0.394441 13.041
      vertex -32 3.0649 18.4634
      vertex -32 4.6009 13.3017
    endloop
  endfacet
  facet normal -1 0 0
    outer loop
      vertex -32 0.394441 13.041
      vertex -32 0.206015 18.2384
      vertex -32 3.0649 18.4634
    endloop
  endfacet
  facet normal -1 0 0
    outer loop
      vertex -32 0 18.2222
      vertex -32 0.394441 13.041
      vertex -32 0 13.0165
    endloop
  endfacet
  facet normal -1 0 0
    outer loop
      vertex -32 0.394441 13.041
      vertex -32 0 18.2222
      vertex -32 0.206015 18.2384
    endloop
  endfacet
  facet normal -1 0 0
    outer loop
      vertex -32 -0.394441 13.041
      vertex -32 0 18.2222
      vertex -32 0 13.0165
    endloop
  endfacet
  facet normal -1 -0 0
    outer loop
      vertex -32 0 18.2222
      vertex -32 -0.394441 13.041
      vertex -32 -0.206015 18.2384
    endloop
  endfacet
  facet normal -1 0 0
    outer loop
      vertex -32 -0.394441 13.041
      vertex -32 -3.0649 18.4634
      vertex -32 -0.206015 18.2384
    endloop
  endfacet
  facet normal -1 0 0
    outer loop
      vertex -32 -4.6009 13.3017
      vertex -32 -3.0649 18.4634
      vertex -32 -0.394441 13.041
    endloop
  endfacet
  facet normal -1 0 0
    outer loop
      vertex -32 -4.6009 13.3017
      vertex -32 -5.0683 18.6804
      vertex -32 -3.0649 18.4634
    endloop
  endfacet
  facet normal -1 0 0
    outer loop
      vertex -32 -5.5293 13.4731
      vertex -32 -5.0683 18.6804
      vertex -32 -4.6009 13.3017
    endloop
  endfacet
  facet normal -1 0 0
    outer loop
      vertex -32 -8.57201 14.2214
      vertex -32 -5.0683 18.6804
      vertex -32 -5.5293 13.4731
    endloop
  endfacet
  facet normal -1 0 0
    outer loop
      vertex -32 -8.57201 14.2214
      vertex -32 -8.82136 19.89
      vertex -32 -5.0683 18.6804
    endloop
  endfacet
  facet normal -1 0 0
    outer loop
      vertex -32 -9.39605 14.4241
      vertex -32 -8.82136 19.89
      vertex -32 -8.57201 14.2214
    endloop
  endfacet
  facet normal -1 0 0
    outer loop
      vertex -32 -12.1949 15.5557
      vertex -32 -8.82136 19.89
      vertex -32 -9.39605 14.4241
    endloop
  endfacet
  facet normal -1 -0 0
    outer loop
      vertex -32 -8.82136 19.89
      vertex -32 -12.1949 15.5557
      vertex -32 -10.3974 20.398
    endloop
  endfacet
  facet normal -1 0 0
    outer loop
      vertex -32 -14.6139 16.5338
      vertex -32 -10.3974 20.398
      vertex -32 -12.1949 15.5557
    endloop
  endfacet
  facet normal -1 -0 0
    outer loop
      vertex -32 -10.3974 20.398
      vertex -32 -14.6139 16.5338
      vertex -32 -12.6316 21.5784
    endloop
  endfacet
  facet normal -1 0 0
    outer loop
      vertex -32 -18.0394 18.4332
      vertex -32 -12.6316 21.5784
      vertex -32 -14.6139 16.5338
    endloop
  endfacet
  facet normal -1 -0 0
    outer loop
      vertex -32 -12.6316 21.5784
      vertex -32 -18.0394 18.4332
      vertex -32 -16.3048 23.5192
    endloop
  endfacet
  facet normal -1 0 0
    outer loop
      vertex -32 -19.3516 19.4143
      vertex -32 -16.3048 23.5192
      vertex -32 -18.0394 18.4332
    endloop
  endfacet
  facet normal -1 -0 0
    outer loop
      vertex -32 -16.3048 23.5192
      vertex -32 -19.3516 19.4143
      vertex -32 -16.758 23.8461
    endloop
  endfacet
  facet normal -1 0 0
    outer loop
      vertex -32 -20.5652 20.3216
      vertex -32 -16.758 23.8461
      vertex -32 -19.3516 19.4143
    endloop
  endfacet
  facet normal -1 -0 0
    outer loop
      vertex -32 -16.758 23.8461
      vertex -32 -20.5652 20.3216
      vertex -32 -19.1015 26.2567
    endloop
  endfacet
  facet normal -1 0 0
    outer loop
      vertex -32 -24.4512 23.9545
      vertex -32 -19.1015 26.2567
      vertex -32 -20.5652 20.3216
    endloop
  endfacet
  facet normal -1 -0 0
    outer loop
      vertex -32 -19.1015 26.2567
      vertex -32 -24.4512 23.9545
      vertex -32 -22.5211 29.7742
    endloop
  endfacet
  facet normal -1 0 -0
    outer loop
      vertex -32 -23.487 30
      vertex -32 -22.5211 29.7742
      vertex -32 -24.4512 23.9545
    endloop
  endfacet
  facet normal -1 0 0
    outer loop
      vertex -32 -22.5211 29.7742
      vertex -32 -22.8782 30.0365
      vertex -32 -22.6993 30.0616
    endloop
  endfacet
  facet normal -1 0 0
    outer loop
      vertex -32 -22.5211 29.7742
      vertex -32 -23.3132 30.0061
      vertex -32 -22.8782 30.0365
    endloop
  endfacet
  facet normal -1 0 0
    outer loop
      vertex -32 -22.5211 29.7742
      vertex -32 -23.487 30
      vertex -32 -23.3132 30.0061
    endloop
  endfacet
  facet normal -1 0 0
    outer loop
      vertex -32 -27.7282 28.2657
      vertex -32 -23.487 30
      vertex -32 -24.4512 23.9545
    endloop
  endfacet
  facet normal -1 0 0
    outer loop
      vertex -32 -28.7969 29.9246
      vertex -32 -23.487 30
      vertex -32 -27.7282 28.2657
    endloop
  endfacet
  facet normal -1 -0 0
    outer loop
      vertex -32 -23.487 30
      vertex -32 -28.7969 29.9246
      vertex -32 -28.8281 30
    endloop
  endfacet
  facet normal -1 0 0
    outer loop
      vertex -32 23.487 62
      vertex -32 28.7969 62.0754
      vertex -32 28.8281 62
    endloop
  endfacet
  facet normal -1 -0 0
    outer loop
      vertex -32 28.7969 62.0754
      vertex -32 23.487 62
      vertex -32 27.7282 63.7343
    endloop
  endfacet
  facet normal -1 -0 0
    outer loop
      vertex -32 27.7282 63.7343
      vertex -32 23.487 62
      vertex -32 24.4512 68.0455
    endloop
  endfacet
  facet normal -1 0 0
    outer loop
      vertex -32 22.5211 62.2258
      vertex -32 23.487 62
      vertex -32 23.3132 61.9939
    endloop
  endfacet
  facet normal -1 0 0
    outer loop
      vertex -32 22.5211 62.2258
      vertex -32 23.3132 61.9939
      vertex -32 22.8782 61.9635
    endloop
  endfacet
  facet normal -1 0 0
    outer loop
      vertex -32 22.5211 62.2258
      vertex -32 22.8782 61.9635
      vertex -32 22.6993 61.9384
    endloop
  endfacet
  facet normal -1 0 0
    outer loop
      vertex -32 23.487 62
      vertex -32 22.5211 62.2258
      vertex -32 24.4512 68.0455
    endloop
  endfacet
  facet normal -1 0 0
    outer loop
      vertex -32 19.1015 65.7433
      vertex -32 24.4512 68.0455
      vertex -32 22.5211 62.2258
    endloop
  endfacet
  facet normal -1 -0 0
    outer loop
      vertex -32 24.4512 68.0455
      vertex -32 19.1015 65.7433
      vertex -32 20.5652 71.6784
    endloop
  endfacet
  facet normal -1 0 0
    outer loop
      vertex -32 16.758 68.1539
      vertex -32 20.5652 71.6784
      vertex -32 19.1015 65.7433
    endloop
  endfacet
  facet normal -1 -0 0
    outer loop
      vertex -32 20.5652 71.6784
      vertex -32 16.758 68.1539
      vertex -32 19.3516 72.5857
    endloop
  endfacet
  facet normal -1 0 0
    outer loop
      vertex -32 16.3048 68.4808
      vertex -32 19.3516 72.5857
      vertex -32 16.758 68.1539
    endloop
  endfacet
  facet normal -1 -0 0
    outer loop
      vertex -32 19.3516 72.5857
      vertex -32 16.3048 68.4808
      vertex -32 18.0394 73.5668
    endloop
  endfacet
  facet normal -1 0 0
    outer loop
      vertex -32 12.6316 70.4216
      vertex -32 18.0394 73.5668
      vertex -32 16.3048 68.4808
    endloop
  endfacet
  facet normal -1 -0 0
    outer loop
      vertex -32 18.0394 73.5668
      vertex -32 12.6316 70.4216
      vertex -32 14.6139 75.4662
    endloop
  endfacet
  facet normal -1 0 0
    outer loop
      vertex -32 10.3974 71.602
      vertex -32 14.6139 75.4662
      vertex -32 12.6316 70.4216
    endloop
  endfacet
  facet normal -1 -0 0
    outer loop
      vertex -32 14.6139 75.4662
      vertex -32 10.3974 71.602
      vertex -32 12.1949 76.4443
    endloop
  endfacet
  facet normal -1 0 0
    outer loop
      vertex -32 8.82136 72.11
      vertex -32 12.1949 76.4443
      vertex -32 10.3974 71.602
    endloop
  endfacet
  facet normal -1 -0 0
    outer loop
      vertex -32 12.1949 76.4443
      vertex -32 8.82136 72.11
      vertex -32 9.39605 77.5759
    endloop
  endfacet
  facet normal -1 0 0
    outer loop
      vertex -32 8.82136 72.11
      vertex -32 8.57201 77.7786
      vertex -32 9.39605 77.5759
    endloop
  endfacet
  facet normal -1 0 0
    outer loop
      vertex -32 5.0683 73.3196
      vertex -32 8.57201 77.7786
      vertex -32 8.82136 72.11
    endloop
  endfacet
  facet normal -1 -0 0
    outer loop
      vertex -32 8.57201 77.7786
      vertex -32 5.0683 73.3196
      vertex -32 5.5293 78.5269
    endloop
  endfacet
  facet normal -1 0 0
    outer loop
      vertex -32 5.0683 73.3196
      vertex -32 4.6009 78.6983
      vertex -32 5.5293 78.5269
    endloop
  endfacet
  facet normal -1 0 0
    outer loop
      vertex -32 3.0649 73.5366
      vertex -32 4.6009 78.6983
      vertex -32 5.0683 73.3196
    endloop
  endfacet
  facet normal -1 0 0
    outer loop
      vertex -32 3.0649 73.5366
      vertex -32 0.394441 78.959
      vertex -32 4.6009 78.6983
    endloop
  endfacet
  facet normal -1 0 0
    outer loop
      vertex -32 0.206015 73.7616
      vertex -32 0.394441 78.959
      vertex -32 3.0649 73.5366
    endloop
  endfacet
  facet normal -1 0 0
    outer loop
      vertex -32 0 73.7778
      vertex -32 0.394441 78.959
      vertex -32 0.206015 73.7616
    endloop
  endfacet
  facet normal -1 0 0
    outer loop
      vertex -32 0 73.7778
      vertex -32 0 78.9835
      vertex -32 0.394441 78.959
    endloop
  endfacet
  facet normal -1 0 0
    outer loop
      vertex -32 -0.394441 78.959
      vertex -32 0 73.7778
      vertex -32 -0.206015 73.7616
    endloop
  endfacet
  facet normal -1 0 0
    outer loop
      vertex -32 0 73.7778
      vertex -32 -0.394441 78.959
      vertex -32 0 78.9835
    endloop
  endfacet
  facet normal -1 0 0
    outer loop
      vertex -32 -3.0649 73.5366
      vertex -32 -0.394441 78.959
      vertex -32 -0.206015 73.7616
    endloop
  endfacet
  facet normal -1 0 0
    outer loop
      vertex -32 -3.0649 73.5366
      vertex -32 -4.6009 78.6983
      vertex -32 -0.394441 78.959
    endloop
  endfacet
  facet normal -1 0 0
    outer loop
      vertex -32 -5.0683 73.3196
      vertex -32 -4.6009 78.6983
      vertex -32 -3.0649 73.5366
    endloop
  endfacet
  facet normal -1 0 0
    outer loop
      vertex -32 -5.0683 73.3196
      vertex -32 -5.5293 78.5269
      vertex -32 -4.6009 78.6983
    endloop
  endfacet
  facet normal -1 0 0
    outer loop
      vertex -32 -5.0683 73.3196
      vertex -32 -8.57201 77.7786
      vertex -32 -5.5293 78.5269
    endloop
  endfacet
  facet normal -1 0 0
    outer loop
      vertex -32 -8.82136 72.11
      vertex -32 -8.57201 77.7786
      vertex -32 -5.0683 73.3196
    endloop
  endfacet
  facet normal -1 0 0
    outer loop
      vertex -32 -8.82136 72.11
      vertex -32 -9.39605 77.5759
      vertex -32 -8.57201 77.7786
    endloop
  endfacet
  facet normal -1 0 0
    outer loop
      vertex -32 -12.1949 76.4443
      vertex -32 -8.82136 72.11
      vertex -32 -10.3974 71.602
    endloop
  endfacet
  facet normal -1 0 0
    outer loop
      vertex -32 -8.82136 72.11
      vertex -32 -12.1949 76.4443
      vertex -32 -9.39605 77.5759
    endloop
  endfacet
  facet normal -1 0 0
    outer loop
      vertex -32 -14.6139 75.4662
      vertex -32 -10.3974 71.602
      vertex -32 -12.6316 70.4216
    endloop
  endfacet
  facet normal -1 0 0
    outer loop
      vertex -32 -10.3974 71.602
      vertex -32 -14.6139 75.4662
      vertex -32 -12.1949 76.4443
    endloop
  endfacet
  facet normal -1 0 0
    outer loop
      vertex -32 -18.0394 73.5668
      vertex -32 -12.6316 70.4216
      vertex -32 -16.3048 68.4808
    endloop
  endfacet
  facet normal -1 0 0
    outer loop
      vertex -32 -19.3516 72.5857
      vertex -32 -16.3048 68.4808
      vertex -32 -16.758 68.1539
    endloop
  endfacet
  facet normal -1 0 0
    outer loop
      vertex -32 -12.6316 70.4216
      vertex -32 -18.0394 73.5668
      vertex -32 -14.6139 75.4662
    endloop
  endfacet
  facet normal -1 0 0
    outer loop
      vertex -32 -20.5652 71.6784
      vertex -32 -16.758 68.1539
      vertex -32 -19.1015 65.7433
    endloop
  endfacet
  facet normal -1 0 0
    outer loop
      vertex -32 -16.3048 68.4808
      vertex -32 -19.3516 72.5857
      vertex -32 -18.0394 73.5668
    endloop
  endfacet
  facet normal -1 0 0
    outer loop
      vertex -32 -16.758 68.1539
      vertex -32 -20.5652 71.6784
      vertex -32 -19.3516 72.5857
    endloop
  endfacet
  facet normal -1 0 0
    outer loop
      vertex -32 -24.4512 68.0455
      vertex -32 -19.1015 65.7433
      vertex -32 -22.5211 62.2258
    endloop
  endfacet
  facet normal -1 0 0
    outer loop
      vertex -32 -22.7275 61.9412
      vertex -32 -22.5211 62.2258
      vertex -32 -22.7004 61.9366
    endloop
  endfacet
  facet normal -1 0 0
    outer loop
      vertex -32 -23.2913 61.9905
      vertex -32 -22.5211 62.2258
      vertex -32 -22.7275 61.9412
    endloop
  endfacet
  facet normal -1 0 0
    outer loop
      vertex -32 -23.5091 62
      vertex -32 -22.5211 62.2258
      vertex -32 -23.2913 61.9905
    endloop
  endfacet
  facet normal -1 -0 0
    outer loop
      vertex -32 -22.5211 62.2258
      vertex -32 -23.5091 62
      vertex -32 -24.4512 68.0455
    endloop
  endfacet
  facet normal -1 0 0
    outer loop
      vertex -32 -19.1015 65.7433
      vertex -32 -24.4512 68.0455
      vertex -32 -20.5652 71.6784
    endloop
  endfacet
  facet normal -1 0 0
    outer loop
      vertex -32 -23.5091 62
      vertex -32 -27.7282 63.7343
      vertex -32 -24.4512 68.0455
    endloop
  endfacet
  facet normal -1 0 0
    outer loop
      vertex -32 -23.5091 62
      vertex -32 -28.7969 62.0754
      vertex -32 -27.7282 63.7343
    endloop
  endfacet
  facet normal -1 0 -0
    outer loop
      vertex -32 -28.7969 62.0754
      vertex -32 -23.5091 62
      vertex -32 -28.8281 62
    endloop
  endfacet
  facet normal 0 0 -1
    outer loop
      vertex -32.5893 -28.2388 30
      vertex -32 -23.487 30
      vertex -32 -28.8281 30
    endloop
  endfacet
  facet normal 0 0 -1
    outer loop
      vertex -32.6353 -28.1773 30
      vertex -32 -23.487 30
      vertex -32.5893 -28.2388 30
    endloop
  endfacet
  facet normal -0 0 -1
    outer loop
      vertex -32 -23.487 30
      vertex -32.6353 -28.1773 30
      vertex -36.1464 -23.487 30
    endloop
  endfacet
  facet normal 0 0.0350762 -0.999385
    outer loop
      vertex -36.1464 -23.487 30
      vertex -32 -23.3132 30.0061
      vertex -32 -23.487 30
    endloop
  endfacet
  facet normal 0.179689 0.17058 -0.968821
    outer loop
      vertex -36.2785 -23.3132 30.0061
      vertex -36.1464 -23.487 30
      vertex -36.2779 -23.3144 30.006
    endloop
  endfacet
  facet normal 0 0.0350762 -0.999385
    outer loop
      vertex -36.1464 -23.487 30
      vertex -36.2785 -23.3132 30.0061
      vertex -32 -23.3132 30.0061
    endloop
  endfacet
  facet normal 0 0.069715 -0.997567
    outer loop
      vertex -36.2785 -23.3132 30.0061
      vertex -32 -22.8782 30.0365
      vertex -32 -23.3132 30.0061
    endloop
  endfacet
  facet normal 0 0.069715 -0.997567
    outer loop
      vertex -32 -22.8782 30.0365
      vertex -36.2785 -23.3132 30.0061
      vertex -36.5262 -22.8782 30.0365
    endloop
  endfacet
  facet normal -0.000214407 0.138941 -0.990301
    outer loop
      vertex -32 -22.8782 30.0365
      vertex -32.1105 -22.5334 30.0849
      vertex -32 -22.6993 30.0616
    endloop
  endfacet
  facet normal 0 0.139008 -0.990291
    outer loop
      vertex -36.5262 -22.8782 30.0365
      vertex -32.1105 -22.5334 30.0849
      vertex -32 -22.8782 30.0365
    endloop
  endfacet
  facet normal 0 0.139008 -0.990291
    outer loop
      vertex -32.1105 -22.5334 30.0849
      vertex -36.5262 -22.8782 30.0365
      vertex -36.7306 -22.5334 30.0849
    endloop
  endfacet
  facet normal 0 0.208137 -0.9781
    outer loop
      vertex -36.7306 -22.5334 30.0849
      vertex -32.3468 -22.1927 30.1574
      vertex -32.1105 -22.5334 30.0849
    endloop
  endfacet
  facet normal 0 0.208137 -0.9781
    outer loop
      vertex -32.3468 -22.1927 30.1574
      vertex -36.7306 -22.5334 30.0849
      vertex -36.9409 -22.1927 30.1574
    endloop
  endfacet
  facet normal 0 0.275403 -0.961329
    outer loop
      vertex -36.9409 -22.1927 30.1574
      vertex -32.5886 -21.8576 30.2534
      vertex -32.3468 -22.1927 30.1574
    endloop
  endfacet
  facet normal 0 0.275403 -0.961329
    outer loop
      vertex -32.5886 -21.8576 30.2534
      vertex -36.9409 -22.1927 30.1574
      vertex -37.1559 -21.8576 30.2534
    endloop
  endfacet
  facet normal 0 0.342135 -0.939651
    outer loop
      vertex -37.1559 -21.8576 30.2534
      vertex -32.8343 -21.5305 30.3725
      vertex -32.5886 -21.8576 30.2534
    endloop
  endfacet
  facet normal 0 0.342135 -0.939651
    outer loop
      vertex -32.8343 -21.5305 30.3725
      vertex -37.1559 -21.8576 30.2534
      vertex -37.3742 -21.5305 30.3725
    endloop
  endfacet
  facet normal 0 0.406698 -0.913563
    outer loop
      vertex -37.3742 -21.5305 30.3725
      vertex -33.0833 -21.2122 30.5142
      vertex -32.8343 -21.5305 30.3725
    endloop
  endfacet
  facet normal 0 0.406698 -0.913563
    outer loop
      vertex -33.0833 -21.2122 30.5142
      vertex -37.3742 -21.5305 30.3725
      vertex -37.5953 -21.2122 30.5142
    endloop
  endfacet
  facet normal 0 0.469561 -0.8829
    outer loop
      vertex -37.5953 -21.2122 30.5142
      vertex -33.334 -20.9044 30.6779
      vertex -33.0833 -21.2122 30.5142
    endloop
  endfacet
  facet normal 0 0.469561 -0.8829
    outer loop
      vertex -33.334 -20.9044 30.6779
      vertex -37.5953 -21.2122 30.5142
      vertex -37.818 -20.9044 30.6779
    endloop
  endfacet
  facet normal 0 0.529999 -0.847998
    outer loop
      vertex -37.818 -20.9044 30.6779
      vertex -33.585 -20.6092 30.8624
      vertex -33.334 -20.9044 30.6779
    endloop
  endfacet
  facet normal 0 0.529999 -0.847998
    outer loop
      vertex -33.585 -20.6092 30.8624
      vertex -37.818 -20.9044 30.6779
      vertex -38.0407 -20.6092 30.8624
    endloop
  endfacet
  facet normal 0 0.587574 -0.80917
    outer loop
      vertex -38.0407 -20.6092 30.8624
      vertex -33.8355 -20.3273 31.0671
      vertex -33.585 -20.6092 30.8624
    endloop
  endfacet
  facet normal 0 0.587574 -0.80917
    outer loop
      vertex -33.8355 -20.3273 31.0671
      vertex -38.0407 -20.6092 30.8624
      vertex -38.263 -20.3273 31.0671
    endloop
  endfacet
  facet normal 0 0.642862 -0.765982
    outer loop
      vertex -38.263 -20.3273 31.0671
      vertex -34.0842 -20.0604 31.2911
      vertex -33.8355 -20.3273 31.0671
    endloop
  endfacet
  facet normal 0 0.642862 -0.765982
    outer loop
      vertex -34.0842 -20.0604 31.2911
      vertex -38.263 -20.3273 31.0671
      vertex -38.4835 -20.0604 31.2911
    endloop
  endfacet
  facet normal 0 0.694799 -0.719204
    outer loop
      vertex -38.4835 -20.0604 31.2911
      vertex -34.3296 -19.8099 31.5331
      vertex -34.0842 -20.0604 31.2911
    endloop
  endfacet
  facet normal 0 0.694799 -0.719204
    outer loop
      vertex -34.3296 -19.8099 31.5331
      vertex -38.4835 -20.0604 31.2911
      vertex -38.701 -19.8099 31.5331
    endloop
  endfacet
  facet normal 0 0.742947 -0.66935
    outer loop
      vertex -34.5709 -19.5767 31.792
      vertex -38.8181 -19.6822 31.6749
      vertex -38.9147 -19.5767 31.792
    endloop
  endfacet
  facet normal -1.6296e-05 0.743152 -0.669122
    outer loop
      vertex -38.701 -19.8099 31.5331
      vertex -34.5709 -19.5767 31.792
      vertex -34.4428 -19.7005 31.6545
    endloop
  endfacet
  facet normal 0 0.742868 -0.669438
    outer loop
      vertex -38.701 -19.8099 31.5331
      vertex -34.4428 -19.7005 31.6545
      vertex -34.3296 -19.8099 31.5331
    endloop
  endfacet
  facet normal -7.51569e-06 0.743083 -0.6692
    outer loop
      vertex -34.5709 -19.5767 31.792
      vertex -38.701 -19.8099 31.5331
      vertex -38.8181 -19.6822 31.6749
    endloop
  endfacet
  facet normal 0 0.788098 -0.615549
    outer loop
      vertex -38.9147 -19.5767 31.792
      vertex -34.8066 -19.3623 32.0665
      vertex -34.5709 -19.5767 31.792
    endloop
  endfacet
  facet normal 0 0.788098 -0.615549
    outer loop
      vertex -34.8066 -19.3623 32.0665
      vertex -38.9147 -19.5767 31.792
      vertex -39.1234 -19.3623 32.0665
    endloop
  endfacet
  facet normal 0 0.829078 -0.559132
    outer loop
      vertex -39.1234 -19.3623 32.0665
      vertex -35.0356 -19.1676 32.3552
      vertex -34.8066 -19.3623 32.0665
    endloop
  endfacet
  facet normal 0 0.829078 -0.559132
    outer loop
      vertex -35.0356 -19.1676 32.3552
      vertex -39.1234 -19.3623 32.0665
      vertex -39.3261 -19.1676 32.3552
    endloop
  endfacet
  facet normal 0 0.865884 -0.500244
    outer loop
      vertex -39.3261 -19.1676 32.3552
      vertex -35.257 -18.9933 32.6569
      vertex -35.0356 -19.1676 32.3552
    endloop
  endfacet
  facet normal 0 0.865884 -0.500244
    outer loop
      vertex -35.257 -18.9933 32.6569
      vertex -39.3261 -19.1676 32.3552
      vertex -39.5219 -18.9933 32.6569
    endloop
  endfacet
  facet normal 0 0.898859 -0.438237
    outer loop
      vertex -39.5219 -18.9933 32.6569
      vertex -35.4695 -18.8406 32.9701
      vertex -35.257 -18.9933 32.6569
    endloop
  endfacet
  facet normal 0 0.898859 -0.438237
    outer loop
      vertex -35.4695 -18.8406 32.9701
      vertex -39.5219 -18.9933 32.6569
      vertex -39.7098 -18.8406 32.9701
    endloop
  endfacet
  facet normal 0 0.927144 -0.374705
    outer loop
      vertex -39.7098 -18.8406 32.9701
      vertex -35.6722 -18.7101 33.293
      vertex -35.4695 -18.8406 32.9701
    endloop
  endfacet
  facet normal 0 0.927144 -0.374705
    outer loop
      vertex -35.6722 -18.7101 33.293
      vertex -39.7098 -18.8406 32.9701
      vertex -39.8888 -18.7101 33.293
    endloop
  endfacet
  facet normal 0 0.951123 -0.308813
    outer loop
      vertex -39.8888 -18.7101 33.293
      vertex -35.864 -18.6025 33.6244
      vertex -35.6722 -18.7101 33.293
    endloop
  endfacet
  facet normal 0 0.951123 -0.308813
    outer loop
      vertex -35.864 -18.6025 33.6244
      vertex -39.8888 -18.7101 33.293
      vertex -40.0582 -18.6025 33.6244
    endloop
  endfacet
  facet normal 0 0.970286 -0.241959
    outer loop
      vertex -40.0582 -18.6025 33.6244
      vertex -36.0328 -18.5235 33.9412
      vertex -35.864 -18.6025 33.6244
    endloop
  endfacet
  facet normal 0 0.970286 -0.241959
    outer loop
      vertex -36.0328 -18.5235 33.9412
      vertex -40.0582 -18.6025 33.6244
      vertex -40.207 -18.5235 33.9412
    endloop
  endfacet
  facet normal 0 0.986263 -0.165186
    outer loop
      vertex -40.207 -18.5235 33.9412
      vertex -36.2192 -18.4588 34.3275
      vertex -36.0328 -18.5235 33.9412
    endloop
  endfacet
  facet normal 0 0.986263 -0.165186
    outer loop
      vertex -36.2192 -18.4588 34.3275
      vertex -40.207 -18.5235 33.9412
      vertex -40.3712 -18.4588 34.3275
    endloop
  endfacet
  facet normal 0 0.996195 -0.0871489
    outer loop
      vertex -36.4379 -18.4095 34.8913
      vertex -40.4032 -18.4515 34.4112
      vertex -40.5689 -18.4095 34.8913
    endloop
  endfacet
  facet normal 1.64921e-06 0.996198 -0.0871214
    outer loop
      vertex -40.3712 -18.4588 34.3275
      vertex -36.4379 -18.4095 34.8913
      vertex -36.2251 -18.4576 34.3413
    endloop
  endfacet
  facet normal 0 0.996241 -0.0866296
    outer loop
      vertex -40.3712 -18.4588 34.3275
      vertex -36.2251 -18.4576 34.3413
      vertex -36.2192 -18.4588 34.3275
    endloop
  endfacet
  facet normal -3.06101e-05 0.996217 -0.086898
    outer loop
      vertex -36.4379 -18.4095 34.8913
      vertex -40.3712 -18.4588 34.3275
      vertex -40.4032 -18.4515 34.4112
    endloop
  endfacet
  facet normal 0 0.99905 -0.0435766
    outer loop
      vertex -40.5689 -18.4095 34.8913
      vertex -36.5182 -18.4 35.1091
      vertex -36.4379 -18.4095 34.8913
    endloop
  endfacet
  facet normal 0 0.99905 -0.0435766
    outer loop
      vertex -36.5182 -18.4 35.1091
      vertex -40.5689 -18.4095 34.8913
      vertex -40.6405 -18.4 35.1091
    endloop
  endfacet
  facet normal 0 1 -0
    outer loop
      vertex -36.7598 -18.4 56.2018
      vertex -40.6336 -18.4 56.913
      vertex -36.5105 -18.4 56.913
    endloop
  endfacet
  facet normal 0 1 -0
    outer loop
      vertex -36.8663 -18.4 55.8981
      vertex -40.6336 -18.4 56.913
      vertex -36.7598 -18.4 56.2018
    endloop
  endfacet
  facet normal 0 1 -0
    outer loop
      vertex -36.9293 -18.4 55.5293
      vertex -40.6336 -18.4 56.913
      vertex -36.8663 -18.4 55.8981
    endloop
  endfacet
  facet normal 0 1 0
    outer loop
      vertex -40.6336 -18.4 56.913
      vertex -36.9293 -18.4 55.5293
      vertex -40.9884 -18.4 55.778
    endloop
  endfacet
  facet normal 0 1 0
    outer loop
      vertex -36.9293 -18.4 55.5293
      vertex -41.0356 -18.4 55.47
      vertex -40.9884 -18.4 55.778
    endloop
  endfacet
  facet normal 0 1 -0
    outer loop
      vertex -37.9894 -18.4 49.3267
      vertex -41.0356 -18.4 55.47
      vertex -36.9293 -18.4 55.5293
    endloop
  endfacet
  facet normal 0 1 0
    outer loop
      vertex -37.9894 -18.4 49.3267
      vertex -41.9828 -18.4 49.2816
      vertex -41.0356 -18.4 55.47
    endloop
  endfacet
  facet normal 0 1 0
    outer loop
      vertex -37.9894 -18.4 49.3267
      vertex -41.9828 -18.4 42.7184
      vertex -41.9828 -18.4 49.2816
    endloop
  endfacet
  facet normal 0 1 -0
    outer loop
      vertex -37.9894 -18.4 42.6733
      vertex -41.9828 -18.4 42.7184
      vertex -37.9894 -18.4 49.3267
    endloop
  endfacet
  facet normal 0 1 0
    outer loop
      vertex -37.9894 -18.4 42.6733
      vertex -41.0356 -18.4 36.53
      vertex -41.9828 -18.4 42.7184
    endloop
  endfacet
  facet normal 0 1 0
    outer loop
      vertex -36.9293 -18.4 36.4707
      vertex -41.0356 -18.4 36.53
      vertex -37.9894 -18.4 42.6733
    endloop
  endfacet
  facet normal 0 1 0
    outer loop
      vertex -36.9293 -18.4 36.4707
      vertex -40.9884 -18.4 36.222
      vertex -41.0356 -18.4 36.53
    endloop
  endfacet
  facet normal 0 1 0
    outer loop
      vertex -40.6405 -18.4 35.1091
      vertex -36.9293 -18.4 36.4707
      vertex -36.8663 -18.4 36.1019
    endloop
  endfacet
  facet normal 0 1 0
    outer loop
      vertex -40.6405 -18.4 35.1091
      vertex -36.8663 -18.4 36.1019
      vertex -36.7598 -18.4 35.7982
    endloop
  endfacet
  facet normal 0 1 0
    outer loop
      vertex -40.6405 -18.4 35.1091
      vertex -36.7598 -18.4 35.7982
      vertex -36.5182 -18.4 35.1091
    endloop
  endfacet
  facet normal 0 1 0
    outer loop
      vertex -36.9293 -18.4 36.4707
      vertex -40.6405 -18.4 35.1091
      vertex -40.9884 -18.4 36.222
    endloop
  endfacet
  facet normal 0 0.999385 0.0350762
    outer loop
      vertex -36.5105 -18.4 56.913
      vertex -40.5771 -18.4061 57.0868
      vertex -36.447 -18.4061 57.0868
    endloop
  endfacet
  facet normal 0 0.999385 0.0350762
    outer loop
      vertex -40.5771 -18.4061 57.0868
      vertex -36.5105 -18.4 56.913
      vertex -40.6336 -18.4 56.913
    endloop
  endfacet
  facet normal 0 0.997567 0.069715
    outer loop
      vertex -36.447 -18.4061 57.0868
      vertex -40.4297 -18.4365 57.5218
      vertex -36.2819 -18.4365 57.5218
    endloop
  endfacet
  facet normal 0 0.997567 0.069715
    outer loop
      vertex -40.4297 -18.4365 57.5218
      vertex -36.447 -18.4061 57.0868
      vertex -40.5771 -18.4061 57.0868
    endloop
  endfacet
  facet normal 0 0.99033 0.138735
    outer loop
      vertex -36.2232 -18.4567 57.6653
      vertex -40.2922 -18.4849 57.8666
      vertex -36.1294 -18.4849 57.8666
    endloop
  endfacet
  facet normal 3.25138e-05 0.990239 0.139379
    outer loop
      vertex -36.2819 -18.4365 57.5218
      vertex -40.2922 -18.4849 57.8666
      vertex -36.2232 -18.4567 57.6653
    endloop
  endfacet
  facet normal 2.82793e-06 0.990287 0.139041
    outer loop
      vertex -40.2922 -18.4849 57.8666
      vertex -36.2819 -18.4365 57.5218
      vertex -40.3975 -18.4489 57.6102
    endloop
  endfacet
  facet normal 0 0.990305 0.138912
    outer loop
      vertex -40.3975 -18.4489 57.6102
      vertex -36.2819 -18.4365 57.5218
      vertex -40.4297 -18.4365 57.5218
    endloop
  endfacet
  facet normal 0 0.9781 0.208137
    outer loop
      vertex -36.1294 -18.4849 57.8666
      vertex -40.139 -18.5574 58.2073
      vertex -35.9556 -18.5574 58.2073
    endloop
  endfacet
  facet normal 0 0.9781 0.208137
    outer loop
      vertex -40.139 -18.5574 58.2073
      vertex -36.1294 -18.4849 57.8666
      vertex -40.2922 -18.4849 57.8666
    endloop
  endfacet
  facet normal 0 0.961329 0.275403
    outer loop
      vertex -35.9556 -18.5574 58.2073
      vertex -39.9747 -18.6534 58.5424
      vertex -35.7694 -18.6534 58.5424
    endloop
  endfacet
  facet normal 0 0.961329 0.275403
    outer loop
      vertex -39.9747 -18.6534 58.5424
      vertex -35.9556 -18.5574 58.2073
      vertex -40.139 -18.5574 58.2073
    endloop
  endfacet
  facet normal 0 0.939651 0.342135
    outer loop
      vertex -35.7694 -18.6534 58.5424
      vertex -39.8005 -18.7725 58.8695
      vertex -35.5722 -18.7725 58.8695
    endloop
  endfacet
  facet normal 0 0.939651 0.342135
    outer loop
      vertex -39.8005 -18.7725 58.8695
      vertex -35.7694 -18.6534 58.5424
      vertex -39.9747 -18.6534 58.5424
    endloop
  endfacet
  facet normal 0 0.913563 0.406698
    outer loop
      vertex -35.5722 -18.7725 58.8695
      vertex -39.6169 -18.9142 59.1878
      vertex -35.3644 -18.9142 59.1878
    endloop
  endfacet
  facet normal 0 0.913563 0.406698
    outer loop
      vertex -39.6169 -18.9142 59.1878
      vertex -35.5722 -18.7725 58.8695
      vertex -39.8005 -18.7725 58.8695
    endloop
  endfacet
  facet normal 0 0.8829 0.469561
    outer loop
      vertex -35.3644 -18.9142 59.1878
      vertex -39.4249 -19.0779 59.4956
      vertex -35.1472 -19.0779 59.4956
    endloop
  endfacet
  facet normal 0 0.8829 0.469561
    outer loop
      vertex -39.4249 -19.0779 59.4956
      vertex -35.3644 -18.9142 59.1878
      vertex -39.6169 -18.9142 59.1878
    endloop
  endfacet
  facet normal 0 0.848127 0.529792
    outer loop
      vertex -35.1472 -19.0779 59.4956
      vertex -39.2256 -19.2623 59.7908
      vertex -34.922 -19.2623 59.7908
    endloop
  endfacet
  facet normal 0 0.848127 0.529792
    outer loop
      vertex -39.2256 -19.2623 59.7908
      vertex -35.1472 -19.0779 59.4956
      vertex -39.4249 -19.0779 59.4956
    endloop
  endfacet
  facet normal 0 0.808935 0.587899
    outer loop
      vertex -34.922 -19.2623 59.7908
      vertex -39.0198 -19.4671 60.0726
      vertex -34.6895 -19.4671 60.0726
    endloop
  endfacet
  facet normal 0 0.808935 0.587899
    outer loop
      vertex -39.0198 -19.4671 60.0726
      vertex -34.922 -19.2623 59.7908
      vertex -39.2256 -19.2623 59.7908
    endloop
  endfacet
  facet normal 0 0.7661 0.642721
    outer loop
      vertex -34.6895 -19.4671 60.0726
      vertex -38.8084 -19.6911 60.3396
      vertex -34.4508 -19.6911 60.3396
    endloop
  endfacet
  facet normal -0.000142587 0.767182 0.641429
    outer loop
      vertex -38.8084 -19.6911 60.3396
      vertex -34.6895 -19.4671 60.0726
      vertex -38.8185 -19.6804 60.3268
    endloop
  endfacet
  facet normal 0 0.766043 0.642789
    outer loop
      vertex -38.8185 -19.6804 60.3268
      vertex -34.6895 -19.4671 60.0726
      vertex -39.0198 -19.4671 60.0726
    endloop
  endfacet
  facet normal 0 0.719442 0.694552
    outer loop
      vertex -34.4433 -19.6986 60.3473
      vertex -38.5927 -19.933 60.5901
      vertex -34.2074 -19.933 60.5901
    endloop
  endfacet
  facet normal 0.000342012 0.716515 0.697571
    outer loop
      vertex -34.4508 -19.6911 60.3396
      vertex -38.5927 -19.933 60.5901
      vertex -34.4433 -19.6986 60.3473
    endloop
  endfacet
  facet normal 0 0.719347 0.694651
    outer loop
      vertex -38.5927 -19.933 60.5901
      vertex -34.4508 -19.6911 60.3396
      vertex -38.8084 -19.6911 60.3396
    endloop
  endfacet
  facet normal 0 0.669123 0.743151
    outer loop
      vertex -34.2074 -19.933 60.5901
      vertex -38.3735 -20.192 60.8233
      vertex -33.9601 -20.192 60.8233
    endloop
  endfacet
  facet normal 0 0.669123 0.743151
    outer loop
      vertex -38.3735 -20.192 60.8233
      vertex -34.2074 -19.933 60.5901
      vertex -38.5927 -19.933 60.5901
    endloop
  endfacet
  facet normal 0 0.615549 0.788098
    outer loop
      vertex -33.9601 -20.192 60.8233
      vertex -38.152 -20.4665 61.0377
      vertex -33.7104 -20.4665 61.0377
    endloop
  endfacet
  facet normal 0 0.615549 0.788098
    outer loop
      vertex -38.152 -20.4665 61.0377
      vertex -33.9601 -20.192 60.8233
      vertex -38.3735 -20.192 60.8233
    endloop
  endfacet
  facet normal 0 0.559132 0.829078
    outer loop
      vertex -33.7104 -20.4665 61.0377
      vertex -37.9294 -20.7552 61.2324
      vertex -33.4595 -20.7552 61.2324
    endloop
  endfacet
  facet normal 0 0.559132 0.829078
    outer loop
      vertex -37.9294 -20.7552 61.2324
      vertex -33.7104 -20.4665 61.0377
      vertex -38.152 -20.4665 61.0377
    endloop
  endfacet
  facet normal 0 0.500244 0.865884
    outer loop
      vertex -33.4595 -20.7552 61.2324
      vertex -37.7065 -21.0569 61.4067
      vertex -33.2084 -21.0569 61.4067
    endloop
  endfacet
  facet normal 0 0.500244 0.865884
    outer loop
      vertex -37.7065 -21.0569 61.4067
      vertex -33.4595 -20.7552 61.2324
      vertex -37.9294 -20.7552 61.2324
    endloop
  endfacet
  facet normal 0 0.438237 0.898859
    outer loop
      vertex -33.2084 -21.0569 61.4067
      vertex -37.4846 -21.3701 61.5594
      vertex -32.9585 -21.3701 61.5594
    endloop
  endfacet
  facet normal 0 0.438237 0.898859
    outer loop
      vertex -37.4846 -21.3701 61.5594
      vertex -33.2084 -21.0569 61.4067
      vertex -37.7065 -21.0569 61.4067
    endloop
  endfacet
  facet normal 0 0.374705 0.927144
    outer loop
      vertex -32.9585 -21.3701 61.5594
      vertex -37.2647 -21.693 61.6899
      vertex -32.711 -21.693 61.6899
    endloop
  endfacet
  facet normal 0 0.374705 0.927144
    outer loop
      vertex -37.2647 -21.693 61.6899
      vertex -32.9585 -21.3701 61.5594
      vertex -37.4846 -21.3701 61.5594
    endloop
  endfacet
  facet normal 0 0.308813 0.951123
    outer loop
      vertex -32.711 -21.693 61.6899
      vertex -37.0478 -22.0244 61.7975
      vertex -32.4671 -22.0244 61.7975
    endloop
  endfacet
  facet normal 0 0.308813 0.951123
    outer loop
      vertex -37.0478 -22.0244 61.7975
      vertex -32.711 -21.693 61.6899
      vertex -37.2647 -21.693 61.6899
    endloop
  endfacet
  facet normal 0 0.241959 0.970286
    outer loop
      vertex -32.4671 -22.0244 61.7975
      vertex -36.8485 -22.3412 61.8765
      vertex -32.243 -22.3412 61.8765
    endloop
  endfacet
  facet normal 0 0.241959 0.970286
    outer loop
      vertex -36.8485 -22.3412 61.8765
      vertex -32.4671 -22.0244 61.7975
      vertex -37.0478 -22.0244 61.7975
    endloop
  endfacet
  facet normal 0.00353468 0.167347 0.985892
    outer loop
      vertex -32.243 -22.3412 61.8765
      vertex -32 -22.7275 61.9412
      vertex -32 -22.7004 61.9366
    endloop
  endfacet
  facet normal 0 0.165186 0.986263
    outer loop
      vertex -32.243 -22.3412 61.8765
      vertex -36.616 -22.7275 61.9412
      vertex -32 -22.7275 61.9412
    endloop
  endfacet
  facet normal 0 0.165186 0.986263
    outer loop
      vertex -36.616 -22.7275 61.9412
      vertex -32.243 -22.3412 61.8765
      vertex -36.8485 -22.3412 61.8765
    endloop
  endfacet
  facet normal 0 0.08711 0.996199
    outer loop
      vertex -32 -22.7275 61.9412
      vertex -36.2916 -23.2913 61.9905
      vertex -32 -23.2913 61.9905
    endloop
  endfacet
  facet normal 0 0.08711 0.996199
    outer loop
      vertex -36.2916 -23.2913 61.9905
      vertex -32 -22.7275 61.9412
      vertex -36.616 -22.7275 61.9412
    endloop
  endfacet
  facet normal 0 0.0435766 0.99905
    outer loop
      vertex -32 -23.2913 61.9905
      vertex -36.1299 -23.5091 62
      vertex -32 -23.5091 62
    endloop
  endfacet
  facet normal -0 0.0435766 0.99905
    outer loop
      vertex -36.2916 -23.2913 61.9905
      vertex -36.1299 -23.5091 62
      vertex -32 -23.2913 61.9905
    endloop
  endfacet
  facet normal -0.00575187 0.0393132 0.99921
    outer loop
      vertex -36.1299 -23.5091 62
      vertex -36.2916 -23.2913 61.9905
      vertex -36.2785 -23.3148 61.9915
    endloop
  endfacet
  facet normal 0 0 1
    outer loop
      vertex -32 -23.5091 62
      vertex -32.5893 -28.2388 62
      vertex -32 -28.8281 62
    endloop
  endfacet
  facet normal 0 0 1
    outer loop
      vertex -32 -23.5091 62
      vertex -32.6353 -28.1773 62
      vertex -32.5893 -28.2388 62
    endloop
  endfacet
  facet normal 0 -0 1
    outer loop
      vertex -32.6353 -28.1773 62
      vertex -32 -23.5091 62
      vertex -36.1299 -23.5091 62
    endloop
  endfacet
  facet normal -0 0 1
    outer loop
      vertex -32.5893 28.2388 62
      vertex -32 23.487 62
      vertex -32 28.8281 62
    endloop
  endfacet
  facet normal -0 0 1
    outer loop
      vertex -32.6353 28.1773 62
      vertex -32 23.487 62
      vertex -32.5893 28.2388 62
    endloop
  endfacet
  facet normal 0 0 1
    outer loop
      vertex -32 23.487 62
      vertex -32.6353 28.1773 62
      vertex -36.1464 23.487 62
    endloop
  endfacet
  facet normal 0 -0.0350762 0.999385
    outer loop
      vertex -36.1464 23.487 62
      vertex -32 23.3132 61.9939
      vertex -32 23.487 62
    endloop
  endfacet
  facet normal 0.179689 -0.17058 0.968821
    outer loop
      vertex -36.2785 23.3132 61.9939
      vertex -36.1464 23.487 62
      vertex -36.2779 23.3144 61.994
    endloop
  endfacet
  facet normal 0 -0.0350762 0.999385
    outer loop
      vertex -36.1464 23.487 62
      vertex -36.2785 23.3132 61.9939
      vertex -32 23.3132 61.9939
    endloop
  endfacet
  facet normal 0 -0.069715 0.997567
    outer loop
      vertex -36.2785 23.3132 61.9939
      vertex -32 22.8782 61.9635
      vertex -32 23.3132 61.9939
    endloop
  endfacet
  facet normal 0 -0.069715 0.997567
    outer loop
      vertex -32 22.8782 61.9635
      vertex -36.2785 23.3132 61.9939
      vertex -36.5262 22.8782 61.9635
    endloop
  endfacet
  facet normal -0.000214407 -0.138941 0.990301
    outer loop
      vertex -32 22.8782 61.9635
      vertex -32.1105 22.5334 61.9151
      vertex -32 22.6993 61.9384
    endloop
  endfacet
  facet normal 0 -0.139008 0.990291
    outer loop
      vertex -36.5262 22.8782 61.9635
      vertex -32.1105 22.5334 61.9151
      vertex -32 22.8782 61.9635
    endloop
  endfacet
  facet normal 0 -0.139008 0.990291
    outer loop
      vertex -32.1105 22.5334 61.9151
      vertex -36.5262 22.8782 61.9635
      vertex -36.7306 22.5334 61.9151
    endloop
  endfacet
  facet normal 0 -0.208137 0.9781
    outer loop
      vertex -36.7306 22.5334 61.9151
      vertex -32.3468 22.1927 61.8426
      vertex -32.1105 22.5334 61.9151
    endloop
  endfacet
  facet normal 0 -0.208137 0.9781
    outer loop
      vertex -32.3468 22.1927 61.8426
      vertex -36.7306 22.5334 61.9151
      vertex -36.9409 22.1927 61.8426
    endloop
  endfacet
  facet normal 0 -0.275403 0.961329
    outer loop
      vertex -36.9409 22.1927 61.8426
      vertex -32.5886 21.8576 61.7466
      vertex -32.3468 22.1927 61.8426
    endloop
  endfacet
  facet normal 0 -0.275403 0.961329
    outer loop
      vertex -32.5886 21.8576 61.7466
      vertex -36.9409 22.1927 61.8426
      vertex -37.1559 21.8576 61.7466
    endloop
  endfacet
  facet normal 0 -0.342135 0.939651
    outer loop
      vertex -37.1559 21.8576 61.7466
      vertex -32.8343 21.5305 61.6275
      vertex -32.5886 21.8576 61.7466
    endloop
  endfacet
  facet normal 0 -0.342135 0.939651
    outer loop
      vertex -32.8343 21.5305 61.6275
      vertex -37.1559 21.8576 61.7466
      vertex -37.3742 21.5305 61.6275
    endloop
  endfacet
  facet normal 0 -0.406698 0.913563
    outer loop
      vertex -37.3742 21.5305 61.6275
      vertex -33.0833 21.2122 61.4858
      vertex -32.8343 21.5305 61.6275
    endloop
  endfacet
  facet normal 0 -0.406698 0.913563
    outer loop
      vertex -33.0833 21.2122 61.4858
      vertex -37.3742 21.5305 61.6275
      vertex -37.5953 21.2122 61.4858
    endloop
  endfacet
  facet normal 0 -0.469561 0.8829
    outer loop
      vertex -37.5953 21.2122 61.4858
      vertex -33.334 20.9044 61.3221
      vertex -33.0833 21.2122 61.4858
    endloop
  endfacet
  facet normal 0 -0.469561 0.8829
    outer loop
      vertex -33.334 20.9044 61.3221
      vertex -37.5953 21.2122 61.4858
      vertex -37.818 20.9044 61.3221
    endloop
  endfacet
  facet normal 0 -0.529999 0.847998
    outer loop
      vertex -37.818 20.9044 61.3221
      vertex -33.585 20.6092 61.1376
      vertex -33.334 20.9044 61.3221
    endloop
  endfacet
  facet normal 0 -0.529999 0.847998
    outer loop
      vertex -33.585 20.6092 61.1376
      vertex -37.818 20.9044 61.3221
      vertex -38.0407 20.6092 61.1376
    endloop
  endfacet
  facet normal 0 -0.587574 0.80917
    outer loop
      vertex -38.0407 20.6092 61.1376
      vertex -33.8355 20.3273 60.9329
      vertex -33.585 20.6092 61.1376
    endloop
  endfacet
  facet normal 0 -0.587574 0.80917
    outer loop
      vertex -33.8355 20.3273 60.9329
      vertex -38.0407 20.6092 61.1376
      vertex -38.263 20.3273 60.9329
    endloop
  endfacet
  facet normal 0 -0.642862 0.765982
    outer loop
      vertex -38.263 20.3273 60.9329
      vertex -34.0842 20.0604 60.7089
      vertex -33.8355 20.3273 60.9329
    endloop
  endfacet
  facet normal 0 -0.642862 0.765982
    outer loop
      vertex -34.0842 20.0604 60.7089
      vertex -38.263 20.3273 60.9329
      vertex -38.4835 20.0604 60.7089
    endloop
  endfacet
  facet normal 0 -0.694799 0.719204
    outer loop
      vertex -38.4835 20.0604 60.7089
      vertex -34.3296 19.8099 60.4669
      vertex -34.0842 20.0604 60.7089
    endloop
  endfacet
  facet normal 0 -0.694799 0.719204
    outer loop
      vertex -34.3296 19.8099 60.4669
      vertex -38.4835 20.0604 60.7089
      vertex -38.701 19.8099 60.4669
    endloop
  endfacet
  facet normal 0 -0.742868 0.669438
    outer loop
      vertex -38.701 19.8099 60.4669
      vertex -34.4428 19.7005 60.3455
      vertex -34.3296 19.8099 60.4669
    endloop
  endfacet
  facet normal -7.51569e-06 -0.743083 0.6692
    outer loop
      vertex -34.5709 19.5767 60.208
      vertex -38.701 19.8099 60.4669
      vertex -38.8181 19.6822 60.3251
    endloop
  endfacet
  facet normal 0 -0.742947 0.66935
    outer loop
      vertex -34.5709 19.5767 60.208
      vertex -38.8181 19.6822 60.3251
      vertex -38.9147 19.5767 60.208
    endloop
  endfacet
  facet normal -1.6296e-05 -0.743152 0.669122
    outer loop
      vertex -38.701 19.8099 60.4669
      vertex -34.5709 19.5767 60.208
      vertex -34.4428 19.7005 60.3455
    endloop
  endfacet
  facet normal 0 -0.788098 0.615549
    outer loop
      vertex -34.8066 19.3623 59.9335
      vertex -38.9147 19.5767 60.208
      vertex -39.1234 19.3623 59.9335
    endloop
  endfacet
  facet normal 0 -0.788098 0.615549
    outer loop
      vertex -38.9147 19.5767 60.208
      vertex -34.8066 19.3623 59.9335
      vertex -34.5709 19.5767 60.208
    endloop
  endfacet
  facet normal 0 -0.829078 0.559132
    outer loop
      vertex -35.0356 19.1676 59.6448
      vertex -39.1234 19.3623 59.9335
      vertex -39.3261 19.1676 59.6448
    endloop
  endfacet
  facet normal 0 -0.829078 0.559132
    outer loop
      vertex -39.1234 19.3623 59.9335
      vertex -35.0356 19.1676 59.6448
      vertex -34.8066 19.3623 59.9335
    endloop
  endfacet
  facet normal 0 -0.865884 0.500244
    outer loop
      vertex -35.257 18.9933 59.3431
      vertex -39.3261 19.1676 59.6448
      vertex -39.5219 18.9933 59.3431
    endloop
  endfacet
  facet normal 0 -0.865884 0.500244
    outer loop
      vertex -39.3261 19.1676 59.6448
      vertex -35.257 18.9933 59.3431
      vertex -35.0356 19.1676 59.6448
    endloop
  endfacet
  facet normal 0 -0.898859 0.438237
    outer loop
      vertex -35.4695 18.8406 59.0299
      vertex -39.5219 18.9933 59.3431
      vertex -39.7098 18.8406 59.0299
    endloop
  endfacet
  facet normal 0 -0.898859 0.438237
    outer loop
      vertex -39.5219 18.9933 59.3431
      vertex -35.4695 18.8406 59.0299
      vertex -35.257 18.9933 59.3431
    endloop
  endfacet
  facet normal 0 -0.927144 0.374705
    outer loop
      vertex -35.6722 18.7101 58.707
      vertex -39.7098 18.8406 59.0299
      vertex -39.8888 18.7101 58.707
    endloop
  endfacet
  facet normal 0 -0.927144 0.374705
    outer loop
      vertex -39.7098 18.8406 59.0299
      vertex -35.6722 18.7101 58.707
      vertex -35.4695 18.8406 59.0299
    endloop
  endfacet
  facet normal 0 -0.951123 0.308813
    outer loop
      vertex -35.864 18.6025 58.3756
      vertex -39.8888 18.7101 58.707
      vertex -40.0582 18.6025 58.3756
    endloop
  endfacet
  facet normal 0 -0.951123 0.308813
    outer loop
      vertex -39.8888 18.7101 58.707
      vertex -35.864 18.6025 58.3756
      vertex -35.6722 18.7101 58.707
    endloop
  endfacet
  facet normal 0 -0.970286 0.241959
    outer loop
      vertex -36.0328 18.5235 58.0588
      vertex -40.0582 18.6025 58.3756
      vertex -40.207 18.5235 58.0588
    endloop
  endfacet
  facet normal 0 -0.970286 0.241959
    outer loop
      vertex -40.0582 18.6025 58.3756
      vertex -36.0328 18.5235 58.0588
      vertex -35.864 18.6025 58.3756
    endloop
  endfacet
  facet normal 0 -0.986263 0.165186
    outer loop
      vertex -36.2192 18.4588 57.6725
      vertex -40.207 18.5235 58.0588
      vertex -40.3712 18.4588 57.6725
    endloop
  endfacet
  facet normal 0 -0.986263 0.165186
    outer loop
      vertex -40.207 18.5235 58.0588
      vertex -36.2192 18.4588 57.6725
      vertex -36.0328 18.5235 58.0588
    endloop
  endfacet
  facet normal 0 -0.996241 0.0866296
    outer loop
      vertex -40.3712 18.4588 57.6725
      vertex -36.2251 18.4576 57.6587
      vertex -36.2192 18.4588 57.6725
    endloop
  endfacet
  facet normal -3.06101e-05 -0.996217 0.086898
    outer loop
      vertex -36.4379 18.4095 57.1087
      vertex -40.3712 18.4588 57.6725
      vertex -40.4032 18.4515 57.5888
    endloop
  endfacet
  facet normal 0 -0.996195 0.0871489
    outer loop
      vertex -36.4379 18.4095 57.1087
      vertex -40.4032 18.4515 57.5888
      vertex -40.5689 18.4095 57.1087
    endloop
  endfacet
  facet normal 1.64921e-06 -0.996198 0.0871214
    outer loop
      vertex -40.3712 18.4588 57.6725
      vertex -36.4379 18.4095 57.1087
      vertex -36.2251 18.4576 57.6587
    endloop
  endfacet
  facet normal 0 -0.99905 0.0435766
    outer loop
      vertex -36.5182 18.4 56.8909
      vertex -40.5689 18.4095 57.1087
      vertex -40.6405 18.4 56.8909
    endloop
  endfacet
  facet normal 0 -0.99905 0.0435766
    outer loop
      vertex -40.5689 18.4095 57.1087
      vertex -36.5182 18.4 56.8909
      vertex -36.4379 18.4095 57.1087
    endloop
  endfacet
  facet normal 0 -1 0
    outer loop
      vertex -40.6405 18.4 56.8909
      vertex -36.7598 18.4 56.2018
      vertex -36.5182 18.4 56.8909
    endloop
  endfacet
  facet normal 0 -1 0
    outer loop
      vertex -40.6405 18.4 56.8909
      vertex -36.8663 18.4 55.8981
      vertex -36.7598 18.4 56.2018
    endloop
  endfacet
  facet normal 0 -1 0
    outer loop
      vertex -36.9293 18.4 55.5293
      vertex -40.6405 18.4 56.8909
      vertex -40.9884 18.4 55.778
    endloop
  endfacet
  facet normal 0 -1 0
    outer loop
      vertex -40.6405 18.4 56.8909
      vertex -36.9293 18.4 55.5293
      vertex -36.8663 18.4 55.8981
    endloop
  endfacet
  facet normal 0 -1 0
    outer loop
      vertex -41.0356 18.4 55.47
      vertex -36.9293 18.4 55.5293
      vertex -40.9884 18.4 55.778
    endloop
  endfacet
  facet normal 0 -1 0
    outer loop
      vertex -41.0356 18.4 55.47
      vertex -37.9894 18.4 49.3267
      vertex -36.9293 18.4 55.5293
    endloop
  endfacet
  facet normal 0 -1 0
    outer loop
      vertex -41.9828 18.4 49.2816
      vertex -37.9894 18.4 49.3267
      vertex -41.0356 18.4 55.47
    endloop
  endfacet
  facet normal 0 -1 0
    outer loop
      vertex -41.9828 18.4 42.7184
      vertex -37.9894 18.4 49.3267
      vertex -41.9828 18.4 49.2816
    endloop
  endfacet
  facet normal 0 -1 0
    outer loop
      vertex -41.9828 18.4 42.7184
      vertex -37.9894 18.4 42.6733
      vertex -37.9894 18.4 49.3267
    endloop
  endfacet
  facet normal 0 -1 0
    outer loop
      vertex -41.0356 18.4 36.53
      vertex -37.9894 18.4 42.6733
      vertex -41.9828 18.4 42.7184
    endloop
  endfacet
  facet normal 0 -1 0
    outer loop
      vertex -41.0356 18.4 36.53
      vertex -36.9293 18.4 36.4707
      vertex -37.9894 18.4 42.6733
    endloop
  endfacet
  facet normal 0 -1 0
    outer loop
      vertex -40.9884 18.4 36.222
      vertex -36.9293 18.4 36.4707
      vertex -41.0356 18.4 36.53
    endloop
  endfacet
  facet normal 0 -1 0
    outer loop
      vertex -40.6336 18.4 35.087
      vertex -36.9293 18.4 36.4707
      vertex -40.9884 18.4 36.222
    endloop
  endfacet
  facet normal 0 -1 -0
    outer loop
      vertex -36.9293 18.4 36.4707
      vertex -40.6336 18.4 35.087
      vertex -36.8663 18.4 36.1019
    endloop
  endfacet
  facet normal 0 -1 -0
    outer loop
      vertex -36.8663 18.4 36.1019
      vertex -40.6336 18.4 35.087
      vertex -36.7598 18.4 35.7982
    endloop
  endfacet
  facet normal 0 -1 -0
    outer loop
      vertex -36.7598 18.4 35.7982
      vertex -40.6336 18.4 35.087
      vertex -36.5105 18.4 35.087
    endloop
  endfacet
  facet normal 0 -0.999385 -0.0350762
    outer loop
      vertex -40.5771 18.4061 34.9132
      vertex -36.5105 18.4 35.087
      vertex -40.6336 18.4 35.087
    endloop
  endfacet
  facet normal 0 -0.999385 -0.0350762
    outer loop
      vertex -36.5105 18.4 35.087
      vertex -40.5771 18.4061 34.9132
      vertex -36.447 18.4061 34.9132
    endloop
  endfacet
  facet normal 0 -0.997567 -0.069715
    outer loop
      vertex -40.4297 18.4365 34.4782
      vertex -36.447 18.4061 34.9132
      vertex -40.5771 18.4061 34.9132
    endloop
  endfacet
  facet normal 0 -0.997567 -0.069715
    outer loop
      vertex -36.447 18.4061 34.9132
      vertex -40.4297 18.4365 34.4782
      vertex -36.2819 18.4365 34.4782
    endloop
  endfacet
  facet normal 0 -0.990305 -0.138912
    outer loop
      vertex -40.3975 18.4489 34.3898
      vertex -36.2819 18.4365 34.4782
      vertex -40.4297 18.4365 34.4782
    endloop
  endfacet
  facet normal 2.82793e-06 -0.990287 -0.139041
    outer loop
      vertex -40.2922 18.4849 34.1334
      vertex -36.2819 18.4365 34.4782
      vertex -40.3975 18.4489 34.3898
    endloop
  endfacet
  facet normal 3.25138e-05 -0.990239 -0.139379
    outer loop
      vertex -36.2819 18.4365 34.4782
      vertex -40.2922 18.4849 34.1334
      vertex -36.2232 18.4567 34.3347
    endloop
  endfacet
  facet normal 0 -0.99033 -0.138735
    outer loop
      vertex -36.2232 18.4567 34.3347
      vertex -40.2922 18.4849 34.1334
      vertex -36.1294 18.4849 34.1334
    endloop
  endfacet
  facet normal 0 -0.9781 -0.208137
    outer loop
      vertex -40.139 18.5574 33.7927
      vertex -36.1294 18.4849 34.1334
      vertex -40.2922 18.4849 34.1334
    endloop
  endfacet
  facet normal 0 -0.9781 -0.208137
    outer loop
      vertex -36.1294 18.4849 34.1334
      vertex -40.139 18.5574 33.7927
      vertex -35.9556 18.5574 33.7927
    endloop
  endfacet
  facet normal 0 -0.961329 -0.275403
    outer loop
      vertex -39.9747 18.6534 33.4576
      vertex -35.9556 18.5574 33.7927
      vertex -40.139 18.5574 33.7927
    endloop
  endfacet
  facet normal 0 -0.961329 -0.275403
    outer loop
      vertex -35.9556 18.5574 33.7927
      vertex -39.9747 18.6534 33.4576
      vertex -35.7694 18.6534 33.4576
    endloop
  endfacet
  facet normal 0 -0.939651 -0.342135
    outer loop
      vertex -39.8005 18.7725 33.1305
      vertex -35.7694 18.6534 33.4576
      vertex -39.9747 18.6534 33.4576
    endloop
  endfacet
  facet normal 0 -0.939651 -0.342135
    outer loop
      vertex -35.7694 18.6534 33.4576
      vertex -39.8005 18.7725 33.1305
      vertex -35.5722 18.7725 33.1305
    endloop
  endfacet
  facet normal 0 -0.913563 -0.406698
    outer loop
      vertex -39.6169 18.9142 32.8122
      vertex -35.5722 18.7725 33.1305
      vertex -39.8005 18.7725 33.1305
    endloop
  endfacet
  facet normal 0 -0.913563 -0.406698
    outer loop
      vertex -35.5722 18.7725 33.1305
      vertex -39.6169 18.9142 32.8122
      vertex -35.3644 18.9142 32.8122
    endloop
  endfacet
  facet normal 0 -0.8829 -0.469561
    outer loop
      vertex -39.4249 19.0779 32.5044
      vertex -35.3644 18.9142 32.8122
      vertex -39.6169 18.9142 32.8122
    endloop
  endfacet
  facet normal 0 -0.8829 -0.469561
    outer loop
      vertex -35.3644 18.9142 32.8122
      vertex -39.4249 19.0779 32.5044
      vertex -35.1472 19.0779 32.5044
    endloop
  endfacet
  facet normal 0 -0.848127 -0.529792
    outer loop
      vertex -39.2256 19.2623 32.2092
      vertex -35.1472 19.0779 32.5044
      vertex -39.4249 19.0779 32.5044
    endloop
  endfacet
  facet normal 0 -0.848127 -0.529792
    outer loop
      vertex -35.1472 19.0779 32.5044
      vertex -39.2256 19.2623 32.2092
      vertex -34.922 19.2623 32.2092
    endloop
  endfacet
  facet normal 0 -0.808935 -0.587899
    outer loop
      vertex -39.0198 19.4671 31.9274
      vertex -34.922 19.2623 32.2092
      vertex -39.2256 19.2623 32.2092
    endloop
  endfacet
  facet normal 0 -0.808935 -0.587899
    outer loop
      vertex -34.922 19.2623 32.2092
      vertex -39.0198 19.4671 31.9274
      vertex -34.6895 19.4671 31.9274
    endloop
  endfacet
  facet normal 0 -0.766043 -0.642789
    outer loop
      vertex -38.8185 19.6804 31.6732
      vertex -34.6895 19.4671 31.9274
      vertex -39.0198 19.4671 31.9274
    endloop
  endfacet
  facet normal -0.000142587 -0.767182 -0.641429
    outer loop
      vertex -38.8084 19.6911 31.6604
      vertex -34.6895 19.4671 31.9274
      vertex -38.8185 19.6804 31.6732
    endloop
  endfacet
  facet normal 0 -0.7661 -0.642721
    outer loop
      vertex -34.6895 19.4671 31.9274
      vertex -38.8084 19.6911 31.6604
      vertex -34.4508 19.6911 31.6604
    endloop
  endfacet
  facet normal 0 -0.719347 -0.694651
    outer loop
      vertex -38.5927 19.933 31.4099
      vertex -34.4508 19.6911 31.6604
      vertex -38.8084 19.6911 31.6604
    endloop
  endfacet
  facet normal 0.000342012 -0.716515 -0.697571
    outer loop
      vertex -34.4508 19.6911 31.6604
      vertex -38.5927 19.933 31.4099
      vertex -34.4433 19.6986 31.6527
    endloop
  endfacet
  facet normal 0 -0.719442 -0.694552
    outer loop
      vertex -34.4433 19.6986 31.6527
      vertex -38.5927 19.933 31.4099
      vertex -34.2074 19.933 31.4099
    endloop
  endfacet
  facet normal 0 -0.669123 -0.743151
    outer loop
      vertex -34.2074 19.933 31.4099
      vertex -38.3735 20.192 31.1767
      vertex -33.9601 20.192 31.1767
    endloop
  endfacet
  facet normal 0 -0.669123 -0.743151
    outer loop
      vertex -38.3735 20.192 31.1767
      vertex -34.2074 19.933 31.4099
      vertex -38.5927 19.933 31.4099
    endloop
  endfacet
  facet normal 0 -0.615549 -0.788098
    outer loop
      vertex -33.9601 20.192 31.1767
      vertex -38.152 20.4665 30.9623
      vertex -33.7104 20.4665 30.9623
    endloop
  endfacet
  facet normal 0 -0.615549 -0.788098
    outer loop
      vertex -38.152 20.4665 30.9623
      vertex -33.9601 20.192 31.1767
      vertex -38.3735 20.192 31.1767
    endloop
  endfacet
  facet normal 0 -0.559132 -0.829078
    outer loop
      vertex -33.7104 20.4665 30.9623
      vertex -37.9294 20.7552 30.7676
      vertex -33.4595 20.7552 30.7676
    endloop
  endfacet
  facet normal 0 -0.559132 -0.829078
    outer loop
      vertex -37.9294 20.7552 30.7676
      vertex -33.7104 20.4665 30.9623
      vertex -38.152 20.4665 30.9623
    endloop
  endfacet
  facet normal 0 -0.500244 -0.865884
    outer loop
      vertex -33.4595 20.7552 30.7676
      vertex -37.7065 21.0569 30.5933
      vertex -33.2084 21.0569 30.5933
    endloop
  endfacet
  facet normal 0 -0.500244 -0.865884
    outer loop
      vertex -37.7065 21.0569 30.5933
      vertex -33.4595 20.7552 30.7676
      vertex -37.9294 20.7552 30.7676
    endloop
  endfacet
  facet normal 0 -0.438237 -0.898859
    outer loop
      vertex -33.2084 21.0569 30.5933
      vertex -37.4846 21.3701 30.4406
      vertex -32.9585 21.3701 30.4406
    endloop
  endfacet
  facet normal 0 -0.438237 -0.898859
    outer loop
      vertex -37.4846 21.3701 30.4406
      vertex -33.2084 21.0569 30.5933
      vertex -37.7065 21.0569 30.5933
    endloop
  endfacet
  facet normal 0 -0.374705 -0.927144
    outer loop
      vertex -32.9585 21.3701 30.4406
      vertex -37.2647 21.693 30.3101
      vertex -32.711 21.693 30.3101
    endloop
  endfacet
  facet normal 0 -0.374705 -0.927144
    outer loop
      vertex -37.2647 21.693 30.3101
      vertex -32.9585 21.3701 30.4406
      vertex -37.4846 21.3701 30.4406
    endloop
  endfacet
  facet normal 0 -0.308813 -0.951123
    outer loop
      vertex -32.711 21.693 30.3101
      vertex -37.0478 22.0244 30.2025
      vertex -32.4671 22.0244 30.2025
    endloop
  endfacet
  facet normal 0 -0.308813 -0.951123
    outer loop
      vertex -37.0478 22.0244 30.2025
      vertex -32.711 21.693 30.3101
      vertex -37.2647 21.693 30.3101
    endloop
  endfacet
  facet normal 0 -0.241959 -0.970286
    outer loop
      vertex -32.4671 22.0244 30.2025
      vertex -36.8485 22.3412 30.1235
      vertex -32.243 22.3412 30.1235
    endloop
  endfacet
  facet normal 0 -0.241959 -0.970286
    outer loop
      vertex -36.8485 22.3412 30.1235
      vertex -32.4671 22.0244 30.2025
      vertex -37.0478 22.0244 30.2025
    endloop
  endfacet
  facet normal 0.00353468 -0.167347 -0.985892
    outer loop
      vertex -32.243 22.3412 30.1235
      vertex -32 22.7275 30.0588
      vertex -32 22.7004 30.0634
    endloop
  endfacet
  facet normal 0 -0.165186 -0.986263
    outer loop
      vertex -32.243 22.3412 30.1235
      vertex -36.616 22.7275 30.0588
      vertex -32 22.7275 30.0588
    endloop
  endfacet
  facet normal 0 -0.165186 -0.986263
    outer loop
      vertex -36.616 22.7275 30.0588
      vertex -32.243 22.3412 30.1235
      vertex -36.8485 22.3412 30.1235
    endloop
  endfacet
  facet normal 0 -0.08711 -0.996199
    outer loop
      vertex -32 22.7275 30.0588
      vertex -36.2916 23.2913 30.0095
      vertex -32 23.2913 30.0095
    endloop
  endfacet
  facet normal 0 -0.08711 -0.996199
    outer loop
      vertex -36.2916 23.2913 30.0095
      vertex -32 22.7275 30.0588
      vertex -36.616 22.7275 30.0588
    endloop
  endfacet
  facet normal 0 -0.0435766 -0.99905
    outer loop
      vertex -32 23.2913 30.0095
      vertex -36.1299 23.5091 30
      vertex -32 23.5091 30
    endloop
  endfacet
  facet normal 0 -0.0435766 -0.99905
    outer loop
      vertex -36.2916 23.2913 30.0095
      vertex -36.1299 23.5091 30
      vertex -32 23.2913 30.0095
    endloop
  endfacet
  facet normal -0.00575187 -0.0393132 -0.99921
    outer loop
      vertex -36.1299 23.5091 30
      vertex -36.2916 23.2913 30.0095
      vertex -36.2785 23.3148 30.0085
    endloop
  endfacet
  facet normal 0 0 -1
    outer loop
      vertex -32 23.5091 30
      vertex -32.5893 28.2388 30
      vertex -32 28.8281 30
    endloop
  endfacet
  facet normal 0 0 -1
    outer loop
      vertex -32 23.5091 30
      vertex -32.6353 28.1773 30
      vertex -32.5893 28.2388 30
    endloop
  endfacet
  facet normal 0 -0 -1
    outer loop
      vertex -32.6353 28.1773 30
      vertex -32 23.5091 30
      vertex -36.1299 23.5091 30
    endloop
  endfacet
  facet normal 0.292241 0.274971 0.915962
    outer loop
      vertex 28.4483 -65.122 77.3765
      vertex 0.452933 -77.0403 89.8864
      vertex 28.5176 -65.3752 77.4304
    endloop
  endfacet
  facet normal 0.495596 0.308482 0.811926
    outer loop
      vertex 29.4142 -65.4828 76.924
      vertex 28.4483 -65.122 77.3765
      vertex 28.5176 -65.3752 77.4304
    endloop
  endfacet
  facet normal -0.220204 0.413264 0.883585
    outer loop
      vertex -0.226466 -76.6567 89.8048
      vertex -28.2588 -64.9367 77.3371
      vertex -0.392251 -76.8188 89.8393
    endloop
  endfacet
  facet normal 0 0.644604 -0.764517
    outer loop
      vertex -0.554957 -50.1845 50.6271
      vertex 0.801937 -48.8367 51.7635
      vertex 0.554957 -50.1845 50.6271
    endloop
  endfacet
  facet normal 0 0.644604 -0.764517
    outer loop
      vertex 0.801937 -48.8367 51.7635
      vertex -0.554957 -50.1845 50.6271
      vertex -0.801937 -48.8367 51.7635
    endloop
  endfacet
  facet normal 0.429097 -0.0712426 0.900444
    outer loop
      vertex 28.4483 -65.6283 77.4842
      vertex 1.07165 -77.7397 89.572
      vertex 29.2247 -66.1745 77.071
    endloop
  endfacet
  facet normal -0.226023 -0.723941 0.651784
    outer loop
      vertex 0 -78.3449 89.7006
      vertex -0.618718 -78.1827 89.6662
      vertex 0 -78.951 89.0274
    endloop
  endfacet
  facet normal 0.429073 -0.0711705 0.900462
    outer loop
      vertex 28.4483 -65.6283 77.4842
      vertex 0.392251 -77.2619 89.9335
      vertex 1.07165 -77.7397 89.572
    endloop
  endfacet
  facet normal 0.423535 0.815082 -0.395297
    outer loop
      vertex 2.24698 -49.5174 51.9082
      vertex 0.801937 -48.8367 51.7635
      vertex 0.890083 -48.0981 53.3809
    endloop
  endfacet
  facet normal 0 0.899817 0.436267
    outer loop
      vertex 0.801937 -48.115 55.1588
      vertex -0.554957 -48.8841 56.7451
      vertex 0.554957 -48.8841 56.7451
    endloop
  endfacet
  facet normal 0 0.899817 0.436267
    outer loop
      vertex -0.554957 -48.8841 56.7451
      vertex 0.801937 -48.115 55.1588
      vertex -0.801937 -48.115 55.1588
    endloop
  endfacet
  facet normal 0.843583 0.119867 -0.52345
    outer loop
      vertex 29.4142 -66.0709 74.1574
      vertex 29.2247 -65.3792 74.0104
      vertex 29.9319 -65.8845 75.0344
    endloop
  endfacet
  facet normal 0.43177 -0.0900362 -0.897479
    outer loop
      vertex 2.49396 -52.5628 51.1327
      vertex 0.890083 -52.7234 50.3772
      vertex 2.24698 -51.5044 50.9077
    endloop
  endfacet
  facet normal 0.423522 0.905401 0.0296134
    outer loop
      vertex 2.49396 -48.8536 53.5414
      vertex 0.890083 -48.0981 53.3809
      vertex 2.24698 -48.7957 55.3034
    endloop
  endfacet
  facet normal 0.000323965 -0.207639 -0.978205
    outer loop
      vertex -0.554957 -53.4041 50.5218
      vertex -0.890083 -52.7234 50.3772
      vertex -0.198062 -53.5722 50.5576
    endloop
  endfacet
  facet normal 0.843578 -0.322421 -0.429443
    outer loop
      vertex 29.9319 -65.8845 75.0344
      vertex 29.2247 -66.7625 74.3044
      vertex 29.4142 -66.0709 74.1574
    endloop
  endfacet
  facet normal 0.0506378 0.668234 0.742225
    outer loop
      vertex 28 -64.0995 76.63
      vertex 0 -76.5973 89.7922
      vertex 28 -64.8689 77.3227
    endloop
  endfacet
  facet normal 0.342548 0.568126 -0.74826
    outer loop
      vertex 2.24698 -49.5174 51.9082
      vertex 0.554957 -50.1845 50.6271
      vertex 0.801937 -48.8367 51.7635
    endloop
  endfacet
  facet normal 0.707131 -0.691639 0.146974
    outer loop
      vertex 28.9659 -67.3057 76.3949
      vertex 28.9659 -67.5209 75.3822
      vertex 29.673 -66.614 76.2479
    endloop
  endfacet
  facet normal 0.617612 -0.502739 0.604822
    outer loop
      vertex 29.2247 -66.1745 77.071
      vertex 28.7071 -66.6808 77.1787
      vertex 29.673 -66.614 76.2479
    endloop
  endfacet
  facet normal 0.517278 -0.577721 0.631397
    outer loop
      vertex 28.7071 -66.6808 77.1787
      vertex 0.845184 -78.7295 88.9804
      vertex 28.9659 -67.3057 76.3949
    endloop
  endfacet
  facet normal -0.0832948 -0.828069 -0.554404
    outer loop
      vertex 0 -78.8595 87.2798
      vertex -28 -67.4542 74.4514
      vertex -0.554957 -54.9411 51.6382
    endloop
  endfacet
  facet normal 0.522857 -0.311884 -0.793315
    outer loop
      vertex 29.2247 -66.7625 74.3044
      vertex 2.24698 -53.6212 51.3576
      vertex 29.4142 -66.0709 74.1574
    endloop
  endfacet
  facet normal 0.707131 0.691625 -0.14704
    outer loop
      vertex 29.673 -64.7244 75.8462
      vertex 28.9659 -64.248 74.6865
      vertex 28.9659 -64.0327 75.6992
    endloop
  endfacet
  facet normal 0.707092 0.691674 -0.146996
    outer loop
      vertex 28.9659 -64.248 74.6865
      vertex 29.673 -64.7244 75.8462
      vertex 29.673 -64.9396 74.8336
    endloop
  endfacet
  facet normal 0.617587 -0.502807 0.604791
    outer loop
      vertex 29.673 -66.614 76.2479
      vertex 28.7071 -66.6808 77.1787
      vertex 28.9659 -67.3057 76.3949
    endloop
  endfacet
  facet normal 0.656065 0.0194005 -0.754455
    outer loop
      vertex 29.4142 -66.0709 74.1574
      vertex 2.24698 -51.5044 50.9077
      vertex 29.2247 -65.3792 74.0104
    endloop
  endfacet
  facet normal 0.375904 -0.543666 -0.750415
    outer loop
      vertex 28.7071 -67.2689 74.412
      vertex 1.55496 -54.47 51.5381
      vertex 29.2247 -66.7625 74.3044
    endloop
  endfacet
  facet normal -0.965905 -0.253234 0.0538429
    outer loop
      vertex -29.9319 -65.6692 76.047
      vertex -29.9319 -65.8845 75.0344
      vertex -29.673 -66.614 76.2479
    endloop
  endfacet
  facet normal -0.221896 -0.917144 -0.331073
    outer loop
      vertex -0.618718 -78.6973 87.2454
      vertex -28.7071 -67.2689 74.412
      vertex -28 -67.4542 74.4514
    endloop
  endfacet
  facet normal 0.0506326 0.668241 0.74222
    outer loop
      vertex 0 -75.9241 89.1861
      vertex 0 -76.5973 89.7922
      vertex 28 -64.0995 76.63
    endloop
  endfacet
  facet normal -0.237064 -0.923001 -0.303099
    outer loop
      vertex -0.845184 -78.9179 88.0943
      vertex -28.9659 -67.5209 75.3822
      vertex -0.618718 -78.6973 87.2454
    endloop
  endfacet
  facet normal -0.843578 -0.322421 -0.429443
    outer loop
      vertex -29.2247 -66.7625 74.3044
      vertex -29.9319 -65.8845 75.0344
      vertex -29.4142 -66.0709 74.1574
    endloop
  endfacet
  facet normal -0.000266624 0.207921 0.978146
    outer loop
      vertex 0.392251 -76.8188 89.8393
      vertex 0.226466 -77.424 89.9679
      vertex 0.452933 -77.0403 89.8864
    endloop
  endfacet
  facet normal 0.965911 0.253221 -0.053815
    outer loop
      vertex 29.9319 -65.8845 75.0344
      vertex 29.673 -64.9396 74.8336
      vertex 29.673 -64.7244 75.8462
    endloop
  endfacet
  facet normal -0.0506326 0.668241 0.74222
    outer loop
      vertex 0 -75.9241 89.1861
      vertex -28 -64.0995 76.63
      vertex 0 -76.5973 89.7922
    endloop
  endfacet
  facet normal 0.109781 0.589081 0.800582
    outer loop
      vertex 28 -64.8689 77.3227
      vertex 0 -76.5973 89.7922
      vertex 28.2588 -64.9367 77.3371
    endloop
  endfacet
  facet normal -0.166278 -0.766433 -0.620429
    outer loop
      vertex -28 -67.4542 74.4514
      vertex -28.7071 -67.2689 74.412
      vertex -0.554957 -54.9411 51.6382
    endloop
  endfacet
  facet normal -0.192197 -0.576693 -0.794031
    outer loop
      vertex -0.554957 -54.9411 51.6382
      vertex -1.55496 -54.47 51.5381
      vertex -0.198062 -53.5722 50.5576
    endloop
  endfacet
  facet normal -0.226137 -0.926436 -0.300963
    outer loop
      vertex 0 -79.1394 88.1414
      vertex -0.618718 -78.6973 87.2454
      vertex 0 -78.8595 87.2798
    endloop
  endfacet
  facet normal 0.707082 -0.691673 0.14705
    outer loop
      vertex 29.673 -66.614 76.2479
      vertex 28.9659 -67.5209 75.3822
      vertex 29.673 -66.8293 75.2352
    endloop
  endfacet
  facet normal 0.5922 0.788175 -0.167566
    outer loop
      vertex 28.9659 -64.248 74.6865
      vertex 2.49396 -48.8536 53.5414
      vertex 28.9659 -64.0327 75.6992
    endloop
  endfacet
  facet normal 0.617628 0.705248 0.34808
    outer loop
      vertex 29.673 -64.7244 75.8462
      vertex 28.7071 -64.2848 76.6694
      vertex 29.2247 -64.7912 76.777
    endloop
  endfacet
  facet normal 0.711284 0.380896 -0.590756
    outer loop
      vertex 29.2247 -65.3792 74.0104
      vertex 3.24698 -50.7439 52.1689
      vertex 29.673 -64.9396 74.8336
    endloop
  endfacet
  facet normal 0.696945 0.217054 -0.683488
    outer loop
      vertex 29.2247 -65.3792 74.0104
      vertex 2.24698 -51.5044 50.9077
      vertex 3.24698 -50.7439 52.1689
    endloop
  endfacet
  facet normal -0.431772 -0.282757 -0.856517
    outer loop
      vertex -2.24698 -53.6212 51.3576
      vertex -2.49396 -52.5628 51.1327
      vertex -0.890083 -52.7234 50.3772
    endloop
  endfacet
  facet normal 0.532297 -0.292982 -0.794243
    outer loop
      vertex 29.4142 -66.0709 74.1574
      vertex 2.24698 -53.6212 51.3576
      vertex 2.49396 -52.5628 51.1327
    endloop
  endfacet
  facet normal 0.160283 0.878157 0.45072
    outer loop
      vertex 0.801937 -48.115 55.1588
      vertex 0.554957 -48.8841 56.7451
      vertex 28 -64.0995 76.63
    endloop
  endfacet
  facet normal 0.000235835 -0.207818 -0.978167
    outer loop
      vertex 0.890083 -52.7234 50.3772
      vertex 0.198062 -51.8746 50.1967
      vertex 0.554957 -52.0427 50.2325
    endloop
  endfacet
  facet normal 0.681151 0.610441 -0.404221
    outer loop
      vertex 29.673 -64.9396 74.8336
      vertex 2.24698 -49.5174 51.9082
      vertex 28.9659 -64.248 74.6865
    endloop
  endfacet
  facet normal 0.211989 0.893244 0.396454
    outer loop
      vertex 28.7071 -64.2848 76.6694
      vertex 0.801937 -48.115 55.1588
      vertex 28 -64.0995 76.63
    endloop
  endfacet
  facet normal 0 0.727995 0.685583
    outer loop
      vertex 28 -64.0995 76.63
      vertex -28 -64.0995 76.63
      vertex 0 -75.9241 89.1861
    endloop
  endfacet
  facet normal -0.109912 0.588893 0.800703
    outer loop
      vertex 0 -76.5973 89.7922
      vertex -28.2588 -64.9367 77.3371
      vertex -0.226466 -76.6567 89.8048
    endloop
  endfacet
  facet normal -0.0506378 0.668234 0.742225
    outer loop
      vertex -28 -64.0995 76.63
      vertex -28 -64.8689 77.3227
      vertex 0 -76.5973 89.7922
    endloop
  endfacet
  facet normal -0.522857 -0.311884 -0.793315
    outer loop
      vertex -29.2247 -66.7625 74.3044
      vertex -29.4142 -66.0709 74.1574
      vertex -2.24698 -53.6212 51.3576
    endloop
  endfacet
  facet normal -0.617587 -0.502807 0.604791
    outer loop
      vertex -28.7071 -66.6808 77.1787
      vertex -29.673 -66.614 76.2479
      vertex -28.9659 -67.3057 76.3949
    endloop
  endfacet
  facet normal -0.707131 -0.691639 0.146974
    outer loop
      vertex -28.9659 -67.3057 76.3949
      vertex -29.673 -66.614 76.2479
      vertex -28.9659 -67.5209 75.3822
    endloop
  endfacet
  facet normal 0 0.207504 0.978234
    outer loop
      vertex 0 -76.5973 89.7922
      vertex -0.226466 -76.6567 89.8048
      vertex 0.226466 -76.6567 89.8048
    endloop
  endfacet
  facet normal -0.258782 -0.944812 0.200906
    outer loop
      vertex -0.845184 -78.7295 88.9804
      vertex 0 -79.1394 88.1414
      vertex 0 -78.951 89.0274
    endloop
  endfacet
  facet normal -0.258804 -0.94481 0.200883
    outer loop
      vertex 0 -79.1394 88.1414
      vertex -0.845184 -78.7295 88.9804
      vertex -0.845184 -78.9179 88.0943
    endloop
  endfacet
  facet normal -0.656065 0.0194005 -0.754455
    outer loop
      vertex -2.24698 -51.5044 50.9077
      vertex -29.4142 -66.0709 74.1574
      vertex -29.2247 -65.3792 74.0104
    endloop
  endfacet
  facet normal -0.843587 0.119906 -0.523434
    outer loop
      vertex -29.2247 -65.3792 74.0104
      vertex -29.9319 -65.8845 75.0344
      vertex -29.673 -64.9396 74.8336
    endloop
  endfacet
  facet normal 0.370615 0.0949171 0.923924
    outer loop
      vertex 28.5176 -65.3752 77.4304
      vertex 0.452933 -77.0403 89.8864
      vertex 28.4483 -65.6283 77.4842
    endloop
  endfacet
  facet normal -0.362824 0.53323 0.764215
    outer loop
      vertex -28.7071 -64.2848 76.6694
      vertex -29.2247 -64.7912 76.777
      vertex -28.2588 -64.9367 77.3371
    endloop
  endfacet
  facet normal -0.517277 -0.577695 0.631422
    outer loop
      vertex -0.618718 -78.1827 89.6662
      vertex -28.7071 -66.6808 77.1787
      vertex -0.845184 -78.7295 88.9804
    endloop
  endfacet
  facet normal 0.493719 -0.333935 0.80295
    outer loop
      vertex 29.2247 -66.1745 77.071
      vertex 1.07165 -77.7397 89.572
      vertex 28.7071 -66.6808 77.1787
    endloop
  endfacet
  facet normal 0.843587 0.119906 -0.523434
    outer loop
      vertex 29.9319 -65.8845 75.0344
      vertex 29.2247 -65.3792 74.0104
      vertex 29.673 -64.9396 74.8336
    endloop
  endfacet
  facet normal 0.843582 -0.119858 0.523454
    outer loop
      vertex 29.9319 -65.6692 76.047
      vertex 29.2247 -66.1745 77.071
      vertex 29.673 -66.614 76.2479
    endloop
  endfacet
  facet normal 0.411178 0.901526 0.134847
    outer loop
      vertex 2.24698 -48.7957 55.3034
      vertex 0.801937 -48.115 55.1588
      vertex 28.9659 -64.0327 75.6992
    endloop
  endfacet
  facet normal 0.109912 0.588893 0.800703
    outer loop
      vertex 28.2588 -64.9367 77.3371
      vertex 0 -76.5973 89.7922
      vertex 0.226466 -76.6567 89.8048
    endloop
  endfacet
  facet normal 0.221896 -0.917144 -0.331073
    outer loop
      vertex 28.7071 -67.2689 74.412
      vertex 0.618718 -78.6973 87.2454
      vertex 28 -67.4542 74.4514
    endloop
  endfacet
  facet normal 0.166278 -0.766433 -0.620429
    outer loop
      vertex 28 -67.4542 74.4514
      vertex 0.554957 -54.9411 51.6382
      vertex 28.7071 -67.2689 74.412
    endloop
  endfacet
  facet normal -0.237116 -0.923022 -0.302996
    outer loop
      vertex -0.618718 -78.6973 87.2454
      vertex -28.9659 -67.5209 75.3822
      vertex -28.7071 -67.2689 74.412
    endloop
  endfacet
  facet normal 0.965904 -0.253241 0.0538389
    outer loop
      vertex 29.673 -66.614 76.2479
      vertex 29.673 -66.8293 75.2352
      vertex 29.9319 -65.8845 75.0344
    endloop
  endfacet
  facet normal 0.362737 0.533431 0.764116
    outer loop
      vertex 29.2247 -64.7912 76.777
      vertex 28.2588 -64.9367 77.3371
      vertex 28.4483 -65.122 77.3765
    endloop
  endfacet
  facet normal 0.409285 -0.496474 -0.765506
    outer loop
      vertex 29.2247 -66.7625 74.3044
      vertex 1.55496 -54.47 51.5381
      vertex 2.24698 -53.6212 51.3576
    endloop
  endfacet
  facet normal 0.646679 -0.0112301 -0.762679
    outer loop
      vertex 2.49396 -52.5628 51.1327
      vertex 2.24698 -51.5044 50.9077
      vertex 29.4142 -66.0709 74.1574
    endloop
  endfacet
  facet normal 0.253761 -0.683982 -0.68394
    outer loop
      vertex 28.7071 -67.2689 74.412
      vertex 0.554957 -54.9411 51.6382
      vertex 1.55496 -54.47 51.5381
    endloop
  endfacet
  facet normal 0.192197 -0.576693 -0.794031
    outer loop
      vertex 0.554957 -54.9411 51.6382
      vertex 0.198062 -53.5722 50.5576
      vertex 1.55496 -54.47 51.5381
    endloop
  endfacet
  facet normal 0.346245 0.0836973 -0.934403
    outer loop
      vertex 2.24698 -51.5044 50.9077
      vertex 0.554957 -52.0427 50.2325
      vertex 1.55496 -50.6556 50.7273
    endloop
  endfacet
  facet normal 0.617204 0.353851 -0.702744
    outer loop
      vertex 3.24698 -50.7439 52.1689
      vertex 1.55496 -50.6556 50.7273
      vertex 2.24698 -49.5174 51.9082
    endloop
  endfacet
  facet normal 0 0.999955 0.00950517
    outer loop
      vertex 0.890083 -48.0981 53.3809
      vertex -0.801937 -48.115 55.1588
      vertex 0.801937 -48.115 55.1588
    endloop
  endfacet
  facet normal 0 0.999955 0.00950517
    outer loop
      vertex -0.801937 -48.115 55.1588
      vertex 0.890083 -48.0981 53.3809
      vertex -0.890083 -48.0981 53.3809
    endloop
  endfacet
  facet normal 0.473323 0.880094 0.0374255
    outer loop
      vertex 2.49396 -48.8536 53.5414
      vertex 2.24698 -48.7957 55.3034
      vertex 28.9659 -64.0327 75.6992
    endloop
  endfacet
  facet normal -0.411178 0.901526 0.134847
    outer loop
      vertex -2.24698 -48.7957 55.3034
      vertex -28.9659 -64.0327 75.6992
      vertex -0.801937 -48.115 55.1588
    endloop
  endfacet
  facet normal -0.711284 0.380896 -0.590756
    outer loop
      vertex -29.2247 -65.3792 74.0104
      vertex -29.673 -64.9396 74.8336
      vertex -3.24698 -50.7439 52.1689
    endloop
  endfacet
  facet normal -0.707131 0.691625 -0.14704
    outer loop
      vertex -28.9659 -64.248 74.6865
      vertex -29.673 -64.7244 75.8462
      vertex -28.9659 -64.0327 75.6992
    endloop
  endfacet
  facet normal -0.707092 0.691674 -0.146996
    outer loop
      vertex -29.673 -64.7244 75.8462
      vertex -28.9659 -64.248 74.6865
      vertex -29.673 -64.9396 74.8336
    endloop
  endfacet
  facet normal -0.409285 -0.496474 -0.765506
    outer loop
      vertex -1.55496 -54.47 51.5381
      vertex -29.2247 -66.7625 74.3044
      vertex -2.24698 -53.6212 51.3576
    endloop
  endfacet
  facet normal -0.84358 0.322431 0.429432
    outer loop
      vertex -29.673 -64.7244 75.8462
      vertex -29.9319 -65.6692 76.047
      vertex -29.2247 -64.7912 76.777
    endloop
  endfacet
  facet normal -0.22206 -0.91721 -0.330779
    outer loop
      vertex -0.618718 -78.6973 87.2454
      vertex -28 -67.4542 74.4514
      vertex 0 -78.8595 87.2798
    endloop
  endfacet
  facet normal 0.226018 -0.926438 -0.301046
    outer loop
      vertex 0.845184 -78.9179 88.0943
      vertex 0 -79.1394 88.1414
      vertex 0.618718 -78.6973 87.2454
    endloop
  endfacet
  facet normal -0.493719 -0.333935 0.80295
    outer loop
      vertex -1.07165 -77.7397 89.572
      vertex -29.2247 -66.1745 77.071
      vertex -28.7071 -66.6808 77.1787
    endloop
  endfacet
  facet normal 0.225969 -0.723927 0.651819
    outer loop
      vertex 0.618718 -78.1827 89.6662
      vertex 0 -78.951 89.0274
      vertex 0.845184 -78.7295 88.9804
    endloop
  endfacet
  facet normal -0.133209 -0.306344 0.942554
    outer loop
      vertex 0 -77.4834 89.9806
      vertex -0.226466 -77.424 89.9679
      vertex 0 -78.3449 89.7006
    endloop
  endfacet
  facet normal 0.220271 0.413147 0.883624
    outer loop
      vertex 28.2588 -64.9367 77.3371
      vertex 0.392251 -76.8188 89.8393
      vertex 28.4483 -65.122 77.3765
    endloop
  endfacet
  facet normal -0.843583 -0.119867 0.52345
    outer loop
      vertex -29.4142 -65.4828 76.924
      vertex -29.9319 -65.6692 76.047
      vertex -29.2247 -66.1745 77.071
    endloop
  endfacet
  facet normal -0.292299 0.274853 0.915979
    outer loop
      vertex -0.392251 -76.8188 89.8393
      vertex -28.4483 -65.122 77.3765
      vertex -0.452933 -77.0403 89.8864
    endloop
  endfacet
  facet normal -0.617628 0.705248 0.34808
    outer loop
      vertex -28.7071 -64.2848 76.6694
      vertex -29.673 -64.7244 75.8462
      vertex -29.2247 -64.7912 76.777
    endloop
  endfacet
  facet normal -0.132744 0.66317 0.736603
    outer loop
      vertex -28 -64.0995 76.63
      vertex -28.7071 -64.2848 76.6694
      vertex -28.2588 -64.9367 77.3371
    endloop
  endfacet
  facet normal 0.370627 0.0948841 0.923922
    outer loop
      vertex 0.452933 -77.0403 89.8864
      vertex 0.392251 -77.2619 89.9335
      vertex 28.4483 -65.6283 77.4842
    endloop
  endfacet
  facet normal 0.292299 0.274853 0.915979
    outer loop
      vertex 28.4483 -65.122 77.3765
      vertex 0.392251 -76.8188 89.8393
      vertex 0.452933 -77.0403 89.8864
    endloop
  endfacet
  facet normal 0.617676 -0.70527 -0.347952
    outer loop
      vertex 28.9659 -67.5209 75.3822
      vertex 28.7071 -67.2689 74.412
      vertex 29.2247 -66.7625 74.3044
    endloop
  endfacet
  facet normal 0.362824 0.53323 0.764215
    outer loop
      vertex 28.7071 -64.2848 76.6694
      vertex 28.2588 -64.9367 77.3371
      vertex 29.2247 -64.7912 76.777
    endloop
  endfacet
  facet normal 0.965905 -0.253234 0.0538429
    outer loop
      vertex 29.9319 -65.6692 76.047
      vertex 29.673 -66.614 76.2479
      vertex 29.9319 -65.8845 75.0344
    endloop
  endfacet
  facet normal 0.132744 0.66317 0.736603
    outer loop
      vertex 28.7071 -64.2848 76.6694
      vertex 28 -64.0995 76.63
      vertex 28.2588 -64.9367 77.3371
    endloop
  endfacet
  facet normal 0.132751 0.663171 0.736601
    outer loop
      vertex 28 -64.0995 76.63
      vertex 28 -64.8689 77.3227
      vertex 28.2588 -64.9367 77.3371
    endloop
  endfacet
  facet normal 0.49558 0.308376 0.811976
    outer loop
      vertex 29.2247 -64.7912 76.777
      vertex 28.4483 -65.122 77.3765
      vertex 29.4142 -65.4828 76.924
    endloop
  endfacet
  facet normal 0.843578 0.322421 0.429443
    outer loop
      vertex 29.9319 -65.6692 76.047
      vertex 29.2247 -64.7912 76.777
      vertex 29.4142 -65.4828 76.924
    endloop
  endfacet
  facet normal -0.617676 -0.70527 -0.347952
    outer loop
      vertex -28.9659 -67.5209 75.3822
      vertex -29.2247 -66.7625 74.3044
      vertex -28.7071 -67.2689 74.412
    endloop
  endfacet
  facet normal -0.253761 -0.683982 -0.68394
    outer loop
      vertex -0.554957 -54.9411 51.6382
      vertex -28.7071 -67.2689 74.412
      vertex -1.55496 -54.47 51.5381
    endloop
  endfacet
  facet normal 0.617534 -0.70535 -0.348042
    outer loop
      vertex 29.673 -66.8293 75.2352
      vertex 28.9659 -67.5209 75.3822
      vertex 29.2247 -66.7625 74.3044
    endloop
  endfacet
  facet normal 0.84358 -0.322431 -0.429432
    outer loop
      vertex 29.673 -66.8293 75.2352
      vertex 29.2247 -66.7625 74.3044
      vertex 29.9319 -65.8845 75.0344
    endloop
  endfacet
  facet normal 0 -0.619605 -0.784914
    outer loop
      vertex 0.554957 -54.9411 51.6382
      vertex -0.198062 -53.5722 50.5576
      vertex 0.198062 -53.5722 50.5576
    endloop
  endfacet
  facet normal 0 -0.619605 -0.784914
    outer loop
      vertex -0.198062 -53.5722 50.5576
      vertex 0.554957 -54.9411 51.6382
      vertex -0.554957 -54.9411 51.6382
    endloop
  endfacet
  facet normal 0.237116 -0.923022 -0.302996
    outer loop
      vertex 28.9659 -67.5209 75.3822
      vertex 0.618718 -78.6973 87.2454
      vertex 28.7071 -67.2689 74.412
    endloop
  endfacet
  facet normal 0.237064 -0.923001 -0.303099
    outer loop
      vertex 0.845184 -78.9179 88.0943
      vertex 0.618718 -78.6973 87.2454
      vertex 28.9659 -67.5209 75.3822
    endloop
  endfacet
  facet normal 0.192052 -0.576837 -0.793962
    outer loop
      vertex 1.55496 -54.47 51.5381
      vertex 0.198062 -53.5722 50.5576
      vertex 0.554957 -53.4041 50.5218
    endloop
  endfacet
  facet normal 0.346255 0.0836662 -0.934402
    outer loop
      vertex 0.801937 -52.3456 50.2969
      vertex 0.554957 -52.0427 50.2325
      vertex 2.24698 -51.5044 50.9077
    endloop
  endfacet
  facet normal -0.19222 0.20385 -0.959946
    outer loop
      vertex -0.554957 -52.0427 50.2325
      vertex -1.55496 -50.6556 50.7273
      vertex -0.554957 -50.1845 50.6271
    endloop
  endfacet
  facet normal 0.000342055 -0.207631 -0.978207
    outer loop
      vertex -0.801937 -53.1011 50.4574
      vertex -0.890083 -52.7234 50.3772
      vertex -0.554957 -53.4041 50.5218
    endloop
  endfacet
  facet normal 0.707109 0.46291 -0.53452
    outer loop
      vertex 3.24698 -50.7439 52.1689
      vertex 2.24698 -49.5174 51.9082
      vertex 29.673 -64.9396 74.8336
    endloop
  endfacet
  facet normal 0.19222 0.20385 -0.959946
    outer loop
      vertex 1.55496 -50.6556 50.7273
      vertex 0.554957 -52.0427 50.2325
      vertex 0.554957 -50.1845 50.6271
    endloop
  endfacet
  facet normal 0.423533 0.905397 0.0296045
    outer loop
      vertex 0.890083 -48.0981 53.3809
      vertex 0.801937 -48.115 55.1588
      vertex 2.24698 -48.7957 55.3034
    endloop
  endfacet
  facet normal 0.28507 0.906452 0.311578
    outer loop
      vertex 28.9659 -64.0327 75.6992
      vertex 0.801937 -48.115 55.1588
      vertex 28.7071 -64.2848 76.6694
    endloop
  endfacet
  facet normal -0.423502 0.815084 -0.395328
    outer loop
      vertex -2.24698 -49.5174 51.9082
      vertex -2.49396 -48.8536 53.5414
      vertex -0.890083 -48.0981 53.3809
    endloop
  endfacet
  facet normal -0.423535 0.815082 -0.395297
    outer loop
      vertex -0.801937 -48.8367 51.7635
      vertex -2.24698 -49.5174 51.9082
      vertex -0.890083 -48.0981 53.3809
    endloop
  endfacet
  facet normal -0.160283 0.878157 0.45072
    outer loop
      vertex -0.801937 -48.115 55.1588
      vertex -28 -64.0995 76.63
      vertex -0.554957 -48.8841 56.7451
    endloop
  endfacet
  facet normal 0 0.794179 0.607684
    outer loop
      vertex 0.554957 -48.8841 56.7451
      vertex -28 -64.0995 76.63
      vertex 28 -64.0995 76.63
    endloop
  endfacet
  facet normal 0 0.794179 0.607684
    outer loop
      vertex -28 -64.0995 76.63
      vertex 0.554957 -48.8841 56.7451
      vertex -0.554957 -48.8841 56.7451
    endloop
  endfacet
  facet normal 0 0.909641 -0.415396
    outer loop
      vertex 0.801937 -48.8367 51.7635
      vertex -0.890083 -48.0981 53.3809
      vertex 0.890083 -48.0981 53.3809
    endloop
  endfacet
  facet normal 0 0.909641 -0.415396
    outer loop
      vertex -0.890083 -48.0981 53.3809
      vertex 0.801937 -48.8367 51.7635
      vertex -0.801937 -48.8367 51.7635
    endloop
  endfacet
  facet normal -0.342548 0.568126 -0.74826
    outer loop
      vertex -0.554957 -50.1845 50.6271
      vertex -2.24698 -49.5174 51.9082
      vertex -0.801937 -48.8367 51.7635
    endloop
  endfacet
  facet normal -0.375904 -0.543666 -0.750415
    outer loop
      vertex -28.7071 -67.2689 74.412
      vertex -29.2247 -66.7625 74.3044
      vertex -1.55496 -54.47 51.5381
    endloop
  endfacet
  facet normal -0.431841 -0.282652 -0.856517
    outer loop
      vertex -0.801937 -53.1011 50.4574
      vertex -2.24698 -53.6212 51.3576
      vertex -0.890083 -52.7234 50.3772
    endloop
  endfacet
  facet normal -0.225969 -0.723927 0.651819
    outer loop
      vertex -0.618718 -78.1827 89.6662
      vertex -0.845184 -78.7295 88.9804
      vertex 0 -78.951 89.0274
    endloop
  endfacet
  facet normal -0.440334 -0.878203 0.186721
    outer loop
      vertex -0.845184 -78.7295 88.9804
      vertex -28.9659 -67.5209 75.3822
      vertex -0.845184 -78.9179 88.0943
    endloop
  endfacet
  facet normal -0.362623 -0.176683 0.915034
    outer loop
      vertex -0.392251 -77.2619 89.9335
      vertex -1.07165 -77.7397 89.572
      vertex -0.226466 -77.424 89.9679
    endloop
  endfacet
  facet normal -0.132695 -0.306248 0.942658
    outer loop
      vertex -0.226466 -77.424 89.9679
      vertex -0.618718 -78.1827 89.6662
      vertex 0 -78.3449 89.7006
    endloop
  endfacet
  facet normal -0.362737 0.533431 0.764116
    outer loop
      vertex -28.2588 -64.9367 77.3371
      vertex -29.2247 -64.7912 76.777
      vertex -28.4483 -65.122 77.3765
    endloop
  endfacet
  facet normal -0.429097 -0.0712426 0.900444
    outer loop
      vertex -28.4483 -65.6283 77.4842
      vertex -29.2247 -66.1745 77.071
      vertex -1.07165 -77.7397 89.572
    endloop
  endfacet
  facet normal 0.220204 0.413264 0.883585
    outer loop
      vertex 28.2588 -64.9367 77.3371
      vertex 0.226466 -76.6567 89.8048
      vertex 0.392251 -76.8188 89.8393
    endloop
  endfacet
  facet normal -0.132751 0.663171 0.736601
    outer loop
      vertex -28 -64.0995 76.63
      vertex -28.2588 -64.9367 77.3371
      vertex -28 -64.8689 77.3227
    endloop
  endfacet
  facet normal -0.109781 0.589081 0.800582
    outer loop
      vertex -28 -64.8689 77.3227
      vertex -28.2588 -64.9367 77.3371
      vertex 0 -76.5973 89.7922
    endloop
  endfacet
  facet normal -0.965911 0.253221 -0.053815
    outer loop
      vertex -29.673 -64.9396 74.8336
      vertex -29.9319 -65.8845 75.0344
      vertex -29.673 -64.7244 75.8462
    endloop
  endfacet
  facet normal -0.668307 0.648406 -0.364603
    outer loop
      vertex -2.24698 -49.5174 51.9082
      vertex -28.9659 -64.248 74.6865
      vertex -2.49396 -48.8536 53.5414
    endloop
  endfacet
  facet normal -0.211989 0.893244 0.396454
    outer loop
      vertex -0.801937 -48.115 55.1588
      vertex -28.7071 -64.2848 76.6694
      vertex -28 -64.0995 76.63
    endloop
  endfacet
  facet normal -0.5922 0.788175 -0.167566
    outer loop
      vertex -2.49396 -48.8536 53.5414
      vertex -28.9659 -64.248 74.6865
      vertex -28.9659 -64.0327 75.6992
    endloop
  endfacet
  facet normal 0.000266624 0.207921 0.978146
    outer loop
      vertex -0.392251 -76.8188 89.8393
      vertex -0.452933 -77.0403 89.8864
      vertex -0.226466 -77.424 89.9679
    endloop
  endfacet
  facet normal 0.617598 0.705308 0.348013
    outer loop
      vertex 28.9659 -64.0327 75.6992
      vertex 28.7071 -64.2848 76.6694
      vertex 29.673 -64.7244 75.8462
    endloop
  endfacet
  facet normal 0.843583 -0.119867 0.52345
    outer loop
      vertex 29.4142 -65.4828 76.924
      vertex 29.2247 -66.1745 77.071
      vertex 29.9319 -65.6692 76.047
    endloop
  endfacet
  facet normal -0.707082 -0.691673 0.14705
    outer loop
      vertex -29.673 -66.614 76.2479
      vertex -29.673 -66.8293 75.2352
      vertex -28.9659 -67.5209 75.3822
    endloop
  endfacet
  facet normal -0.965904 -0.253241 0.0538389
    outer loop
      vertex -29.673 -66.614 76.2479
      vertex -29.9319 -65.8845 75.0344
      vertex -29.673 -66.8293 75.2352
    endloop
  endfacet
  facet normal 0.192304 0.203847 -0.95993
    outer loop
      vertex 0.554957 -52.0427 50.2325
      vertex 0.198062 -51.8746 50.1967
      vertex 0.554957 -50.1845 50.6271
    endloop
  endfacet
  facet normal 0.0832948 -0.828069 -0.554404
    outer loop
      vertex 28 -67.4542 74.4514
      vertex 0 -78.8595 87.2798
      vertex 0.554957 -54.9411 51.6382
    endloop
  endfacet
  facet normal 0 -0.830355 -0.557235
    outer loop
      vertex 0 -78.8595 87.2798
      vertex -0.554957 -54.9411 51.6382
      vertex 0.554957 -54.9411 51.6382
    endloop
  endfacet
  facet normal 0.226137 -0.926436 -0.300963
    outer loop
      vertex 0.618718 -78.6973 87.2454
      vertex 0 -79.1394 88.1414
      vertex 0 -78.8595 87.2798
    endloop
  endfacet
  facet normal 0.22206 -0.91721 -0.330779
    outer loop
      vertex 0.618718 -78.6973 87.2454
      vertex 0 -78.8595 87.2798
      vertex 28 -67.4542 74.4514
    endloop
  endfacet
  facet normal 0.000109402 -0.207878 -0.978155
    outer loop
      vertex 0.890083 -52.7234 50.3772
      vertex 0.554957 -52.0427 50.2325
      vertex 0.801937 -52.3456 50.2969
    endloop
  endfacet
  facet normal 0.431759 -0.0900218 -0.897485
    outer loop
      vertex 0.890083 -52.7234 50.3772
      vertex 0.801937 -52.3456 50.2969
      vertex 2.24698 -51.5044 50.9077
    endloop
  endfacet
  facet normal 0 0.246783 -0.969071
    outer loop
      vertex -0.198062 -51.8746 50.1967
      vertex 0.554957 -50.1845 50.6271
      vertex 0.198062 -51.8746 50.1967
    endloop
  endfacet
  facet normal 0 0.246783 -0.969071
    outer loop
      vertex 0.554957 -50.1845 50.6271
      vertex -0.198062 -51.8746 50.1967
      vertex -0.554957 -50.1845 50.6271
    endloop
  endfacet
  facet normal -0.646679 -0.0112301 -0.762679
    outer loop
      vertex -2.49396 -52.5628 51.1327
      vertex -29.4142 -66.0709 74.1574
      vertex -2.24698 -51.5044 50.9077
    endloop
  endfacet
  facet normal -0.43177 -0.0900362 -0.897479
    outer loop
      vertex -0.890083 -52.7234 50.3772
      vertex -2.49396 -52.5628 51.1327
      vertex -2.24698 -51.5044 50.9077
    endloop
  endfacet
  facet normal 0.342592 0.568064 -0.748287
    outer loop
      vertex 1.55496 -50.6556 50.7273
      vertex 0.554957 -50.1845 50.6271
      vertex 2.24698 -49.5174 51.9082
    endloop
  endfacet
  facet normal 0.617205 0.353844 -0.702746
    outer loop
      vertex 2.24698 -51.5044 50.9077
      vertex 1.55496 -50.6556 50.7273
      vertex 3.24698 -50.7439 52.1689
    endloop
  endfacet
  facet normal 0.423502 0.815084 -0.395328
    outer loop
      vertex 2.24698 -49.5174 51.9082
      vertex 0.890083 -48.0981 53.3809
      vertex 2.49396 -48.8536 53.5414
    endloop
  endfacet
  facet normal 0.668307 0.648406 -0.364603
    outer loop
      vertex 28.9659 -64.248 74.6865
      vertex 2.24698 -49.5174 51.9082
      vertex 2.49396 -48.8536 53.5414
    endloop
  endfacet
  facet normal -0.707109 0.46291 -0.53452
    outer loop
      vertex -3.24698 -50.7439 52.1689
      vertex -29.673 -64.9396 74.8336
      vertex -2.24698 -49.5174 51.9082
    endloop
  endfacet
  facet normal -0.681151 0.610441 -0.404221
    outer loop
      vertex -2.24698 -49.5174 51.9082
      vertex -29.673 -64.9396 74.8336
      vertex -28.9659 -64.248 74.6865
    endloop
  endfacet
  facet normal -0.440303 -0.878239 0.186627
    outer loop
      vertex -28.9659 -67.3057 76.3949
      vertex -28.9659 -67.5209 75.3822
      vertex -0.845184 -78.7295 88.9804
    endloop
  endfacet
  facet normal -0.517278 -0.577721 0.631397
    outer loop
      vertex -28.7071 -66.6808 77.1787
      vertex -28.9659 -67.3057 76.3949
      vertex -0.845184 -78.7295 88.9804
    endloop
  endfacet
  facet normal -0.226018 -0.926438 -0.301046
    outer loop
      vertex 0 -79.1394 88.1414
      vertex -0.845184 -78.9179 88.0943
      vertex -0.618718 -78.6973 87.2454
    endloop
  endfacet
  facet normal 0.362623 -0.176683 0.915034
    outer loop
      vertex 0.392251 -77.2619 89.9335
      vertex 0.226466 -77.424 89.9679
      vertex 1.07165 -77.7397 89.572
    endloop
  endfacet
  facet normal -0.843582 -0.119858 0.523454
    outer loop
      vertex -29.2247 -66.1745 77.071
      vertex -29.9319 -65.6692 76.047
      vertex -29.673 -66.614 76.2479
    endloop
  endfacet
  facet normal -0.617612 -0.502739 0.604822
    outer loop
      vertex -29.2247 -66.1745 77.071
      vertex -29.673 -66.614 76.2479
      vertex -28.7071 -66.6808 77.1787
    endloop
  endfacet
  facet normal -0.370615 0.0949171 0.923924
    outer loop
      vertex -0.452933 -77.0403 89.8864
      vertex -28.5176 -65.3752 77.4304
      vertex -28.4483 -65.6283 77.4842
    endloop
  endfacet
  facet normal -0.292241 0.274971 0.915962
    outer loop
      vertex -28.4483 -65.122 77.3765
      vertex -28.5176 -65.3752 77.4304
      vertex -0.452933 -77.0403 89.8864
    endloop
  endfacet
  facet normal -0.696945 0.217054 -0.683488
    outer loop
      vertex -2.24698 -51.5044 50.9077
      vertex -29.2247 -65.3792 74.0104
      vertex -3.24698 -50.7439 52.1689
    endloop
  endfacet
  facet normal -0.843583 0.119867 -0.52345
    outer loop
      vertex -29.4142 -66.0709 74.1574
      vertex -29.9319 -65.8845 75.0344
      vertex -29.2247 -65.3792 74.0104
    endloop
  endfacet
  facet normal -0.617598 0.705308 0.348013
    outer loop
      vertex -28.9659 -64.0327 75.6992
      vertex -29.673 -64.7244 75.8462
      vertex -28.7071 -64.2848 76.6694
    endloop
  endfacet
  facet normal 0.84358 0.322431 0.429432
    outer loop
      vertex 29.673 -64.7244 75.8462
      vertex 29.2247 -64.7912 76.777
      vertex 29.9319 -65.6692 76.047
    endloop
  endfacet
  facet normal 0.965904 0.253239 -0.053844
    outer loop
      vertex 29.9319 -65.8845 75.0344
      vertex 29.673 -64.7244 75.8462
      vertex 29.9319 -65.6692 76.047
    endloop
  endfacet
  facet normal 0.495618 0.0486283 0.867178
    outer loop
      vertex 28.5176 -65.3752 77.4304
      vertex 28.4483 -65.6283 77.4842
      vertex 29.4142 -65.4828 76.924
    endloop
  endfacet
  facet normal 0.495635 0.0485065 0.867175
    outer loop
      vertex 29.4142 -65.4828 76.924
      vertex 28.4483 -65.6283 77.4842
      vertex 29.2247 -66.1745 77.071
    endloop
  endfacet
  facet normal -0.617534 -0.70535 -0.348042
    outer loop
      vertex -28.9659 -67.5209 75.3822
      vertex -29.673 -66.8293 75.2352
      vertex -29.2247 -66.7625 74.3044
    endloop
  endfacet
  facet normal -0.84358 -0.322431 -0.429432
    outer loop
      vertex -29.673 -66.8293 75.2352
      vertex -29.9319 -65.8845 75.0344
      vertex -29.2247 -66.7625 74.3044
    endloop
  endfacet
  facet normal 7.06727e-05 -0.207947 -0.97814
    outer loop
      vertex 0.198062 -53.5722 50.5576
      vertex 0.198062 -51.8746 50.1967
      vertex 0.890083 -52.7234 50.3772
    endloop
  endfacet
  facet normal 0 -0.207947 -0.97814
    outer loop
      vertex -0.198062 -53.5722 50.5576
      vertex 0.198062 -51.8746 50.1967
      vertex 0.198062 -53.5722 50.5576
    endloop
  endfacet
  facet normal 0 -0.207947 -0.97814
    outer loop
      vertex -0.198062 -53.5722 50.5576
      vertex -0.198062 -51.8746 50.1967
      vertex 0.198062 -51.8746 50.1967
    endloop
  endfacet
  facet normal -7.06727e-05 -0.207947 -0.97814
    outer loop
      vertex -0.198062 -51.8746 50.1967
      vertex -0.198062 -53.5722 50.5576
      vertex -0.890083 -52.7234 50.3772
    endloop
  endfacet
  facet normal -0.192052 -0.576837 -0.793962
    outer loop
      vertex -0.198062 -53.5722 50.5576
      vertex -1.55496 -54.47 51.5381
      vertex -0.554957 -53.4041 50.5218
    endloop
  endfacet
  facet normal -0.000323965 -0.207639 -0.978205
    outer loop
      vertex 0.554957 -53.4041 50.5218
      vertex 0.198062 -53.5722 50.5576
      vertex 0.890083 -52.7234 50.3772
    endloop
  endfacet
  facet normal 0.431772 -0.282757 -0.856517
    outer loop
      vertex 2.24698 -53.6212 51.3576
      vertex 0.890083 -52.7234 50.3772
      vertex 2.49396 -52.5628 51.1327
    endloop
  endfacet
  facet normal 0.431841 -0.282652 -0.856517
    outer loop
      vertex 2.24698 -53.6212 51.3576
      vertex 0.801937 -53.1011 50.4574
      vertex 0.890083 -52.7234 50.3772
    endloop
  endfacet
  facet normal 0.346246 -0.456571 -0.819547
    outer loop
      vertex 1.55496 -54.47 51.5381
      vertex 0.554957 -53.4041 50.5218
      vertex 2.24698 -53.6212 51.3576
    endloop
  endfacet
  facet normal -0.532297 -0.292982 -0.794243
    outer loop
      vertex -2.24698 -53.6212 51.3576
      vertex -29.4142 -66.0709 74.1574
      vertex -2.49396 -52.5628 51.1327
    endloop
  endfacet
  facet normal -0.000109402 -0.207878 -0.978155
    outer loop
      vertex -0.554957 -52.0427 50.2325
      vertex -0.890083 -52.7234 50.3772
      vertex -0.801937 -52.3456 50.2969
    endloop
  endfacet
  facet normal -0.617205 0.353844 -0.702746
    outer loop
      vertex -2.24698 -51.5044 50.9077
      vertex -3.24698 -50.7439 52.1689
      vertex -1.55496 -50.6556 50.7273
    endloop
  endfacet
  facet normal -0.346245 0.0836973 -0.934403
    outer loop
      vertex -0.554957 -52.0427 50.2325
      vertex -2.24698 -51.5044 50.9077
      vertex -1.55496 -50.6556 50.7273
    endloop
  endfacet
  facet normal -0.346283 -0.456458 -0.819594
    outer loop
      vertex -0.554957 -53.4041 50.5218
      vertex -2.24698 -53.6212 51.3576
      vertex -0.801937 -53.1011 50.4574
    endloop
  endfacet
  facet normal -0.346246 -0.456571 -0.819547
    outer loop
      vertex -1.55496 -54.47 51.5381
      vertex -2.24698 -53.6212 51.3576
      vertex -0.554957 -53.4041 50.5218
    endloop
  endfacet
  facet normal 0.440334 -0.878203 0.186721
    outer loop
      vertex 0.845184 -78.7295 88.9804
      vertex 0.845184 -78.9179 88.0943
      vertex 28.9659 -67.5209 75.3822
    endloop
  endfacet
  facet normal 0.440303 -0.878239 0.186627
    outer loop
      vertex 28.9659 -67.3057 76.3949
      vertex 0.845184 -78.7295 88.9804
      vertex 28.9659 -67.5209 75.3822
    endloop
  endfacet
  facet normal 0.226023 -0.723941 0.651784
    outer loop
      vertex 0 -78.3449 89.7006
      vertex 0 -78.951 89.0274
      vertex 0.618718 -78.1827 89.6662
    endloop
  endfacet
  facet normal -0.000431589 0.208014 0.978126
    outer loop
      vertex 0.452933 -77.0403 89.8864
      vertex 0.226466 -77.424 89.9679
      vertex 0.392251 -77.2619 89.9335
    endloop
  endfacet
  facet normal 0.258782 -0.944812 0.200906
    outer loop
      vertex 0 -79.1394 88.1414
      vertex 0.845184 -78.7295 88.9804
      vertex 0 -78.951 89.0274
    endloop
  endfacet
  facet normal 0.258804 -0.94481 0.200883
    outer loop
      vertex 0.845184 -78.7295 88.9804
      vertex 0 -79.1394 88.1414
      vertex 0.845184 -78.9179 88.0943
    endloop
  endfacet
  facet normal -0.495635 0.0485065 0.867175
    outer loop
      vertex -28.4483 -65.6283 77.4842
      vertex -29.4142 -65.4828 76.924
      vertex -29.2247 -66.1745 77.071
    endloop
  endfacet
  facet normal -0.965904 0.253239 -0.053844
    outer loop
      vertex -29.673 -64.7244 75.8462
      vertex -29.9319 -65.8845 75.0344
      vertex -29.9319 -65.6692 76.047
    endloop
  endfacet
  facet normal 0.000431589 0.208014 0.978126
    outer loop
      vertex -0.226466 -77.424 89.9679
      vertex -0.452933 -77.0403 89.8864
      vertex -0.392251 -77.2619 89.9335
    endloop
  endfacet
  facet normal -0.220271 0.413147 0.883624
    outer loop
      vertex -28.2588 -64.9367 77.3371
      vertex -28.4483 -65.122 77.3765
      vertex -0.392251 -76.8188 89.8393
    endloop
  endfacet
  facet normal -0.495618 0.0486283 0.867178
    outer loop
      vertex -28.5176 -65.3752 77.4304
      vertex -29.4142 -65.4828 76.924
      vertex -28.4483 -65.6283 77.4842
    endloop
  endfacet
  facet normal -0.495596 0.308482 0.811926
    outer loop
      vertex -28.4483 -65.122 77.3765
      vertex -29.4142 -65.4828 76.924
      vertex -28.5176 -65.3752 77.4304
    endloop
  endfacet
  facet normal -0.28507 0.906452 0.311578
    outer loop
      vertex -0.801937 -48.115 55.1588
      vertex -28.9659 -64.0327 75.6992
      vertex -28.7071 -64.2848 76.6694
    endloop
  endfacet
  facet normal -0.473323 0.880094 0.0374255
    outer loop
      vertex -2.49396 -48.8536 53.5414
      vertex -28.9659 -64.0327 75.6992
      vertex -2.24698 -48.7957 55.3034
    endloop
  endfacet
  facet normal 0.346283 -0.456458 -0.819594
    outer loop
      vertex 2.24698 -53.6212 51.3576
      vertex 0.554957 -53.4041 50.5218
      vertex 0.801937 -53.1011 50.4574
    endloop
  endfacet
  facet normal -0.000342055 -0.207631 -0.978207
    outer loop
      vertex 0.801937 -53.1011 50.4574
      vertex 0.554957 -53.4041 50.5218
      vertex 0.890083 -52.7234 50.3772
    endloop
  endfacet
  facet normal -0.000235835 -0.207818 -0.978167
    outer loop
      vertex -0.198062 -51.8746 50.1967
      vertex -0.890083 -52.7234 50.3772
      vertex -0.554957 -52.0427 50.2325
    endloop
  endfacet
  facet normal -0.192304 0.203847 -0.95993
    outer loop
      vertex -0.198062 -51.8746 50.1967
      vertex -0.554957 -52.0427 50.2325
      vertex -0.554957 -50.1845 50.6271
    endloop
  endfacet
  facet normal -0.617204 0.353851 -0.702744
    outer loop
      vertex -1.55496 -50.6556 50.7273
      vertex -3.24698 -50.7439 52.1689
      vertex -2.24698 -49.5174 51.9082
    endloop
  endfacet
  facet normal -0.342592 0.568064 -0.748287
    outer loop
      vertex -1.55496 -50.6556 50.7273
      vertex -2.24698 -49.5174 51.9082
      vertex -0.554957 -50.1845 50.6271
    endloop
  endfacet
  facet normal -0.431759 -0.0900218 -0.897485
    outer loop
      vertex -0.890083 -52.7234 50.3772
      vertex -2.24698 -51.5044 50.9077
      vertex -0.801937 -52.3456 50.2969
    endloop
  endfacet
  facet normal -0.346255 0.0836662 -0.934402
    outer loop
      vertex -0.801937 -52.3456 50.2969
      vertex -2.24698 -51.5044 50.9077
      vertex -0.554957 -52.0427 50.2325
    endloop
  endfacet
  facet normal 0.517277 -0.577695 0.631422
    outer loop
      vertex 28.7071 -66.6808 77.1787
      vertex 0.618718 -78.1827 89.6662
      vertex 0.845184 -78.7295 88.9804
    endloop
  endfacet
  facet normal 0.493746 -0.334093 0.802868
    outer loop
      vertex 1.07165 -77.7397 89.572
      vertex 0.618718 -78.1827 89.6662
      vertex 28.7071 -66.6808 77.1787
    endloop
  endfacet
  facet normal -0.362765 -0.176321 0.915048
    outer loop
      vertex -0.226466 -77.424 89.9679
      vertex -1.07165 -77.7397 89.572
      vertex -0.618718 -78.1827 89.6662
    endloop
  endfacet
  facet normal -0.493746 -0.334093 0.802868
    outer loop
      vertex -1.07165 -77.7397 89.572
      vertex -28.7071 -66.6808 77.1787
      vertex -0.618718 -78.1827 89.6662
    endloop
  endfacet
  facet normal 0 0.207851 0.97816
    outer loop
      vertex 0.392251 -76.8188 89.8393
      vertex -0.226466 -77.424 89.9679
      vertex 0.226466 -77.424 89.9679
    endloop
  endfacet
  facet normal 0 0.207851 0.97816
    outer loop
      vertex -0.226466 -77.424 89.9679
      vertex 0.392251 -76.8188 89.8393
      vertex -0.392251 -76.8188 89.8393
    endloop
  endfacet
  facet normal -0 0.208169 0.978093
    outer loop
      vertex -0.226466 -76.6567 89.8048
      vertex 0.392251 -76.8188 89.8393
      vertex 0.226466 -76.6567 89.8048
    endloop
  endfacet
  facet normal 0 0.208169 0.978093
    outer loop
      vertex 0.392251 -76.8188 89.8393
      vertex -0.226466 -76.6567 89.8048
      vertex -0.392251 -76.8188 89.8393
    endloop
  endfacet
  facet normal -0.370627 0.0948841 0.923922
    outer loop
      vertex -0.452933 -77.0403 89.8864
      vertex -28.4483 -65.6283 77.4842
      vertex -0.392251 -77.2619 89.9335
    endloop
  endfacet
  facet normal -0.429073 -0.0711705 0.900462
    outer loop
      vertex -0.392251 -77.2619 89.9335
      vertex -28.4483 -65.6283 77.4842
      vertex -1.07165 -77.7397 89.572
    endloop
  endfacet
  facet normal -0.843578 0.322421 0.429443
    outer loop
      vertex -29.2247 -64.7912 76.777
      vertex -29.9319 -65.6692 76.047
      vertex -29.4142 -65.4828 76.924
    endloop
  endfacet
  facet normal -0.49558 0.308376 0.811976
    outer loop
      vertex -29.2247 -64.7912 76.777
      vertex -29.4142 -65.4828 76.924
      vertex -28.4483 -65.122 77.3765
    endloop
  endfacet
  facet normal -0.423533 0.905397 0.0296045
    outer loop
      vertex -0.890083 -48.0981 53.3809
      vertex -2.24698 -48.7957 55.3034
      vertex -0.801937 -48.115 55.1588
    endloop
  endfacet
  facet normal -0.423522 0.905401 0.0296134
    outer loop
      vertex -0.890083 -48.0981 53.3809
      vertex -2.49396 -48.8536 53.5414
      vertex -2.24698 -48.7957 55.3034
    endloop
  endfacet
  facet normal 0.132695 -0.306248 0.942658
    outer loop
      vertex 0.226466 -77.424 89.9679
      vertex 0 -78.3449 89.7006
      vertex 0.618718 -78.1827 89.6662
    endloop
  endfacet
  facet normal 0.362765 -0.176321 0.915048
    outer loop
      vertex 1.07165 -77.7397 89.572
      vertex 0.226466 -77.424 89.9679
      vertex 0.618718 -78.1827 89.6662
    endloop
  endfacet
  facet normal 0.133209 -0.306344 0.942554
    outer loop
      vertex 0 -77.4834 89.9806
      vertex 0 -78.3449 89.7006
      vertex 0.226466 -77.424 89.9679
    endloop
  endfacet
  facet normal 0 0.209079 0.977899
    outer loop
      vertex 0.226466 -77.424 89.9679
      vertex -0.226466 -77.424 89.9679
      vertex 0 -77.4834 89.9806
    endloop
  endfacet
  facet normal 0.517277 0.577695 0.631422
    outer loop
      vertex 0.845184 78.7295 88.9804
      vertex 0.618718 78.1827 89.6662
      vertex 28.7071 66.6808 77.1787
    endloop
  endfacet
  facet normal -0.160296 -0.878162 0.450707
    outer loop
      vertex -1.23324 48.6586 56.0645
      vertex -0.554957 48.8841 56.7451
      vertex -28 64.0995 76.63
    endloop
  endfacet
  facet normal -0.160196 -0.878221 0.450627
    outer loop
      vertex -0.554957 48.8841 56.7451
      vertex -1.23324 48.6586 56.0645
      vertex -0.58602 48.7874 56.5456
    endloop
  endfacet
  facet normal -0.160338 -0.878177 0.450663
    outer loop
      vertex -1.23324 48.6586 56.0645
      vertex -28 64.0995 76.63
      vertex -1.35501 48.4401 55.5954
    endloop
  endfacet
  facet normal 0.132695 0.306248 0.942658
    outer loop
      vertex 0.618718 78.1827 89.6662
      vertex 0 78.3449 89.7006
      vertex 0.226466 77.424 89.9679
    endloop
  endfacet
  facet normal 0.517278 0.577721 0.631397
    outer loop
      vertex 28.9659 67.3057 76.3949
      vertex 0.845184 78.7295 88.9804
      vertex 28.7071 66.6808 77.1787
    endloop
  endfacet
  facet normal -0.292299 -0.274853 0.915979
    outer loop
      vertex -0.452933 77.0403 89.8864
      vertex -28.4483 65.122 77.3765
      vertex -0.392251 76.8188 89.8393
    endloop
  endfacet
  facet normal 0.0832948 0.828069 -0.554404
    outer loop
      vertex 0.554957 54.9411 51.6382
      vertex 0 78.8595 87.2798
      vertex 28 67.4542 74.4514
    endloop
  endfacet
  facet normal -0.285069 -0.906452 0.311577
    outer loop
      vertex -28.9659 64.0327 75.6992
      vertex -1.35568 48.4359 55.5856
      vertex -28.7071 64.2848 76.6694
    endloop
  endfacet
  facet normal -0.283718 -0.906282 0.3133
    outer loop
      vertex -28.9659 64.0327 75.6992
      vertex -1.35229 48.4263 55.5609
      vertex -1.35568 48.4359 55.5856
    endloop
  endfacet
  facet normal -0.324474 -0.909488 0.2599
    outer loop
      vertex -1.35229 48.4263 55.5609
      vertex -28.9659 64.0327 75.6992
      vertex -1.35217 48.426 55.56
    endloop
  endfacet
  facet normal -0.84358 -0.322431 0.429432
    outer loop
      vertex -29.2247 64.7912 76.777
      vertex -29.9319 65.6692 76.047
      vertex -29.673 64.7244 75.8462
    endloop
  endfacet
  facet normal 0 -0.794178 0.607685
    outer loop
      vertex -28 64.0995 76.63
      vertex 0 48.9039 56.771
      vertex 28 64.0995 76.63
    endloop
  endfacet
  facet normal -2.41948e-05 -0.794195 0.607663
    outer loop
      vertex -0.554957 48.8841 56.7451
      vertex 0 48.9039 56.771
      vertex -28 64.0995 76.63
    endloop
  endfacet
  facet normal 0 -0.794445 0.607336
    outer loop
      vertex 0 48.9039 56.771
      vertex -0.554957 48.8841 56.7451
      vertex -0.0997484 48.8841 56.7451
    endloop
  endfacet
  facet normal 0 -0.794445 0.607336
    outer loop
      vertex 0.554957 48.8841 56.7451
      vertex 0 48.9039 56.771
      vertex 0.0997484 48.8841 56.7451
    endloop
  endfacet
  facet normal 2.41948e-05 -0.794195 0.607663
    outer loop
      vertex 0 48.9039 56.771
      vertex 0.554957 48.8841 56.7451
      vertex 28 64.0995 76.63
    endloop
  endfacet
  facet normal -0.225969 0.723927 0.651819
    outer loop
      vertex 0 78.951 89.0274
      vertex -0.845184 78.7295 88.9804
      vertex -0.618718 78.1827 89.6662
    endloop
  endfacet
  facet normal -0.646679 0.0112301 -0.762679
    outer loop
      vertex -2.24698 51.5044 50.9077
      vertex -29.4142 66.0709 74.1574
      vertex -2.49396 52.5628 51.1327
    endloop
  endfacet
  facet normal 0.440334 0.878203 0.186721
    outer loop
      vertex 0.845184 78.9179 88.0943
      vertex 0.845184 78.7295 88.9804
      vertex 28.9659 67.5209 75.3822
    endloop
  endfacet
  facet normal 0.342548 -0.568126 -0.74826
    outer loop
      vertex 0.801937 48.8367 51.7635
      vertex 0.554957 50.1845 50.6271
      vertex 2.24698 49.5174 51.9082
    endloop
  endfacet
  facet normal -0.696945 -0.217054 -0.683488
    outer loop
      vertex -3.24698 50.7439 52.1689
      vertex -29.2247 65.3792 74.0104
      vertex -2.24698 51.5044 50.9077
    endloop
  endfacet
  facet normal -0.21199 -0.893245 0.396452
    outer loop
      vertex -1.35568 48.4359 55.5856
      vertex -28 64.0995 76.63
      vertex -28.7071 64.2848 76.6694
    endloop
  endfacet
  facet normal -0.211306 -0.893077 0.397194
    outer loop
      vertex -28 64.0995 76.63
      vertex -1.35568 48.4359 55.5856
      vertex -1.35501 48.4401 55.5954
    endloop
  endfacet
  facet normal 0.192197 0.576693 -0.794031
    outer loop
      vertex 1.55496 54.47 51.5381
      vertex 0.198062 53.5722 50.5576
      vertex 0.554957 54.9411 51.6382
    endloop
  endfacet
  facet normal 0.493746 0.334093 0.802868
    outer loop
      vertex 28.7071 66.6808 77.1787
      vertex 0.618718 78.1827 89.6662
      vertex 1.07165 77.7397 89.572
    endloop
  endfacet
  facet normal -0.220204 -0.413264 0.883585
    outer loop
      vertex -0.392251 76.8188 89.8393
      vertex -28.2588 64.9367 77.3371
      vertex -0.226466 76.6567 89.8048
    endloop
  endfacet
  facet normal 0.166278 0.766433 -0.620429
    outer loop
      vertex 28.7071 67.2689 74.412
      vertex 0.554957 54.9411 51.6382
      vertex 28 67.4542 74.4514
    endloop
  endfacet
  facet normal 0.617204 -0.353851 -0.702744
    outer loop
      vertex 2.24698 49.5174 51.9082
      vertex 1.55496 50.6556 50.7273
      vertex 3.24698 50.7439 52.1689
    endloop
  endfacet
  facet normal 0.220271 -0.413147 0.883624
    outer loop
      vertex 28.4483 65.122 77.3765
      vertex 0.392251 76.8188 89.8393
      vertex 28.2588 64.9367 77.3371
    endloop
  endfacet
  facet normal 0.22206 0.91721 -0.330779
    outer loop
      vertex 28 67.4542 74.4514
      vertex 0 78.8595 87.2798
      vertex 0.618718 78.6973 87.2454
    endloop
  endfacet
  facet normal -0.965911 -0.253221 -0.053815
    outer loop
      vertex -29.673 64.7244 75.8462
      vertex -29.9319 65.8845 75.0344
      vertex -29.673 64.9396 74.8336
    endloop
  endfacet
  facet normal -0.617676 0.70527 -0.347952
    outer loop
      vertex -28.7071 67.2689 74.412
      vertex -29.2247 66.7625 74.3044
      vertex -28.9659 67.5209 75.3822
    endloop
  endfacet
  facet normal -0.431841 0.282652 -0.856517
    outer loop
      vertex -0.890083 52.7234 50.3772
      vertex -2.24698 53.6212 51.3576
      vertex -0.801937 53.1011 50.4574
    endloop
  endfacet
  facet normal -0.843587 -0.119906 -0.523434
    outer loop
      vertex -29.673 64.9396 74.8336
      vertex -29.9319 65.8845 75.0344
      vertex -29.2247 65.3792 74.0104
    endloop
  endfacet
  facet normal -0.440303 0.878239 0.186627
    outer loop
      vertex -28.9659 67.5209 75.3822
      vertex -28.9659 67.3057 76.3949
      vertex -0.845184 78.7295 88.9804
    endloop
  endfacet
  facet normal -0.166278 0.766433 -0.620429
    outer loop
      vertex -0.554957 54.9411 51.6382
      vertex -28.7071 67.2689 74.412
      vertex -28 67.4542 74.4514
    endloop
  endfacet
  facet normal -0.226137 0.926436 -0.300963
    outer loop
      vertex 0 78.8595 87.2798
      vertex -0.618718 78.6973 87.2454
      vertex 0 79.1394 88.1414
    endloop
  endfacet
  facet normal -0.221896 0.917144 -0.331073
    outer loop
      vertex -28 67.4542 74.4514
      vertex -28.7071 67.2689 74.412
      vertex -0.618718 78.6973 87.2454
    endloop
  endfacet
  facet normal 0 -0.727995 0.685583
    outer loop
      vertex 0 75.9241 89.1861
      vertex -28 64.0995 76.63
      vertex 28 64.0995 76.63
    endloop
  endfacet
  facet normal -0.617628 -0.705248 0.34808
    outer loop
      vertex -29.2247 64.7912 76.777
      vertex -29.673 64.7244 75.8462
      vertex -28.7071 64.2848 76.6694
    endloop
  endfacet
  facet normal -0.000235835 0.207818 -0.978167
    outer loop
      vertex -0.554957 52.0427 50.2325
      vertex -0.890083 52.7234 50.3772
      vertex -0.198062 51.8746 50.1967
    endloop
  endfacet
  facet normal 0 -0.899862 0.436174
    outer loop
      vertex 0.554957 48.8841 56.7451
      vertex 0.0997484 48.8841 56.7451
      vertex 0.58602 48.7874 56.5456
    endloop
  endfacet
  facet normal 0 -0.899862 0.436174
    outer loop
      vertex -0.554957 48.8841 56.7451
      vertex -0.58602 48.7874 56.5456
      vertex -0.0997484 48.8841 56.7451
    endloop
  endfacet
  facet normal 0.285069 -0.906452 0.311577
    outer loop
      vertex 1.35568 48.4359 55.5856
      vertex 28.9659 64.0327 75.6992
      vertex 28.7071 64.2848 76.6694
    endloop
  endfacet
  facet normal 0.283718 -0.906282 0.3133
    outer loop
      vertex 1.35229 48.4263 55.5609
      vertex 28.9659 64.0327 75.6992
      vertex 1.35568 48.4359 55.5856
    endloop
  endfacet
  facet normal 0.324474 -0.909488 0.2599
    outer loop
      vertex 28.9659 64.0327 75.6992
      vertex 1.35229 48.4263 55.5609
      vertex 1.35217 48.426 55.56
    endloop
  endfacet
  facet normal 0.237116 0.923022 -0.302996
    outer loop
      vertex 28.7071 67.2689 74.412
      vertex 0.618718 78.6973 87.2454
      vertex 28.9659 67.5209 75.3822
    endloop
  endfacet
  facet normal 0.617676 0.70527 -0.347952
    outer loop
      vertex 29.2247 66.7625 74.3044
      vertex 28.7071 67.2689 74.412
      vertex 28.9659 67.5209 75.3822
    endloop
  endfacet
  facet normal 0.473323 -0.880094 0.0374255
    outer loop
      vertex 28.9659 64.0327 75.6992
      vertex 2.24698 48.7957 55.3034
      vertex 2.49396 48.8536 53.5414
    endloop
  endfacet
  facet normal 0.221896 0.917144 -0.331073
    outer loop
      vertex 28 67.4542 74.4514
      vertex 0.618718 78.6973 87.2454
      vertex 28.7071 67.2689 74.412
    endloop
  endfacet
  facet normal 0.440303 0.878239 0.186627
    outer loop
      vertex 28.9659 67.5209 75.3822
      vertex 0.845184 78.7295 88.9804
      vertex 28.9659 67.3057 76.3949
    endloop
  endfacet
  facet normal -0.707131 0.691639 0.146974
    outer loop
      vertex -28.9659 67.5209 75.3822
      vertex -29.673 66.614 76.2479
      vertex -28.9659 67.3057 76.3949
    endloop
  endfacet
  facet normal -0.0832948 0.828069 -0.554404
    outer loop
      vertex -0.554957 54.9411 51.6382
      vertex -28 67.4542 74.4514
      vertex 0 78.8595 87.2798
    endloop
  endfacet
  facet normal 0 0.830355 -0.557235
    outer loop
      vertex 0.554957 54.9411 51.6382
      vertex -0.554957 54.9411 51.6382
      vertex 0 78.8595 87.2798
    endloop
  endfacet
  facet normal -0.668307 -0.648406 -0.364603
    outer loop
      vertex -2.49396 48.8536 53.5414
      vertex -28.9659 64.248 74.6865
      vertex -2.24698 49.5174 51.9082
    endloop
  endfacet
  facet normal -0.5922 -0.788175 -0.167566
    outer loop
      vertex -2.49396 48.8536 53.5414
      vertex -28.9659 64.0327 75.6992
      vertex -28.9659 64.248 74.6865
    endloop
  endfacet
  facet normal -0.656065 -0.0194005 -0.754455
    outer loop
      vertex -29.2247 65.3792 74.0104
      vertex -29.4142 66.0709 74.1574
      vertex -2.24698 51.5044 50.9077
    endloop
  endfacet
  facet normal -0.843583 -0.119867 -0.52345
    outer loop
      vertex -29.2247 65.3792 74.0104
      vertex -29.9319 65.8845 75.0344
      vertex -29.4142 66.0709 74.1574
    endloop
  endfacet
  facet normal -0.192304 -0.203847 -0.95993
    outer loop
      vertex -0.198062 51.8746 50.1967
      vertex -0.554957 50.1845 50.6271
      vertex -0.554957 52.0427 50.2325
    endloop
  endfacet
  facet normal -0.346245 -0.0836973 -0.934403
    outer loop
      vertex -1.55496 50.6556 50.7273
      vertex -2.24698 51.5044 50.9077
      vertex -0.554957 52.0427 50.2325
    endloop
  endfacet
  facet normal -0.707082 0.691673 0.14705
    outer loop
      vertex -29.673 66.8293 75.2352
      vertex -29.673 66.614 76.2479
      vertex -28.9659 67.5209 75.3822
    endloop
  endfacet
  facet normal -0.22206 0.91721 -0.330779
    outer loop
      vertex 0 78.8595 87.2798
      vertex -28 67.4542 74.4514
      vertex -0.618718 78.6973 87.2454
    endloop
  endfacet
  facet normal 0.362623 0.176683 0.915034
    outer loop
      vertex 1.07165 77.7397 89.572
      vertex 0.226466 77.424 89.9679
      vertex 0.392251 77.2619 89.9335
    endloop
  endfacet
  facet normal 0.49558 -0.308376 0.811976
    outer loop
      vertex 29.4142 65.4828 76.924
      vertex 28.4483 65.122 77.3765
      vertex 29.2247 64.7912 76.777
    endloop
  endfacet
  facet normal -0.423535 -0.815082 -0.395297
    outer loop
      vertex -0.890083 48.0981 53.3809
      vertex -2.24698 49.5174 51.9082
      vertex -0.801937 48.8367 51.7635
    endloop
  endfacet
  facet normal -0.0506378 -0.668234 0.742225
    outer loop
      vertex -28 64.8689 77.3227
      vertex -28 64.0995 76.63
      vertex 0 76.5973 89.7922
    endloop
  endfacet
  facet normal 0.109912 -0.588893 0.800703
    outer loop
      vertex 0.226466 76.6567 89.8048
      vertex 0 76.5973 89.7922
      vertex 28.2588 64.9367 77.3371
    endloop
  endfacet
  facet normal 0.681151 -0.610441 -0.404221
    outer loop
      vertex 28.9659 64.248 74.6865
      vertex 2.24698 49.5174 51.9082
      vertex 29.673 64.9396 74.8336
    endloop
  endfacet
  facet normal 0.342592 -0.568064 -0.748287
    outer loop
      vertex 2.24698 49.5174 51.9082
      vertex 0.554957 50.1845 50.6271
      vertex 1.55496 50.6556 50.7273
    endloop
  endfacet
  facet normal -0.409285 0.496474 -0.765506
    outer loop
      vertex -2.24698 53.6212 51.3576
      vertex -29.2247 66.7625 74.3044
      vertex -1.55496 54.47 51.5381
    endloop
  endfacet
  facet normal -0.617204 -0.353851 -0.702744
    outer loop
      vertex -2.24698 49.5174 51.9082
      vertex -3.24698 50.7439 52.1689
      vertex -1.55496 50.6556 50.7273
    endloop
  endfacet
  facet normal 0.707131 0.691639 0.146974
    outer loop
      vertex 28.9659 67.5209 75.3822
      vertex 28.9659 67.3057 76.3949
      vertex 29.673 66.614 76.2479
    endloop
  endfacet
  facet normal 0.707082 0.691673 0.14705
    outer loop
      vertex 29.673 66.8293 75.2352
      vertex 28.9659 67.5209 75.3822
      vertex 29.673 66.614 76.2479
    endloop
  endfacet
  facet normal 0.237064 0.923001 -0.303099
    outer loop
      vertex 28.9659 67.5209 75.3822
      vertex 0.618718 78.6973 87.2454
      vertex 0.845184 78.9179 88.0943
    endloop
  endfacet
  facet normal 0.965904 0.253241 0.0538389
    outer loop
      vertex 29.673 66.8293 75.2352
      vertex 29.673 66.614 76.2479
      vertex 29.9319 65.8845 75.0344
    endloop
  endfacet
  facet normal -0.411156 -0.901531 0.13488
    outer loop
      vertex -2.24698 48.7957 55.3034
      vertex -1.35217 48.426 55.56
      vertex -28.9659 64.0327 75.6992
    endloop
  endfacet
  facet normal -0.41118 -0.901501 0.135008
    outer loop
      vertex -1.35217 48.426 55.56
      vertex -2.24698 48.7957 55.3034
      vertex -1.20641 48.3055 55.1993
    endloop
  endfacet
  facet normal 0 -0.209079 0.977899
    outer loop
      vertex 0 77.4834 89.9806
      vertex -0.226466 77.424 89.9679
      vertex 0.226466 77.424 89.9679
    endloop
  endfacet
  facet normal -0.132744 -0.66317 0.736603
    outer loop
      vertex -28.2588 64.9367 77.3371
      vertex -28.7071 64.2848 76.6694
      vertex -28 64.0995 76.63
    endloop
  endfacet
  facet normal -0.220271 -0.413147 0.883624
    outer loop
      vertex -0.392251 76.8188 89.8393
      vertex -28.4483 65.122 77.3765
      vertex -28.2588 64.9367 77.3371
    endloop
  endfacet
  facet normal -0.711284 -0.380896 -0.590756
    outer loop
      vertex -3.24698 50.7439 52.1689
      vertex -29.673 64.9396 74.8336
      vertex -29.2247 65.3792 74.0104
    endloop
  endfacet
  facet normal -0.707109 -0.46291 -0.53452
    outer loop
      vertex -2.24698 49.5174 51.9082
      vertex -29.673 64.9396 74.8336
      vertex -3.24698 50.7439 52.1689
    endloop
  endfacet
  facet normal -0.84358 0.322431 -0.429432
    outer loop
      vertex -29.2247 66.7625 74.3044
      vertex -29.9319 65.8845 75.0344
      vertex -29.673 66.8293 75.2352
    endloop
  endfacet
  facet normal -0.617534 0.70535 -0.348042
    outer loop
      vertex -29.2247 66.7625 74.3044
      vertex -29.673 66.8293 75.2352
      vertex -28.9659 67.5209 75.3822
    endloop
  endfacet
  facet normal 0.431772 0.282757 -0.856517
    outer loop
      vertex 2.49396 52.5628 51.1327
      vertex 0.890083 52.7234 50.3772
      vertex 2.24698 53.6212 51.3576
    endloop
  endfacet
  facet normal -0.342592 -0.568064 -0.748287
    outer loop
      vertex -0.554957 50.1845 50.6271
      vertex -2.24698 49.5174 51.9082
      vertex -1.55496 50.6556 50.7273
    endloop
  endfacet
  facet normal 0.226023 0.723941 0.651784
    outer loop
      vertex 0 78.951 89.0274
      vertex 0 78.3449 89.7006
      vertex 0.618718 78.1827 89.6662
    endloop
  endfacet
  facet normal 0.225969 0.723927 0.651819
    outer loop
      vertex 0.845184 78.7295 88.9804
      vertex 0 78.951 89.0274
      vertex 0.618718 78.1827 89.6662
    endloop
  endfacet
  facet normal 0.258782 0.944812 0.200906
    outer loop
      vertex 0.845184 78.7295 88.9804
      vertex 0 79.1394 88.1414
      vertex 0 78.951 89.0274
    endloop
  endfacet
  facet normal 0.258804 0.94481 0.200883
    outer loop
      vertex 0 79.1394 88.1414
      vertex 0.845184 78.7295 88.9804
      vertex 0.845184 78.9179 88.0943
    endloop
  endfacet
  facet normal -0.237116 0.923022 -0.302996
    outer loop
      vertex -28.7071 67.2689 74.412
      vertex -28.9659 67.5209 75.3822
      vertex -0.618718 78.6973 87.2454
    endloop
  endfacet
  facet normal 0 -0.207851 0.97816
    outer loop
      vertex -0.226466 77.424 89.9679
      vertex 0.392251 76.8188 89.8393
      vertex 0.226466 77.424 89.9679
    endloop
  endfacet
  facet normal 0 -0.207851 0.97816
    outer loop
      vertex 0.392251 76.8188 89.8393
      vertex -0.226466 77.424 89.9679
      vertex -0.392251 76.8188 89.8393
    endloop
  endfacet
  facet normal -0.707092 -0.691674 -0.146996
    outer loop
      vertex -28.9659 64.248 74.6865
      vertex -29.673 64.7244 75.8462
      vertex -29.673 64.9396 74.8336
    endloop
  endfacet
  facet normal -0.707131 -0.691625 -0.14704
    outer loop
      vertex -29.673 64.7244 75.8462
      vertex -28.9659 64.248 74.6865
      vertex -28.9659 64.0327 75.6992
    endloop
  endfacet
  facet normal 0.132751 -0.663171 0.736601
    outer loop
      vertex 28 64.8689 77.3227
      vertex 28 64.0995 76.63
      vertex 28.2588 64.9367 77.3371
    endloop
  endfacet
  facet normal 0.132744 -0.66317 0.736603
    outer loop
      vertex 28.2588 64.9367 77.3371
      vertex 28 64.0995 76.63
      vertex 28.7071 64.2848 76.6694
    endloop
  endfacet
  facet normal 0.362765 0.176321 0.915048
    outer loop
      vertex 0.618718 78.1827 89.6662
      vertex 0.226466 77.424 89.9679
      vertex 1.07165 77.7397 89.572
    endloop
  endfacet
  facet normal 0.965911 -0.253221 -0.053815
    outer loop
      vertex 29.9319 65.8845 75.0344
      vertex 29.673 64.7244 75.8462
      vertex 29.673 64.9396 74.8336
    endloop
  endfacet
  facet normal 0.423565 -0.905385 0.0294994
    outer loop
      vertex 0.832339 48.1092 54.5456
      vertex 2.24698 48.7957 55.3034
      vertex 1.20641 48.3055 55.1993
    endloop
  endfacet
  facet normal 0.423508 -0.905408 0.0296257
    outer loop
      vertex 2.24698 48.7957 55.3034
      vertex 0.832339 48.1092 54.5456
      vertex 0.890083 48.0981 53.3809
    endloop
  endfacet
  facet normal 0.423522 -0.905401 0.0296134
    outer loop
      vertex 2.24698 48.7957 55.3034
      vertex 0.890083 48.0981 53.3809
      vertex 2.49396 48.8536 53.5414
    endloop
  endfacet
  facet normal 0.160196 -0.878221 0.450627
    outer loop
      vertex 1.23324 48.6586 56.0645
      vertex 0.554957 48.8841 56.7451
      vertex 0.58602 48.7874 56.5456
    endloop
  endfacet
  facet normal 0.160296 -0.878162 0.450707
    outer loop
      vertex 0.554957 48.8841 56.7451
      vertex 1.23324 48.6586 56.0645
      vertex 28 64.0995 76.63
    endloop
  endfacet
  facet normal 0.160338 -0.878177 0.450663
    outer loop
      vertex 28 64.0995 76.63
      vertex 1.23324 48.6586 56.0645
      vertex 1.35501 48.4401 55.5954
    endloop
  endfacet
  facet normal -0.346246 0.456571 -0.819547
    outer loop
      vertex -0.554957 53.4041 50.5218
      vertex -2.24698 53.6212 51.3576
      vertex -1.55496 54.47 51.5381
    endloop
  endfacet
  facet normal -0.423502 -0.815084 -0.395328
    outer loop
      vertex -0.890083 48.0981 53.3809
      vertex -2.49396 48.8536 53.5414
      vertex -2.24698 49.5174 51.9082
    endloop
  endfacet
  facet normal -0.423522 -0.905401 0.0296134
    outer loop
      vertex -2.24698 48.7957 55.3034
      vertex -2.49396 48.8536 53.5414
      vertex -0.890083 48.0981 53.3809
    endloop
  endfacet
  facet normal 0.617205 -0.353844 -0.702746
    outer loop
      vertex 3.24698 50.7439 52.1689
      vertex 1.55496 50.6556 50.7273
      vertex 2.24698 51.5044 50.9077
    endloop
  endfacet
  facet normal 0.253761 0.683982 -0.68394
    outer loop
      vertex 1.55496 54.47 51.5381
      vertex 0.554957 54.9411 51.6382
      vertex 28.7071 67.2689 74.412
    endloop
  endfacet
  facet normal 0.423502 -0.815084 -0.395328
    outer loop
      vertex 2.49396 48.8536 53.5414
      vertex 0.890083 48.0981 53.3809
      vertex 2.24698 49.5174 51.9082
    endloop
  endfacet
  facet normal 0.423535 -0.815082 -0.395297
    outer loop
      vertex 0.890083 48.0981 53.3809
      vertex 0.801937 48.8367 51.7635
      vertex 2.24698 49.5174 51.9082
    endloop
  endfacet
  facet normal -0.473323 -0.880094 0.0374255
    outer loop
      vertex -2.24698 48.7957 55.3034
      vertex -28.9659 64.0327 75.6992
      vertex -2.49396 48.8536 53.5414
    endloop
  endfacet
  facet normal 0 -0.909641 -0.415396
    outer loop
      vertex -0.801937 48.8367 51.7635
      vertex 0.890083 48.0981 53.3809
      vertex -0.890083 48.0981 53.3809
    endloop
  endfacet
  facet normal 0 -0.909641 -0.415396
    outer loop
      vertex 0.890083 48.0981 53.3809
      vertex -0.801937 48.8367 51.7635
      vertex 0.801937 48.8367 51.7635
    endloop
  endfacet
  facet normal -0.681151 -0.610441 -0.404221
    outer loop
      vertex -28.9659 64.248 74.6865
      vertex -29.673 64.9396 74.8336
      vertex -2.24698 49.5174 51.9082
    endloop
  endfacet
  facet normal -0.617598 -0.705308 0.348013
    outer loop
      vertex -28.7071 64.2848 76.6694
      vertex -29.673 64.7244 75.8462
      vertex -28.9659 64.0327 75.6992
    endloop
  endfacet
  facet normal -0.133209 0.306344 0.942554
    outer loop
      vertex 0 78.3449 89.7006
      vertex -0.226466 77.424 89.9679
      vertex 0 77.4834 89.9806
    endloop
  endfacet
  facet normal -0.431772 0.282757 -0.856517
    outer loop
      vertex -0.890083 52.7234 50.3772
      vertex -2.49396 52.5628 51.1327
      vertex -2.24698 53.6212 51.3576
    endloop
  endfacet
  facet normal -0.843578 0.322421 -0.429443
    outer loop
      vertex -29.4142 66.0709 74.1574
      vertex -29.9319 65.8845 75.0344
      vertex -29.2247 66.7625 74.3044
    endloop
  endfacet
  facet normal -0.617205 -0.353844 -0.702746
    outer loop
      vertex -1.55496 50.6556 50.7273
      vertex -3.24698 50.7439 52.1689
      vertex -2.24698 51.5044 50.9077
    endloop
  endfacet
  facet normal -0.19222 -0.20385 -0.959946
    outer loop
      vertex -0.554957 50.1845 50.6271
      vertex -1.55496 50.6556 50.7273
      vertex -0.554957 52.0427 50.2325
    endloop
  endfacet
  facet normal 0.226018 0.926438 -0.301046
    outer loop
      vertex 0.618718 78.6973 87.2454
      vertex 0 79.1394 88.1414
      vertex 0.845184 78.9179 88.0943
    endloop
  endfacet
  facet normal 0.226137 0.926436 -0.300963
    outer loop
      vertex 0.618718 78.6973 87.2454
      vertex 0 78.8595 87.2798
      vertex 0 79.1394 88.1414
    endloop
  endfacet
  facet normal -0.132751 -0.663171 0.736601
    outer loop
      vertex -28 64.8689 77.3227
      vertex -28.2588 64.9367 77.3371
      vertex -28 64.0995 76.63
    endloop
  endfacet
  facet normal 0 -0.208169 0.978093
    outer loop
      vertex 0.392251 76.8188 89.8393
      vertex -0.226466 76.6567 89.8048
      vertex 0.226466 76.6567 89.8048
    endloop
  endfacet
  facet normal 0 -0.208169 0.978093
    outer loop
      vertex -0.226466 76.6567 89.8048
      vertex 0.392251 76.8188 89.8393
      vertex -0.392251 76.8188 89.8393
    endloop
  endfacet
  facet normal -0.517278 0.577721 0.631397
    outer loop
      vertex -0.845184 78.7295 88.9804
      vertex -28.9659 67.3057 76.3949
      vertex -28.7071 66.6808 77.1787
    endloop
  endfacet
  facet normal -0.226023 0.723941 0.651784
    outer loop
      vertex 0 78.951 89.0274
      vertex -0.618718 78.1827 89.6662
      vertex 0 78.3449 89.7006
    endloop
  endfacet
  facet normal 0.0506378 -0.668234 0.742225
    outer loop
      vertex 28 64.8689 77.3227
      vertex 0 76.5973 89.7922
      vertex 28 64.0995 76.63
    endloop
  endfacet
  facet normal -0.109781 -0.589081 0.800582
    outer loop
      vertex 0 76.5973 89.7922
      vertex -28.2588 64.9367 77.3371
      vertex -28 64.8689 77.3227
    endloop
  endfacet
  facet normal 0.707092 -0.691674 -0.146996
    outer loop
      vertex 29.673 64.7244 75.8462
      vertex 28.9659 64.248 74.6865
      vertex 29.673 64.9396 74.8336
    endloop
  endfacet
  facet normal 0.707131 -0.691625 -0.14704
    outer loop
      vertex 28.9659 64.248 74.6865
      vertex 29.673 64.7244 75.8462
      vertex 28.9659 64.0327 75.6992
    endloop
  endfacet
  facet normal 0.843582 0.119858 0.523454
    outer loop
      vertex 29.673 66.614 76.2479
      vertex 29.2247 66.1745 77.071
      vertex 29.9319 65.6692 76.047
    endloop
  endfacet
  facet normal 0.292241 -0.274971 0.915962
    outer loop
      vertex 28.5176 65.3752 77.4304
      vertex 0.452933 77.0403 89.8864
      vertex 28.4483 65.122 77.3765
    endloop
  endfacet
  facet normal 0.495618 -0.0486283 0.867178
    outer loop
      vertex 29.4142 65.4828 76.924
      vertex 28.4483 65.6283 77.4842
      vertex 28.5176 65.3752 77.4304
    endloop
  endfacet
  facet normal 0.211306 -0.893077 0.397194
    outer loop
      vertex 1.35568 48.4359 55.5856
      vertex 28 64.0995 76.63
      vertex 1.35501 48.4401 55.5954
    endloop
  endfacet
  facet normal 0.21199 -0.893245 0.396452
    outer loop
      vertex 28 64.0995 76.63
      vertex 1.35568 48.4359 55.5856
      vertex 28.7071 64.2848 76.6694
    endloop
  endfacet
  facet normal 0.411156 -0.901531 0.13488
    outer loop
      vertex 1.35217 48.426 55.56
      vertex 2.24698 48.7957 55.3034
      vertex 28.9659 64.0327 75.6992
    endloop
  endfacet
  facet normal 0.41118 -0.901501 0.135008
    outer loop
      vertex 2.24698 48.7957 55.3034
      vertex 1.35217 48.426 55.56
      vertex 1.20641 48.3055 55.1993
    endloop
  endfacet
  facet normal 0.192052 0.576837 -0.793962
    outer loop
      vertex 0.554957 53.4041 50.5218
      vertex 0.198062 53.5722 50.5576
      vertex 1.55496 54.47 51.5381
    endloop
  endfacet
  facet normal 0 -0.246783 -0.969071
    outer loop
      vertex 0.554957 50.1845 50.6271
      vertex -0.198062 51.8746 50.1967
      vertex 0.198062 51.8746 50.1967
    endloop
  endfacet
  facet normal 0 -0.246783 -0.969071
    outer loop
      vertex -0.198062 51.8746 50.1967
      vertex 0.554957 50.1845 50.6271
      vertex -0.554957 50.1845 50.6271
    endloop
  endfacet
  facet normal -0.342548 -0.568126 -0.74826
    outer loop
      vertex -0.801937 48.8367 51.7635
      vertex -2.24698 49.5174 51.9082
      vertex -0.554957 50.1845 50.6271
    endloop
  endfacet
  facet normal 0 -0.644604 -0.764517
    outer loop
      vertex 0.801937 48.8367 51.7635
      vertex -0.554957 50.1845 50.6271
      vertex 0.554957 50.1845 50.6271
    endloop
  endfacet
  facet normal 0 -0.644604 -0.764517
    outer loop
      vertex -0.554957 50.1845 50.6271
      vertex 0.801937 48.8367 51.7635
      vertex -0.801937 48.8367 51.7635
    endloop
  endfacet
  facet normal 0.617534 0.70535 -0.348042
    outer loop
      vertex 29.2247 66.7625 74.3044
      vertex 28.9659 67.5209 75.3822
      vertex 29.673 66.8293 75.2352
    endloop
  endfacet
  facet normal 0.711284 -0.380896 -0.590756
    outer loop
      vertex 29.673 64.9396 74.8336
      vertex 3.24698 50.7439 52.1689
      vertex 29.2247 65.3792 74.0104
    endloop
  endfacet
  facet normal 0.84358 0.322431 -0.429432
    outer loop
      vertex 29.9319 65.8845 75.0344
      vertex 29.2247 66.7625 74.3044
      vertex 29.673 66.8293 75.2352
    endloop
  endfacet
  facet normal 0.707109 -0.46291 -0.53452
    outer loop
      vertex 29.673 64.9396 74.8336
      vertex 2.24698 49.5174 51.9082
      vertex 3.24698 50.7439 52.1689
    endloop
  endfacet
  facet normal 0.000431589 -0.208014 0.978126
    outer loop
      vertex -0.392251 77.2619 89.9335
      vertex -0.452933 77.0403 89.8864
      vertex -0.226466 77.424 89.9679
    endloop
  endfacet
  facet normal -0.843583 0.119867 0.52345
    outer loop
      vertex -29.2247 66.1745 77.071
      vertex -29.9319 65.6692 76.047
      vertex -29.4142 65.4828 76.924
    endloop
  endfacet
  facet normal -0.253761 0.683982 -0.68394
    outer loop
      vertex -1.55496 54.47 51.5381
      vertex -28.7071 67.2689 74.412
      vertex -0.554957 54.9411 51.6382
    endloop
  endfacet
  facet normal -0.375904 0.543666 -0.750415
    outer loop
      vertex -1.55496 54.47 51.5381
      vertex -29.2247 66.7625 74.3044
      vertex -28.7071 67.2689 74.412
    endloop
  endfacet
  facet normal -0.346255 -0.0836662 -0.934402
    outer loop
      vertex -0.554957 52.0427 50.2325
      vertex -2.24698 51.5044 50.9077
      vertex -0.801937 52.3456 50.2969
    endloop
  endfacet
  facet normal -0.43177 0.0900362 -0.897479
    outer loop
      vertex -2.24698 51.5044 50.9077
      vertex -2.49396 52.5628 51.1327
      vertex -0.890083 52.7234 50.3772
    endloop
  endfacet
  facet normal -0.440334 0.878203 0.186721
    outer loop
      vertex -0.845184 78.9179 88.0943
      vertex -28.9659 67.5209 75.3822
      vertex -0.845184 78.7295 88.9804
    endloop
  endfacet
  facet normal -0.258782 0.944812 0.200906
    outer loop
      vertex 0 79.1394 88.1414
      vertex -0.845184 78.7295 88.9804
      vertex 0 78.951 89.0274
    endloop
  endfacet
  facet normal -0.258804 0.94481 0.200883
    outer loop
      vertex -0.845184 78.7295 88.9804
      vertex 0 79.1394 88.1414
      vertex -0.845184 78.9179 88.0943
    endloop
  endfacet
  facet normal -0.0506326 -0.668241 0.74222
    outer loop
      vertex 0 76.5973 89.7922
      vertex -28 64.0995 76.63
      vertex 0 75.9241 89.1861
    endloop
  endfacet
  facet normal 0.109781 -0.589081 0.800582
    outer loop
      vertex 28.2588 64.9367 77.3371
      vertex 0 76.5973 89.7922
      vertex 28 64.8689 77.3227
    endloop
  endfacet
  facet normal -0.370627 -0.0948841 0.923922
    outer loop
      vertex -0.392251 77.2619 89.9335
      vertex -28.4483 65.6283 77.4842
      vertex -0.452933 77.0403 89.8864
    endloop
  endfacet
  facet normal 0.000266624 -0.207921 0.978146
    outer loop
      vertex -0.226466 77.424 89.9679
      vertex -0.452933 77.0403 89.8864
      vertex -0.392251 76.8188 89.8393
    endloop
  endfacet
  facet normal 0.133209 0.306344 0.942554
    outer loop
      vertex 0 78.3449 89.7006
      vertex 0 77.4834 89.9806
      vertex 0.226466 77.424 89.9679
    endloop
  endfacet
  facet normal -0.493719 0.333935 0.80295
    outer loop
      vertex -28.7071 66.6808 77.1787
      vertex -29.2247 66.1745 77.071
      vertex -1.07165 77.7397 89.572
    endloop
  endfacet
  facet normal 0.362824 -0.53323 0.764215
    outer loop
      vertex 29.2247 64.7912 76.777
      vertex 28.2588 64.9367 77.3371
      vertex 28.7071 64.2848 76.6694
    endloop
  endfacet
  facet normal 0.362737 -0.533431 0.764116
    outer loop
      vertex 28.4483 65.122 77.3765
      vertex 28.2588 64.9367 77.3371
      vertex 29.2247 64.7912 76.777
    endloop
  endfacet
  facet normal 0.843583 0.119867 0.52345
    outer loop
      vertex 29.9319 65.6692 76.047
      vertex 29.2247 66.1745 77.071
      vertex 29.4142 65.4828 76.924
    endloop
  endfacet
  facet normal 0.495596 -0.308482 0.811926
    outer loop
      vertex 28.5176 65.3752 77.4304
      vertex 28.4483 65.122 77.3765
      vertex 29.4142 65.4828 76.924
    endloop
  endfacet
  facet normal -0.000431589 -0.208014 0.978126
    outer loop
      vertex 0.392251 77.2619 89.9335
      vertex 0.226466 77.424 89.9679
      vertex 0.452933 77.0403 89.8864
    endloop
  endfacet
  facet normal 0.429073 0.0711705 0.900462
    outer loop
      vertex 1.07165 77.7397 89.572
      vertex 0.392251 77.2619 89.9335
      vertex 28.4483 65.6283 77.4842
    endloop
  endfacet
  facet normal 0.5922 -0.788175 -0.167566
    outer loop
      vertex 28.9659 64.0327 75.6992
      vertex 2.49396 48.8536 53.5414
      vertex 28.9659 64.248 74.6865
    endloop
  endfacet
  facet normal 0.668307 -0.648406 -0.364603
    outer loop
      vertex 2.49396 48.8536 53.5414
      vertex 2.24698 49.5174 51.9082
      vertex 28.9659 64.248 74.6865
    endloop
  endfacet
  facet normal 0.84358 -0.322431 0.429432
    outer loop
      vertex 29.9319 65.6692 76.047
      vertex 29.2247 64.7912 76.777
      vertex 29.673 64.7244 75.8462
    endloop
  endfacet
  facet normal 0.965904 -0.253239 -0.053844
    outer loop
      vertex 29.9319 65.6692 76.047
      vertex 29.673 64.7244 75.8462
      vertex 29.9319 65.8845 75.0344
    endloop
  endfacet
  facet normal 0.843587 -0.119906 -0.523434
    outer loop
      vertex 29.673 64.9396 74.8336
      vertex 29.2247 65.3792 74.0104
      vertex 29.9319 65.8845 75.0344
    endloop
  endfacet
  facet normal -3.75343e-05 -0.999954 0.00955904
    outer loop
      vertex -0.255723 48.1065 54.2621
      vertex -0.890083 48.0981 53.3809
      vertex 0 48.106 54.2108
    endloop
  endfacet
  facet normal 3.1396e-06 -0.999955 0.00952976
    outer loop
      vertex -0.890083 48.0981 53.3809
      vertex -0.255723 48.1065 54.2621
      vertex -0.832339 48.1092 54.5456
    endloop
  endfacet
  facet normal 0 -0.999955 0.00951879
    outer loop
      vertex 0.890083 48.0981 53.3809
      vertex 0 48.106 54.2108
      vertex -0.890083 48.0981 53.3809
    endloop
  endfacet
  facet normal 3.75343e-05 -0.999954 0.00955904
    outer loop
      vertex 0 48.106 54.2108
      vertex 0.890083 48.0981 53.3809
      vertex 0.255723 48.1065 54.2621
    endloop
  endfacet
  facet normal -3.1396e-06 -0.999955 0.00952976
    outer loop
      vertex 0.255723 48.1065 54.2621
      vertex 0.890083 48.0981 53.3809
      vertex 0.832339 48.1092 54.5456
    endloop
  endfacet
  facet normal -0.423565 -0.905385 0.0294994
    outer loop
      vertex -2.24698 48.7957 55.3034
      vertex -0.832339 48.1092 54.5456
      vertex -1.20641 48.3055 55.1993
    endloop
  endfacet
  facet normal -0.423508 -0.905408 0.0296257
    outer loop
      vertex -0.832339 48.1092 54.5456
      vertex -2.24698 48.7957 55.3034
      vertex -0.890083 48.0981 53.3809
    endloop
  endfacet
  facet normal 0.617587 0.502807 0.604791
    outer loop
      vertex 28.9659 67.3057 76.3949
      vertex 28.7071 66.6808 77.1787
      vertex 29.673 66.614 76.2479
    endloop
  endfacet
  facet normal -0.000342055 0.207631 -0.978207
    outer loop
      vertex 0.890083 52.7234 50.3772
      vertex 0.554957 53.4041 50.5218
      vertex 0.801937 53.1011 50.4574
    endloop
  endfacet
  facet normal 0.346246 0.456571 -0.819547
    outer loop
      vertex 2.24698 53.6212 51.3576
      vertex 0.554957 53.4041 50.5218
      vertex 1.55496 54.47 51.5381
    endloop
  endfacet
  facet normal 0.843578 0.322421 -0.429443
    outer loop
      vertex 29.4142 66.0709 74.1574
      vertex 29.2247 66.7625 74.3044
      vertex 29.9319 65.8845 75.0344
    endloop
  endfacet
  facet normal -0.132695 0.306248 0.942658
    outer loop
      vertex 0 78.3449 89.7006
      vertex -0.618718 78.1827 89.6662
      vertex -0.226466 77.424 89.9679
    endloop
  endfacet
  facet normal -0.843582 0.119858 0.523454
    outer loop
      vertex -29.673 66.614 76.2479
      vertex -29.9319 65.6692 76.047
      vertex -29.2247 66.1745 77.071
    endloop
  endfacet
  facet normal -0.429097 0.0712426 0.900444
    outer loop
      vertex -1.07165 77.7397 89.572
      vertex -29.2247 66.1745 77.071
      vertex -28.4483 65.6283 77.4842
    endloop
  endfacet
  facet normal -0.429073 0.0711705 0.900462
    outer loop
      vertex -1.07165 77.7397 89.572
      vertex -28.4483 65.6283 77.4842
      vertex -0.392251 77.2619 89.9335
    endloop
  endfacet
  facet normal -0.965904 0.253241 0.0538389
    outer loop
      vertex -29.673 66.8293 75.2352
      vertex -29.9319 65.8845 75.0344
      vertex -29.673 66.614 76.2479
    endloop
  endfacet
  facet normal -0.495596 -0.308482 0.811926
    outer loop
      vertex -28.5176 65.3752 77.4304
      vertex -29.4142 65.4828 76.924
      vertex -28.4483 65.122 77.3765
    endloop
  endfacet
  facet normal -0.362824 -0.53323 0.764215
    outer loop
      vertex -28.2588 64.9367 77.3371
      vertex -29.2247 64.7912 76.777
      vertex -28.7071 64.2848 76.6694
    endloop
  endfacet
  facet normal -0.362737 -0.533431 0.764116
    outer loop
      vertex -28.4483 65.122 77.3765
      vertex -29.2247 64.7912 76.777
      vertex -28.2588 64.9367 77.3371
    endloop
  endfacet
  facet normal 7.06727e-05 0.207947 -0.97814
    outer loop
      vertex 0.198062 51.8746 50.1967
      vertex 0.198062 53.5722 50.5576
      vertex 0.890083 52.7234 50.3772
    endloop
  endfacet
  facet normal 0 0.207947 -0.97814
    outer loop
      vertex -0.198062 51.8746 50.1967
      vertex 0.198062 53.5722 50.5576
      vertex 0.198062 51.8746 50.1967
    endloop
  endfacet
  facet normal 0 0.207947 -0.97814
    outer loop
      vertex -0.198062 51.8746 50.1967
      vertex -0.198062 53.5722 50.5576
      vertex 0.198062 53.5722 50.5576
    endloop
  endfacet
  facet normal -7.06727e-05 0.207947 -0.97814
    outer loop
      vertex -0.198062 53.5722 50.5576
      vertex -0.198062 51.8746 50.1967
      vertex -0.890083 52.7234 50.3772
    endloop
  endfacet
  facet normal -0.237064 0.923001 -0.303099
    outer loop
      vertex -0.618718 78.6973 87.2454
      vertex -28.9659 67.5209 75.3822
      vertex -0.845184 78.9179 88.0943
    endloop
  endfacet
  facet normal -0.226018 0.926438 -0.301046
    outer loop
      vertex -0.618718 78.6973 87.2454
      vertex -0.845184 78.9179 88.0943
      vertex 0 79.1394 88.1414
    endloop
  endfacet
  facet normal -0.362765 0.176321 0.915048
    outer loop
      vertex -0.618718 78.1827 89.6662
      vertex -1.07165 77.7397 89.572
      vertex -0.226466 77.424 89.9679
    endloop
  endfacet
  facet normal -0.362623 0.176683 0.915034
    outer loop
      vertex -0.226466 77.424 89.9679
      vertex -1.07165 77.7397 89.572
      vertex -0.392251 77.2619 89.9335
    endloop
  endfacet
  facet normal 0.0506326 -0.668241 0.74222
    outer loop
      vertex 0 76.5973 89.7922
      vertex 0 75.9241 89.1861
      vertex 28 64.0995 76.63
    endloop
  endfacet
  facet normal 0.220204 -0.413264 0.883585
    outer loop
      vertex 0.392251 76.8188 89.8393
      vertex 0.226466 76.6567 89.8048
      vertex 28.2588 64.9367 77.3371
    endloop
  endfacet
  facet normal 0.617598 -0.705308 0.348013
    outer loop
      vertex 29.673 64.7244 75.8462
      vertex 28.7071 64.2848 76.6694
      vertex 28.9659 64.0327 75.6992
    endloop
  endfacet
  facet normal 0.617628 -0.705248 0.34808
    outer loop
      vertex 29.2247 64.7912 76.777
      vertex 28.7071 64.2848 76.6694
      vertex 29.673 64.7244 75.8462
    endloop
  endfacet
  facet normal 0.370615 -0.0949171 0.923924
    outer loop
      vertex 28.4483 65.6283 77.4842
      vertex 0.452933 77.0403 89.8864
      vertex 28.5176 65.3752 77.4304
    endloop
  endfacet
  facet normal 0.370627 -0.0948841 0.923922
    outer loop
      vertex 28.4483 65.6283 77.4842
      vertex 0.392251 77.2619 89.9335
      vertex 0.452933 77.0403 89.8864
    endloop
  endfacet
  facet normal -0.000266624 -0.207921 0.978146
    outer loop
      vertex 0.452933 77.0403 89.8864
      vertex 0.226466 77.424 89.9679
      vertex 0.392251 76.8188 89.8393
    endloop
  endfacet
  facet normal 0.292299 -0.274853 0.915979
    outer loop
      vertex 0.452933 77.0403 89.8864
      vertex 0.392251 76.8188 89.8393
      vertex 28.4483 65.122 77.3765
    endloop
  endfacet
  facet normal 0.429097 0.0712426 0.900444
    outer loop
      vertex 29.2247 66.1745 77.071
      vertex 1.07165 77.7397 89.572
      vertex 28.4483 65.6283 77.4842
    endloop
  endfacet
  facet normal 0.843578 -0.322421 0.429443
    outer loop
      vertex 29.4142 65.4828 76.924
      vertex 29.2247 64.7912 76.777
      vertex 29.9319 65.6692 76.047
    endloop
  endfacet
  facet normal 0.522857 0.311884 -0.793315
    outer loop
      vertex 29.4142 66.0709 74.1574
      vertex 2.24698 53.6212 51.3576
      vertex 29.2247 66.7625 74.3044
    endloop
  endfacet
  facet normal -0.000323965 0.207639 -0.978205
    outer loop
      vertex 0.890083 52.7234 50.3772
      vertex 0.198062 53.5722 50.5576
      vertex 0.554957 53.4041 50.5218
    endloop
  endfacet
  facet normal 0.19222 -0.20385 -0.959946
    outer loop
      vertex 1.55496 50.6556 50.7273
      vertex 0.554957 50.1845 50.6271
      vertex 0.554957 52.0427 50.2325
    endloop
  endfacet
  facet normal 0.000235835 0.207818 -0.978167
    outer loop
      vertex 0.554957 52.0427 50.2325
      vertex 0.198062 51.8746 50.1967
      vertex 0.890083 52.7234 50.3772
    endloop
  endfacet
  facet normal 0.409285 0.496474 -0.765506
    outer loop
      vertex 2.24698 53.6212 51.3576
      vertex 1.55496 54.47 51.5381
      vertex 29.2247 66.7625 74.3044
    endloop
  endfacet
  facet normal 0.375904 0.543666 -0.750415
    outer loop
      vertex 29.2247 66.7625 74.3044
      vertex 1.55496 54.47 51.5381
      vertex 28.7071 67.2689 74.412
    endloop
  endfacet
  facet normal 0.495635 -0.0485065 0.867175
    outer loop
      vertex 29.2247 66.1745 77.071
      vertex 28.4483 65.6283 77.4842
      vertex 29.4142 65.4828 76.924
    endloop
  endfacet
  facet normal 0.965905 0.253234 0.0538429
    outer loop
      vertex 29.9319 65.8845 75.0344
      vertex 29.673 66.614 76.2479
      vertex 29.9319 65.6692 76.047
    endloop
  endfacet
  facet normal 0.346245 -0.0836973 -0.934403
    outer loop
      vertex 1.55496 50.6556 50.7273
      vertex 0.554957 52.0427 50.2325
      vertex 2.24698 51.5044 50.9077
    endloop
  endfacet
  facet normal 0.843583 -0.119867 -0.52345
    outer loop
      vertex 29.9319 65.8845 75.0344
      vertex 29.2247 65.3792 74.0104
      vertex 29.4142 66.0709 74.1574
    endloop
  endfacet
  facet normal 0.346255 -0.0836662 -0.934402
    outer loop
      vertex 2.24698 51.5044 50.9077
      vertex 0.554957 52.0427 50.2325
      vertex 0.801937 52.3456 50.2969
    endloop
  endfacet
  facet normal 0.431759 0.0900218 -0.897485
    outer loop
      vertex 2.24698 51.5044 50.9077
      vertex 0.801937 52.3456 50.2969
      vertex 0.890083 52.7234 50.3772
    endloop
  endfacet
  facet normal -0.495618 -0.0486283 0.867178
    outer loop
      vertex -28.4483 65.6283 77.4842
      vertex -29.4142 65.4828 76.924
      vertex -28.5176 65.3752 77.4304
    endloop
  endfacet
  facet normal -0.495635 -0.0485065 0.867175
    outer loop
      vertex -29.2247 66.1745 77.071
      vertex -29.4142 65.4828 76.924
      vertex -28.4483 65.6283 77.4842
    endloop
  endfacet
  facet normal -0.617587 0.502807 0.604791
    outer loop
      vertex -28.9659 67.3057 76.3949
      vertex -29.673 66.614 76.2479
      vertex -28.7071 66.6808 77.1787
    endloop
  endfacet
  facet normal -0.617612 0.502739 0.604822
    outer loop
      vertex -28.7071 66.6808 77.1787
      vertex -29.673 66.614 76.2479
      vertex -29.2247 66.1745 77.071
    endloop
  endfacet
  facet normal -0.965905 0.253234 0.0538429
    outer loop
      vertex -29.9319 65.8845 75.0344
      vertex -29.9319 65.6692 76.047
      vertex -29.673 66.614 76.2479
    endloop
  endfacet
  facet normal -0.965904 -0.253239 -0.053844
    outer loop
      vertex -29.673 64.7244 75.8462
      vertex -29.9319 65.6692 76.047
      vertex -29.9319 65.8845 75.0344
    endloop
  endfacet
  facet normal -0.431759 0.0900218 -0.897485
    outer loop
      vertex -0.801937 52.3456 50.2969
      vertex -2.24698 51.5044 50.9077
      vertex -0.890083 52.7234 50.3772
    endloop
  endfacet
  facet normal -0.000109402 0.207878 -0.978155
    outer loop
      vertex -0.801937 52.3456 50.2969
      vertex -0.890083 52.7234 50.3772
      vertex -0.554957 52.0427 50.2325
    endloop
  endfacet
  facet normal -0.532297 0.292982 -0.794243
    outer loop
      vertex -2.49396 52.5628 51.1327
      vertex -29.4142 66.0709 74.1574
      vertex -2.24698 53.6212 51.3576
    endloop
  endfacet
  facet normal -0.522857 0.311884 -0.793315
    outer loop
      vertex -2.24698 53.6212 51.3576
      vertex -29.4142 66.0709 74.1574
      vertex -29.2247 66.7625 74.3044
    endloop
  endfacet
  facet normal -0.192052 0.576837 -0.793962
    outer loop
      vertex -0.554957 53.4041 50.5218
      vertex -1.55496 54.47 51.5381
      vertex -0.198062 53.5722 50.5576
    endloop
  endfacet
  facet normal 0.000323965 0.207639 -0.978205
    outer loop
      vertex -0.198062 53.5722 50.5576
      vertex -0.890083 52.7234 50.3772
      vertex -0.554957 53.4041 50.5218
    endloop
  endfacet
  facet normal -0.517277 0.577695 0.631422
    outer loop
      vertex -0.845184 78.7295 88.9804
      vertex -28.7071 66.6808 77.1787
      vertex -0.618718 78.1827 89.6662
    endloop
  endfacet
  facet normal -0.493746 0.334093 0.802868
    outer loop
      vertex -0.618718 78.1827 89.6662
      vertex -28.7071 66.6808 77.1787
      vertex -1.07165 77.7397 89.572
    endloop
  endfacet
  facet normal 0 -0.207504 0.978234
    outer loop
      vertex 0.226466 76.6567 89.8048
      vertex -0.226466 76.6567 89.8048
      vertex 0 76.5973 89.7922
    endloop
  endfacet
  facet normal -0.109912 -0.588893 0.800703
    outer loop
      vertex -0.226466 76.6567 89.8048
      vertex -28.2588 64.9367 77.3371
      vertex 0 76.5973 89.7922
    endloop
  endfacet
  facet normal 0.192304 -0.203847 -0.95993
    outer loop
      vertex 0.554957 50.1845 50.6271
      vertex 0.198062 51.8746 50.1967
      vertex 0.554957 52.0427 50.2325
    endloop
  endfacet
  facet normal 0.532297 0.292982 -0.794243
    outer loop
      vertex 2.49396 52.5628 51.1327
      vertex 2.24698 53.6212 51.3576
      vertex 29.4142 66.0709 74.1574
    endloop
  endfacet
  facet normal 0.000109402 0.207878 -0.978155
    outer loop
      vertex 0.801937 52.3456 50.2969
      vertex 0.554957 52.0427 50.2325
      vertex 0.890083 52.7234 50.3772
    endloop
  endfacet
  facet normal 0.617612 0.502739 0.604822
    outer loop
      vertex 29.673 66.614 76.2479
      vertex 28.7071 66.6808 77.1787
      vertex 29.2247 66.1745 77.071
    endloop
  endfacet
  facet normal 0.493719 0.333935 0.80295
    outer loop
      vertex 28.7071 66.6808 77.1787
      vertex 1.07165 77.7397 89.572
      vertex 29.2247 66.1745 77.071
    endloop
  endfacet
  facet normal 0.656065 -0.0194005 -0.754455
    outer loop
      vertex 29.2247 65.3792 74.0104
      vertex 2.24698 51.5044 50.9077
      vertex 29.4142 66.0709 74.1574
    endloop
  endfacet
  facet normal 0.696945 -0.217054 -0.683488
    outer loop
      vertex 3.24698 50.7439 52.1689
      vertex 2.24698 51.5044 50.9077
      vertex 29.2247 65.3792 74.0104
    endloop
  endfacet
  facet normal 0.346283 0.456458 -0.819594
    outer loop
      vertex 0.801937 53.1011 50.4574
      vertex 0.554957 53.4041 50.5218
      vertex 2.24698 53.6212 51.3576
    endloop
  endfacet
  facet normal 0.431841 0.282652 -0.856517
    outer loop
      vertex 0.890083 52.7234 50.3772
      vertex 0.801937 53.1011 50.4574
      vertex 2.24698 53.6212 51.3576
    endloop
  endfacet
  facet normal -0.370615 -0.0949171 0.923924
    outer loop
      vertex -28.4483 65.6283 77.4842
      vertex -28.5176 65.3752 77.4304
      vertex -0.452933 77.0403 89.8864
    endloop
  endfacet
  facet normal -0.292241 -0.274971 0.915962
    outer loop
      vertex -0.452933 77.0403 89.8864
      vertex -28.5176 65.3752 77.4304
      vertex -28.4483 65.122 77.3765
    endloop
  endfacet
  facet normal -0.843578 -0.322421 0.429443
    outer loop
      vertex -29.4142 65.4828 76.924
      vertex -29.9319 65.6692 76.047
      vertex -29.2247 64.7912 76.777
    endloop
  endfacet
  facet normal -0.49558 -0.308376 0.811976
    outer loop
      vertex -28.4483 65.122 77.3765
      vertex -29.4142 65.4828 76.924
      vertex -29.2247 64.7912 76.777
    endloop
  endfacet
  facet normal -0.192197 0.576693 -0.794031
    outer loop
      vertex -0.198062 53.5722 50.5576
      vertex -1.55496 54.47 51.5381
      vertex -0.554957 54.9411 51.6382
    endloop
  endfacet
  facet normal 0 0.619605 -0.784914
    outer loop
      vertex -0.198062 53.5722 50.5576
      vertex 0.554957 54.9411 51.6382
      vertex 0.198062 53.5722 50.5576
    endloop
  endfacet
  facet normal 0 0.619605 -0.784914
    outer loop
      vertex 0.554957 54.9411 51.6382
      vertex -0.198062 53.5722 50.5576
      vertex -0.554957 54.9411 51.6382
    endloop
  endfacet
  facet normal -0.346283 0.456458 -0.819594
    outer loop
      vertex -0.801937 53.1011 50.4574
      vertex -2.24698 53.6212 51.3576
      vertex -0.554957 53.4041 50.5218
    endloop
  endfacet
  facet normal 0.000342055 0.207631 -0.978207
    outer loop
      vertex -0.554957 53.4041 50.5218
      vertex -0.890083 52.7234 50.3772
      vertex -0.801937 53.1011 50.4574
    endloop
  endfacet
  facet normal 0.646679 0.0112301 -0.762679
    outer loop
      vertex 29.4142 66.0709 74.1574
      vertex 2.24698 51.5044 50.9077
      vertex 2.49396 52.5628 51.1327
    endloop
  endfacet
  facet normal 0.43177 0.0900362 -0.897479
    outer loop
      vertex 2.24698 51.5044 50.9077
      vertex 0.890083 52.7234 50.3772
      vertex 2.49396 52.5628 51.1327
    endloop
  endfacet
  facet normal -0.180773 0.908681 -0.376325
    outer loop
      vertex -1.35501 48.4401 55.5954
      vertex -1.87665 48.5306 56.0645
      vertex -1.23324 48.6586 56.0645
    endloop
  endfacet
  facet normal -0.18134 0.908334 -0.376888
    outer loop
      vertex -1.35568 48.4359 55.5856
      vertex -1.87665 48.5306 56.0645
      vertex -1.35501 48.4401 55.5954
    endloop
  endfacet
  facet normal -0.182313 0.907748 -0.377831
    outer loop
      vertex -1.87665 48.5306 56.0645
      vertex -1.35568 48.4359 55.5856
      vertex -1.35229 48.4263 55.5609
    endloop
  endfacet
  facet normal -0.323524 -0.216089 0.921216
    outer loop
      vertex -0.901199 43.6267 61.9439
      vertex -2.0668 43.1439 61.4213
      vertex -1.24012 43.1195 61.7059
    endloop
  endfacet
  facet normal 0.180728 -0.908679 0.376351
    outer loop
      vertex 1.87665 39.4694 58.0154
      vertex 0.404241 39.9231 59.8179
      vertex 0 39.8427 59.8179
    endloop
  endfacet
  facet normal 0.180683 -0.908701 0.37632
    outer loop
      vertex 0.404241 39.9231 59.8179
      vertex 1.87665 39.4694 58.0154
      vertex 1.66607 39.9777 59.3439
    endloop
  endfacet
  facet normal 0.700185 0.139279 0.700245
    outer loop
      vertex 3.84089 45.591 59.8179
      vertex 2.5664 45.063 61.1973
      vertex 2.77785 44 61.1973
    endloop
  endfacet
  facet normal 0.514705 0.770338 -0.376375
    outer loop
      vertex 2.93969 46.9397 54.2621
      vertex 1.87665 48.5306 56.0645
      vertex 3.4676 47.4676 56.0645
    endloop
  endfacet
  facet normal 0.593583 0.396617 0.700253
    outer loop
      vertex 3.84089 45.591 59.8179
      vertex 1.96424 45.9642 61.1973
      vertex 2.5664 45.063 61.1973
    endloop
  endfacet
  facet normal 0.908668 0.180726 -0.376379
    outer loop
      vertex 4.53064 45.8767 56.0645
      vertex 4.66285 44.6153 55.778
      vertex 4.30742 44.7544 54.9867
    endloop
  endfacet
  facet normal 0.908653 0.180732 -0.376412
    outer loop
      vertex 4.66285 44.6153 55.778
      vertex 4.53064 45.8767 56.0645
      vertex 4.80023 44.5213 56.0645
    endloop
  endfacet
  facet normal -0.180715 0.908686 0.376339
    outer loop
      vertex 0 48.1573 59.8179
      vertex -1.87665 48.5306 58.0154
      vertex -1.59095 47.8409 59.8179
    endloop
  endfacet
  facet normal -0.908682 -0.180754 0.376332
    outer loop
      vertex -4.15735 44 59.8179
      vertex -4.24126 43.5782 59.4127
      vertex -4.05246 43.4727 59.8179
    endloop
  endfacet
  facet normal 0.70019 0.139272 0.700241
    outer loop
      vertex 3.84089 45.591 59.8179
      vertex 2.77785 44 61.1973
      vertex 4.15735 44 59.8179
    endloop
  endfacet
  facet normal -0.0745364 -0.382384 -0.920992
    outer loop
      vertex -0.918533 41.6499 52.7812
      vertex -1.06304 41.4336 52.8827
      vertex -0.975785 41.6442 52.7882
    endloop
  endfacet
  facet normal -0.593581 0.39663 0.700247
    outer loop
      vertex -2.93969 46.9397 59.8179
      vertex -3.84089 45.591 59.8179
      vertex -1.96424 45.9642 61.1973
    endloop
  endfacet
  facet normal 0.514705 -0.770338 -0.376375
    outer loop
      vertex 3.4676 40.5324 56.0645
      vertex 1.87665 39.4694 56.0645
      vertex 2.93969 41.0603 54.2621
    endloop
  endfacet
  facet normal 0.83143 -0.55563 0
    outer loop
      vertex 3.4676 40.5324 57.2005
      vertex 3.4676 40.5324 56.0645
      vertex 3.7019 40.883 56.0645
    endloop
  endfacet
  facet normal 0.55555 -0.831483 -1.65339e-05
    outer loop
      vertex 1.87665 39.4694 58.0154
      vertex 3.4676 40.5324 57.2005
      vertex 3.11306 40.2955 58.0154
    endloop
  endfacet
  facet normal 0.555556 -0.831479 0
    outer loop
      vertex 1.87665 39.4694 56.0645
      vertex 3.4676 40.5324 57.2005
      vertex 1.87665 39.4694 58.0154
    endloop
  endfacet
  facet normal 0.555556 -0.831479 0
    outer loop
      vertex 3.4676 40.5324 57.2005
      vertex 1.87665 39.4694 56.0645
      vertex 3.4676 40.5324 56.0645
    endloop
  endfacet
  facet normal 0.908663 -0.180786 0.376361
    outer loop
      vertex 4.24126 43.5782 59.4127
      vertex 4.90393 44 58.0154
      vertex 4.15735 44 59.8179
    endloop
  endfacet
  facet normal 0.908653 -0.180949 0.376307
    outer loop
      vertex 4.90393 44 58.0154
      vertex 4.24126 43.5782 59.4127
      vertex 4.89236 43.9419 58.0154
    endloop
  endfacet
  facet normal -0.180683 -0.908701 0.37632
    outer loop
      vertex -1.87665 39.4694 58.0154
      vertex -0.404241 39.9231 59.8179
      vertex -1.66607 39.9777 59.3439
    endloop
  endfacet
  facet normal -0.180728 -0.908679 0.376351
    outer loop
      vertex -0.404241 39.9231 59.8179
      vertex -1.87665 39.4694 58.0154
      vertex 0 39.8427 59.8179
    endloop
  endfacet
  facet normal -0.700212 0.139262 -0.70022
    outer loop
      vertex -3.44256 44.9948 53.7452
      vertex -3.98192 44.8819 54.2621
      vertex -3.84089 45.591 54.2621
    endloop
  endfacet
  facet normal -0.980743 -0.195305 -0
    outer loop
      vertex -4.90393 44 58.0154
      vertex -4.90393 44 57.8147
      vertex -4.89236 43.9419 58.0154
    endloop
  endfacet
  facet normal -0.180713 -0.908679 -0.376357
    outer loop
      vertex 0 39.8427 54.2621
      vertex -1.87665 39.4694 56.0645
      vertex -1.59095 40.1591 54.2621
    endloop
  endfacet
  facet normal 0.381751 -0.0759314 0.921141
    outer loop
      vertex 2.77785 44 61.1973
      vertex 2.24374 43.1526 61.3488
      vertex 2.61288 43.1706 61.1973
    endloop
  endfacet
  facet normal 0.381592 -0.0758173 0.921216
    outer loop
      vertex 2.24374 43.1526 61.3488
      vertex 2.77785 44 61.1973
      vertex 0.975451 44 61.9439
    endloop
  endfacet
  facet normal -0.908666 0.180721 -0.376385
    outer loop
      vertex -4.30742 44.7544 54.9867
      vertex -3.84089 45.591 54.2621
      vertex -3.98192 44.8819 54.2621
    endloop
  endfacet
  facet normal -0.908667 0.180727 -0.37638
    outer loop
      vertex -3.84089 45.591 54.2621
      vertex -4.30742 44.7544 54.9867
      vertex -4.53064 45.8767 56.0645
    endloop
  endfacet
  facet normal 0.0759199 0.381588 0.921209
    outer loop
      vertex 0 46.7779 61.1973
      vertex 0 44.9755 61.9439
      vertex 1.06304 46.5664 61.1973
    endloop
  endfacet
  facet normal -0.139256 -0.700217 -0.700217
    outer loop
      vertex 0 39.8427 54.2621
      vertex -1.59095 40.1591 54.2621
      vertex 0 41.2221 52.8827
    endloop
  endfacet
  facet normal 0.770349 -0.514686 -0.376378
    outer loop
      vertex 3.4676 40.5324 56.0645
      vertex 3.1512 41.2016 54.5018
      vertex 3.65896 40.9405 55.8981
    endloop
  endfacet
  facet normal 0.77021 -0.514719 -0.376617
    outer loop
      vertex 3.4676 40.5324 56.0645
      vertex 3.65896 40.9405 55.8981
      vertex 3.7019 40.883 56.0645
    endloop
  endfacet
  facet normal 0.770363 -0.514669 -0.376374
    outer loop
      vertex 3.1512 41.2016 54.5018
      vertex 3.4676 40.5324 56.0645
      vertex 2.93969 41.0603 54.2621
    endloop
  endfacet
  facet normal 0.180749 -0.908659 -0.37639
    outer loop
      vertex 1.87665 39.4694 56.0645
      vertex 0 39.0961 56.0645
      vertex 0 39.8427 54.2621
    endloop
  endfacet
  facet normal 0.180715 0.908686 0.376339
    outer loop
      vertex 1.87665 48.5306 58.0154
      vertex 0 48.1573 59.8179
      vertex 1.59095 47.8409 59.8179
    endloop
  endfacet
  facet normal -0.396621 0.593584 0.70025
    outer loop
      vertex -1.59095 47.8409 59.8179
      vertex -2.93969 46.9397 59.8179
      vertex -1.96424 45.9642 61.1973
    endloop
  endfacet
  facet normal -0.514705 0.770338 -0.376375
    outer loop
      vertex -2.93969 46.9397 54.2621
      vertex -3.4676 47.4676 56.0645
      vertex -1.87665 48.5306 56.0645
    endloop
  endfacet
  facet normal -0.396643 0.593581 -0.70024
    outer loop
      vertex -1.06304 46.5664 52.8827
      vertex -1.96424 45.9642 52.8827
      vertex -1.59095 47.8409 54.2621
    endloop
  endfacet
  facet normal 0.3235 0.216155 0.921208
    outer loop
      vertex 1.96424 45.9642 61.1973
      vertex 0.901199 44.3733 61.9439
      vertex 2.5664 45.063 61.1973
    endloop
  endfacet
  facet normal 0.323471 0.216176 0.921213
    outer loop
      vertex 1.96424 45.9642 61.1973
      vertex 0.689748 44.6897 61.9439
      vertex 0.901199 44.3733 61.9439
    endloop
  endfacet
  facet normal 0.770327 0.514732 0.376362
    outer loop
      vertex 4.53064 45.8767 58.0154
      vertex 2.93969 46.9397 59.8179
      vertex 3.84089 45.591 59.8179
    endloop
  endfacet
  facet normal 0.831461 0.555583 0
    outer loop
      vertex 4.53064 45.8767 58.0154
      vertex 3.4676 47.4676 56.0645
      vertex 3.4676 47.4676 58.0154
    endloop
  endfacet
  facet normal 0.831461 0.555583 0
    outer loop
      vertex 3.4676 47.4676 56.0645
      vertex 4.53064 45.8767 58.0154
      vertex 4.53064 45.8767 56.0645
    endloop
  endfacet
  facet normal -0.77032 0.514728 -0.376379
    outer loop
      vertex -2.93969 46.9397 54.2621
      vertex -4.53064 45.8767 56.0645
      vertex -3.4676 47.4676 56.0645
    endloop
  endfacet
  facet normal 0.555556 0.831479 -0
    outer loop
      vertex 3.4676 47.4676 56.0645
      vertex 1.87665 48.5306 58.0154
      vertex 3.4676 47.4676 58.0154
    endloop
  endfacet
  facet normal 0.555556 0.831479 0
    outer loop
      vertex 1.87665 48.5306 58.0154
      vertex 3.4676 47.4676 56.0645
      vertex 1.87665 48.5306 56.0645
    endloop
  endfacet
  facet normal -0.514695 -0.770336 0.376393
    outer loop
      vertex -2.31097 40.1194 58.7518
      vertex -3.11306 40.2955 58.0154
      vertex -1.87665 39.4694 58.0154
    endloop
  endfacet
  facet normal 0.908671 0.180742 0.376364
    outer loop
      vertex 4.53064 45.8767 58.0154
      vertex 4.15735 44 59.8179
      vertex 4.90393 44 58.0154
    endloop
  endfacet
  facet normal 0.908672 0.180741 0.376363
    outer loop
      vertex 4.53064 45.8767 58.0154
      vertex 3.84089 45.591 59.8179
      vertex 4.15735 44 59.8179
    endloop
  endfacet
  facet normal 0.980787 0.195079 0
    outer loop
      vertex 4.53064 45.8767 58.0154
      vertex 4.80023 44.5213 56.0645
      vertex 4.53064 45.8767 56.0645
    endloop
  endfacet
  facet normal 0.980786 0.195086 -0
    outer loop
      vertex 4.90393 44 57.8147
      vertex 4.53064 45.8767 58.0154
      vertex 4.90393 44 58.0154
    endloop
  endfacet
  facet normal 0.980786 0.195086 -5.12585e-06
    outer loop
      vertex 4.53064 45.8767 58.0154
      vertex 4.90393 44 57.8147
      vertex 4.80023 44.5213 56.0645
    endloop
  endfacet
  facet normal 0.396602 -0.593557 -0.700284
    outer loop
      vertex 1.59095 40.1591 54.2621
      vertex 2.65872 41.3413 53.8648
      vertex 2.93969 41.0603 54.2621
    endloop
  endfacet
  facet normal 0.396685 -0.593603 -0.700197
    outer loop
      vertex 2.65872 41.3413 53.8648
      vertex 1.59095 40.1591 54.2621
      vertex 1.85712 41.4972 53.2785
    endloop
  endfacet
  facet normal 0.396575 -0.593618 -0.700248
    outer loop
      vertex 1.06304 41.4336 52.8827
      vertex 1.85712 41.4972 53.2785
      vertex 1.59095 40.1591 54.2621
    endloop
  endfacet
  facet normal 0.396579 -0.593601 -0.700259
    outer loop
      vertex 1.85712 41.4972 53.2785
      vertex 1.06304 41.4336 52.8827
      vertex 1.31585 41.6025 52.8827
    endloop
  endfacet
  facet normal -0.323583 0.216169 -0.921176
    outer loop
      vertex -1.52108 45.301 52.5714
      vertex -1.96424 45.9642 52.8827
      vertex -1.32424 45.3242 52.5077
    endloop
  endfacet
  facet normal -0.831461 0.555583 0
    outer loop
      vertex -4.53064 45.8767 56.0645
      vertex -3.4676 47.4676 58.0154
      vertex -3.4676 47.4676 56.0645
    endloop
  endfacet
  facet normal -0.831461 0.555583 0
    outer loop
      vertex -3.4676 47.4676 58.0154
      vertex -4.53064 45.8767 56.0645
      vertex -4.53064 45.8767 58.0154
    endloop
  endfacet
  facet normal -0.55555 -0.831483 -1.65339e-05
    outer loop
      vertex -3.4676 40.5324 57.2005
      vertex -1.87665 39.4694 58.0154
      vertex -3.11306 40.2955 58.0154
    endloop
  endfacet
  facet normal -0.555556 -0.831479 0
    outer loop
      vertex -1.87665 39.4694 56.0645
      vertex -3.4676 40.5324 57.2005
      vertex -3.4676 40.5324 56.0645
    endloop
  endfacet
  facet normal -0.555556 -0.831479 0
    outer loop
      vertex -3.4676 40.5324 57.2005
      vertex -1.87665 39.4694 56.0645
      vertex -1.87665 39.4694 58.0154
    endloop
  endfacet
  facet normal -0.70019 0.139272 0.700241
    outer loop
      vertex -3.84089 45.591 59.8179
      vertex -4.15735 44 59.8179
      vertex -2.77785 44 61.1973
    endloop
  endfacet
  facet normal -0.908672 0.180741 0.376363
    outer loop
      vertex -3.84089 45.591 59.8179
      vertex -4.53064 45.8767 58.0154
      vertex -4.15735 44 59.8179
    endloop
  endfacet
  facet normal 0.139306 -0.700179 -0.700246
    outer loop
      vertex 1.59095 40.1591 54.2621
      vertex 0 41.2221 52.8827
      vertex 1.06304 41.4336 52.8827
    endloop
  endfacet
  facet normal -0.0759485 0.381571 0.921214
    outer loop
      vertex 0 44.9755 61.9439
      vertex -1.06304 46.5664 61.1973
      vertex -0.373289 44.9012 61.9439
    endloop
  endfacet
  facet normal 0.593581 0.39663 0.700247
    outer loop
      vertex 2.93969 46.9397 59.8179
      vertex 1.96424 45.9642 61.1973
      vertex 3.84089 45.591 59.8179
    endloop
  endfacet
  facet normal 0.396643 0.593581 0.70024
    outer loop
      vertex 1.59095 47.8409 59.8179
      vertex 1.06304 46.5664 61.1973
      vertex 1.96424 45.9642 61.1973
    endloop
  endfacet
  facet normal 0.593581 0.39663 -0.700247
    outer loop
      vertex 3.84089 45.591 54.2621
      vertex 1.96424 45.9642 52.8827
      vertex 2.93969 46.9397 54.2621
    endloop
  endfacet
  facet normal 0.130035 0.935298 -0.329104
    outer loop
      vertex 1.87665 48.5306 56.0645
      vertex 1.35217 48.426 55.56
      vertex 1.35229 48.4263 55.5609
    endloop
  endfacet
  facet normal 0.180807 0.908658 -0.376364
    outer loop
      vertex 1.59095 47.8409 54.2621
      vertex 1.35217 48.426 55.56
      vertex 1.87665 48.5306 56.0645
    endloop
  endfacet
  facet normal 0.180376 0.908702 -0.376463
    outer loop
      vertex 1.35217 48.426 55.56
      vertex 1.59095 47.8409 54.2621
      vertex 1.20641 48.3055 55.1993
    endloop
  endfacet
  facet normal 0.180751 0.908693 -0.376305
    outer loop
      vertex 1.20641 48.3055 55.1993
      vertex 1.59095 47.8409 54.2621
      vertex 0.832339 48.1092 54.5456
    endloop
  endfacet
  facet normal 0.180756 0.908696 -0.376296
    outer loop
      vertex 0.832339 48.1092 54.5456
      vertex 1.59095 47.8409 54.2621
      vertex 0.255723 48.1065 54.2621
    endloop
  endfacet
  facet normal -0.216143 0.323529 -0.921201
    outer loop
      vertex -1.04785 45.3519 52.4526
      vertex -1.06304 46.5664 52.8827
      vertex -0.579428 45.3989 52.3592
    endloop
  endfacet
  facet normal -0.216186 0.323525 -0.921192
    outer loop
      vertex -1.06304 46.5664 52.8827
      vertex -1.04785 45.3519 52.4526
      vertex -1.96424 45.9642 52.8827
    endloop
  endfacet
  facet normal -0.130035 0.935298 -0.329104
    outer loop
      vertex -1.35217 48.426 55.56
      vertex -1.87665 48.5306 56.0645
      vertex -1.35229 48.4263 55.5609
    endloop
  endfacet
  facet normal -0.180376 0.908702 -0.376463
    outer loop
      vertex -1.59095 47.8409 54.2621
      vertex -1.35217 48.426 55.56
      vertex -1.20641 48.3055 55.1993
    endloop
  endfacet
  facet normal -0.180751 0.908693 -0.376305
    outer loop
      vertex -1.59095 47.8409 54.2621
      vertex -1.20641 48.3055 55.1993
      vertex -0.832339 48.1092 54.5456
    endloop
  endfacet
  facet normal -0.180807 0.908658 -0.376364
    outer loop
      vertex -1.35217 48.426 55.56
      vertex -1.59095 47.8409 54.2621
      vertex -1.87665 48.5306 56.0645
    endloop
  endfacet
  facet normal -0.180756 0.908696 -0.376296
    outer loop
      vertex -1.59095 47.8409 54.2621
      vertex -0.832339 48.1092 54.5456
      vertex -0.255723 48.1065 54.2621
    endloop
  endfacet
  facet normal 0.139306 0.700179 -0.700246
    outer loop
      vertex 1.06304 46.5664 52.8827
      vertex 0 46.7779 52.8827
      vertex 1.59095 47.8409 54.2621
    endloop
  endfacet
  facet normal -0.194701 0.980863 0
    outer loop
      vertex -0.0997484 48.8841 56.7451
      vertex 0 48.9039 58.0154
      vertex 0 48.9039 56.771
    endloop
  endfacet
  facet normal -0.195052 0.980793 2.86991e-05
    outer loop
      vertex -0.58602 48.7874 56.5456
      vertex 0 48.9039 58.0154
      vertex -0.0997484 48.8841 56.7451
    endloop
  endfacet
  facet normal -0.195096 0.980784 4.67728e-05
    outer loop
      vertex 0 48.9039 58.0154
      vertex -0.58602 48.7874 56.5456
      vertex -1.87665 48.5306 58.0154
    endloop
  endfacet
  facet normal -0.195166 0.98077 -1.6873e-05
    outer loop
      vertex -1.23324 48.6586 56.0645
      vertex -1.87665 48.5306 58.0154
      vertex -0.58602 48.7874 56.5456
    endloop
  endfacet
  facet normal -0.195116 0.98078 0
    outer loop
      vertex -1.87665 48.5306 58.0154
      vertex -1.23324 48.6586 56.0645
      vertex -1.87665 48.5306 56.0645
    endloop
  endfacet
  facet normal 0.323469 -0.21613 0.921225
    outer loop
      vertex 0.901199 43.6267 61.9439
      vertex 0.890847 43.1091 61.8261
      vertex 1.24012 43.1195 61.7059
    endloop
  endfacet
  facet normal 0.323501 -0.216128 0.921214
    outer loop
      vertex 0.890847 43.1091 61.8261
      vertex 0.901199 43.6267 61.9439
      vertex 0.689748 43.3102 61.9439
    endloop
  endfacet
  facet normal 0.700172 -0.139266 0.70026
    outer loop
      vertex 2.77785 44 61.1973
      vertex 2.61288 43.1706 61.1973
      vertex 3.24359 43.303 60.593
    endloop
  endfacet
  facet normal -0.514705 -0.770338 -0.376375
    outer loop
      vertex -1.87665 39.4694 56.0645
      vertex -3.4676 40.5324 56.0645
      vertex -2.93969 41.0603 54.2621
    endloop
  endfacet
  facet normal 0.700193 -0.139239 0.700244
    outer loop
      vertex 3.24359 43.303 60.593
      vertex 4.15735 44 59.8179
      vertex 2.77785 44 61.1973
    endloop
  endfacet
  facet normal 0.699838 -0.139211 0.700605
    outer loop
      vertex 4.15735 44 59.8179
      vertex 3.99165 43.4599 59.8761
      vertex 4.05246 43.4727 59.8179
    endloop
  endfacet
  facet normal 0.700239 -0.139381 0.70017
    outer loop
      vertex 4.15735 44 59.8179
      vertex 3.24359 43.303 60.593
      vertex 3.99165 43.4599 59.8761
    endloop
  endfacet
  facet normal 0.908682 -0.180754 0.376332
    outer loop
      vertex 4.15735 44 59.8179
      vertex 4.05246 43.4727 59.8179
      vertex 4.24126 43.5782 59.4127
    endloop
  endfacet
  facet normal -0.0759503 -0.381635 -0.921188
    outer loop
      vertex 0 41.2221 52.8827
      vertex -0.918533 41.6499 52.7812
      vertex 0 41.7401 52.6681
    endloop
  endfacet
  facet normal -0.075916 -0.381568 -0.921218
    outer loop
      vertex -0.918533 41.6499 52.7812
      vertex 0 41.2221 52.8827
      vertex -1.06304 41.4336 52.8827
    endloop
  endfacet
  facet normal 0.075916 -0.381568 -0.921218
    outer loop
      vertex 0 41.2221 52.8827
      vertex 0.918533 41.6499 52.7812
      vertex 1.06304 41.4336 52.8827
    endloop
  endfacet
  facet normal 0.0759503 -0.381635 -0.921188
    outer loop
      vertex 0.918533 41.6499 52.7812
      vertex 0 41.2221 52.8827
      vertex 0 41.7401 52.6681
    endloop
  endfacet
  facet normal 0.139256 -0.700217 -0.700217
    outer loop
      vertex 1.59095 40.1591 54.2621
      vertex 0 39.8427 54.2621
      vertex 0 41.2221 52.8827
    endloop
  endfacet
  facet normal 0.323583 0.216169 -0.921176
    outer loop
      vertex 1.52108 45.301 52.5714
      vertex 1.32424 45.3242 52.5077
      vertex 1.96424 45.9642 52.8827
    endloop
  endfacet
  facet normal 0.593526 -0.396651 -0.700282
    outer loop
      vertex 2.93969 41.0603 54.2621
      vertex 2.65872 41.3413 53.8648
      vertex 3.06406 41.2464 54.2621
    endloop
  endfacet
  facet normal -0.593581 0.39663 -0.700247
    outer loop
      vertex -1.96424 45.9642 52.8827
      vertex -3.84089 45.591 54.2621
      vertex -2.93969 46.9397 54.2621
    endloop
  endfacet
  facet normal -0.770321 0.514728 -0.376379
    outer loop
      vertex -3.84089 45.591 54.2621
      vertex -4.53064 45.8767 56.0645
      vertex -2.93969 46.9397 54.2621
    endloop
  endfacet
  facet normal -0.908653 -0.180949 0.376307
    outer loop
      vertex -4.24126 43.5782 59.4127
      vertex -4.90393 44 58.0154
      vertex -4.89236 43.9419 58.0154
    endloop
  endfacet
  facet normal -0.908663 -0.180786 0.376361
    outer loop
      vertex -4.90393 44 58.0154
      vertex -4.24126 43.5782 59.4127
      vertex -4.15735 44 59.8179
    endloop
  endfacet
  facet normal -0.908671 0.180742 0.376364
    outer loop
      vertex -4.53064 45.8767 58.0154
      vertex -4.90393 44 58.0154
      vertex -4.15735 44 59.8179
    endloop
  endfacet
  facet normal -0.555556 0.831479 0
    outer loop
      vertex -1.87665 48.5306 56.0645
      vertex -3.4676 47.4676 58.0154
      vertex -1.87665 48.5306 58.0154
    endloop
  endfacet
  facet normal -0.555556 0.831479 0
    outer loop
      vertex -3.4676 47.4676 58.0154
      vertex -1.87665 48.5306 56.0645
      vertex -3.4676 47.4676 56.0645
    endloop
  endfacet
  facet normal -0.770327 0.514732 0.376362
    outer loop
      vertex -2.93969 46.9397 59.8179
      vertex -4.53064 45.8767 58.0154
      vertex -3.84089 45.591 59.8179
    endloop
  endfacet
  facet normal -0.216163 0.323491 0.92121
    outer loop
      vertex -1.06304 46.5664 61.1973
      vertex -1.96424 45.9642 61.1973
      vertex -0.373289 44.9012 61.9439
    endloop
  endfacet
  facet normal -0.139256 0.700217 0.700217
    outer loop
      vertex 0 48.1573 59.8179
      vertex -1.59095 47.8409 59.8179
      vertex 0 46.7779 61.1973
    endloop
  endfacet
  facet normal 0.770327 0.514732 0.376361
    outer loop
      vertex 3.4676 47.4676 58.0154
      vertex 2.93969 46.9397 59.8179
      vertex 4.53064 45.8767 58.0154
    endloop
  endfacet
  facet normal 0.514709 0.770344 0.376358
    outer loop
      vertex 3.4676 47.4676 58.0154
      vertex 1.87665 48.5306 58.0154
      vertex 2.93969 46.9397 59.8179
    endloop
  endfacet
  facet normal 0.381591 0.0759012 0.92121
    outer loop
      vertex 2.5664 45.063 61.1973
      vertex 0.901199 44.3733 61.9439
      vertex 0.975451 44 61.9439
    endloop
  endfacet
  facet normal 0.381589 0.075905 0.92121
    outer loop
      vertex 2.5664 45.063 61.1973
      vertex 0.975451 44 61.9439
      vertex 2.77785 44 61.1973
    endloop
  endfacet
  facet normal 0.396643 0.593581 -0.70024
    outer loop
      vertex 1.96424 45.9642 52.8827
      vertex 1.06304 46.5664 52.8827
      vertex 1.59095 47.8409 54.2621
    endloop
  endfacet
  facet normal 0.700212 0.139262 -0.70022
    outer loop
      vertex 3.98192 44.8819 54.2621
      vertex 3.44256 44.9948 53.7452
      vertex 3.84089 45.591 54.2621
    endloop
  endfacet
  facet normal -0.0762232 0.381622 -0.92117
    outer loop
      vertex -0.297725 45.421 52.3452
      vertex 0 46.7779 52.8827
      vertex 0 45.4445 52.3303
    endloop
  endfacet
  facet normal -0.0759168 0.381573 -0.921216
    outer loop
      vertex 0 46.7779 52.8827
      vertex -0.297725 45.421 52.3452
      vertex -1.06304 46.5664 52.8827
    endloop
  endfacet
  facet normal -0.0757246 0.381686 -0.921185
    outer loop
      vertex -0.579428 45.3989 52.3592
      vertex -1.06304 46.5664 52.8827
      vertex -0.297725 45.421 52.3452
    endloop
  endfacet
  facet normal 0.180773 0.908681 -0.376325
    outer loop
      vertex 1.87665 48.5306 56.0645
      vertex 1.35501 48.4401 55.5954
      vertex 1.23324 48.6586 56.0645
    endloop
  endfacet
  facet normal 0.18134 0.908334 -0.376888
    outer loop
      vertex 1.87665 48.5306 56.0645
      vertex 1.35568 48.4359 55.5856
      vertex 1.35501 48.4401 55.5954
    endloop
  endfacet
  facet normal 0.182313 0.907748 -0.377831
    outer loop
      vertex 1.35568 48.4359 55.5856
      vertex 1.87665 48.5306 56.0645
      vertex 1.35229 48.4263 55.5609
    endloop
  endfacet
  facet normal 0.195096 0.980784 4.67728e-05
    outer loop
      vertex 0.58602 48.7874 56.5456
      vertex 0 48.9039 58.0154
      vertex 1.87665 48.5306 58.0154
    endloop
  endfacet
  facet normal 0.194701 0.980863 0
    outer loop
      vertex 0 48.9039 58.0154
      vertex 0.0997484 48.8841 56.7451
      vertex 0 48.9039 56.771
    endloop
  endfacet
  facet normal 0.195052 0.980793 2.86991e-05
    outer loop
      vertex 0 48.9039 58.0154
      vertex 0.58602 48.7874 56.5456
      vertex 0.0997484 48.8841 56.7451
    endloop
  endfacet
  facet normal 0.195116 0.98078 0
    outer loop
      vertex 1.23324 48.6586 56.0645
      vertex 1.87665 48.5306 58.0154
      vertex 1.87665 48.5306 56.0645
    endloop
  endfacet
  facet normal 0.195166 0.98077 -1.6873e-05
    outer loop
      vertex 1.87665 48.5306 58.0154
      vertex 1.23324 48.6586 56.0645
      vertex 0.58602 48.7874 56.5456
    endloop
  endfacet
  facet normal 0.18075 0.908666 0.376372
    outer loop
      vertex 0 48.9039 58.0154
      vertex 0 48.1573 59.8179
      vertex 1.87665 48.5306 58.0154
    endloop
  endfacet
  facet normal -0.18075 0.908666 0.376372
    outer loop
      vertex 0 48.9039 58.0154
      vertex -1.87665 48.5306 58.0154
      vertex 0 48.1573 59.8179
    endloop
  endfacet
  facet normal -0.139267 -0.700216 0.700216
    outer loop
      vertex 0 39.9274 59.9026
      vertex -0.404241 39.9231 59.8179
      vertex 0 39.8427 59.8179
    endloop
  endfacet
  facet normal -0.323501 -0.216128 0.921214
    outer loop
      vertex -0.901199 43.6267 61.9439
      vertex -0.890847 43.1091 61.8261
      vertex -0.689748 43.3102 61.9439
    endloop
  endfacet
  facet normal -0.323469 -0.21613 0.921225
    outer loop
      vertex -0.890847 43.1091 61.8261
      vertex -0.901199 43.6267 61.9439
      vertex -1.24012 43.1195 61.7059
    endloop
  endfacet
  facet normal 0.381256 -0.0763843 0.921309
    outer loop
      vertex 0.975451 44 61.9439
      vertex 2.0668 43.1439 61.4213
      vertex 2.24374 43.1526 61.3488
    endloop
  endfacet
  facet normal 0.381588 -0.0759006 0.921211
    outer loop
      vertex 2.0668 43.1439 61.4213
      vertex 0.975451 44 61.9439
      vertex 0.901199 43.6267 61.9439
    endloop
  endfacet
  facet normal -0.83143 -0.55563 -0
    outer loop
      vertex -3.4676 40.5324 57.2005
      vertex -3.7019 40.883 56.0645
      vertex -3.4676 40.5324 56.0645
    endloop
  endfacet
  facet normal 0.195096 -0.980784 0
    outer loop
      vertex 0 39.0961 56.0645
      vertex 1.87665 39.4694 58.0154
      vertex 0 39.0961 58.0154
    endloop
  endfacet
  facet normal 0.195096 -0.980784 0
    outer loop
      vertex 1.87665 39.4694 58.0154
      vertex 0 39.0961 56.0645
      vertex 1.87665 39.4694 56.0645
    endloop
  endfacet
  facet normal 0.980743 -0.195305 0
    outer loop
      vertex 4.90393 44 58.0154
      vertex 4.89236 43.9419 58.0154
      vertex 4.90393 44 57.8147
    endloop
  endfacet
  facet normal 0.77032 0.514728 -0.376379
    outer loop
      vertex 4.53064 45.8767 56.0645
      vertex 2.93969 46.9397 54.2621
      vertex 3.4676 47.4676 56.0645
    endloop
  endfacet
  facet normal -0.21627 -0.323713 -0.921107
    outer loop
      vertex -1.06304 41.4336 52.8827
      vertex -1.31585 41.6025 52.8827
      vertex -0.975785 41.6442 52.7882
    endloop
  endfacet
  facet normal 0.770326 -0.514806 -0.37626
    outer loop
      vertex 3.1512 41.2016 54.5018
      vertex 2.93969 41.0603 54.2621
      vertex 3.06406 41.2464 54.2621
    endloop
  endfacet
  facet normal -0.908668 0.180726 -0.376379
    outer loop
      vertex -4.66285 44.6153 55.778
      vertex -4.53064 45.8767 56.0645
      vertex -4.30742 44.7544 54.9867
    endloop
  endfacet
  facet normal -0.908653 0.180732 -0.376412
    outer loop
      vertex -4.53064 45.8767 56.0645
      vertex -4.66285 44.6153 55.778
      vertex -4.80023 44.5213 56.0645
    endloop
  endfacet
  facet normal -0.980787 0.195079 0
    outer loop
      vertex -4.80023 44.5213 56.0645
      vertex -4.53064 45.8767 58.0154
      vertex -4.53064 45.8767 56.0645
    endloop
  endfacet
  facet normal -0.980786 0.195086 -5.12585e-06
    outer loop
      vertex -4.90393 44 57.8147
      vertex -4.53064 45.8767 58.0154
      vertex -4.80023 44.5213 56.0645
    endloop
  endfacet
  facet normal -0.980786 0.195086 0
    outer loop
      vertex -4.53064 45.8767 58.0154
      vertex -4.90393 44 57.8147
      vertex -4.90393 44 58.0154
    endloop
  endfacet
  facet normal -0.514721 0.770334 -0.376362
    outer loop
      vertex -1.59095 47.8409 54.2621
      vertex -2.93969 46.9397 54.2621
      vertex -1.87665 48.5306 56.0645
    endloop
  endfacet
  facet normal -0.396621 0.593584 -0.70025
    outer loop
      vertex -1.96424 45.9642 52.8827
      vertex -2.93969 46.9397 54.2621
      vertex -1.59095 47.8409 54.2621
    endloop
  endfacet
  facet normal -0.70017 0.139318 -0.700252
    outer loop
      vertex -3.44256 44.9948 53.7452
      vertex -3.84089 45.591 54.2621
      vertex -2.75109 45.1395 53.0826
    endloop
  endfacet
  facet normal -0.593446 0.396527 -0.700421
    outer loop
      vertex -2.72722 45.1438 53.0647
      vertex -1.96424 45.9642 52.8827
      vertex -2.48328 45.1874 52.8827
    endloop
  endfacet
  facet normal -0.595098 0.398643 -0.697812
    outer loop
      vertex -2.75109 45.1395 53.0826
      vertex -1.96424 45.9642 52.8827
      vertex -2.72722 45.1438 53.0647
    endloop
  endfacet
  facet normal -0.593584 0.396605 -0.700259
    outer loop
      vertex -1.96424 45.9642 52.8827
      vertex -2.75109 45.1395 53.0826
      vertex -3.84089 45.591 54.2621
    endloop
  endfacet
  facet normal -0.216182 0.323465 0.921214
    outer loop
      vertex -0.373289 44.9012 61.9439
      vertex -1.96424 45.9642 61.1973
      vertex -0.689748 44.6897 61.9439
    endloop
  endfacet
  facet normal -0.3235 0.216155 0.921208
    outer loop
      vertex -1.96424 45.9642 61.1973
      vertex -2.5664 45.063 61.1973
      vertex -0.901199 44.3733 61.9439
    endloop
  endfacet
  facet normal -0.139306 0.700179 -0.700246
    outer loop
      vertex -1.06304 46.5664 52.8827
      vertex -1.59095 47.8409 54.2621
      vertex 0 46.7779 52.8827
    endloop
  endfacet
  facet normal -0.139103 0.700232 -0.700232
    outer loop
      vertex 0 46.7779 52.8827
      vertex -0.255723 48.1065 54.2621
      vertex 0 48.106 54.2108
    endloop
  endfacet
  facet normal -0.139281 0.700197 -0.700232
    outer loop
      vertex -0.255723 48.1065 54.2621
      vertex 0 46.7779 52.8827
      vertex -1.59095 47.8409 54.2621
    endloop
  endfacet
  facet normal -0.216078 0.323668 -0.921167
    outer loop
      vertex -1.32424 45.3242 52.5077
      vertex -1.96424 45.9642 52.8827
      vertex -1.04785 45.3519 52.4526
    endloop
  endfacet
  facet normal 0.396621 0.593584 -0.70025
    outer loop
      vertex 1.96424 45.9642 52.8827
      vertex 1.59095 47.8409 54.2621
      vertex 2.93969 46.9397 54.2621
    endloop
  endfacet
  facet normal 0.514721 0.770334 -0.376362
    outer loop
      vertex 2.93969 46.9397 54.2621
      vertex 1.59095 47.8409 54.2621
      vertex 1.87665 48.5306 56.0645
    endloop
  endfacet
  facet normal -0.514725 0.77034 0.376344
    outer loop
      vertex -1.87665 48.5306 58.0154
      vertex -2.93969 46.9397 59.8179
      vertex -1.59095 47.8409 59.8179
    endloop
  endfacet
  facet normal 0.139256 0.700217 0.700217
    outer loop
      vertex 0 48.1573 59.8179
      vertex 0 46.7779 61.1973
      vertex 1.59095 47.8409 59.8179
    endloop
  endfacet
  facet normal 0.139306 0.700179 0.700246
    outer loop
      vertex 1.59095 47.8409 59.8179
      vertex 0 46.7779 61.1973
      vertex 1.06304 46.5664 61.1973
    endloop
  endfacet
  facet normal 0.139267 -0.700216 0.700216
    outer loop
      vertex 0 39.9274 59.9026
      vertex 0 39.8427 59.8179
      vertex 0.404241 39.9231 59.8179
    endloop
  endfacet
  facet normal 0.323524 -0.216089 0.921216
    outer loop
      vertex 2.0668 43.1439 61.4213
      vertex 0.901199 43.6267 61.9439
      vertex 1.24012 43.1195 61.7059
    endloop
  endfacet
  facet normal -0.21614 -0.323489 0.921216
    outer loop
      vertex -0.689748 43.3102 61.9439
      vertex -0.890847 43.1091 61.8261
      vertex -0.390565 43.1103 61.9439
    endloop
  endfacet
  facet normal 0.514774 -0.770315 0.376328
    outer loop
      vertex 2.31097 40.1194 58.7518
      vertex 1.66607 39.9777 59.3439
      vertex 1.87665 39.4694 58.0154
    endloop
  endfacet
  facet normal -0.514721 -0.770334 -0.376362
    outer loop
      vertex -1.87665 39.4694 56.0645
      vertex -2.93969 41.0603 54.2621
      vertex -1.59095 40.1591 54.2621
    endloop
  endfacet
  facet normal -0.396685 -0.593603 -0.700197
    outer loop
      vertex -1.59095 40.1591 54.2621
      vertex -2.65872 41.3413 53.8648
      vertex -1.85712 41.4972 53.2785
    endloop
  endfacet
  facet normal -0.396602 -0.593557 -0.700284
    outer loop
      vertex -2.65872 41.3413 53.8648
      vertex -1.59095 40.1591 54.2621
      vertex -2.93969 41.0603 54.2621
    endloop
  endfacet
  facet normal -0.593526 -0.396651 -0.700282
    outer loop
      vertex -2.93969 41.0603 54.2621
      vertex -3.06406 41.2464 54.2621
      vertex -2.65872 41.3413 53.8648
    endloop
  endfacet
  facet normal -0.770363 -0.514669 -0.376374
    outer loop
      vertex -3.4676 40.5324 56.0645
      vertex -3.1512 41.2016 54.5018
      vertex -2.93969 41.0603 54.2621
    endloop
  endfacet
  facet normal -0.770349 -0.514686 -0.376378
    outer loop
      vertex -3.1512 41.2016 54.5018
      vertex -3.4676 40.5324 56.0645
      vertex -3.65896 40.9405 55.8981
    endloop
  endfacet
  facet normal -0.77021 -0.514719 -0.376617
    outer loop
      vertex -3.65896 40.9405 55.8981
      vertex -3.4676 40.5324 56.0645
      vertex -3.7019 40.883 56.0645
    endloop
  endfacet
  facet normal 0.180713 -0.908679 -0.376357
    outer loop
      vertex 1.87665 39.4694 56.0645
      vertex 0 39.8427 54.2621
      vertex 1.59095 40.1591 54.2621
    endloop
  endfacet
  facet normal 0.514721 -0.770334 -0.376362
    outer loop
      vertex 1.87665 39.4694 56.0645
      vertex 1.59095 40.1591 54.2621
      vertex 2.93969 41.0603 54.2621
    endloop
  endfacet
  facet normal -0.139306 -0.700179 -0.700246
    outer loop
      vertex 0 41.2221 52.8827
      vertex -1.59095 40.1591 54.2621
      vertex -1.06304 41.4336 52.8827
    endloop
  endfacet
  facet normal -0.396575 -0.593618 -0.700248
    outer loop
      vertex -1.85712 41.4972 53.2785
      vertex -1.06304 41.4336 52.8827
      vertex -1.59095 40.1591 54.2621
    endloop
  endfacet
  facet normal -0.396579 -0.593601 -0.700259
    outer loop
      vertex -1.06304 41.4336 52.8827
      vertex -1.85712 41.4972 53.2785
      vertex -1.31585 41.6025 52.8827
    endloop
  endfacet
  facet normal 0.21627 -0.323713 -0.921107
    outer loop
      vertex 1.06304 41.4336 52.8827
      vertex 0.975785 41.6442 52.7882
      vertex 1.31585 41.6025 52.8827
    endloop
  endfacet
  facet normal -0.323553 0.216191 -0.921181
    outer loop
      vertex -1.52108 45.301 52.5714
      vertex -2.48328 45.1874 52.8827
      vertex -1.96424 45.9642 52.8827
    endloop
  endfacet
  facet normal -0.396643 0.593581 0.70024
    outer loop
      vertex -1.59095 47.8409 59.8179
      vertex -1.96424 45.9642 61.1973
      vertex -1.06304 46.5664 61.1973
    endloop
  endfacet
  facet normal -0.699838 -0.139211 0.700605
    outer loop
      vertex -3.99165 43.4599 59.8761
      vertex -4.15735 44 59.8179
      vertex -4.05246 43.4727 59.8179
    endloop
  endfacet
  facet normal -0.700239 -0.139381 0.70017
    outer loop
      vertex -3.24359 43.303 60.593
      vertex -4.15735 44 59.8179
      vertex -3.99165 43.4599 59.8761
    endloop
  endfacet
  facet normal -0.700193 -0.139239 0.700244
    outer loop
      vertex -4.15735 44 59.8179
      vertex -3.24359 43.303 60.593
      vertex -2.77785 44 61.1973
    endloop
  endfacet
  facet normal -0.514709 0.770344 0.376358
    outer loop
      vertex -1.87665 48.5306 58.0154
      vertex -3.4676 47.4676 58.0154
      vertex -2.93969 46.9397 59.8179
    endloop
  endfacet
  facet normal -0.770327 0.514732 0.376361
    outer loop
      vertex -3.4676 47.4676 58.0154
      vertex -4.53064 45.8767 58.0154
      vertex -2.93969 46.9397 59.8179
    endloop
  endfacet
  facet normal -0.700172 -0.139266 0.70026
    outer loop
      vertex -2.77785 44 61.1973
      vertex -3.24359 43.303 60.593
      vertex -2.61288 43.1706 61.1973
    endloop
  endfacet
  facet normal -0.381589 0.075905 0.92121
    outer loop
      vertex -2.5664 45.063 61.1973
      vertex -2.77785 44 61.1973
      vertex -0.975451 44 61.9439
    endloop
  endfacet
  facet normal 0.216078 0.323668 -0.921167
    outer loop
      vertex 1.32424 45.3242 52.5077
      vertex 1.04785 45.3519 52.4526
      vertex 1.96424 45.9642 52.8827
    endloop
  endfacet
  facet normal 0.323553 0.216191 -0.921181
    outer loop
      vertex 2.48328 45.1874 52.8827
      vertex 1.52108 45.301 52.5714
      vertex 1.96424 45.9642 52.8827
    endloop
  endfacet
  facet normal 0.595098 0.398643 -0.697812
    outer loop
      vertex 1.96424 45.9642 52.8827
      vertex 2.75109 45.1395 53.0826
      vertex 2.72722 45.1438 53.0647
    endloop
  endfacet
  facet normal 0.593446 0.396527 -0.700421
    outer loop
      vertex 1.96424 45.9642 52.8827
      vertex 2.72722 45.1438 53.0647
      vertex 2.48328 45.1874 52.8827
    endloop
  endfacet
  facet normal 0.593584 0.396605 -0.700259
    outer loop
      vertex 2.75109 45.1395 53.0826
      vertex 1.96424 45.9642 52.8827
      vertex 3.84089 45.591 54.2621
    endloop
  endfacet
  facet normal 0.0762232 0.381622 -0.92117
    outer loop
      vertex 0 46.7779 52.8827
      vertex 0.297725 45.421 52.3452
      vertex 0 45.4445 52.3303
    endloop
  endfacet
  facet normal 0.0759168 0.381573 -0.921216
    outer loop
      vertex 0.297725 45.421 52.3452
      vertex 0 46.7779 52.8827
      vertex 1.06304 46.5664 52.8827
    endloop
  endfacet
  facet normal 0.139281 0.700197 -0.700232
    outer loop
      vertex 0 46.7779 52.8827
      vertex 0.255723 48.1065 54.2621
      vertex 1.59095 47.8409 54.2621
    endloop
  endfacet
  facet normal 0.139103 0.700232 -0.700232
    outer loop
      vertex 0.255723 48.1065 54.2621
      vertex 0 46.7779 52.8827
      vertex 0 48.106 54.2108
    endloop
  endfacet
  facet normal 0.770321 0.514728 -0.376379
    outer loop
      vertex 3.84089 45.591 54.2621
      vertex 2.93969 46.9397 54.2621
      vertex 4.53064 45.8767 56.0645
    endloop
  endfacet
  facet normal 0.908667 0.180727 -0.37638
    outer loop
      vertex 4.30742 44.7544 54.9867
      vertex 3.84089 45.591 54.2621
      vertex 4.53064 45.8767 56.0645
    endloop
  endfacet
  facet normal 0.908666 0.180721 -0.376385
    outer loop
      vertex 3.84089 45.591 54.2621
      vertex 4.30742 44.7544 54.9867
      vertex 3.98192 44.8819 54.2621
    endloop
  endfacet
  facet normal 0.396621 0.593584 0.70025
    outer loop
      vertex 2.93969 46.9397 59.8179
      vertex 1.59095 47.8409 59.8179
      vertex 1.96424 45.9642 61.1973
    endloop
  endfacet
  facet normal 0.514725 0.77034 0.376344
    outer loop
      vertex 1.87665 48.5306 58.0154
      vertex 1.59095 47.8409 59.8179
      vertex 2.93969 46.9397 59.8179
    endloop
  endfacet
  facet normal 0.21614 -0.323489 0.921216
    outer loop
      vertex 0.689748 43.3102 61.9439
      vertex 0.390565 43.1103 61.9439
      vertex 0.890847 43.1091 61.8261
    endloop
  endfacet
  facet normal 0.18075 -0.908666 0.376372
    outer loop
      vertex 0 39.8427 59.8179
      vertex 0 39.0961 58.0154
      vertex 1.87665 39.4694 58.0154
    endloop
  endfacet
  facet normal -0.18075 -0.908666 0.376372
    outer loop
      vertex 0 39.8427 59.8179
      vertex -1.87665 39.4694 58.0154
      vertex 0 39.0961 58.0154
    endloop
  endfacet
  facet normal 0.514695 -0.770336 0.376393
    outer loop
      vertex 2.31097 40.1194 58.7518
      vertex 1.87665 39.4694 58.0154
      vertex 3.11306 40.2955 58.0154
    endloop
  endfacet
  facet normal -0.180749 -0.908659 -0.37639
    outer loop
      vertex 0 39.0961 56.0645
      vertex -1.87665 39.4694 56.0645
      vertex 0 39.8427 54.2621
    endloop
  endfacet
  facet normal -0.195096 -0.980784 0
    outer loop
      vertex -1.87665 39.4694 56.0645
      vertex 0 39.0961 58.0154
      vertex -1.87665 39.4694 58.0154
    endloop
  endfacet
  facet normal -0.195096 -0.980784 -0
    outer loop
      vertex 0 39.0961 58.0154
      vertex -1.87665 39.4694 56.0645
      vertex 0 39.0961 56.0645
    endloop
  endfacet
  facet normal -0.770326 -0.514806 -0.37626
    outer loop
      vertex -2.93969 41.0603 54.2621
      vertex -3.1512 41.2016 54.5018
      vertex -3.06406 41.2464 54.2621
    endloop
  endfacet
  facet normal 0.0745364 -0.382384 -0.920992
    outer loop
      vertex 1.06304 41.4336 52.8827
      vertex 0.918533 41.6499 52.7812
      vertex 0.975785 41.6442 52.7882
    endloop
  endfacet
  facet normal 0.0759485 0.381571 0.921214
    outer loop
      vertex 1.06304 46.5664 61.1973
      vertex 0 44.9755 61.9439
      vertex 0.373289 44.9012 61.9439
    endloop
  endfacet
  facet normal -0.0759199 0.381588 0.921209
    outer loop
      vertex 0 46.7779 61.1973
      vertex -1.06304 46.5664 61.1973
      vertex 0 44.9755 61.9439
    endloop
  endfacet
  facet normal -0.139306 0.700179 0.700246
    outer loop
      vertex 0 46.7779 61.1973
      vertex -1.59095 47.8409 59.8179
      vertex -1.06304 46.5664 61.1973
    endloop
  endfacet
  facet normal -0.381591 0.0759012 0.92121
    outer loop
      vertex -0.901199 44.3733 61.9439
      vertex -2.5664 45.063 61.1973
      vertex -0.975451 44 61.9439
    endloop
  endfacet
  facet normal 0 0 1
    outer loop
      vertex 0 43.1383 61.9439
      vertex 0.975451 44 61.9439
      vertex 0.901199 44.3733 61.9439
    endloop
  endfacet
  facet normal 0 0 1
    outer loop
      vertex 0 43.1383 61.9439
      vertex 0.901199 44.3733 61.9439
      vertex 0.689748 44.6897 61.9439
    endloop
  endfacet
  facet normal 0 0 1
    outer loop
      vertex 0.975451 44 61.9439
      vertex 0 43.1383 61.9439
      vertex 0.901199 43.6267 61.9439
    endloop
  endfacet
  facet normal 0 0 1
    outer loop
      vertex 0.901199 43.6267 61.9439
      vertex 0 43.1383 61.9439
      vertex 0.689748 43.3102 61.9439
    endloop
  endfacet
  facet normal 0 0 1
    outer loop
      vertex 0 43.1383 61.9439
      vertex 0.689748 44.6897 61.9439
      vertex 0.373289 44.9012 61.9439
    endloop
  endfacet
  facet normal 0 0 1
    outer loop
      vertex 0 43.1383 61.9439
      vertex 0.373289 44.9012 61.9439
      vertex 0 44.9755 61.9439
    endloop
  endfacet
  facet normal 0 0 1
    outer loop
      vertex 0.689748 43.3102 61.9439
      vertex 0 43.1383 61.9439
      vertex 0.390565 43.1103 61.9439
    endloop
  endfacet
  facet normal -0 0 1
    outer loop
      vertex -0.373289 44.9012 61.9439
      vertex 0 43.1383 61.9439
      vertex 0 44.9755 61.9439
    endloop
  endfacet
  facet normal -0 0 1
    outer loop
      vertex -0.689748 44.6897 61.9439
      vertex 0 43.1383 61.9439
      vertex -0.373289 44.9012 61.9439
    endloop
  endfacet
  facet normal -0 0 1
    outer loop
      vertex -0.901199 44.3733 61.9439
      vertex 0 43.1383 61.9439
      vertex -0.689748 44.6897 61.9439
    endloop
  endfacet
  facet normal 0 0 1
    outer loop
      vertex 0 43.1383 61.9439
      vertex -0.689748 43.3102 61.9439
      vertex -0.390565 43.1103 61.9439
    endloop
  endfacet
  facet normal -0 0 1
    outer loop
      vertex -0.975451 44 61.9439
      vertex 0 43.1383 61.9439
      vertex -0.901199 44.3733 61.9439
    endloop
  endfacet
  facet normal 0 0 1
    outer loop
      vertex 0 43.1383 61.9439
      vertex -0.901199 43.6267 61.9439
      vertex -0.689748 43.3102 61.9439
    endloop
  endfacet
  facet normal 0 0 1
    outer loop
      vertex 0 43.1383 61.9439
      vertex -0.975451 44 61.9439
      vertex -0.901199 43.6267 61.9439
    endloop
  endfacet
  facet normal 0.216186 0.323525 -0.921192
    outer loop
      vertex 1.04785 45.3519 52.4526
      vertex 1.06304 46.5664 52.8827
      vertex 1.96424 45.9642 52.8827
    endloop
  endfacet
  facet normal 0.216143 0.323529 -0.921201
    outer loop
      vertex 1.06304 46.5664 52.8827
      vertex 1.04785 45.3519 52.4526
      vertex 0.579428 45.3989 52.3592
    endloop
  endfacet
  facet normal 0.0757246 0.381686 -0.921185
    outer loop
      vertex 0.579428 45.3989 52.3592
      vertex 0.297725 45.421 52.3452
      vertex 1.06304 46.5664 52.8827
    endloop
  endfacet
  facet normal 0.70017 0.139318 -0.700252
    outer loop
      vertex 3.44256 44.9948 53.7452
      vertex 2.75109 45.1395 53.0826
      vertex 3.84089 45.591 54.2621
    endloop
  endfacet
  facet normal 0.216182 0.323465 0.921214
    outer loop
      vertex 1.96424 45.9642 61.1973
      vertex 0.373289 44.9012 61.9439
      vertex 0.689748 44.6897 61.9439
    endloop
  endfacet
  facet normal 0.216163 0.323491 0.92121
    outer loop
      vertex 1.06304 46.5664 61.1973
      vertex 0.373289 44.9012 61.9439
      vertex 1.96424 45.9642 61.1973
    endloop
  endfacet
  facet normal -0.323471 0.216176 0.921213
    outer loop
      vertex -0.689748 44.6897 61.9439
      vertex -1.96424 45.9642 61.1973
      vertex -0.901199 44.3733 61.9439
    endloop
  endfacet
  facet normal -0.593583 0.396617 0.700253
    outer loop
      vertex -1.96424 45.9642 61.1973
      vertex -3.84089 45.591 59.8179
      vertex -2.5664 45.063 61.1973
    endloop
  endfacet
  facet normal -0.700185 0.139279 0.700245
    outer loop
      vertex -2.5664 45.063 61.1973
      vertex -3.84089 45.591 59.8179
      vertex -2.77785 44 61.1973
    endloop
  endfacet
  facet normal -0.381592 -0.0758173 0.921216
    outer loop
      vertex -2.77785 44 61.1973
      vertex -2.24374 43.1526 61.3488
      vertex -0.975451 44 61.9439
    endloop
  endfacet
  facet normal -0.381751 -0.0759314 0.921141
    outer loop
      vertex -2.24374 43.1526 61.3488
      vertex -2.77785 44 61.1973
      vertex -2.61288 43.1706 61.1973
    endloop
  endfacet
  facet normal -0.381588 -0.0759006 0.921211
    outer loop
      vertex -0.975451 44 61.9439
      vertex -2.0668 43.1439 61.4213
      vertex -0.901199 43.6267 61.9439
    endloop
  endfacet
  facet normal -0.381256 -0.0763843 0.921309
    outer loop
      vertex -2.0668 43.1439 61.4213
      vertex -0.975451 44 61.9439
      vertex -2.24374 43.1526 61.3488
    endloop
  endfacet
  facet normal -0.514774 -0.770315 0.376328
    outer loop
      vertex -1.66607 39.9777 59.3439
      vertex -2.31097 40.1194 58.7518
      vertex -1.87665 39.4694 58.0154
    endloop
  endfacet
endsolid OpenSCAD_Model
