solid OpenSCAD_Model
  facet normal 0 0.978156 -0.207874
    outer loop
      vertex 47 -39.5513 25.6959
      vertex 43.4 -39.4063 26.3782
      vertex 47 -39.4063 26.3782
    endloop
  endfacet
  facet normal 0 0.978156 -0.207874
    outer loop
      vertex 43.4 -39.4063 26.3782
      vertex 47 -39.5513 25.6959
      vertex 43.4 -39.5513 25.6959
    endloop
  endfacet
  facet normal 0 0.939685 -0.342042
    outer loop
      vertex 47 -39.4063 26.3782
      vertex 43.4 -39.1677 27.0337
      vertex 47 -39.1677 27.0337
    endloop
  endfacet
  facet normal 0 0.939685 -0.342042
    outer loop
      vertex 43.4 -39.1677 27.0337
      vertex 47 -39.4063 26.3782
      vertex 43.4 -39.4063 26.3782
    endloop
  endfacet
  facet normal 0 0.882936 -0.469494
    outer loop
      vertex 47 -39.1677 27.0337
      vertex 43.4 -38.8402 27.6496
      vertex 47 -38.8402 27.6496
    endloop
  endfacet
  facet normal 0 0.882936 -0.469494
    outer loop
      vertex 43.4 -38.8402 27.6496
      vertex 47 -39.1677 27.0337
      vertex 43.4 -39.1677 27.0337
    endloop
  endfacet
  facet normal 0 0.809009 -0.587797
    outer loop
      vertex 47 -38.8402 27.6496
      vertex 43.4 -38.4302 28.2139
      vertex 47 -38.4302 28.2139
    endloop
  endfacet
  facet normal 0 0.809009 -0.587797
    outer loop
      vertex 43.4 -38.4302 28.2139
      vertex 47 -38.8402 27.6496
      vertex 43.4 -38.8402 27.6496
    endloop
  endfacet
  facet normal 0 0.719327 -0.694671
    outer loop
      vertex 47 -38.4302 28.2139
      vertex 43.4 -37.9456 28.7157
      vertex 47 -37.9456 28.7157
    endloop
  endfacet
  facet normal 0 0.719327 -0.694671
    outer loop
      vertex 43.4 -37.9456 28.7157
      vertex 47 -38.4302 28.2139
      vertex 43.4 -38.4302 28.2139
    endloop
  endfacet
  facet normal 0 0.615755 -0.787937
    outer loop
      vertex 43.4 -37.9456 28.7157
      vertex 47 -37.396 29.1452
      vertex 47 -37.9456 28.7157
    endloop
  endfacet
  facet normal 0 0.615755 -0.787937
    outer loop
      vertex 47 -37.396 29.1452
      vertex 43.4 -37.9456 28.7157
      vertex 43.4 -37.396 29.1452
    endloop
  endfacet
  facet normal 0 0.499962 -0.866047
    outer loop
      vertex 43.4 -37.396 29.1452
      vertex 47 -36.7918 29.494
      vertex 47 -37.396 29.1452
    endloop
  endfacet
  facet normal 0 0.499962 -0.866047
    outer loop
      vertex 47 -36.7918 29.494
      vertex 43.4 -37.396 29.1452
      vertex 43.4 -36.7918 29.494
    endloop
  endfacet
  facet normal 0 0.374627 -0.927176
    outer loop
      vertex 43.4 -36.7918 29.494
      vertex 47 -36.1451 29.7553
      vertex 47 -36.7918 29.494
    endloop
  endfacet
  facet normal 0 0.374627 -0.927176
    outer loop
      vertex 47 -36.1451 29.7553
      vertex 43.4 -36.7918 29.494
      vertex 43.4 -36.1451 29.7553
    endloop
  endfacet
  facet normal 0 0.241827 -0.970319
    outer loop
      vertex 43.4 -36.1451 29.7553
      vertex 47 -35.4682 29.924
      vertex 47 -36.1451 29.7553
    endloop
  endfacet
  facet normal 0 0.241827 -0.970319
    outer loop
      vertex 47 -35.4682 29.924
      vertex 43.4 -36.1451 29.7553
      vertex 43.4 -35.4682 29.924
    endloop
  endfacet
  facet normal 0 0.087204 -0.99619
    outer loop
      vertex 43.4 -35.4682 29.924
      vertex 47 -34.6 30
      vertex 47 -35.4682 29.924
    endloop
  endfacet
  facet normal 0 0.087204 -0.99619
    outer loop
      vertex 47 -34.6 30
      vertex 43.4 -35.4682 29.924
      vertex 43.4 -34.6 30
    endloop
  endfacet
  facet normal 0 0 -1
    outer loop
      vertex 43.4 -34.6 30
      vertex 47 -22.687 30
      vertex 47 -34.6 30
    endloop
  endfacet
  facet normal -0 0 -1
    outer loop
      vertex 47 -22.687 30
      vertex 43.4 -34.6 30
      vertex 43.4 -22.687 30
    endloop
  endfacet
  facet normal 0 0.0350762 -0.999385
    outer loop
      vertex 43.4 -22.687 30
      vertex 47 -22.5132 30.0061
      vertex 47 -22.687 30
    endloop
  endfacet
  facet normal 0 0.0350762 -0.999385
    outer loop
      vertex 47 -22.5132 30.0061
      vertex 43.4 -22.687 30
      vertex 43.4 -22.5132 30.0061
    endloop
  endfacet
  facet normal 0 0.069715 -0.997567
    outer loop
      vertex 43.4 -22.5132 30.0061
      vertex 47 -22.0782 30.0365
      vertex 47 -22.5132 30.0061
    endloop
  endfacet
  facet normal 0 0.069715 -0.997567
    outer loop
      vertex 47 -22.0782 30.0365
      vertex 43.4 -22.5132 30.0061
      vertex 43.4 -22.0782 30.0365
    endloop
  endfacet
  facet normal 0 0.139008 -0.990291
    outer loop
      vertex 43.4 -22.0782 30.0365
      vertex 47 -21.7334 30.0849
      vertex 47 -22.0782 30.0365
    endloop
  endfacet
  facet normal 0 0.139008 -0.990291
    outer loop
      vertex 47 -21.7334 30.0849
      vertex 43.4 -22.0782 30.0365
      vertex 43.4 -21.7334 30.0849
    endloop
  endfacet
  facet normal 0 0.208137 -0.9781
    outer loop
      vertex 43.4 -21.7334 30.0849
      vertex 47 -21.3927 30.1574
      vertex 47 -21.7334 30.0849
    endloop
  endfacet
  facet normal 0 0.208137 -0.9781
    outer loop
      vertex 47 -21.3927 30.1574
      vertex 43.4 -21.7334 30.0849
      vertex 43.4 -21.3927 30.1574
    endloop
  endfacet
  facet normal 0 0.275403 -0.961329
    outer loop
      vertex 43.4 -21.3927 30.1574
      vertex 47 -21.0576 30.2534
      vertex 47 -21.3927 30.1574
    endloop
  endfacet
  facet normal 0 0.275403 -0.961329
    outer loop
      vertex 47 -21.0576 30.2534
      vertex 43.4 -21.3927 30.1574
      vertex 43.4 -21.0576 30.2534
    endloop
  endfacet
  facet normal 0 0.342135 -0.939651
    outer loop
      vertex 43.4 -21.0576 30.2534
      vertex 47 -20.7305 30.3725
      vertex 47 -21.0576 30.2534
    endloop
  endfacet
  facet normal 0 0.342135 -0.939651
    outer loop
      vertex 47 -20.7305 30.3725
      vertex 43.4 -21.0576 30.2534
      vertex 43.4 -20.7305 30.3725
    endloop
  endfacet
  facet normal 0 0.406698 -0.913563
    outer loop
      vertex 43.4 -20.7305 30.3725
      vertex 47 -20.4122 30.5142
      vertex 47 -20.7305 30.3725
    endloop
  endfacet
  facet normal 0 0.406698 -0.913563
    outer loop
      vertex 47 -20.4122 30.5142
      vertex 43.4 -20.7305 30.3725
      vertex 43.4 -20.4122 30.5142
    endloop
  endfacet
  facet normal 0 0.469561 -0.8829
    outer loop
      vertex 43.4 -20.4122 30.5142
      vertex 47 -20.1044 30.6779
      vertex 47 -20.4122 30.5142
    endloop
  endfacet
  facet normal 0 0.469561 -0.8829
    outer loop
      vertex 47 -20.1044 30.6779
      vertex 43.4 -20.4122 30.5142
      vertex 43.4 -20.1044 30.6779
    endloop
  endfacet
  facet normal 0 0.529999 -0.847998
    outer loop
      vertex 43.4 -20.1044 30.6779
      vertex 47 -19.8092 30.8624
      vertex 47 -20.1044 30.6779
    endloop
  endfacet
  facet normal 0 0.529999 -0.847998
    outer loop
      vertex 47 -19.8092 30.8624
      vertex 43.4 -20.1044 30.6779
      vertex 43.4 -19.8092 30.8624
    endloop
  endfacet
  facet normal 0 0.587574 -0.80917
    outer loop
      vertex 43.4 -19.8092 30.8624
      vertex 47 -19.5273 31.0671
      vertex 47 -19.8092 30.8624
    endloop
  endfacet
  facet normal 0 0.587574 -0.80917
    outer loop
      vertex 47 -19.5273 31.0671
      vertex 43.4 -19.8092 30.8624
      vertex 43.4 -19.5273 31.0671
    endloop
  endfacet
  facet normal 0 0.642862 -0.765982
    outer loop
      vertex 43.4 -19.5273 31.0671
      vertex 47 -19.2604 31.2911
      vertex 47 -19.5273 31.0671
    endloop
  endfacet
  facet normal 0 0.642862 -0.765982
    outer loop
      vertex 47 -19.2604 31.2911
      vertex 43.4 -19.5273 31.0671
      vertex 43.4 -19.2604 31.2911
    endloop
  endfacet
  facet normal 0 0.694799 -0.719204
    outer loop
      vertex 43.4 -19.2604 31.2911
      vertex 47 -19.0099 31.5331
      vertex 47 -19.2604 31.2911
    endloop
  endfacet
  facet normal 0 0.694799 -0.719204
    outer loop
      vertex 47 -19.0099 31.5331
      vertex 43.4 -19.2604 31.2911
      vertex 43.4 -19.0099 31.5331
    endloop
  endfacet
  facet normal 0 0.743023 -0.669266
    outer loop
      vertex 47 -19.0099 31.5331
      vertex 43.4 -18.7767 31.792
      vertex 47 -18.7767 31.792
    endloop
  endfacet
  facet normal 0 0.743023 -0.669266
    outer loop
      vertex 43.4 -18.7767 31.792
      vertex 47 -19.0099 31.5331
      vertex 43.4 -19.0099 31.5331
    endloop
  endfacet
  facet normal 0 0.788098 -0.615549
    outer loop
      vertex 47 -18.7767 31.792
      vertex 43.4 -18.5623 32.0665
      vertex 47 -18.5623 32.0665
    endloop
  endfacet
  facet normal 0 0.788098 -0.615549
    outer loop
      vertex 43.4 -18.5623 32.0665
      vertex 47 -18.7767 31.792
      vertex 43.4 -18.7767 31.792
    endloop
  endfacet
  facet normal 0 0.829078 -0.559132
    outer loop
      vertex 47 -18.5623 32.0665
      vertex 43.4 -18.3676 32.3552
      vertex 47 -18.3676 32.3552
    endloop
  endfacet
  facet normal 0 0.829078 -0.559132
    outer loop
      vertex 43.4 -18.3676 32.3552
      vertex 47 -18.5623 32.0665
      vertex 43.4 -18.5623 32.0665
    endloop
  endfacet
  facet normal 0 0.865884 -0.500244
    outer loop
      vertex 47 -18.3676 32.3552
      vertex 43.4 -18.1933 32.6569
      vertex 47 -18.1933 32.6569
    endloop
  endfacet
  facet normal 0 0.865884 -0.500244
    outer loop
      vertex 43.4 -18.1933 32.6569
      vertex 47 -18.3676 32.3552
      vertex 43.4 -18.3676 32.3552
    endloop
  endfacet
  facet normal 0 0.898859 -0.438237
    outer loop
      vertex 47 -18.1933 32.6569
      vertex 43.4 -18.0406 32.9701
      vertex 47 -18.0406 32.9701
    endloop
  endfacet
  facet normal 0 0.898859 -0.438237
    outer loop
      vertex 43.4 -18.0406 32.9701
      vertex 47 -18.1933 32.6569
      vertex 43.4 -18.1933 32.6569
    endloop
  endfacet
  facet normal 0 0.927144 -0.374705
    outer loop
      vertex 47 -18.0406 32.9701
      vertex 43.4 -17.9101 33.293
      vertex 47 -17.9101 33.293
    endloop
  endfacet
  facet normal 0 0.927144 -0.374705
    outer loop
      vertex 43.4 -17.9101 33.293
      vertex 47 -18.0406 32.9701
      vertex 43.4 -18.0406 32.9701
    endloop
  endfacet
  facet normal 0 0.951123 -0.308813
    outer loop
      vertex 47 -17.9101 33.293
      vertex 43.4 -17.8025 33.6244
      vertex 47 -17.8025 33.6244
    endloop
  endfacet
  facet normal 0 0.951123 -0.308813
    outer loop
      vertex 43.4 -17.8025 33.6244
      vertex 47 -17.9101 33.293
      vertex 43.4 -17.9101 33.293
    endloop
  endfacet
  facet normal 0 0.970286 -0.241959
    outer loop
      vertex 47 -17.8025 33.6244
      vertex 43.4 -17.7235 33.9412
      vertex 47 -17.7235 33.9412
    endloop
  endfacet
  facet normal 0 0.970286 -0.241959
    outer loop
      vertex 43.4 -17.7235 33.9412
      vertex 47 -17.8025 33.6244
      vertex 43.4 -17.8025 33.6244
    endloop
  endfacet
  facet normal 0 0.986263 -0.165186
    outer loop
      vertex 47 -17.7235 33.9412
      vertex 43.4 -17.6588 34.3275
      vertex 47 -17.6588 34.3275
    endloop
  endfacet
  facet normal 0 0.986263 -0.165186
    outer loop
      vertex 43.4 -17.6588 34.3275
      vertex 47 -17.7235 33.9412
      vertex 43.4 -17.7235 33.9412
    endloop
  endfacet
  facet normal 0 0.996199 -0.08711
    outer loop
      vertex 47 -17.6588 34.3275
      vertex 43.4 -17.6095 34.8913
      vertex 47 -17.6095 34.8913
    endloop
  endfacet
  facet normal 0 0.996199 -0.08711
    outer loop
      vertex 43.4 -17.6095 34.8913
      vertex 47 -17.6588 34.3275
      vertex 43.4 -17.6588 34.3275
    endloop
  endfacet
  facet normal 0 0.99905 -0.0435766
    outer loop
      vertex 47 -17.6095 34.8913
      vertex 43.4 -17.6 35.1091
      vertex 47 -17.6 35.1091
    endloop
  endfacet
  facet normal 0 0.99905 -0.0435766
    outer loop
      vertex 43.4 -17.6 35.1091
      vertex 47 -17.6095 34.8913
      vertex 43.4 -17.6095 34.8913
    endloop
  endfacet
  facet normal 0 1 -0
    outer loop
      vertex 47 -17.6 35.1091
      vertex 43.4 -17.6 124.913
      vertex 47 -17.6 124.913
    endloop
  endfacet
  facet normal 0 1 0
    outer loop
      vertex 43.4 -17.6 124.913
      vertex 47 -17.6 35.1091
      vertex 43.4 -17.6 35.1091
    endloop
  endfacet
  facet normal 0 0.999386 0.0350359
    outer loop
      vertex 47 -17.6 124.913
      vertex 43.4 -17.6061 125.087
      vertex 47 -17.6061 125.087
    endloop
  endfacet
  facet normal 0 0.999386 0.0350359
    outer loop
      vertex 43.4 -17.6061 125.087
      vertex 47 -17.6 124.913
      vertex 43.4 -17.6 124.913
    endloop
  endfacet
  facet normal 0 0.997567 0.069715
    outer loop
      vertex 47 -17.6061 125.087
      vertex 43.4 -17.6365 125.522
      vertex 47 -17.6365 125.522
    endloop
  endfacet
  facet normal 0 0.997567 0.069715
    outer loop
      vertex 43.4 -17.6365 125.522
      vertex 47 -17.6061 125.087
      vertex 43.4 -17.6061 125.087
    endloop
  endfacet
  facet normal 0 0.990302 0.138929
    outer loop
      vertex 47 -17.6365 125.522
      vertex 43.4 -17.6849 125.867
      vertex 47 -17.6849 125.867
    endloop
  endfacet
  facet normal 0 0.990302 0.138929
    outer loop
      vertex 43.4 -17.6849 125.867
      vertex 47 -17.6365 125.522
      vertex 43.4 -17.6365 125.522
    endloop
  endfacet
  facet normal 0 0.978012 0.208547
    outer loop
      vertex 47 -17.6849 125.867
      vertex 43.4 -17.7574 126.207
      vertex 47 -17.7574 126.207
    endloop
  endfacet
  facet normal 0 0.978012 0.208547
    outer loop
      vertex 43.4 -17.7574 126.207
      vertex 47 -17.6849 125.867
      vertex 43.4 -17.6849 125.867
    endloop
  endfacet
  facet normal 0 0.961307 0.275479
    outer loop
      vertex 47 -17.7574 126.207
      vertex 43.4 -17.8534 126.542
      vertex 47 -17.8534 126.542
    endloop
  endfacet
  facet normal 0 0.961307 0.275479
    outer loop
      vertex 43.4 -17.8534 126.542
      vertex 47 -17.7574 126.207
      vertex 43.4 -17.7574 126.207
    endloop
  endfacet
  facet normal 0 0.939617 0.342228
    outer loop
      vertex 47 -17.8534 126.542
      vertex 43.4 -17.9725 126.869
      vertex 47 -17.9725 126.869
    endloop
  endfacet
  facet normal 0 0.939617 0.342228
    outer loop
      vertex 43.4 -17.9725 126.869
      vertex 47 -17.8534 126.542
      vertex 43.4 -17.8534 126.542
    endloop
  endfacet
  facet normal 0 0.913894 0.405952
    outer loop
      vertex 47 -17.9725 126.869
      vertex 43.4 -18.1142 127.188
      vertex 47 -18.1142 127.188
    endloop
  endfacet
  facet normal 0 0.913894 0.405952
    outer loop
      vertex 43.4 -18.1142 127.188
      vertex 47 -17.9725 126.869
      vertex 43.4 -17.9725 126.869
    endloop
  endfacet
  facet normal 0 0.883145 0.469099
    outer loop
      vertex 47 -18.1142 127.188
      vertex 43.4 -18.2778 127.496
      vertex 47 -18.2778 127.496
    endloop
  endfacet
  facet normal 0 0.883145 0.469099
    outer loop
      vertex 43.4 -18.2778 127.496
      vertex 47 -18.1142 127.188
      vertex 43.4 -18.1142 127.188
    endloop
  endfacet
  facet normal 0 0.847837 0.530257
    outer loop
      vertex 47 -18.2778 127.496
      vertex 43.4 -18.4623 127.791
      vertex 47 -18.4623 127.791
    endloop
  endfacet
  facet normal 0 0.847837 0.530257
    outer loop
      vertex 43.4 -18.4623 127.791
      vertex 47 -18.2778 127.496
      vertex 43.4 -18.2778 127.496
    endloop
  endfacet
  facet normal 0 0.809133 0.587626
    outer loop
      vertex 47 -18.4623 127.791
      vertex 43.4 -18.6671 128.073
      vertex 47 -18.6671 128.073
    endloop
  endfacet
  facet normal 0 0.809133 0.587626
    outer loop
      vertex 43.4 -18.6671 128.073
      vertex 47 -18.4623 127.791
      vertex 43.4 -18.4623 127.791
    endloop
  endfacet
  facet normal 0 0.7661 0.642721
    outer loop
      vertex 47 -18.6671 128.073
      vertex 43.4 -18.8911 128.34
      vertex 47 -18.8911 128.34
    endloop
  endfacet
  facet normal 0 0.7661 0.642721
    outer loop
      vertex 43.4 -18.8911 128.34
      vertex 47 -18.6671 128.073
      vertex 43.4 -18.6671 128.073
    endloop
  endfacet
  facet normal 0 0.718653 0.695369
    outer loop
      vertex 47 -18.8911 128.34
      vertex 43.4 -19.133 128.59
      vertex 47 -19.133 128.59
    endloop
  endfacet
  facet normal 0 0.718653 0.695369
    outer loop
      vertex 43.4 -19.133 128.59
      vertex 47 -18.8911 128.34
      vertex 43.4 -18.8911 128.34
    endloop
  endfacet
  facet normal -0 0.668806 0.743437
    outer loop
      vertex 43.4 -19.133 128.59
      vertex 47 -19.392 128.823
      vertex 47 -19.133 128.59
    endloop
  endfacet
  facet normal 0 0.668806 0.743437
    outer loop
      vertex 47 -19.392 128.823
      vertex 43.4 -19.133 128.59
      vertex 43.4 -19.392 128.823
    endloop
  endfacet
  facet normal -0 0.616618 0.787263
    outer loop
      vertex 43.4 -19.392 128.823
      vertex 47 -19.6665 129.038
      vertex 47 -19.392 128.823
    endloop
  endfacet
  facet normal 0 0.616618 0.787263
    outer loop
      vertex 47 -19.6665 129.038
      vertex 43.4 -19.392 128.823
      vertex 43.4 -19.6665 129.038
    endloop
  endfacet
  facet normal -0 0.557748 0.83001
    outer loop
      vertex 43.4 -19.6665 129.038
      vertex 47 -19.9552 129.232
      vertex 47 -19.6665 129.038
    endloop
  endfacet
  facet normal 0 0.557748 0.83001
    outer loop
      vertex 47 -19.9552 129.232
      vertex 43.4 -19.6665 129.038
      vertex 43.4 -19.9552 129.232
    endloop
  endfacet
  facet normal -0 0.501748 0.865014
    outer loop
      vertex 43.4 -19.9552 129.232
      vertex 47 -20.2569 129.407
      vertex 47 -19.9552 129.232
    endloop
  endfacet
  facet normal 0 0.501748 0.865014
    outer loop
      vertex 47 -20.2569 129.407
      vertex 43.4 -19.9552 129.232
      vertex 43.4 -20.2569 129.407
    endloop
  endfacet
  facet normal -0 0.436612 0.89965
    outer loop
      vertex 43.4 -20.2569 129.407
      vertex 47 -20.5701 129.559
      vertex 47 -20.2569 129.407
    endloop
  endfacet
  facet normal 0 0.436612 0.89965
    outer loop
      vertex 47 -20.5701 129.559
      vertex 43.4 -20.2569 129.407
      vertex 43.4 -20.5701 129.559
    endloop
  endfacet
  facet normal -0 0.375938 0.926645
    outer loop
      vertex 43.4 -20.5701 129.559
      vertex 47 -20.893 129.69
      vertex 47 -20.5701 129.559
    endloop
  endfacet
  facet normal 0 0.375938 0.926645
    outer loop
      vertex 47 -20.893 129.69
      vertex 43.4 -20.5701 129.559
      vertex 43.4 -20.893 129.69
    endloop
  endfacet
  facet normal -0 0.309936 0.950757
    outer loop
      vertex 43.4 -20.893 129.69
      vertex 47 -21.2243 129.798
      vertex 47 -20.893 129.69
    endloop
  endfacet
  facet normal 0 0.309936 0.950757
    outer loop
      vertex 47 -21.2243 129.798
      vertex 43.4 -20.893 129.69
      vertex 43.4 -21.2243 129.798
    endloop
  endfacet
  facet normal -0 0.241887 0.970304
    outer loop
      vertex 43.4 -21.2243 129.798
      vertex 47 -21.5412 129.877
      vertex 47 -21.2243 129.798
    endloop
  endfacet
  facet normal 0 0.241887 0.970304
    outer loop
      vertex 47 -21.5412 129.877
      vertex 43.4 -21.2243 129.798
      vertex 43.4 -21.5412 129.877
    endloop
  endfacet
  facet normal -0 0.163446 0.986552
    outer loop
      vertex 43.4 -21.5412 129.877
      vertex 47 -21.9275 129.941
      vertex 47 -21.5412 129.877
    endloop
  endfacet
  facet normal 0 0.163446 0.986552
    outer loop
      vertex 47 -21.9275 129.941
      vertex 43.4 -21.5412 129.877
      vertex 43.4 -21.9275 129.941
    endloop
  endfacet
  facet normal -0 0.0865839 0.996245
    outer loop
      vertex 43.4 -21.9275 129.941
      vertex 47 -22.4913 129.99
      vertex 47 -21.9275 129.941
    endloop
  endfacet
  facet normal 0 0.0865839 0.996245
    outer loop
      vertex 47 -22.4913 129.99
      vertex 43.4 -21.9275 129.941
      vertex 43.4 -22.4913 129.99
    endloop
  endfacet
  facet normal -0 0.0458654 0.998948
    outer loop
      vertex 43.4 -22.4913 129.99
      vertex 47 -22.7091 130
      vertex 47 -22.4913 129.99
    endloop
  endfacet
  facet normal 0 0.0458654 0.998948
    outer loop
      vertex 47 -22.7091 130
      vertex 43.4 -22.4913 129.99
      vertex 43.4 -22.7091 130
    endloop
  endfacet
  facet normal -0 0 1
    outer loop
      vertex 43.4 -22.7091 130
      vertex 47 -34.6 130
      vertex 47 -22.7091 130
    endloop
  endfacet
  facet normal 0 0 1
    outer loop
      vertex 47 -34.6 130
      vertex 43.4 -22.7091 130
      vertex 43.4 -34.6 130
    endloop
  endfacet
  facet normal -0 0.0702385 0.99753
    outer loop
      vertex 43.4 -34.6 130
      vertex 47 -35.2959 130.049
      vertex 47 -34.6 130
    endloop
  endfacet
  facet normal 0 0.0702385 0.99753
    outer loop
      vertex 47 -35.2959 130.049
      vertex 43.4 -34.6 130
      vertex 43.4 -35.2959 130.049
    endloop
  endfacet
  facet normal -0 0.207874 0.978156
    outer loop
      vertex 43.4 -35.2959 130.049
      vertex 47 -35.9782 130.194
      vertex 47 -35.2959 130.049
    endloop
  endfacet
  facet normal 0 0.207874 0.978156
    outer loop
      vertex 47 -35.9782 130.194
      vertex 43.4 -35.2959 130.049
      vertex 43.4 -35.9782 130.194
    endloop
  endfacet
  facet normal -0 0.341282 0.939961
    outer loop
      vertex 43.4 -35.9782 130.194
      vertex 47 -36.6337 130.432
      vertex 47 -35.9782 130.194
    endloop
  endfacet
  facet normal 0 0.341282 0.939961
    outer loop
      vertex 47 -36.6337 130.432
      vertex 43.4 -35.9782 130.194
      vertex 43.4 -36.6337 130.432
    endloop
  endfacet
  facet normal -0 0.470053 0.882638
    outer loop
      vertex 43.4 -36.6337 130.432
      vertex 47 -37.2496 130.76
      vertex 47 -36.6337 130.432
    endloop
  endfacet
  facet normal 0 0.470053 0.882638
    outer loop
      vertex 47 -37.2496 130.76
      vertex 43.4 -36.6337 130.432
      vertex 43.4 -37.2496 130.76
    endloop
  endfacet
  facet normal -0 0.587797 0.809009
    outer loop
      vertex 43.4 -37.2496 130.76
      vertex 47 -37.8139 131.17
      vertex 47 -37.2496 130.76
    endloop
  endfacet
  facet normal 0 0.587797 0.809009
    outer loop
      vertex 47 -37.8139 131.17
      vertex 43.4 -37.2496 130.76
      vertex 43.4 -37.8139 131.17
    endloop
  endfacet
  facet normal -0 0.694226 0.719757
    outer loop
      vertex 43.4 -37.8139 131.17
      vertex 47 -38.3157 131.654
      vertex 47 -37.8139 131.17
    endloop
  endfacet
  facet normal 0 0.694226 0.719757
    outer loop
      vertex 47 -38.3157 131.654
      vertex 43.4 -37.8139 131.17
      vertex 43.4 -38.3157 131.654
    endloop
  endfacet
  facet normal 0 0.788155 0.615477
    outer loop
      vertex 47 -38.3157 131.654
      vertex 43.4 -38.7452 132.204
      vertex 47 -38.7452 132.204
    endloop
  endfacet
  facet normal 0 0.788155 0.615477
    outer loop
      vertex 43.4 -38.7452 132.204
      vertex 47 -38.3157 131.654
      vertex 43.4 -38.3157 131.654
    endloop
  endfacet
  facet normal 0 0.865975 0.500086
    outer loop
      vertex 47 -38.7452 132.204
      vertex 43.4 -39.094 132.808
      vertex 47 -39.094 132.808
    endloop
  endfacet
  facet normal 0 0.865975 0.500086
    outer loop
      vertex 43.4 -39.094 132.808
      vertex 47 -38.7452 132.204
      vertex 43.4 -38.7452 132.204
    endloop
  endfacet
  facet normal 0 0.927236 0.374477
    outer loop
      vertex 47 -39.094 132.808
      vertex 43.4 -39.3553 133.455
      vertex 47 -39.3553 133.455
    endloop
  endfacet
  facet normal 0 0.927236 0.374477
    outer loop
      vertex 43.4 -39.3553 133.455
      vertex 47 -39.094 132.808
      vertex 43.4 -39.094 132.808
    endloop
  endfacet
  facet normal 0 0.970328 0.241794
    outer loop
      vertex 47 -39.3553 133.455
      vertex 43.4 -39.524 134.132
      vertex 47 -39.524 134.132
    endloop
  endfacet
  facet normal 0 0.970328 0.241794
    outer loop
      vertex 43.4 -39.524 134.132
      vertex 47 -39.3553 133.455
      vertex 43.4 -39.3553 133.455
    endloop
  endfacet
  facet normal 0 0.996189 0.0872239
    outer loop
      vertex 47 -39.524 134.132
      vertex 43.4 -39.6 135
      vertex 47 -39.6 135
    endloop
  endfacet
  facet normal 0 0.996189 0.0872239
    outer loop
      vertex 43.4 -39.6 135
      vertex 47 -39.524 134.132
      vertex 43.4 -39.524 134.132
    endloop
  endfacet
  facet normal 0 1 -0
    outer loop
      vertex 47 -39.6 135
      vertex 43.4 -39.6 150
      vertex 47 -39.6 150
    endloop
  endfacet
  facet normal 0 1 0
    outer loop
      vertex 43.4 -39.6 150
      vertex 47 -39.6 135
      vertex 43.4 -39.6 135
    endloop
  endfacet
  facet normal 0 0.997561 -0.0698006
    outer loop
      vertex 47 -39.6 150
      vertex 43.4 -39.5513 150.696
      vertex 47 -39.5513 150.696
    endloop
  endfacet
  facet normal 0 0.997561 -0.0698006
    outer loop
      vertex 43.4 -39.5513 150.696
      vertex 47 -39.6 150
      vertex 43.4 -39.6 150
    endloop
  endfacet
  facet normal 0 0.978137 -0.207962
    outer loop
      vertex 47 -39.5513 150.696
      vertex 43.4 -39.4063 151.378
      vertex 47 -39.4063 151.378
    endloop
  endfacet
  facet normal 0 0.978137 -0.207962
    outer loop
      vertex 43.4 -39.4063 151.378
      vertex 47 -39.5513 150.696
      vertex 43.4 -39.5513 150.696
    endloop
  endfacet
  facet normal 0 0.939768 -0.341812
    outer loop
      vertex 47 -39.4063 151.378
      vertex 43.4 -39.1677 152.034
      vertex 47 -39.1677 152.034
    endloop
  endfacet
  facet normal 0 0.939768 -0.341812
    outer loop
      vertex 43.4 -39.1677 152.034
      vertex 47 -39.4063 151.378
      vertex 43.4 -39.4063 151.378
    endloop
  endfacet
  facet normal 0 0.882967 -0.469435
    outer loop
      vertex 47 -39.1677 152.034
      vertex 43.4 -38.8402 152.65
      vertex 47 -38.8402 152.65
    endloop
  endfacet
  facet normal 0 0.882967 -0.469435
    outer loop
      vertex 43.4 -38.8402 152.65
      vertex 47 -39.1677 152.034
      vertex 43.4 -39.1677 152.034
    endloop
  endfacet
  facet normal 0 0.80886 -0.588001
    outer loop
      vertex 47 -38.8402 152.65
      vertex 43.4 -38.4302 153.214
      vertex 47 -38.4302 153.214
    endloop
  endfacet
  facet normal 0 0.80886 -0.588001
    outer loop
      vertex 43.4 -38.4302 153.214
      vertex 47 -38.8402 152.65
      vertex 43.4 -38.8402 152.65
    endloop
  endfacet
  facet normal 0 0.719466 -0.694528
    outer loop
      vertex 47 -38.4302 153.214
      vertex 43.4 -37.9456 153.716
      vertex 47 -37.9456 153.716
    endloop
  endfacet
  facet normal 0 0.719466 -0.694528
    outer loop
      vertex 43.4 -37.9456 153.716
      vertex 47 -38.4302 153.214
      vertex 43.4 -38.4302 153.214
    endloop
  endfacet
  facet normal 0 0.61531 -0.788285
    outer loop
      vertex 43.4 -37.9456 153.716
      vertex 47 -37.396 154.145
      vertex 47 -37.9456 153.716
    endloop
  endfacet
  facet normal 0 0.61531 -0.788285
    outer loop
      vertex 47 -37.396 154.145
      vertex 43.4 -37.9456 153.716
      vertex 43.4 -37.396 154.145
    endloop
  endfacet
  facet normal 0 0.500177 -0.865923
    outer loop
      vertex 43.4 -37.396 154.145
      vertex 47 -36.7918 154.494
      vertex 47 -37.396 154.145
    endloop
  endfacet
  facet normal 0 0.500177 -0.865923
    outer loop
      vertex 47 -36.7918 154.494
      vertex 43.4 -37.396 154.145
      vertex 43.4 -36.7918 154.494
    endloop
  endfacet
  facet normal 0 0.374257 -0.927325
    outer loop
      vertex 43.4 -36.7918 154.494
      vertex 47 -36.1451 154.755
      vertex 47 -36.7918 154.494
    endloop
  endfacet
  facet normal 0 0.374257 -0.927325
    outer loop
      vertex 47 -36.1451 154.755
      vertex 43.4 -36.7918 154.494
      vertex 43.4 -36.1451 154.755
    endloop
  endfacet
  facet normal 0 0.242232 -0.970218
    outer loop
      vertex 43.4 -36.1451 154.755
      vertex 47 -35.4682 154.924
      vertex 47 -36.1451 154.755
    endloop
  endfacet
  facet normal 0 0.242232 -0.970218
    outer loop
      vertex 47 -35.4682 154.924
      vertex 43.4 -36.1451 154.755
      vertex 43.4 -35.4682 154.924
    endloop
  endfacet
  facet normal 0 0.087204 -0.99619
    outer loop
      vertex 43.4 -35.4682 154.924
      vertex 47 -34.6 155
      vertex 47 -35.4682 154.924
    endloop
  endfacet
  facet normal 0 0.087204 -0.99619
    outer loop
      vertex 47 -34.6 155
      vertex 43.4 -35.4682 154.924
      vertex 43.4 -34.6 155
    endloop
  endfacet
  facet normal 0 0 -1
    outer loop
      vertex 43.4 -34.6 155
      vertex 47 34.6 155
      vertex 47 -34.6 155
    endloop
  endfacet
  facet normal -0 0 -1
    outer loop
      vertex 47 34.6 155
      vertex 43.4 -34.6 155
      vertex 43.4 34.6 155
    endloop
  endfacet
  facet normal 0 -0.0702385 -0.99753
    outer loop
      vertex 43.4 34.6 155
      vertex 47 35.2959 154.951
      vertex 47 34.6 155
    endloop
  endfacet
  facet normal -0 -0.0702385 -0.99753
    outer loop
      vertex 47 35.2959 154.951
      vertex 43.4 34.6 155
      vertex 43.4 35.2959 154.951
    endloop
  endfacet
  facet normal 0 -0.207874 -0.978156
    outer loop
      vertex 43.4 35.2959 154.951
      vertex 47 35.9782 154.806
      vertex 47 35.2959 154.951
    endloop
  endfacet
  facet normal -0 -0.207874 -0.978156
    outer loop
      vertex 47 35.9782 154.806
      vertex 43.4 35.2959 154.951
      vertex 43.4 35.9782 154.806
    endloop
  endfacet
  facet normal 0 -0.341282 -0.939961
    outer loop
      vertex 43.4 35.9782 154.806
      vertex 47 36.6337 154.568
      vertex 47 35.9782 154.806
    endloop
  endfacet
  facet normal -0 -0.341282 -0.939961
    outer loop
      vertex 47 36.6337 154.568
      vertex 43.4 35.9782 154.806
      vertex 43.4 36.6337 154.568
    endloop
  endfacet
  facet normal 0 -0.470053 -0.882638
    outer loop
      vertex 43.4 36.6337 154.568
      vertex 47 37.2496 154.24
      vertex 47 36.6337 154.568
    endloop
  endfacet
  facet normal -0 -0.470053 -0.882638
    outer loop
      vertex 47 37.2496 154.24
      vertex 43.4 36.6337 154.568
      vertex 43.4 37.2496 154.24
    endloop
  endfacet
  facet normal 0 -0.587797 -0.809009
    outer loop
      vertex 43.4 37.2496 154.24
      vertex 47 37.8139 153.83
      vertex 47 37.2496 154.24
    endloop
  endfacet
  facet normal -0 -0.587797 -0.809009
    outer loop
      vertex 47 37.8139 153.83
      vertex 43.4 37.2496 154.24
      vertex 43.4 37.8139 153.83
    endloop
  endfacet
  facet normal 0 -0.694226 -0.719757
    outer loop
      vertex 43.4 37.8139 153.83
      vertex 47 38.3157 153.346
      vertex 47 37.8139 153.83
    endloop
  endfacet
  facet normal -0 -0.694226 -0.719757
    outer loop
      vertex 47 38.3157 153.346
      vertex 43.4 37.8139 153.83
      vertex 43.4 38.3157 153.346
    endloop
  endfacet
  facet normal 0 -0.788155 -0.615477
    outer loop
      vertex 43.4 38.7452 152.796
      vertex 47 38.3157 153.346
      vertex 43.4 38.3157 153.346
    endloop
  endfacet
  facet normal 0 -0.788155 -0.615477
    outer loop
      vertex 47 38.3157 153.346
      vertex 43.4 38.7452 152.796
      vertex 47 38.7452 152.796
    endloop
  endfacet
  facet normal 0 -0.865975 -0.500086
    outer loop
      vertex 43.4 39.094 152.192
      vertex 47 38.7452 152.796
      vertex 43.4 38.7452 152.796
    endloop
  endfacet
  facet normal 0 -0.865975 -0.500086
    outer loop
      vertex 47 38.7452 152.796
      vertex 43.4 39.094 152.192
      vertex 47 39.094 152.192
    endloop
  endfacet
  facet normal 0 -0.927236 -0.374477
    outer loop
      vertex 43.4 39.3553 151.545
      vertex 47 39.094 152.192
      vertex 43.4 39.094 152.192
    endloop
  endfacet
  facet normal 0 -0.927236 -0.374477
    outer loop
      vertex 47 39.094 152.192
      vertex 43.4 39.3553 151.545
      vertex 47 39.3553 151.545
    endloop
  endfacet
  facet normal 0 -0.970328 -0.241794
    outer loop
      vertex 43.4 39.524 150.868
      vertex 47 39.3553 151.545
      vertex 43.4 39.3553 151.545
    endloop
  endfacet
  facet normal 0 -0.970328 -0.241794
    outer loop
      vertex 47 39.3553 151.545
      vertex 43.4 39.524 150.868
      vertex 47 39.524 150.868
    endloop
  endfacet
  facet normal 0 -0.996189 -0.0872239
    outer loop
      vertex 43.4 39.6 150
      vertex 47 39.524 150.868
      vertex 43.4 39.524 150.868
    endloop
  endfacet
  facet normal 0 -0.996189 -0.0872239
    outer loop
      vertex 47 39.524 150.868
      vertex 43.4 39.6 150
      vertex 47 39.6 150
    endloop
  endfacet
  facet normal 0 -1 0
    outer loop
      vertex 43.4 39.6 135
      vertex 47 39.6 150
      vertex 43.4 39.6 150
    endloop
  endfacet
  facet normal 0 -1 -0
    outer loop
      vertex 47 39.6 150
      vertex 43.4 39.6 135
      vertex 47 39.6 135
    endloop
  endfacet
  facet normal 0 -0.997561 0.0698006
    outer loop
      vertex 43.4 39.5513 134.304
      vertex 47 39.6 135
      vertex 43.4 39.6 135
    endloop
  endfacet
  facet normal 0 -0.997561 0.0698006
    outer loop
      vertex 47 39.6 135
      vertex 43.4 39.5513 134.304
      vertex 47 39.5513 134.304
    endloop
  endfacet
  facet normal 0 -0.978137 0.207962
    outer loop
      vertex 43.4 39.4063 133.622
      vertex 47 39.5513 134.304
      vertex 43.4 39.5513 134.304
    endloop
  endfacet
  facet normal 0 -0.978137 0.207962
    outer loop
      vertex 47 39.5513 134.304
      vertex 43.4 39.4063 133.622
      vertex 47 39.4063 133.622
    endloop
  endfacet
  facet normal 0 -0.939768 0.341812
    outer loop
      vertex 43.4 39.1677 132.966
      vertex 47 39.4063 133.622
      vertex 43.4 39.4063 133.622
    endloop
  endfacet
  facet normal 0 -0.939768 0.341812
    outer loop
      vertex 47 39.4063 133.622
      vertex 43.4 39.1677 132.966
      vertex 47 39.1677 132.966
    endloop
  endfacet
  facet normal 0 -0.882967 0.469435
    outer loop
      vertex 43.4 38.8402 132.35
      vertex 47 39.1677 132.966
      vertex 43.4 39.1677 132.966
    endloop
  endfacet
  facet normal 0 -0.882967 0.469435
    outer loop
      vertex 47 39.1677 132.966
      vertex 43.4 38.8402 132.35
      vertex 47 38.8402 132.35
    endloop
  endfacet
  facet normal 0 -0.80886 0.588001
    outer loop
      vertex 43.4 38.4302 131.786
      vertex 47 38.8402 132.35
      vertex 43.4 38.8402 132.35
    endloop
  endfacet
  facet normal 0 -0.80886 0.588001
    outer loop
      vertex 47 38.8402 132.35
      vertex 43.4 38.4302 131.786
      vertex 47 38.4302 131.786
    endloop
  endfacet
  facet normal 0 -0.719466 0.694528
    outer loop
      vertex 43.4 37.9456 131.284
      vertex 47 38.4302 131.786
      vertex 43.4 38.4302 131.786
    endloop
  endfacet
  facet normal 0 -0.719466 0.694528
    outer loop
      vertex 47 38.4302 131.786
      vertex 43.4 37.9456 131.284
      vertex 47 37.9456 131.284
    endloop
  endfacet
  facet normal 0 -0.61531 0.788285
    outer loop
      vertex 43.4 37.9456 131.284
      vertex 47 37.396 130.855
      vertex 47 37.9456 131.284
    endloop
  endfacet
  facet normal 0 -0.61531 0.788285
    outer loop
      vertex 47 37.396 130.855
      vertex 43.4 37.9456 131.284
      vertex 43.4 37.396 130.855
    endloop
  endfacet
  facet normal 0 -0.500177 0.865923
    outer loop
      vertex 43.4 37.396 130.855
      vertex 47 36.7918 130.506
      vertex 47 37.396 130.855
    endloop
  endfacet
  facet normal 0 -0.500177 0.865923
    outer loop
      vertex 47 36.7918 130.506
      vertex 43.4 37.396 130.855
      vertex 43.4 36.7918 130.506
    endloop
  endfacet
  facet normal 0 -0.374257 0.927325
    outer loop
      vertex 43.4 36.7918 130.506
      vertex 47 36.1451 130.245
      vertex 47 36.7918 130.506
    endloop
  endfacet
  facet normal 0 -0.374257 0.927325
    outer loop
      vertex 47 36.1451 130.245
      vertex 43.4 36.7918 130.506
      vertex 43.4 36.1451 130.245
    endloop
  endfacet
  facet normal 0 -0.242232 0.970218
    outer loop
      vertex 43.4 36.1451 130.245
      vertex 47 35.4682 130.076
      vertex 47 36.1451 130.245
    endloop
  endfacet
  facet normal 0 -0.242232 0.970218
    outer loop
      vertex 47 35.4682 130.076
      vertex 43.4 36.1451 130.245
      vertex 43.4 35.4682 130.076
    endloop
  endfacet
  facet normal 0 -0.087204 0.99619
    outer loop
      vertex 43.4 35.4682 130.076
      vertex 47 34.6 130
      vertex 47 35.4682 130.076
    endloop
  endfacet
  facet normal 0 -0.087204 0.99619
    outer loop
      vertex 47 34.6 130
      vertex 43.4 35.4682 130.076
      vertex 43.4 34.6 130
    endloop
  endfacet
  facet normal -0 0 1
    outer loop
      vertex 43.4 34.6 130
      vertex 47 22.687 130
      vertex 47 34.6 130
    endloop
  endfacet
  facet normal 0 0 1
    outer loop
      vertex 47 22.687 130
      vertex 43.4 34.6 130
      vertex 43.4 22.687 130
    endloop
  endfacet
  facet normal 0 -0.0345019 0.999405
    outer loop
      vertex 43.4 22.687 130
      vertex 47 22.5132 129.994
      vertex 47 22.687 130
    endloop
  endfacet
  facet normal 0 -0.0345019 0.999405
    outer loop
      vertex 47 22.5132 129.994
      vertex 43.4 22.687 130
      vertex 43.4 22.5132 129.994
    endloop
  endfacet
  facet normal 0 -0.0688021 0.99763
    outer loop
      vertex 43.4 22.5132 129.994
      vertex 47 22.0782 129.964
      vertex 47 22.5132 129.994
    endloop
  endfacet
  facet normal 0 -0.0688021 0.99763
    outer loop
      vertex 47 22.0782 129.964
      vertex 43.4 22.5132 129.994
      vertex 43.4 22.0782 129.964
    endloop
  endfacet
  facet normal 0 -0.140698 0.990053
    outer loop
      vertex 43.4 22.0782 129.964
      vertex 47 21.7334 129.915
      vertex 47 22.0782 129.964
    endloop
  endfacet
  facet normal 0 -0.140698 0.990053
    outer loop
      vertex 47 21.7334 129.915
      vertex 43.4 22.0782 129.964
      vertex 43.4 21.7334 129.915
    endloop
  endfacet
  facet normal 0 -0.206763 0.978391
    outer loop
      vertex 43.4 21.7334 129.915
      vertex 47 21.3927 129.843
      vertex 47 21.7334 129.915
    endloop
  endfacet
  facet normal 0 -0.206763 0.978391
    outer loop
      vertex 47 21.3927 129.843
      vertex 43.4 21.7334 129.915
      vertex 43.4 21.3927 129.843
    endloop
  endfacet
  facet normal 0 -0.275403 0.961329
    outer loop
      vertex 43.4 21.3927 129.843
      vertex 47 21.0576 129.747
      vertex 47 21.3927 129.843
    endloop
  endfacet
  facet normal 0 -0.275403 0.961329
    outer loop
      vertex 47 21.0576 129.747
      vertex 43.4 21.3927 129.843
      vertex 43.4 21.0576 129.747
    endloop
  endfacet
  facet normal 0 -0.344415 0.938818
    outer loop
      vertex 43.4 21.0576 129.747
      vertex 47 20.7305 129.627
      vertex 47 21.0576 129.747
    endloop
  endfacet
  facet normal 0 -0.344415 0.938818
    outer loop
      vertex 47 20.7305 129.627
      vertex 43.4 21.0576 129.747
      vertex 43.4 20.7305 129.627
    endloop
  endfacet
  facet normal 0 -0.405019 0.914308
    outer loop
      vertex 43.4 20.7305 129.627
      vertex 47 20.4122 129.486
      vertex 47 20.7305 129.627
    endloop
  endfacet
  facet normal 0 -0.405019 0.914308
    outer loop
      vertex 47 20.4122 129.486
      vertex 43.4 20.7305 129.627
      vertex 43.4 20.4122 129.486
    endloop
  endfacet
  facet normal 0 -0.470231 0.882543
    outer loop
      vertex 43.4 20.4122 129.486
      vertex 47 20.1044 129.322
      vertex 47 20.4122 129.486
    endloop
  endfacet
  facet normal 0 -0.470231 0.882543
    outer loop
      vertex 47 20.1044 129.322
      vertex 43.4 20.4122 129.486
      vertex 43.4 20.1044 129.322
    endloop
  endfacet
  facet normal 0 -0.528965 0.848644
    outer loop
      vertex 43.4 20.1044 129.322
      vertex 47 19.8092 129.138
      vertex 47 20.1044 129.322
    endloop
  endfacet
  facet normal 0 -0.528965 0.848644
    outer loop
      vertex 47 19.8092 129.138
      vertex 43.4 20.1044 129.322
      vertex 43.4 19.8092 129.138
    endloop
  endfacet
  facet normal 0 -0.588138 0.808761
    outer loop
      vertex 43.4 19.8092 129.138
      vertex 47 19.5273 128.933
      vertex 47 19.8092 129.138
    endloop
  endfacet
  facet normal 0 -0.588138 0.808761
    outer loop
      vertex 47 19.5273 128.933
      vertex 43.4 19.8092 129.138
      vertex 43.4 19.5273 128.933
    endloop
  endfacet
  facet normal 0 -0.642862 0.765982
    outer loop
      vertex 43.4 19.5273 128.933
      vertex 47 19.2604 128.709
      vertex 47 19.5273 128.933
    endloop
  endfacet
  facet normal 0 -0.642862 0.765982
    outer loop
      vertex 47 19.2604 128.709
      vertex 43.4 19.5273 128.933
      vertex 43.4 19.2604 128.709
    endloop
  endfacet
  facet normal 0 -0.694799 0.719204
    outer loop
      vertex 43.4 19.2604 128.709
      vertex 47 19.0099 128.467
      vertex 47 19.2604 128.709
    endloop
  endfacet
  facet normal 0 -0.694799 0.719204
    outer loop
      vertex 47 19.0099 128.467
      vertex 43.4 19.2604 128.709
      vertex 43.4 19.0099 128.467
    endloop
  endfacet
  facet normal 0 -0.743151 0.669123
    outer loop
      vertex 43.4 18.7767 128.208
      vertex 47 19.0099 128.467
      vertex 43.4 19.0099 128.467
    endloop
  endfacet
  facet normal 0 -0.743151 0.669123
    outer loop
      vertex 47 19.0099 128.467
      vertex 43.4 18.7767 128.208
      vertex 47 18.7767 128.208
    endloop
  endfacet
  facet normal 0 -0.787554 0.616246
    outer loop
      vertex 43.4 18.5623 127.934
      vertex 47 18.7767 128.208
      vertex 43.4 18.7767 128.208
    endloop
  endfacet
  facet normal 0 -0.787554 0.616246
    outer loop
      vertex 47 18.7767 128.208
      vertex 43.4 18.5623 127.934
      vertex 47 18.5623 127.934
    endloop
  endfacet
  facet normal 0 -0.829347 0.558733
    outer loop
      vertex 43.4 18.3676 127.645
      vertex 47 18.5623 127.934
      vertex 43.4 18.5623 127.934
    endloop
  endfacet
  facet normal 0 -0.829347 0.558733
    outer loop
      vertex 47 18.5623 127.934
      vertex 43.4 18.3676 127.645
      vertex 47 18.3676 127.645
    endloop
  endfacet
  facet normal 0 -0.8661 0.499871
    outer loop
      vertex 43.4 18.1933 127.343
      vertex 47 18.3676 127.645
      vertex 43.4 18.3676 127.645
    endloop
  endfacet
  facet normal 0 -0.8661 0.499871
    outer loop
      vertex 47 18.3676 127.645
      vertex 43.4 18.1933 127.343
      vertex 47 18.1933 127.343
    endloop
  endfacet
  facet normal 0 -0.898749 0.438463
    outer loop
      vertex 43.4 18.0406 127.03
      vertex 47 18.1933 127.343
      vertex 43.4 18.1933 127.343
    endloop
  endfacet
  facet normal 0 -0.898749 0.438463
    outer loop
      vertex 47 18.1933 127.343
      vertex 43.4 18.0406 127.03
      vertex 47 18.0406 127.03
    endloop
  endfacet
  facet normal 0 -0.927184 0.374605
    outer loop
      vertex 43.4 17.9101 126.707
      vertex 47 18.0406 127.03
      vertex 43.4 18.0406 127.03
    endloop
  endfacet
  facet normal 0 -0.927184 0.374605
    outer loop
      vertex 47 18.0406 127.03
      vertex 43.4 17.9101 126.707
      vertex 47 17.9101 126.707
    endloop
  endfacet
  facet normal 0 -0.951013 0.309151
    outer loop
      vertex 43.4 17.8025 126.376
      vertex 47 17.9101 126.707
      vertex 43.4 17.9101 126.707
    endloop
  endfacet
  facet normal 0 -0.951013 0.309151
    outer loop
      vertex 47 17.9101 126.707
      vertex 43.4 17.8025 126.376
      vertex 47 17.8025 126.376
    endloop
  endfacet
  facet normal 0 -0.970322 0.241815
    outer loop
      vertex 43.4 17.7235 126.059
      vertex 47 17.8025 126.376
      vertex 43.4 17.8025 126.376
    endloop
  endfacet
  facet normal 0 -0.970322 0.241815
    outer loop
      vertex 47 17.8025 126.376
      vertex 43.4 17.7235 126.059
      vertex 47 17.7235 126.059
    endloop
  endfacet
  facet normal 0 -0.986242 0.16531
    outer loop
      vertex 43.4 17.6588 125.673
      vertex 47 17.7235 126.059
      vertex 43.4 17.7235 126.059
    endloop
  endfacet
  facet normal 0 -0.986242 0.16531
    outer loop
      vertex 47 17.7235 126.059
      vertex 43.4 17.6588 125.673
      vertex 47 17.6588 125.673
    endloop
  endfacet
  facet normal 0 -0.996201 0.0870793
    outer loop
      vertex 43.4 17.6095 125.109
      vertex 47 17.6588 125.673
      vertex 43.4 17.6588 125.673
    endloop
  endfacet
  facet normal 0 -0.996201 0.0870793
    outer loop
      vertex 47 17.6588 125.673
      vertex 43.4 17.6095 125.109
      vertex 47 17.6095 125.109
    endloop
  endfacet
  facet normal 0 -0.999052 0.0435367
    outer loop
      vertex 43.4 17.6 124.891
      vertex 47 17.6095 125.109
      vertex 43.4 17.6095 125.109
    endloop
  endfacet
  facet normal 0 -0.999052 0.0435367
    outer loop
      vertex 47 17.6095 125.109
      vertex 43.4 17.6 124.891
      vertex 47 17.6 124.891
    endloop
  endfacet
  facet normal 0 -1 0
    outer loop
      vertex 43.4 17.6 35.087
      vertex 47 17.6 124.891
      vertex 43.4 17.6 124.891
    endloop
  endfacet
  facet normal 0 -1 -0
    outer loop
      vertex 47 17.6 124.891
      vertex 43.4 17.6 35.087
      vertex 47 17.6 35.087
    endloop
  endfacet
  facet normal 0 -0.999385 -0.0350762
    outer loop
      vertex 43.4 17.6061 34.9132
      vertex 47 17.6 35.087
      vertex 43.4 17.6 35.087
    endloop
  endfacet
  facet normal 0 -0.999385 -0.0350762
    outer loop
      vertex 47 17.6 35.087
      vertex 43.4 17.6061 34.9132
      vertex 47 17.6061 34.9132
    endloop
  endfacet
  facet normal 0 -0.997567 -0.069715
    outer loop
      vertex 43.4 17.6365 34.4782
      vertex 47 17.6061 34.9132
      vertex 43.4 17.6061 34.9132
    endloop
  endfacet
  facet normal 0 -0.997567 -0.069715
    outer loop
      vertex 47 17.6061 34.9132
      vertex 43.4 17.6365 34.4782
      vertex 47 17.6365 34.4782
    endloop
  endfacet
  facet normal 0 -0.990291 -0.139008
    outer loop
      vertex 43.4 17.6849 34.1334
      vertex 47 17.6365 34.4782
      vertex 43.4 17.6365 34.4782
    endloop
  endfacet
  facet normal 0 -0.990291 -0.139008
    outer loop
      vertex 47 17.6365 34.4782
      vertex 43.4 17.6849 34.1334
      vertex 47 17.6849 34.1334
    endloop
  endfacet
  facet normal 0 -0.9781 -0.208137
    outer loop
      vertex 43.4 17.7574 33.7927
      vertex 47 17.6849 34.1334
      vertex 43.4 17.6849 34.1334
    endloop
  endfacet
  facet normal 0 -0.9781 -0.208137
    outer loop
      vertex 47 17.6849 34.1334
      vertex 43.4 17.7574 33.7927
      vertex 47 17.7574 33.7927
    endloop
  endfacet
  facet normal 0 -0.961329 -0.275403
    outer loop
      vertex 43.4 17.8534 33.4576
      vertex 47 17.7574 33.7927
      vertex 43.4 17.7574 33.7927
    endloop
  endfacet
  facet normal 0 -0.961329 -0.275403
    outer loop
      vertex 47 17.7574 33.7927
      vertex 43.4 17.8534 33.4576
      vertex 47 17.8534 33.4576
    endloop
  endfacet
  facet normal 0 -0.939651 -0.342135
    outer loop
      vertex 43.4 17.9725 33.1305
      vertex 47 17.8534 33.4576
      vertex 43.4 17.8534 33.4576
    endloop
  endfacet
  facet normal 0 -0.939651 -0.342135
    outer loop
      vertex 47 17.8534 33.4576
      vertex 43.4 17.9725 33.1305
      vertex 47 17.9725 33.1305
    endloop
  endfacet
  facet normal 0 -0.913563 -0.406698
    outer loop
      vertex 43.4 18.1142 32.8122
      vertex 47 17.9725 33.1305
      vertex 43.4 17.9725 33.1305
    endloop
  endfacet
  facet normal 0 -0.913563 -0.406698
    outer loop
      vertex 47 17.9725 33.1305
      vertex 43.4 18.1142 32.8122
      vertex 47 18.1142 32.8122
    endloop
  endfacet
  facet normal 0 -0.883019 -0.469337
    outer loop
      vertex 43.4 18.2778 32.5044
      vertex 47 18.1142 32.8122
      vertex 43.4 18.1142 32.8122
    endloop
  endfacet
  facet normal 0 -0.883019 -0.469337
    outer loop
      vertex 47 18.1142 32.8122
      vertex 43.4 18.2778 32.5044
      vertex 47 18.2778 32.5044
    endloop
  endfacet
  facet normal 0 -0.847998 -0.529999
    outer loop
      vertex 43.4 18.4623 32.2092
      vertex 47 18.2778 32.5044
      vertex 43.4 18.2778 32.5044
    endloop
  endfacet
  facet normal 0 -0.847998 -0.529999
    outer loop
      vertex 47 18.2778 32.5044
      vertex 43.4 18.4623 32.2092
      vertex 47 18.4623 32.2092
    endloop
  endfacet
  facet normal 0 -0.808935 -0.587899
    outer loop
      vertex 43.4 18.6671 31.9274
      vertex 47 18.4623 32.2092
      vertex 43.4 18.4623 32.2092
    endloop
  endfacet
  facet normal 0 -0.808935 -0.587899
    outer loop
      vertex 47 18.4623 32.2092
      vertex 43.4 18.6671 31.9274
      vertex 47 18.6671 31.9274
    endloop
  endfacet
  facet normal 0 -0.7661 -0.642721
    outer loop
      vertex 43.4 18.8911 31.6604
      vertex 47 18.6671 31.9274
      vertex 43.4 18.6671 31.9274
    endloop
  endfacet
  facet normal 0 -0.7661 -0.642721
    outer loop
      vertex 47 18.6671 31.9274
      vertex 43.4 18.8911 31.6604
      vertex 47 18.8911 31.6604
    endloop
  endfacet
  facet normal 0 -0.719347 -0.694651
    outer loop
      vertex 43.4 19.133 31.4099
      vertex 47 18.8911 31.6604
      vertex 43.4 18.8911 31.6604
    endloop
  endfacet
  facet normal 0 -0.719347 -0.694651
    outer loop
      vertex 47 18.8911 31.6604
      vertex 43.4 19.133 31.4099
      vertex 47 19.133 31.4099
    endloop
  endfacet
  facet normal 0 -0.669123 -0.743151
    outer loop
      vertex 43.4 19.133 31.4099
      vertex 47 19.392 31.1767
      vertex 47 19.133 31.4099
    endloop
  endfacet
  facet normal -0 -0.669123 -0.743151
    outer loop
      vertex 47 19.392 31.1767
      vertex 43.4 19.133 31.4099
      vertex 43.4 19.392 31.1767
    endloop
  endfacet
  facet normal 0 -0.615549 -0.788098
    outer loop
      vertex 43.4 19.392 31.1767
      vertex 47 19.6665 30.9623
      vertex 47 19.392 31.1767
    endloop
  endfacet
  facet normal -0 -0.615549 -0.788098
    outer loop
      vertex 47 19.6665 30.9623
      vertex 43.4 19.392 31.1767
      vertex 43.4 19.6665 30.9623
    endloop
  endfacet
  facet normal 0 -0.559132 -0.829078
    outer loop
      vertex 43.4 19.6665 30.9623
      vertex 47 19.9552 30.7676
      vertex 47 19.6665 30.9623
    endloop
  endfacet
  facet normal -0 -0.559132 -0.829078
    outer loop
      vertex 47 19.9552 30.7676
      vertex 43.4 19.6665 30.9623
      vertex 43.4 19.9552 30.7676
    endloop
  endfacet
  facet normal 0 -0.500244 -0.865884
    outer loop
      vertex 43.4 19.9552 30.7676
      vertex 47 20.2569 30.5933
      vertex 47 19.9552 30.7676
    endloop
  endfacet
  facet normal -0 -0.500244 -0.865884
    outer loop
      vertex 47 20.2569 30.5933
      vertex 43.4 19.9552 30.7676
      vertex 43.4 20.2569 30.5933
    endloop
  endfacet
  facet normal 0 -0.438237 -0.898859
    outer loop
      vertex 43.4 20.2569 30.5933
      vertex 47 20.5701 30.4406
      vertex 47 20.2569 30.5933
    endloop
  endfacet
  facet normal -0 -0.438237 -0.898859
    outer loop
      vertex 47 20.5701 30.4406
      vertex 43.4 20.2569 30.5933
      vertex 43.4 20.5701 30.4406
    endloop
  endfacet
  facet normal 0 -0.374705 -0.927144
    outer loop
      vertex 43.4 20.5701 30.4406
      vertex 47 20.893 30.3101
      vertex 47 20.5701 30.4406
    endloop
  endfacet
  facet normal -0 -0.374705 -0.927144
    outer loop
      vertex 47 20.893 30.3101
      vertex 43.4 20.5701 30.4406
      vertex 43.4 20.893 30.3101
    endloop
  endfacet
  facet normal 0 -0.308898 -0.951095
    outer loop
      vertex 43.4 20.893 30.3101
      vertex 47 21.2243 30.2025
      vertex 47 20.893 30.3101
    endloop
  endfacet
  facet normal -0 -0.308898 -0.951095
    outer loop
      vertex 47 21.2243 30.2025
      vertex 43.4 20.893 30.3101
      vertex 43.4 21.2243 30.2025
    endloop
  endfacet
  facet normal 0 -0.241887 -0.970304
    outer loop
      vertex 43.4 21.2243 30.2025
      vertex 47 21.5412 30.1235
      vertex 47 21.2243 30.2025
    endloop
  endfacet
  facet normal -0 -0.241887 -0.970304
    outer loop
      vertex 47 21.5412 30.1235
      vertex 43.4 21.2243 30.2025
      vertex 43.4 21.5412 30.1235
    endloop
  endfacet
  facet normal 0 -0.165186 -0.986263
    outer loop
      vertex 43.4 21.5412 30.1235
      vertex 47 21.9275 30.0588
      vertex 47 21.5412 30.1235
    endloop
  endfacet
  facet normal -0 -0.165186 -0.986263
    outer loop
      vertex 47 21.9275 30.0588
      vertex 43.4 21.5412 30.1235
      vertex 43.4 21.9275 30.0588
    endloop
  endfacet
  facet normal 0 -0.08711 -0.996199
    outer loop
      vertex 43.4 21.9275 30.0588
      vertex 47 22.4913 30.0095
      vertex 47 21.9275 30.0588
    endloop
  endfacet
  facet normal -0 -0.08711 -0.996199
    outer loop
      vertex 47 22.4913 30.0095
      vertex 43.4 21.9275 30.0588
      vertex 43.4 22.4913 30.0095
    endloop
  endfacet
  facet normal 0 -0.0435766 -0.99905
    outer loop
      vertex 43.4 22.4913 30.0095
      vertex 47 22.7091 30
      vertex 47 22.4913 30.0095
    endloop
  endfacet
  facet normal -0 -0.0435766 -0.99905
    outer loop
      vertex 47 22.7091 30
      vertex 43.4 22.4913 30.0095
      vertex 43.4 22.7091 30
    endloop
  endfacet
  facet normal 0 0 -1
    outer loop
      vertex 43.4 22.7091 30
      vertex 47 34.6 30
      vertex 47 22.7091 30
    endloop
  endfacet
  facet normal -0 0 -1
    outer loop
      vertex 47 34.6 30
      vertex 43.4 22.7091 30
      vertex 43.4 34.6 30
    endloop
  endfacet
  facet normal 0 -0.0698106 -0.99756
    outer loop
      vertex 43.4 34.6 30
      vertex 47 35.2959 29.9513
      vertex 47 34.6 30
    endloop
  endfacet
  facet normal -0 -0.0698106 -0.99756
    outer loop
      vertex 47 35.2959 29.9513
      vertex 43.4 34.6 30
      vertex 43.4 35.2959 29.9513
    endloop
  endfacet
  facet normal 0 -0.207874 -0.978156
    outer loop
      vertex 43.4 35.2959 29.9513
      vertex 47 35.9782 29.8063
      vertex 47 35.2959 29.9513
    endloop
  endfacet
  facet normal -0 -0.207874 -0.978156
    outer loop
      vertex 47 35.9782 29.8063
      vertex 43.4 35.2959 29.9513
      vertex 43.4 35.9782 29.8063
    endloop
  endfacet
  facet normal 0 -0.342042 -0.939685
    outer loop
      vertex 43.4 35.9782 29.8063
      vertex 47 36.6337 29.5677
      vertex 47 35.9782 29.8063
    endloop
  endfacet
  facet normal -0 -0.342042 -0.939685
    outer loop
      vertex 47 36.6337 29.5677
      vertex 43.4 35.9782 29.8063
      vertex 43.4 36.6337 29.5677
    endloop
  endfacet
  facet normal 0 -0.469494 -0.882936
    outer loop
      vertex 43.4 36.6337 29.5677
      vertex 47 37.2496 29.2402
      vertex 47 36.6337 29.5677
    endloop
  endfacet
  facet normal -0 -0.469494 -0.882936
    outer loop
      vertex 47 37.2496 29.2402
      vertex 43.4 36.6337 29.5677
      vertex 43.4 37.2496 29.2402
    endloop
  endfacet
  facet normal 0 -0.587797 -0.809009
    outer loop
      vertex 43.4 37.2496 29.2402
      vertex 47 37.8139 28.8302
      vertex 47 37.2496 29.2402
    endloop
  endfacet
  facet normal -0 -0.587797 -0.809009
    outer loop
      vertex 47 37.8139 28.8302
      vertex 43.4 37.2496 29.2402
      vertex 43.4 37.8139 28.8302
    endloop
  endfacet
  facet normal 0 -0.694597 -0.719399
    outer loop
      vertex 43.4 37.8139 28.8302
      vertex 47 38.3157 28.3457
      vertex 47 37.8139 28.8302
    endloop
  endfacet
  facet normal -0 -0.694597 -0.719399
    outer loop
      vertex 47 38.3157 28.3457
      vertex 43.4 37.8139 28.8302
      vertex 43.4 38.3157 28.3457
    endloop
  endfacet
  facet normal 0 -0.787992 -0.615686
    outer loop
      vertex 43.4 38.7452 27.796
      vertex 47 38.3157 28.3457
      vertex 43.4 38.3157 28.3457
    endloop
  endfacet
  facet normal 0 -0.787992 -0.615686
    outer loop
      vertex 47 38.3157 28.3457
      vertex 43.4 38.7452 27.796
      vertex 47 38.7452 27.796
    endloop
  endfacet
  facet normal 0 -0.866047 -0.499962
    outer loop
      vertex 43.4 39.094 27.1918
      vertex 47 38.7452 27.796
      vertex 43.4 38.7452 27.796
    endloop
  endfacet
  facet normal 0 -0.866047 -0.499962
    outer loop
      vertex 47 38.7452 27.796
      vertex 43.4 39.094 27.1918
      vertex 47 39.094 27.1918
    endloop
  endfacet
  facet normal 0 -0.927176 -0.374627
    outer loop
      vertex 43.4 39.3553 26.5451
      vertex 47 39.094 27.1918
      vertex 43.4 39.094 27.1918
    endloop
  endfacet
  facet normal 0 -0.927176 -0.374627
    outer loop
      vertex 47 39.094 27.1918
      vertex 43.4 39.3553 26.5451
      vertex 47 39.3553 26.5451
    endloop
  endfacet
  facet normal 0 -0.970319 -0.241827
    outer loop
      vertex 43.4 39.524 25.8682
      vertex 47 39.3553 26.5451
      vertex 43.4 39.3553 26.5451
    endloop
  endfacet
  facet normal 0 -0.970319 -0.241827
    outer loop
      vertex 47 39.3553 26.5451
      vertex 43.4 39.524 25.8682
      vertex 47 39.524 25.8682
    endloop
  endfacet
  facet normal 0 -0.99619 -0.087204
    outer loop
      vertex 43.4 39.6 25
      vertex 47 39.524 25.8682
      vertex 43.4 39.524 25.8682
    endloop
  endfacet
  facet normal 0 -0.99619 -0.087204
    outer loop
      vertex 47 39.524 25.8682
      vertex 43.4 39.6 25
      vertex 47 39.6 25
    endloop
  endfacet
  facet normal 0 -1 0
    outer loop
      vertex 43.4 39.6 10
      vertex 47 39.6 25
      vertex 43.4 39.6 25
    endloop
  endfacet
  facet normal 0 -1 -0
    outer loop
      vertex 47 39.6 25
      vertex 43.4 39.6 10
      vertex 47 39.6 10
    endloop
  endfacet
  facet normal 0 -0.99756 0.0698146
    outer loop
      vertex 43.4 39.5513 9.30414
      vertex 47 39.6 10
      vertex 43.4 39.6 10
    endloop
  endfacet
  facet normal 0 -0.99756 0.0698146
    outer loop
      vertex 47 39.6 10
      vertex 43.4 39.5513 9.30414
      vertex 47 39.5513 9.30414
    endloop
  endfacet
  facet normal 0 -0.978157 0.207865
    outer loop
      vertex 43.4 39.4063 8.62181
      vertex 47 39.5513 9.30414
      vertex 43.4 39.5513 9.30414
    endloop
  endfacet
  facet normal 0 -0.978157 0.207865
    outer loop
      vertex 47 39.5513 9.30414
      vertex 43.4 39.4063 8.62181
      vertex 47 39.4063 8.62181
    endloop
  endfacet
  facet normal 0 -0.939683 0.342047
    outer loop
      vertex 43.4 39.1677 7.96632
      vertex 47 39.4063 8.62181
      vertex 43.4 39.4063 8.62181
    endloop
  endfacet
  facet normal 0 -0.939683 0.342047
    outer loop
      vertex 47 39.4063 8.62181
      vertex 43.4 39.1677 7.96632
      vertex 47 39.1677 7.96632
    endloop
  endfacet
  facet normal 0 -0.882942 0.469482
    outer loop
      vertex 43.4 38.8402 7.3504
      vertex 47 39.1677 7.96632
      vertex 43.4 39.1677 7.96632
    endloop
  endfacet
  facet normal 0 -0.882942 0.469482
    outer loop
      vertex 47 39.1677 7.96632
      vertex 43.4 38.8402 7.3504
      vertex 47 38.8402 7.3504
    endloop
  endfacet
  facet normal 0 -0.809029 0.587769
    outer loop
      vertex 43.4 38.4302 6.78606
      vertex 47 38.8402 7.3504
      vertex 43.4 38.8402 7.3504
    endloop
  endfacet
  facet normal 0 -0.809029 0.587769
    outer loop
      vertex 47 38.8402 7.3504
      vertex 43.4 38.4302 6.78606
      vertex 47 38.4302 6.78606
    endloop
  endfacet
  facet normal 0 -0.71932 0.694678
    outer loop
      vertex 43.4 37.9456 6.28427
      vertex 47 38.4302 6.78606
      vertex 43.4 38.4302 6.78606
    endloop
  endfacet
  facet normal 0 -0.71932 0.694678
    outer loop
      vertex 47 38.4302 6.78606
      vertex 43.4 37.9456 6.28427
      vertex 47 37.9456 6.28427
    endloop
  endfacet
  facet normal 0 -0.61572 0.787965
    outer loop
      vertex 43.4 37.9456 6.28427
      vertex 47 37.396 5.85481
      vertex 47 37.9456 6.28427
    endloop
  endfacet
  facet normal 0 -0.61572 0.787965
    outer loop
      vertex 47 37.396 5.85481
      vertex 43.4 37.9456 6.28427
      vertex 43.4 37.396 5.85481
    endloop
  endfacet
  facet normal 0 -0.499941 0.86606
    outer loop
      vertex 43.4 37.396 5.85481
      vertex 47 36.7918 5.50603
      vertex 47 37.396 5.85481
    endloop
  endfacet
  facet normal 0 -0.499941 0.86606
    outer loop
      vertex 47 36.7918 5.50603
      vertex 43.4 37.396 5.85481
      vertex 43.4 36.7918 5.50603
    endloop
  endfacet
  facet normal 0 -0.374639 0.927171
    outer loop
      vertex 43.4 36.7918 5.50603
      vertex 47 36.1451 5.24472
      vertex 47 36.7918 5.50603
    endloop
  endfacet
  facet normal 0 -0.374639 0.927171
    outer loop
      vertex 47 36.1451 5.24472
      vertex 43.4 36.7918 5.50603
      vertex 43.4 36.1451 5.24472
    endloop
  endfacet
  facet normal 0 -0.241908 0.970299
    outer loop
      vertex 43.4 36.1451 5.24472
      vertex 47 35.4682 5.07596
      vertex 47 36.1451 5.24472
    endloop
  endfacet
  facet normal 0 -0.241908 0.970299
    outer loop
      vertex 47 35.4682 5.07596
      vertex 43.4 36.1451 5.24472
      vertex 43.4 35.4682 5.07596
    endloop
  endfacet
  facet normal 0 -0.0871584 0.996194
    outer loop
      vertex 43.4 35.4682 5.07596
      vertex 47 34.6 5
      vertex 47 35.4682 5.07596
    endloop
  endfacet
  facet normal 0 -0.0871584 0.996194
    outer loop
      vertex 47 34.6 5
      vertex 43.4 35.4682 5.07596
      vertex 43.4 34.6 5
    endloop
  endfacet
  facet normal -0 0 1
    outer loop
      vertex 43.4 34.6 5
      vertex 47 -34.6 5
      vertex 47 34.6 5
    endloop
  endfacet
  facet normal 0 0 1
    outer loop
      vertex 47 -34.6 5
      vertex 43.4 34.6 5
      vertex 43.4 -34.6 5
    endloop
  endfacet
  facet normal -0 0.0697535 0.997564
    outer loop
      vertex 43.4 -34.6 5
      vertex 47 -35.2959 5.04866
      vertex 47 -34.6 5
    endloop
  endfacet
  facet normal 0 0.0697535 0.997564
    outer loop
      vertex 47 -35.2959 5.04866
      vertex 43.4 -34.6 5
      vertex 43.4 -35.2959 5.04866
    endloop
  endfacet
  facet normal -0 0.207929 0.978144
    outer loop
      vertex 43.4 -35.2959 5.04866
      vertex 47 -35.9782 5.1937
      vertex 47 -35.2959 5.04866
    endloop
  endfacet
  facet normal 0 0.207929 0.978144
    outer loop
      vertex 47 -35.9782 5.1937
      vertex 43.4 -35.2959 5.04866
      vertex 43.4 -35.9782 5.1937
    endloop
  endfacet
  facet normal -0 0.342004 0.939698
    outer loop
      vertex 43.4 -35.9782 5.1937
      vertex 47 -36.6337 5.43227
      vertex 47 -35.9782 5.1937
    endloop
  endfacet
  facet normal 0 0.342004 0.939698
    outer loop
      vertex 47 -36.6337 5.43227
      vertex 43.4 -35.9782 5.1937
      vertex 43.4 -36.6337 5.43227
    endloop
  endfacet
  facet normal -0 0.469494 0.882936
    outer loop
      vertex 43.4 -36.6337 5.43227
      vertex 47 -37.2496 5.75977
      vertex 47 -36.6337 5.43227
    endloop
  endfacet
  facet normal 0 0.469494 0.882936
    outer loop
      vertex 47 -37.2496 5.75977
      vertex 43.4 -36.6337 5.43227
      vertex 43.4 -37.2496 5.75977
    endloop
  endfacet
  facet normal -0 0.587806 0.809002
    outer loop
      vertex 43.4 -37.2496 5.75977
      vertex 47 -37.8139 6.16978
      vertex 47 -37.2496 5.75977
    endloop
  endfacet
  facet normal 0 0.587806 0.809002
    outer loop
      vertex 47 -37.8139 6.16978
      vertex 43.4 -37.2496 5.75977
      vertex 43.4 -37.8139 6.16978
    endloop
  endfacet
  facet normal -0 0.694642 0.719356
    outer loop
      vertex 43.4 -37.8139 6.16978
      vertex 47 -38.3157 6.65434
      vertex 47 -37.8139 6.16978
    endloop
  endfacet
  facet normal 0 0.694642 0.719356
    outer loop
      vertex 47 -38.3157 6.65434
      vertex 43.4 -37.8139 6.16978
      vertex 43.4 -38.3157 6.65434
    endloop
  endfacet
  facet normal 0 0.787992 0.615686
    outer loop
      vertex 47 -38.3157 6.65434
      vertex 43.4 -38.7452 7.20404
      vertex 47 -38.7452 7.20404
    endloop
  endfacet
  facet normal 0 0.787992 0.615686
    outer loop
      vertex 43.4 -38.7452 7.20404
      vertex 47 -38.3157 6.65434
      vertex 43.4 -38.3157 6.65434
    endloop
  endfacet
  facet normal 0 0.866015 0.500018
    outer loop
      vertex 47 -38.7452 7.20404
      vertex 43.4 -39.094 7.80815
      vertex 47 -39.094 7.80815
    endloop
  endfacet
  facet normal 0 0.866015 0.500018
    outer loop
      vertex 43.4 -39.094 7.80815
      vertex 47 -38.7452 7.20404
      vertex 43.4 -38.7452 7.20404
    endloop
  endfacet
  facet normal 0 0.927188 0.374597
    outer loop
      vertex 47 -39.094 7.80815
      vertex 43.4 -39.3553 8.45491
      vertex 47 -39.3553 8.45491
    endloop
  endfacet
  facet normal 0 0.927188 0.374597
    outer loop
      vertex 43.4 -39.3553 8.45491
      vertex 47 -39.094 7.80815
      vertex 43.4 -39.094 7.80815
    endloop
  endfacet
  facet normal 0 0.970315 0.241844
    outer loop
      vertex 47 -39.3553 8.45491
      vertex 43.4 -39.524 9.13176
      vertex 47 -39.524 9.13176
    endloop
  endfacet
  facet normal 0 0.970315 0.241844
    outer loop
      vertex 43.4 -39.524 9.13176
      vertex 47 -39.3553 8.45491
      vertex 43.4 -39.3553 8.45491
    endloop
  endfacet
  facet normal 0 0.996191 0.0872
    outer loop
      vertex 47 -39.524 9.13176
      vertex 43.4 -39.6 10
      vertex 47 -39.6 10
    endloop
  endfacet
  facet normal 0 0.996191 0.0872
    outer loop
      vertex 43.4 -39.6 10
      vertex 47 -39.524 9.13176
      vertex 43.4 -39.524 9.13176
    endloop
  endfacet
  facet normal 0 1 -0
    outer loop
      vertex 47 -39.6 10
      vertex 43.4 -39.6 25
      vertex 47 -39.6 25
    endloop
  endfacet
  facet normal 0 1 0
    outer loop
      vertex 43.4 -39.6 25
      vertex 47 -39.6 10
      vertex 43.4 -39.6 10
    endloop
  endfacet
  facet normal 0 0.99756 -0.0698106
    outer loop
      vertex 47 -39.6 25
      vertex 43.4 -39.5513 25.6959
      vertex 47 -39.5513 25.6959
    endloop
  endfacet
  facet normal 0 0.99756 -0.0698106
    outer loop
      vertex 43.4 -39.5513 25.6959
      vertex 47 -39.6 25
      vertex 43.4 -39.6 25
    endloop
  endfacet
  facet normal 0 0.978156 -0.207874
    outer loop
      vertex -43.4 -39.5513 25.6959
      vertex -47 -39.4063 26.3782
      vertex -43.4 -39.4063 26.3782
    endloop
  endfacet
  facet normal 0 0.978156 -0.207874
    outer loop
      vertex -47 -39.4063 26.3782
      vertex -43.4 -39.5513 25.6959
      vertex -47 -39.5513 25.6959
    endloop
  endfacet
  facet normal 0 0.939685 -0.342042
    outer loop
      vertex -43.4 -39.4063 26.3782
      vertex -47 -39.1677 27.0337
      vertex -43.4 -39.1677 27.0337
    endloop
  endfacet
  facet normal 0 0.939685 -0.342042
    outer loop
      vertex -47 -39.1677 27.0337
      vertex -43.4 -39.4063 26.3782
      vertex -47 -39.4063 26.3782
    endloop
  endfacet
  facet normal 0 0.882936 -0.469494
    outer loop
      vertex -43.4 -39.1677 27.0337
      vertex -47 -38.8402 27.6496
      vertex -43.4 -38.8402 27.6496
    endloop
  endfacet
  facet normal 0 0.882936 -0.469494
    outer loop
      vertex -47 -38.8402 27.6496
      vertex -43.4 -39.1677 27.0337
      vertex -47 -39.1677 27.0337
    endloop
  endfacet
  facet normal 0 0.809009 -0.587797
    outer loop
      vertex -43.4 -38.8402 27.6496
      vertex -47 -38.4302 28.2139
      vertex -43.4 -38.4302 28.2139
    endloop
  endfacet
  facet normal 0 0.809009 -0.587797
    outer loop
      vertex -47 -38.4302 28.2139
      vertex -43.4 -38.8402 27.6496
      vertex -47 -38.8402 27.6496
    endloop
  endfacet
  facet normal 0 0.719327 -0.694671
    outer loop
      vertex -43.4 -38.4302 28.2139
      vertex -47 -37.9456 28.7157
      vertex -43.4 -37.9456 28.7157
    endloop
  endfacet
  facet normal 0 0.719327 -0.694671
    outer loop
      vertex -47 -37.9456 28.7157
      vertex -43.4 -38.4302 28.2139
      vertex -47 -38.4302 28.2139
    endloop
  endfacet
  facet normal 0 0.615755 -0.787937
    outer loop
      vertex -47 -37.9456 28.7157
      vertex -43.4 -37.396 29.1452
      vertex -43.4 -37.9456 28.7157
    endloop
  endfacet
  facet normal 0 0.615755 -0.787937
    outer loop
      vertex -43.4 -37.396 29.1452
      vertex -47 -37.9456 28.7157
      vertex -47 -37.396 29.1452
    endloop
  endfacet
  facet normal 0 0.499962 -0.866047
    outer loop
      vertex -47 -37.396 29.1452
      vertex -43.4 -36.7918 29.494
      vertex -43.4 -37.396 29.1452
    endloop
  endfacet
  facet normal 0 0.499962 -0.866047
    outer loop
      vertex -43.4 -36.7918 29.494
      vertex -47 -37.396 29.1452
      vertex -47 -36.7918 29.494
    endloop
  endfacet
  facet normal 0 0.374627 -0.927176
    outer loop
      vertex -47 -36.7918 29.494
      vertex -43.4 -36.1451 29.7553
      vertex -43.4 -36.7918 29.494
    endloop
  endfacet
  facet normal 0 0.374627 -0.927176
    outer loop
      vertex -43.4 -36.1451 29.7553
      vertex -47 -36.7918 29.494
      vertex -47 -36.1451 29.7553
    endloop
  endfacet
  facet normal 0 0.241827 -0.970319
    outer loop
      vertex -47 -36.1451 29.7553
      vertex -43.4 -35.4682 29.924
      vertex -43.4 -36.1451 29.7553
    endloop
  endfacet
  facet normal 0 0.241827 -0.970319
    outer loop
      vertex -43.4 -35.4682 29.924
      vertex -47 -36.1451 29.7553
      vertex -47 -35.4682 29.924
    endloop
  endfacet
  facet normal 0 0.087204 -0.99619
    outer loop
      vertex -47 -35.4682 29.924
      vertex -43.4 -34.6 30
      vertex -43.4 -35.4682 29.924
    endloop
  endfacet
  facet normal 0 0.087204 -0.99619
    outer loop
      vertex -43.4 -34.6 30
      vertex -47 -35.4682 29.924
      vertex -47 -34.6 30
    endloop
  endfacet
  facet normal 0 0 -1
    outer loop
      vertex -47 -34.6 30
      vertex -43.4 -22.687 30
      vertex -43.4 -34.6 30
    endloop
  endfacet
  facet normal -0 0 -1
    outer loop
      vertex -43.4 -22.687 30
      vertex -47 -34.6 30
      vertex -47 -22.687 30
    endloop
  endfacet
  facet normal 0 0.0350762 -0.999385
    outer loop
      vertex -47 -22.687 30
      vertex -43.4 -22.5132 30.0061
      vertex -43.4 -22.687 30
    endloop
  endfacet
  facet normal 0 0.0350762 -0.999385
    outer loop
      vertex -43.4 -22.5132 30.0061
      vertex -47 -22.687 30
      vertex -47 -22.5132 30.0061
    endloop
  endfacet
  facet normal 0 0.069715 -0.997567
    outer loop
      vertex -47 -22.5132 30.0061
      vertex -43.4 -22.0782 30.0365
      vertex -43.4 -22.5132 30.0061
    endloop
  endfacet
  facet normal 0 0.069715 -0.997567
    outer loop
      vertex -43.4 -22.0782 30.0365
      vertex -47 -22.5132 30.0061
      vertex -47 -22.0782 30.0365
    endloop
  endfacet
  facet normal 0 0.139008 -0.990291
    outer loop
      vertex -47 -22.0782 30.0365
      vertex -43.4 -21.7334 30.0849
      vertex -43.4 -22.0782 30.0365
    endloop
  endfacet
  facet normal 0 0.139008 -0.990291
    outer loop
      vertex -43.4 -21.7334 30.0849
      vertex -47 -22.0782 30.0365
      vertex -47 -21.7334 30.0849
    endloop
  endfacet
  facet normal 0 0.208137 -0.9781
    outer loop
      vertex -47 -21.7334 30.0849
      vertex -43.4 -21.3927 30.1574
      vertex -43.4 -21.7334 30.0849
    endloop
  endfacet
  facet normal 0 0.208137 -0.9781
    outer loop
      vertex -43.4 -21.3927 30.1574
      vertex -47 -21.7334 30.0849
      vertex -47 -21.3927 30.1574
    endloop
  endfacet
  facet normal 0 0.275403 -0.961329
    outer loop
      vertex -47 -21.3927 30.1574
      vertex -43.4 -21.0576 30.2534
      vertex -43.4 -21.3927 30.1574
    endloop
  endfacet
  facet normal 0 0.275403 -0.961329
    outer loop
      vertex -43.4 -21.0576 30.2534
      vertex -47 -21.3927 30.1574
      vertex -47 -21.0576 30.2534
    endloop
  endfacet
  facet normal 0 0.342135 -0.939651
    outer loop
      vertex -47 -21.0576 30.2534
      vertex -43.4 -20.7305 30.3725
      vertex -43.4 -21.0576 30.2534
    endloop
  endfacet
  facet normal 0 0.342135 -0.939651
    outer loop
      vertex -43.4 -20.7305 30.3725
      vertex -47 -21.0576 30.2534
      vertex -47 -20.7305 30.3725
    endloop
  endfacet
  facet normal 0 0.406698 -0.913563
    outer loop
      vertex -47 -20.7305 30.3725
      vertex -43.4 -20.4122 30.5142
      vertex -43.4 -20.7305 30.3725
    endloop
  endfacet
  facet normal 0 0.406698 -0.913563
    outer loop
      vertex -43.4 -20.4122 30.5142
      vertex -47 -20.7305 30.3725
      vertex -47 -20.4122 30.5142
    endloop
  endfacet
  facet normal 0 0.469561 -0.8829
    outer loop
      vertex -47 -20.4122 30.5142
      vertex -43.4 -20.1044 30.6779
      vertex -43.4 -20.4122 30.5142
    endloop
  endfacet
  facet normal 0 0.469561 -0.8829
    outer loop
      vertex -43.4 -20.1044 30.6779
      vertex -47 -20.4122 30.5142
      vertex -47 -20.1044 30.6779
    endloop
  endfacet
  facet normal 0 0.529999 -0.847998
    outer loop
      vertex -47 -20.1044 30.6779
      vertex -43.4 -19.8092 30.8624
      vertex -43.4 -20.1044 30.6779
    endloop
  endfacet
  facet normal 0 0.529999 -0.847998
    outer loop
      vertex -43.4 -19.8092 30.8624
      vertex -47 -20.1044 30.6779
      vertex -47 -19.8092 30.8624
    endloop
  endfacet
  facet normal 0 0.587574 -0.80917
    outer loop
      vertex -47 -19.8092 30.8624
      vertex -43.4 -19.5273 31.0671
      vertex -43.4 -19.8092 30.8624
    endloop
  endfacet
  facet normal 0 0.587574 -0.80917
    outer loop
      vertex -43.4 -19.5273 31.0671
      vertex -47 -19.8092 30.8624
      vertex -47 -19.5273 31.0671
    endloop
  endfacet
  facet normal 0 0.642862 -0.765982
    outer loop
      vertex -47 -19.5273 31.0671
      vertex -43.4 -19.2604 31.2911
      vertex -43.4 -19.5273 31.0671
    endloop
  endfacet
  facet normal 0 0.642862 -0.765982
    outer loop
      vertex -43.4 -19.2604 31.2911
      vertex -47 -19.5273 31.0671
      vertex -47 -19.2604 31.2911
    endloop
  endfacet
  facet normal 0 0.694799 -0.719204
    outer loop
      vertex -47 -19.2604 31.2911
      vertex -43.4 -19.0099 31.5331
      vertex -43.4 -19.2604 31.2911
    endloop
  endfacet
  facet normal 0 0.694799 -0.719204
    outer loop
      vertex -43.4 -19.0099 31.5331
      vertex -47 -19.2604 31.2911
      vertex -47 -19.0099 31.5331
    endloop
  endfacet
  facet normal 0 0.743023 -0.669266
    outer loop
      vertex -43.4 -19.0099 31.5331
      vertex -47 -18.7767 31.792
      vertex -43.4 -18.7767 31.792
    endloop
  endfacet
  facet normal 0 0.743023 -0.669266
    outer loop
      vertex -47 -18.7767 31.792
      vertex -43.4 -19.0099 31.5331
      vertex -47 -19.0099 31.5331
    endloop
  endfacet
  facet normal 0 0.788098 -0.615549
    outer loop
      vertex -43.4 -18.7767 31.792
      vertex -47 -18.5623 32.0665
      vertex -43.4 -18.5623 32.0665
    endloop
  endfacet
  facet normal 0 0.788098 -0.615549
    outer loop
      vertex -47 -18.5623 32.0665
      vertex -43.4 -18.7767 31.792
      vertex -47 -18.7767 31.792
    endloop
  endfacet
  facet normal 0 0.829078 -0.559132
    outer loop
      vertex -43.4 -18.5623 32.0665
      vertex -47 -18.3676 32.3552
      vertex -43.4 -18.3676 32.3552
    endloop
  endfacet
  facet normal 0 0.829078 -0.559132
    outer loop
      vertex -47 -18.3676 32.3552
      vertex -43.4 -18.5623 32.0665
      vertex -47 -18.5623 32.0665
    endloop
  endfacet
  facet normal 0 0.865884 -0.500244
    outer loop
      vertex -43.4 -18.3676 32.3552
      vertex -47 -18.1933 32.6569
      vertex -43.4 -18.1933 32.6569
    endloop
  endfacet
  facet normal 0 0.865884 -0.500244
    outer loop
      vertex -47 -18.1933 32.6569
      vertex -43.4 -18.3676 32.3552
      vertex -47 -18.3676 32.3552
    endloop
  endfacet
  facet normal 0 0.898859 -0.438237
    outer loop
      vertex -43.4 -18.1933 32.6569
      vertex -47 -18.0406 32.9701
      vertex -43.4 -18.0406 32.9701
    endloop
  endfacet
  facet normal 0 0.898859 -0.438237
    outer loop
      vertex -47 -18.0406 32.9701
      vertex -43.4 -18.1933 32.6569
      vertex -47 -18.1933 32.6569
    endloop
  endfacet
  facet normal 0 0.927144 -0.374705
    outer loop
      vertex -43.4 -18.0406 32.9701
      vertex -47 -17.9101 33.293
      vertex -43.4 -17.9101 33.293
    endloop
  endfacet
  facet normal 0 0.927144 -0.374705
    outer loop
      vertex -47 -17.9101 33.293
      vertex -43.4 -18.0406 32.9701
      vertex -47 -18.0406 32.9701
    endloop
  endfacet
  facet normal 0 0.951123 -0.308813
    outer loop
      vertex -43.4 -17.9101 33.293
      vertex -47 -17.8025 33.6244
      vertex -43.4 -17.8025 33.6244
    endloop
  endfacet
  facet normal 0 0.951123 -0.308813
    outer loop
      vertex -47 -17.8025 33.6244
      vertex -43.4 -17.9101 33.293
      vertex -47 -17.9101 33.293
    endloop
  endfacet
  facet normal 0 0.970286 -0.241959
    outer loop
      vertex -43.4 -17.8025 33.6244
      vertex -47 -17.7235 33.9412
      vertex -43.4 -17.7235 33.9412
    endloop
  endfacet
  facet normal 0 0.970286 -0.241959
    outer loop
      vertex -47 -17.7235 33.9412
      vertex -43.4 -17.8025 33.6244
      vertex -47 -17.8025 33.6244
    endloop
  endfacet
  facet normal 0 0.986263 -0.165186
    outer loop
      vertex -43.4 -17.7235 33.9412
      vertex -47 -17.6588 34.3275
      vertex -43.4 -17.6588 34.3275
    endloop
  endfacet
  facet normal 0 0.986263 -0.165186
    outer loop
      vertex -47 -17.6588 34.3275
      vertex -43.4 -17.7235 33.9412
      vertex -47 -17.7235 33.9412
    endloop
  endfacet
  facet normal 0 0.996199 -0.08711
    outer loop
      vertex -43.4 -17.6588 34.3275
      vertex -47 -17.6095 34.8913
      vertex -43.4 -17.6095 34.8913
    endloop
  endfacet
  facet normal 0 0.996199 -0.08711
    outer loop
      vertex -47 -17.6095 34.8913
      vertex -43.4 -17.6588 34.3275
      vertex -47 -17.6588 34.3275
    endloop
  endfacet
  facet normal 0 0.99905 -0.0435766
    outer loop
      vertex -43.4 -17.6095 34.8913
      vertex -47 -17.6 35.1091
      vertex -43.4 -17.6 35.1091
    endloop
  endfacet
  facet normal 0 0.99905 -0.0435766
    outer loop
      vertex -47 -17.6 35.1091
      vertex -43.4 -17.6095 34.8913
      vertex -47 -17.6095 34.8913
    endloop
  endfacet
  facet normal 0 1 -0
    outer loop
      vertex -43.4 -17.6 35.1091
      vertex -47 -17.6 124.913
      vertex -43.4 -17.6 124.913
    endloop
  endfacet
  facet normal 0 1 0
    outer loop
      vertex -47 -17.6 124.913
      vertex -43.4 -17.6 35.1091
      vertex -47 -17.6 35.1091
    endloop
  endfacet
  facet normal 0 0.999386 0.0350359
    outer loop
      vertex -43.4 -17.6 124.913
      vertex -47 -17.6061 125.087
      vertex -43.4 -17.6061 125.087
    endloop
  endfacet
  facet normal 0 0.999386 0.0350359
    outer loop
      vertex -47 -17.6061 125.087
      vertex -43.4 -17.6 124.913
      vertex -47 -17.6 124.913
    endloop
  endfacet
  facet normal 0 0.997567 0.069715
    outer loop
      vertex -43.4 -17.6061 125.087
      vertex -47 -17.6365 125.522
      vertex -43.4 -17.6365 125.522
    endloop
  endfacet
  facet normal 0 0.997567 0.069715
    outer loop
      vertex -47 -17.6365 125.522
      vertex -43.4 -17.6061 125.087
      vertex -47 -17.6061 125.087
    endloop
  endfacet
  facet normal 0 0.990302 0.138929
    outer loop
      vertex -43.4 -17.6365 125.522
      vertex -47 -17.6849 125.867
      vertex -43.4 -17.6849 125.867
    endloop
  endfacet
  facet normal 0 0.990302 0.138929
    outer loop
      vertex -47 -17.6849 125.867
      vertex -43.4 -17.6365 125.522
      vertex -47 -17.6365 125.522
    endloop
  endfacet
  facet normal 0 0.978012 0.208547
    outer loop
      vertex -43.4 -17.6849 125.867
      vertex -47 -17.7574 126.207
      vertex -43.4 -17.7574 126.207
    endloop
  endfacet
  facet normal 0 0.978012 0.208547
    outer loop
      vertex -47 -17.7574 126.207
      vertex -43.4 -17.6849 125.867
      vertex -47 -17.6849 125.867
    endloop
  endfacet
  facet normal 0 0.961307 0.275479
    outer loop
      vertex -43.4 -17.7574 126.207
      vertex -47 -17.8534 126.542
      vertex -43.4 -17.8534 126.542
    endloop
  endfacet
  facet normal 0 0.961307 0.275479
    outer loop
      vertex -47 -17.8534 126.542
      vertex -43.4 -17.7574 126.207
      vertex -47 -17.7574 126.207
    endloop
  endfacet
  facet normal 0 0.939617 0.342228
    outer loop
      vertex -43.4 -17.8534 126.542
      vertex -47 -17.9725 126.869
      vertex -43.4 -17.9725 126.869
    endloop
  endfacet
  facet normal 0 0.939617 0.342228
    outer loop
      vertex -47 -17.9725 126.869
      vertex -43.4 -17.8534 126.542
      vertex -47 -17.8534 126.542
    endloop
  endfacet
  facet normal 0 0.913894 0.405952
    outer loop
      vertex -43.4 -17.9725 126.869
      vertex -47 -18.1142 127.188
      vertex -43.4 -18.1142 127.188
    endloop
  endfacet
  facet normal 0 0.913894 0.405952
    outer loop
      vertex -47 -18.1142 127.188
      vertex -43.4 -17.9725 126.869
      vertex -47 -17.9725 126.869
    endloop
  endfacet
  facet normal 0 0.883145 0.469099
    outer loop
      vertex -43.4 -18.1142 127.188
      vertex -47 -18.2778 127.496
      vertex -43.4 -18.2778 127.496
    endloop
  endfacet
  facet normal 0 0.883145 0.469099
    outer loop
      vertex -47 -18.2778 127.496
      vertex -43.4 -18.1142 127.188
      vertex -47 -18.1142 127.188
    endloop
  endfacet
  facet normal 0 0.847837 0.530257
    outer loop
      vertex -43.4 -18.2778 127.496
      vertex -47 -18.4623 127.791
      vertex -43.4 -18.4623 127.791
    endloop
  endfacet
  facet normal 0 0.847837 0.530257
    outer loop
      vertex -47 -18.4623 127.791
      vertex -43.4 -18.2778 127.496
      vertex -47 -18.2778 127.496
    endloop
  endfacet
  facet normal 0 0.809133 0.587626
    outer loop
      vertex -43.4 -18.4623 127.791
      vertex -47 -18.6671 128.073
      vertex -43.4 -18.6671 128.073
    endloop
  endfacet
  facet normal 0 0.809133 0.587626
    outer loop
      vertex -47 -18.6671 128.073
      vertex -43.4 -18.4623 127.791
      vertex -47 -18.4623 127.791
    endloop
  endfacet
  facet normal 0 0.7661 0.642721
    outer loop
      vertex -43.4 -18.6671 128.073
      vertex -47 -18.8911 128.34
      vertex -43.4 -18.8911 128.34
    endloop
  endfacet
  facet normal 0 0.7661 0.642721
    outer loop
      vertex -47 -18.8911 128.34
      vertex -43.4 -18.6671 128.073
      vertex -47 -18.6671 128.073
    endloop
  endfacet
  facet normal 0 0.718653 0.695369
    outer loop
      vertex -43.4 -18.8911 128.34
      vertex -47 -19.133 128.59
      vertex -43.4 -19.133 128.59
    endloop
  endfacet
  facet normal 0 0.718653 0.695369
    outer loop
      vertex -47 -19.133 128.59
      vertex -43.4 -18.8911 128.34
      vertex -47 -18.8911 128.34
    endloop
  endfacet
  facet normal -0 0.668806 0.743437
    outer loop
      vertex -47 -19.133 128.59
      vertex -43.4 -19.392 128.823
      vertex -43.4 -19.133 128.59
    endloop
  endfacet
  facet normal 0 0.668806 0.743437
    outer loop
      vertex -43.4 -19.392 128.823
      vertex -47 -19.133 128.59
      vertex -47 -19.392 128.823
    endloop
  endfacet
  facet normal -0 0.616618 0.787263
    outer loop
      vertex -47 -19.392 128.823
      vertex -43.4 -19.6665 129.038
      vertex -43.4 -19.392 128.823
    endloop
  endfacet
  facet normal 0 0.616618 0.787263
    outer loop
      vertex -43.4 -19.6665 129.038
      vertex -47 -19.392 128.823
      vertex -47 -19.6665 129.038
    endloop
  endfacet
  facet normal -0 0.557748 0.83001
    outer loop
      vertex -47 -19.6665 129.038
      vertex -43.4 -19.9552 129.232
      vertex -43.4 -19.6665 129.038
    endloop
  endfacet
  facet normal 0 0.557748 0.83001
    outer loop
      vertex -43.4 -19.9552 129.232
      vertex -47 -19.6665 129.038
      vertex -47 -19.9552 129.232
    endloop
  endfacet
  facet normal -0 0.501748 0.865014
    outer loop
      vertex -47 -19.9552 129.232
      vertex -43.4 -20.2569 129.407
      vertex -43.4 -19.9552 129.232
    endloop
  endfacet
  facet normal 0 0.501748 0.865014
    outer loop
      vertex -43.4 -20.2569 129.407
      vertex -47 -19.9552 129.232
      vertex -47 -20.2569 129.407
    endloop
  endfacet
  facet normal -0 0.436612 0.89965
    outer loop
      vertex -47 -20.2569 129.407
      vertex -43.4 -20.5701 129.559
      vertex -43.4 -20.2569 129.407
    endloop
  endfacet
  facet normal 0 0.436612 0.89965
    outer loop
      vertex -43.4 -20.5701 129.559
      vertex -47 -20.2569 129.407
      vertex -47 -20.5701 129.559
    endloop
  endfacet
  facet normal -0 0.375938 0.926645
    outer loop
      vertex -47 -20.5701 129.559
      vertex -43.4 -20.893 129.69
      vertex -43.4 -20.5701 129.559
    endloop
  endfacet
  facet normal 0 0.375938 0.926645
    outer loop
      vertex -43.4 -20.893 129.69
      vertex -47 -20.5701 129.559
      vertex -47 -20.893 129.69
    endloop
  endfacet
  facet normal -0 0.309936 0.950757
    outer loop
      vertex -47 -20.893 129.69
      vertex -43.4 -21.2243 129.798
      vertex -43.4 -20.893 129.69
    endloop
  endfacet
  facet normal 0 0.309936 0.950757
    outer loop
      vertex -43.4 -21.2243 129.798
      vertex -47 -20.893 129.69
      vertex -47 -21.2243 129.798
    endloop
  endfacet
  facet normal -0 0.241887 0.970304
    outer loop
      vertex -47 -21.2243 129.798
      vertex -43.4 -21.5412 129.877
      vertex -43.4 -21.2243 129.798
    endloop
  endfacet
  facet normal 0 0.241887 0.970304
    outer loop
      vertex -43.4 -21.5412 129.877
      vertex -47 -21.2243 129.798
      vertex -47 -21.5412 129.877
    endloop
  endfacet
  facet normal -0 0.163446 0.986552
    outer loop
      vertex -47 -21.5412 129.877
      vertex -43.4 -21.9275 129.941
      vertex -43.4 -21.5412 129.877
    endloop
  endfacet
  facet normal 0 0.163446 0.986552
    outer loop
      vertex -43.4 -21.9275 129.941
      vertex -47 -21.5412 129.877
      vertex -47 -21.9275 129.941
    endloop
  endfacet
  facet normal -0 0.0865839 0.996245
    outer loop
      vertex -47 -21.9275 129.941
      vertex -43.4 -22.4913 129.99
      vertex -43.4 -21.9275 129.941
    endloop
  endfacet
  facet normal 0 0.0865839 0.996245
    outer loop
      vertex -43.4 -22.4913 129.99
      vertex -47 -21.9275 129.941
      vertex -47 -22.4913 129.99
    endloop
  endfacet
  facet normal -0 0.0458654 0.998948
    outer loop
      vertex -47 -22.4913 129.99
      vertex -43.4 -22.7091 130
      vertex -43.4 -22.4913 129.99
    endloop
  endfacet
  facet normal 0 0.0458654 0.998948
    outer loop
      vertex -43.4 -22.7091 130
      vertex -47 -22.4913 129.99
      vertex -47 -22.7091 130
    endloop
  endfacet
  facet normal -0 0 1
    outer loop
      vertex -47 -22.7091 130
      vertex -43.4 -34.6 130
      vertex -43.4 -22.7091 130
    endloop
  endfacet
  facet normal 0 0 1
    outer loop
      vertex -43.4 -34.6 130
      vertex -47 -22.7091 130
      vertex -47 -34.6 130
    endloop
  endfacet
  facet normal -0 0.0702385 0.99753
    outer loop
      vertex -47 -34.6 130
      vertex -43.4 -35.2959 130.049
      vertex -43.4 -34.6 130
    endloop
  endfacet
  facet normal 0 0.0702385 0.99753
    outer loop
      vertex -43.4 -35.2959 130.049
      vertex -47 -34.6 130
      vertex -47 -35.2959 130.049
    endloop
  endfacet
  facet normal -0 0.207874 0.978156
    outer loop
      vertex -47 -35.2959 130.049
      vertex -43.4 -35.9782 130.194
      vertex -43.4 -35.2959 130.049
    endloop
  endfacet
  facet normal 0 0.207874 0.978156
    outer loop
      vertex -43.4 -35.9782 130.194
      vertex -47 -35.2959 130.049
      vertex -47 -35.9782 130.194
    endloop
  endfacet
  facet normal -0 0.341282 0.939961
    outer loop
      vertex -47 -35.9782 130.194
      vertex -43.4 -36.6337 130.432
      vertex -43.4 -35.9782 130.194
    endloop
  endfacet
  facet normal 0 0.341282 0.939961
    outer loop
      vertex -43.4 -36.6337 130.432
      vertex -47 -35.9782 130.194
      vertex -47 -36.6337 130.432
    endloop
  endfacet
  facet normal -0 0.470053 0.882638
    outer loop
      vertex -47 -36.6337 130.432
      vertex -43.4 -37.2496 130.76
      vertex -43.4 -36.6337 130.432
    endloop
  endfacet
  facet normal 0 0.470053 0.882638
    outer loop
      vertex -43.4 -37.2496 130.76
      vertex -47 -36.6337 130.432
      vertex -47 -37.2496 130.76
    endloop
  endfacet
  facet normal -0 0.587797 0.809009
    outer loop
      vertex -47 -37.2496 130.76
      vertex -43.4 -37.8139 131.17
      vertex -43.4 -37.2496 130.76
    endloop
  endfacet
  facet normal 0 0.587797 0.809009
    outer loop
      vertex -43.4 -37.8139 131.17
      vertex -47 -37.2496 130.76
      vertex -47 -37.8139 131.17
    endloop
  endfacet
  facet normal -0 0.694226 0.719757
    outer loop
      vertex -47 -37.8139 131.17
      vertex -43.4 -38.3157 131.654
      vertex -43.4 -37.8139 131.17
    endloop
  endfacet
  facet normal 0 0.694226 0.719757
    outer loop
      vertex -43.4 -38.3157 131.654
      vertex -47 -37.8139 131.17
      vertex -47 -38.3157 131.654
    endloop
  endfacet
  facet normal 0 0.788155 0.615477
    outer loop
      vertex -43.4 -38.3157 131.654
      vertex -47 -38.7452 132.204
      vertex -43.4 -38.7452 132.204
    endloop
  endfacet
  facet normal 0 0.788155 0.615477
    outer loop
      vertex -47 -38.7452 132.204
      vertex -43.4 -38.3157 131.654
      vertex -47 -38.3157 131.654
    endloop
  endfacet
  facet normal 0 0.865975 0.500086
    outer loop
      vertex -43.4 -38.7452 132.204
      vertex -47 -39.094 132.808
      vertex -43.4 -39.094 132.808
    endloop
  endfacet
  facet normal 0 0.865975 0.500086
    outer loop
      vertex -47 -39.094 132.808
      vertex -43.4 -38.7452 132.204
      vertex -47 -38.7452 132.204
    endloop
  endfacet
  facet normal 0 0.927236 0.374477
    outer loop
      vertex -43.4 -39.094 132.808
      vertex -47 -39.3553 133.455
      vertex -43.4 -39.3553 133.455
    endloop
  endfacet
  facet normal 0 0.927236 0.374477
    outer loop
      vertex -47 -39.3553 133.455
      vertex -43.4 -39.094 132.808
      vertex -47 -39.094 132.808
    endloop
  endfacet
  facet normal 0 0.970328 0.241794
    outer loop
      vertex -43.4 -39.3553 133.455
      vertex -47 -39.524 134.132
      vertex -43.4 -39.524 134.132
    endloop
  endfacet
  facet normal 0 0.970328 0.241794
    outer loop
      vertex -47 -39.524 134.132
      vertex -43.4 -39.3553 133.455
      vertex -47 -39.3553 133.455
    endloop
  endfacet
  facet normal 0 0.996189 0.0872239
    outer loop
      vertex -43.4 -39.524 134.132
      vertex -47 -39.6 135
      vertex -43.4 -39.6 135
    endloop
  endfacet
  facet normal 0 0.996189 0.0872239
    outer loop
      vertex -47 -39.6 135
      vertex -43.4 -39.524 134.132
      vertex -47 -39.524 134.132
    endloop
  endfacet
  facet normal 0 1 -0
    outer loop
      vertex -43.4 -39.6 135
      vertex -47 -39.6 150
      vertex -43.4 -39.6 150
    endloop
  endfacet
  facet normal 0 1 0
    outer loop
      vertex -47 -39.6 150
      vertex -43.4 -39.6 135
      vertex -47 -39.6 135
    endloop
  endfacet
  facet normal 0 0.997561 -0.0698006
    outer loop
      vertex -43.4 -39.6 150
      vertex -47 -39.5513 150.696
      vertex -43.4 -39.5513 150.696
    endloop
  endfacet
  facet normal 0 0.997561 -0.0698006
    outer loop
      vertex -47 -39.5513 150.696
      vertex -43.4 -39.6 150
      vertex -47 -39.6 150
    endloop
  endfacet
  facet normal 0 0.978137 -0.207962
    outer loop
      vertex -43.4 -39.5513 150.696
      vertex -47 -39.4063 151.378
      vertex -43.4 -39.4063 151.378
    endloop
  endfacet
  facet normal 0 0.978137 -0.207962
    outer loop
      vertex -47 -39.4063 151.378
      vertex -43.4 -39.5513 150.696
      vertex -47 -39.5513 150.696
    endloop
  endfacet
  facet normal 0 0.939768 -0.341812
    outer loop
      vertex -43.4 -39.4063 151.378
      vertex -47 -39.1677 152.034
      vertex -43.4 -39.1677 152.034
    endloop
  endfacet
  facet normal 0 0.939768 -0.341812
    outer loop
      vertex -47 -39.1677 152.034
      vertex -43.4 -39.4063 151.378
      vertex -47 -39.4063 151.378
    endloop
  endfacet
  facet normal 0 0.882967 -0.469435
    outer loop
      vertex -43.4 -39.1677 152.034
      vertex -47 -38.8402 152.65
      vertex -43.4 -38.8402 152.65
    endloop
  endfacet
  facet normal 0 0.882967 -0.469435
    outer loop
      vertex -47 -38.8402 152.65
      vertex -43.4 -39.1677 152.034
      vertex -47 -39.1677 152.034
    endloop
  endfacet
  facet normal 0 0.80886 -0.588001
    outer loop
      vertex -43.4 -38.8402 152.65
      vertex -47 -38.4302 153.214
      vertex -43.4 -38.4302 153.214
    endloop
  endfacet
  facet normal 0 0.80886 -0.588001
    outer loop
      vertex -47 -38.4302 153.214
      vertex -43.4 -38.8402 152.65
      vertex -47 -38.8402 152.65
    endloop
  endfacet
  facet normal 0 0.719466 -0.694528
    outer loop
      vertex -43.4 -38.4302 153.214
      vertex -47 -37.9456 153.716
      vertex -43.4 -37.9456 153.716
    endloop
  endfacet
  facet normal 0 0.719466 -0.694528
    outer loop
      vertex -47 -37.9456 153.716
      vertex -43.4 -38.4302 153.214
      vertex -47 -38.4302 153.214
    endloop
  endfacet
  facet normal 0 0.61531 -0.788285
    outer loop
      vertex -47 -37.9456 153.716
      vertex -43.4 -37.396 154.145
      vertex -43.4 -37.9456 153.716
    endloop
  endfacet
  facet normal 0 0.61531 -0.788285
    outer loop
      vertex -43.4 -37.396 154.145
      vertex -47 -37.9456 153.716
      vertex -47 -37.396 154.145
    endloop
  endfacet
  facet normal 0 0.500177 -0.865923
    outer loop
      vertex -47 -37.396 154.145
      vertex -43.4 -36.7918 154.494
      vertex -43.4 -37.396 154.145
    endloop
  endfacet
  facet normal 0 0.500177 -0.865923
    outer loop
      vertex -43.4 -36.7918 154.494
      vertex -47 -37.396 154.145
      vertex -47 -36.7918 154.494
    endloop
  endfacet
  facet normal 0 0.374257 -0.927325
    outer loop
      vertex -47 -36.7918 154.494
      vertex -43.4 -36.1451 154.755
      vertex -43.4 -36.7918 154.494
    endloop
  endfacet
  facet normal 0 0.374257 -0.927325
    outer loop
      vertex -43.4 -36.1451 154.755
      vertex -47 -36.7918 154.494
      vertex -47 -36.1451 154.755
    endloop
  endfacet
  facet normal 0 0.242232 -0.970218
    outer loop
      vertex -47 -36.1451 154.755
      vertex -43.4 -35.4682 154.924
      vertex -43.4 -36.1451 154.755
    endloop
  endfacet
  facet normal 0 0.242232 -0.970218
    outer loop
      vertex -43.4 -35.4682 154.924
      vertex -47 -36.1451 154.755
      vertex -47 -35.4682 154.924
    endloop
  endfacet
  facet normal 0 0.087204 -0.99619
    outer loop
      vertex -47 -35.4682 154.924
      vertex -43.4 -34.6 155
      vertex -43.4 -35.4682 154.924
    endloop
  endfacet
  facet normal 0 0.087204 -0.99619
    outer loop
      vertex -43.4 -34.6 155
      vertex -47 -35.4682 154.924
      vertex -47 -34.6 155
    endloop
  endfacet
  facet normal 0 0 -1
    outer loop
      vertex -47 -34.6 155
      vertex -43.4 34.6 155
      vertex -43.4 -34.6 155
    endloop
  endfacet
  facet normal -0 0 -1
    outer loop
      vertex -43.4 34.6 155
      vertex -47 -34.6 155
      vertex -47 34.6 155
    endloop
  endfacet
  facet normal 0 -0.0702385 -0.99753
    outer loop
      vertex -47 34.6 155
      vertex -43.4 35.2959 154.951
      vertex -43.4 34.6 155
    endloop
  endfacet
  facet normal -0 -0.0702385 -0.99753
    outer loop
      vertex -43.4 35.2959 154.951
      vertex -47 34.6 155
      vertex -47 35.2959 154.951
    endloop
  endfacet
  facet normal 0 -0.207874 -0.978156
    outer loop
      vertex -47 35.2959 154.951
      vertex -43.4 35.9782 154.806
      vertex -43.4 35.2959 154.951
    endloop
  endfacet
  facet normal -0 -0.207874 -0.978156
    outer loop
      vertex -43.4 35.9782 154.806
      vertex -47 35.2959 154.951
      vertex -47 35.9782 154.806
    endloop
  endfacet
  facet normal 0 -0.341282 -0.939961
    outer loop
      vertex -47 35.9782 154.806
      vertex -43.4 36.6337 154.568
      vertex -43.4 35.9782 154.806
    endloop
  endfacet
  facet normal -0 -0.341282 -0.939961
    outer loop
      vertex -43.4 36.6337 154.568
      vertex -47 35.9782 154.806
      vertex -47 36.6337 154.568
    endloop
  endfacet
  facet normal 0 -0.470053 -0.882638
    outer loop
      vertex -47 36.6337 154.568
      vertex -43.4 37.2496 154.24
      vertex -43.4 36.6337 154.568
    endloop
  endfacet
  facet normal -0 -0.470053 -0.882638
    outer loop
      vertex -43.4 37.2496 154.24
      vertex -47 36.6337 154.568
      vertex -47 37.2496 154.24
    endloop
  endfacet
  facet normal 0 -0.587797 -0.809009
    outer loop
      vertex -47 37.2496 154.24
      vertex -43.4 37.8139 153.83
      vertex -43.4 37.2496 154.24
    endloop
  endfacet
  facet normal -0 -0.587797 -0.809009
    outer loop
      vertex -43.4 37.8139 153.83
      vertex -47 37.2496 154.24
      vertex -47 37.8139 153.83
    endloop
  endfacet
  facet normal 0 -0.694226 -0.719757
    outer loop
      vertex -47 37.8139 153.83
      vertex -43.4 38.3157 153.346
      vertex -43.4 37.8139 153.83
    endloop
  endfacet
  facet normal -0 -0.694226 -0.719757
    outer loop
      vertex -43.4 38.3157 153.346
      vertex -47 37.8139 153.83
      vertex -47 38.3157 153.346
    endloop
  endfacet
  facet normal 0 -0.788155 -0.615477
    outer loop
      vertex -47 38.7452 152.796
      vertex -43.4 38.3157 153.346
      vertex -47 38.3157 153.346
    endloop
  endfacet
  facet normal 0 -0.788155 -0.615477
    outer loop
      vertex -43.4 38.3157 153.346
      vertex -47 38.7452 152.796
      vertex -43.4 38.7452 152.796
    endloop
  endfacet
  facet normal 0 -0.865975 -0.500086
    outer loop
      vertex -47 39.094 152.192
      vertex -43.4 38.7452 152.796
      vertex -47 38.7452 152.796
    endloop
  endfacet
  facet normal 0 -0.865975 -0.500086
    outer loop
      vertex -43.4 38.7452 152.796
      vertex -47 39.094 152.192
      vertex -43.4 39.094 152.192
    endloop
  endfacet
  facet normal 0 -0.927236 -0.374477
    outer loop
      vertex -47 39.3553 151.545
      vertex -43.4 39.094 152.192
      vertex -47 39.094 152.192
    endloop
  endfacet
  facet normal 0 -0.927236 -0.374477
    outer loop
      vertex -43.4 39.094 152.192
      vertex -47 39.3553 151.545
      vertex -43.4 39.3553 151.545
    endloop
  endfacet
  facet normal 0 -0.970328 -0.241794
    outer loop
      vertex -47 39.524 150.868
      vertex -43.4 39.3553 151.545
      vertex -47 39.3553 151.545
    endloop
  endfacet
  facet normal 0 -0.970328 -0.241794
    outer loop
      vertex -43.4 39.3553 151.545
      vertex -47 39.524 150.868
      vertex -43.4 39.524 150.868
    endloop
  endfacet
  facet normal 0 -0.996189 -0.0872239
    outer loop
      vertex -47 39.6 150
      vertex -43.4 39.524 150.868
      vertex -47 39.524 150.868
    endloop
  endfacet
  facet normal 0 -0.996189 -0.0872239
    outer loop
      vertex -43.4 39.524 150.868
      vertex -47 39.6 150
      vertex -43.4 39.6 150
    endloop
  endfacet
  facet normal 0 -1 0
    outer loop
      vertex -47 39.6 135
      vertex -43.4 39.6 150
      vertex -47 39.6 150
    endloop
  endfacet
  facet normal 0 -1 -0
    outer loop
      vertex -43.4 39.6 150
      vertex -47 39.6 135
      vertex -43.4 39.6 135
    endloop
  endfacet
  facet normal 0 -0.997561 0.0698006
    outer loop
      vertex -47 39.5513 134.304
      vertex -43.4 39.6 135
      vertex -47 39.6 135
    endloop
  endfacet
  facet normal 0 -0.997561 0.0698006
    outer loop
      vertex -43.4 39.6 135
      vertex -47 39.5513 134.304
      vertex -43.4 39.5513 134.304
    endloop
  endfacet
  facet normal 0 -0.978137 0.207962
    outer loop
      vertex -47 39.4063 133.622
      vertex -43.4 39.5513 134.304
      vertex -47 39.5513 134.304
    endloop
  endfacet
  facet normal 0 -0.978137 0.207962
    outer loop
      vertex -43.4 39.5513 134.304
      vertex -47 39.4063 133.622
      vertex -43.4 39.4063 133.622
    endloop
  endfacet
  facet normal 0 -0.939768 0.341812
    outer loop
      vertex -47 39.1677 132.966
      vertex -43.4 39.4063 133.622
      vertex -47 39.4063 133.622
    endloop
  endfacet
  facet normal 0 -0.939768 0.341812
    outer loop
      vertex -43.4 39.4063 133.622
      vertex -47 39.1677 132.966
      vertex -43.4 39.1677 132.966
    endloop
  endfacet
  facet normal 0 -0.882967 0.469435
    outer loop
      vertex -47 38.8402 132.35
      vertex -43.4 39.1677 132.966
      vertex -47 39.1677 132.966
    endloop
  endfacet
  facet normal 0 -0.882967 0.469435
    outer loop
      vertex -43.4 39.1677 132.966
      vertex -47 38.8402 132.35
      vertex -43.4 38.8402 132.35
    endloop
  endfacet
  facet normal 0 -0.80886 0.588001
    outer loop
      vertex -47 38.4302 131.786
      vertex -43.4 38.8402 132.35
      vertex -47 38.8402 132.35
    endloop
  endfacet
  facet normal 0 -0.80886 0.588001
    outer loop
      vertex -43.4 38.8402 132.35
      vertex -47 38.4302 131.786
      vertex -43.4 38.4302 131.786
    endloop
  endfacet
  facet normal 0 -0.719466 0.694528
    outer loop
      vertex -47 37.9456 131.284
      vertex -43.4 38.4302 131.786
      vertex -47 38.4302 131.786
    endloop
  endfacet
  facet normal 0 -0.719466 0.694528
    outer loop
      vertex -43.4 38.4302 131.786
      vertex -47 37.9456 131.284
      vertex -43.4 37.9456 131.284
    endloop
  endfacet
  facet normal 0 -0.61531 0.788285
    outer loop
      vertex -47 37.9456 131.284
      vertex -43.4 37.396 130.855
      vertex -43.4 37.9456 131.284
    endloop
  endfacet
  facet normal 0 -0.61531 0.788285
    outer loop
      vertex -43.4 37.396 130.855
      vertex -47 37.9456 131.284
      vertex -47 37.396 130.855
    endloop
  endfacet
  facet normal 0 -0.500177 0.865923
    outer loop
      vertex -47 37.396 130.855
      vertex -43.4 36.7918 130.506
      vertex -43.4 37.396 130.855
    endloop
  endfacet
  facet normal 0 -0.500177 0.865923
    outer loop
      vertex -43.4 36.7918 130.506
      vertex -47 37.396 130.855
      vertex -47 36.7918 130.506
    endloop
  endfacet
  facet normal 0 -0.374257 0.927325
    outer loop
      vertex -47 36.7918 130.506
      vertex -43.4 36.1451 130.245
      vertex -43.4 36.7918 130.506
    endloop
  endfacet
  facet normal 0 -0.374257 0.927325
    outer loop
      vertex -43.4 36.1451 130.245
      vertex -47 36.7918 130.506
      vertex -47 36.1451 130.245
    endloop
  endfacet
  facet normal 0 -0.242232 0.970218
    outer loop
      vertex -47 36.1451 130.245
      vertex -43.4 35.4682 130.076
      vertex -43.4 36.1451 130.245
    endloop
  endfacet
  facet normal 0 -0.242232 0.970218
    outer loop
      vertex -43.4 35.4682 130.076
      vertex -47 36.1451 130.245
      vertex -47 35.4682 130.076
    endloop
  endfacet
  facet normal 0 -0.087204 0.99619
    outer loop
      vertex -47 35.4682 130.076
      vertex -43.4 34.6 130
      vertex -43.4 35.4682 130.076
    endloop
  endfacet
  facet normal 0 -0.087204 0.99619
    outer loop
      vertex -43.4 34.6 130
      vertex -47 35.4682 130.076
      vertex -47 34.6 130
    endloop
  endfacet
  facet normal -0 0 1
    outer loop
      vertex -47 34.6 130
      vertex -43.4 22.687 130
      vertex -43.4 34.6 130
    endloop
  endfacet
  facet normal 0 0 1
    outer loop
      vertex -43.4 22.687 130
      vertex -47 34.6 130
      vertex -47 22.687 130
    endloop
  endfacet
  facet normal 0 -0.0345019 0.999405
    outer loop
      vertex -47 22.687 130
      vertex -43.4 22.5132 129.994
      vertex -43.4 22.687 130
    endloop
  endfacet
  facet normal 0 -0.0345019 0.999405
    outer loop
      vertex -43.4 22.5132 129.994
      vertex -47 22.687 130
      vertex -47 22.5132 129.994
    endloop
  endfacet
  facet normal 0 -0.0688021 0.99763
    outer loop
      vertex -47 22.5132 129.994
      vertex -43.4 22.0782 129.964
      vertex -43.4 22.5132 129.994
    endloop
  endfacet
  facet normal 0 -0.0688021 0.99763
    outer loop
      vertex -43.4 22.0782 129.964
      vertex -47 22.5132 129.994
      vertex -47 22.0782 129.964
    endloop
  endfacet
  facet normal 0 -0.140698 0.990053
    outer loop
      vertex -47 22.0782 129.964
      vertex -43.4 21.7334 129.915
      vertex -43.4 22.0782 129.964
    endloop
  endfacet
  facet normal 0 -0.140698 0.990053
    outer loop
      vertex -43.4 21.7334 129.915
      vertex -47 22.0782 129.964
      vertex -47 21.7334 129.915
    endloop
  endfacet
  facet normal 0 -0.206763 0.978391
    outer loop
      vertex -47 21.7334 129.915
      vertex -43.4 21.3927 129.843
      vertex -43.4 21.7334 129.915
    endloop
  endfacet
  facet normal 0 -0.206763 0.978391
    outer loop
      vertex -43.4 21.3927 129.843
      vertex -47 21.7334 129.915
      vertex -47 21.3927 129.843
    endloop
  endfacet
  facet normal 0 -0.275403 0.961329
    outer loop
      vertex -47 21.3927 129.843
      vertex -43.4 21.0576 129.747
      vertex -43.4 21.3927 129.843
    endloop
  endfacet
  facet normal 0 -0.275403 0.961329
    outer loop
      vertex -43.4 21.0576 129.747
      vertex -47 21.3927 129.843
      vertex -47 21.0576 129.747
    endloop
  endfacet
  facet normal 0 -0.344415 0.938818
    outer loop
      vertex -47 21.0576 129.747
      vertex -43.4 20.7305 129.627
      vertex -43.4 21.0576 129.747
    endloop
  endfacet
  facet normal 0 -0.344415 0.938818
    outer loop
      vertex -43.4 20.7305 129.627
      vertex -47 21.0576 129.747
      vertex -47 20.7305 129.627
    endloop
  endfacet
  facet normal 0 -0.405019 0.914308
    outer loop
      vertex -47 20.7305 129.627
      vertex -43.4 20.4122 129.486
      vertex -43.4 20.7305 129.627
    endloop
  endfacet
  facet normal 0 -0.405019 0.914308
    outer loop
      vertex -43.4 20.4122 129.486
      vertex -47 20.7305 129.627
      vertex -47 20.4122 129.486
    endloop
  endfacet
  facet normal 0 -0.470231 0.882543
    outer loop
      vertex -47 20.4122 129.486
      vertex -43.4 20.1044 129.322
      vertex -43.4 20.4122 129.486
    endloop
  endfacet
  facet normal 0 -0.470231 0.882543
    outer loop
      vertex -43.4 20.1044 129.322
      vertex -47 20.4122 129.486
      vertex -47 20.1044 129.322
    endloop
  endfacet
  facet normal 0 -0.528965 0.848644
    outer loop
      vertex -47 20.1044 129.322
      vertex -43.4 19.8092 129.138
      vertex -43.4 20.1044 129.322
    endloop
  endfacet
  facet normal 0 -0.528965 0.848644
    outer loop
      vertex -43.4 19.8092 129.138
      vertex -47 20.1044 129.322
      vertex -47 19.8092 129.138
    endloop
  endfacet
  facet normal 0 -0.588138 0.808761
    outer loop
      vertex -47 19.8092 129.138
      vertex -43.4 19.5273 128.933
      vertex -43.4 19.8092 129.138
    endloop
  endfacet
  facet normal 0 -0.588138 0.808761
    outer loop
      vertex -43.4 19.5273 128.933
      vertex -47 19.8092 129.138
      vertex -47 19.5273 128.933
    endloop
  endfacet
  facet normal 0 -0.642862 0.765982
    outer loop
      vertex -47 19.5273 128.933
      vertex -43.4 19.2604 128.709
      vertex -43.4 19.5273 128.933
    endloop
  endfacet
  facet normal 0 -0.642862 0.765982
    outer loop
      vertex -43.4 19.2604 128.709
      vertex -47 19.5273 128.933
      vertex -47 19.2604 128.709
    endloop
  endfacet
  facet normal 0 -0.694799 0.719204
    outer loop
      vertex -47 19.2604 128.709
      vertex -43.4 19.0099 128.467
      vertex -43.4 19.2604 128.709
    endloop
  endfacet
  facet normal 0 -0.694799 0.719204
    outer loop
      vertex -43.4 19.0099 128.467
      vertex -47 19.2604 128.709
      vertex -47 19.0099 128.467
    endloop
  endfacet
  facet normal 0 -0.743151 0.669123
    outer loop
      vertex -47 18.7767 128.208
      vertex -43.4 19.0099 128.467
      vertex -47 19.0099 128.467
    endloop
  endfacet
  facet normal 0 -0.743151 0.669123
    outer loop
      vertex -43.4 19.0099 128.467
      vertex -47 18.7767 128.208
      vertex -43.4 18.7767 128.208
    endloop
  endfacet
  facet normal 0 -0.787554 0.616246
    outer loop
      vertex -47 18.5623 127.934
      vertex -43.4 18.7767 128.208
      vertex -47 18.7767 128.208
    endloop
  endfacet
  facet normal 0 -0.787554 0.616246
    outer loop
      vertex -43.4 18.7767 128.208
      vertex -47 18.5623 127.934
      vertex -43.4 18.5623 127.934
    endloop
  endfacet
  facet normal 0 -0.829347 0.558733
    outer loop
      vertex -47 18.3676 127.645
      vertex -43.4 18.5623 127.934
      vertex -47 18.5623 127.934
    endloop
  endfacet
  facet normal 0 -0.829347 0.558733
    outer loop
      vertex -43.4 18.5623 127.934
      vertex -47 18.3676 127.645
      vertex -43.4 18.3676 127.645
    endloop
  endfacet
  facet normal 0 -0.8661 0.499871
    outer loop
      vertex -47 18.1933 127.343
      vertex -43.4 18.3676 127.645
      vertex -47 18.3676 127.645
    endloop
  endfacet
  facet normal 0 -0.8661 0.499871
    outer loop
      vertex -43.4 18.3676 127.645
      vertex -47 18.1933 127.343
      vertex -43.4 18.1933 127.343
    endloop
  endfacet
  facet normal 0 -0.898749 0.438463
    outer loop
      vertex -47 18.0406 127.03
      vertex -43.4 18.1933 127.343
      vertex -47 18.1933 127.343
    endloop
  endfacet
  facet normal 0 -0.898749 0.438463
    outer loop
      vertex -43.4 18.1933 127.343
      vertex -47 18.0406 127.03
      vertex -43.4 18.0406 127.03
    endloop
  endfacet
  facet normal 0 -0.927184 0.374605
    outer loop
      vertex -47 17.9101 126.707
      vertex -43.4 18.0406 127.03
      vertex -47 18.0406 127.03
    endloop
  endfacet
  facet normal 0 -0.927184 0.374605
    outer loop
      vertex -43.4 18.0406 127.03
      vertex -47 17.9101 126.707
      vertex -43.4 17.9101 126.707
    endloop
  endfacet
  facet normal 0 -0.951013 0.309151
    outer loop
      vertex -47 17.8025 126.376
      vertex -43.4 17.9101 126.707
      vertex -47 17.9101 126.707
    endloop
  endfacet
  facet normal 0 -0.951013 0.309151
    outer loop
      vertex -43.4 17.9101 126.707
      vertex -47 17.8025 126.376
      vertex -43.4 17.8025 126.376
    endloop
  endfacet
  facet normal 0 -0.970322 0.241815
    outer loop
      vertex -47 17.7235 126.059
      vertex -43.4 17.8025 126.376
      vertex -47 17.8025 126.376
    endloop
  endfacet
  facet normal 0 -0.970322 0.241815
    outer loop
      vertex -43.4 17.8025 126.376
      vertex -47 17.7235 126.059
      vertex -43.4 17.7235 126.059
    endloop
  endfacet
  facet normal 0 -0.986242 0.16531
    outer loop
      vertex -47 17.6588 125.673
      vertex -43.4 17.7235 126.059
      vertex -47 17.7235 126.059
    endloop
  endfacet
  facet normal 0 -0.986242 0.16531
    outer loop
      vertex -43.4 17.7235 126.059
      vertex -47 17.6588 125.673
      vertex -43.4 17.6588 125.673
    endloop
  endfacet
  facet normal 0 -0.996201 0.0870793
    outer loop
      vertex -47 17.6095 125.109
      vertex -43.4 17.6588 125.673
      vertex -47 17.6588 125.673
    endloop
  endfacet
  facet normal 0 -0.996201 0.0870793
    outer loop
      vertex -43.4 17.6588 125.673
      vertex -47 17.6095 125.109
      vertex -43.4 17.6095 125.109
    endloop
  endfacet
  facet normal 0 -0.999052 0.0435367
    outer loop
      vertex -47 17.6 124.891
      vertex -43.4 17.6095 125.109
      vertex -47 17.6095 125.109
    endloop
  endfacet
  facet normal 0 -0.999052 0.0435367
    outer loop
      vertex -43.4 17.6095 125.109
      vertex -47 17.6 124.891
      vertex -43.4 17.6 124.891
    endloop
  endfacet
  facet normal 0 -1 0
    outer loop
      vertex -47 17.6 35.087
      vertex -43.4 17.6 124.891
      vertex -47 17.6 124.891
    endloop
  endfacet
  facet normal 0 -1 -0
    outer loop
      vertex -43.4 17.6 124.891
      vertex -47 17.6 35.087
      vertex -43.4 17.6 35.087
    endloop
  endfacet
  facet normal 0 -0.999385 -0.0350762
    outer loop
      vertex -47 17.6061 34.9132
      vertex -43.4 17.6 35.087
      vertex -47 17.6 35.087
    endloop
  endfacet
  facet normal 0 -0.999385 -0.0350762
    outer loop
      vertex -43.4 17.6 35.087
      vertex -47 17.6061 34.9132
      vertex -43.4 17.6061 34.9132
    endloop
  endfacet
  facet normal 0 -0.997567 -0.069715
    outer loop
      vertex -47 17.6365 34.4782
      vertex -43.4 17.6061 34.9132
      vertex -47 17.6061 34.9132
    endloop
  endfacet
  facet normal 0 -0.997567 -0.069715
    outer loop
      vertex -43.4 17.6061 34.9132
      vertex -47 17.6365 34.4782
      vertex -43.4 17.6365 34.4782
    endloop
  endfacet
  facet normal 0 -0.990291 -0.139008
    outer loop
      vertex -47 17.6849 34.1334
      vertex -43.4 17.6365 34.4782
      vertex -47 17.6365 34.4782
    endloop
  endfacet
  facet normal 0 -0.990291 -0.139008
    outer loop
      vertex -43.4 17.6365 34.4782
      vertex -47 17.6849 34.1334
      vertex -43.4 17.6849 34.1334
    endloop
  endfacet
  facet normal 0 -0.9781 -0.208137
    outer loop
      vertex -47 17.7574 33.7927
      vertex -43.4 17.6849 34.1334
      vertex -47 17.6849 34.1334
    endloop
  endfacet
  facet normal 0 -0.9781 -0.208137
    outer loop
      vertex -43.4 17.6849 34.1334
      vertex -47 17.7574 33.7927
      vertex -43.4 17.7574 33.7927
    endloop
  endfacet
  facet normal 0 -0.961329 -0.275403
    outer loop
      vertex -47 17.8534 33.4576
      vertex -43.4 17.7574 33.7927
      vertex -47 17.7574 33.7927
    endloop
  endfacet
  facet normal 0 -0.961329 -0.275403
    outer loop
      vertex -43.4 17.7574 33.7927
      vertex -47 17.8534 33.4576
      vertex -43.4 17.8534 33.4576
    endloop
  endfacet
  facet normal 0 -0.939651 -0.342135
    outer loop
      vertex -47 17.9725 33.1305
      vertex -43.4 17.8534 33.4576
      vertex -47 17.8534 33.4576
    endloop
  endfacet
  facet normal 0 -0.939651 -0.342135
    outer loop
      vertex -43.4 17.8534 33.4576
      vertex -47 17.9725 33.1305
      vertex -43.4 17.9725 33.1305
    endloop
  endfacet
  facet normal 0 -0.913563 -0.406698
    outer loop
      vertex -47 18.1142 32.8122
      vertex -43.4 17.9725 33.1305
      vertex -47 17.9725 33.1305
    endloop
  endfacet
  facet normal 0 -0.913563 -0.406698
    outer loop
      vertex -43.4 17.9725 33.1305
      vertex -47 18.1142 32.8122
      vertex -43.4 18.1142 32.8122
    endloop
  endfacet
  facet normal 0 -0.883019 -0.469337
    outer loop
      vertex -47 18.2778 32.5044
      vertex -43.4 18.1142 32.8122
      vertex -47 18.1142 32.8122
    endloop
  endfacet
  facet normal 0 -0.883019 -0.469337
    outer loop
      vertex -43.4 18.1142 32.8122
      vertex -47 18.2778 32.5044
      vertex -43.4 18.2778 32.5044
    endloop
  endfacet
  facet normal 0 -0.847998 -0.529999
    outer loop
      vertex -47 18.4623 32.2092
      vertex -43.4 18.2778 32.5044
      vertex -47 18.2778 32.5044
    endloop
  endfacet
  facet normal 0 -0.847998 -0.529999
    outer loop
      vertex -43.4 18.2778 32.5044
      vertex -47 18.4623 32.2092
      vertex -43.4 18.4623 32.2092
    endloop
  endfacet
  facet normal 0 -0.808935 -0.587899
    outer loop
      vertex -47 18.6671 31.9274
      vertex -43.4 18.4623 32.2092
      vertex -47 18.4623 32.2092
    endloop
  endfacet
  facet normal 0 -0.808935 -0.587899
    outer loop
      vertex -43.4 18.4623 32.2092
      vertex -47 18.6671 31.9274
      vertex -43.4 18.6671 31.9274
    endloop
  endfacet
  facet normal 0 -0.7661 -0.642721
    outer loop
      vertex -47 18.8911 31.6604
      vertex -43.4 18.6671 31.9274
      vertex -47 18.6671 31.9274
    endloop
  endfacet
  facet normal 0 -0.7661 -0.642721
    outer loop
      vertex -43.4 18.6671 31.9274
      vertex -47 18.8911 31.6604
      vertex -43.4 18.8911 31.6604
    endloop
  endfacet
  facet normal 0 -0.719347 -0.694651
    outer loop
      vertex -47 19.133 31.4099
      vertex -43.4 18.8911 31.6604
      vertex -47 18.8911 31.6604
    endloop
  endfacet
  facet normal 0 -0.719347 -0.694651
    outer loop
      vertex -43.4 18.8911 31.6604
      vertex -47 19.133 31.4099
      vertex -43.4 19.133 31.4099
    endloop
  endfacet
  facet normal 0 -0.669123 -0.743151
    outer loop
      vertex -47 19.133 31.4099
      vertex -43.4 19.392 31.1767
      vertex -43.4 19.133 31.4099
    endloop
  endfacet
  facet normal -0 -0.669123 -0.743151
    outer loop
      vertex -43.4 19.392 31.1767
      vertex -47 19.133 31.4099
      vertex -47 19.392 31.1767
    endloop
  endfacet
  facet normal 0 -0.615549 -0.788098
    outer loop
      vertex -47 19.392 31.1767
      vertex -43.4 19.6665 30.9623
      vertex -43.4 19.392 31.1767
    endloop
  endfacet
  facet normal -0 -0.615549 -0.788098
    outer loop
      vertex -43.4 19.6665 30.9623
      vertex -47 19.392 31.1767
      vertex -47 19.6665 30.9623
    endloop
  endfacet
  facet normal 0 -0.559132 -0.829078
    outer loop
      vertex -47 19.6665 30.9623
      vertex -43.4 19.9552 30.7676
      vertex -43.4 19.6665 30.9623
    endloop
  endfacet
  facet normal -0 -0.559132 -0.829078
    outer loop
      vertex -43.4 19.9552 30.7676
      vertex -47 19.6665 30.9623
      vertex -47 19.9552 30.7676
    endloop
  endfacet
  facet normal 0 -0.500244 -0.865884
    outer loop
      vertex -47 19.9552 30.7676
      vertex -43.4 20.2569 30.5933
      vertex -43.4 19.9552 30.7676
    endloop
  endfacet
  facet normal -0 -0.500244 -0.865884
    outer loop
      vertex -43.4 20.2569 30.5933
      vertex -47 19.9552 30.7676
      vertex -47 20.2569 30.5933
    endloop
  endfacet
  facet normal 0 -0.438237 -0.898859
    outer loop
      vertex -47 20.2569 30.5933
      vertex -43.4 20.5701 30.4406
      vertex -43.4 20.2569 30.5933
    endloop
  endfacet
  facet normal -0 -0.438237 -0.898859
    outer loop
      vertex -43.4 20.5701 30.4406
      vertex -47 20.2569 30.5933
      vertex -47 20.5701 30.4406
    endloop
  endfacet
  facet normal 0 -0.374705 -0.927144
    outer loop
      vertex -47 20.5701 30.4406
      vertex -43.4 20.893 30.3101
      vertex -43.4 20.5701 30.4406
    endloop
  endfacet
  facet normal -0 -0.374705 -0.927144
    outer loop
      vertex -43.4 20.893 30.3101
      vertex -47 20.5701 30.4406
      vertex -47 20.893 30.3101
    endloop
  endfacet
  facet normal 0 -0.308898 -0.951095
    outer loop
      vertex -47 20.893 30.3101
      vertex -43.4 21.2243 30.2025
      vertex -43.4 20.893 30.3101
    endloop
  endfacet
  facet normal -0 -0.308898 -0.951095
    outer loop
      vertex -43.4 21.2243 30.2025
      vertex -47 20.893 30.3101
      vertex -47 21.2243 30.2025
    endloop
  endfacet
  facet normal 0 -0.241887 -0.970304
    outer loop
      vertex -47 21.2243 30.2025
      vertex -43.4 21.5412 30.1235
      vertex -43.4 21.2243 30.2025
    endloop
  endfacet
  facet normal -0 -0.241887 -0.970304
    outer loop
      vertex -43.4 21.5412 30.1235
      vertex -47 21.2243 30.2025
      vertex -47 21.5412 30.1235
    endloop
  endfacet
  facet normal 0 -0.165186 -0.986263
    outer loop
      vertex -47 21.5412 30.1235
      vertex -43.4 21.9275 30.0588
      vertex -43.4 21.5412 30.1235
    endloop
  endfacet
  facet normal -0 -0.165186 -0.986263
    outer loop
      vertex -43.4 21.9275 30.0588
      vertex -47 21.5412 30.1235
      vertex -47 21.9275 30.0588
    endloop
  endfacet
  facet normal 0 -0.08711 -0.996199
    outer loop
      vertex -47 21.9275 30.0588
      vertex -43.4 22.4913 30.0095
      vertex -43.4 21.9275 30.0588
    endloop
  endfacet
  facet normal -0 -0.08711 -0.996199
    outer loop
      vertex -43.4 22.4913 30.0095
      vertex -47 21.9275 30.0588
      vertex -47 22.4913 30.0095
    endloop
  endfacet
  facet normal 0 -0.0435766 -0.99905
    outer loop
      vertex -47 22.4913 30.0095
      vertex -43.4 22.7091 30
      vertex -43.4 22.4913 30.0095
    endloop
  endfacet
  facet normal -0 -0.0435766 -0.99905
    outer loop
      vertex -43.4 22.7091 30
      vertex -47 22.4913 30.0095
      vertex -47 22.7091 30
    endloop
  endfacet
  facet normal 0 0 -1
    outer loop
      vertex -47 22.7091 30
      vertex -43.4 34.6 30
      vertex -43.4 22.7091 30
    endloop
  endfacet
  facet normal -0 0 -1
    outer loop
      vertex -43.4 34.6 30
      vertex -47 22.7091 30
      vertex -47 34.6 30
    endloop
  endfacet
  facet normal 0 -0.0698106 -0.99756
    outer loop
      vertex -47 34.6 30
      vertex -43.4 35.2959 29.9513
      vertex -43.4 34.6 30
    endloop
  endfacet
  facet normal -0 -0.0698106 -0.99756
    outer loop
      vertex -43.4 35.2959 29.9513
      vertex -47 34.6 30
      vertex -47 35.2959 29.9513
    endloop
  endfacet
  facet normal 0 -0.207874 -0.978156
    outer loop
      vertex -47 35.2959 29.9513
      vertex -43.4 35.9782 29.8063
      vertex -43.4 35.2959 29.9513
    endloop
  endfacet
  facet normal -0 -0.207874 -0.978156
    outer loop
      vertex -43.4 35.9782 29.8063
      vertex -47 35.2959 29.9513
      vertex -47 35.9782 29.8063
    endloop
  endfacet
  facet normal 0 -0.342042 -0.939685
    outer loop
      vertex -47 35.9782 29.8063
      vertex -43.4 36.6337 29.5677
      vertex -43.4 35.9782 29.8063
    endloop
  endfacet
  facet normal -0 -0.342042 -0.939685
    outer loop
      vertex -43.4 36.6337 29.5677
      vertex -47 35.9782 29.8063
      vertex -47 36.6337 29.5677
    endloop
  endfacet
  facet normal 0 -0.469494 -0.882936
    outer loop
      vertex -47 36.6337 29.5677
      vertex -43.4 37.2496 29.2402
      vertex -43.4 36.6337 29.5677
    endloop
  endfacet
  facet normal -0 -0.469494 -0.882936
    outer loop
      vertex -43.4 37.2496 29.2402
      vertex -47 36.6337 29.5677
      vertex -47 37.2496 29.2402
    endloop
  endfacet
  facet normal 0 -0.587797 -0.809009
    outer loop
      vertex -47 37.2496 29.2402
      vertex -43.4 37.8139 28.8302
      vertex -43.4 37.2496 29.2402
    endloop
  endfacet
  facet normal -0 -0.587797 -0.809009
    outer loop
      vertex -43.4 37.8139 28.8302
      vertex -47 37.2496 29.2402
      vertex -47 37.8139 28.8302
    endloop
  endfacet
  facet normal 0 -0.694597 -0.719399
    outer loop
      vertex -47 37.8139 28.8302
      vertex -43.4 38.3157 28.3457
      vertex -43.4 37.8139 28.8302
    endloop
  endfacet
  facet normal -0 -0.694597 -0.719399
    outer loop
      vertex -43.4 38.3157 28.3457
      vertex -47 37.8139 28.8302
      vertex -47 38.3157 28.3457
    endloop
  endfacet
  facet normal 0 -0.787992 -0.615686
    outer loop
      vertex -47 38.7452 27.796
      vertex -43.4 38.3157 28.3457
      vertex -47 38.3157 28.3457
    endloop
  endfacet
  facet normal 0 -0.787992 -0.615686
    outer loop
      vertex -43.4 38.3157 28.3457
      vertex -47 38.7452 27.796
      vertex -43.4 38.7452 27.796
    endloop
  endfacet
  facet normal 0 -0.866047 -0.499962
    outer loop
      vertex -47 39.094 27.1918
      vertex -43.4 38.7452 27.796
      vertex -47 38.7452 27.796
    endloop
  endfacet
  facet normal 0 -0.866047 -0.499962
    outer loop
      vertex -43.4 38.7452 27.796
      vertex -47 39.094 27.1918
      vertex -43.4 39.094 27.1918
    endloop
  endfacet
  facet normal 0 -0.927176 -0.374627
    outer loop
      vertex -47 39.3553 26.5451
      vertex -43.4 39.094 27.1918
      vertex -47 39.094 27.1918
    endloop
  endfacet
  facet normal 0 -0.927176 -0.374627
    outer loop
      vertex -43.4 39.094 27.1918
      vertex -47 39.3553 26.5451
      vertex -43.4 39.3553 26.5451
    endloop
  endfacet
  facet normal 0 -0.970319 -0.241827
    outer loop
      vertex -47 39.524 25.8682
      vertex -43.4 39.3553 26.5451
      vertex -47 39.3553 26.5451
    endloop
  endfacet
  facet normal 0 -0.970319 -0.241827
    outer loop
      vertex -43.4 39.3553 26.5451
      vertex -47 39.524 25.8682
      vertex -43.4 39.524 25.8682
    endloop
  endfacet
  facet normal 0 -0.99619 -0.087204
    outer loop
      vertex -47 39.6 25
      vertex -43.4 39.524 25.8682
      vertex -47 39.524 25.8682
    endloop
  endfacet
  facet normal 0 -0.99619 -0.087204
    outer loop
      vertex -43.4 39.524 25.8682
      vertex -47 39.6 25
      vertex -43.4 39.6 25
    endloop
  endfacet
  facet normal 0 -1 0
    outer loop
      vertex -47 39.6 10
      vertex -43.4 39.6 25
      vertex -47 39.6 25
    endloop
  endfacet
  facet normal 0 -1 -0
    outer loop
      vertex -43.4 39.6 25
      vertex -47 39.6 10
      vertex -43.4 39.6 10
    endloop
  endfacet
  facet normal 0 -0.99756 0.0698146
    outer loop
      vertex -47 39.5513 9.30414
      vertex -43.4 39.6 10
      vertex -47 39.6 10
    endloop
  endfacet
  facet normal 0 -0.99756 0.0698146
    outer loop
      vertex -43.4 39.6 10
      vertex -47 39.5513 9.30414
      vertex -43.4 39.5513 9.30414
    endloop
  endfacet
  facet normal 0 -0.978157 0.207865
    outer loop
      vertex -47 39.4063 8.62181
      vertex -43.4 39.5513 9.30414
      vertex -47 39.5513 9.30414
    endloop
  endfacet
  facet normal 0 -0.978157 0.207865
    outer loop
      vertex -43.4 39.5513 9.30414
      vertex -47 39.4063 8.62181
      vertex -43.4 39.4063 8.62181
    endloop
  endfacet
  facet normal 0 -0.939683 0.342047
    outer loop
      vertex -47 39.1677 7.96632
      vertex -43.4 39.4063 8.62181
      vertex -47 39.4063 8.62181
    endloop
  endfacet
  facet normal 0 -0.939683 0.342047
    outer loop
      vertex -43.4 39.4063 8.62181
      vertex -47 39.1677 7.96632
      vertex -43.4 39.1677 7.96632
    endloop
  endfacet
  facet normal 0 -0.882942 0.469482
    outer loop
      vertex -47 38.8402 7.3504
      vertex -43.4 39.1677 7.96632
      vertex -47 39.1677 7.96632
    endloop
  endfacet
  facet normal 0 -0.882942 0.469482
    outer loop
      vertex -43.4 39.1677 7.96632
      vertex -47 38.8402 7.3504
      vertex -43.4 38.8402 7.3504
    endloop
  endfacet
  facet normal 0 -0.809029 0.587769
    outer loop
      vertex -47 38.4302 6.78606
      vertex -43.4 38.8402 7.3504
      vertex -47 38.8402 7.3504
    endloop
  endfacet
  facet normal 0 -0.809029 0.587769
    outer loop
      vertex -43.4 38.8402 7.3504
      vertex -47 38.4302 6.78606
      vertex -43.4 38.4302 6.78606
    endloop
  endfacet
  facet normal 0 -0.71932 0.694678
    outer loop
      vertex -47 37.9456 6.28427
      vertex -43.4 38.4302 6.78606
      vertex -47 38.4302 6.78606
    endloop
  endfacet
  facet normal 0 -0.71932 0.694678
    outer loop
      vertex -43.4 38.4302 6.78606
      vertex -47 37.9456 6.28427
      vertex -43.4 37.9456 6.28427
    endloop
  endfacet
  facet normal 0 -0.61572 0.787965
    outer loop
      vertex -47 37.9456 6.28427
      vertex -43.4 37.396 5.85481
      vertex -43.4 37.9456 6.28427
    endloop
  endfacet
  facet normal 0 -0.61572 0.787965
    outer loop
      vertex -43.4 37.396 5.85481
      vertex -47 37.9456 6.28427
      vertex -47 37.396 5.85481
    endloop
  endfacet
  facet normal 0 -0.499941 0.86606
    outer loop
      vertex -47 37.396 5.85481
      vertex -43.4 36.7918 5.50603
      vertex -43.4 37.396 5.85481
    endloop
  endfacet
  facet normal 0 -0.499941 0.86606
    outer loop
      vertex -43.4 36.7918 5.50603
      vertex -47 37.396 5.85481
      vertex -47 36.7918 5.50603
    endloop
  endfacet
  facet normal 0 -0.374639 0.927171
    outer loop
      vertex -47 36.7918 5.50603
      vertex -43.4 36.1451 5.24472
      vertex -43.4 36.7918 5.50603
    endloop
  endfacet
  facet normal 0 -0.374639 0.927171
    outer loop
      vertex -43.4 36.1451 5.24472
      vertex -47 36.7918 5.50603
      vertex -47 36.1451 5.24472
    endloop
  endfacet
  facet normal 0 -0.241908 0.970299
    outer loop
      vertex -47 36.1451 5.24472
      vertex -43.4 35.4682 5.07596
      vertex -43.4 36.1451 5.24472
    endloop
  endfacet
  facet normal 0 -0.241908 0.970299
    outer loop
      vertex -43.4 35.4682 5.07596
      vertex -47 36.1451 5.24472
      vertex -47 35.4682 5.07596
    endloop
  endfacet
  facet normal 0 -0.0871584 0.996194
    outer loop
      vertex -47 35.4682 5.07596
      vertex -43.4 34.6 5
      vertex -43.4 35.4682 5.07596
    endloop
  endfacet
  facet normal 0 -0.0871584 0.996194
    outer loop
      vertex -43.4 34.6 5
      vertex -47 35.4682 5.07596
      vertex -47 34.6 5
    endloop
  endfacet
  facet normal -0 0 1
    outer loop
      vertex -47 34.6 5
      vertex -43.4 -34.6 5
      vertex -43.4 34.6 5
    endloop
  endfacet
  facet normal 0 0 1
    outer loop
      vertex -43.4 -34.6 5
      vertex -47 34.6 5
      vertex -47 -34.6 5
    endloop
  endfacet
  facet normal -0 0.0697535 0.997564
    outer loop
      vertex -47 -34.6 5
      vertex -43.4 -35.2959 5.04866
      vertex -43.4 -34.6 5
    endloop
  endfacet
  facet normal 0 0.0697535 0.997564
    outer loop
      vertex -43.4 -35.2959 5.04866
      vertex -47 -34.6 5
      vertex -47 -35.2959 5.04866
    endloop
  endfacet
  facet normal -0 0.207929 0.978144
    outer loop
      vertex -47 -35.2959 5.04866
      vertex -43.4 -35.9782 5.1937
      vertex -43.4 -35.2959 5.04866
    endloop
  endfacet
  facet normal 0 0.207929 0.978144
    outer loop
      vertex -43.4 -35.9782 5.1937
      vertex -47 -35.2959 5.04866
      vertex -47 -35.9782 5.1937
    endloop
  endfacet
  facet normal -0 0.342004 0.939698
    outer loop
      vertex -47 -35.9782 5.1937
      vertex -43.4 -36.6337 5.43227
      vertex -43.4 -35.9782 5.1937
    endloop
  endfacet
  facet normal 0 0.342004 0.939698
    outer loop
      vertex -43.4 -36.6337 5.43227
      vertex -47 -35.9782 5.1937
      vertex -47 -36.6337 5.43227
    endloop
  endfacet
  facet normal -0 0.469494 0.882936
    outer loop
      vertex -47 -36.6337 5.43227
      vertex -43.4 -37.2496 5.75977
      vertex -43.4 -36.6337 5.43227
    endloop
  endfacet
  facet normal 0 0.469494 0.882936
    outer loop
      vertex -43.4 -37.2496 5.75977
      vertex -47 -36.6337 5.43227
      vertex -47 -37.2496 5.75977
    endloop
  endfacet
  facet normal -0 0.587806 0.809002
    outer loop
      vertex -47 -37.2496 5.75977
      vertex -43.4 -37.8139 6.16978
      vertex -43.4 -37.2496 5.75977
    endloop
  endfacet
  facet normal 0 0.587806 0.809002
    outer loop
      vertex -43.4 -37.8139 6.16978
      vertex -47 -37.2496 5.75977
      vertex -47 -37.8139 6.16978
    endloop
  endfacet
  facet normal -0 0.694642 0.719356
    outer loop
      vertex -47 -37.8139 6.16978
      vertex -43.4 -38.3157 6.65434
      vertex -43.4 -37.8139 6.16978
    endloop
  endfacet
  facet normal 0 0.694642 0.719356
    outer loop
      vertex -43.4 -38.3157 6.65434
      vertex -47 -37.8139 6.16978
      vertex -47 -38.3157 6.65434
    endloop
  endfacet
  facet normal 0 0.787992 0.615686
    outer loop
      vertex -43.4 -38.3157 6.65434
      vertex -47 -38.7452 7.20404
      vertex -43.4 -38.7452 7.20404
    endloop
  endfacet
  facet normal 0 0.787992 0.615686
    outer loop
      vertex -47 -38.7452 7.20404
      vertex -43.4 -38.3157 6.65434
      vertex -47 -38.3157 6.65434
    endloop
  endfacet
  facet normal 0 0.866015 0.500018
    outer loop
      vertex -43.4 -38.7452 7.20404
      vertex -47 -39.094 7.80815
      vertex -43.4 -39.094 7.80815
    endloop
  endfacet
  facet normal 0 0.866015 0.500018
    outer loop
      vertex -47 -39.094 7.80815
      vertex -43.4 -38.7452 7.20404
      vertex -47 -38.7452 7.20404
    endloop
  endfacet
  facet normal 0 0.927188 0.374597
    outer loop
      vertex -43.4 -39.094 7.80815
      vertex -47 -39.3553 8.45491
      vertex -43.4 -39.3553 8.45491
    endloop
  endfacet
  facet normal 0 0.927188 0.374597
    outer loop
      vertex -47 -39.3553 8.45491
      vertex -43.4 -39.094 7.80815
      vertex -47 -39.094 7.80815
    endloop
  endfacet
  facet normal 0 0.970315 0.241844
    outer loop
      vertex -43.4 -39.3553 8.45491
      vertex -47 -39.524 9.13176
      vertex -43.4 -39.524 9.13176
    endloop
  endfacet
  facet normal 0 0.970315 0.241844
    outer loop
      vertex -47 -39.524 9.13176
      vertex -43.4 -39.3553 8.45491
      vertex -47 -39.3553 8.45491
    endloop
  endfacet
  facet normal 0 0.996191 0.0872
    outer loop
      vertex -43.4 -39.524 9.13176
      vertex -47 -39.6 10
      vertex -43.4 -39.6 10
    endloop
  endfacet
  facet normal 0 0.996191 0.0872
    outer loop
      vertex -47 -39.6 10
      vertex -43.4 -39.524 9.13176
      vertex -47 -39.524 9.13176
    endloop
  endfacet
  facet normal 0 1 -0
    outer loop
      vertex -43.4 -39.6 10
      vertex -47 -39.6 25
      vertex -43.4 -39.6 25
    endloop
  endfacet
  facet normal 0 1 0
    outer loop
      vertex -47 -39.6 25
      vertex -43.4 -39.6 10
      vertex -47 -39.6 10
    endloop
  endfacet
  facet normal 0 0.99756 -0.0698106
    outer loop
      vertex -43.4 -39.6 25
      vertex -47 -39.5513 25.6959
      vertex -43.4 -39.5513 25.6959
    endloop
  endfacet
  facet normal 0 0.99756 -0.0698106
    outer loop
      vertex -47 -39.5513 25.6959
      vertex -43.4 -39.6 25
      vertex -47 -39.6 25
    endloop
  endfacet
  facet normal 1 -0 0
    outer loop
      vertex -43.4 39.5513 134.304
      vertex -43.4 39.6 25
      vertex -43.4 39.6 135
    endloop
  endfacet
  facet normal 1 0 0
    outer loop
      vertex -43.4 39.5513 134.304
      vertex -43.4 39.524 25.8682
      vertex -43.4 39.6 25
    endloop
  endfacet
  facet normal 1 -0 0
    outer loop
      vertex -43.4 39.4063 133.622
      vertex -43.4 39.524 25.8682
      vertex -43.4 39.5513 134.304
    endloop
  endfacet
  facet normal 1 0 0
    outer loop
      vertex -43.4 39.4063 133.622
      vertex -43.4 39.3553 26.5451
      vertex -43.4 39.524 25.8682
    endloop
  endfacet
  facet normal 1 -0 0
    outer loop
      vertex -43.4 39.1677 132.966
      vertex -43.4 39.3553 26.5451
      vertex -43.4 39.4063 133.622
    endloop
  endfacet
  facet normal 1 0 0
    outer loop
      vertex -43.4 39.1677 132.966
      vertex -43.4 39.094 27.1918
      vertex -43.4 39.3553 26.5451
    endloop
  endfacet
  facet normal 1 -0 0
    outer loop
      vertex -43.4 38.8402 132.35
      vertex -43.4 39.094 27.1918
      vertex -43.4 39.1677 132.966
    endloop
  endfacet
  facet normal 1 0 0
    outer loop
      vertex -43.4 38.8402 132.35
      vertex -43.4 38.7452 27.796
      vertex -43.4 39.094 27.1918
    endloop
  endfacet
  facet normal 1 -0 0
    outer loop
      vertex -43.4 38.4302 131.786
      vertex -43.4 38.7452 27.796
      vertex -43.4 38.8402 132.35
    endloop
  endfacet
  facet normal 1 0 0
    outer loop
      vertex -43.4 38.4302 131.786
      vertex -43.4 38.3157 28.3457
      vertex -43.4 38.7452 27.796
    endloop
  endfacet
  facet normal 1 -0 0
    outer loop
      vertex -43.4 37.9456 131.284
      vertex -43.4 38.3157 28.3457
      vertex -43.4 38.4302 131.786
    endloop
  endfacet
  facet normal 1 0 0
    outer loop
      vertex -43.4 37.9456 131.284
      vertex -43.4 37.8139 28.8302
      vertex -43.4 38.3157 28.3457
    endloop
  endfacet
  facet normal 1 -0 0
    outer loop
      vertex -43.4 37.396 130.855
      vertex -43.4 37.8139 28.8302
      vertex -43.4 37.9456 131.284
    endloop
  endfacet
  facet normal 1 0 0
    outer loop
      vertex -43.4 37.396 130.855
      vertex -43.4 37.2496 29.2402
      vertex -43.4 37.8139 28.8302
    endloop
  endfacet
  facet normal 1 -0 0
    outer loop
      vertex -43.4 36.7918 130.506
      vertex -43.4 37.2496 29.2402
      vertex -43.4 37.396 130.855
    endloop
  endfacet
  facet normal 1 0 0
    outer loop
      vertex -43.4 36.7918 130.506
      vertex -43.4 36.6337 29.5677
      vertex -43.4 37.2496 29.2402
    endloop
  endfacet
  facet normal 1 -0 0
    outer loop
      vertex -43.4 36.1451 130.245
      vertex -43.4 36.6337 29.5677
      vertex -43.4 36.7918 130.506
    endloop
  endfacet
  facet normal 1 0 0
    outer loop
      vertex -43.4 36.1451 130.245
      vertex -43.4 35.9782 29.8063
      vertex -43.4 36.6337 29.5677
    endloop
  endfacet
  facet normal 1 -0 0
    outer loop
      vertex -43.4 35.4682 130.076
      vertex -43.4 35.9782 29.8063
      vertex -43.4 36.1451 130.245
    endloop
  endfacet
  facet normal 1 0 0
    outer loop
      vertex -43.4 35.4682 130.076
      vertex -43.4 35.2959 29.9513
      vertex -43.4 35.9782 29.8063
    endloop
  endfacet
  facet normal 1 0 0
    outer loop
      vertex -43.4 17.6 124.891
      vertex -43.4 35.4682 130.076
      vertex -43.4 34.6 130
    endloop
  endfacet
  facet normal 1 0 0
    outer loop
      vertex -43.4 35.4682 130.076
      vertex -43.4 17.6 35.087
      vertex -43.4 35.2959 29.9513
    endloop
  endfacet
  facet normal 1 0 0
    outer loop
      vertex -43.4 35.2959 29.9513
      vertex -43.4 17.6 35.087
      vertex -43.4 34.6 30
    endloop
  endfacet
  facet normal 1 0 0
    outer loop
      vertex -43.4 17.6 124.891
      vertex -43.4 34.6 130
      vertex -43.4 22.687 130
    endloop
  endfacet
  facet normal 1 0 0
    outer loop
      vertex -43.4 17.6 124.891
      vertex -43.4 22.687 130
      vertex -43.4 22.5132 129.994
    endloop
  endfacet
  facet normal 1 0 0
    outer loop
      vertex -43.4 35.4682 130.076
      vertex -43.4 17.6 124.891
      vertex -43.4 17.6 35.087
    endloop
  endfacet
  facet normal 1 0 0
    outer loop
      vertex -43.4 17.6095 125.109
      vertex -43.4 22.5132 129.994
      vertex -43.4 22.0782 129.964
    endloop
  endfacet
  facet normal 1 0 0
    outer loop
      vertex -43.4 34.6 30
      vertex -43.4 17.6 35.087
      vertex -43.4 22.7091 30
    endloop
  endfacet
  facet normal 1 0 0
    outer loop
      vertex -43.4 17.6095 125.109
      vertex -43.4 22.0782 129.964
      vertex -43.4 21.7334 129.915
    endloop
  endfacet
  facet normal 1 0 0
    outer loop
      vertex -43.4 22.7091 30
      vertex -43.4 17.6 35.087
      vertex -43.4 22.4913 30.0095
    endloop
  endfacet
  facet normal 1 0 0
    outer loop
      vertex -43.4 17.6095 125.109
      vertex -43.4 21.7334 129.915
      vertex -43.4 21.3927 129.843
    endloop
  endfacet
  facet normal 1 -0 -0
    outer loop
      vertex -43.4 17.6061 34.9132
      vertex -43.4 22.4913 30.0095
      vertex -43.4 17.6 35.087
    endloop
  endfacet
  facet normal 1 0 0
    outer loop
      vertex -43.4 17.6095 125.109
      vertex -43.4 21.3927 129.843
      vertex -43.4 21.0576 129.747
    endloop
  endfacet
  facet normal 1 0 0
    outer loop
      vertex -43.4 22.4913 30.0095
      vertex -43.4 17.6061 34.9132
      vertex -43.4 21.9275 30.0588
    endloop
  endfacet
  facet normal 1 0 0
    outer loop
      vertex -43.4 17.6095 125.109
      vertex -43.4 21.0576 129.747
      vertex -43.4 20.7305 129.627
    endloop
  endfacet
  facet normal 1 0 0
    outer loop
      vertex -43.4 21.9275 30.0588
      vertex -43.4 17.6061 34.9132
      vertex -43.4 21.5412 30.1235
    endloop
  endfacet
  facet normal 1 0 0
    outer loop
      vertex -43.4 17.6095 125.109
      vertex -43.4 20.7305 129.627
      vertex -43.4 20.4122 129.486
    endloop
  endfacet
  facet normal 1 0 0
    outer loop
      vertex -43.4 21.5412 30.1235
      vertex -43.4 17.6061 34.9132
      vertex -43.4 21.2243 30.2025
    endloop
  endfacet
  facet normal 1 0 0
    outer loop
      vertex -43.4 17.6095 125.109
      vertex -43.4 20.4122 129.486
      vertex -43.4 20.1044 129.322
    endloop
  endfacet
  facet normal 1 0 0
    outer loop
      vertex -43.4 21.2243 30.2025
      vertex -43.4 17.6061 34.9132
      vertex -43.4 20.893 30.3101
    endloop
  endfacet
  facet normal 1 0 0
    outer loop
      vertex -43.4 17.6095 125.109
      vertex -43.4 20.1044 129.322
      vertex -43.4 19.8092 129.138
    endloop
  endfacet
  facet normal 1 0 0
    outer loop
      vertex -43.4 20.893 30.3101
      vertex -43.4 17.6061 34.9132
      vertex -43.4 20.5701 30.4406
    endloop
  endfacet
  facet normal 1 0 0
    outer loop
      vertex -43.4 17.6095 125.109
      vertex -43.4 19.8092 129.138
      vertex -43.4 19.5273 128.933
    endloop
  endfacet
  facet normal 1 0 0
    outer loop
      vertex -43.4 20.5701 30.4406
      vertex -43.4 17.6061 34.9132
      vertex -43.4 20.2569 30.5933
    endloop
  endfacet
  facet normal 1 0 0
    outer loop
      vertex -43.4 17.6095 125.109
      vertex -43.4 19.5273 128.933
      vertex -43.4 19.2604 128.709
    endloop
  endfacet
  facet normal 1 0 0
    outer loop
      vertex -43.4 20.2569 30.5933
      vertex -43.4 17.6061 34.9132
      vertex -43.4 19.9552 30.7676
    endloop
  endfacet
  facet normal 1 0 0
    outer loop
      vertex -43.4 17.6095 125.109
      vertex -43.4 19.2604 128.709
      vertex -43.4 19.0099 128.467
    endloop
  endfacet
  facet normal 1 0 0
    outer loop
      vertex -43.4 19.9552 30.7676
      vertex -43.4 17.6061 34.9132
      vertex -43.4 19.6665 30.9623
    endloop
  endfacet
  facet normal 1 0 0
    outer loop
      vertex -43.4 17.6095 125.109
      vertex -43.4 19.0099 128.467
      vertex -43.4 18.7767 128.208
    endloop
  endfacet
  facet normal 1 0 0
    outer loop
      vertex -43.4 19.6665 30.9623
      vertex -43.4 17.6061 34.9132
      vertex -43.4 19.392 31.1767
    endloop
  endfacet
  facet normal 1 0 0
    outer loop
      vertex -43.4 17.6588 125.673
      vertex -43.4 18.7767 128.208
      vertex -43.4 18.5623 127.934
    endloop
  endfacet
  facet normal 1 0 0
    outer loop
      vertex -43.4 19.392 31.1767
      vertex -43.4 17.6061 34.9132
      vertex -43.4 19.133 31.4099
    endloop
  endfacet
  facet normal 1 0 0
    outer loop
      vertex -43.4 17.6588 125.673
      vertex -43.4 18.5623 127.934
      vertex -43.4 18.3676 127.645
    endloop
  endfacet
  facet normal 1 0 0
    outer loop
      vertex -43.4 19.133 31.4099
      vertex -43.4 17.6061 34.9132
      vertex -43.4 18.8911 31.6604
    endloop
  endfacet
  facet normal 1 0 0
    outer loop
      vertex -43.4 17.6588 125.673
      vertex -43.4 18.3676 127.645
      vertex -43.4 18.1933 127.343
    endloop
  endfacet
  facet normal 1 0 0
    outer loop
      vertex -43.4 18.8911 31.6604
      vertex -43.4 17.6061 34.9132
      vertex -43.4 18.6671 31.9274
    endloop
  endfacet
  facet normal 1 0 0
    outer loop
      vertex -43.4 17.6588 125.673
      vertex -43.4 18.1933 127.343
      vertex -43.4 18.0406 127.03
    endloop
  endfacet
  facet normal 1 0 0
    outer loop
      vertex -43.4 18.6671 31.9274
      vertex -43.4 17.6061 34.9132
      vertex -43.4 18.4623 32.2092
    endloop
  endfacet
  facet normal 1 0 0
    outer loop
      vertex -43.4 17.6588 125.673
      vertex -43.4 18.0406 127.03
      vertex -43.4 17.9101 126.707
    endloop
  endfacet
  facet normal 1 0 0
    outer loop
      vertex -43.4 18.4623 32.2092
      vertex -43.4 17.6061 34.9132
      vertex -43.4 18.2778 32.5044
    endloop
  endfacet
  facet normal 1 0 0
    outer loop
      vertex -43.4 17.6588 125.673
      vertex -43.4 17.9101 126.707
      vertex -43.4 17.8025 126.376
    endloop
  endfacet
  facet normal 1 0 0
    outer loop
      vertex -43.4 18.2778 32.5044
      vertex -43.4 17.6061 34.9132
      vertex -43.4 18.1142 32.8122
    endloop
  endfacet
  facet normal 1 0 0
    outer loop
      vertex -43.4 17.6588 125.673
      vertex -43.4 17.8025 126.376
      vertex -43.4 17.7235 126.059
    endloop
  endfacet
  facet normal 1 0 0
    outer loop
      vertex -43.4 18.1142 32.8122
      vertex -43.4 17.6061 34.9132
      vertex -43.4 17.9725 33.1305
    endloop
  endfacet
  facet normal 1 0 0
    outer loop
      vertex -43.4 18.7767 128.208
      vertex -43.4 17.6588 125.673
      vertex -43.4 17.6095 125.109
    endloop
  endfacet
  facet normal 1 0 0
    outer loop
      vertex -43.4 17.9725 33.1305
      vertex -43.4 17.6061 34.9132
      vertex -43.4 17.8534 33.4576
    endloop
  endfacet
  facet normal 1 0 0
    outer loop
      vertex -43.4 22.5132 129.994
      vertex -43.4 17.6095 125.109
      vertex -43.4 17.6 124.891
    endloop
  endfacet
  facet normal 1 0 0
    outer loop
      vertex -43.4 17.8534 33.4576
      vertex -43.4 17.6061 34.9132
      vertex -43.4 17.7574 33.7927
    endloop
  endfacet
  facet normal 1 0 0
    outer loop
      vertex -43.4 17.7574 33.7927
      vertex -43.4 17.6061 34.9132
      vertex -43.4 17.6849 34.1334
    endloop
  endfacet
  facet normal 1 0 0
    outer loop
      vertex -43.4 17.6849 34.1334
      vertex -43.4 17.6061 34.9132
      vertex -43.4 17.6365 34.4782
    endloop
  endfacet
  facet normal 1 0 0
    outer loop
      vertex -43.4 39.6 135
      vertex -43.4 40.4 156
      vertex -43.4 39.6 150
    endloop
  endfacet
  facet normal 1 0 0
    outer loop
      vertex -43.4 40.4 156
      vertex -43.4 39.524 150.868
      vertex -43.4 39.6 150
    endloop
  endfacet
  facet normal 1 0 0
    outer loop
      vertex -43.4 40.4 156
      vertex -43.4 39.3553 151.545
      vertex -43.4 39.524 150.868
    endloop
  endfacet
  facet normal 1 0 0
    outer loop
      vertex -43.4 40.4 156
      vertex -43.4 39.094 152.192
      vertex -43.4 39.3553 151.545
    endloop
  endfacet
  facet normal 1 0 0
    outer loop
      vertex -43.4 40.4 156
      vertex -43.4 38.7452 152.796
      vertex -43.4 39.094 152.192
    endloop
  endfacet
  facet normal 1 0 0
    outer loop
      vertex -43.4 40.4 156
      vertex -43.4 38.3157 153.346
      vertex -43.4 38.7452 152.796
    endloop
  endfacet
  facet normal 1 0 0
    outer loop
      vertex -43.4 40.4 156
      vertex -43.4 37.8139 153.83
      vertex -43.4 38.3157 153.346
    endloop
  endfacet
  facet normal 1 0 0
    outer loop
      vertex -43.4 40.4 156
      vertex -43.4 37.2496 154.24
      vertex -43.4 37.8139 153.83
    endloop
  endfacet
  facet normal 1 0 0
    outer loop
      vertex -43.4 40.4 156
      vertex -43.4 36.6337 154.568
      vertex -43.4 37.2496 154.24
    endloop
  endfacet
  facet normal 1 0 0
    outer loop
      vertex -43.4 40.4 156
      vertex -43.4 35.9782 154.806
      vertex -43.4 36.6337 154.568
    endloop
  endfacet
  facet normal 1 0 0
    outer loop
      vertex -43.4 40.4 156
      vertex -43.4 35.2959 154.951
      vertex -43.4 35.9782 154.806
    endloop
  endfacet
  facet normal 1 0 0
    outer loop
      vertex -43.4 40.4 156
      vertex -43.4 34.6 155
      vertex -43.4 35.2959 154.951
    endloop
  endfacet
  facet normal 1 0 0
    outer loop
      vertex -43.4 40.4 156
      vertex -43.4 -34.6 155
      vertex -43.4 34.6 155
    endloop
  endfacet
  facet normal 1 0 0
    outer loop
      vertex -43.4 -40.4 156
      vertex -43.4 -39.6 135
      vertex -43.4 -39.6 150
    endloop
  endfacet
  facet normal 1 0 0
    outer loop
      vertex -43.4 -39.6 135
      vertex -43.4 -40.4 156
      vertex -43.4 -39.6 25
    endloop
  endfacet
  facet normal 1 0 0
    outer loop
      vertex -43.4 -40.4 3
      vertex -43.4 -39.6 25
      vertex -43.4 -40.4 156
    endloop
  endfacet
  facet normal 1 0 0
    outer loop
      vertex -43.4 -39.5513 150.696
      vertex -43.4 -40.4 156
      vertex -43.4 -39.6 150
    endloop
  endfacet
  facet normal 1 0 0
    outer loop
      vertex -43.4 -39.4063 151.378
      vertex -43.4 -40.4 156
      vertex -43.4 -39.5513 150.696
    endloop
  endfacet
  facet normal 1 0 0
    outer loop
      vertex -43.4 -39.1677 152.034
      vertex -43.4 -40.4 156
      vertex -43.4 -39.4063 151.378
    endloop
  endfacet
  facet normal 1 0 0
    outer loop
      vertex -43.4 -38.8402 152.65
      vertex -43.4 -40.4 156
      vertex -43.4 -39.1677 152.034
    endloop
  endfacet
  facet normal 1 0 0
    outer loop
      vertex -43.4 -38.4302 153.214
      vertex -43.4 -40.4 156
      vertex -43.4 -38.8402 152.65
    endloop
  endfacet
  facet normal 1 0 0
    outer loop
      vertex -43.4 -37.9456 153.716
      vertex -43.4 -40.4 156
      vertex -43.4 -38.4302 153.214
    endloop
  endfacet
  facet normal 1 0 0
    outer loop
      vertex -43.4 -37.396 154.145
      vertex -43.4 -40.4 156
      vertex -43.4 -37.9456 153.716
    endloop
  endfacet
  facet normal 1 0 0
    outer loop
      vertex -43.4 -36.7918 154.494
      vertex -43.4 -40.4 156
      vertex -43.4 -37.396 154.145
    endloop
  endfacet
  facet normal 1 0 0
    outer loop
      vertex -43.4 -36.1451 154.755
      vertex -43.4 -40.4 156
      vertex -43.4 -36.7918 154.494
    endloop
  endfacet
  facet normal 1 0 0
    outer loop
      vertex -43.4 -35.4682 154.924
      vertex -43.4 -40.4 156
      vertex -43.4 -36.1451 154.755
    endloop
  endfacet
  facet normal 1 0 0
    outer loop
      vertex -43.4 -34.6 155
      vertex -43.4 -40.4 156
      vertex -43.4 -35.4682 154.924
    endloop
  endfacet
  facet normal 1 -0 0
    outer loop
      vertex -43.4 -40.4 156
      vertex -43.4 -34.6 155
      vertex -43.4 40.4 156
    endloop
  endfacet
  facet normal 1 0 0
    outer loop
      vertex -43.4 40.4 156
      vertex -43.4 39.6 135
      vertex -43.4 40.4 3
    endloop
  endfacet
  facet normal 1 -0 0
    outer loop
      vertex -43.4 39.6 25
      vertex -43.4 40.4 3
      vertex -43.4 39.6 135
    endloop
  endfacet
  facet normal 1 -0 0
    outer loop
      vertex -43.4 39.6 10
      vertex -43.4 40.4 3
      vertex -43.4 39.6 25
    endloop
  endfacet
  facet normal 1 -0 0
    outer loop
      vertex -43.4 39.5513 9.30414
      vertex -43.4 40.4 3
      vertex -43.4 39.6 10
    endloop
  endfacet
  facet normal 1 -0 0
    outer loop
      vertex -43.4 39.4063 8.62181
      vertex -43.4 40.4 3
      vertex -43.4 39.5513 9.30414
    endloop
  endfacet
  facet normal 1 -0 0
    outer loop
      vertex -43.4 39.1677 7.96632
      vertex -43.4 40.4 3
      vertex -43.4 39.4063 8.62181
    endloop
  endfacet
  facet normal 1 -0 0
    outer loop
      vertex -43.4 38.8402 7.3504
      vertex -43.4 40.4 3
      vertex -43.4 39.1677 7.96632
    endloop
  endfacet
  facet normal 1 -0 0
    outer loop
      vertex -43.4 38.4302 6.78606
      vertex -43.4 40.4 3
      vertex -43.4 38.8402 7.3504
    endloop
  endfacet
  facet normal 1 -0 0
    outer loop
      vertex -43.4 37.9456 6.28427
      vertex -43.4 40.4 3
      vertex -43.4 38.4302 6.78606
    endloop
  endfacet
  facet normal 1 -0 0
    outer loop
      vertex -43.4 37.396 5.85481
      vertex -43.4 40.4 3
      vertex -43.4 37.9456 6.28427
    endloop
  endfacet
  facet normal 1 -0 0
    outer loop
      vertex -43.4 36.7918 5.50603
      vertex -43.4 40.4 3
      vertex -43.4 37.396 5.85481
    endloop
  endfacet
  facet normal 1 -0 0
    outer loop
      vertex -43.4 36.1451 5.24472
      vertex -43.4 40.4 3
      vertex -43.4 36.7918 5.50603
    endloop
  endfacet
  facet normal 1 -0 0
    outer loop
      vertex -43.4 35.4682 5.07596
      vertex -43.4 40.4 3
      vertex -43.4 36.1451 5.24472
    endloop
  endfacet
  facet normal 1 -0 0
    outer loop
      vertex -43.4 34.6 5
      vertex -43.4 40.4 3
      vertex -43.4 35.4682 5.07596
    endloop
  endfacet
  facet normal 1 -0 0
    outer loop
      vertex -43.4 -34.6 5
      vertex -43.4 40.4 3
      vertex -43.4 34.6 5
    endloop
  endfacet
  facet normal 1 0 0
    outer loop
      vertex -43.4 -34.6 5
      vertex -43.4 -40.4 3
      vertex -43.4 40.4 3
    endloop
  endfacet
  facet normal 1 0 0
    outer loop
      vertex -43.4 -35.2959 5.04866
      vertex -43.4 -40.4 3
      vertex -43.4 -34.6 5
    endloop
  endfacet
  facet normal 1 0 0
    outer loop
      vertex -43.4 -35.9782 5.1937
      vertex -43.4 -40.4 3
      vertex -43.4 -35.2959 5.04866
    endloop
  endfacet
  facet normal 1 0 0
    outer loop
      vertex -43.4 -36.6337 5.43227
      vertex -43.4 -40.4 3
      vertex -43.4 -35.9782 5.1937
    endloop
  endfacet
  facet normal 1 0 0
    outer loop
      vertex -43.4 -37.2496 5.75977
      vertex -43.4 -40.4 3
      vertex -43.4 -36.6337 5.43227
    endloop
  endfacet
  facet normal 1 0 0
    outer loop
      vertex -43.4 -37.8139 6.16978
      vertex -43.4 -40.4 3
      vertex -43.4 -37.2496 5.75977
    endloop
  endfacet
  facet normal 1 0 0
    outer loop
      vertex -43.4 -38.3157 6.65434
      vertex -43.4 -40.4 3
      vertex -43.4 -37.8139 6.16978
    endloop
  endfacet
  facet normal 1 0 0
    outer loop
      vertex -43.4 -38.7452 7.20404
      vertex -43.4 -40.4 3
      vertex -43.4 -38.3157 6.65434
    endloop
  endfacet
  facet normal 1 0 0
    outer loop
      vertex -43.4 -39.094 7.80815
      vertex -43.4 -40.4 3
      vertex -43.4 -38.7452 7.20404
    endloop
  endfacet
  facet normal 1 0 0
    outer loop
      vertex -43.4 -39.3553 8.45491
      vertex -43.4 -40.4 3
      vertex -43.4 -39.094 7.80815
    endloop
  endfacet
  facet normal 1 0 0
    outer loop
      vertex -43.4 -39.524 9.13176
      vertex -43.4 -40.4 3
      vertex -43.4 -39.3553 8.45491
    endloop
  endfacet
  facet normal 1 0 0
    outer loop
      vertex -43.4 -39.6 10
      vertex -43.4 -40.4 3
      vertex -43.4 -39.524 9.13176
    endloop
  endfacet
  facet normal 1 0 0
    outer loop
      vertex -43.4 -39.6 25
      vertex -43.4 -40.4 3
      vertex -43.4 -39.6 10
    endloop
  endfacet
  facet normal 1 0 0
    outer loop
      vertex -43.4 -22.7091 130
      vertex -43.4 -17.6 124.913
      vertex -43.4 -17.6061 125.087
    endloop
  endfacet
  facet normal 1 0 0
    outer loop
      vertex -43.4 -17.6 124.913
      vertex -43.4 -35.2959 130.049
      vertex -43.4 -17.6 35.1091
    endloop
  endfacet
  facet normal 1 0 0
    outer loop
      vertex -43.4 -22.4913 129.99
      vertex -43.4 -17.6061 125.087
      vertex -43.4 -17.6365 125.522
    endloop
  endfacet
  facet normal 1 0 0
    outer loop
      vertex -43.4 -17.6 124.913
      vertex -43.4 -34.6 130
      vertex -43.4 -35.2959 130.049
    endloop
  endfacet
  facet normal 1 0 0
    outer loop
      vertex -43.4 -22.4913 129.99
      vertex -43.4 -17.6365 125.522
      vertex -43.4 -17.6849 125.867
    endloop
  endfacet
  facet normal 1 0 0
    outer loop
      vertex -43.4 -35.4682 29.924
      vertex -43.4 -17.6 35.1091
      vertex -43.4 -35.2959 130.049
    endloop
  endfacet
  facet normal 1 0 0
    outer loop
      vertex -43.4 -22.4913 129.99
      vertex -43.4 -17.6849 125.867
      vertex -43.4 -17.7574 126.207
    endloop
  endfacet
  facet normal 1 0 0
    outer loop
      vertex -43.4 -17.6 35.1091
      vertex -43.4 -22.687 30
      vertex -43.4 -17.6095 34.8913
    endloop
  endfacet
  facet normal 1 0 0
    outer loop
      vertex -43.4 -22.4913 129.99
      vertex -43.4 -17.7574 126.207
      vertex -43.4 -17.8534 126.542
    endloop
  endfacet
  facet normal 1 0 -0
    outer loop
      vertex -43.4 -22.5132 30.0061
      vertex -43.4 -17.6095 34.8913
      vertex -43.4 -22.687 30
    endloop
  endfacet
  facet normal 1 0 0
    outer loop
      vertex -43.4 -22.4913 129.99
      vertex -43.4 -17.8534 126.542
      vertex -43.4 -17.9725 126.869
    endloop
  endfacet
  facet normal 1 0 0
    outer loop
      vertex -43.4 -17.6095 34.8913
      vertex -43.4 -22.5132 30.0061
      vertex -43.4 -17.6588 34.3275
    endloop
  endfacet
  facet normal 1 0 0
    outer loop
      vertex -43.4 -22.4913 129.99
      vertex -43.4 -17.9725 126.869
      vertex -43.4 -18.1142 127.188
    endloop
  endfacet
  facet normal 1 0 0
    outer loop
      vertex -43.4 -17.6588 34.3275
      vertex -43.4 -22.5132 30.0061
      vertex -43.4 -17.7235 33.9412
    endloop
  endfacet
  facet normal 1 0 0
    outer loop
      vertex -43.4 -22.4913 129.99
      vertex -43.4 -18.1142 127.188
      vertex -43.4 -18.2778 127.496
    endloop
  endfacet
  facet normal 1 0 0
    outer loop
      vertex -43.4 -17.7235 33.9412
      vertex -43.4 -22.5132 30.0061
      vertex -43.4 -17.8025 33.6244
    endloop
  endfacet
  facet normal 1 0 0
    outer loop
      vertex -43.4 -22.4913 129.99
      vertex -43.4 -18.2778 127.496
      vertex -43.4 -18.4623 127.791
    endloop
  endfacet
  facet normal 1 0 0
    outer loop
      vertex -43.4 -17.8025 33.6244
      vertex -43.4 -22.5132 30.0061
      vertex -43.4 -17.9101 33.293
    endloop
  endfacet
  facet normal 1 0 0
    outer loop
      vertex -43.4 -22.4913 129.99
      vertex -43.4 -18.4623 127.791
      vertex -43.4 -18.6671 128.073
    endloop
  endfacet
  facet normal 1 0 0
    outer loop
      vertex -43.4 -17.9101 33.293
      vertex -43.4 -22.5132 30.0061
      vertex -43.4 -18.0406 32.9701
    endloop
  endfacet
  facet normal 1 0 0
    outer loop
      vertex -43.4 -22.4913 129.99
      vertex -43.4 -18.6671 128.073
      vertex -43.4 -18.8911 128.34
    endloop
  endfacet
  facet normal 1 0 0
    outer loop
      vertex -43.4 -18.0406 32.9701
      vertex -43.4 -22.5132 30.0061
      vertex -43.4 -18.1933 32.6569
    endloop
  endfacet
  facet normal 1 0 0
    outer loop
      vertex -43.4 -22.4913 129.99
      vertex -43.4 -18.8911 128.34
      vertex -43.4 -19.133 128.59
    endloop
  endfacet
  facet normal 1 0 0
    outer loop
      vertex -43.4 -18.1933 32.6569
      vertex -43.4 -22.5132 30.0061
      vertex -43.4 -18.3676 32.3552
    endloop
  endfacet
  facet normal 1 0 0
    outer loop
      vertex -43.4 -22.4913 129.99
      vertex -43.4 -19.133 128.59
      vertex -43.4 -19.392 128.823
    endloop
  endfacet
  facet normal 1 0 0
    outer loop
      vertex -43.4 -18.3676 32.3552
      vertex -43.4 -22.5132 30.0061
      vertex -43.4 -18.5623 32.0665
    endloop
  endfacet
  facet normal 1 0 0
    outer loop
      vertex -43.4 -21.9275 129.941
      vertex -43.4 -19.392 128.823
      vertex -43.4 -19.6665 129.038
    endloop
  endfacet
  facet normal 1 0 0
    outer loop
      vertex -43.4 -18.5623 32.0665
      vertex -43.4 -22.5132 30.0061
      vertex -43.4 -18.7767 31.792
    endloop
  endfacet
  facet normal 1 0 0
    outer loop
      vertex -43.4 -21.9275 129.941
      vertex -43.4 -19.6665 129.038
      vertex -43.4 -19.9552 129.232
    endloop
  endfacet
  facet normal 1 0 0
    outer loop
      vertex -43.4 -18.7767 31.792
      vertex -43.4 -22.5132 30.0061
      vertex -43.4 -19.0099 31.5331
    endloop
  endfacet
  facet normal 1 0 0
    outer loop
      vertex -43.4 -21.9275 129.941
      vertex -43.4 -19.9552 129.232
      vertex -43.4 -20.2569 129.407
    endloop
  endfacet
  facet normal 1 0 0
    outer loop
      vertex -43.4 -19.0099 31.5331
      vertex -43.4 -22.5132 30.0061
      vertex -43.4 -19.2604 31.2911
    endloop
  endfacet
  facet normal 1 0 0
    outer loop
      vertex -43.4 -21.9275 129.941
      vertex -43.4 -20.2569 129.407
      vertex -43.4 -20.5701 129.559
    endloop
  endfacet
  facet normal 1 0 0
    outer loop
      vertex -43.4 -19.2604 31.2911
      vertex -43.4 -22.5132 30.0061
      vertex -43.4 -19.5273 31.0671
    endloop
  endfacet
  facet normal 1 0 0
    outer loop
      vertex -43.4 -21.9275 129.941
      vertex -43.4 -20.5701 129.559
      vertex -43.4 -20.893 129.69
    endloop
  endfacet
  facet normal 1 0 0
    outer loop
      vertex -43.4 -19.5273 31.0671
      vertex -43.4 -22.5132 30.0061
      vertex -43.4 -19.8092 30.8624
    endloop
  endfacet
  facet normal 1 0 0
    outer loop
      vertex -43.4 -21.9275 129.941
      vertex -43.4 -20.893 129.69
      vertex -43.4 -21.2243 129.798
    endloop
  endfacet
  facet normal 1 0 0
    outer loop
      vertex -43.4 -17.6 124.913
      vertex -43.4 -22.7091 130
      vertex -43.4 -34.6 130
    endloop
  endfacet
  facet normal 1 0 0
    outer loop
      vertex -43.4 -21.9275 129.941
      vertex -43.4 -21.2243 129.798
      vertex -43.4 -21.5412 129.877
    endloop
  endfacet
  facet normal 1 0 0
    outer loop
      vertex -43.4 -19.8092 30.8624
      vertex -43.4 -22.5132 30.0061
      vertex -43.4 -20.1044 30.6779
    endloop
  endfacet
  facet normal 1 0 0
    outer loop
      vertex -43.4 -19.392 128.823
      vertex -43.4 -21.9275 129.941
      vertex -43.4 -22.4913 129.99
    endloop
  endfacet
  facet normal 1 0 0
    outer loop
      vertex -43.4 -20.7305 30.3725
      vertex -43.4 -22.5132 30.0061
      vertex -43.4 -21.0576 30.2534
    endloop
  endfacet
  facet normal 1 0 0
    outer loop
      vertex -43.4 -17.6061 125.087
      vertex -43.4 -22.4913 129.99
      vertex -43.4 -22.7091 130
    endloop
  endfacet
  facet normal 1 0 0
    outer loop
      vertex -43.4 -21.0576 30.2534
      vertex -43.4 -22.5132 30.0061
      vertex -43.4 -21.3927 30.1574
    endloop
  endfacet
  facet normal 1 0 0
    outer loop
      vertex -43.4 -21.7334 30.0849
      vertex -43.4 -22.5132 30.0061
      vertex -43.4 -22.0782 30.0365
    endloop
  endfacet
  facet normal 1 0 0
    outer loop
      vertex -43.4 -21.3927 30.1574
      vertex -43.4 -22.5132 30.0061
      vertex -43.4 -21.7334 30.0849
    endloop
  endfacet
  facet normal 1 0 0
    outer loop
      vertex -43.4 -20.1044 30.6779
      vertex -43.4 -22.5132 30.0061
      vertex -43.4 -20.4122 30.5142
    endloop
  endfacet
  facet normal 1 0 0
    outer loop
      vertex -43.4 -20.4122 30.5142
      vertex -43.4 -22.5132 30.0061
      vertex -43.4 -20.7305 30.3725
    endloop
  endfacet
  facet normal 1 0 -0
    outer loop
      vertex -43.4 -22.687 30
      vertex -43.4 -17.6 35.1091
      vertex -43.4 -34.6 30
    endloop
  endfacet
  facet normal 1 0 0
    outer loop
      vertex -43.4 -17.6 35.1091
      vertex -43.4 -35.4682 29.924
      vertex -43.4 -34.6 30
    endloop
  endfacet
  facet normal 1 0 0
    outer loop
      vertex -43.4 -35.9782 130.194
      vertex -43.4 -35.4682 29.924
      vertex -43.4 -35.2959 130.049
    endloop
  endfacet
  facet normal 1 0 0
    outer loop
      vertex -43.4 -35.9782 130.194
      vertex -43.4 -36.1451 29.7553
      vertex -43.4 -35.4682 29.924
    endloop
  endfacet
  facet normal 1 0 0
    outer loop
      vertex -43.4 -36.6337 130.432
      vertex -43.4 -36.1451 29.7553
      vertex -43.4 -35.9782 130.194
    endloop
  endfacet
  facet normal 1 0 0
    outer loop
      vertex -43.4 -36.6337 130.432
      vertex -43.4 -36.7918 29.494
      vertex -43.4 -36.1451 29.7553
    endloop
  endfacet
  facet normal 1 0 0
    outer loop
      vertex -43.4 -37.2496 130.76
      vertex -43.4 -36.7918 29.494
      vertex -43.4 -36.6337 130.432
    endloop
  endfacet
  facet normal 1 0 0
    outer loop
      vertex -43.4 -37.2496 130.76
      vertex -43.4 -37.396 29.1452
      vertex -43.4 -36.7918 29.494
    endloop
  endfacet
  facet normal 1 0 0
    outer loop
      vertex -43.4 -37.8139 131.17
      vertex -43.4 -37.396 29.1452
      vertex -43.4 -37.2496 130.76
    endloop
  endfacet
  facet normal 1 0 0
    outer loop
      vertex -43.4 -37.8139 131.17
      vertex -43.4 -37.9456 28.7157
      vertex -43.4 -37.396 29.1452
    endloop
  endfacet
  facet normal 1 0 0
    outer loop
      vertex -43.4 -38.3157 131.654
      vertex -43.4 -37.9456 28.7157
      vertex -43.4 -37.8139 131.17
    endloop
  endfacet
  facet normal 1 0 0
    outer loop
      vertex -43.4 -38.3157 131.654
      vertex -43.4 -38.4302 28.2139
      vertex -43.4 -37.9456 28.7157
    endloop
  endfacet
  facet normal 1 0 0
    outer loop
      vertex -43.4 -38.7452 132.204
      vertex -43.4 -38.4302 28.2139
      vertex -43.4 -38.3157 131.654
    endloop
  endfacet
  facet normal 1 0 0
    outer loop
      vertex -43.4 -38.7452 132.204
      vertex -43.4 -38.8402 27.6496
      vertex -43.4 -38.4302 28.2139
    endloop
  endfacet
  facet normal 1 0 0
    outer loop
      vertex -43.4 -39.094 132.808
      vertex -43.4 -38.8402 27.6496
      vertex -43.4 -38.7452 132.204
    endloop
  endfacet
  facet normal 1 0 0
    outer loop
      vertex -43.4 -39.094 132.808
      vertex -43.4 -39.1677 27.0337
      vertex -43.4 -38.8402 27.6496
    endloop
  endfacet
  facet normal 1 0 0
    outer loop
      vertex -43.4 -39.3553 133.455
      vertex -43.4 -39.1677 27.0337
      vertex -43.4 -39.094 132.808
    endloop
  endfacet
  facet normal 1 0 0
    outer loop
      vertex -43.4 -39.3553 133.455
      vertex -43.4 -39.4063 26.3782
      vertex -43.4 -39.1677 27.0337
    endloop
  endfacet
  facet normal 1 0 0
    outer loop
      vertex -43.4 -39.524 134.132
      vertex -43.4 -39.4063 26.3782
      vertex -43.4 -39.3553 133.455
    endloop
  endfacet
  facet normal 1 0 0
    outer loop
      vertex -43.4 -39.524 134.132
      vertex -43.4 -39.5513 25.6959
      vertex -43.4 -39.4063 26.3782
    endloop
  endfacet
  facet normal 1 0 0
    outer loop
      vertex -43.4 -39.6 135
      vertex -43.4 -39.5513 25.6959
      vertex -43.4 -39.524 134.132
    endloop
  endfacet
  facet normal 1 0 0
    outer loop
      vertex -43.4 -39.5513 25.6959
      vertex -43.4 -39.6 135
      vertex -43.4 -39.6 25
    endloop
  endfacet
  facet normal 0 0 -1
    outer loop
      vertex -43.4 -40.4 156
      vertex 43.4 40.4 156
      vertex 43.4 -40.4 156
    endloop
  endfacet
  facet normal -0 0 -1
    outer loop
      vertex 43.4 40.4 156
      vertex -43.4 -40.4 156
      vertex -43.4 40.4 156
    endloop
  endfacet
  facet normal -1 0 0
    outer loop
      vertex 43.4 39.6 25
      vertex 43.4 39.5513 134.304
      vertex 43.4 39.6 135
    endloop
  endfacet
  facet normal -1 0 0
    outer loop
      vertex 43.4 39.524 25.8682
      vertex 43.4 39.5513 134.304
      vertex 43.4 39.6 25
    endloop
  endfacet
  facet normal -1 0 0
    outer loop
      vertex 43.4 39.524 25.8682
      vertex 43.4 39.4063 133.622
      vertex 43.4 39.5513 134.304
    endloop
  endfacet
  facet normal -1 0 0
    outer loop
      vertex 43.4 39.3553 26.5451
      vertex 43.4 39.4063 133.622
      vertex 43.4 39.524 25.8682
    endloop
  endfacet
  facet normal -1 0 0
    outer loop
      vertex 43.4 39.3553 26.5451
      vertex 43.4 39.1677 132.966
      vertex 43.4 39.4063 133.622
    endloop
  endfacet
  facet normal -1 0 0
    outer loop
      vertex 43.4 39.094 27.1918
      vertex 43.4 39.1677 132.966
      vertex 43.4 39.3553 26.5451
    endloop
  endfacet
  facet normal -1 0 0
    outer loop
      vertex 43.4 39.094 27.1918
      vertex 43.4 38.8402 132.35
      vertex 43.4 39.1677 132.966
    endloop
  endfacet
  facet normal -1 0 0
    outer loop
      vertex 43.4 38.7452 27.796
      vertex 43.4 38.8402 132.35
      vertex 43.4 39.094 27.1918
    endloop
  endfacet
  facet normal -1 0 0
    outer loop
      vertex 43.4 38.7452 27.796
      vertex 43.4 38.4302 131.786
      vertex 43.4 38.8402 132.35
    endloop
  endfacet
  facet normal -1 0 0
    outer loop
      vertex 43.4 38.3157 28.3457
      vertex 43.4 38.4302 131.786
      vertex 43.4 38.7452 27.796
    endloop
  endfacet
  facet normal -1 0 0
    outer loop
      vertex 43.4 38.3157 28.3457
      vertex 43.4 37.9456 131.284
      vertex 43.4 38.4302 131.786
    endloop
  endfacet
  facet normal -1 0 0
    outer loop
      vertex 43.4 37.8139 28.8302
      vertex 43.4 37.9456 131.284
      vertex 43.4 38.3157 28.3457
    endloop
  endfacet
  facet normal -1 0 0
    outer loop
      vertex 43.4 37.8139 28.8302
      vertex 43.4 37.396 130.855
      vertex 43.4 37.9456 131.284
    endloop
  endfacet
  facet normal -1 0 0
    outer loop
      vertex 43.4 37.2496 29.2402
      vertex 43.4 37.396 130.855
      vertex 43.4 37.8139 28.8302
    endloop
  endfacet
  facet normal -1 0 0
    outer loop
      vertex 43.4 37.2496 29.2402
      vertex 43.4 36.7918 130.506
      vertex 43.4 37.396 130.855
    endloop
  endfacet
  facet normal -1 0 0
    outer loop
      vertex 43.4 36.6337 29.5677
      vertex 43.4 36.7918 130.506
      vertex 43.4 37.2496 29.2402
    endloop
  endfacet
  facet normal -1 0 0
    outer loop
      vertex 43.4 36.6337 29.5677
      vertex 43.4 36.1451 130.245
      vertex 43.4 36.7918 130.506
    endloop
  endfacet
  facet normal -1 0 0
    outer loop
      vertex 43.4 35.9782 29.8063
      vertex 43.4 36.1451 130.245
      vertex 43.4 36.6337 29.5677
    endloop
  endfacet
  facet normal -1 0 0
    outer loop
      vertex 43.4 35.9782 29.8063
      vertex 43.4 35.4682 130.076
      vertex 43.4 36.1451 130.245
    endloop
  endfacet
  facet normal -1 0 0
    outer loop
      vertex 43.4 35.2959 29.9513
      vertex 43.4 35.4682 130.076
      vertex 43.4 35.9782 29.8063
    endloop
  endfacet
  facet normal -1 0 0
    outer loop
      vertex 43.4 17.6 35.087
      vertex 43.4 35.2959 29.9513
      vertex 43.4 34.6 30
    endloop
  endfacet
  facet normal -1 0 0
    outer loop
      vertex 43.4 35.2959 29.9513
      vertex 43.4 17.6 35.087
      vertex 43.4 35.4682 130.076
    endloop
  endfacet
  facet normal -1 0 0
    outer loop
      vertex 43.4 17.6 35.087
      vertex 43.4 34.6 30
      vertex 43.4 22.7091 30
    endloop
  endfacet
  facet normal -1 0 0
    outer loop
      vertex 43.4 17.6 124.891
      vertex 43.4 35.4682 130.076
      vertex 43.4 17.6 35.087
    endloop
  endfacet
  facet normal -1 -0 0
    outer loop
      vertex 43.4 34.6 130
      vertex 43.4 17.6 124.891
      vertex 43.4 22.687 130
    endloop
  endfacet
  facet normal -1 0 0
    outer loop
      vertex 43.4 17.6 35.087
      vertex 43.4 22.7091 30
      vertex 43.4 22.4913 30.0095
    endloop
  endfacet
  facet normal -1 0 0
    outer loop
      vertex 43.4 22.687 130
      vertex 43.4 17.6 124.891
      vertex 43.4 22.5132 129.994
    endloop
  endfacet
  facet normal -1 0 0
    outer loop
      vertex 43.4 17.6061 34.9132
      vertex 43.4 22.4913 30.0095
      vertex 43.4 21.9275 30.0588
    endloop
  endfacet
  facet normal -1 0 0
    outer loop
      vertex 43.4 35.4682 130.076
      vertex 43.4 17.6 124.891
      vertex 43.4 34.6 130
    endloop
  endfacet
  facet normal -1 0 0
    outer loop
      vertex 43.4 17.6061 34.9132
      vertex 43.4 21.9275 30.0588
      vertex 43.4 21.5412 30.1235
    endloop
  endfacet
  facet normal -1 0 -0
    outer loop
      vertex 43.4 17.6095 125.109
      vertex 43.4 22.5132 129.994
      vertex 43.4 17.6 124.891
    endloop
  endfacet
  facet normal -1 0 0
    outer loop
      vertex 43.4 17.6061 34.9132
      vertex 43.4 21.5412 30.1235
      vertex 43.4 21.2243 30.2025
    endloop
  endfacet
  facet normal -1 0 0
    outer loop
      vertex 43.4 22.5132 129.994
      vertex 43.4 17.6095 125.109
      vertex 43.4 22.0782 129.964
    endloop
  endfacet
  facet normal -1 0 0
    outer loop
      vertex 43.4 17.6061 34.9132
      vertex 43.4 21.2243 30.2025
      vertex 43.4 20.893 30.3101
    endloop
  endfacet
  facet normal -1 0 0
    outer loop
      vertex 43.4 22.0782 129.964
      vertex 43.4 17.6095 125.109
      vertex 43.4 21.7334 129.915
    endloop
  endfacet
  facet normal -1 0 0
    outer loop
      vertex 43.4 17.6061 34.9132
      vertex 43.4 20.893 30.3101
      vertex 43.4 20.5701 30.4406
    endloop
  endfacet
  facet normal -1 0 0
    outer loop
      vertex 43.4 21.7334 129.915
      vertex 43.4 17.6095 125.109
      vertex 43.4 21.3927 129.843
    endloop
  endfacet
  facet normal -1 0 0
    outer loop
      vertex 43.4 17.6061 34.9132
      vertex 43.4 20.5701 30.4406
      vertex 43.4 20.2569 30.5933
    endloop
  endfacet
  facet normal -1 0 0
    outer loop
      vertex 43.4 21.3927 129.843
      vertex 43.4 17.6095 125.109
      vertex 43.4 21.0576 129.747
    endloop
  endfacet
  facet normal -1 0 0
    outer loop
      vertex 43.4 17.6061 34.9132
      vertex 43.4 20.2569 30.5933
      vertex 43.4 19.9552 30.7676
    endloop
  endfacet
  facet normal -1 0 0
    outer loop
      vertex 43.4 21.0576 129.747
      vertex 43.4 17.6095 125.109
      vertex 43.4 20.7305 129.627
    endloop
  endfacet
  facet normal -1 0 0
    outer loop
      vertex 43.4 17.6061 34.9132
      vertex 43.4 19.9552 30.7676
      vertex 43.4 19.6665 30.9623
    endloop
  endfacet
  facet normal -1 0 0
    outer loop
      vertex 43.4 20.7305 129.627
      vertex 43.4 17.6095 125.109
      vertex 43.4 20.4122 129.486
    endloop
  endfacet
  facet normal -1 0 0
    outer loop
      vertex 43.4 17.6061 34.9132
      vertex 43.4 19.6665 30.9623
      vertex 43.4 19.392 31.1767
    endloop
  endfacet
  facet normal -1 0 0
    outer loop
      vertex 43.4 20.4122 129.486
      vertex 43.4 17.6095 125.109
      vertex 43.4 20.1044 129.322
    endloop
  endfacet
  facet normal -1 0 0
    outer loop
      vertex 43.4 17.6061 34.9132
      vertex 43.4 19.392 31.1767
      vertex 43.4 19.133 31.4099
    endloop
  endfacet
  facet normal -1 0 0
    outer loop
      vertex 43.4 20.1044 129.322
      vertex 43.4 17.6095 125.109
      vertex 43.4 19.8092 129.138
    endloop
  endfacet
  facet normal -1 0 0
    outer loop
      vertex 43.4 17.6061 34.9132
      vertex 43.4 19.133 31.4099
      vertex 43.4 18.8911 31.6604
    endloop
  endfacet
  facet normal -1 0 0
    outer loop
      vertex 43.4 19.8092 129.138
      vertex 43.4 17.6095 125.109
      vertex 43.4 19.5273 128.933
    endloop
  endfacet
  facet normal -1 0 0
    outer loop
      vertex 43.4 17.6061 34.9132
      vertex 43.4 18.8911 31.6604
      vertex 43.4 18.6671 31.9274
    endloop
  endfacet
  facet normal -1 0 0
    outer loop
      vertex 43.4 19.5273 128.933
      vertex 43.4 17.6095 125.109
      vertex 43.4 19.2604 128.709
    endloop
  endfacet
  facet normal -1 0 0
    outer loop
      vertex 43.4 17.6061 34.9132
      vertex 43.4 18.6671 31.9274
      vertex 43.4 18.4623 32.2092
    endloop
  endfacet
  facet normal -1 0 0
    outer loop
      vertex 43.4 19.2604 128.709
      vertex 43.4 17.6095 125.109
      vertex 43.4 19.0099 128.467
    endloop
  endfacet
  facet normal -1 0 0
    outer loop
      vertex 43.4 17.6061 34.9132
      vertex 43.4 18.4623 32.2092
      vertex 43.4 18.2778 32.5044
    endloop
  endfacet
  facet normal -1 0 0
    outer loop
      vertex 43.4 19.0099 128.467
      vertex 43.4 17.6095 125.109
      vertex 43.4 18.7767 128.208
    endloop
  endfacet
  facet normal -1 0 0
    outer loop
      vertex 43.4 17.6061 34.9132
      vertex 43.4 18.2778 32.5044
      vertex 43.4 18.1142 32.8122
    endloop
  endfacet
  facet normal -1 0 -0
    outer loop
      vertex 43.4 17.6588 125.673
      vertex 43.4 18.7767 128.208
      vertex 43.4 17.6095 125.109
    endloop
  endfacet
  facet normal -1 0 0
    outer loop
      vertex 43.4 17.6061 34.9132
      vertex 43.4 18.1142 32.8122
      vertex 43.4 17.9725 33.1305
    endloop
  endfacet
  facet normal -1 0 0
    outer loop
      vertex 43.4 18.7767 128.208
      vertex 43.4 17.6588 125.673
      vertex 43.4 18.5623 127.934
    endloop
  endfacet
  facet normal -1 0 0
    outer loop
      vertex 43.4 17.6061 34.9132
      vertex 43.4 17.9725 33.1305
      vertex 43.4 17.8534 33.4576
    endloop
  endfacet
  facet normal -1 0 0
    outer loop
      vertex 43.4 18.5623 127.934
      vertex 43.4 17.6588 125.673
      vertex 43.4 18.3676 127.645
    endloop
  endfacet
  facet normal -1 0 0
    outer loop
      vertex 43.4 17.6061 34.9132
      vertex 43.4 17.8534 33.4576
      vertex 43.4 17.7574 33.7927
    endloop
  endfacet
  facet normal -1 0 0
    outer loop
      vertex 43.4 18.3676 127.645
      vertex 43.4 17.6588 125.673
      vertex 43.4 18.1933 127.343
    endloop
  endfacet
  facet normal -1 0 0
    outer loop
      vertex 43.4 17.6061 34.9132
      vertex 43.4 17.7574 33.7927
      vertex 43.4 17.6849 34.1334
    endloop
  endfacet
  facet normal -1 0 0
    outer loop
      vertex 43.4 18.1933 127.343
      vertex 43.4 17.6588 125.673
      vertex 43.4 18.0406 127.03
    endloop
  endfacet
  facet normal -1 0 0
    outer loop
      vertex 43.4 17.6061 34.9132
      vertex 43.4 17.6849 34.1334
      vertex 43.4 17.6365 34.4782
    endloop
  endfacet
  facet normal -1 0 0
    outer loop
      vertex 43.4 18.0406 127.03
      vertex 43.4 17.6588 125.673
      vertex 43.4 17.9101 126.707
    endloop
  endfacet
  facet normal -1 0 0
    outer loop
      vertex 43.4 22.4913 30.0095
      vertex 43.4 17.6061 34.9132
      vertex 43.4 17.6 35.087
    endloop
  endfacet
  facet normal -1 0 0
    outer loop
      vertex 43.4 17.9101 126.707
      vertex 43.4 17.6588 125.673
      vertex 43.4 17.8025 126.376
    endloop
  endfacet
  facet normal -1 0 0
    outer loop
      vertex 43.4 17.8025 126.376
      vertex 43.4 17.6588 125.673
      vertex 43.4 17.7235 126.059
    endloop
  endfacet
  facet normal -1 0 0
    outer loop
      vertex 43.4 39.6 25
      vertex 43.4 40.4 3
      vertex 43.4 39.6 10
    endloop
  endfacet
  facet normal -1 0 0
    outer loop
      vertex 43.4 40.4 3
      vertex 43.4 39.5513 9.30414
      vertex 43.4 39.6 10
    endloop
  endfacet
  facet normal -1 0 0
    outer loop
      vertex 43.4 40.4 3
      vertex 43.4 39.4063 8.62181
      vertex 43.4 39.5513 9.30414
    endloop
  endfacet
  facet normal -1 0 0
    outer loop
      vertex 43.4 40.4 3
      vertex 43.4 39.1677 7.96632
      vertex 43.4 39.4063 8.62181
    endloop
  endfacet
  facet normal -1 0 0
    outer loop
      vertex 43.4 40.4 3
      vertex 43.4 38.8402 7.3504
      vertex 43.4 39.1677 7.96632
    endloop
  endfacet
  facet normal -1 0 0
    outer loop
      vertex 43.4 40.4 3
      vertex 43.4 38.4302 6.78606
      vertex 43.4 38.8402 7.3504
    endloop
  endfacet
  facet normal -1 0 0
    outer loop
      vertex 43.4 40.4 3
      vertex 43.4 37.9456 6.28427
      vertex 43.4 38.4302 6.78606
    endloop
  endfacet
  facet normal -1 0 0
    outer loop
      vertex 43.4 40.4 3
      vertex 43.4 37.396 5.85481
      vertex 43.4 37.9456 6.28427
    endloop
  endfacet
  facet normal -1 0 0
    outer loop
      vertex 43.4 40.4 3
      vertex 43.4 36.7918 5.50603
      vertex 43.4 37.396 5.85481
    endloop
  endfacet
  facet normal -1 0 0
    outer loop
      vertex 43.4 40.4 3
      vertex 43.4 36.1451 5.24472
      vertex 43.4 36.7918 5.50603
    endloop
  endfacet
  facet normal -1 0 0
    outer loop
      vertex 43.4 40.4 3
      vertex 43.4 35.4682 5.07596
      vertex 43.4 36.1451 5.24472
    endloop
  endfacet
  facet normal -1 0 0
    outer loop
      vertex 43.4 40.4 3
      vertex 43.4 34.6 5
      vertex 43.4 35.4682 5.07596
    endloop
  endfacet
  facet normal -1 0 0
    outer loop
      vertex 43.4 40.4 3
      vertex 43.4 -34.6 5
      vertex 43.4 34.6 5
    endloop
  endfacet
  facet normal -1 0 0
    outer loop
      vertex 43.4 -40.4 3
      vertex 43.4 -39.6 25
      vertex 43.4 -39.6 10
    endloop
  endfacet
  facet normal -1 -0 0
    outer loop
      vertex 43.4 -39.6 25
      vertex 43.4 -40.4 3
      vertex 43.4 -39.6 135
    endloop
  endfacet
  facet normal -1 -0 0
    outer loop
      vertex 43.4 -39.6 135
      vertex 43.4 -40.4 3
      vertex 43.4 -40.4 156
    endloop
  endfacet
  facet normal -1 -0 0
    outer loop
      vertex 43.4 -39.524 9.13176
      vertex 43.4 -40.4 3
      vertex 43.4 -39.6 10
    endloop
  endfacet
  facet normal -1 -0 0
    outer loop
      vertex 43.4 -39.3553 8.45491
      vertex 43.4 -40.4 3
      vertex 43.4 -39.524 9.13176
    endloop
  endfacet
  facet normal -1 -0 0
    outer loop
      vertex 43.4 -39.094 7.80815
      vertex 43.4 -40.4 3
      vertex 43.4 -39.3553 8.45491
    endloop
  endfacet
  facet normal -1 -0 0
    outer loop
      vertex 43.4 -38.7452 7.20404
      vertex 43.4 -40.4 3
      vertex 43.4 -39.094 7.80815
    endloop
  endfacet
  facet normal -1 -0 0
    outer loop
      vertex 43.4 -38.3157 6.65434
      vertex 43.4 -40.4 3
      vertex 43.4 -38.7452 7.20404
    endloop
  endfacet
  facet normal -1 -0 0
    outer loop
      vertex 43.4 -37.8139 6.16978
      vertex 43.4 -40.4 3
      vertex 43.4 -38.3157 6.65434
    endloop
  endfacet
  facet normal -1 -0 0
    outer loop
      vertex 43.4 -37.2496 5.75977
      vertex 43.4 -40.4 3
      vertex 43.4 -37.8139 6.16978
    endloop
  endfacet
  facet normal -1 -0 0
    outer loop
      vertex 43.4 -36.6337 5.43227
      vertex 43.4 -40.4 3
      vertex 43.4 -37.2496 5.75977
    endloop
  endfacet
  facet normal -1 -0 0
    outer loop
      vertex 43.4 -35.9782 5.1937
      vertex 43.4 -40.4 3
      vertex 43.4 -36.6337 5.43227
    endloop
  endfacet
  facet normal -1 -0 0
    outer loop
      vertex 43.4 -35.2959 5.04866
      vertex 43.4 -40.4 3
      vertex 43.4 -35.9782 5.1937
    endloop
  endfacet
  facet normal -1 -0 0
    outer loop
      vertex 43.4 -34.6 5
      vertex 43.4 -40.4 3
      vertex 43.4 -35.2959 5.04866
    endloop
  endfacet
  facet normal -1 0 0
    outer loop
      vertex 43.4 -40.4 3
      vertex 43.4 -34.6 5
      vertex 43.4 40.4 3
    endloop
  endfacet
  facet normal -1 0 0
    outer loop
      vertex 43.4 40.4 3
      vertex 43.4 39.6 25
      vertex 43.4 40.4 156
    endloop
  endfacet
  facet normal -1 0 0
    outer loop
      vertex 43.4 39.6 135
      vertex 43.4 40.4 156
      vertex 43.4 39.6 25
    endloop
  endfacet
  facet normal -1 0 0
    outer loop
      vertex 43.4 39.6 150
      vertex 43.4 40.4 156
      vertex 43.4 39.6 135
    endloop
  endfacet
  facet normal -1 0 0
    outer loop
      vertex 43.4 39.524 150.868
      vertex 43.4 40.4 156
      vertex 43.4 39.6 150
    endloop
  endfacet
  facet normal -1 0 0
    outer loop
      vertex 43.4 39.3553 151.545
      vertex 43.4 40.4 156
      vertex 43.4 39.524 150.868
    endloop
  endfacet
  facet normal -1 0 0
    outer loop
      vertex 43.4 39.094 152.192
      vertex 43.4 40.4 156
      vertex 43.4 39.3553 151.545
    endloop
  endfacet
  facet normal -1 0 0
    outer loop
      vertex 43.4 38.7452 152.796
      vertex 43.4 40.4 156
      vertex 43.4 39.094 152.192
    endloop
  endfacet
  facet normal -1 0 0
    outer loop
      vertex 43.4 38.3157 153.346
      vertex 43.4 40.4 156
      vertex 43.4 38.7452 152.796
    endloop
  endfacet
  facet normal -1 0 0
    outer loop
      vertex 43.4 37.8139 153.83
      vertex 43.4 40.4 156
      vertex 43.4 38.3157 153.346
    endloop
  endfacet
  facet normal -1 0 0
    outer loop
      vertex 43.4 37.2496 154.24
      vertex 43.4 40.4 156
      vertex 43.4 37.8139 153.83
    endloop
  endfacet
  facet normal -1 0 0
    outer loop
      vertex 43.4 36.6337 154.568
      vertex 43.4 40.4 156
      vertex 43.4 37.2496 154.24
    endloop
  endfacet
  facet normal -1 0 0
    outer loop
      vertex 43.4 35.9782 154.806
      vertex 43.4 40.4 156
      vertex 43.4 36.6337 154.568
    endloop
  endfacet
  facet normal -1 0 0
    outer loop
      vertex 43.4 35.2959 154.951
      vertex 43.4 40.4 156
      vertex 43.4 35.9782 154.806
    endloop
  endfacet
  facet normal -1 0 0
    outer loop
      vertex 43.4 34.6 155
      vertex 43.4 40.4 156
      vertex 43.4 35.2959 154.951
    endloop
  endfacet
  facet normal -1 0 0
    outer loop
      vertex 43.4 -34.6 155
      vertex 43.4 40.4 156
      vertex 43.4 34.6 155
    endloop
  endfacet
  facet normal -1 0 0
    outer loop
      vertex 43.4 -34.6 155
      vertex 43.4 -40.4 156
      vertex 43.4 40.4 156
    endloop
  endfacet
  facet normal -1 0 0
    outer loop
      vertex 43.4 -35.4682 154.924
      vertex 43.4 -40.4 156
      vertex 43.4 -34.6 155
    endloop
  endfacet
  facet normal -1 0 0
    outer loop
      vertex 43.4 -36.1451 154.755
      vertex 43.4 -40.4 156
      vertex 43.4 -35.4682 154.924
    endloop
  endfacet
  facet normal -1 0 0
    outer loop
      vertex 43.4 -36.7918 154.494
      vertex 43.4 -40.4 156
      vertex 43.4 -36.1451 154.755
    endloop
  endfacet
  facet normal -1 0 0
    outer loop
      vertex 43.4 -37.396 154.145
      vertex 43.4 -40.4 156
      vertex 43.4 -36.7918 154.494
    endloop
  endfacet
  facet normal -1 0 0
    outer loop
      vertex 43.4 -37.9456 153.716
      vertex 43.4 -40.4 156
      vertex 43.4 -37.396 154.145
    endloop
  endfacet
  facet normal -1 0 0
    outer loop
      vertex 43.4 -38.4302 153.214
      vertex 43.4 -40.4 156
      vertex 43.4 -37.9456 153.716
    endloop
  endfacet
  facet normal -1 0 0
    outer loop
      vertex 43.4 -38.8402 152.65
      vertex 43.4 -40.4 156
      vertex 43.4 -38.4302 153.214
    endloop
  endfacet
  facet normal -1 0 0
    outer loop
      vertex 43.4 -39.1677 152.034
      vertex 43.4 -40.4 156
      vertex 43.4 -38.8402 152.65
    endloop
  endfacet
  facet normal -1 0 0
    outer loop
      vertex 43.4 -39.4063 151.378
      vertex 43.4 -40.4 156
      vertex 43.4 -39.1677 152.034
    endloop
  endfacet
  facet normal -1 0 0
    outer loop
      vertex 43.4 -39.5513 150.696
      vertex 43.4 -40.4 156
      vertex 43.4 -39.4063 151.378
    endloop
  endfacet
  facet normal -1 0 0
    outer loop
      vertex 43.4 -39.6 150
      vertex 43.4 -40.4 156
      vertex 43.4 -39.5513 150.696
    endloop
  endfacet
  facet normal -1 0 0
    outer loop
      vertex 43.4 -39.6 135
      vertex 43.4 -40.4 156
      vertex 43.4 -39.6 150
    endloop
  endfacet
  facet normal -1 0 0
    outer loop
      vertex 43.4 -35.2959 130.049
      vertex 43.4 -17.6 124.913
      vertex 43.4 -17.6 35.1091
    endloop
  endfacet
  facet normal -1 0 0
    outer loop
      vertex 43.4 -22.687 30
      vertex 43.4 -17.6 35.1091
      vertex 43.4 -17.6095 34.8913
    endloop
  endfacet
  facet normal -1 -0 -0
    outer loop
      vertex 43.4 -34.6 130
      vertex 43.4 -17.6 124.913
      vertex 43.4 -35.2959 130.049
    endloop
  endfacet
  facet normal -1 0 0
    outer loop
      vertex 43.4 -22.5132 30.0061
      vertex 43.4 -17.6095 34.8913
      vertex 43.4 -17.6588 34.3275
    endloop
  endfacet
  facet normal -1 0 0
    outer loop
      vertex 43.4 -17.6 124.913
      vertex 43.4 -22.7091 130
      vertex 43.4 -17.6061 125.087
    endloop
  endfacet
  facet normal -1 0 0
    outer loop
      vertex 43.4 -22.5132 30.0061
      vertex 43.4 -17.6588 34.3275
      vertex 43.4 -17.7235 33.9412
    endloop
  endfacet
  facet normal -1 0 0
    outer loop
      vertex 43.4 -35.4682 29.924
      vertex 43.4 -17.6 35.1091
      vertex 43.4 -34.6 30
    endloop
  endfacet
  facet normal -1 0 0
    outer loop
      vertex 43.4 -22.5132 30.0061
      vertex 43.4 -17.7235 33.9412
      vertex 43.4 -17.8025 33.6244
    endloop
  endfacet
  facet normal -1 -0 -0
    outer loop
      vertex 43.4 -22.4913 129.99
      vertex 43.4 -17.6061 125.087
      vertex 43.4 -22.7091 130
    endloop
  endfacet
  facet normal -1 0 0
    outer loop
      vertex 43.4 -22.5132 30.0061
      vertex 43.4 -17.8025 33.6244
      vertex 43.4 -17.9101 33.293
    endloop
  endfacet
  facet normal -1 0 0
    outer loop
      vertex 43.4 -17.6061 125.087
      vertex 43.4 -22.4913 129.99
      vertex 43.4 -17.6365 125.522
    endloop
  endfacet
  facet normal -1 0 0
    outer loop
      vertex 43.4 -22.5132 30.0061
      vertex 43.4 -17.9101 33.293
      vertex 43.4 -18.0406 32.9701
    endloop
  endfacet
  facet normal -1 0 0
    outer loop
      vertex 43.4 -17.6365 125.522
      vertex 43.4 -22.4913 129.99
      vertex 43.4 -17.6849 125.867
    endloop
  endfacet
  facet normal -1 0 0
    outer loop
      vertex 43.4 -22.5132 30.0061
      vertex 43.4 -18.0406 32.9701
      vertex 43.4 -18.1933 32.6569
    endloop
  endfacet
  facet normal -1 0 0
    outer loop
      vertex 43.4 -17.6849 125.867
      vertex 43.4 -22.4913 129.99
      vertex 43.4 -17.7574 126.207
    endloop
  endfacet
  facet normal -1 0 0
    outer loop
      vertex 43.4 -22.5132 30.0061
      vertex 43.4 -18.1933 32.6569
      vertex 43.4 -18.3676 32.3552
    endloop
  endfacet
  facet normal -1 0 0
    outer loop
      vertex 43.4 -17.7574 126.207
      vertex 43.4 -22.4913 129.99
      vertex 43.4 -17.8534 126.542
    endloop
  endfacet
  facet normal -1 0 0
    outer loop
      vertex 43.4 -22.5132 30.0061
      vertex 43.4 -18.3676 32.3552
      vertex 43.4 -18.5623 32.0665
    endloop
  endfacet
  facet normal -1 0 0
    outer loop
      vertex 43.4 -17.8534 126.542
      vertex 43.4 -22.4913 129.99
      vertex 43.4 -17.9725 126.869
    endloop
  endfacet
  facet normal -1 0 0
    outer loop
      vertex 43.4 -22.5132 30.0061
      vertex 43.4 -18.5623 32.0665
      vertex 43.4 -18.7767 31.792
    endloop
  endfacet
  facet normal -1 0 0
    outer loop
      vertex 43.4 -17.9725 126.869
      vertex 43.4 -22.4913 129.99
      vertex 43.4 -18.1142 127.188
    endloop
  endfacet
  facet normal -1 0 0
    outer loop
      vertex 43.4 -22.5132 30.0061
      vertex 43.4 -18.7767 31.792
      vertex 43.4 -19.0099 31.5331
    endloop
  endfacet
  facet normal -1 0 0
    outer loop
      vertex 43.4 -18.1142 127.188
      vertex 43.4 -22.4913 129.99
      vertex 43.4 -18.2778 127.496
    endloop
  endfacet
  facet normal -1 0 0
    outer loop
      vertex 43.4 -22.5132 30.0061
      vertex 43.4 -19.0099 31.5331
      vertex 43.4 -19.2604 31.2911
    endloop
  endfacet
  facet normal -1 0 0
    outer loop
      vertex 43.4 -18.2778 127.496
      vertex 43.4 -22.4913 129.99
      vertex 43.4 -18.4623 127.791
    endloop
  endfacet
  facet normal -1 0 0
    outer loop
      vertex 43.4 -22.5132 30.0061
      vertex 43.4 -19.2604 31.2911
      vertex 43.4 -19.5273 31.0671
    endloop
  endfacet
  facet normal -1 0 0
    outer loop
      vertex 43.4 -18.4623 127.791
      vertex 43.4 -22.4913 129.99
      vertex 43.4 -18.6671 128.073
    endloop
  endfacet
  facet normal -1 0 0
    outer loop
      vertex 43.4 -22.5132 30.0061
      vertex 43.4 -19.5273 31.0671
      vertex 43.4 -19.8092 30.8624
    endloop
  endfacet
  facet normal -1 0 0
    outer loop
      vertex 43.4 -18.6671 128.073
      vertex 43.4 -22.4913 129.99
      vertex 43.4 -18.8911 128.34
    endloop
  endfacet
  facet normal -1 0 0
    outer loop
      vertex 43.4 -22.5132 30.0061
      vertex 43.4 -19.8092 30.8624
      vertex 43.4 -20.1044 30.6779
    endloop
  endfacet
  facet normal -1 0 0
    outer loop
      vertex 43.4 -18.8911 128.34
      vertex 43.4 -22.4913 129.99
      vertex 43.4 -19.133 128.59
    endloop
  endfacet
  facet normal -1 0 0
    outer loop
      vertex 43.4 -22.5132 30.0061
      vertex 43.4 -20.1044 30.6779
      vertex 43.4 -20.4122 30.5142
    endloop
  endfacet
  facet normal -1 0 0
    outer loop
      vertex 43.4 -19.133 128.59
      vertex 43.4 -22.4913 129.99
      vertex 43.4 -19.392 128.823
    endloop
  endfacet
  facet normal -1 0 0
    outer loop
      vertex 43.4 -22.5132 30.0061
      vertex 43.4 -20.4122 30.5142
      vertex 43.4 -20.7305 30.3725
    endloop
  endfacet
  facet normal -1 -0 -0
    outer loop
      vertex 43.4 -21.9275 129.941
      vertex 43.4 -19.392 128.823
      vertex 43.4 -22.4913 129.99
    endloop
  endfacet
  facet normal -1 0 0
    outer loop
      vertex 43.4 -22.5132 30.0061
      vertex 43.4 -20.7305 30.3725
      vertex 43.4 -21.0576 30.2534
    endloop
  endfacet
  facet normal -1 0 0
    outer loop
      vertex 43.4 -19.392 128.823
      vertex 43.4 -21.9275 129.941
      vertex 43.4 -19.6665 129.038
    endloop
  endfacet
  facet normal -1 0 0
    outer loop
      vertex 43.4 -22.5132 30.0061
      vertex 43.4 -21.0576 30.2534
      vertex 43.4 -21.3927 30.1574
    endloop
  endfacet
  facet normal -1 0 0
    outer loop
      vertex 43.4 -17.6 35.1091
      vertex 43.4 -22.687 30
      vertex 43.4 -34.6 30
    endloop
  endfacet
  facet normal -1 0 0
    outer loop
      vertex 43.4 -22.5132 30.0061
      vertex 43.4 -21.3927 30.1574
      vertex 43.4 -21.7334 30.0849
    endloop
  endfacet
  facet normal -1 0 0
    outer loop
      vertex 43.4 -20.2569 129.407
      vertex 43.4 -21.9275 129.941
      vertex 43.4 -20.5701 129.559
    endloop
  endfacet
  facet normal -1 0 0
    outer loop
      vertex 43.4 -22.5132 30.0061
      vertex 43.4 -21.7334 30.0849
      vertex 43.4 -22.0782 30.0365
    endloop
  endfacet
  facet normal -1 0 0
    outer loop
      vertex 43.4 -20.5701 129.559
      vertex 43.4 -21.9275 129.941
      vertex 43.4 -20.893 129.69
    endloop
  endfacet
  facet normal -1 0 0
    outer loop
      vertex 43.4 -17.6095 34.8913
      vertex 43.4 -22.5132 30.0061
      vertex 43.4 -22.687 30
    endloop
  endfacet
  facet normal -1 0 0
    outer loop
      vertex 43.4 -20.893 129.69
      vertex 43.4 -21.9275 129.941
      vertex 43.4 -21.2243 129.798
    endloop
  endfacet
  facet normal -1 0 0
    outer loop
      vertex 43.4 -21.2243 129.798
      vertex 43.4 -21.9275 129.941
      vertex 43.4 -21.5412 129.877
    endloop
  endfacet
  facet normal -1 0 0
    outer loop
      vertex 43.4 -19.6665 129.038
      vertex 43.4 -21.9275 129.941
      vertex 43.4 -19.9552 129.232
    endloop
  endfacet
  facet normal -1 0 0
    outer loop
      vertex 43.4 -19.9552 129.232
      vertex 43.4 -21.9275 129.941
      vertex 43.4 -20.2569 129.407
    endloop
  endfacet
  facet normal -1 -0 -0
    outer loop
      vertex 43.4 -22.7091 130
      vertex 43.4 -17.6 124.913
      vertex 43.4 -34.6 130
    endloop
  endfacet
  facet normal -1 -0 0
    outer loop
      vertex 43.4 -17.6 35.1091
      vertex 43.4 -35.4682 29.924
      vertex 43.4 -35.2959 130.049
    endloop
  endfacet
  facet normal -1 0 0
    outer loop
      vertex 43.4 -35.4682 29.924
      vertex 43.4 -35.9782 130.194
      vertex 43.4 -35.2959 130.049
    endloop
  endfacet
  facet normal -1 0 0
    outer loop
      vertex 43.4 -36.1451 29.7553
      vertex 43.4 -35.9782 130.194
      vertex 43.4 -35.4682 29.924
    endloop
  endfacet
  facet normal -1 0 0
    outer loop
      vertex 43.4 -36.1451 29.7553
      vertex 43.4 -36.6337 130.432
      vertex 43.4 -35.9782 130.194
    endloop
  endfacet
  facet normal -1 0 0
    outer loop
      vertex 43.4 -36.7918 29.494
      vertex 43.4 -36.6337 130.432
      vertex 43.4 -36.1451 29.7553
    endloop
  endfacet
  facet normal -1 0 0
    outer loop
      vertex 43.4 -36.7918 29.494
      vertex 43.4 -37.2496 130.76
      vertex 43.4 -36.6337 130.432
    endloop
  endfacet
  facet normal -1 0 0
    outer loop
      vertex 43.4 -37.396 29.1452
      vertex 43.4 -37.2496 130.76
      vertex 43.4 -36.7918 29.494
    endloop
  endfacet
  facet normal -1 0 0
    outer loop
      vertex 43.4 -37.396 29.1452
      vertex 43.4 -37.8139 131.17
      vertex 43.4 -37.2496 130.76
    endloop
  endfacet
  facet normal -1 0 0
    outer loop
      vertex 43.4 -37.9456 28.7157
      vertex 43.4 -37.8139 131.17
      vertex 43.4 -37.396 29.1452
    endloop
  endfacet
  facet normal -1 0 0
    outer loop
      vertex 43.4 -37.9456 28.7157
      vertex 43.4 -38.3157 131.654
      vertex 43.4 -37.8139 131.17
    endloop
  endfacet
  facet normal -1 0 0
    outer loop
      vertex 43.4 -38.4302 28.2139
      vertex 43.4 -38.3157 131.654
      vertex 43.4 -37.9456 28.7157
    endloop
  endfacet
  facet normal -1 0 0
    outer loop
      vertex 43.4 -38.4302 28.2139
      vertex 43.4 -38.7452 132.204
      vertex 43.4 -38.3157 131.654
    endloop
  endfacet
  facet normal -1 0 0
    outer loop
      vertex 43.4 -38.8402 27.6496
      vertex 43.4 -38.7452 132.204
      vertex 43.4 -38.4302 28.2139
    endloop
  endfacet
  facet normal -1 0 0
    outer loop
      vertex 43.4 -38.8402 27.6496
      vertex 43.4 -39.094 132.808
      vertex 43.4 -38.7452 132.204
    endloop
  endfacet
  facet normal -1 0 0
    outer loop
      vertex 43.4 -39.1677 27.0337
      vertex 43.4 -39.094 132.808
      vertex 43.4 -38.8402 27.6496
    endloop
  endfacet
  facet normal -1 0 0
    outer loop
      vertex 43.4 -39.1677 27.0337
      vertex 43.4 -39.3553 133.455
      vertex 43.4 -39.094 132.808
    endloop
  endfacet
  facet normal -1 0 0
    outer loop
      vertex 43.4 -39.4063 26.3782
      vertex 43.4 -39.3553 133.455
      vertex 43.4 -39.1677 27.0337
    endloop
  endfacet
  facet normal -1 0 0
    outer loop
      vertex 43.4 -39.4063 26.3782
      vertex 43.4 -39.524 134.132
      vertex 43.4 -39.3553 133.455
    endloop
  endfacet
  facet normal -1 0 0
    outer loop
      vertex 43.4 -39.5513 25.6959
      vertex 43.4 -39.524 134.132
      vertex 43.4 -39.4063 26.3782
    endloop
  endfacet
  facet normal -1 0 0
    outer loop
      vertex 43.4 -39.6 135
      vertex 43.4 -39.5513 25.6959
      vertex 43.4 -39.6 25
    endloop
  endfacet
  facet normal -1 0 0
    outer loop
      vertex 43.4 -39.5513 25.6959
      vertex 43.4 -39.6 135
      vertex 43.4 -39.524 134.132
    endloop
  endfacet
  facet normal -0 0 1
    outer loop
      vertex -43.4 40.4 3
      vertex 43.4 -40.4 3
      vertex 43.4 40.4 3
    endloop
  endfacet
  facet normal 0 0 1
    outer loop
      vertex 43.4 -40.4 3
      vertex -43.4 40.4 3
      vertex -43.4 -40.4 3
    endloop
  endfacet
  facet normal 0 1 -0
    outer loop
      vertex 43.4 -40.4 3
      vertex -43.4 -40.4 156
      vertex 43.4 -40.4 156
    endloop
  endfacet
  facet normal 0 1 0
    outer loop
      vertex -43.4 -40.4 156
      vertex 43.4 -40.4 3
      vertex -43.4 -40.4 3
    endloop
  endfacet
  facet normal 0 -1 0
    outer loop
      vertex -43.4 40.4 3
      vertex 43.4 40.4 156
      vertex -43.4 40.4 156
    endloop
  endfacet
  facet normal 0 -1 -0
    outer loop
      vertex 43.4 40.4 156
      vertex -43.4 40.4 3
      vertex 43.4 40.4 3
    endloop
  endfacet
  facet normal 0.631056 -0.775738 0
    outer loop
      vertex 46.0392 -43.7088 0
      vertex 46.4617 -43.3651 160
      vertex 46.0392 -43.7088 160
    endloop
  endfacet
  facet normal 0.631056 -0.775738 0
    outer loop
      vertex 46.4617 -43.3651 160
      vertex 46.0392 -43.7088 0
      vertex 46.4617 -43.3651 0
    endloop
  endfacet
  facet normal 0.816983 -0.576662 0
    outer loop
      vertex 46.4617 -43.3651 160
      vertex 46.7758 -42.9201 0
      vertex 46.7758 -42.9201 160
    endloop
  endfacet
  facet normal 0.816983 -0.576662 0
    outer loop
      vertex 46.7758 -42.9201 0
      vertex 46.4617 -43.3651 160
      vertex 46.4617 -43.3651 0
    endloop
  endfacet
  facet normal 0 1 -0
    outer loop
      vertex -20 44 13.25
      vertex -22 44 18.75
      vertex -20 44 18.75
    endloop
  endfacet
  facet normal 0 1 0
    outer loop
      vertex -22 44 18.75
      vertex -20 44 13.25
      vertex -22 44 13.25
    endloop
  endfacet
  facet normal 0 1 -0
    outer loop
      vertex -6 44 13.25
      vertex -8 44 18.75
      vertex -6 44 18.75
    endloop
  endfacet
  facet normal 0 1 0
    outer loop
      vertex -8 44 18.75
      vertex -6 44 13.25
      vertex -8 44 13.25
    endloop
  endfacet
  facet normal 0 1 -0
    outer loop
      vertex 8 44 13.25
      vertex 6 44 18.75
      vertex 8 44 18.75
    endloop
  endfacet
  facet normal 0 1 0
    outer loop
      vertex 6 44 18.75
      vertex 8 44 13.25
      vertex 6 44 13.25
    endloop
  endfacet
  facet normal 0 1 -0
    outer loop
      vertex 22 44 13.25
      vertex 20 44 18.75
      vertex 22 44 18.75
    endloop
  endfacet
  facet normal 0 1 0
    outer loop
      vertex 20 44 18.75
      vertex 22 44 13.25
      vertex 20 44 13.25
    endloop
  endfacet
  facet normal 0 1 -0
    outer loop
      vertex -13 44 27.25
      vertex -15 44 32.75
      vertex -13 44 32.75
    endloop
  endfacet
  facet normal 0 1 0
    outer loop
      vertex -15 44 32.75
      vertex -13 44 27.25
      vertex -15 44 27.25
    endloop
  endfacet
  facet normal 0 1 -0
    outer loop
      vertex 1 44 27.25
      vertex -1 44 32.75
      vertex 1 44 32.75
    endloop
  endfacet
  facet normal 0 1 0
    outer loop
      vertex -1 44 32.75
      vertex 1 44 27.25
      vertex -1 44 27.25
    endloop
  endfacet
  facet normal 0 1 -0
    outer loop
      vertex 15 44 27.25
      vertex 13 44 32.75
      vertex 15 44 32.75
    endloop
  endfacet
  facet normal 0 1 0
    outer loop
      vertex 13 44 32.75
      vertex 15 44 27.25
      vertex 13 44 27.25
    endloop
  endfacet
  facet normal 0 1 -0
    outer loop
      vertex 29 44 27.25
      vertex 27 44 32.75
      vertex 29 44 32.75
    endloop
  endfacet
  facet normal 0 1 0
    outer loop
      vertex 27 44 32.75
      vertex 29 44 27.25
      vertex 27 44 27.25
    endloop
  endfacet
  facet normal 0 1 0
    outer loop
      vertex -27 44 41.25
      vertex -27 44 34
      vertex -34 44 41.25
    endloop
  endfacet
  facet normal 0 1 0
    outer loop
      vertex -27 44 69.25
      vertex -27 44 46.75
      vertex -34 44 69.25
    endloop
  endfacet
  facet normal 0 1 0
    outer loop
      vertex -27 44 97.25
      vertex -27 44 74.75
      vertex -34 44 97.25
    endloop
  endfacet
  facet normal 0 1 -0
    outer loop
      vertex -13 44 111.25
      vertex -15 44 116.75
      vertex -13 44 116.75
    endloop
  endfacet
  facet normal 0 1 0
    outer loop
      vertex -15 44 116.75
      vertex -13 44 111.25
      vertex -15 44 111.25
    endloop
  endfacet
  facet normal 0 1 -0
    outer loop
      vertex 1 44 111.25
      vertex -1 44 116.75
      vertex 1 44 116.75
    endloop
  endfacet
  facet normal 0 1 0
    outer loop
      vertex -1 44 116.75
      vertex 1 44 111.25
      vertex -1 44 111.25
    endloop
  endfacet
  facet normal 0 1 -0
    outer loop
      vertex 15 44 111.25
      vertex 13 44 116.75
      vertex 15 44 116.75
    endloop
  endfacet
  facet normal 0 1 0
    outer loop
      vertex 13 44 116.75
      vertex 15 44 111.25
      vertex 13 44 111.25
    endloop
  endfacet
  facet normal 0 1 -0
    outer loop
      vertex 29 44 111.25
      vertex 27 44 116.75
      vertex 29 44 116.75
    endloop
  endfacet
  facet normal 0 1 0
    outer loop
      vertex 27 44 116.75
      vertex 29 44 111.25
      vertex 27 44 111.25
    endloop
  endfacet
  facet normal 0 1 -0
    outer loop
      vertex 22 44 125.25
      vertex 20 44 129
      vertex 22 44 129
    endloop
  endfacet
  facet normal 0 1 0
    outer loop
      vertex 20 44 129
      vertex 22 44 125.25
      vertex 20 44 125.25
    endloop
  endfacet
  facet normal 0 1 -0
    outer loop
      vertex 8 44 125.25
      vertex 6 44 129
      vertex 8 44 129
    endloop
  endfacet
  facet normal 0 1 0
    outer loop
      vertex 6 44 129
      vertex 8 44 125.25
      vertex 6 44 125.25
    endloop
  endfacet
  facet normal 0 1 -0
    outer loop
      vertex -6 44 125.25
      vertex -8 44 129
      vertex -6 44 129
    endloop
  endfacet
  facet normal 0 1 0
    outer loop
      vertex -8 44 129
      vertex -6 44 125.25
      vertex -8 44 125.25
    endloop
  endfacet
  facet normal 0 1 -0
    outer loop
      vertex -20 44 125.25
      vertex -22 44 129
      vertex -20 44 129
    endloop
  endfacet
  facet normal 0 1 0
    outer loop
      vertex -22 44 129
      vertex -20 44 125.25
      vertex -22 44 125.25
    endloop
  endfacet
  facet normal 0 1 0
    outer loop
      vertex -34 44 129
      vertex -34 44 125.25
      vertex -35 44 129
    endloop
  endfacet
  facet normal 0 1 0
    outer loop
      vertex 45 44 160
      vertex 35 44 147
      vertex -45 44 160
    endloop
  endfacet
  facet normal 0 1 0
    outer loop
      vertex 45 44 160
      vertex 35 44 129
      vertex 35 44 147
    endloop
  endfacet
  facet normal 0 1 0
    outer loop
      vertex 35 44 129
      vertex 34 44 125.25
      vertex 34 44 129
    endloop
  endfacet
  facet normal 0 1 -0
    outer loop
      vertex 41 44 116.75
      vertex 35 44 129
      vertex 45 44 160
    endloop
  endfacet
  facet normal 0 1 -0
    outer loop
      vertex 27 44 116.75
      vertex 22 44 125.25
      vertex 34 44 125.25
    endloop
  endfacet
  facet normal 0 1 0
    outer loop
      vertex 22 44 125.25
      vertex 27 44 116.75
      vertex 20 44 125.25
    endloop
  endfacet
  facet normal 0 1 0
    outer loop
      vertex 20 44 125.25
      vertex 15 44 116.75
      vertex 8 44 125.25
    endloop
  endfacet
  facet normal 0 1 -0
    outer loop
      vertex 13 44 116.75
      vertex 8 44 125.25
      vertex 15 44 116.75
    endloop
  endfacet
  facet normal 0 1 0
    outer loop
      vertex 1 44 116.75
      vertex 6 44 125.25
      vertex 13 44 116.75
    endloop
  endfacet
  facet normal 0 1 0
    outer loop
      vertex 6 44 125.25
      vertex 1 44 116.75
      vertex -6 44 125.25
    endloop
  endfacet
  facet normal 0 1 0
    outer loop
      vertex -6 44 125.25
      vertex -1 44 116.75
      vertex -8 44 125.25
    endloop
  endfacet
  facet normal 0 1 0
    outer loop
      vertex -13 44 116.75
      vertex -8 44 125.25
      vertex -1 44 116.75
    endloop
  endfacet
  facet normal 0 1 0
    outer loop
      vertex 29 44 116.75
      vertex 34 44 125.25
      vertex 41 44 116.75
    endloop
  endfacet
  facet normal 0 1 0
    outer loop
      vertex 35 44 129
      vertex 41 44 116.75
      vertex 34 44 125.25
    endloop
  endfacet
  facet normal 0 1 0
    outer loop
      vertex 45 44 160
      vertex 41 44 111.25
      vertex 41 44 116.75
    endloop
  endfacet
  facet normal 0 1 -0
    outer loop
      vertex 34 44 102.75
      vertex 29 44 111.25
      vertex 41 44 111.25
    endloop
  endfacet
  facet normal -0 1 0
    outer loop
      vertex 27 44 106
      vertex 29 44 111.25
      vertex 34 44 102.75
    endloop
  endfacet
  facet normal 0 1 0
    outer loop
      vertex 27 44 111.25
      vertex 27 44 106
      vertex 15 44 111.25
    endloop
  endfacet
  facet normal 0 1 0
    outer loop
      vertex 15 44 111.25
      vertex 27 44 106
      vertex 13 44 111.25
    endloop
  endfacet
  facet normal 0 1 0
    outer loop
      vertex 0 44 106
      vertex 13 44 111.25
      vertex 27 44 106
    endloop
  endfacet
  facet normal 0 1 0
    outer loop
      vertex 13 44 111.25
      vertex 0 44 106
      vertex 1 44 111.25
    endloop
  endfacet
  facet normal 0 1 0
    outer loop
      vertex 1 44 111.25
      vertex 0 44 106
      vertex -1 44 111.25
    endloop
  endfacet
  facet normal 0 1 0
    outer loop
      vertex -27 44 106
      vertex -13 44 111.25
      vertex 0 44 106
    endloop
  endfacet
  facet normal 0 1 0
    outer loop
      vertex -1 44 111.25
      vertex 0 44 106
      vertex -13 44 111.25
    endloop
  endfacet
  facet normal 0 1 0
    outer loop
      vertex 29 44 111.25
      vertex 27 44 106
      vertex 27 44 111.25
    endloop
  endfacet
  facet normal 0 1 0
    outer loop
      vertex 41 44 111.25
      vertex 34 44 97.25
      vertex 34 44 102.75
    endloop
  endfacet
  facet normal 0 1 0
    outer loop
      vertex 29 44 88.75
      vertex 34 44 97.25
      vertex 41 44 88.75
    endloop
  endfacet
  facet normal 0 1 0
    outer loop
      vertex 41 44 111.25
      vertex 41 44 88.75
      vertex 34 44 97.25
    endloop
  endfacet
  facet normal 0 1 0
    outer loop
      vertex 45 44 160
      vertex 41 44 88.75
      vertex 41 44 111.25
    endloop
  endfacet
  facet normal 0 1 0
    outer loop
      vertex 45 44 160
      vertex 41 44 83.25
      vertex 41 44 88.75
    endloop
  endfacet
  facet normal 0 1 0
    outer loop
      vertex 41 44 83.25
      vertex 34 44 74.75
      vertex 29 44 83.25
    endloop
  endfacet
  facet normal 0 1 0
    outer loop
      vertex 41 44 83.25
      vertex 34 44 69.25
      vertex 34 44 74.75
    endloop
  endfacet
  facet normal 0 1 0
    outer loop
      vertex 29 44 60.75
      vertex 34 44 69.25
      vertex 41 44 60.75
    endloop
  endfacet
  facet normal 0 1 0
    outer loop
      vertex 41 44 83.25
      vertex 41 44 60.75
      vertex 34 44 69.25
    endloop
  endfacet
  facet normal 0 1 -0
    outer loop
      vertex 45 44 0
      vertex 41 44 83.25
      vertex 45 44 160
    endloop
  endfacet
  facet normal 0 1 0
    outer loop
      vertex 41 44 83.25
      vertex 45 44 0
      vertex 41 44 60.75
    endloop
  endfacet
  facet normal 0 1 0
    outer loop
      vertex 41 44 55.25
      vertex 34 44 46.75
      vertex 29 44 55.25
    endloop
  endfacet
  facet normal 0 1 0
    outer loop
      vertex 41 44 55.25
      vertex 34 44 41.25
      vertex 34 44 46.75
    endloop
  endfacet
  facet normal 0 1 0
    outer loop
      vertex 34 44 41.25
      vertex 27 44 34
      vertex 27 44 41.25
    endloop
  endfacet
  facet normal 0 1 0
    outer loop
      vertex 34 44 41.25
      vertex 29 44 32.75
      vertex 27 44 34
    endloop
  endfacet
  facet normal 0 1 0
    outer loop
      vertex 29 44 32.75
      vertex 34 44 41.25
      vertex 41 44 32.75
    endloop
  endfacet
  facet normal 0 1 0
    outer loop
      vertex 41 44 55.25
      vertex 41 44 32.75
      vertex 34 44 41.25
    endloop
  endfacet
  facet normal 0 1 0
    outer loop
      vertex 41 44 60.75
      vertex 45 44 0
      vertex 41 44 55.25
    endloop
  endfacet
  facet normal 0 1 0
    outer loop
      vertex 41 44 55.25
      vertex 45 44 0
      vertex 41 44 32.75
    endloop
  endfacet
  facet normal 0 1 -0
    outer loop
      vertex 34 44 18.75
      vertex 29 44 27.25
      vertex 41 44 27.25
    endloop
  endfacet
  facet normal 0 1 0
    outer loop
      vertex 29 44 27.25
      vertex 34 44 18.75
      vertex 27 44 27.25
    endloop
  endfacet
  facet normal 0 1 0
    outer loop
      vertex 27 44 27.25
      vertex 22 44 18.75
      vertex 15 44 27.25
    endloop
  endfacet
  facet normal 0 1 -0
    outer loop
      vertex 20 44 18.75
      vertex 15 44 27.25
      vertex 22 44 18.75
    endloop
  endfacet
  facet normal 0 1 0
    outer loop
      vertex 8 44 18.75
      vertex 13 44 27.25
      vertex 20 44 18.75
    endloop
  endfacet
  facet normal 0 1 0
    outer loop
      vertex 13 44 27.25
      vertex 8 44 18.75
      vertex 1 44 27.25
    endloop
  endfacet
  facet normal 0 1 0
    outer loop
      vertex 1 44 27.25
      vertex 6 44 18.75
      vertex -1 44 27.25
    endloop
  endfacet
  facet normal 0 1 0
    outer loop
      vertex -6 44 18.75
      vertex -1 44 27.25
      vertex 6 44 18.75
    endloop
  endfacet
  facet normal 0 1 0
    outer loop
      vertex 27 44 27.25
      vertex 34 44 18.75
      vertex 22 44 18.75
    endloop
  endfacet
  facet normal 0 1 0
    outer loop
      vertex 41 44 27.25
      vertex 34 44 13.25
      vertex 34 44 18.75
    endloop
  endfacet
  facet normal 0 1 0
    outer loop
      vertex 45 44 0
      vertex 22 44 13.25
      vertex 34 44 13.25
    endloop
  endfacet
  facet normal 0 1 0
    outer loop
      vertex 22 44 13.25
      vertex 45 44 0
      vertex 20 44 13.25
    endloop
  endfacet
  facet normal 0 1 0
    outer loop
      vertex 20 44 13.25
      vertex 45 44 0
      vertex 8 44 13.25
    endloop
  endfacet
  facet normal 0 1 0
    outer loop
      vertex 8 44 13.25
      vertex 45 44 0
      vertex 6 44 13.25
    endloop
  endfacet
  facet normal 0 1 0
    outer loop
      vertex 6 44 13.25
      vertex 45 44 0
      vertex -6 44 13.25
    endloop
  endfacet
  facet normal 0 1 0
    outer loop
      vertex -45 44 0
      vertex -6 44 13.25
      vertex 45 44 0
    endloop
  endfacet
  facet normal 0 1 0
    outer loop
      vertex -6 44 13.25
      vertex -45 44 0
      vertex -8 44 13.25
    endloop
  endfacet
  facet normal 0 1 0
    outer loop
      vertex -8 44 13.25
      vertex -45 44 0
      vertex -20 44 13.25
    endloop
  endfacet
  facet normal 0 1 0
    outer loop
      vertex -20 44 13.25
      vertex -45 44 0
      vertex -22 44 13.25
    endloop
  endfacet
  facet normal 0 1 0
    outer loop
      vertex 41 44 27.25
      vertex 45 44 0
      vertex 34 44 13.25
    endloop
  endfacet
  facet normal 0 1 0
    outer loop
      vertex 41 44 32.75
      vertex 45 44 0
      vertex 41 44 27.25
    endloop
  endfacet
  facet normal 0 1 -0
    outer loop
      vertex -35 44 147
      vertex -45 44 160
      vertex 35 44 147
    endloop
  endfacet
  facet normal 0 1 -0
    outer loop
      vertex -35 44 129
      vertex -45 44 160
      vertex -35 44 147
    endloop
  endfacet
  facet normal 0 1 -0
    outer loop
      vertex -34 44 102.75
      vertex -35 44 129
      vertex -34 44 125.25
    endloop
  endfacet
  facet normal 0 1 0
    outer loop
      vertex 27 44 116.75
      vertex 34 44 125.25
      vertex 29 44 116.75
    endloop
  endfacet
  facet normal 0 1 0
    outer loop
      vertex 20 44 125.25
      vertex 27 44 116.75
      vertex 15 44 116.75
    endloop
  endfacet
  facet normal 0 1 0
    outer loop
      vertex 8 44 125.25
      vertex 13 44 116.75
      vertex 6 44 125.25
    endloop
  endfacet
  facet normal 0 1 -0
    outer loop
      vertex -1 44 116.75
      vertex -6 44 125.25
      vertex 1 44 116.75
    endloop
  endfacet
  facet normal 0 1 0
    outer loop
      vertex -8 44 125.25
      vertex -13 44 116.75
      vertex -20 44 125.25
    endloop
  endfacet
  facet normal 0 1 -0
    outer loop
      vertex -15 44 116.75
      vertex -20 44 125.25
      vertex -13 44 116.75
    endloop
  endfacet
  facet normal 0 1 0
    outer loop
      vertex -20 44 125.25
      vertex -15 44 116.75
      vertex -22 44 125.25
    endloop
  endfacet
  facet normal 0 1 0
    outer loop
      vertex -27 44 116.75
      vertex -22 44 125.25
      vertex -15 44 116.75
    endloop
  endfacet
  facet normal 0 1 0
    outer loop
      vertex -22 44 125.25
      vertex -27 44 116.75
      vertex -34 44 125.25
    endloop
  endfacet
  facet normal 0 1 -0
    outer loop
      vertex -27 44 111.25
      vertex -34 44 125.25
      vertex -27 44 116.75
    endloop
  endfacet
  facet normal 0 1 0
    outer loop
      vertex -13 44 111.25
      vertex -27 44 106
      vertex -15 44 111.25
    endloop
  endfacet
  facet normal 0 1 0
    outer loop
      vertex -15 44 111.25
      vertex -27 44 106
      vertex -27 44 111.25
    endloop
  endfacet
  facet normal 0 1 0
    outer loop
      vertex -34 44 102.75
      vertex -27 44 111.25
      vertex -27 44 106
    endloop
  endfacet
  facet normal 0 1 0
    outer loop
      vertex -34 44 102.75
      vertex -27 44 106
      vertex -27 44 102.75
    endloop
  endfacet
  facet normal 0 1 0
    outer loop
      vertex -27 44 111.25
      vertex -34 44 102.75
      vertex -34 44 125.25
    endloop
  endfacet
  facet normal 0 1 0
    outer loop
      vertex -35 44 129
      vertex -34 44 102.75
      vertex -45 44 160
    endloop
  endfacet
  facet normal 0 1 -0
    outer loop
      vertex -34 44 97.25
      vertex -45 44 160
      vertex -34 44 102.75
    endloop
  endfacet
  facet normal 0 1 0
    outer loop
      vertex -34 44 74.75
      vertex -34 44 97.25
      vertex -27 44 74.75
    endloop
  endfacet
  facet normal 0 1 -0
    outer loop
      vertex -34 44 74.75
      vertex -45 44 160
      vertex -34 44 97.25
    endloop
  endfacet
  facet normal 0 1 0
    outer loop
      vertex -45 44 0
      vertex -34 44 74.75
      vertex -34 44 69.25
    endloop
  endfacet
  facet normal 0 1 0
    outer loop
      vertex -34 44 46.75
      vertex -34 44 69.25
      vertex -27 44 46.75
    endloop
  endfacet
  facet normal 0 1 0
    outer loop
      vertex -45 44 0
      vertex -34 44 69.25
      vertex -34 44 46.75
    endloop
  endfacet
  facet normal 0 1 0
    outer loop
      vertex -45 44 0
      vertex -34 44 46.75
      vertex -34 44 41.25
    endloop
  endfacet
  facet normal 0 1 0
    outer loop
      vertex 27 44 32.75
      vertex 27 44 34
      vertex 29 44 32.75
    endloop
  endfacet
  facet normal 0 1 0
    outer loop
      vertex 15 44 32.75
      vertex 27 44 34
      vertex 27 44 32.75
    endloop
  endfacet
  facet normal 0 1 0
    outer loop
      vertex 13 44 32.75
      vertex 27 44 34
      vertex 15 44 32.75
    endloop
  endfacet
  facet normal 0 1 0
    outer loop
      vertex 1 44 32.75
      vertex 27 44 34
      vertex 13 44 32.75
    endloop
  endfacet
  facet normal 0 1 0
    outer loop
      vertex 27 44 34
      vertex 1 44 32.75
      vertex -27 44 34
    endloop
  endfacet
  facet normal 0 1 -0
    outer loop
      vertex -1 44 32.75
      vertex -27 44 34
      vertex 1 44 32.75
    endloop
  endfacet
  facet normal 0 1 -0
    outer loop
      vertex -13 44 32.75
      vertex -27 44 34
      vertex -1 44 32.75
    endloop
  endfacet
  facet normal 0 1 -0
    outer loop
      vertex -15 44 32.75
      vertex -27 44 34
      vertex -13 44 32.75
    endloop
  endfacet
  facet normal 0 1 0
    outer loop
      vertex -27 44 32.75
      vertex -27 44 34
      vertex -15 44 32.75
    endloop
  endfacet
  facet normal 0 1 -0
    outer loop
      vertex -27 44 32.75
      vertex -34 44 41.25
      vertex -27 44 34
    endloop
  endfacet
  facet normal 0 1 -0
    outer loop
      vertex -27 44 27.25
      vertex -34 44 41.25
      vertex -27 44 32.75
    endloop
  endfacet
  facet normal 0 1 0
    outer loop
      vertex 15 44 27.25
      vertex 20 44 18.75
      vertex 13 44 27.25
    endloop
  endfacet
  facet normal 0 1 -0
    outer loop
      vertex 6 44 18.75
      vertex 1 44 27.25
      vertex 8 44 18.75
    endloop
  endfacet
  facet normal 0 1 0
    outer loop
      vertex -1 44 27.25
      vertex -6 44 18.75
      vertex -13 44 27.25
    endloop
  endfacet
  facet normal 0 1 -0
    outer loop
      vertex -8 44 18.75
      vertex -13 44 27.25
      vertex -6 44 18.75
    endloop
  endfacet
  facet normal 0 1 0
    outer loop
      vertex -13 44 27.25
      vertex -8 44 18.75
      vertex -15 44 27.25
    endloop
  endfacet
  facet normal 0 1 0
    outer loop
      vertex -20 44 18.75
      vertex -15 44 27.25
      vertex -8 44 18.75
    endloop
  endfacet
  facet normal 0 1 0
    outer loop
      vertex -15 44 27.25
      vertex -20 44 18.75
      vertex -27 44 27.25
    endloop
  endfacet
  facet normal 0 1 -0
    outer loop
      vertex -22 44 18.75
      vertex -27 44 27.25
      vertex -20 44 18.75
    endloop
  endfacet
  facet normal 0 1 0
    outer loop
      vertex -34 44 18.75
      vertex -27 44 27.25
      vertex -22 44 18.75
    endloop
  endfacet
  facet normal 0 1 0
    outer loop
      vertex -34 44 18.75
      vertex -34 44 41.25
      vertex -27 44 27.25
    endloop
  endfacet
  facet normal 0 1 0
    outer loop
      vertex -45 44 0
      vertex -34 44 41.25
      vertex -34 44 18.75
    endloop
  endfacet
  facet normal 0 1 0
    outer loop
      vertex -45 44 0
      vertex -34 44 18.75
      vertex -34 44 13.25
    endloop
  endfacet
  facet normal 0 1 0
    outer loop
      vertex -34 44 74.75
      vertex -45 44 0
      vertex -45 44 160
    endloop
  endfacet
  facet normal 0 1 0
    outer loop
      vertex -22 44 13.25
      vertex -45 44 0
      vertex -34 44 13.25
    endloop
  endfacet
  facet normal 0 1 0
    outer loop
      vertex 27 44 106
      vertex 34 44 102.75
      vertex 27 44 102.75
    endloop
  endfacet
  facet normal 0 1 0
    outer loop
      vertex 34 44 97.25
      vertex 29 44 88.75
      vertex 27 44 97.25
    endloop
  endfacet
  facet normal 0 1 -0
    outer loop
      vertex 29 44 83.25
      vertex 27 44 97.25
      vertex 29 44 88.75
    endloop
  endfacet
  facet normal 0 1 0
    outer loop
      vertex 29 44 83.25
      vertex 27 44 74.75
      vertex 27 44 97.25
    endloop
  endfacet
  facet normal 0 1 0
    outer loop
      vertex 27 44 74.75
      vertex 29 44 83.25
      vertex 34 44 74.75
    endloop
  endfacet
  facet normal 0 1 0
    outer loop
      vertex 34 44 69.25
      vertex 29 44 60.75
      vertex 27 44 69.25
    endloop
  endfacet
  facet normal 0 1 -0
    outer loop
      vertex 29 44 55.25
      vertex 27 44 69.25
      vertex 29 44 60.75
    endloop
  endfacet
  facet normal 0 1 0
    outer loop
      vertex 29 44 55.25
      vertex 27 44 46.75
      vertex 27 44 69.25
    endloop
  endfacet
  facet normal 0 1 0
    outer loop
      vertex 27 44 46.75
      vertex 29 44 55.25
      vertex 34 44 46.75
    endloop
  endfacet
  facet normal 0 1 -0
    outer loop
      vertex 20 44 38
      vertex 8 44 41.25
      vertex 20 44 41.25
    endloop
  endfacet
  facet normal 0 1 0
    outer loop
      vertex 8 44 41.25
      vertex 20 44 38
      vertex 6 44 41.25
    endloop
  endfacet
  facet normal 0 1 0
    outer loop
      vertex 6 44 41.25
      vertex 20 44 38
      vertex -6 44 41.25
    endloop
  endfacet
  facet normal 0 1 0
    outer loop
      vertex -20 44 38
      vertex -6 44 41.25
      vertex 20 44 38
    endloop
  endfacet
  facet normal 0 1 0
    outer loop
      vertex -6 44 41.25
      vertex -20 44 38
      vertex -8 44 41.25
    endloop
  endfacet
  facet normal 0 1 0
    outer loop
      vertex -8 44 41.25
      vertex -20 44 38
      vertex -20 44 41.25
    endloop
  endfacet
  facet normal 0 1 -0
    outer loop
      vertex -6 44 41.25
      vertex -8 44 46.75
      vertex -6 44 46.75
    endloop
  endfacet
  facet normal 0 1 0
    outer loop
      vertex -8 44 46.75
      vertex -6 44 41.25
      vertex -8 44 41.25
    endloop
  endfacet
  facet normal 0 1 -0
    outer loop
      vertex 8 44 41.25
      vertex 6 44 46.75
      vertex 8 44 46.75
    endloop
  endfacet
  facet normal 0 1 0
    outer loop
      vertex 6 44 46.75
      vertex 8 44 41.25
      vertex 6 44 41.25
    endloop
  endfacet
  facet normal 0 1 -0
    outer loop
      vertex 20 44 46.75
      vertex 15 44 55.25
      vertex 20 44 55.25
    endloop
  endfacet
  facet normal 0 1 0
    outer loop
      vertex 15 44 55.25
      vertex 20 44 46.75
      vertex 13 44 55.25
    endloop
  endfacet
  facet normal 0 1 0
    outer loop
      vertex 13 44 55.25
      vertex 8 44 46.75
      vertex 1 44 55.25
    endloop
  endfacet
  facet normal 0 1 -0
    outer loop
      vertex 6 44 46.75
      vertex 1 44 55.25
      vertex 8 44 46.75
    endloop
  endfacet
  facet normal 0 1 0
    outer loop
      vertex -6 44 46.75
      vertex -1 44 55.25
      vertex 6 44 46.75
    endloop
  endfacet
  facet normal 0 1 0
    outer loop
      vertex -1 44 55.25
      vertex -6 44 46.75
      vertex -13 44 55.25
    endloop
  endfacet
  facet normal 0 1 0
    outer loop
      vertex 13 44 55.25
      vertex 20 44 46.75
      vertex 8 44 46.75
    endloop
  endfacet
  facet normal 0 1 0
    outer loop
      vertex 1 44 55.25
      vertex 6 44 46.75
      vertex -1 44 55.25
    endloop
  endfacet
  facet normal 0 1 -0
    outer loop
      vertex -8 44 46.75
      vertex -13 44 55.25
      vertex -6 44 46.75
    endloop
  endfacet
  facet normal 0 1 0
    outer loop
      vertex -13 44 55.25
      vertex -8 44 46.75
      vertex -15 44 55.25
    endloop
  endfacet
  facet normal 0 1 0
    outer loop
      vertex -20 44 46.75
      vertex -15 44 55.25
      vertex -8 44 46.75
    endloop
  endfacet
  facet normal 0 1 0
    outer loop
      vertex -15 44 55.25
      vertex -20 44 46.75
      vertex -20 44 55.25
    endloop
  endfacet
  facet normal 0 1 -0
    outer loop
      vertex -13 44 55.25
      vertex -15 44 60.75
      vertex -13 44 60.75
    endloop
  endfacet
  facet normal 0 1 0
    outer loop
      vertex -15 44 60.75
      vertex -13 44 55.25
      vertex -15 44 55.25
    endloop
  endfacet
  facet normal 0 1 -0
    outer loop
      vertex 1 44 55.25
      vertex -1 44 60.75
      vertex 1 44 60.75
    endloop
  endfacet
  facet normal 0 1 0
    outer loop
      vertex -1 44 60.75
      vertex 1 44 55.25
      vertex -1 44 55.25
    endloop
  endfacet
  facet normal 0 1 -0
    outer loop
      vertex 15 44 55.25
      vertex 13 44 60.75
      vertex 15 44 60.75
    endloop
  endfacet
  facet normal 0 1 0
    outer loop
      vertex 13 44 60.75
      vertex 15 44 55.25
      vertex 13 44 55.25
    endloop
  endfacet
  facet normal 0 1 -0
    outer loop
      vertex 13 44 60.75
      vertex 8 44 69.25
      vertex 20 44 69.25
    endloop
  endfacet
  facet normal 0 1 0
    outer loop
      vertex 8 44 69.25
      vertex 13 44 60.75
      vertex 6 44 69.25
    endloop
  endfacet
  facet normal 0 1 0
    outer loop
      vertex 6 44 69.25
      vertex 1 44 60.75
      vertex -6 44 69.25
    endloop
  endfacet
  facet normal 0 1 -0
    outer loop
      vertex -1 44 60.75
      vertex -6 44 69.25
      vertex 1 44 60.75
    endloop
  endfacet
  facet normal 0 1 0
    outer loop
      vertex 15 44 60.75
      vertex 20 44 69.25
      vertex 20 44 60.75
    endloop
  endfacet
  facet normal 0 1 0
    outer loop
      vertex 13 44 60.75
      vertex 20 44 69.25
      vertex 15 44 60.75
    endloop
  endfacet
  facet normal 0 1 0
    outer loop
      vertex 6 44 69.25
      vertex 13 44 60.75
      vertex 1 44 60.75
    endloop
  endfacet
  facet normal 0 1 0
    outer loop
      vertex -6 44 69.25
      vertex -1 44 60.75
      vertex -8 44 69.25
    endloop
  endfacet
  facet normal 0 1 0
    outer loop
      vertex -13 44 60.75
      vertex -8 44 69.25
      vertex -1 44 60.75
    endloop
  endfacet
  facet normal 0 1 0
    outer loop
      vertex -8 44 69.25
      vertex -13 44 60.75
      vertex -20 44 69.25
    endloop
  endfacet
  facet normal 0 1 -0
    outer loop
      vertex -15 44 60.75
      vertex -20 44 69.25
      vertex -13 44 60.75
    endloop
  endfacet
  facet normal 0 1 0
    outer loop
      vertex -20 44 69.25
      vertex -15 44 60.75
      vertex -20 44 60.75
    endloop
  endfacet
  facet normal 0 1 -0
    outer loop
      vertex -6 44 69.25
      vertex -8 44 74.75
      vertex -6 44 74.75
    endloop
  endfacet
  facet normal 0 1 0
    outer loop
      vertex -8 44 74.75
      vertex -6 44 69.25
      vertex -8 44 69.25
    endloop
  endfacet
  facet normal 0 1 -0
    outer loop
      vertex 8 44 69.25
      vertex 6 44 74.75
      vertex 8 44 74.75
    endloop
  endfacet
  facet normal 0 1 0
    outer loop
      vertex 6 44 74.75
      vertex 8 44 69.25
      vertex 6 44 69.25
    endloop
  endfacet
  facet normal 0 1 -0
    outer loop
      vertex 20 44 74.75
      vertex 15 44 83.25
      vertex 20 44 83.25
    endloop
  endfacet
  facet normal 0 1 0
    outer loop
      vertex 15 44 83.25
      vertex 20 44 74.75
      vertex 13 44 83.25
    endloop
  endfacet
  facet normal 0 1 0
    outer loop
      vertex 13 44 83.25
      vertex 8 44 74.75
      vertex 1 44 83.25
    endloop
  endfacet
  facet normal 0 1 -0
    outer loop
      vertex 6 44 74.75
      vertex 1 44 83.25
      vertex 8 44 74.75
    endloop
  endfacet
  facet normal 0 1 0
    outer loop
      vertex -6 44 74.75
      vertex -1 44 83.25
      vertex 6 44 74.75
    endloop
  endfacet
  facet normal 0 1 0
    outer loop
      vertex -1 44 83.25
      vertex -6 44 74.75
      vertex -13 44 83.25
    endloop
  endfacet
  facet normal 0 1 0
    outer loop
      vertex 13 44 83.25
      vertex 20 44 74.75
      vertex 8 44 74.75
    endloop
  endfacet
  facet normal 0 1 0
    outer loop
      vertex 1 44 83.25
      vertex 6 44 74.75
      vertex -1 44 83.25
    endloop
  endfacet
  facet normal 0 1 -0
    outer loop
      vertex -8 44 74.75
      vertex -13 44 83.25
      vertex -6 44 74.75
    endloop
  endfacet
  facet normal 0 1 0
    outer loop
      vertex -13 44 83.25
      vertex -8 44 74.75
      vertex -15 44 83.25
    endloop
  endfacet
  facet normal 0 1 0
    outer loop
      vertex -20 44 74.75
      vertex -15 44 83.25
      vertex -8 44 74.75
    endloop
  endfacet
  facet normal 0 1 0
    outer loop
      vertex -15 44 83.25
      vertex -20 44 74.75
      vertex -20 44 83.25
    endloop
  endfacet
  facet normal 0 1 -0
    outer loop
      vertex -13 44 83.25
      vertex -15 44 88.75
      vertex -13 44 88.75
    endloop
  endfacet
  facet normal 0 1 0
    outer loop
      vertex -15 44 88.75
      vertex -13 44 83.25
      vertex -15 44 83.25
    endloop
  endfacet
  facet normal 0 1 -0
    outer loop
      vertex 1 44 83.25
      vertex -1 44 88.75
      vertex 1 44 88.75
    endloop
  endfacet
  facet normal 0 1 0
    outer loop
      vertex -1 44 88.75
      vertex 1 44 83.25
      vertex -1 44 83.25
    endloop
  endfacet
  facet normal 0 1 -0
    outer loop
      vertex 15 44 83.25
      vertex 13 44 88.75
      vertex 15 44 88.75
    endloop
  endfacet
  facet normal 0 1 0
    outer loop
      vertex 13 44 88.75
      vertex 15 44 83.25
      vertex 13 44 83.25
    endloop
  endfacet
  facet normal 0 1 -0
    outer loop
      vertex 13 44 88.75
      vertex 8 44 97.25
      vertex 16.4031 44 97.25
    endloop
  endfacet
  facet normal 0 1 0
    outer loop
      vertex 8 44 97.25
      vertex 13 44 88.75
      vertex 6 44 97.25
    endloop
  endfacet
  facet normal 0 1 0
    outer loop
      vertex 6 44 97.25
      vertex 1 44 88.75
      vertex -6 44 97.25
    endloop
  endfacet
  facet normal 0 1 -0
    outer loop
      vertex -1 44 88.75
      vertex -6 44 97.25
      vertex 1 44 88.75
    endloop
  endfacet
  facet normal 0 1 0
    outer loop
      vertex 13 44 88.75
      vertex 16.4031 44 97.25
      vertex 18.0194 44 94.6777
    endloop
  endfacet
  facet normal 0 1 0
    outer loop
      vertex -6 44 97.25
      vertex -1 44 88.75
      vertex -8 44 97.25
    endloop
  endfacet
  facet normal 0 1 0
    outer loop
      vertex 15 44 88.75
      vertex 18.0194 44 94.6777
      vertex 19.4986 44 90.4504
    endloop
  endfacet
  facet normal 0 1 0
    outer loop
      vertex -13 44 88.75
      vertex -8 44 97.25
      vertex -1 44 88.75
    endloop
  endfacet
  facet normal 0 1 0
    outer loop
      vertex 15 44 88.75
      vertex 19.4986 44 90.4504
      vertex 19.6901 44 88.75
    endloop
  endfacet
  facet normal 0 1 0
    outer loop
      vertex 18.0194 44 94.6777
      vertex 15 44 88.75
      vertex 13 44 88.75
    endloop
  endfacet
  facet normal 0 1 0
    outer loop
      vertex 6 44 97.25
      vertex 13 44 88.75
      vertex 1 44 88.75
    endloop
  endfacet
  facet normal 0 1 0
    outer loop
      vertex -8 44 97.25
      vertex -13 44 88.75
      vertex -16.4031 44 97.25
    endloop
  endfacet
  facet normal 0 1 0
    outer loop
      vertex -16.4031 44 97.25
      vertex -13 44 88.75
      vertex -18.0194 44 94.6777
    endloop
  endfacet
  facet normal 0 1 -0
    outer loop
      vertex -15 44 88.75
      vertex -18.0194 44 94.6777
      vertex -13 44 88.75
    endloop
  endfacet
  facet normal 0 1 0
    outer loop
      vertex -18.0194 44 94.6777
      vertex -15 44 88.75
      vertex -19.4986 44 90.4504
    endloop
  endfacet
  facet normal 0 1 0
    outer loop
      vertex -19.4986 44 90.4504
      vertex -15 44 88.75
      vertex -19.6901 44 88.75
    endloop
  endfacet
  facet normal 0 1 -0
    outer loop
      vertex -6 44 97.25
      vertex -8 44 102.75
      vertex -6 44 102.75
    endloop
  endfacet
  facet normal 0 1 0
    outer loop
      vertex -8 44 102.75
      vertex -6 44 97.25
      vertex -8 44 97.25
    endloop
  endfacet
  facet normal 0 1 -0
    outer loop
      vertex 8 44 97.25
      vertex 6 44 102.75
      vertex 8 44 102.75
    endloop
  endfacet
  facet normal 0 1 0
    outer loop
      vertex 6 44 102.75
      vertex 8 44 97.25
      vertex 6 44 97.25
    endloop
  endfacet
  facet normal 0 1 0
    outer loop
      vertex 6 44 102.75
      vertex 0 44 106
      vertex 4.45042 44 105.499
    endloop
  endfacet
  facet normal 0 1 -0
    outer loop
      vertex 6 44 102.75
      vertex 4.45042 44 105.499
      vertex 8.67767 44 104.019
    endloop
  endfacet
  facet normal 0 1 0
    outer loop
      vertex -6 44 102.75
      vertex 0 44 106
      vertex 6 44 102.75
    endloop
  endfacet
  facet normal 0 1 0
    outer loop
      vertex 8 44 102.75
      vertex 8.67767 44 104.019
      vertex 10.6979 44 102.75
    endloop
  endfacet
  facet normal 0 1 0
    outer loop
      vertex 6 44 102.75
      vertex 8.67767 44 104.019
      vertex 8 44 102.75
    endloop
  endfacet
  facet normal 0 1 0
    outer loop
      vertex 0 44 106
      vertex -6 44 102.75
      vertex -4.45042 44 105.499
    endloop
  endfacet
  facet normal 0 1 0
    outer loop
      vertex -4.45042 44 105.499
      vertex -6 44 102.75
      vertex -8.67767 44 104.019
    endloop
  endfacet
  facet normal 0 1 -0
    outer loop
      vertex -8 44 102.75
      vertex -8.67767 44 104.019
      vertex -6 44 102.75
    endloop
  endfacet
  facet normal 0 1 0
    outer loop
      vertex -8.67767 44 104.019
      vertex -8 44 102.75
      vertex -10.6979 44 102.75
    endloop
  endfacet
  facet normal 0.39839 -0.917216 0
    outer loop
      vertex 45.5396 -43.9258 0
      vertex 46.0392 -43.7088 160
      vertex 45.5396 -43.9258 160
    endloop
  endfacet
  facet normal 0.39839 -0.917216 0
    outer loop
      vertex 46.0392 -43.7088 160
      vertex 45.5396 -43.9258 0
      vertex 46.0392 -43.7088 0
    endloop
  endfacet
  facet normal -0.576662 -0.816983 0
    outer loop
      vertex -46.3651 -43.4617 0
      vertex -45.9201 -43.7758 160
      vertex -46.3651 -43.4617 160
    endloop
  endfacet
  facet normal -0.576662 -0.816983 -0
    outer loop
      vertex -45.9201 -43.7758 160
      vertex -46.3651 -43.4617 0
      vertex -45.9201 -43.7758 0
    endloop
  endfacet
  facet normal -0.990678 -0.136227 0
    outer loop
      vertex -46.9258 -42.5396 0
      vertex -47 -42 160
      vertex -47 -42 0
    endloop
  endfacet
  facet normal -0.990678 -0.136227 0
    outer loop
      vertex -47 -42 160
      vertex -46.9258 -42.5396 0
      vertex -46.9258 -42.5396 160
    endloop
  endfacet
  facet normal -0 0 1
    outer loop
      vertex 39 13 160
      vertex 47 -42 160
      vertex 47 42 160
    endloop
  endfacet
  facet normal 0 0 1
    outer loop
      vertex 45 44 160
      vertex 47 42 160
      vertex 46.9258 42.5396 160
    endloop
  endfacet
  facet normal -0 0 1
    outer loop
      vertex 39 -13 160
      vertex 47 -42 160
      vertex 39 13 160
    endloop
  endfacet
  facet normal 0 0 1
    outer loop
      vertex 45 44 160
      vertex 46.9258 42.5396 160
      vertex 46.7088 43.0392 160
    endloop
  endfacet
  facet normal 0 -0 1
    outer loop
      vertex 45 -44 160
      vertex 47 -42 160
      vertex 39 -13 160
    endloop
  endfacet
  facet normal 0 0 1
    outer loop
      vertex 45 44 160
      vertex 46.7088 43.0392 160
      vertex 46.3651 43.4617 160
    endloop
  endfacet
  facet normal 0 0 1
    outer loop
      vertex 47 -42 160
      vertex 45 -44 160
      vertex 46.9582 -42.4069 160
    endloop
  endfacet
  facet normal 0 0 1
    outer loop
      vertex 45 44 160
      vertex 46.3651 43.4617 160
      vertex 45.9201 43.7758 160
    endloop
  endfacet
  facet normal 0 0 1
    outer loop
      vertex 46.9582 -42.4069 160
      vertex 45 -44 160
      vertex 46.7758 -42.9201 160
    endloop
  endfacet
  facet normal 0 0 1
    outer loop
      vertex 45 44 160
      vertex 45.9201 43.7758 160
      vertex 45.4069 43.9582 160
    endloop
  endfacet
  facet normal 0 0 1
    outer loop
      vertex 47 42 160
      vertex 45 44 160
      vertex 39 13 160
    endloop
  endfacet
  facet normal 0 0 1
    outer loop
      vertex 46.7758 -42.9201 160
      vertex 45 -44 160
      vertex 46.4617 -43.3651 160
    endloop
  endfacet
  facet normal 0 0 1
    outer loop
      vertex 46.4617 -43.3651 160
      vertex 45 -44 160
      vertex 46.0392 -43.7088 160
    endloop
  endfacet
  facet normal 0 0 1
    outer loop
      vertex 45 44 160
      vertex -39 13 160
      vertex 39 13 160
    endloop
  endfacet
  facet normal -0 0 1
    outer loop
      vertex -47 42 160
      vertex -39 13 160
      vertex -45 44 160
    endloop
  endfacet
  facet normal -0 0 1
    outer loop
      vertex -45 44 160
      vertex -39 13 160
      vertex 45 44 160
    endloop
  endfacet
  facet normal 0 0 1
    outer loop
      vertex 46.0392 -43.7088 160
      vertex 45 -44 160
      vertex 45.5396 -43.9258 160
    endloop
  endfacet
  facet normal -0 0 1
    outer loop
      vertex -39 -13 160
      vertex 45 -44 160
      vertex 39 -13 160
    endloop
  endfacet
  facet normal 0 0 1
    outer loop
      vertex -39 -13 160
      vertex -45 -44 160
      vertex 45 -44 160
    endloop
  endfacet
  facet normal 0 0 1
    outer loop
      vertex -39 13 160
      vertex -47 42 160
      vertex -39 -13 160
    endloop
  endfacet
  facet normal 0 0 1
    outer loop
      vertex -39 -13 160
      vertex -47 -42 160
      vertex -45 -44 160
    endloop
  endfacet
  facet normal 0 0 1
    outer loop
      vertex -47 42 160
      vertex -45 44 160
      vertex -45.5396 43.9258 160
    endloop
  endfacet
  facet normal 0 0 1
    outer loop
      vertex -39 -13 160
      vertex -47 42 160
      vertex -47 -42 160
    endloop
  endfacet
  facet normal 0 0 1
    outer loop
      vertex -47 42 160
      vertex -45.5396 43.9258 160
      vertex -46.0392 43.7088 160
    endloop
  endfacet
  facet normal 0 0 1
    outer loop
      vertex -45 -44 160
      vertex -47 -42 160
      vertex -45.4069 -43.9582 160
    endloop
  endfacet
  facet normal 0 0 1
    outer loop
      vertex -47 42 160
      vertex -46.0392 43.7088 160
      vertex -46.4617 43.3651 160
    endloop
  endfacet
  facet normal 0 0 1
    outer loop
      vertex -45.4069 -43.9582 160
      vertex -47 -42 160
      vertex -45.9201 -43.7758 160
    endloop
  endfacet
  facet normal 0 0 1
    outer loop
      vertex -47 42 160
      vertex -46.4617 43.3651 160
      vertex -46.7758 42.9201 160
    endloop
  endfacet
  facet normal 0 0 1
    outer loop
      vertex -45.9201 -43.7758 160
      vertex -47 -42 160
      vertex -46.3651 -43.4617 160
    endloop
  endfacet
  facet normal 0 0 1
    outer loop
      vertex -47 42 160
      vertex -46.7758 42.9201 160
      vertex -46.9582 42.4069 160
    endloop
  endfacet
  facet normal 0 0 1
    outer loop
      vertex -46.3651 -43.4617 160
      vertex -47 -42 160
      vertex -46.7088 -43.0392 160
    endloop
  endfacet
  facet normal 0 0 1
    outer loop
      vertex -46.7088 -43.0392 160
      vertex -47 -42 160
      vertex -46.9258 -42.5396 160
    endloop
  endfacet
  facet normal -0.917216 -0.39839 0
    outer loop
      vertex -46.7088 -43.0392 0
      vertex -46.9258 -42.5396 160
      vertex -46.9258 -42.5396 0
    endloop
  endfacet
  facet normal -0.917216 -0.39839 0
    outer loop
      vertex -46.9258 -42.5396 160
      vertex -46.7088 -43.0392 0
      vertex -46.7088 -43.0392 160
    endloop
  endfacet
  facet normal -0.136227 0.990678 0
    outer loop
      vertex -45 44 0
      vertex -45.5396 43.9258 160
      vertex -45 44 160
    endloop
  endfacet
  facet normal -0.136227 0.990678 0
    outer loop
      vertex -45.5396 43.9258 160
      vertex -45 44 0
      vertex -45.5396 43.9258 0
    endloop
  endfacet
  facet normal 0.775738 0.631056 0
    outer loop
      vertex 46.7088 43.0392 160
      vertex 46.3651 43.4617 0
      vertex 46.3651 43.4617 160
    endloop
  endfacet
  facet normal 0.775738 0.631056 0
    outer loop
      vertex 46.3651 43.4617 0
      vertex 46.7088 43.0392 160
      vertex 46.7088 43.0392 0
    endloop
  endfacet
  facet normal 0 -1 0
    outer loop
      vertex -45 -44 0
      vertex 45 -44 160
      vertex -45 -44 160
    endloop
  endfacet
  facet normal 0 -1 -0
    outer loop
      vertex 45 -44 160
      vertex -45 -44 0
      vertex 45 -44 0
    endloop
  endfacet
  facet normal -0.10219 -0.994765 0
    outer loop
      vertex -45.4069 -43.9582 0
      vertex -45 -44 160
      vertex -45.4069 -43.9582 160
    endloop
  endfacet
  facet normal -0.10219 -0.994765 -0
    outer loop
      vertex -45 -44 160
      vertex -45.4069 -43.9582 0
      vertex -45 -44 0
    endloop
  endfacet
  facet normal -1 0 0
    outer loop
      vertex -47 39.6 25
      vertex -47 39.5513 134.304
      vertex -47 39.6 135
    endloop
  endfacet
  facet normal -1 0 0
    outer loop
      vertex -47 39.524 25.8682
      vertex -47 39.5513 134.304
      vertex -47 39.6 25
    endloop
  endfacet
  facet normal -1 0 0
    outer loop
      vertex -47 39.524 25.8682
      vertex -47 39.4063 133.622
      vertex -47 39.5513 134.304
    endloop
  endfacet
  facet normal -1 0 0
    outer loop
      vertex -47 39.3553 26.5451
      vertex -47 39.4063 133.622
      vertex -47 39.524 25.8682
    endloop
  endfacet
  facet normal -1 0 0
    outer loop
      vertex -47 39.3553 26.5451
      vertex -47 39.1677 132.966
      vertex -47 39.4063 133.622
    endloop
  endfacet
  facet normal -1 0 0
    outer loop
      vertex -47 39.094 27.1918
      vertex -47 39.1677 132.966
      vertex -47 39.3553 26.5451
    endloop
  endfacet
  facet normal -1 0 0
    outer loop
      vertex -47 39.094 27.1918
      vertex -47 38.8402 132.35
      vertex -47 39.1677 132.966
    endloop
  endfacet
  facet normal -1 0 0
    outer loop
      vertex -47 38.7452 27.796
      vertex -47 38.8402 132.35
      vertex -47 39.094 27.1918
    endloop
  endfacet
  facet normal -1 0 0
    outer loop
      vertex -47 38.7452 27.796
      vertex -47 38.4302 131.786
      vertex -47 38.8402 132.35
    endloop
  endfacet
  facet normal -1 0 0
    outer loop
      vertex -47 38.3157 28.3457
      vertex -47 38.4302 131.786
      vertex -47 38.7452 27.796
    endloop
  endfacet
  facet normal -1 0 0
    outer loop
      vertex -47 38.3157 28.3457
      vertex -47 37.9456 131.284
      vertex -47 38.4302 131.786
    endloop
  endfacet
  facet normal -1 0 0
    outer loop
      vertex -47 37.8139 28.8302
      vertex -47 37.9456 131.284
      vertex -47 38.3157 28.3457
    endloop
  endfacet
  facet normal -1 0 0
    outer loop
      vertex -47 37.8139 28.8302
      vertex -47 37.396 130.855
      vertex -47 37.9456 131.284
    endloop
  endfacet
  facet normal -1 0 0
    outer loop
      vertex -47 37.2496 29.2402
      vertex -47 37.396 130.855
      vertex -47 37.8139 28.8302
    endloop
  endfacet
  facet normal -1 0 0
    outer loop
      vertex -47 37.2496 29.2402
      vertex -47 36.7918 130.506
      vertex -47 37.396 130.855
    endloop
  endfacet
  facet normal -1 0 0
    outer loop
      vertex -47 36.6337 29.5677
      vertex -47 36.7918 130.506
      vertex -47 37.2496 29.2402
    endloop
  endfacet
  facet normal -1 0 0
    outer loop
      vertex -47 36.6337 29.5677
      vertex -47 36.1451 130.245
      vertex -47 36.7918 130.506
    endloop
  endfacet
  facet normal -1 0 0
    outer loop
      vertex -47 35.9782 29.8063
      vertex -47 36.1451 130.245
      vertex -47 36.6337 29.5677
    endloop
  endfacet
  facet normal -1 0 0
    outer loop
      vertex -47 35.9782 29.8063
      vertex -47 35.4682 130.076
      vertex -47 36.1451 130.245
    endloop
  endfacet
  facet normal -1 0 0
    outer loop
      vertex -47 35.2959 29.9513
      vertex -47 35.4682 130.076
      vertex -47 35.9782 29.8063
    endloop
  endfacet
  facet normal -1 0 0
    outer loop
      vertex -47 17.6 35.087
      vertex -47 35.2959 29.9513
      vertex -47 34.6 30
    endloop
  endfacet
  facet normal -1 0 0
    outer loop
      vertex -47 35.2959 29.9513
      vertex -47 17.6 35.087
      vertex -47 35.4682 130.076
    endloop
  endfacet
  facet normal -1 0 0
    outer loop
      vertex -47 17.6 35.087
      vertex -47 34.6 30
      vertex -47 22.7091 30
    endloop
  endfacet
  facet normal -1 0 0
    outer loop
      vertex -47 17.6 124.891
      vertex -47 35.4682 130.076
      vertex -47 17.6 35.087
    endloop
  endfacet
  facet normal -1 -0 0
    outer loop
      vertex -47 34.6 130
      vertex -47 17.6 124.891
      vertex -47 22.687 130
    endloop
  endfacet
  facet normal -1 0 0
    outer loop
      vertex -47 17.6 35.087
      vertex -47 22.7091 30
      vertex -47 22.4913 30.0095
    endloop
  endfacet
  facet normal -1 0 0
    outer loop
      vertex -47 22.687 130
      vertex -47 17.6 124.891
      vertex -47 22.5132 129.994
    endloop
  endfacet
  facet normal -1 0 0
    outer loop
      vertex -47 17.6061 34.9132
      vertex -47 22.4913 30.0095
      vertex -47 21.9275 30.0588
    endloop
  endfacet
  facet normal -1 0 0
    outer loop
      vertex -47 35.4682 130.076
      vertex -47 17.6 124.891
      vertex -47 34.6 130
    endloop
  endfacet
  facet normal -1 0 0
    outer loop
      vertex -47 17.6061 34.9132
      vertex -47 21.9275 30.0588
      vertex -47 21.5412 30.1235
    endloop
  endfacet
  facet normal -1 0 -0
    outer loop
      vertex -47 17.6095 125.109
      vertex -47 22.5132 129.994
      vertex -47 17.6 124.891
    endloop
  endfacet
  facet normal -1 0 0
    outer loop
      vertex -47 17.6061 34.9132
      vertex -47 21.5412 30.1235
      vertex -47 21.2243 30.2025
    endloop
  endfacet
  facet normal -1 0 0
    outer loop
      vertex -47 22.5132 129.994
      vertex -47 17.6095 125.109
      vertex -47 22.0782 129.964
    endloop
  endfacet
  facet normal -1 0 0
    outer loop
      vertex -47 17.6061 34.9132
      vertex -47 21.2243 30.2025
      vertex -47 20.893 30.3101
    endloop
  endfacet
  facet normal -1 0 0
    outer loop
      vertex -47 22.0782 129.964
      vertex -47 17.6095 125.109
      vertex -47 21.7334 129.915
    endloop
  endfacet
  facet normal -1 0 0
    outer loop
      vertex -47 17.6061 34.9132
      vertex -47 20.893 30.3101
      vertex -47 20.5701 30.4406
    endloop
  endfacet
  facet normal -1 0 0
    outer loop
      vertex -47 21.7334 129.915
      vertex -47 17.6095 125.109
      vertex -47 21.3927 129.843
    endloop
  endfacet
  facet normal -1 0 0
    outer loop
      vertex -47 17.6061 34.9132
      vertex -47 20.5701 30.4406
      vertex -47 20.2569 30.5933
    endloop
  endfacet
  facet normal -1 0 0
    outer loop
      vertex -47 21.3927 129.843
      vertex -47 17.6095 125.109
      vertex -47 21.0576 129.747
    endloop
  endfacet
  facet normal -1 0 0
    outer loop
      vertex -47 17.6061 34.9132
      vertex -47 20.2569 30.5933
      vertex -47 19.9552 30.7676
    endloop
  endfacet
  facet normal -1 0 0
    outer loop
      vertex -47 21.0576 129.747
      vertex -47 17.6095 125.109
      vertex -47 20.7305 129.627
    endloop
  endfacet
  facet normal -1 0 0
    outer loop
      vertex -47 17.6061 34.9132
      vertex -47 19.9552 30.7676
      vertex -47 19.6665 30.9623
    endloop
  endfacet
  facet normal -1 0 0
    outer loop
      vertex -47 20.7305 129.627
      vertex -47 17.6095 125.109
      vertex -47 20.4122 129.486
    endloop
  endfacet
  facet normal -1 0 0
    outer loop
      vertex -47 17.6061 34.9132
      vertex -47 19.6665 30.9623
      vertex -47 19.392 31.1767
    endloop
  endfacet
  facet normal -1 0 0
    outer loop
      vertex -47 20.4122 129.486
      vertex -47 17.6095 125.109
      vertex -47 20.1044 129.322
    endloop
  endfacet
  facet normal -1 0 0
    outer loop
      vertex -47 17.6061 34.9132
      vertex -47 19.392 31.1767
      vertex -47 19.133 31.4099
    endloop
  endfacet
  facet normal -1 0 0
    outer loop
      vertex -47 20.1044 129.322
      vertex -47 17.6095 125.109
      vertex -47 19.8092 129.138
    endloop
  endfacet
  facet normal -1 0 0
    outer loop
      vertex -47 17.6061 34.9132
      vertex -47 19.133 31.4099
      vertex -47 18.8911 31.6604
    endloop
  endfacet
  facet normal -1 0 0
    outer loop
      vertex -47 19.8092 129.138
      vertex -47 17.6095 125.109
      vertex -47 19.5273 128.933
    endloop
  endfacet
  facet normal -1 0 0
    outer loop
      vertex -47 17.6061 34.9132
      vertex -47 18.8911 31.6604
      vertex -47 18.6671 31.9274
    endloop
  endfacet
  facet normal -1 0 0
    outer loop
      vertex -47 19.5273 128.933
      vertex -47 17.6095 125.109
      vertex -47 19.2604 128.709
    endloop
  endfacet
  facet normal -1 0 0
    outer loop
      vertex -47 17.6061 34.9132
      vertex -47 18.6671 31.9274
      vertex -47 18.4623 32.2092
    endloop
  endfacet
  facet normal -1 0 0
    outer loop
      vertex -47 19.2604 128.709
      vertex -47 17.6095 125.109
      vertex -47 19.0099 128.467
    endloop
  endfacet
  facet normal -1 0 0
    outer loop
      vertex -47 17.6061 34.9132
      vertex -47 18.4623 32.2092
      vertex -47 18.2778 32.5044
    endloop
  endfacet
  facet normal -1 0 0
    outer loop
      vertex -47 19.0099 128.467
      vertex -47 17.6095 125.109
      vertex -47 18.7767 128.208
    endloop
  endfacet
  facet normal -1 0 0
    outer loop
      vertex -47 17.6061 34.9132
      vertex -47 18.2778 32.5044
      vertex -47 18.1142 32.8122
    endloop
  endfacet
  facet normal -1 0 -0
    outer loop
      vertex -47 17.6588 125.673
      vertex -47 18.7767 128.208
      vertex -47 17.6095 125.109
    endloop
  endfacet
  facet normal -1 0 0
    outer loop
      vertex -47 17.6061 34.9132
      vertex -47 18.1142 32.8122
      vertex -47 17.9725 33.1305
    endloop
  endfacet
  facet normal -1 0 0
    outer loop
      vertex -47 18.7767 128.208
      vertex -47 17.6588 125.673
      vertex -47 18.5623 127.934
    endloop
  endfacet
  facet normal -1 0 0
    outer loop
      vertex -47 17.6061 34.9132
      vertex -47 17.9725 33.1305
      vertex -47 17.8534 33.4576
    endloop
  endfacet
  facet normal -1 0 0
    outer loop
      vertex -47 18.5623 127.934
      vertex -47 17.6588 125.673
      vertex -47 18.3676 127.645
    endloop
  endfacet
  facet normal -1 0 0
    outer loop
      vertex -47 17.6061 34.9132
      vertex -47 17.8534 33.4576
      vertex -47 17.7574 33.7927
    endloop
  endfacet
  facet normal -1 0 0
    outer loop
      vertex -47 18.3676 127.645
      vertex -47 17.6588 125.673
      vertex -47 18.1933 127.343
    endloop
  endfacet
  facet normal -1 0 0
    outer loop
      vertex -47 17.6061 34.9132
      vertex -47 17.7574 33.7927
      vertex -47 17.6849 34.1334
    endloop
  endfacet
  facet normal -1 0 0
    outer loop
      vertex -47 18.1933 127.343
      vertex -47 17.6588 125.673
      vertex -47 18.0406 127.03
    endloop
  endfacet
  facet normal -1 0 0
    outer loop
      vertex -47 17.6061 34.9132
      vertex -47 17.6849 34.1334
      vertex -47 17.6365 34.4782
    endloop
  endfacet
  facet normal -1 0 0
    outer loop
      vertex -47 18.0406 127.03
      vertex -47 17.6588 125.673
      vertex -47 17.9101 126.707
    endloop
  endfacet
  facet normal -1 0 0
    outer loop
      vertex -47 22.4913 30.0095
      vertex -47 17.6061 34.9132
      vertex -47 17.6 35.087
    endloop
  endfacet
  facet normal -1 0 0
    outer loop
      vertex -47 17.9101 126.707
      vertex -47 17.6588 125.673
      vertex -47 17.8025 126.376
    endloop
  endfacet
  facet normal -1 0 0
    outer loop
      vertex -47 17.8025 126.376
      vertex -47 17.6588 125.673
      vertex -47 17.7235 126.059
    endloop
  endfacet
  facet normal -1 0 0
    outer loop
      vertex -47 39.6 25
      vertex -47 42 0
      vertex -47 39.6 10
    endloop
  endfacet
  facet normal -1 0 0
    outer loop
      vertex -47 42 0
      vertex -47 39.5513 9.30414
      vertex -47 39.6 10
    endloop
  endfacet
  facet normal -1 0 0
    outer loop
      vertex -47 42 0
      vertex -47 39.4063 8.62181
      vertex -47 39.5513 9.30414
    endloop
  endfacet
  facet normal -1 0 0
    outer loop
      vertex -47 42 0
      vertex -47 39.1677 7.96632
      vertex -47 39.4063 8.62181
    endloop
  endfacet
  facet normal -1 0 0
    outer loop
      vertex -47 42 0
      vertex -47 38.8402 7.3504
      vertex -47 39.1677 7.96632
    endloop
  endfacet
  facet normal -1 0 0
    outer loop
      vertex -47 42 0
      vertex -47 38.4302 6.78606
      vertex -47 38.8402 7.3504
    endloop
  endfacet
  facet normal -1 0 0
    outer loop
      vertex -47 42 0
      vertex -47 37.9456 6.28427
      vertex -47 38.4302 6.78606
    endloop
  endfacet
  facet normal -1 0 0
    outer loop
      vertex -47 42 0
      vertex -47 37.396 5.85481
      vertex -47 37.9456 6.28427
    endloop
  endfacet
  facet normal -1 0 0
    outer loop
      vertex -47 42 0
      vertex -47 36.7918 5.50603
      vertex -47 37.396 5.85481
    endloop
  endfacet
  facet normal -1 0 0
    outer loop
      vertex -47 42 0
      vertex -47 36.1451 5.24472
      vertex -47 36.7918 5.50603
    endloop
  endfacet
  facet normal -1 0 0
    outer loop
      vertex -47 42 0
      vertex -47 35.4682 5.07596
      vertex -47 36.1451 5.24472
    endloop
  endfacet
  facet normal -1 0 0
    outer loop
      vertex -47 42 0
      vertex -47 34.6 5
      vertex -47 35.4682 5.07596
    endloop
  endfacet
  facet normal -1 0 0
    outer loop
      vertex -47 42 0
      vertex -47 -34.6 5
      vertex -47 34.6 5
    endloop
  endfacet
  facet normal -1 0 0
    outer loop
      vertex -47 -42 0
      vertex -47 -39.6 25
      vertex -47 -39.6 10
    endloop
  endfacet
  facet normal -1 -0 0
    outer loop
      vertex -47 -39.6 25
      vertex -47 -42 0
      vertex -47 -39.6 135
    endloop
  endfacet
  facet normal -1 0 0
    outer loop
      vertex -47 -42 160
      vertex -47 -39.6 135
      vertex -47 -42 0
    endloop
  endfacet
  facet normal -1 -0 0
    outer loop
      vertex -47 -39.524 9.13176
      vertex -47 -42 0
      vertex -47 -39.6 10
    endloop
  endfacet
  facet normal -1 -0 0
    outer loop
      vertex -47 -39.3553 8.45491
      vertex -47 -42 0
      vertex -47 -39.524 9.13176
    endloop
  endfacet
  facet normal -1 -0 0
    outer loop
      vertex -47 -39.094 7.80815
      vertex -47 -42 0
      vertex -47 -39.3553 8.45491
    endloop
  endfacet
  facet normal -1 -0 0
    outer loop
      vertex -47 -38.7452 7.20404
      vertex -47 -42 0
      vertex -47 -39.094 7.80815
    endloop
  endfacet
  facet normal -1 -0 0
    outer loop
      vertex -47 -38.3157 6.65434
      vertex -47 -42 0
      vertex -47 -38.7452 7.20404
    endloop
  endfacet
  facet normal -1 -0 0
    outer loop
      vertex -47 -37.8139 6.16978
      vertex -47 -42 0
      vertex -47 -38.3157 6.65434
    endloop
  endfacet
  facet normal -1 -0 0
    outer loop
      vertex -47 -37.2496 5.75977
      vertex -47 -42 0
      vertex -47 -37.8139 6.16978
    endloop
  endfacet
  facet normal -1 -0 0
    outer loop
      vertex -47 -36.6337 5.43227
      vertex -47 -42 0
      vertex -47 -37.2496 5.75977
    endloop
  endfacet
  facet normal -1 -0 0
    outer loop
      vertex -47 -35.9782 5.1937
      vertex -47 -42 0
      vertex -47 -36.6337 5.43227
    endloop
  endfacet
  facet normal -1 -0 0
    outer loop
      vertex -47 -35.2959 5.04866
      vertex -47 -42 0
      vertex -47 -35.9782 5.1937
    endloop
  endfacet
  facet normal -1 -0 0
    outer loop
      vertex -47 -34.6 5
      vertex -47 -42 0
      vertex -47 -35.2959 5.04866
    endloop
  endfacet
  facet normal -1 0 0
    outer loop
      vertex -47 -42 0
      vertex -47 -34.6 5
      vertex -47 42 0
    endloop
  endfacet
  facet normal -1 0 0
    outer loop
      vertex -47 42 0
      vertex -47 39.6 25
      vertex -47 42 160
    endloop
  endfacet
  facet normal -1 0 0
    outer loop
      vertex -47 39.6 135
      vertex -47 42 160
      vertex -47 39.6 25
    endloop
  endfacet
  facet normal -1 0 0
    outer loop
      vertex -47 39.6 150
      vertex -47 42 160
      vertex -47 39.6 135
    endloop
  endfacet
  facet normal -1 0 0
    outer loop
      vertex -47 39.524 150.868
      vertex -47 42 160
      vertex -47 39.6 150
    endloop
  endfacet
  facet normal -1 0 0
    outer loop
      vertex -47 39.3553 151.545
      vertex -47 42 160
      vertex -47 39.524 150.868
    endloop
  endfacet
  facet normal -1 0 0
    outer loop
      vertex -47 39.094 152.192
      vertex -47 42 160
      vertex -47 39.3553 151.545
    endloop
  endfacet
  facet normal -1 0 0
    outer loop
      vertex -47 38.7452 152.796
      vertex -47 42 160
      vertex -47 39.094 152.192
    endloop
  endfacet
  facet normal -1 0 0
    outer loop
      vertex -47 38.3157 153.346
      vertex -47 42 160
      vertex -47 38.7452 152.796
    endloop
  endfacet
  facet normal -1 0 0
    outer loop
      vertex -47 37.8139 153.83
      vertex -47 42 160
      vertex -47 38.3157 153.346
    endloop
  endfacet
  facet normal -1 0 0
    outer loop
      vertex -47 37.2496 154.24
      vertex -47 42 160
      vertex -47 37.8139 153.83
    endloop
  endfacet
  facet normal -1 0 0
    outer loop
      vertex -47 36.6337 154.568
      vertex -47 42 160
      vertex -47 37.2496 154.24
    endloop
  endfacet
  facet normal -1 0 0
    outer loop
      vertex -47 35.9782 154.806
      vertex -47 42 160
      vertex -47 36.6337 154.568
    endloop
  endfacet
  facet normal -1 0 0
    outer loop
      vertex -47 35.2959 154.951
      vertex -47 42 160
      vertex -47 35.9782 154.806
    endloop
  endfacet
  facet normal -1 0 0
    outer loop
      vertex -47 34.6 155
      vertex -47 42 160
      vertex -47 35.2959 154.951
    endloop
  endfacet
  facet normal -1 0 0
    outer loop
      vertex -47 -34.6 155
      vertex -47 42 160
      vertex -47 34.6 155
    endloop
  endfacet
  facet normal -1 0 0
    outer loop
      vertex -47 -34.6 155
      vertex -47 -42 160
      vertex -47 42 160
    endloop
  endfacet
  facet normal -1 0 0
    outer loop
      vertex -47 -35.4682 154.924
      vertex -47 -42 160
      vertex -47 -34.6 155
    endloop
  endfacet
  facet normal -1 0 0
    outer loop
      vertex -47 -36.1451 154.755
      vertex -47 -42 160
      vertex -47 -35.4682 154.924
    endloop
  endfacet
  facet normal -1 0 0
    outer loop
      vertex -47 -36.7918 154.494
      vertex -47 -42 160
      vertex -47 -36.1451 154.755
    endloop
  endfacet
  facet normal -1 0 0
    outer loop
      vertex -47 -37.396 154.145
      vertex -47 -42 160
      vertex -47 -36.7918 154.494
    endloop
  endfacet
  facet normal -1 0 0
    outer loop
      vertex -47 -37.9456 153.716
      vertex -47 -42 160
      vertex -47 -37.396 154.145
    endloop
  endfacet
  facet normal -1 0 0
    outer loop
      vertex -47 -38.4302 153.214
      vertex -47 -42 160
      vertex -47 -37.9456 153.716
    endloop
  endfacet
  facet normal -1 0 0
    outer loop
      vertex -47 -38.8402 152.65
      vertex -47 -42 160
      vertex -47 -38.4302 153.214
    endloop
  endfacet
  facet normal -1 0 0
    outer loop
      vertex -47 -39.1677 152.034
      vertex -47 -42 160
      vertex -47 -38.8402 152.65
    endloop
  endfacet
  facet normal -1 0 0
    outer loop
      vertex -47 -39.4063 151.378
      vertex -47 -42 160
      vertex -47 -39.1677 152.034
    endloop
  endfacet
  facet normal -1 0 0
    outer loop
      vertex -47 -39.5513 150.696
      vertex -47 -42 160
      vertex -47 -39.4063 151.378
    endloop
  endfacet
  facet normal -1 0 0
    outer loop
      vertex -47 -39.6 150
      vertex -47 -42 160
      vertex -47 -39.5513 150.696
    endloop
  endfacet
  facet normal -1 0 0
    outer loop
      vertex -47 -39.6 135
      vertex -47 -42 160
      vertex -47 -39.6 150
    endloop
  endfacet
  facet normal -1 0 0
    outer loop
      vertex -47 -35.2959 130.049
      vertex -47 -17.6 124.913
      vertex -47 -17.6 35.1091
    endloop
  endfacet
  facet normal -1 0 0
    outer loop
      vertex -47 -22.687 30
      vertex -47 -17.6 35.1091
      vertex -47 -17.6095 34.8913
    endloop
  endfacet
  facet normal -1 -0 -0
    outer loop
      vertex -47 -34.6 130
      vertex -47 -17.6 124.913
      vertex -47 -35.2959 130.049
    endloop
  endfacet
  facet normal -1 0 0
    outer loop
      vertex -47 -22.5132 30.0061
      vertex -47 -17.6095 34.8913
      vertex -47 -17.6588 34.3275
    endloop
  endfacet
  facet normal -1 0 0
    outer loop
      vertex -47 -17.6 124.913
      vertex -47 -22.7091 130
      vertex -47 -17.6061 125.087
    endloop
  endfacet
  facet normal -1 0 0
    outer loop
      vertex -47 -22.5132 30.0061
      vertex -47 -17.6588 34.3275
      vertex -47 -17.7235 33.9412
    endloop
  endfacet
  facet normal -1 0 0
    outer loop
      vertex -47 -35.4682 29.924
      vertex -47 -17.6 35.1091
      vertex -47 -34.6 30
    endloop
  endfacet
  facet normal -1 0 0
    outer loop
      vertex -47 -22.5132 30.0061
      vertex -47 -17.7235 33.9412
      vertex -47 -17.8025 33.6244
    endloop
  endfacet
  facet normal -1 -0 -0
    outer loop
      vertex -47 -22.4913 129.99
      vertex -47 -17.6061 125.087
      vertex -47 -22.7091 130
    endloop
  endfacet
  facet normal -1 0 0
    outer loop
      vertex -47 -22.5132 30.0061
      vertex -47 -17.8025 33.6244
      vertex -47 -17.9101 33.293
    endloop
  endfacet
  facet normal -1 0 0
    outer loop
      vertex -47 -17.6061 125.087
      vertex -47 -22.4913 129.99
      vertex -47 -17.6365 125.522
    endloop
  endfacet
  facet normal -1 0 0
    outer loop
      vertex -47 -22.5132 30.0061
      vertex -47 -17.9101 33.293
      vertex -47 -18.0406 32.9701
    endloop
  endfacet
  facet normal -1 0 0
    outer loop
      vertex -47 -17.6365 125.522
      vertex -47 -22.4913 129.99
      vertex -47 -17.6849 125.867
    endloop
  endfacet
  facet normal -1 0 0
    outer loop
      vertex -47 -22.5132 30.0061
      vertex -47 -18.0406 32.9701
      vertex -47 -18.1933 32.6569
    endloop
  endfacet
  facet normal -1 0 0
    outer loop
      vertex -47 -17.6849 125.867
      vertex -47 -22.4913 129.99
      vertex -47 -17.7574 126.207
    endloop
  endfacet
  facet normal -1 0 0
    outer loop
      vertex -47 -22.5132 30.0061
      vertex -47 -18.1933 32.6569
      vertex -47 -18.3676 32.3552
    endloop
  endfacet
  facet normal -1 0 0
    outer loop
      vertex -47 -17.7574 126.207
      vertex -47 -22.4913 129.99
      vertex -47 -17.8534 126.542
    endloop
  endfacet
  facet normal -1 0 0
    outer loop
      vertex -47 -22.5132 30.0061
      vertex -47 -18.3676 32.3552
      vertex -47 -18.5623 32.0665
    endloop
  endfacet
  facet normal -1 0 0
    outer loop
      vertex -47 -17.8534 126.542
      vertex -47 -22.4913 129.99
      vertex -47 -17.9725 126.869
    endloop
  endfacet
  facet normal -1 0 0
    outer loop
      vertex -47 -22.5132 30.0061
      vertex -47 -18.5623 32.0665
      vertex -47 -18.7767 31.792
    endloop
  endfacet
  facet normal -1 0 0
    outer loop
      vertex -47 -17.9725 126.869
      vertex -47 -22.4913 129.99
      vertex -47 -18.1142 127.188
    endloop
  endfacet
  facet normal -1 0 0
    outer loop
      vertex -47 -22.5132 30.0061
      vertex -47 -18.7767 31.792
      vertex -47 -19.0099 31.5331
    endloop
  endfacet
  facet normal -1 0 0
    outer loop
      vertex -47 -18.1142 127.188
      vertex -47 -22.4913 129.99
      vertex -47 -18.2778 127.496
    endloop
  endfacet
  facet normal -1 0 0
    outer loop
      vertex -47 -22.5132 30.0061
      vertex -47 -19.0099 31.5331
      vertex -47 -19.2604 31.2911
    endloop
  endfacet
  facet normal -1 0 0
    outer loop
      vertex -47 -18.2778 127.496
      vertex -47 -22.4913 129.99
      vertex -47 -18.4623 127.791
    endloop
  endfacet
  facet normal -1 0 0
    outer loop
      vertex -47 -22.5132 30.0061
      vertex -47 -19.2604 31.2911
      vertex -47 -19.5273 31.0671
    endloop
  endfacet
  facet normal -1 0 0
    outer loop
      vertex -47 -18.4623 127.791
      vertex -47 -22.4913 129.99
      vertex -47 -18.6671 128.073
    endloop
  endfacet
  facet normal -1 0 0
    outer loop
      vertex -47 -22.5132 30.0061
      vertex -47 -19.5273 31.0671
      vertex -47 -19.8092 30.8624
    endloop
  endfacet
  facet normal -1 0 0
    outer loop
      vertex -47 -18.6671 128.073
      vertex -47 -22.4913 129.99
      vertex -47 -18.8911 128.34
    endloop
  endfacet
  facet normal -1 0 0
    outer loop
      vertex -47 -22.5132 30.0061
      vertex -47 -19.8092 30.8624
      vertex -47 -20.1044 30.6779
    endloop
  endfacet
  facet normal -1 0 0
    outer loop
      vertex -47 -18.8911 128.34
      vertex -47 -22.4913 129.99
      vertex -47 -19.133 128.59
    endloop
  endfacet
  facet normal -1 0 0
    outer loop
      vertex -47 -22.5132 30.0061
      vertex -47 -20.1044 30.6779
      vertex -47 -20.4122 30.5142
    endloop
  endfacet
  facet normal -1 0 0
    outer loop
      vertex -47 -19.133 128.59
      vertex -47 -22.4913 129.99
      vertex -47 -19.392 128.823
    endloop
  endfacet
  facet normal -1 0 0
    outer loop
      vertex -47 -22.5132 30.0061
      vertex -47 -20.4122 30.5142
      vertex -47 -20.7305 30.3725
    endloop
  endfacet
  facet normal -1 -0 -0
    outer loop
      vertex -47 -21.9275 129.941
      vertex -47 -19.392 128.823
      vertex -47 -22.4913 129.99
    endloop
  endfacet
  facet normal -1 0 0
    outer loop
      vertex -47 -22.5132 30.0061
      vertex -47 -20.7305 30.3725
      vertex -47 -21.0576 30.2534
    endloop
  endfacet
  facet normal -1 0 0
    outer loop
      vertex -47 -19.392 128.823
      vertex -47 -21.9275 129.941
      vertex -47 -19.6665 129.038
    endloop
  endfacet
  facet normal -1 0 0
    outer loop
      vertex -47 -22.5132 30.0061
      vertex -47 -21.0576 30.2534
      vertex -47 -21.3927 30.1574
    endloop
  endfacet
  facet normal -1 0 0
    outer loop
      vertex -47 -17.6 35.1091
      vertex -47 -22.687 30
      vertex -47 -34.6 30
    endloop
  endfacet
  facet normal -1 0 0
    outer loop
      vertex -47 -22.5132 30.0061
      vertex -47 -21.3927 30.1574
      vertex -47 -21.7334 30.0849
    endloop
  endfacet
  facet normal -1 0 0
    outer loop
      vertex -47 -20.2569 129.407
      vertex -47 -21.9275 129.941
      vertex -47 -20.5701 129.559
    endloop
  endfacet
  facet normal -1 0 0
    outer loop
      vertex -47 -22.5132 30.0061
      vertex -47 -21.7334 30.0849
      vertex -47 -22.0782 30.0365
    endloop
  endfacet
  facet normal -1 0 0
    outer loop
      vertex -47 -20.5701 129.559
      vertex -47 -21.9275 129.941
      vertex -47 -20.893 129.69
    endloop
  endfacet
  facet normal -1 0 0
    outer loop
      vertex -47 -17.6095 34.8913
      vertex -47 -22.5132 30.0061
      vertex -47 -22.687 30
    endloop
  endfacet
  facet normal -1 0 0
    outer loop
      vertex -47 -20.893 129.69
      vertex -47 -21.9275 129.941
      vertex -47 -21.2243 129.798
    endloop
  endfacet
  facet normal -1 0 0
    outer loop
      vertex -47 -21.2243 129.798
      vertex -47 -21.9275 129.941
      vertex -47 -21.5412 129.877
    endloop
  endfacet
  facet normal -1 0 0
    outer loop
      vertex -47 -19.6665 129.038
      vertex -47 -21.9275 129.941
      vertex -47 -19.9552 129.232
    endloop
  endfacet
  facet normal -1 0 0
    outer loop
      vertex -47 -19.9552 129.232
      vertex -47 -21.9275 129.941
      vertex -47 -20.2569 129.407
    endloop
  endfacet
  facet normal -1 -0 -0
    outer loop
      vertex -47 -22.7091 130
      vertex -47 -17.6 124.913
      vertex -47 -34.6 130
    endloop
  endfacet
  facet normal -1 -0 0
    outer loop
      vertex -47 -17.6 35.1091
      vertex -47 -35.4682 29.924
      vertex -47 -35.2959 130.049
    endloop
  endfacet
  facet normal -1 0 0
    outer loop
      vertex -47 -35.4682 29.924
      vertex -47 -35.9782 130.194
      vertex -47 -35.2959 130.049
    endloop
  endfacet
  facet normal -1 0 0
    outer loop
      vertex -47 -36.1451 29.7553
      vertex -47 -35.9782 130.194
      vertex -47 -35.4682 29.924
    endloop
  endfacet
  facet normal -1 0 0
    outer loop
      vertex -47 -36.1451 29.7553
      vertex -47 -36.6337 130.432
      vertex -47 -35.9782 130.194
    endloop
  endfacet
  facet normal -1 0 0
    outer loop
      vertex -47 -36.7918 29.494
      vertex -47 -36.6337 130.432
      vertex -47 -36.1451 29.7553
    endloop
  endfacet
  facet normal -1 0 0
    outer loop
      vertex -47 -36.7918 29.494
      vertex -47 -37.2496 130.76
      vertex -47 -36.6337 130.432
    endloop
  endfacet
  facet normal -1 0 0
    outer loop
      vertex -47 -37.396 29.1452
      vertex -47 -37.2496 130.76
      vertex -47 -36.7918 29.494
    endloop
  endfacet
  facet normal -1 0 0
    outer loop
      vertex -47 -37.396 29.1452
      vertex -47 -37.8139 131.17
      vertex -47 -37.2496 130.76
    endloop
  endfacet
  facet normal -1 0 0
    outer loop
      vertex -47 -37.9456 28.7157
      vertex -47 -37.8139 131.17
      vertex -47 -37.396 29.1452
    endloop
  endfacet
  facet normal -1 0 0
    outer loop
      vertex -47 -37.9456 28.7157
      vertex -47 -38.3157 131.654
      vertex -47 -37.8139 131.17
    endloop
  endfacet
  facet normal -1 0 0
    outer loop
      vertex -47 -38.4302 28.2139
      vertex -47 -38.3157 131.654
      vertex -47 -37.9456 28.7157
    endloop
  endfacet
  facet normal -1 0 0
    outer loop
      vertex -47 -38.4302 28.2139
      vertex -47 -38.7452 132.204
      vertex -47 -38.3157 131.654
    endloop
  endfacet
  facet normal -1 0 0
    outer loop
      vertex -47 -38.8402 27.6496
      vertex -47 -38.7452 132.204
      vertex -47 -38.4302 28.2139
    endloop
  endfacet
  facet normal -1 0 0
    outer loop
      vertex -47 -38.8402 27.6496
      vertex -47 -39.094 132.808
      vertex -47 -38.7452 132.204
    endloop
  endfacet
  facet normal -1 0 0
    outer loop
      vertex -47 -39.1677 27.0337
      vertex -47 -39.094 132.808
      vertex -47 -38.8402 27.6496
    endloop
  endfacet
  facet normal -1 0 0
    outer loop
      vertex -47 -39.1677 27.0337
      vertex -47 -39.3553 133.455
      vertex -47 -39.094 132.808
    endloop
  endfacet
  facet normal -1 0 0
    outer loop
      vertex -47 -39.4063 26.3782
      vertex -47 -39.3553 133.455
      vertex -47 -39.1677 27.0337
    endloop
  endfacet
  facet normal -1 0 0
    outer loop
      vertex -47 -39.4063 26.3782
      vertex -47 -39.524 134.132
      vertex -47 -39.3553 133.455
    endloop
  endfacet
  facet normal -1 0 0
    outer loop
      vertex -47 -39.5513 25.6959
      vertex -47 -39.524 134.132
      vertex -47 -39.4063 26.3782
    endloop
  endfacet
  facet normal -1 0 0
    outer loop
      vertex -47 -39.6 135
      vertex -47 -39.5513 25.6959
      vertex -47 -39.6 25
    endloop
  endfacet
  facet normal -1 0 0
    outer loop
      vertex -47 -39.5513 25.6959
      vertex -47 -39.6 135
      vertex -47 -39.524 134.132
    endloop
  endfacet
  facet normal 0 0 -1
    outer loop
      vertex 45 -44 0
      vertex 47 -42 0
      vertex 46.9582 -42.4069 0
    endloop
  endfacet
  facet normal -0 0 -1
    outer loop
      vertex 47 -42 0
      vertex 45 -44 0
      vertex 47 42 0
    endloop
  endfacet
  facet normal 0 0 -1
    outer loop
      vertex 45 -44 0
      vertex 46.9582 -42.4069 0
      vertex 46.7758 -42.9201 0
    endloop
  endfacet
  facet normal -0 0 -1
    outer loop
      vertex 47 42 0
      vertex 45 -44 0
      vertex 45 44 0
    endloop
  endfacet
  facet normal 0 0 -1
    outer loop
      vertex 45 -44 0
      vertex 46.7758 -42.9201 0
      vertex 46.4617 -43.3651 0
    endloop
  endfacet
  facet normal 0 0 -1
    outer loop
      vertex 47 42 0
      vertex 45 44 0
      vertex 46.9258 42.5396 0
    endloop
  endfacet
  facet normal 0 0 -1
    outer loop
      vertex 45 -44 0
      vertex 46.4617 -43.3651 0
      vertex 46.0392 -43.7088 0
    endloop
  endfacet
  facet normal 0 0 -1
    outer loop
      vertex 46.9258 42.5396 0
      vertex 45 44 0
      vertex 46.7088 43.0392 0
    endloop
  endfacet
  facet normal 0 0 -1
    outer loop
      vertex 45 -44 0
      vertex 46.0392 -43.7088 0
      vertex 45.5396 -43.9258 0
    endloop
  endfacet
  facet normal 0 0 -1
    outer loop
      vertex 46.7088 43.0392 0
      vertex 45 44 0
      vertex 46.3651 43.4617 0
    endloop
  endfacet
  facet normal 0 0 -1
    outer loop
      vertex 46.3651 43.4617 0
      vertex 45 44 0
      vertex 45.9201 43.7758 0
    endloop
  endfacet
  facet normal 0 0 -1
    outer loop
      vertex 45.9201 43.7758 0
      vertex 45 44 0
      vertex 45.4069 43.9582 0
    endloop
  endfacet
  facet normal 0 0 -1
    outer loop
      vertex -45 -44 0
      vertex 45 44 0
      vertex 45 -44 0
    endloop
  endfacet
  facet normal 0 0 -1
    outer loop
      vertex -45 -44 0
      vertex -45 44 0
      vertex 45 44 0
    endloop
  endfacet
  facet normal 0 0 -1
    outer loop
      vertex -47 -42 0
      vertex -45 -44 0
      vertex -45.4069 -43.9582 0
    endloop
  endfacet
  facet normal 0 0 -1
    outer loop
      vertex -45 -44 0
      vertex -47 -42 0
      vertex -45 44 0
    endloop
  endfacet
  facet normal 0 0 -1
    outer loop
      vertex -47 -42 0
      vertex -45.4069 -43.9582 0
      vertex -45.9201 -43.7758 0
    endloop
  endfacet
  facet normal 0 0 -1
    outer loop
      vertex -45 44 0
      vertex -47 -42 0
      vertex -47 42 0
    endloop
  endfacet
  facet normal 0 0 -1
    outer loop
      vertex -47 -42 0
      vertex -45.9201 -43.7758 0
      vertex -46.3651 -43.4617 0
    endloop
  endfacet
  facet normal 0 0 -1
    outer loop
      vertex -45 44 0
      vertex -47 42 0
      vertex -45.5396 43.9258 0
    endloop
  endfacet
  facet normal 0 0 -1
    outer loop
      vertex -47 -42 0
      vertex -46.3651 -43.4617 0
      vertex -46.7088 -43.0392 0
    endloop
  endfacet
  facet normal 0 0 -1
    outer loop
      vertex -45.5396 43.9258 0
      vertex -47 42 0
      vertex -46.0392 43.7088 0
    endloop
  endfacet
  facet normal 0 0 -1
    outer loop
      vertex -47 -42 0
      vertex -46.7088 -43.0392 0
      vertex -46.9258 -42.5396 0
    endloop
  endfacet
  facet normal 0 0 -1
    outer loop
      vertex -46.0392 43.7088 0
      vertex -47 42 0
      vertex -46.4617 43.3651 0
    endloop
  endfacet
  facet normal 0 0 -1
    outer loop
      vertex -46.4617 43.3651 0
      vertex -47 42 0
      vertex -46.7758 42.9201 0
    endloop
  endfacet
  facet normal 0 0 -1
    outer loop
      vertex -46.7758 42.9201 0
      vertex -47 42 0
      vertex -46.9582 42.4069 0
    endloop
  endfacet
  facet normal -0.775738 -0.631056 0
    outer loop
      vertex -46.3651 -43.4617 0
      vertex -46.7088 -43.0392 160
      vertex -46.7088 -43.0392 0
    endloop
  endfacet
  facet normal -0.775738 -0.631056 0
    outer loop
      vertex -46.7088 -43.0392 160
      vertex -46.3651 -43.4617 0
      vertex -46.3651 -43.4617 160
    endloop
  endfacet
  facet normal -0.631056 0.775738 0
    outer loop
      vertex -46.0392 43.7088 0
      vertex -46.4617 43.3651 160
      vertex -46.0392 43.7088 160
    endloop
  endfacet
  facet normal -0.631056 0.775738 0
    outer loop
      vertex -46.4617 43.3651 160
      vertex -46.0392 43.7088 0
      vertex -46.4617 43.3651 0
    endloop
  endfacet
  facet normal -0.39839 0.917216 0
    outer loop
      vertex -45.5396 43.9258 0
      vertex -46.0392 43.7088 160
      vertex -45.5396 43.9258 160
    endloop
  endfacet
  facet normal -0.39839 0.917216 0
    outer loop
      vertex -46.0392 43.7088 160
      vertex -45.5396 43.9258 0
      vertex -46.0392 43.7088 0
    endloop
  endfacet
  facet normal 0.136227 -0.990678 0
    outer loop
      vertex 45 -44 0
      vertex 45.5396 -43.9258 160
      vertex 45 -44 160
    endloop
  endfacet
  facet normal 0.136227 -0.990678 0
    outer loop
      vertex 45.5396 -43.9258 160
      vertex 45 -44 0
      vertex 45.5396 -43.9258 0
    endloop
  endfacet
  facet normal 0.942256 -0.334894 0
    outer loop
      vertex 46.7758 -42.9201 160
      vertex 46.9582 -42.4069 0
      vertex 46.9582 -42.4069 160
    endloop
  endfacet
  facet normal 0.942256 -0.334894 0
    outer loop
      vertex 46.9582 -42.4069 0
      vertex 46.7758 -42.9201 160
      vertex 46.7758 -42.9201 0
    endloop
  endfacet
  facet normal -0.334894 -0.942256 0
    outer loop
      vertex -45.9201 -43.7758 0
      vertex -45.4069 -43.9582 160
      vertex -45.9201 -43.7758 160
    endloop
  endfacet
  facet normal -0.334894 -0.942256 -0
    outer loop
      vertex -45.4069 -43.9582 160
      vertex -45.9201 -43.7758 0
      vertex -45.4069 -43.9582 0
    endloop
  endfacet
  facet normal -0.994765 0.10219 0
    outer loop
      vertex -47 42 0
      vertex -46.9582 42.4069 160
      vertex -46.9582 42.4069 0
    endloop
  endfacet
  facet normal -0.994765 0.10219 0
    outer loop
      vertex -46.9582 42.4069 160
      vertex -47 42 0
      vertex -47 42 160
    endloop
  endfacet
  facet normal -0.816983 0.576662 0
    outer loop
      vertex -46.7758 42.9201 0
      vertex -46.4617 43.3651 160
      vertex -46.4617 43.3651 0
    endloop
  endfacet
  facet normal -0.816983 0.576662 0
    outer loop
      vertex -46.4617 43.3651 160
      vertex -46.7758 42.9201 0
      vertex -46.7758 42.9201 160
    endloop
  endfacet
  facet normal 0.10219 0.994765 -0
    outer loop
      vertex 45.4069 43.9582 0
      vertex 45 44 160
      vertex 45.4069 43.9582 160
    endloop
  endfacet
  facet normal 0.10219 0.994765 0
    outer loop
      vertex 45 44 160
      vertex 45.4069 43.9582 0
      vertex 45 44 0
    endloop
  endfacet
  facet normal 1 -0 0
    outer loop
      vertex 47 39.5513 134.304
      vertex 47 39.6 25
      vertex 47 39.6 135
    endloop
  endfacet
  facet normal 1 0 0
    outer loop
      vertex 47 39.5513 134.304
      vertex 47 39.524 25.8682
      vertex 47 39.6 25
    endloop
  endfacet
  facet normal 1 -0 0
    outer loop
      vertex 47 39.4063 133.622
      vertex 47 39.524 25.8682
      vertex 47 39.5513 134.304
    endloop
  endfacet
  facet normal 1 0 0
    outer loop
      vertex 47 39.4063 133.622
      vertex 47 39.3553 26.5451
      vertex 47 39.524 25.8682
    endloop
  endfacet
  facet normal 1 -0 0
    outer loop
      vertex 47 39.1677 132.966
      vertex 47 39.3553 26.5451
      vertex 47 39.4063 133.622
    endloop
  endfacet
  facet normal 1 0 0
    outer loop
      vertex 47 39.1677 132.966
      vertex 47 39.094 27.1918
      vertex 47 39.3553 26.5451
    endloop
  endfacet
  facet normal 1 -0 0
    outer loop
      vertex 47 38.8402 132.35
      vertex 47 39.094 27.1918
      vertex 47 39.1677 132.966
    endloop
  endfacet
  facet normal 1 0 0
    outer loop
      vertex 47 38.8402 132.35
      vertex 47 38.7452 27.796
      vertex 47 39.094 27.1918
    endloop
  endfacet
  facet normal 1 -0 0
    outer loop
      vertex 47 38.4302 131.786
      vertex 47 38.7452 27.796
      vertex 47 38.8402 132.35
    endloop
  endfacet
  facet normal 1 0 0
    outer loop
      vertex 47 38.4302 131.786
      vertex 47 38.3157 28.3457
      vertex 47 38.7452 27.796
    endloop
  endfacet
  facet normal 1 -0 0
    outer loop
      vertex 47 37.9456 131.284
      vertex 47 38.3157 28.3457
      vertex 47 38.4302 131.786
    endloop
  endfacet
  facet normal 1 0 0
    outer loop
      vertex 47 37.9456 131.284
      vertex 47 37.8139 28.8302
      vertex 47 38.3157 28.3457
    endloop
  endfacet
  facet normal 1 -0 0
    outer loop
      vertex 47 37.396 130.855
      vertex 47 37.8139 28.8302
      vertex 47 37.9456 131.284
    endloop
  endfacet
  facet normal 1 0 0
    outer loop
      vertex 47 37.396 130.855
      vertex 47 37.2496 29.2402
      vertex 47 37.8139 28.8302
    endloop
  endfacet
  facet normal 1 -0 0
    outer loop
      vertex 47 36.7918 130.506
      vertex 47 37.2496 29.2402
      vertex 47 37.396 130.855
    endloop
  endfacet
  facet normal 1 0 0
    outer loop
      vertex 47 36.7918 130.506
      vertex 47 36.6337 29.5677
      vertex 47 37.2496 29.2402
    endloop
  endfacet
  facet normal 1 -0 0
    outer loop
      vertex 47 36.1451 130.245
      vertex 47 36.6337 29.5677
      vertex 47 36.7918 130.506
    endloop
  endfacet
  facet normal 1 0 0
    outer loop
      vertex 47 36.1451 130.245
      vertex 47 35.9782 29.8063
      vertex 47 36.6337 29.5677
    endloop
  endfacet
  facet normal 1 -0 0
    outer loop
      vertex 47 35.4682 130.076
      vertex 47 35.9782 29.8063
      vertex 47 36.1451 130.245
    endloop
  endfacet
  facet normal 1 0 0
    outer loop
      vertex 47 35.4682 130.076
      vertex 47 35.2959 29.9513
      vertex 47 35.9782 29.8063
    endloop
  endfacet
  facet normal 1 0 0
    outer loop
      vertex 47 17.6 124.891
      vertex 47 35.4682 130.076
      vertex 47 34.6 130
    endloop
  endfacet
  facet normal 1 0 0
    outer loop
      vertex 47 35.4682 130.076
      vertex 47 17.6 35.087
      vertex 47 35.2959 29.9513
    endloop
  endfacet
  facet normal 1 0 0
    outer loop
      vertex 47 35.2959 29.9513
      vertex 47 17.6 35.087
      vertex 47 34.6 30
    endloop
  endfacet
  facet normal 1 0 0
    outer loop
      vertex 47 17.6 124.891
      vertex 47 34.6 130
      vertex 47 22.687 130
    endloop
  endfacet
  facet normal 1 0 0
    outer loop
      vertex 47 17.6 124.891
      vertex 47 22.687 130
      vertex 47 22.5132 129.994
    endloop
  endfacet
  facet normal 1 0 0
    outer loop
      vertex 47 35.4682 130.076
      vertex 47 17.6 124.891
      vertex 47 17.6 35.087
    endloop
  endfacet
  facet normal 1 0 0
    outer loop
      vertex 47 17.6095 125.109
      vertex 47 22.5132 129.994
      vertex 47 22.0782 129.964
    endloop
  endfacet
  facet normal 1 0 0
    outer loop
      vertex 47 34.6 30
      vertex 47 17.6 35.087
      vertex 47 22.7091 30
    endloop
  endfacet
  facet normal 1 0 0
    outer loop
      vertex 47 17.6095 125.109
      vertex 47 22.0782 129.964
      vertex 47 21.7334 129.915
    endloop
  endfacet
  facet normal 1 0 0
    outer loop
      vertex 47 22.7091 30
      vertex 47 17.6 35.087
      vertex 47 22.4913 30.0095
    endloop
  endfacet
  facet normal 1 0 0
    outer loop
      vertex 47 17.6095 125.109
      vertex 47 21.7334 129.915
      vertex 47 21.3927 129.843
    endloop
  endfacet
  facet normal 1 -0 -0
    outer loop
      vertex 47 17.6061 34.9132
      vertex 47 22.4913 30.0095
      vertex 47 17.6 35.087
    endloop
  endfacet
  facet normal 1 0 0
    outer loop
      vertex 47 17.6095 125.109
      vertex 47 21.3927 129.843
      vertex 47 21.0576 129.747
    endloop
  endfacet
  facet normal 1 0 0
    outer loop
      vertex 47 22.4913 30.0095
      vertex 47 17.6061 34.9132
      vertex 47 21.9275 30.0588
    endloop
  endfacet
  facet normal 1 0 0
    outer loop
      vertex 47 17.6095 125.109
      vertex 47 21.0576 129.747
      vertex 47 20.7305 129.627
    endloop
  endfacet
  facet normal 1 0 0
    outer loop
      vertex 47 21.9275 30.0588
      vertex 47 17.6061 34.9132
      vertex 47 21.5412 30.1235
    endloop
  endfacet
  facet normal 1 0 0
    outer loop
      vertex 47 17.6095 125.109
      vertex 47 20.7305 129.627
      vertex 47 20.4122 129.486
    endloop
  endfacet
  facet normal 1 0 0
    outer loop
      vertex 47 21.5412 30.1235
      vertex 47 17.6061 34.9132
      vertex 47 21.2243 30.2025
    endloop
  endfacet
  facet normal 1 0 0
    outer loop
      vertex 47 17.6095 125.109
      vertex 47 20.4122 129.486
      vertex 47 20.1044 129.322
    endloop
  endfacet
  facet normal 1 0 0
    outer loop
      vertex 47 21.2243 30.2025
      vertex 47 17.6061 34.9132
      vertex 47 20.893 30.3101
    endloop
  endfacet
  facet normal 1 0 0
    outer loop
      vertex 47 17.6095 125.109
      vertex 47 20.1044 129.322
      vertex 47 19.8092 129.138
    endloop
  endfacet
  facet normal 1 0 0
    outer loop
      vertex 47 20.893 30.3101
      vertex 47 17.6061 34.9132
      vertex 47 20.5701 30.4406
    endloop
  endfacet
  facet normal 1 0 0
    outer loop
      vertex 47 17.6095 125.109
      vertex 47 19.8092 129.138
      vertex 47 19.5273 128.933
    endloop
  endfacet
  facet normal 1 0 0
    outer loop
      vertex 47 20.5701 30.4406
      vertex 47 17.6061 34.9132
      vertex 47 20.2569 30.5933
    endloop
  endfacet
  facet normal 1 0 0
    outer loop
      vertex 47 17.6095 125.109
      vertex 47 19.5273 128.933
      vertex 47 19.2604 128.709
    endloop
  endfacet
  facet normal 1 0 0
    outer loop
      vertex 47 20.2569 30.5933
      vertex 47 17.6061 34.9132
      vertex 47 19.9552 30.7676
    endloop
  endfacet
  facet normal 1 0 0
    outer loop
      vertex 47 17.6095 125.109
      vertex 47 19.2604 128.709
      vertex 47 19.0099 128.467
    endloop
  endfacet
  facet normal 1 0 0
    outer loop
      vertex 47 19.9552 30.7676
      vertex 47 17.6061 34.9132
      vertex 47 19.6665 30.9623
    endloop
  endfacet
  facet normal 1 0 0
    outer loop
      vertex 47 17.6095 125.109
      vertex 47 19.0099 128.467
      vertex 47 18.7767 128.208
    endloop
  endfacet
  facet normal 1 0 0
    outer loop
      vertex 47 19.6665 30.9623
      vertex 47 17.6061 34.9132
      vertex 47 19.392 31.1767
    endloop
  endfacet
  facet normal 1 0 0
    outer loop
      vertex 47 17.6588 125.673
      vertex 47 18.7767 128.208
      vertex 47 18.5623 127.934
    endloop
  endfacet
  facet normal 1 0 0
    outer loop
      vertex 47 19.392 31.1767
      vertex 47 17.6061 34.9132
      vertex 47 19.133 31.4099
    endloop
  endfacet
  facet normal 1 0 0
    outer loop
      vertex 47 17.6588 125.673
      vertex 47 18.5623 127.934
      vertex 47 18.3676 127.645
    endloop
  endfacet
  facet normal 1 0 0
    outer loop
      vertex 47 19.133 31.4099
      vertex 47 17.6061 34.9132
      vertex 47 18.8911 31.6604
    endloop
  endfacet
  facet normal 1 0 0
    outer loop
      vertex 47 17.6588 125.673
      vertex 47 18.3676 127.645
      vertex 47 18.1933 127.343
    endloop
  endfacet
  facet normal 1 0 0
    outer loop
      vertex 47 18.8911 31.6604
      vertex 47 17.6061 34.9132
      vertex 47 18.6671 31.9274
    endloop
  endfacet
  facet normal 1 0 0
    outer loop
      vertex 47 17.6588 125.673
      vertex 47 18.1933 127.343
      vertex 47 18.0406 127.03
    endloop
  endfacet
  facet normal 1 0 0
    outer loop
      vertex 47 18.6671 31.9274
      vertex 47 17.6061 34.9132
      vertex 47 18.4623 32.2092
    endloop
  endfacet
  facet normal 1 0 0
    outer loop
      vertex 47 17.6588 125.673
      vertex 47 18.0406 127.03
      vertex 47 17.9101 126.707
    endloop
  endfacet
  facet normal 1 0 0
    outer loop
      vertex 47 18.4623 32.2092
      vertex 47 17.6061 34.9132
      vertex 47 18.2778 32.5044
    endloop
  endfacet
  facet normal 1 0 0
    outer loop
      vertex 47 17.6588 125.673
      vertex 47 17.9101 126.707
      vertex 47 17.8025 126.376
    endloop
  endfacet
  facet normal 1 0 0
    outer loop
      vertex 47 18.2778 32.5044
      vertex 47 17.6061 34.9132
      vertex 47 18.1142 32.8122
    endloop
  endfacet
  facet normal 1 0 0
    outer loop
      vertex 47 17.6588 125.673
      vertex 47 17.8025 126.376
      vertex 47 17.7235 126.059
    endloop
  endfacet
  facet normal 1 0 0
    outer loop
      vertex 47 18.1142 32.8122
      vertex 47 17.6061 34.9132
      vertex 47 17.9725 33.1305
    endloop
  endfacet
  facet normal 1 0 0
    outer loop
      vertex 47 18.7767 128.208
      vertex 47 17.6588 125.673
      vertex 47 17.6095 125.109
    endloop
  endfacet
  facet normal 1 0 0
    outer loop
      vertex 47 17.9725 33.1305
      vertex 47 17.6061 34.9132
      vertex 47 17.8534 33.4576
    endloop
  endfacet
  facet normal 1 0 0
    outer loop
      vertex 47 22.5132 129.994
      vertex 47 17.6095 125.109
      vertex 47 17.6 124.891
    endloop
  endfacet
  facet normal 1 0 0
    outer loop
      vertex 47 17.8534 33.4576
      vertex 47 17.6061 34.9132
      vertex 47 17.7574 33.7927
    endloop
  endfacet
  facet normal 1 0 0
    outer loop
      vertex 47 17.7574 33.7927
      vertex 47 17.6061 34.9132
      vertex 47 17.6849 34.1334
    endloop
  endfacet
  facet normal 1 0 0
    outer loop
      vertex 47 17.6849 34.1334
      vertex 47 17.6061 34.9132
      vertex 47 17.6365 34.4782
    endloop
  endfacet
  facet normal 1 0 0
    outer loop
      vertex 47 39.6 135
      vertex 47 42 160
      vertex 47 39.6 150
    endloop
  endfacet
  facet normal 1 0 0
    outer loop
      vertex 47 42 160
      vertex 47 39.524 150.868
      vertex 47 39.6 150
    endloop
  endfacet
  facet normal 1 0 0
    outer loop
      vertex 47 42 160
      vertex 47 39.3553 151.545
      vertex 47 39.524 150.868
    endloop
  endfacet
  facet normal 1 0 0
    outer loop
      vertex 47 42 160
      vertex 47 39.094 152.192
      vertex 47 39.3553 151.545
    endloop
  endfacet
  facet normal 1 0 0
    outer loop
      vertex 47 42 160
      vertex 47 38.7452 152.796
      vertex 47 39.094 152.192
    endloop
  endfacet
  facet normal 1 0 0
    outer loop
      vertex 47 42 160
      vertex 47 38.3157 153.346
      vertex 47 38.7452 152.796
    endloop
  endfacet
  facet normal 1 0 0
    outer loop
      vertex 47 42 160
      vertex 47 37.8139 153.83
      vertex 47 38.3157 153.346
    endloop
  endfacet
  facet normal 1 0 0
    outer loop
      vertex 47 42 160
      vertex 47 37.2496 154.24
      vertex 47 37.8139 153.83
    endloop
  endfacet
  facet normal 1 0 0
    outer loop
      vertex 47 42 160
      vertex 47 36.6337 154.568
      vertex 47 37.2496 154.24
    endloop
  endfacet
  facet normal 1 0 0
    outer loop
      vertex 47 42 160
      vertex 47 35.9782 154.806
      vertex 47 36.6337 154.568
    endloop
  endfacet
  facet normal 1 0 0
    outer loop
      vertex 47 42 160
      vertex 47 35.2959 154.951
      vertex 47 35.9782 154.806
    endloop
  endfacet
  facet normal 1 0 0
    outer loop
      vertex 47 42 160
      vertex 47 34.6 155
      vertex 47 35.2959 154.951
    endloop
  endfacet
  facet normal 1 0 0
    outer loop
      vertex 47 42 160
      vertex 47 -34.6 155
      vertex 47 34.6 155
    endloop
  endfacet
  facet normal 1 0 0
    outer loop
      vertex 47 -42 160
      vertex 47 -39.6 135
      vertex 47 -39.6 150
    endloop
  endfacet
  facet normal 1 0 0
    outer loop
      vertex 47 -39.6 135
      vertex 47 -42 160
      vertex 47 -39.6 25
    endloop
  endfacet
  facet normal 1 0 0
    outer loop
      vertex 47 -42 0
      vertex 47 -39.6 25
      vertex 47 -42 160
    endloop
  endfacet
  facet normal 1 0 0
    outer loop
      vertex 47 -39.5513 150.696
      vertex 47 -42 160
      vertex 47 -39.6 150
    endloop
  endfacet
  facet normal 1 0 0
    outer loop
      vertex 47 -39.4063 151.378
      vertex 47 -42 160
      vertex 47 -39.5513 150.696
    endloop
  endfacet
  facet normal 1 0 0
    outer loop
      vertex 47 -39.1677 152.034
      vertex 47 -42 160
      vertex 47 -39.4063 151.378
    endloop
  endfacet
  facet normal 1 0 0
    outer loop
      vertex 47 -38.8402 152.65
      vertex 47 -42 160
      vertex 47 -39.1677 152.034
    endloop
  endfacet
  facet normal 1 0 0
    outer loop
      vertex 47 -38.4302 153.214
      vertex 47 -42 160
      vertex 47 -38.8402 152.65
    endloop
  endfacet
  facet normal 1 0 0
    outer loop
      vertex 47 -37.9456 153.716
      vertex 47 -42 160
      vertex 47 -38.4302 153.214
    endloop
  endfacet
  facet normal 1 0 0
    outer loop
      vertex 47 -37.396 154.145
      vertex 47 -42 160
      vertex 47 -37.9456 153.716
    endloop
  endfacet
  facet normal 1 0 0
    outer loop
      vertex 47 -36.7918 154.494
      vertex 47 -42 160
      vertex 47 -37.396 154.145
    endloop
  endfacet
  facet normal 1 0 0
    outer loop
      vertex 47 -36.1451 154.755
      vertex 47 -42 160
      vertex 47 -36.7918 154.494
    endloop
  endfacet
  facet normal 1 0 0
    outer loop
      vertex 47 -35.4682 154.924
      vertex 47 -42 160
      vertex 47 -36.1451 154.755
    endloop
  endfacet
  facet normal 1 0 0
    outer loop
      vertex 47 -34.6 155
      vertex 47 -42 160
      vertex 47 -35.4682 154.924
    endloop
  endfacet
  facet normal 1 -0 0
    outer loop
      vertex 47 -42 160
      vertex 47 -34.6 155
      vertex 47 42 160
    endloop
  endfacet
  facet normal 1 0 0
    outer loop
      vertex 47 42 160
      vertex 47 39.6 135
      vertex 47 42 0
    endloop
  endfacet
  facet normal 1 -0 0
    outer loop
      vertex 47 39.6 25
      vertex 47 42 0
      vertex 47 39.6 135
    endloop
  endfacet
  facet normal 1 -0 0
    outer loop
      vertex 47 39.6 10
      vertex 47 42 0
      vertex 47 39.6 25
    endloop
  endfacet
  facet normal 1 -0 0
    outer loop
      vertex 47 39.5513 9.30414
      vertex 47 42 0
      vertex 47 39.6 10
    endloop
  endfacet
  facet normal 1 -0 0
    outer loop
      vertex 47 39.4063 8.62181
      vertex 47 42 0
      vertex 47 39.5513 9.30414
    endloop
  endfacet
  facet normal 1 -0 0
    outer loop
      vertex 47 39.1677 7.96632
      vertex 47 42 0
      vertex 47 39.4063 8.62181
    endloop
  endfacet
  facet normal 1 -0 0
    outer loop
      vertex 47 38.8402 7.3504
      vertex 47 42 0
      vertex 47 39.1677 7.96632
    endloop
  endfacet
  facet normal 1 -0 0
    outer loop
      vertex 47 38.4302 6.78606
      vertex 47 42 0
      vertex 47 38.8402 7.3504
    endloop
  endfacet
  facet normal 1 -0 0
    outer loop
      vertex 47 37.9456 6.28427
      vertex 47 42 0
      vertex 47 38.4302 6.78606
    endloop
  endfacet
  facet normal 1 -0 0
    outer loop
      vertex 47 37.396 5.85481
      vertex 47 42 0
      vertex 47 37.9456 6.28427
    endloop
  endfacet
  facet normal 1 -0 0
    outer loop
      vertex 47 36.7918 5.50603
      vertex 47 42 0
      vertex 47 37.396 5.85481
    endloop
  endfacet
  facet normal 1 -0 0
    outer loop
      vertex 47 36.1451 5.24472
      vertex 47 42 0
      vertex 47 36.7918 5.50603
    endloop
  endfacet
  facet normal 1 -0 0
    outer loop
      vertex 47 35.4682 5.07596
      vertex 47 42 0
      vertex 47 36.1451 5.24472
    endloop
  endfacet
  facet normal 1 -0 0
    outer loop
      vertex 47 34.6 5
      vertex 47 42 0
      vertex 47 35.4682 5.07596
    endloop
  endfacet
  facet normal 1 -0 0
    outer loop
      vertex 47 -34.6 5
      vertex 47 42 0
      vertex 47 34.6 5
    endloop
  endfacet
  facet normal 1 0 0
    outer loop
      vertex 47 -34.6 5
      vertex 47 -42 0
      vertex 47 42 0
    endloop
  endfacet
  facet normal 1 0 0
    outer loop
      vertex 47 -35.2959 5.04866
      vertex 47 -42 0
      vertex 47 -34.6 5
    endloop
  endfacet
  facet normal 1 0 0
    outer loop
      vertex 47 -35.9782 5.1937
      vertex 47 -42 0
      vertex 47 -35.2959 5.04866
    endloop
  endfacet
  facet normal 1 0 0
    outer loop
      vertex 47 -36.6337 5.43227
      vertex 47 -42 0
      vertex 47 -35.9782 5.1937
    endloop
  endfacet
  facet normal 1 0 0
    outer loop
      vertex 47 -37.2496 5.75977
      vertex 47 -42 0
      vertex 47 -36.6337 5.43227
    endloop
  endfacet
  facet normal 1 0 0
    outer loop
      vertex 47 -37.8139 6.16978
      vertex 47 -42 0
      vertex 47 -37.2496 5.75977
    endloop
  endfacet
  facet normal 1 0 0
    outer loop
      vertex 47 -38.3157 6.65434
      vertex 47 -42 0
      vertex 47 -37.8139 6.16978
    endloop
  endfacet
  facet normal 1 0 0
    outer loop
      vertex 47 -38.7452 7.20404
      vertex 47 -42 0
      vertex 47 -38.3157 6.65434
    endloop
  endfacet
  facet normal 1 0 0
    outer loop
      vertex 47 -39.094 7.80815
      vertex 47 -42 0
      vertex 47 -38.7452 7.20404
    endloop
  endfacet
  facet normal 1 0 0
    outer loop
      vertex 47 -39.3553 8.45491
      vertex 47 -42 0
      vertex 47 -39.094 7.80815
    endloop
  endfacet
  facet normal 1 0 0
    outer loop
      vertex 47 -39.524 9.13176
      vertex 47 -42 0
      vertex 47 -39.3553 8.45491
    endloop
  endfacet
  facet normal 1 0 0
    outer loop
      vertex 47 -39.6 10
      vertex 47 -42 0
      vertex 47 -39.524 9.13176
    endloop
  endfacet
  facet normal 1 0 0
    outer loop
      vertex 47 -39.6 25
      vertex 47 -42 0
      vertex 47 -39.6 10
    endloop
  endfacet
  facet normal 1 0 0
    outer loop
      vertex 47 -22.7091 130
      vertex 47 -17.6 124.913
      vertex 47 -17.6061 125.087
    endloop
  endfacet
  facet normal 1 0 0
    outer loop
      vertex 47 -17.6 124.913
      vertex 47 -35.2959 130.049
      vertex 47 -17.6 35.1091
    endloop
  endfacet
  facet normal 1 0 0
    outer loop
      vertex 47 -22.4913 129.99
      vertex 47 -17.6061 125.087
      vertex 47 -17.6365 125.522
    endloop
  endfacet
  facet normal 1 0 0
    outer loop
      vertex 47 -17.6 124.913
      vertex 47 -34.6 130
      vertex 47 -35.2959 130.049
    endloop
  endfacet
  facet normal 1 0 0
    outer loop
      vertex 47 -22.4913 129.99
      vertex 47 -17.6365 125.522
      vertex 47 -17.6849 125.867
    endloop
  endfacet
  facet normal 1 0 0
    outer loop
      vertex 47 -35.4682 29.924
      vertex 47 -17.6 35.1091
      vertex 47 -35.2959 130.049
    endloop
  endfacet
  facet normal 1 0 0
    outer loop
      vertex 47 -22.4913 129.99
      vertex 47 -17.6849 125.867
      vertex 47 -17.7574 126.207
    endloop
  endfacet
  facet normal 1 0 0
    outer loop
      vertex 47 -17.6 35.1091
      vertex 47 -22.687 30
      vertex 47 -17.6095 34.8913
    endloop
  endfacet
  facet normal 1 0 0
    outer loop
      vertex 47 -22.4913 129.99
      vertex 47 -17.7574 126.207
      vertex 47 -17.8534 126.542
    endloop
  endfacet
  facet normal 1 0 -0
    outer loop
      vertex 47 -22.5132 30.0061
      vertex 47 -17.6095 34.8913
      vertex 47 -22.687 30
    endloop
  endfacet
  facet normal 1 0 0
    outer loop
      vertex 47 -22.4913 129.99
      vertex 47 -17.8534 126.542
      vertex 47 -17.9725 126.869
    endloop
  endfacet
  facet normal 1 0 0
    outer loop
      vertex 47 -17.6095 34.8913
      vertex 47 -22.5132 30.0061
      vertex 47 -17.6588 34.3275
    endloop
  endfacet
  facet normal 1 0 0
    outer loop
      vertex 47 -22.4913 129.99
      vertex 47 -17.9725 126.869
      vertex 47 -18.1142 127.188
    endloop
  endfacet
  facet normal 1 0 0
    outer loop
      vertex 47 -17.6588 34.3275
      vertex 47 -22.5132 30.0061
      vertex 47 -17.7235 33.9412
    endloop
  endfacet
  facet normal 1 0 0
    outer loop
      vertex 47 -22.4913 129.99
      vertex 47 -18.1142 127.188
      vertex 47 -18.2778 127.496
    endloop
  endfacet
  facet normal 1 0 0
    outer loop
      vertex 47 -17.7235 33.9412
      vertex 47 -22.5132 30.0061
      vertex 47 -17.8025 33.6244
    endloop
  endfacet
  facet normal 1 0 0
    outer loop
      vertex 47 -22.4913 129.99
      vertex 47 -18.2778 127.496
      vertex 47 -18.4623 127.791
    endloop
  endfacet
  facet normal 1 0 0
    outer loop
      vertex 47 -17.8025 33.6244
      vertex 47 -22.5132 30.0061
      vertex 47 -17.9101 33.293
    endloop
  endfacet
  facet normal 1 0 0
    outer loop
      vertex 47 -22.4913 129.99
      vertex 47 -18.4623 127.791
      vertex 47 -18.6671 128.073
    endloop
  endfacet
  facet normal 1 0 0
    outer loop
      vertex 47 -17.9101 33.293
      vertex 47 -22.5132 30.0061
      vertex 47 -18.0406 32.9701
    endloop
  endfacet
  facet normal 1 0 0
    outer loop
      vertex 47 -22.4913 129.99
      vertex 47 -18.6671 128.073
      vertex 47 -18.8911 128.34
    endloop
  endfacet
  facet normal 1 0 0
    outer loop
      vertex 47 -18.0406 32.9701
      vertex 47 -22.5132 30.0061
      vertex 47 -18.1933 32.6569
    endloop
  endfacet
  facet normal 1 0 0
    outer loop
      vertex 47 -22.4913 129.99
      vertex 47 -18.8911 128.34
      vertex 47 -19.133 128.59
    endloop
  endfacet
  facet normal 1 0 0
    outer loop
      vertex 47 -18.1933 32.6569
      vertex 47 -22.5132 30.0061
      vertex 47 -18.3676 32.3552
    endloop
  endfacet
  facet normal 1 0 0
    outer loop
      vertex 47 -22.4913 129.99
      vertex 47 -19.133 128.59
      vertex 47 -19.392 128.823
    endloop
  endfacet
  facet normal 1 0 0
    outer loop
      vertex 47 -18.3676 32.3552
      vertex 47 -22.5132 30.0061
      vertex 47 -18.5623 32.0665
    endloop
  endfacet
  facet normal 1 0 0
    outer loop
      vertex 47 -21.9275 129.941
      vertex 47 -19.392 128.823
      vertex 47 -19.6665 129.038
    endloop
  endfacet
  facet normal 1 0 0
    outer loop
      vertex 47 -18.5623 32.0665
      vertex 47 -22.5132 30.0061
      vertex 47 -18.7767 31.792
    endloop
  endfacet
  facet normal 1 0 0
    outer loop
      vertex 47 -21.9275 129.941
      vertex 47 -19.6665 129.038
      vertex 47 -19.9552 129.232
    endloop
  endfacet
  facet normal 1 0 0
    outer loop
      vertex 47 -18.7767 31.792
      vertex 47 -22.5132 30.0061
      vertex 47 -19.0099 31.5331
    endloop
  endfacet
  facet normal 1 0 0
    outer loop
      vertex 47 -21.9275 129.941
      vertex 47 -19.9552 129.232
      vertex 47 -20.2569 129.407
    endloop
  endfacet
  facet normal 1 0 0
    outer loop
      vertex 47 -19.0099 31.5331
      vertex 47 -22.5132 30.0061
      vertex 47 -19.2604 31.2911
    endloop
  endfacet
  facet normal 1 0 0
    outer loop
      vertex 47 -21.9275 129.941
      vertex 47 -20.2569 129.407
      vertex 47 -20.5701 129.559
    endloop
  endfacet
  facet normal 1 0 0
    outer loop
      vertex 47 -19.2604 31.2911
      vertex 47 -22.5132 30.0061
      vertex 47 -19.5273 31.0671
    endloop
  endfacet
  facet normal 1 0 0
    outer loop
      vertex 47 -21.9275 129.941
      vertex 47 -20.5701 129.559
      vertex 47 -20.893 129.69
    endloop
  endfacet
  facet normal 1 0 0
    outer loop
      vertex 47 -19.5273 31.0671
      vertex 47 -22.5132 30.0061
      vertex 47 -19.8092 30.8624
    endloop
  endfacet
  facet normal 1 0 0
    outer loop
      vertex 47 -21.9275 129.941
      vertex 47 -20.893 129.69
      vertex 47 -21.2243 129.798
    endloop
  endfacet
  facet normal 1 0 0
    outer loop
      vertex 47 -17.6 124.913
      vertex 47 -22.7091 130
      vertex 47 -34.6 130
    endloop
  endfacet
  facet normal 1 0 0
    outer loop
      vertex 47 -21.9275 129.941
      vertex 47 -21.2243 129.798
      vertex 47 -21.5412 129.877
    endloop
  endfacet
  facet normal 1 0 0
    outer loop
      vertex 47 -19.8092 30.8624
      vertex 47 -22.5132 30.0061
      vertex 47 -20.1044 30.6779
    endloop
  endfacet
  facet normal 1 0 0
    outer loop
      vertex 47 -19.392 128.823
      vertex 47 -21.9275 129.941
      vertex 47 -22.4913 129.99
    endloop
  endfacet
  facet normal 1 0 0
    outer loop
      vertex 47 -20.7305 30.3725
      vertex 47 -22.5132 30.0061
      vertex 47 -21.0576 30.2534
    endloop
  endfacet
  facet normal 1 0 0
    outer loop
      vertex 47 -17.6061 125.087
      vertex 47 -22.4913 129.99
      vertex 47 -22.7091 130
    endloop
  endfacet
  facet normal 1 0 0
    outer loop
      vertex 47 -21.0576 30.2534
      vertex 47 -22.5132 30.0061
      vertex 47 -21.3927 30.1574
    endloop
  endfacet
  facet normal 1 0 0
    outer loop
      vertex 47 -21.7334 30.0849
      vertex 47 -22.5132 30.0061
      vertex 47 -22.0782 30.0365
    endloop
  endfacet
  facet normal 1 0 0
    outer loop
      vertex 47 -21.3927 30.1574
      vertex 47 -22.5132 30.0061
      vertex 47 -21.7334 30.0849
    endloop
  endfacet
  facet normal 1 0 0
    outer loop
      vertex 47 -20.1044 30.6779
      vertex 47 -22.5132 30.0061
      vertex 47 -20.4122 30.5142
    endloop
  endfacet
  facet normal 1 0 0
    outer loop
      vertex 47 -20.4122 30.5142
      vertex 47 -22.5132 30.0061
      vertex 47 -20.7305 30.3725
    endloop
  endfacet
  facet normal 1 0 -0
    outer loop
      vertex 47 -22.687 30
      vertex 47 -17.6 35.1091
      vertex 47 -34.6 30
    endloop
  endfacet
  facet normal 1 0 0
    outer loop
      vertex 47 -17.6 35.1091
      vertex 47 -35.4682 29.924
      vertex 47 -34.6 30
    endloop
  endfacet
  facet normal 1 0 0
    outer loop
      vertex 47 -35.9782 130.194
      vertex 47 -35.4682 29.924
      vertex 47 -35.2959 130.049
    endloop
  endfacet
  facet normal 1 0 0
    outer loop
      vertex 47 -35.9782 130.194
      vertex 47 -36.1451 29.7553
      vertex 47 -35.4682 29.924
    endloop
  endfacet
  facet normal 1 0 0
    outer loop
      vertex 47 -36.6337 130.432
      vertex 47 -36.1451 29.7553
      vertex 47 -35.9782 130.194
    endloop
  endfacet
  facet normal 1 0 0
    outer loop
      vertex 47 -36.6337 130.432
      vertex 47 -36.7918 29.494
      vertex 47 -36.1451 29.7553
    endloop
  endfacet
  facet normal 1 0 0
    outer loop
      vertex 47 -37.2496 130.76
      vertex 47 -36.7918 29.494
      vertex 47 -36.6337 130.432
    endloop
  endfacet
  facet normal 1 0 0
    outer loop
      vertex 47 -37.2496 130.76
      vertex 47 -37.396 29.1452
      vertex 47 -36.7918 29.494
    endloop
  endfacet
  facet normal 1 0 0
    outer loop
      vertex 47 -37.8139 131.17
      vertex 47 -37.396 29.1452
      vertex 47 -37.2496 130.76
    endloop
  endfacet
  facet normal 1 0 0
    outer loop
      vertex 47 -37.8139 131.17
      vertex 47 -37.9456 28.7157
      vertex 47 -37.396 29.1452
    endloop
  endfacet
  facet normal 1 0 0
    outer loop
      vertex 47 -38.3157 131.654
      vertex 47 -37.9456 28.7157
      vertex 47 -37.8139 131.17
    endloop
  endfacet
  facet normal 1 0 0
    outer loop
      vertex 47 -38.3157 131.654
      vertex 47 -38.4302 28.2139
      vertex 47 -37.9456 28.7157
    endloop
  endfacet
  facet normal 1 0 0
    outer loop
      vertex 47 -38.7452 132.204
      vertex 47 -38.4302 28.2139
      vertex 47 -38.3157 131.654
    endloop
  endfacet
  facet normal 1 0 0
    outer loop
      vertex 47 -38.7452 132.204
      vertex 47 -38.8402 27.6496
      vertex 47 -38.4302 28.2139
    endloop
  endfacet
  facet normal 1 0 0
    outer loop
      vertex 47 -39.094 132.808
      vertex 47 -38.8402 27.6496
      vertex 47 -38.7452 132.204
    endloop
  endfacet
  facet normal 1 0 0
    outer loop
      vertex 47 -39.094 132.808
      vertex 47 -39.1677 27.0337
      vertex 47 -38.8402 27.6496
    endloop
  endfacet
  facet normal 1 0 0
    outer loop
      vertex 47 -39.3553 133.455
      vertex 47 -39.1677 27.0337
      vertex 47 -39.094 132.808
    endloop
  endfacet
  facet normal 1 0 0
    outer loop
      vertex 47 -39.3553 133.455
      vertex 47 -39.4063 26.3782
      vertex 47 -39.1677 27.0337
    endloop
  endfacet
  facet normal 1 0 0
    outer loop
      vertex 47 -39.524 134.132
      vertex 47 -39.4063 26.3782
      vertex 47 -39.3553 133.455
    endloop
  endfacet
  facet normal 1 0 0
    outer loop
      vertex 47 -39.524 134.132
      vertex 47 -39.5513 25.6959
      vertex 47 -39.4063 26.3782
    endloop
  endfacet
  facet normal 1 0 0
    outer loop
      vertex 47 -39.6 135
      vertex 47 -39.5513 25.6959
      vertex 47 -39.524 134.132
    endloop
  endfacet
  facet normal 1 0 0
    outer loop
      vertex 47 -39.5513 25.6959
      vertex 47 -39.6 135
      vertex 47 -39.6 25
    endloop
  endfacet
  facet normal -0.942256 0.334894 0
    outer loop
      vertex -46.9582 42.4069 0
      vertex -46.7758 42.9201 160
      vertex -46.7758 42.9201 0
    endloop
  endfacet
  facet normal -0.942256 0.334894 0
    outer loop
      vertex -46.7758 42.9201 160
      vertex -46.9582 42.4069 0
      vertex -46.9582 42.4069 160
    endloop
  endfacet
  facet normal 0.576662 0.816983 -0
    outer loop
      vertex 46.3651 43.4617 0
      vertex 45.9201 43.7758 160
      vertex 46.3651 43.4617 160
    endloop
  endfacet
  facet normal 0.576662 0.816983 0
    outer loop
      vertex 45.9201 43.7758 160
      vertex 46.3651 43.4617 0
      vertex 45.9201 43.7758 0
    endloop
  endfacet
  facet normal 0.917216 0.39839 0
    outer loop
      vertex 46.9258 42.5396 160
      vertex 46.7088 43.0392 0
      vertex 46.7088 43.0392 160
    endloop
  endfacet
  facet normal 0.917216 0.39839 0
    outer loop
      vertex 46.7088 43.0392 0
      vertex 46.9258 42.5396 160
      vertex 46.9258 42.5396 0
    endloop
  endfacet
  facet normal 0.990678 0.136227 0
    outer loop
      vertex 47 42 160
      vertex 46.9258 42.5396 0
      vertex 46.9258 42.5396 160
    endloop
  endfacet
  facet normal 0.990678 0.136227 0
    outer loop
      vertex 46.9258 42.5396 0
      vertex 47 42 160
      vertex 47 42 0
    endloop
  endfacet
  facet normal 0.994765 -0.10219 0
    outer loop
      vertex 46.9582 -42.4069 160
      vertex 47 -42 0
      vertex 47 -42 160
    endloop
  endfacet
  facet normal 0.994765 -0.10219 0
    outer loop
      vertex 47 -42 0
      vertex 46.9582 -42.4069 160
      vertex 46.9582 -42.4069 0
    endloop
  endfacet
  facet normal 0.334894 0.942256 -0
    outer loop
      vertex 45.9201 43.7758 0
      vertex 45.4069 43.9582 160
      vertex 45.9201 43.7758 160
    endloop
  endfacet
  facet normal 0.334894 0.942256 0
    outer loop
      vertex 45.4069 43.9582 160
      vertex 45.9201 43.7758 0
      vertex 45.4069 43.9582 0
    endloop
  endfacet
  facet normal -1 0 0
    outer loop
      vertex -34 44 13.25
      vertex -34 45.5 18.75
      vertex -34 45.5 13.25
    endloop
  endfacet
  facet normal -1 -0 0
    outer loop
      vertex -34 45.5 18.75
      vertex -34 44 13.25
      vertex -34 44 18.75
    endloop
  endfacet
  facet normal -0 0 1
    outer loop
      vertex -34 45.5 18.75
      vertex -22 44 18.75
      vertex -22 45.5 18.75
    endloop
  endfacet
  facet normal 0 0 1
    outer loop
      vertex -22 44 18.75
      vertex -34 45.5 18.75
      vertex -34 44 18.75
    endloop
  endfacet
  facet normal 1 -0 0
    outer loop
      vertex -22 44 18.75
      vertex -22 45.5 13.25
      vertex -22 45.5 18.75
    endloop
  endfacet
  facet normal 1 0 0
    outer loop
      vertex -22 45.5 13.25
      vertex -22 44 18.75
      vertex -22 44 13.25
    endloop
  endfacet
  facet normal 0 1 -0
    outer loop
      vertex -22 45.5 13.25
      vertex -34 45.5 18.75
      vertex -22 45.5 18.75
    endloop
  endfacet
  facet normal 0 1 0
    outer loop
      vertex -34 45.5 18.75
      vertex -22 45.5 13.25
      vertex -34 45.5 13.25
    endloop
  endfacet
  facet normal 0 0 -1
    outer loop
      vertex -34 44 13.25
      vertex -22 45.5 13.25
      vertex -22 44 13.25
    endloop
  endfacet
  facet normal -0 0 -1
    outer loop
      vertex -22 45.5 13.25
      vertex -34 44 13.25
      vertex -34 45.5 13.25
    endloop
  endfacet
  facet normal -1 0 0
    outer loop
      vertex -20 44 13.25
      vertex -20 45.5 18.75
      vertex -20 45.5 13.25
    endloop
  endfacet
  facet normal -1 -0 0
    outer loop
      vertex -20 45.5 18.75
      vertex -20 44 13.25
      vertex -20 44 18.75
    endloop
  endfacet
  facet normal -0 0 1
    outer loop
      vertex -20 45.5 18.75
      vertex -8 44 18.75
      vertex -8 45.5 18.75
    endloop
  endfacet
  facet normal 0 0 1
    outer loop
      vertex -8 44 18.75
      vertex -20 45.5 18.75
      vertex -20 44 18.75
    endloop
  endfacet
  facet normal 1 -0 0
    outer loop
      vertex -8 44 18.75
      vertex -8 45.5 13.25
      vertex -8 45.5 18.75
    endloop
  endfacet
  facet normal 1 0 0
    outer loop
      vertex -8 45.5 13.25
      vertex -8 44 18.75
      vertex -8 44 13.25
    endloop
  endfacet
  facet normal 0 1 -0
    outer loop
      vertex -8 45.5 13.25
      vertex -20 45.5 18.75
      vertex -8 45.5 18.75
    endloop
  endfacet
  facet normal 0 1 0
    outer loop
      vertex -20 45.5 18.75
      vertex -8 45.5 13.25
      vertex -20 45.5 13.25
    endloop
  endfacet
  facet normal 0 0 -1
    outer loop
      vertex -20 44 13.25
      vertex -8 45.5 13.25
      vertex -8 44 13.25
    endloop
  endfacet
  facet normal -0 0 -1
    outer loop
      vertex -8 45.5 13.25
      vertex -20 44 13.25
      vertex -20 45.5 13.25
    endloop
  endfacet
  facet normal -1 0 0
    outer loop
      vertex -6 44 13.25
      vertex -6 45.5 18.75
      vertex -6 45.5 13.25
    endloop
  endfacet
  facet normal -1 -0 0
    outer loop
      vertex -6 45.5 18.75
      vertex -6 44 13.25
      vertex -6 44 18.75
    endloop
  endfacet
  facet normal -0 0 1
    outer loop
      vertex -6 45.5 18.75
      vertex 6 44 18.75
      vertex 6 45.5 18.75
    endloop
  endfacet
  facet normal 0 0 1
    outer loop
      vertex 6 44 18.75
      vertex -6 45.5 18.75
      vertex -6 44 18.75
    endloop
  endfacet
  facet normal 1 -0 0
    outer loop
      vertex 6 44 18.75
      vertex 6 45.5 13.25
      vertex 6 45.5 18.75
    endloop
  endfacet
  facet normal 1 0 0
    outer loop
      vertex 6 45.5 13.25
      vertex 6 44 18.75
      vertex 6 44 13.25
    endloop
  endfacet
  facet normal 0 1 -0
    outer loop
      vertex 6 45.5 13.25
      vertex -6 45.5 18.75
      vertex 6 45.5 18.75
    endloop
  endfacet
  facet normal 0 1 0
    outer loop
      vertex -6 45.5 18.75
      vertex 6 45.5 13.25
      vertex -6 45.5 13.25
    endloop
  endfacet
  facet normal 0 0 -1
    outer loop
      vertex -6 44 13.25
      vertex 6 45.5 13.25
      vertex 6 44 13.25
    endloop
  endfacet
  facet normal -0 0 -1
    outer loop
      vertex 6 45.5 13.25
      vertex -6 44 13.25
      vertex -6 45.5 13.25
    endloop
  endfacet
  facet normal -1 0 0
    outer loop
      vertex 8 44 13.25
      vertex 8 45.5 18.75
      vertex 8 45.5 13.25
    endloop
  endfacet
  facet normal -1 -0 0
    outer loop
      vertex 8 45.5 18.75
      vertex 8 44 13.25
      vertex 8 44 18.75
    endloop
  endfacet
  facet normal -0 0 1
    outer loop
      vertex 8 45.5 18.75
      vertex 20 44 18.75
      vertex 20 45.5 18.75
    endloop
  endfacet
  facet normal 0 0 1
    outer loop
      vertex 20 44 18.75
      vertex 8 45.5 18.75
      vertex 8 44 18.75
    endloop
  endfacet
  facet normal 1 -0 0
    outer loop
      vertex 20 44 18.75
      vertex 20 45.5 13.25
      vertex 20 45.5 18.75
    endloop
  endfacet
  facet normal 1 0 0
    outer loop
      vertex 20 45.5 13.25
      vertex 20 44 18.75
      vertex 20 44 13.25
    endloop
  endfacet
  facet normal 0 1 -0
    outer loop
      vertex 20 45.5 13.25
      vertex 8 45.5 18.75
      vertex 20 45.5 18.75
    endloop
  endfacet
  facet normal 0 1 0
    outer loop
      vertex 8 45.5 18.75
      vertex 20 45.5 13.25
      vertex 8 45.5 13.25
    endloop
  endfacet
  facet normal 0 0 -1
    outer loop
      vertex 8 44 13.25
      vertex 20 45.5 13.25
      vertex 20 44 13.25
    endloop
  endfacet
  facet normal -0 0 -1
    outer loop
      vertex 20 45.5 13.25
      vertex 8 44 13.25
      vertex 8 45.5 13.25
    endloop
  endfacet
  facet normal -1 0 0
    outer loop
      vertex 22 44 13.25
      vertex 22 45.5 18.75
      vertex 22 45.5 13.25
    endloop
  endfacet
  facet normal -1 -0 0
    outer loop
      vertex 22 45.5 18.75
      vertex 22 44 13.25
      vertex 22 44 18.75
    endloop
  endfacet
  facet normal -0 0 1
    outer loop
      vertex 22 45.5 18.75
      vertex 34 44 18.75
      vertex 34 45.5 18.75
    endloop
  endfacet
  facet normal 0 0 1
    outer loop
      vertex 34 44 18.75
      vertex 22 45.5 18.75
      vertex 22 44 18.75
    endloop
  endfacet
  facet normal 1 -0 0
    outer loop
      vertex 34 44 18.75
      vertex 34 45.5 13.25
      vertex 34 45.5 18.75
    endloop
  endfacet
  facet normal 1 0 0
    outer loop
      vertex 34 45.5 13.25
      vertex 34 44 18.75
      vertex 34 44 13.25
    endloop
  endfacet
  facet normal 0 0 -1
    outer loop
      vertex 22 44 13.25
      vertex 34 45.5 13.25
      vertex 34 44 13.25
    endloop
  endfacet
  facet normal -0 0 -1
    outer loop
      vertex 34 45.5 13.25
      vertex 22 44 13.25
      vertex 22 45.5 13.25
    endloop
  endfacet
  facet normal 0 1 -0
    outer loop
      vertex 34 45.5 13.25
      vertex 22 45.5 18.75
      vertex 34 45.5 18.75
    endloop
  endfacet
  facet normal 0 1 0
    outer loop
      vertex 22 45.5 18.75
      vertex 34 45.5 13.25
      vertex 22 45.5 13.25
    endloop
  endfacet
  facet normal -1 0 0
    outer loop
      vertex -27 44 27.25
      vertex -27 45.5 32.75
      vertex -27 45.5 27.25
    endloop
  endfacet
  facet normal -1 -0 0
    outer loop
      vertex -27 45.5 32.75
      vertex -27 44 27.25
      vertex -27 44 32.75
    endloop
  endfacet
  facet normal -0 0 1
    outer loop
      vertex -27 45.5 32.75
      vertex -15 44 32.75
      vertex -15 45.5 32.75
    endloop
  endfacet
  facet normal 0 0 1
    outer loop
      vertex -15 44 32.75
      vertex -27 45.5 32.75
      vertex -27 44 32.75
    endloop
  endfacet
  facet normal 1 -0 0
    outer loop
      vertex -15 44 32.75
      vertex -15 45.5 27.25
      vertex -15 45.5 32.75
    endloop
  endfacet
  facet normal 1 0 0
    outer loop
      vertex -15 45.5 27.25
      vertex -15 44 32.75
      vertex -15 44 27.25
    endloop
  endfacet
  facet normal 0 0 -1
    outer loop
      vertex -27 44 27.25
      vertex -15 45.5 27.25
      vertex -15 44 27.25
    endloop
  endfacet
  facet normal -0 0 -1
    outer loop
      vertex -15 45.5 27.25
      vertex -27 44 27.25
      vertex -27 45.5 27.25
    endloop
  endfacet
  facet normal 0 1 -0
    outer loop
      vertex -15 45.5 27.25
      vertex -27 45.5 32.75
      vertex -15 45.5 32.75
    endloop
  endfacet
  facet normal 0 1 0
    outer loop
      vertex -27 45.5 32.75
      vertex -15 45.5 27.25
      vertex -27 45.5 27.25
    endloop
  endfacet
  facet normal -1 0 0
    outer loop
      vertex -13 44 27.25
      vertex -13 45.5 32.75
      vertex -13 45.5 27.25
    endloop
  endfacet
  facet normal -1 -0 0
    outer loop
      vertex -13 45.5 32.75
      vertex -13 44 27.25
      vertex -13 44 32.75
    endloop
  endfacet
  facet normal -0 0 1
    outer loop
      vertex -13 45.5 32.75
      vertex -1 44 32.75
      vertex -1 45.5 32.75
    endloop
  endfacet
  facet normal 0 0 1
    outer loop
      vertex -1 44 32.75
      vertex -13 45.5 32.75
      vertex -13 44 32.75
    endloop
  endfacet
  facet normal 1 -0 0
    outer loop
      vertex -1 44 32.75
      vertex -1 45.5 27.25
      vertex -1 45.5 32.75
    endloop
  endfacet
  facet normal 1 0 0
    outer loop
      vertex -1 45.5 27.25
      vertex -1 44 32.75
      vertex -1 44 27.25
    endloop
  endfacet
  facet normal 0 0 -1
    outer loop
      vertex -13 44 27.25
      vertex -1 45.5 27.25
      vertex -1 44 27.25
    endloop
  endfacet
  facet normal -0 0 -1
    outer loop
      vertex -1 45.5 27.25
      vertex -13 44 27.25
      vertex -13 45.5 27.25
    endloop
  endfacet
  facet normal 0 1 -0
    outer loop
      vertex -1 45.5 27.25
      vertex -13 45.5 32.75
      vertex -1 45.5 32.75
    endloop
  endfacet
  facet normal 0 1 0
    outer loop
      vertex -13 45.5 32.75
      vertex -1 45.5 27.25
      vertex -13 45.5 27.25
    endloop
  endfacet
  facet normal -1 0 0
    outer loop
      vertex 1 44 27.25
      vertex 1 45.5 32.75
      vertex 1 45.5 27.25
    endloop
  endfacet
  facet normal -1 -0 0
    outer loop
      vertex 1 45.5 32.75
      vertex 1 44 27.25
      vertex 1 44 32.75
    endloop
  endfacet
  facet normal -0 0 1
    outer loop
      vertex 1 45.5 32.75
      vertex 13 44 32.75
      vertex 13 45.5 32.75
    endloop
  endfacet
  facet normal 0 0 1
    outer loop
      vertex 13 44 32.75
      vertex 1 45.5 32.75
      vertex 1 44 32.75
    endloop
  endfacet
  facet normal 1 -0 0
    outer loop
      vertex 13 44 32.75
      vertex 13 45.5 27.25
      vertex 13 45.5 32.75
    endloop
  endfacet
  facet normal 1 0 0
    outer loop
      vertex 13 45.5 27.25
      vertex 13 44 32.75
      vertex 13 44 27.25
    endloop
  endfacet
  facet normal 0 1 -0
    outer loop
      vertex 13 45.5 27.25
      vertex 1 45.5 32.75
      vertex 13 45.5 32.75
    endloop
  endfacet
  facet normal 0 1 0
    outer loop
      vertex 1 45.5 32.75
      vertex 13 45.5 27.25
      vertex 1 45.5 27.25
    endloop
  endfacet
  facet normal 0 0 -1
    outer loop
      vertex 1 44 27.25
      vertex 13 45.5 27.25
      vertex 13 44 27.25
    endloop
  endfacet
  facet normal -0 0 -1
    outer loop
      vertex 13 45.5 27.25
      vertex 1 44 27.25
      vertex 1 45.5 27.25
    endloop
  endfacet
  facet normal -1 0 0
    outer loop
      vertex 15 44 27.25
      vertex 15 45.5 32.75
      vertex 15 45.5 27.25
    endloop
  endfacet
  facet normal -1 -0 0
    outer loop
      vertex 15 45.5 32.75
      vertex 15 44 27.25
      vertex 15 44 32.75
    endloop
  endfacet
  facet normal -0 0 1
    outer loop
      vertex 15 45.5 32.75
      vertex 27 44 32.75
      vertex 27 45.5 32.75
    endloop
  endfacet
  facet normal 0 0 1
    outer loop
      vertex 27 44 32.75
      vertex 15 45.5 32.75
      vertex 15 44 32.75
    endloop
  endfacet
  facet normal 1 -0 0
    outer loop
      vertex 27 44 32.75
      vertex 27 45.5 27.25
      vertex 27 45.5 32.75
    endloop
  endfacet
  facet normal 1 0 0
    outer loop
      vertex 27 45.5 27.25
      vertex 27 44 32.75
      vertex 27 44 27.25
    endloop
  endfacet
  facet normal 0 1 -0
    outer loop
      vertex 27 45.5 27.25
      vertex 15 45.5 32.75
      vertex 27 45.5 32.75
    endloop
  endfacet
  facet normal 0 1 0
    outer loop
      vertex 15 45.5 32.75
      vertex 27 45.5 27.25
      vertex 15 45.5 27.25
    endloop
  endfacet
  facet normal 0 0 -1
    outer loop
      vertex 15 44 27.25
      vertex 27 45.5 27.25
      vertex 27 44 27.25
    endloop
  endfacet
  facet normal -0 0 -1
    outer loop
      vertex 27 45.5 27.25
      vertex 15 44 27.25
      vertex 15 45.5 27.25
    endloop
  endfacet
  facet normal -1 0 0
    outer loop
      vertex 29 44 27.25
      vertex 29 45.5 32.75
      vertex 29 45.5 27.25
    endloop
  endfacet
  facet normal -1 -0 0
    outer loop
      vertex 29 45.5 32.75
      vertex 29 44 27.25
      vertex 29 44 32.75
    endloop
  endfacet
  facet normal -0 0 1
    outer loop
      vertex 29 45.5 32.75
      vertex 41 44 32.75
      vertex 41 45.5 32.75
    endloop
  endfacet
  facet normal 0 0 1
    outer loop
      vertex 41 44 32.75
      vertex 29 45.5 32.75
      vertex 29 44 32.75
    endloop
  endfacet
  facet normal 1 -0 0
    outer loop
      vertex 41 44 32.75
      vertex 41 45.5 27.25
      vertex 41 45.5 32.75
    endloop
  endfacet
  facet normal 1 0 0
    outer loop
      vertex 41 45.5 27.25
      vertex 41 44 32.75
      vertex 41 44 27.25
    endloop
  endfacet
  facet normal 0 1 -0
    outer loop
      vertex 41 45.5 27.25
      vertex 29 45.5 32.75
      vertex 41 45.5 32.75
    endloop
  endfacet
  facet normal 0 1 0
    outer loop
      vertex 29 45.5 32.75
      vertex 41 45.5 27.25
      vertex 29 45.5 27.25
    endloop
  endfacet
  facet normal 0 0 -1
    outer loop
      vertex 29 44 27.25
      vertex 41 45.5 27.25
      vertex 41 44 27.25
    endloop
  endfacet
  facet normal -0 0 -1
    outer loop
      vertex 41 45.5 27.25
      vertex 29 44 27.25
      vertex 29 45.5 27.25
    endloop
  endfacet
  facet normal -1 0 0
    outer loop
      vertex -34 44 41.25
      vertex -34 45.5 46.75
      vertex -34 45.5 41.25
    endloop
  endfacet
  facet normal -1 -0 0
    outer loop
      vertex -34 45.5 46.75
      vertex -34 44 41.25
      vertex -34 44 46.75
    endloop
  endfacet
  facet normal -0 0 1
    outer loop
      vertex -34 45.5 46.75
      vertex -27 44 46.75
      vertex -27 45.5 46.75
    endloop
  endfacet
  facet normal 0 0 1
    outer loop
      vertex -27 44 46.75
      vertex -34 45.5 46.75
      vertex -34 44 46.75
    endloop
  endfacet
  facet normal 0 1 -0
    outer loop
      vertex -27 45.5 41.25
      vertex -34 45.5 46.75
      vertex -27 45.5 46.75
    endloop
  endfacet
  facet normal 0 1 0
    outer loop
      vertex -34 45.5 46.75
      vertex -27 45.5 41.25
      vertex -34 45.5 41.25
    endloop
  endfacet
  facet normal 0 0 -1
    outer loop
      vertex -34 44 41.25
      vertex -27 45.5 41.25
      vertex -27 44 41.25
    endloop
  endfacet
  facet normal -0 0 -1
    outer loop
      vertex -27 45.5 41.25
      vertex -34 44 41.25
      vertex -34 45.5 41.25
    endloop
  endfacet
  facet normal 1 -0 0
    outer loop
      vertex -20 44 55.25
      vertex -20 45.5 46.75
      vertex -20 45.5 55.25
    endloop
  endfacet
  facet normal 1 0 0
    outer loop
      vertex -20 45.5 46.75
      vertex -20 44 55.25
      vertex -20 44 46.75
    endloop
  endfacet
  facet normal 1 -0 0
    outer loop
      vertex -20 44 69.25
      vertex -20 45.5 60.75
      vertex -20 45.5 69.25
    endloop
  endfacet
  facet normal 1 0 0
    outer loop
      vertex -20 45.5 60.75
      vertex -20 44 69.25
      vertex -20 44 60.75
    endloop
  endfacet
  facet normal 1 -0 0
    outer loop
      vertex -20 44 83.25
      vertex -20 45.5 74.75
      vertex -20 45.5 83.25
    endloop
  endfacet
  facet normal 1 0 0
    outer loop
      vertex -20 45.5 74.75
      vertex -20 44 83.25
      vertex -20 44 74.75
    endloop
  endfacet
  facet normal 1 0 0
    outer loop
      vertex -20 45.5 83.25
      vertex -20 45.8 86
      vertex -20 45.5 86
    endloop
  endfacet
  facet normal 1 0 0
    outer loop
      vertex -20 45.5 74.75
      vertex -20 45.8 86
      vertex -20 45.5 83.25
    endloop
  endfacet
  facet normal 1 0 0
    outer loop
      vertex -20 45.5 69.25
      vertex -20 45.8 86
      vertex -20 45.5 74.75
    endloop
  endfacet
  facet normal 1 0 0
    outer loop
      vertex -20 45.8 86
      vertex -20 45.5 69.25
      vertex -20 45.8 38
    endloop
  endfacet
  facet normal 1 -0 0
    outer loop
      vertex -20 45.5 60.75
      vertex -20 45.8 38
      vertex -20 45.5 69.25
    endloop
  endfacet
  facet normal 1 -0 0
    outer loop
      vertex -20 45.5 55.25
      vertex -20 45.8 38
      vertex -20 45.5 60.75
    endloop
  endfacet
  facet normal 1 -0 0
    outer loop
      vertex -20 45.5 46.75
      vertex -20 45.8 38
      vertex -20 45.5 55.25
    endloop
  endfacet
  facet normal 1 -0 0
    outer loop
      vertex -20 45.5 41.25
      vertex -20 45.8 38
      vertex -20 45.5 46.75
    endloop
  endfacet
  facet normal 1 0 0
    outer loop
      vertex -20 44 38
      vertex -20 45.5 41.25
      vertex -20 44 41.25
    endloop
  endfacet
  facet normal 1 0 0
    outer loop
      vertex -20 45.5 41.25
      vertex -20 44 38
      vertex -20 45.8 38
    endloop
  endfacet
  facet normal -0 0 1
    outer loop
      vertex -20 45.5 46.75
      vertex -8 44 46.75
      vertex -8 45.5 46.75
    endloop
  endfacet
  facet normal 0 0 1
    outer loop
      vertex -8 44 46.75
      vertex -20 45.5 46.75
      vertex -20 44 46.75
    endloop
  endfacet
  facet normal 1 -0 0
    outer loop
      vertex -8 44 46.75
      vertex -8 45.5 41.25
      vertex -8 45.5 46.75
    endloop
  endfacet
  facet normal 1 0 0
    outer loop
      vertex -8 45.5 41.25
      vertex -8 44 46.75
      vertex -8 44 41.25
    endloop
  endfacet
  facet normal 0 0 -1
    outer loop
      vertex -20 44 41.25
      vertex -8 45.5 41.25
      vertex -8 44 41.25
    endloop
  endfacet
  facet normal -0 0 -1
    outer loop
      vertex -8 45.5 41.25
      vertex -20 44 41.25
      vertex -20 45.5 41.25
    endloop
  endfacet
  facet normal 0 1 -0
    outer loop
      vertex -8 45.5 41.25
      vertex -20 45.5 46.75
      vertex -8 45.5 46.75
    endloop
  endfacet
  facet normal 0 1 0
    outer loop
      vertex -20 45.5 46.75
      vertex -8 45.5 41.25
      vertex -20 45.5 41.25
    endloop
  endfacet
  facet normal -1 0 0
    outer loop
      vertex -6 44 41.25
      vertex -6 45.5 46.75
      vertex -6 45.5 41.25
    endloop
  endfacet
  facet normal -1 -0 0
    outer loop
      vertex -6 45.5 46.75
      vertex -6 44 41.25
      vertex -6 44 46.75
    endloop
  endfacet
  facet normal -0 0 1
    outer loop
      vertex -6 45.5 46.75
      vertex 6 44 46.75
      vertex 6 45.5 46.75
    endloop
  endfacet
  facet normal 0 0 1
    outer loop
      vertex 6 44 46.75
      vertex -6 45.5 46.75
      vertex -6 44 46.75
    endloop
  endfacet
  facet normal 1 -0 0
    outer loop
      vertex 6 44 46.75
      vertex 6 45.5 41.25
      vertex 6 45.5 46.75
    endloop
  endfacet
  facet normal 1 0 0
    outer loop
      vertex 6 45.5 41.25
      vertex 6 44 46.75
      vertex 6 44 41.25
    endloop
  endfacet
  facet normal 0 1 -0
    outer loop
      vertex 6 45.5 41.25
      vertex -6 45.5 46.75
      vertex 6 45.5 46.75
    endloop
  endfacet
  facet normal 0 1 0
    outer loop
      vertex -6 45.5 46.75
      vertex 6 45.5 41.25
      vertex -6 45.5 41.25
    endloop
  endfacet
  facet normal 0 0 -1
    outer loop
      vertex -6 44 41.25
      vertex 6 45.5 41.25
      vertex 6 44 41.25
    endloop
  endfacet
  facet normal -0 0 -1
    outer loop
      vertex 6 45.5 41.25
      vertex -6 44 41.25
      vertex -6 45.5 41.25
    endloop
  endfacet
  facet normal -1 0 0
    outer loop
      vertex 8 44 41.25
      vertex 8 45.5 46.75
      vertex 8 45.5 41.25
    endloop
  endfacet
  facet normal -1 -0 0
    outer loop
      vertex 8 45.5 46.75
      vertex 8 44 41.25
      vertex 8 44 46.75
    endloop
  endfacet
  facet normal -0 0 1
    outer loop
      vertex 8 45.5 46.75
      vertex 20 44 46.75
      vertex 20 45.5 46.75
    endloop
  endfacet
  facet normal 0 0 1
    outer loop
      vertex 20 44 46.75
      vertex 8 45.5 46.75
      vertex 8 44 46.75
    endloop
  endfacet
  facet normal -1 0 0
    outer loop
      vertex 20 44 74.75
      vertex 20 45.5 83.25
      vertex 20 45.5 74.75
    endloop
  endfacet
  facet normal -1 -0 0
    outer loop
      vertex 20 45.5 83.25
      vertex 20 44 74.75
      vertex 20 44 83.25
    endloop
  endfacet
  facet normal -1 0 0
    outer loop
      vertex 20 44 60.75
      vertex 20 45.5 69.25
      vertex 20 45.5 60.75
    endloop
  endfacet
  facet normal -1 -0 0
    outer loop
      vertex 20 45.5 69.25
      vertex 20 44 60.75
      vertex 20 44 69.25
    endloop
  endfacet
  facet normal -1 0 0
    outer loop
      vertex 20 44 46.75
      vertex 20 45.5 55.25
      vertex 20 45.5 46.75
    endloop
  endfacet
  facet normal -1 -0 0
    outer loop
      vertex 20 45.5 55.25
      vertex 20 44 46.75
      vertex 20 44 55.25
    endloop
  endfacet
  facet normal -1 0 0
    outer loop
      vertex 20 45.5 46.75
      vertex 20 45.8 38
      vertex 20 45.5 41.25
    endloop
  endfacet
  facet normal -1 0 0
    outer loop
      vertex 20 44 38
      vertex 20 45.5 41.25
      vertex 20 45.8 38
    endloop
  endfacet
  facet normal -1 -0 0
    outer loop
      vertex 20 45.5 41.25
      vertex 20 44 38
      vertex 20 44 41.25
    endloop
  endfacet
  facet normal -1 0 0
    outer loop
      vertex 20 45.5 55.25
      vertex 20 45.8 38
      vertex 20 45.5 46.75
    endloop
  endfacet
  facet normal -1 0 0
    outer loop
      vertex 20 45.8 38
      vertex 20 45.5 55.25
      vertex 20 45.8 86
    endloop
  endfacet
  facet normal -1 0 0
    outer loop
      vertex 20 45.5 60.75
      vertex 20 45.8 86
      vertex 20 45.5 55.25
    endloop
  endfacet
  facet normal -1 0 0
    outer loop
      vertex 20 45.5 69.25
      vertex 20 45.8 86
      vertex 20 45.5 60.75
    endloop
  endfacet
  facet normal -1 0 0
    outer loop
      vertex 20 45.5 74.75
      vertex 20 45.8 86
      vertex 20 45.5 69.25
    endloop
  endfacet
  facet normal -1 0 0
    outer loop
      vertex 20 45.5 83.25
      vertex 20 45.8 86
      vertex 20 45.5 74.75
    endloop
  endfacet
  facet normal -1 -0 0
    outer loop
      vertex 20 45.8 86
      vertex 20 45.5 83.25
      vertex 20 45.5 86
    endloop
  endfacet
  facet normal 0 0 -1
    outer loop
      vertex 8 44 41.25
      vertex 20 45.5 41.25
      vertex 20 44 41.25
    endloop
  endfacet
  facet normal -0 0 -1
    outer loop
      vertex 20 45.5 41.25
      vertex 8 44 41.25
      vertex 8 45.5 41.25
    endloop
  endfacet
  facet normal 0 1 -0
    outer loop
      vertex 20 45.5 41.25
      vertex 8 45.5 46.75
      vertex 20 45.5 46.75
    endloop
  endfacet
  facet normal 0 1 0
    outer loop
      vertex 8 45.5 46.75
      vertex 20 45.5 41.25
      vertex 8 45.5 41.25
    endloop
  endfacet
  facet normal -0 0 1
    outer loop
      vertex 27 45.5 46.75
      vertex 34 44 46.75
      vertex 34 45.5 46.75
    endloop
  endfacet
  facet normal 0 0 1
    outer loop
      vertex 34 44 46.75
      vertex 27 45.5 46.75
      vertex 27 44 46.75
    endloop
  endfacet
  facet normal 1 -0 0
    outer loop
      vertex 34 44 46.75
      vertex 34 45.5 41.25
      vertex 34 45.5 46.75
    endloop
  endfacet
  facet normal 1 0 0
    outer loop
      vertex 34 45.5 41.25
      vertex 34 44 46.75
      vertex 34 44 41.25
    endloop
  endfacet
  facet normal 0 0 -1
    outer loop
      vertex 27 44 41.25
      vertex 34 45.5 41.25
      vertex 34 44 41.25
    endloop
  endfacet
  facet normal -0 0 -1
    outer loop
      vertex 34 45.5 41.25
      vertex 27 44 41.25
      vertex 27 45.5 41.25
    endloop
  endfacet
  facet normal 0 1 -0
    outer loop
      vertex 34 45.5 41.25
      vertex 27 45.5 46.75
      vertex 34 45.5 46.75
    endloop
  endfacet
  facet normal 0 1 0
    outer loop
      vertex 27 45.5 46.75
      vertex 34 45.5 41.25
      vertex 27 45.5 41.25
    endloop
  endfacet
  facet normal -1 0 0
    outer loop
      vertex -27 44 74.75
      vertex -27 45.5 97.25
      vertex -27 45.5 74.75
    endloop
  endfacet
  facet normal -1 -0 0
    outer loop
      vertex -27 45.5 97.25
      vertex -27 44 74.75
      vertex -27 44 97.25
    endloop
  endfacet
  facet normal -1 0 0
    outer loop
      vertex -27 44 46.75
      vertex -27 45.5 69.25
      vertex -27 45.5 46.75
    endloop
  endfacet
  facet normal -1 -0 0
    outer loop
      vertex -27 45.5 69.25
      vertex -27 44 46.75
      vertex -27 44 69.25
    endloop
  endfacet
  facet normal -1 0 0
    outer loop
      vertex -27 45.5 46.75
      vertex -27 45.8 34
      vertex -27 45.5 41.25
    endloop
  endfacet
  facet normal -1 0 0
    outer loop
      vertex -27 44 34
      vertex -27 45.5 41.25
      vertex -27 45.8 34
    endloop
  endfacet
  facet normal -1 -0 0
    outer loop
      vertex -27 45.5 41.25
      vertex -27 44 34
      vertex -27 44 41.25
    endloop
  endfacet
  facet normal -1 0 0
    outer loop
      vertex -27 45.5 69.25
      vertex -27 45.8 34
      vertex -27 45.5 46.75
    endloop
  endfacet
  facet normal -1 0 0
    outer loop
      vertex -27 45.8 34
      vertex -27 45.5 69.25
      vertex -27 45.8 106
    endloop
  endfacet
  facet normal -1 0 0
    outer loop
      vertex -27 45.5 74.75
      vertex -27 45.8 106
      vertex -27 45.5 69.25
    endloop
  endfacet
  facet normal -1 0 0
    outer loop
      vertex -27 45.5 97.25
      vertex -27 45.8 106
      vertex -27 45.5 74.75
    endloop
  endfacet
  facet normal -1 0 0
    outer loop
      vertex -27 45.5 102.75
      vertex -27 45.8 106
      vertex -27 45.5 97.25
    endloop
  endfacet
  facet normal -1 0 0
    outer loop
      vertex -27 44 106
      vertex -27 45.5 102.75
      vertex -27 44 102.75
    endloop
  endfacet
  facet normal -1 0 0
    outer loop
      vertex -27 45.5 102.75
      vertex -27 44 106
      vertex -27 45.8 106
    endloop
  endfacet
  facet normal -0 0 1
    outer loop
      vertex -20 45.5 60.75
      vertex -15 44 60.75
      vertex -15 45.5 60.75
    endloop
  endfacet
  facet normal 0 0 1
    outer loop
      vertex -15 44 60.75
      vertex -20 45.5 60.75
      vertex -20 44 60.75
    endloop
  endfacet
  facet normal 1 -0 0
    outer loop
      vertex -15 44 60.75
      vertex -15 45.5 55.25
      vertex -15 45.5 60.75
    endloop
  endfacet
  facet normal 1 0 0
    outer loop
      vertex -15 45.5 55.25
      vertex -15 44 60.75
      vertex -15 44 55.25
    endloop
  endfacet
  facet normal 0 1 -0
    outer loop
      vertex -15 45.5 55.25
      vertex -20 45.5 60.75
      vertex -15 45.5 60.75
    endloop
  endfacet
  facet normal 0 1 0
    outer loop
      vertex -20 45.5 60.75
      vertex -15 45.5 55.25
      vertex -20 45.5 55.25
    endloop
  endfacet
  facet normal 0 0 -1
    outer loop
      vertex -20 44 55.25
      vertex -15 45.5 55.25
      vertex -15 44 55.25
    endloop
  endfacet
  facet normal -0 0 -1
    outer loop
      vertex -15 45.5 55.25
      vertex -20 44 55.25
      vertex -20 45.5 55.25
    endloop
  endfacet
  facet normal -1 0 0
    outer loop
      vertex -13 44 55.25
      vertex -13 45.5 60.75
      vertex -13 45.5 55.25
    endloop
  endfacet
  facet normal -1 -0 0
    outer loop
      vertex -13 45.5 60.75
      vertex -13 44 55.25
      vertex -13 44 60.75
    endloop
  endfacet
  facet normal -0 0 1
    outer loop
      vertex -13 45.5 60.75
      vertex -1 44 60.75
      vertex -1 45.5 60.75
    endloop
  endfacet
  facet normal 0 0 1
    outer loop
      vertex -1 44 60.75
      vertex -13 45.5 60.75
      vertex -13 44 60.75
    endloop
  endfacet
  facet normal 1 -0 0
    outer loop
      vertex -1 44 60.75
      vertex -1 45.5 55.25
      vertex -1 45.5 60.75
    endloop
  endfacet
  facet normal 1 0 0
    outer loop
      vertex -1 45.5 55.25
      vertex -1 44 60.75
      vertex -1 44 55.25
    endloop
  endfacet
  facet normal 0 1 -0
    outer loop
      vertex -1 45.5 55.25
      vertex -13 45.5 60.75
      vertex -1 45.5 60.75
    endloop
  endfacet
  facet normal 0 1 0
    outer loop
      vertex -13 45.5 60.75
      vertex -1 45.5 55.25
      vertex -13 45.5 55.25
    endloop
  endfacet
  facet normal 0 0 -1
    outer loop
      vertex -13 44 55.25
      vertex -1 45.5 55.25
      vertex -1 44 55.25
    endloop
  endfacet
  facet normal -0 0 -1
    outer loop
      vertex -1 45.5 55.25
      vertex -13 44 55.25
      vertex -13 45.5 55.25
    endloop
  endfacet
  facet normal -1 0 0
    outer loop
      vertex 1 44 55.25
      vertex 1 45.5 60.75
      vertex 1 45.5 55.25
    endloop
  endfacet
  facet normal -1 -0 0
    outer loop
      vertex 1 45.5 60.75
      vertex 1 44 55.25
      vertex 1 44 60.75
    endloop
  endfacet
  facet normal -0 0 1
    outer loop
      vertex 1 45.5 60.75
      vertex 13 44 60.75
      vertex 13 45.5 60.75
    endloop
  endfacet
  facet normal 0 0 1
    outer loop
      vertex 13 44 60.75
      vertex 1 45.5 60.75
      vertex 1 44 60.75
    endloop
  endfacet
  facet normal 1 -0 0
    outer loop
      vertex 13 44 60.75
      vertex 13 45.5 55.25
      vertex 13 45.5 60.75
    endloop
  endfacet
  facet normal 1 0 0
    outer loop
      vertex 13 45.5 55.25
      vertex 13 44 60.75
      vertex 13 44 55.25
    endloop
  endfacet
  facet normal 0 1 -0
    outer loop
      vertex 13 45.5 55.25
      vertex 1 45.5 60.75
      vertex 13 45.5 60.75
    endloop
  endfacet
  facet normal 0 1 0
    outer loop
      vertex 1 45.5 60.75
      vertex 13 45.5 55.25
      vertex 1 45.5 55.25
    endloop
  endfacet
  facet normal 0 0 -1
    outer loop
      vertex 1 44 55.25
      vertex 13 45.5 55.25
      vertex 13 44 55.25
    endloop
  endfacet
  facet normal -0 0 -1
    outer loop
      vertex 13 45.5 55.25
      vertex 1 44 55.25
      vertex 1 45.5 55.25
    endloop
  endfacet
  facet normal -1 0 0
    outer loop
      vertex 15 44 55.25
      vertex 15 45.5 60.75
      vertex 15 45.5 55.25
    endloop
  endfacet
  facet normal -1 -0 0
    outer loop
      vertex 15 45.5 60.75
      vertex 15 44 55.25
      vertex 15 44 60.75
    endloop
  endfacet
  facet normal -0 0 1
    outer loop
      vertex 15 45.5 60.75
      vertex 20 44 60.75
      vertex 20 45.5 60.75
    endloop
  endfacet
  facet normal 0 0 1
    outer loop
      vertex 20 44 60.75
      vertex 15 45.5 60.75
      vertex 15 44 60.75
    endloop
  endfacet
  facet normal 1 -0 0
    outer loop
      vertex 27 44 69.25
      vertex 27 45.5 46.75
      vertex 27 45.5 69.25
    endloop
  endfacet
  facet normal 1 0 0
    outer loop
      vertex 27 45.5 46.75
      vertex 27 44 69.25
      vertex 27 44 46.75
    endloop
  endfacet
  facet normal 1 -0 0
    outer loop
      vertex 27 44 97.25
      vertex 27 45.5 74.75
      vertex 27 45.5 97.25
    endloop
  endfacet
  facet normal 1 0 0
    outer loop
      vertex 27 45.5 74.75
      vertex 27 44 97.25
      vertex 27 44 74.75
    endloop
  endfacet
  facet normal 1 0 0
    outer loop
      vertex 27 45.5 97.25
      vertex 27 45.8 106
      vertex 27 45.5 102.75
    endloop
  endfacet
  facet normal 1 -0 0
    outer loop
      vertex 27 44 106
      vertex 27 45.5 102.75
      vertex 27 45.8 106
    endloop
  endfacet
  facet normal 1 0 0
    outer loop
      vertex 27 45.5 102.75
      vertex 27 44 106
      vertex 27 44 102.75
    endloop
  endfacet
  facet normal 1 0 0
    outer loop
      vertex 27 45.5 74.75
      vertex 27 45.8 106
      vertex 27 45.5 97.25
    endloop
  endfacet
  facet normal 1 0 0
    outer loop
      vertex 27 45.8 106
      vertex 27 45.5 74.75
      vertex 27 45.8 34
    endloop
  endfacet
  facet normal 1 -0 0
    outer loop
      vertex 27 45.5 69.25
      vertex 27 45.8 34
      vertex 27 45.5 74.75
    endloop
  endfacet
  facet normal 1 -0 0
    outer loop
      vertex 27 45.5 46.75
      vertex 27 45.8 34
      vertex 27 45.5 69.25
    endloop
  endfacet
  facet normal 1 -0 0
    outer loop
      vertex 27 45.5 41.25
      vertex 27 45.8 34
      vertex 27 45.5 46.75
    endloop
  endfacet
  facet normal 1 0 0
    outer loop
      vertex 27 44 34
      vertex 27 45.5 41.25
      vertex 27 44 41.25
    endloop
  endfacet
  facet normal 1 0 0
    outer loop
      vertex 27 45.5 41.25
      vertex 27 44 34
      vertex 27 45.8 34
    endloop
  endfacet
  facet normal 0 0 -1
    outer loop
      vertex 15 44 55.25
      vertex 20 45.5 55.25
      vertex 20 44 55.25
    endloop
  endfacet
  facet normal -0 0 -1
    outer loop
      vertex 20 45.5 55.25
      vertex 15 44 55.25
      vertex 15 45.5 55.25
    endloop
  endfacet
  facet normal 0 1 -0
    outer loop
      vertex 20 45.5 55.25
      vertex 15 45.5 60.75
      vertex 20 45.5 60.75
    endloop
  endfacet
  facet normal 0 1 0
    outer loop
      vertex 15 45.5 60.75
      vertex 20 45.5 55.25
      vertex 15 45.5 55.25
    endloop
  endfacet
  facet normal -1 0 0
    outer loop
      vertex 29 44 55.25
      vertex 29 45.5 60.75
      vertex 29 45.5 55.25
    endloop
  endfacet
  facet normal -1 -0 0
    outer loop
      vertex 29 45.5 60.75
      vertex 29 44 55.25
      vertex 29 44 60.75
    endloop
  endfacet
  facet normal -0 0 1
    outer loop
      vertex 29 45.5 60.75
      vertex 41 44 60.75
      vertex 41 45.5 60.75
    endloop
  endfacet
  facet normal 0 0 1
    outer loop
      vertex 41 44 60.75
      vertex 29 45.5 60.75
      vertex 29 44 60.75
    endloop
  endfacet
  facet normal 1 -0 0
    outer loop
      vertex 41 44 60.75
      vertex 41 45.5 55.25
      vertex 41 45.5 60.75
    endloop
  endfacet
  facet normal 1 0 0
    outer loop
      vertex 41 45.5 55.25
      vertex 41 44 60.75
      vertex 41 44 55.25
    endloop
  endfacet
  facet normal 0 0 -1
    outer loop
      vertex 29 44 55.25
      vertex 41 45.5 55.25
      vertex 41 44 55.25
    endloop
  endfacet
  facet normal -0 0 -1
    outer loop
      vertex 41 45.5 55.25
      vertex 29 44 55.25
      vertex 29 45.5 55.25
    endloop
  endfacet
  facet normal 0 1 -0
    outer loop
      vertex 41 45.5 55.25
      vertex 29 45.5 60.75
      vertex 41 45.5 60.75
    endloop
  endfacet
  facet normal 0 1 0
    outer loop
      vertex 29 45.5 60.75
      vertex 41 45.5 55.25
      vertex 29 45.5 55.25
    endloop
  endfacet
  facet normal -1 0 0
    outer loop
      vertex -34 44 69.25
      vertex -34 45.5 74.75
      vertex -34 45.5 69.25
    endloop
  endfacet
  facet normal -1 -0 0
    outer loop
      vertex -34 45.5 74.75
      vertex -34 44 69.25
      vertex -34 44 74.75
    endloop
  endfacet
  facet normal -0 0 1
    outer loop
      vertex -34 45.5 74.75
      vertex -27 44 74.75
      vertex -27 45.5 74.75
    endloop
  endfacet
  facet normal 0 0 1
    outer loop
      vertex -27 44 74.75
      vertex -34 45.5 74.75
      vertex -34 44 74.75
    endloop
  endfacet
  facet normal 0 1 -0
    outer loop
      vertex -27 45.5 69.25
      vertex -34 45.5 74.75
      vertex -27 45.5 74.75
    endloop
  endfacet
  facet normal 0 1 0
    outer loop
      vertex -34 45.5 74.75
      vertex -27 45.5 69.25
      vertex -34 45.5 69.25
    endloop
  endfacet
  facet normal 0 0 -1
    outer loop
      vertex -34 44 69.25
      vertex -27 45.5 69.25
      vertex -27 44 69.25
    endloop
  endfacet
  facet normal -0 0 -1
    outer loop
      vertex -27 45.5 69.25
      vertex -34 44 69.25
      vertex -34 45.5 69.25
    endloop
  endfacet
  facet normal -0 0 1
    outer loop
      vertex -20 45.5 74.75
      vertex -8 44 74.75
      vertex -8 45.5 74.75
    endloop
  endfacet
  facet normal 0 0 1
    outer loop
      vertex -8 44 74.75
      vertex -20 45.5 74.75
      vertex -20 44 74.75
    endloop
  endfacet
  facet normal 1 -0 0
    outer loop
      vertex -8 44 74.75
      vertex -8 45.5 69.25
      vertex -8 45.5 74.75
    endloop
  endfacet
  facet normal 1 0 0
    outer loop
      vertex -8 45.5 69.25
      vertex -8 44 74.75
      vertex -8 44 69.25
    endloop
  endfacet
  facet normal 0 1 -0
    outer loop
      vertex -8 45.5 69.25
      vertex -20 45.5 74.75
      vertex -8 45.5 74.75
    endloop
  endfacet
  facet normal 0 1 0
    outer loop
      vertex -20 45.5 74.75
      vertex -8 45.5 69.25
      vertex -20 45.5 69.25
    endloop
  endfacet
  facet normal 0 0 -1
    outer loop
      vertex -20 44 69.25
      vertex -8 45.5 69.25
      vertex -8 44 69.25
    endloop
  endfacet
  facet normal -0 0 -1
    outer loop
      vertex -8 45.5 69.25
      vertex -20 44 69.25
      vertex -20 45.5 69.25
    endloop
  endfacet
  facet normal -1 0 0
    outer loop
      vertex -6 44 69.25
      vertex -6 45.5 74.75
      vertex -6 45.5 69.25
    endloop
  endfacet
  facet normal -1 -0 0
    outer loop
      vertex -6 45.5 74.75
      vertex -6 44 69.25
      vertex -6 44 74.75
    endloop
  endfacet
  facet normal -0 0 1
    outer loop
      vertex -6 45.5 74.75
      vertex 6 44 74.75
      vertex 6 45.5 74.75
    endloop
  endfacet
  facet normal 0 0 1
    outer loop
      vertex 6 44 74.75
      vertex -6 45.5 74.75
      vertex -6 44 74.75
    endloop
  endfacet
  facet normal 1 -0 0
    outer loop
      vertex 6 44 74.75
      vertex 6 45.5 69.25
      vertex 6 45.5 74.75
    endloop
  endfacet
  facet normal 1 0 0
    outer loop
      vertex 6 45.5 69.25
      vertex 6 44 74.75
      vertex 6 44 69.25
    endloop
  endfacet
  facet normal 0 0 -1
    outer loop
      vertex -6 44 69.25
      vertex 6 45.5 69.25
      vertex 6 44 69.25
    endloop
  endfacet
  facet normal -0 0 -1
    outer loop
      vertex 6 45.5 69.25
      vertex -6 44 69.25
      vertex -6 45.5 69.25
    endloop
  endfacet
  facet normal 0 1 -0
    outer loop
      vertex 6 45.5 69.25
      vertex -6 45.5 74.75
      vertex 6 45.5 74.75
    endloop
  endfacet
  facet normal 0 1 0
    outer loop
      vertex -6 45.5 74.75
      vertex 6 45.5 69.25
      vertex -6 45.5 69.25
    endloop
  endfacet
  facet normal -1 0 0
    outer loop
      vertex 8 44 69.25
      vertex 8 45.5 74.75
      vertex 8 45.5 69.25
    endloop
  endfacet
  facet normal -1 -0 0
    outer loop
      vertex 8 45.5 74.75
      vertex 8 44 69.25
      vertex 8 44 74.75
    endloop
  endfacet
  facet normal -0 0 1
    outer loop
      vertex 8 45.5 74.75
      vertex 20 44 74.75
      vertex 20 45.5 74.75
    endloop
  endfacet
  facet normal 0 0 1
    outer loop
      vertex 20 44 74.75
      vertex 8 45.5 74.75
      vertex 8 44 74.75
    endloop
  endfacet
  facet normal 0 1 -0
    outer loop
      vertex 20 45.5 69.25
      vertex 8 45.5 74.75
      vertex 20 45.5 74.75
    endloop
  endfacet
  facet normal 0 1 0
    outer loop
      vertex 8 45.5 74.75
      vertex 20 45.5 69.25
      vertex 8 45.5 69.25
    endloop
  endfacet
  facet normal 0 0 -1
    outer loop
      vertex 8 44 69.25
      vertex 20 45.5 69.25
      vertex 20 44 69.25
    endloop
  endfacet
  facet normal -0 0 -1
    outer loop
      vertex 20 45.5 69.25
      vertex 8 44 69.25
      vertex 8 45.5 69.25
    endloop
  endfacet
  facet normal -0 0 1
    outer loop
      vertex 27 45.5 74.75
      vertex 34 44 74.75
      vertex 34 45.5 74.75
    endloop
  endfacet
  facet normal 0 0 1
    outer loop
      vertex 34 44 74.75
      vertex 27 45.5 74.75
      vertex 27 44 74.75
    endloop
  endfacet
  facet normal 1 -0 0
    outer loop
      vertex 34 44 74.75
      vertex 34 45.5 69.25
      vertex 34 45.5 74.75
    endloop
  endfacet
  facet normal 1 0 0
    outer loop
      vertex 34 45.5 69.25
      vertex 34 44 74.75
      vertex 34 44 69.25
    endloop
  endfacet
  facet normal 0 1 -0
    outer loop
      vertex 34 45.5 69.25
      vertex 27 45.5 74.75
      vertex 34 45.5 74.75
    endloop
  endfacet
  facet normal 0 1 0
    outer loop
      vertex 27 45.5 74.75
      vertex 34 45.5 69.25
      vertex 27 45.5 69.25
    endloop
  endfacet
  facet normal 0 0 -1
    outer loop
      vertex 27 44 69.25
      vertex 34 45.5 69.25
      vertex 34 44 69.25
    endloop
  endfacet
  facet normal -0 0 -1
    outer loop
      vertex 34 45.5 69.25
      vertex 27 44 69.25
      vertex 27 45.5 69.25
    endloop
  endfacet
  facet normal -0 0 1
    outer loop
      vertex -19.6901 44.6 88.75
      vertex -15 44 88.75
      vertex -15 44.6 88.75
    endloop
  endfacet
  facet normal 0 0 1
    outer loop
      vertex -15 44 88.75
      vertex -19.6901 44.6 88.75
      vertex -19.6901 44 88.75
    endloop
  endfacet
  facet normal 1 0 0
    outer loop
      vertex -15 44.6 88.75
      vertex -15 44 88.75
      vertex -15 44.6 86
    endloop
  endfacet
  facet normal 1 -0 0
    outer loop
      vertex -15 44.6 86
      vertex -15 45.5 83.25
      vertex -15 45.5 86
    endloop
  endfacet
  facet normal 1 0 0
    outer loop
      vertex -15 44.6 86
      vertex -15 44 83.25
      vertex -15 45.5 83.25
    endloop
  endfacet
  facet normal 1 0 0
    outer loop
      vertex -15 44 83.25
      vertex -15 44.6 86
      vertex -15 44 88.75
    endloop
  endfacet
  facet normal 0 1 -0
    outer loop
      vertex -15 45.5 83.25
      vertex -20 45.5 86
      vertex -15 45.5 86
    endloop
  endfacet
  facet normal 0 1 0
    outer loop
      vertex -20 45.5 86
      vertex -15 45.5 83.25
      vertex -20 45.5 83.25
    endloop
  endfacet
  facet normal 0 0 -1
    outer loop
      vertex -20 44 83.25
      vertex -15 45.5 83.25
      vertex -15 44 83.25
    endloop
  endfacet
  facet normal -0 0 -1
    outer loop
      vertex -15 45.5 83.25
      vertex -20 44 83.25
      vertex -20 45.5 83.25
    endloop
  endfacet
  facet normal -1 0 0
    outer loop
      vertex -13 45.5 83.25
      vertex -13 44.6 86
      vertex -13 45.5 86
    endloop
  endfacet
  facet normal -1 0 0
    outer loop
      vertex -13 44 83.25
      vertex -13 44.6 86
      vertex -13 45.5 83.25
    endloop
  endfacet
  facet normal -1 0 0
    outer loop
      vertex -13 44 88.75
      vertex -13 44.6 86
      vertex -13 44 83.25
    endloop
  endfacet
  facet normal -1 0 0
    outer loop
      vertex -13 44.6 86
      vertex -13 44 88.75
      vertex -13 44.6 88.75
    endloop
  endfacet
  facet normal -0 0 1
    outer loop
      vertex -13 44.6 88.75
      vertex -1 44 88.75
      vertex -1 44.6 88.75
    endloop
  endfacet
  facet normal 0 0 1
    outer loop
      vertex -1 44 88.75
      vertex -13 44.6 88.75
      vertex -13 44 88.75
    endloop
  endfacet
  facet normal 1 0 0
    outer loop
      vertex -1 44.6 88.75
      vertex -1 44 88.75
      vertex -1 44.6 86
    endloop
  endfacet
  facet normal 1 -0 0
    outer loop
      vertex -1 44.6 86
      vertex -1 45.5 83.25
      vertex -1 45.5 86
    endloop
  endfacet
  facet normal 1 0 0
    outer loop
      vertex -1 44.6 86
      vertex -1 44 83.25
      vertex -1 45.5 83.25
    endloop
  endfacet
  facet normal 1 0 0
    outer loop
      vertex -1 44 83.25
      vertex -1 44.6 86
      vertex -1 44 88.75
    endloop
  endfacet
  facet normal 0 0 -1
    outer loop
      vertex -13 44 83.25
      vertex -1 45.5 83.25
      vertex -1 44 83.25
    endloop
  endfacet
  facet normal -0 0 -1
    outer loop
      vertex -1 45.5 83.25
      vertex -13 44 83.25
      vertex -13 45.5 83.25
    endloop
  endfacet
  facet normal 0 1 -0
    outer loop
      vertex -1 45.5 83.25
      vertex -13 45.5 86
      vertex -1 45.5 86
    endloop
  endfacet
  facet normal 0 1 0
    outer loop
      vertex -13 45.5 86
      vertex -1 45.5 83.25
      vertex -13 45.5 83.25
    endloop
  endfacet
  facet normal -1 0 0
    outer loop
      vertex 1 45.5 83.25
      vertex 1 44.6 86
      vertex 1 45.5 86
    endloop
  endfacet
  facet normal -1 0 0
    outer loop
      vertex 1 44 83.25
      vertex 1 44.6 86
      vertex 1 45.5 83.25
    endloop
  endfacet
  facet normal -1 0 0
    outer loop
      vertex 1 44 88.75
      vertex 1 44.6 86
      vertex 1 44 83.25
    endloop
  endfacet
  facet normal -1 0 0
    outer loop
      vertex 1 44.6 86
      vertex 1 44 88.75
      vertex 1 44.6 88.75
    endloop
  endfacet
  facet normal -0 0 1
    outer loop
      vertex 1 44.6 88.75
      vertex 13 44 88.75
      vertex 13 44.6 88.75
    endloop
  endfacet
  facet normal 0 0 1
    outer loop
      vertex 13 44 88.75
      vertex 1 44.6 88.75
      vertex 1 44 88.75
    endloop
  endfacet
  facet normal 1 0 0
    outer loop
      vertex 13 44.6 88.75
      vertex 13 44 88.75
      vertex 13 44.6 86
    endloop
  endfacet
  facet normal 1 -0 0
    outer loop
      vertex 13 44.6 86
      vertex 13 45.5 83.25
      vertex 13 45.5 86
    endloop
  endfacet
  facet normal 1 0 0
    outer loop
      vertex 13 44.6 86
      vertex 13 44 83.25
      vertex 13 45.5 83.25
    endloop
  endfacet
  facet normal 1 0 0
    outer loop
      vertex 13 44 83.25
      vertex 13 44.6 86
      vertex 13 44 88.75
    endloop
  endfacet
  facet normal 0 0 -1
    outer loop
      vertex 1 44 83.25
      vertex 13 45.5 83.25
      vertex 13 44 83.25
    endloop
  endfacet
  facet normal -0 0 -1
    outer loop
      vertex 13 45.5 83.25
      vertex 1 44 83.25
      vertex 1 45.5 83.25
    endloop
  endfacet
  facet normal 0 1 -0
    outer loop
      vertex 13 45.5 83.25
      vertex 1 45.5 86
      vertex 13 45.5 86
    endloop
  endfacet
  facet normal 0 1 0
    outer loop
      vertex 1 45.5 86
      vertex 13 45.5 83.25
      vertex 1 45.5 83.25
    endloop
  endfacet
  facet normal -1 0 0
    outer loop
      vertex 15 45.5 83.25
      vertex 15 44.6 86
      vertex 15 45.5 86
    endloop
  endfacet
  facet normal -1 0 0
    outer loop
      vertex 15 44 83.25
      vertex 15 44.6 86
      vertex 15 45.5 83.25
    endloop
  endfacet
  facet normal -1 0 0
    outer loop
      vertex 15 44 88.75
      vertex 15 44.6 86
      vertex 15 44 83.25
    endloop
  endfacet
  facet normal -1 0 0
    outer loop
      vertex 15 44.6 86
      vertex 15 44 88.75
      vertex 15 44.6 88.75
    endloop
  endfacet
  facet normal -0 0 1
    outer loop
      vertex 15 44.6 88.75
      vertex 19.6901 44 88.75
      vertex 19.6901 44.6 88.75
    endloop
  endfacet
  facet normal 0 0 1
    outer loop
      vertex 19.6901 44 88.75
      vertex 15 44.6 88.75
      vertex 15 44 88.75
    endloop
  endfacet
  facet normal 0 1 -0
    outer loop
      vertex 20 45.5 83.25
      vertex 15 45.5 86
      vertex 20 45.5 86
    endloop
  endfacet
  facet normal 0 1 0
    outer loop
      vertex 15 45.5 86
      vertex 20 45.5 83.25
      vertex 15 45.5 83.25
    endloop
  endfacet
  facet normal 0 0 -1
    outer loop
      vertex 15 44 83.25
      vertex 20 45.5 83.25
      vertex 20 44 83.25
    endloop
  endfacet
  facet normal -0 0 -1
    outer loop
      vertex 20 45.5 83.25
      vertex 15 44 83.25
      vertex 15 45.5 83.25
    endloop
  endfacet
  facet normal -1 0 0
    outer loop
      vertex 29 44 83.25
      vertex 29 45.5 88.75
      vertex 29 45.5 83.25
    endloop
  endfacet
  facet normal -1 -0 0
    outer loop
      vertex 29 45.5 88.75
      vertex 29 44 83.25
      vertex 29 44 88.75
    endloop
  endfacet
  facet normal -0 0 1
    outer loop
      vertex 29 45.5 88.75
      vertex 41 44 88.75
      vertex 41 45.5 88.75
    endloop
  endfacet
  facet normal 0 0 1
    outer loop
      vertex 41 44 88.75
      vertex 29 45.5 88.75
      vertex 29 44 88.75
    endloop
  endfacet
  facet normal 1 -0 0
    outer loop
      vertex 41 44 88.75
      vertex 41 45.5 83.25
      vertex 41 45.5 88.75
    endloop
  endfacet
  facet normal 1 0 0
    outer loop
      vertex 41 45.5 83.25
      vertex 41 44 88.75
      vertex 41 44 83.25
    endloop
  endfacet
  facet normal 0 1 -0
    outer loop
      vertex 41 45.5 83.25
      vertex 29 45.5 88.75
      vertex 41 45.5 88.75
    endloop
  endfacet
  facet normal 0 1 0
    outer loop
      vertex 29 45.5 88.75
      vertex 41 45.5 83.25
      vertex 29 45.5 83.25
    endloop
  endfacet
  facet normal 0 0 -1
    outer loop
      vertex 29 44 83.25
      vertex 41 45.5 83.25
      vertex 41 44 83.25
    endloop
  endfacet
  facet normal -0 0 -1
    outer loop
      vertex 41 45.5 83.25
      vertex 29 44 83.25
      vertex 29 45.5 83.25
    endloop
  endfacet
  facet normal -1 0 0
    outer loop
      vertex -34 44 97.25
      vertex -34 45.5 102.75
      vertex -34 45.5 97.25
    endloop
  endfacet
  facet normal -1 -0 0
    outer loop
      vertex -34 45.5 102.75
      vertex -34 44 97.25
      vertex -34 44 102.75
    endloop
  endfacet
  facet normal -0 0 1
    outer loop
      vertex -34 45.5 102.75
      vertex -27 44 102.75
      vertex -27 45.5 102.75
    endloop
  endfacet
  facet normal 0 0 1
    outer loop
      vertex -27 44 102.75
      vertex -34 45.5 102.75
      vertex -34 44 102.75
    endloop
  endfacet
  facet normal 0 0 -1
    outer loop
      vertex -34 44 97.25
      vertex -27 45.5 97.25
      vertex -27 44 97.25
    endloop
  endfacet
  facet normal -0 0 -1
    outer loop
      vertex -27 45.5 97.25
      vertex -34 44 97.25
      vertex -34 45.5 97.25
    endloop
  endfacet
  facet normal 0 1 -0
    outer loop
      vertex -27 45.5 97.25
      vertex -34 45.5 102.75
      vertex -27 45.5 102.75
    endloop
  endfacet
  facet normal 0 1 0
    outer loop
      vertex -34 45.5 102.75
      vertex -27 45.5 97.25
      vertex -34 45.5 97.25
    endloop
  endfacet
  facet normal -0 0 1
    outer loop
      vertex -10.6979 44.6 102.75
      vertex -8 44 102.75
      vertex -8 44.6 102.75
    endloop
  endfacet
  facet normal 0 0 1
    outer loop
      vertex -8 44 102.75
      vertex -10.6979 44.6 102.75
      vertex -10.6979 44 102.75
    endloop
  endfacet
  facet normal 1 -0 0
    outer loop
      vertex -8 44 102.75
      vertex -8 44.6 97.25
      vertex -8 44.6 102.75
    endloop
  endfacet
  facet normal 1 0 0
    outer loop
      vertex -8 44.6 97.25
      vertex -8 44 102.75
      vertex -8 44 97.25
    endloop
  endfacet
  facet normal 0 0 -1
    outer loop
      vertex -16.4031 44 97.25
      vertex -8 44.6 97.25
      vertex -8 44 97.25
    endloop
  endfacet
  facet normal -0 0 -1
    outer loop
      vertex -8 44.6 97.25
      vertex -16.4031 44 97.25
      vertex -16.4031 44.6 97.25
    endloop
  endfacet
  facet normal -1 0 0
    outer loop
      vertex -6 44 97.25
      vertex -6 44.6 102.75
      vertex -6 44.6 97.25
    endloop
  endfacet
  facet normal -1 -0 0
    outer loop
      vertex -6 44.6 102.75
      vertex -6 44 97.25
      vertex -6 44 102.75
    endloop
  endfacet
  facet normal -0 0 1
    outer loop
      vertex -6 44.6 102.75
      vertex 6 44 102.75
      vertex 6 44.6 102.75
    endloop
  endfacet
  facet normal 0 0 1
    outer loop
      vertex 6 44 102.75
      vertex -6 44.6 102.75
      vertex -6 44 102.75
    endloop
  endfacet
  facet normal 1 -0 0
    outer loop
      vertex 6 44 102.75
      vertex 6 44.6 97.25
      vertex 6 44.6 102.75
    endloop
  endfacet
  facet normal 1 0 0
    outer loop
      vertex 6 44.6 97.25
      vertex 6 44 102.75
      vertex 6 44 97.25
    endloop
  endfacet
  facet normal 0 0 -1
    outer loop
      vertex -6 44 97.25
      vertex 6 44.6 97.25
      vertex 6 44 97.25
    endloop
  endfacet
  facet normal -0 0 -1
    outer loop
      vertex 6 44.6 97.25
      vertex -6 44 97.25
      vertex -6 44.6 97.25
    endloop
  endfacet
  facet normal -1 0 0
    outer loop
      vertex 8 44 97.25
      vertex 8 44.6 102.75
      vertex 8 44.6 97.25
    endloop
  endfacet
  facet normal -1 -0 0
    outer loop
      vertex 8 44.6 102.75
      vertex 8 44 97.25
      vertex 8 44 102.75
    endloop
  endfacet
  facet normal -0 0 1
    outer loop
      vertex 8 44.6 102.75
      vertex 10.6979 44 102.75
      vertex 10.6979 44.6 102.75
    endloop
  endfacet
  facet normal 0 0 1
    outer loop
      vertex 10.6979 44 102.75
      vertex 8 44.6 102.75
      vertex 8 44 102.75
    endloop
  endfacet
  facet normal 0 0 -1
    outer loop
      vertex 8 44 97.25
      vertex 16.4031 44.6 97.25
      vertex 16.4031 44 97.25
    endloop
  endfacet
  facet normal -0 0 -1
    outer loop
      vertex 16.4031 44.6 97.25
      vertex 8 44 97.25
      vertex 8 44.6 97.25
    endloop
  endfacet
  facet normal -0 0 1
    outer loop
      vertex 27 45.5 102.75
      vertex 34 44 102.75
      vertex 34 45.5 102.75
    endloop
  endfacet
  facet normal 0 0 1
    outer loop
      vertex 34 44 102.75
      vertex 27 45.5 102.75
      vertex 27 44 102.75
    endloop
  endfacet
  facet normal 1 -0 0
    outer loop
      vertex 34 44 102.75
      vertex 34 45.5 97.25
      vertex 34 45.5 102.75
    endloop
  endfacet
  facet normal 1 0 0
    outer loop
      vertex 34 45.5 97.25
      vertex 34 44 102.75
      vertex 34 44 97.25
    endloop
  endfacet
  facet normal 0 1 -0
    outer loop
      vertex 34 45.5 97.25
      vertex 27 45.5 102.75
      vertex 34 45.5 102.75
    endloop
  endfacet
  facet normal 0 1 0
    outer loop
      vertex 27 45.5 102.75
      vertex 34 45.5 97.25
      vertex 27 45.5 97.25
    endloop
  endfacet
  facet normal 0 0 -1
    outer loop
      vertex 27 44 97.25
      vertex 34 45.5 97.25
      vertex 34 44 97.25
    endloop
  endfacet
  facet normal -0 0 -1
    outer loop
      vertex 34 45.5 97.25
      vertex 27 44 97.25
      vertex 27 45.5 97.25
    endloop
  endfacet
  facet normal -1 0 0
    outer loop
      vertex -27 44 111.25
      vertex -27 45.5 116.75
      vertex -27 45.5 111.25
    endloop
  endfacet
  facet normal -1 -0 0
    outer loop
      vertex -27 45.5 116.75
      vertex -27 44 111.25
      vertex -27 44 116.75
    endloop
  endfacet
  facet normal -0 0 1
    outer loop
      vertex -27 45.5 116.75
      vertex -15 44 116.75
      vertex -15 45.5 116.75
    endloop
  endfacet
  facet normal 0 0 1
    outer loop
      vertex -15 44 116.75
      vertex -27 45.5 116.75
      vertex -27 44 116.75
    endloop
  endfacet
  facet normal 1 -0 0
    outer loop
      vertex -15 44 116.75
      vertex -15 45.5 111.25
      vertex -15 45.5 116.75
    endloop
  endfacet
  facet normal 1 0 0
    outer loop
      vertex -15 45.5 111.25
      vertex -15 44 116.75
      vertex -15 44 111.25
    endloop
  endfacet
  facet normal 0 1 -0
    outer loop
      vertex -15 45.5 111.25
      vertex -27 45.5 116.75
      vertex -15 45.5 116.75
    endloop
  endfacet
  facet normal 0 1 0
    outer loop
      vertex -27 45.5 116.75
      vertex -15 45.5 111.25
      vertex -27 45.5 111.25
    endloop
  endfacet
  facet normal 0 0 -1
    outer loop
      vertex -27 44 111.25
      vertex -15 45.5 111.25
      vertex -15 44 111.25
    endloop
  endfacet
  facet normal -0 0 -1
    outer loop
      vertex -15 45.5 111.25
      vertex -27 44 111.25
      vertex -27 45.5 111.25
    endloop
  endfacet
  facet normal -1 0 0
    outer loop
      vertex -13 44 111.25
      vertex -13 45.5 116.75
      vertex -13 45.5 111.25
    endloop
  endfacet
  facet normal -1 -0 0
    outer loop
      vertex -13 45.5 116.75
      vertex -13 44 111.25
      vertex -13 44 116.75
    endloop
  endfacet
  facet normal -0 0 1
    outer loop
      vertex -13 45.5 116.75
      vertex -1 44 116.75
      vertex -1 45.5 116.75
    endloop
  endfacet
  facet normal 0 0 1
    outer loop
      vertex -1 44 116.75
      vertex -13 45.5 116.75
      vertex -13 44 116.75
    endloop
  endfacet
  facet normal 1 -0 0
    outer loop
      vertex -1 44 116.75
      vertex -1 45.5 111.25
      vertex -1 45.5 116.75
    endloop
  endfacet
  facet normal 1 0 0
    outer loop
      vertex -1 45.5 111.25
      vertex -1 44 116.75
      vertex -1 44 111.25
    endloop
  endfacet
  facet normal 0 1 -0
    outer loop
      vertex -1 45.5 111.25
      vertex -13 45.5 116.75
      vertex -1 45.5 116.75
    endloop
  endfacet
  facet normal 0 1 0
    outer loop
      vertex -13 45.5 116.75
      vertex -1 45.5 111.25
      vertex -13 45.5 111.25
    endloop
  endfacet
  facet normal 0 0 -1
    outer loop
      vertex -13 44 111.25
      vertex -1 45.5 111.25
      vertex -1 44 111.25
    endloop
  endfacet
  facet normal -0 0 -1
    outer loop
      vertex -1 45.5 111.25
      vertex -13 44 111.25
      vertex -13 45.5 111.25
    endloop
  endfacet
  facet normal -1 0 0
    outer loop
      vertex 1 44 111.25
      vertex 1 45.5 116.75
      vertex 1 45.5 111.25
    endloop
  endfacet
  facet normal -1 -0 0
    outer loop
      vertex 1 45.5 116.75
      vertex 1 44 111.25
      vertex 1 44 116.75
    endloop
  endfacet
  facet normal -0 0 1
    outer loop
      vertex 1 45.5 116.75
      vertex 13 44 116.75
      vertex 13 45.5 116.75
    endloop
  endfacet
  facet normal 0 0 1
    outer loop
      vertex 13 44 116.75
      vertex 1 45.5 116.75
      vertex 1 44 116.75
    endloop
  endfacet
  facet normal 1 -0 0
    outer loop
      vertex 13 44 116.75
      vertex 13 45.5 111.25
      vertex 13 45.5 116.75
    endloop
  endfacet
  facet normal 1 0 0
    outer loop
      vertex 13 45.5 111.25
      vertex 13 44 116.75
      vertex 13 44 111.25
    endloop
  endfacet
  facet normal 0 1 -0
    outer loop
      vertex 13 45.5 111.25
      vertex 1 45.5 116.75
      vertex 13 45.5 116.75
    endloop
  endfacet
  facet normal 0 1 0
    outer loop
      vertex 1 45.5 116.75
      vertex 13 45.5 111.25
      vertex 1 45.5 111.25
    endloop
  endfacet
  facet normal 0 0 -1
    outer loop
      vertex 1 44 111.25
      vertex 13 45.5 111.25
      vertex 13 44 111.25
    endloop
  endfacet
  facet normal -0 0 -1
    outer loop
      vertex 13 45.5 111.25
      vertex 1 44 111.25
      vertex 1 45.5 111.25
    endloop
  endfacet
  facet normal -1 0 0
    outer loop
      vertex 15 44 111.25
      vertex 15 45.5 116.75
      vertex 15 45.5 111.25
    endloop
  endfacet
  facet normal -1 -0 0
    outer loop
      vertex 15 45.5 116.75
      vertex 15 44 111.25
      vertex 15 44 116.75
    endloop
  endfacet
  facet normal -0 0 1
    outer loop
      vertex 15 45.5 116.75
      vertex 27 44 116.75
      vertex 27 45.5 116.75
    endloop
  endfacet
  facet normal 0 0 1
    outer loop
      vertex 27 44 116.75
      vertex 15 45.5 116.75
      vertex 15 44 116.75
    endloop
  endfacet
  facet normal 1 -0 0
    outer loop
      vertex 27 44 116.75
      vertex 27 45.5 111.25
      vertex 27 45.5 116.75
    endloop
  endfacet
  facet normal 1 0 0
    outer loop
      vertex 27 45.5 111.25
      vertex 27 44 116.75
      vertex 27 44 111.25
    endloop
  endfacet
  facet normal 0 1 -0
    outer loop
      vertex 27 45.5 111.25
      vertex 15 45.5 116.75
      vertex 27 45.5 116.75
    endloop
  endfacet
  facet normal 0 1 0
    outer loop
      vertex 15 45.5 116.75
      vertex 27 45.5 111.25
      vertex 15 45.5 111.25
    endloop
  endfacet
  facet normal 0 0 -1
    outer loop
      vertex 15 44 111.25
      vertex 27 45.5 111.25
      vertex 27 44 111.25
    endloop
  endfacet
  facet normal -0 0 -1
    outer loop
      vertex 27 45.5 111.25
      vertex 15 44 111.25
      vertex 15 45.5 111.25
    endloop
  endfacet
  facet normal -1 0 0
    outer loop
      vertex 29 44 111.25
      vertex 29 45.5 116.75
      vertex 29 45.5 111.25
    endloop
  endfacet
  facet normal -1 -0 0
    outer loop
      vertex 29 45.5 116.75
      vertex 29 44 111.25
      vertex 29 44 116.75
    endloop
  endfacet
  facet normal -0 0 1
    outer loop
      vertex 29 45.5 116.75
      vertex 41 44 116.75
      vertex 41 45.5 116.75
    endloop
  endfacet
  facet normal 0 0 1
    outer loop
      vertex 41 44 116.75
      vertex 29 45.5 116.75
      vertex 29 44 116.75
    endloop
  endfacet
  facet normal 1 -0 0
    outer loop
      vertex 41 44 116.75
      vertex 41 45.5 111.25
      vertex 41 45.5 116.75
    endloop
  endfacet
  facet normal 1 0 0
    outer loop
      vertex 41 45.5 111.25
      vertex 41 44 116.75
      vertex 41 44 111.25
    endloop
  endfacet
  facet normal 0 1 -0
    outer loop
      vertex 41 45.5 111.25
      vertex 29 45.5 116.75
      vertex 41 45.5 116.75
    endloop
  endfacet
  facet normal 0 1 0
    outer loop
      vertex 29 45.5 116.75
      vertex 41 45.5 111.25
      vertex 29 45.5 111.25
    endloop
  endfacet
  facet normal 0 0 -1
    outer loop
      vertex 29 44 111.25
      vertex 41 45.5 111.25
      vertex 41 44 111.25
    endloop
  endfacet
  facet normal -0 0 -1
    outer loop
      vertex 41 45.5 111.25
      vertex 29 44 111.25
      vertex 29 45.5 111.25
    endloop
  endfacet
  facet normal -1 0 0
    outer loop
      vertex -34 44 125.25
      vertex -34 45.5 129
      vertex -34 45.5 125.25
    endloop
  endfacet
  facet normal -1 -0 0
    outer loop
      vertex -34 45.5 129
      vertex -34 44 125.25
      vertex -34 44 129
    endloop
  endfacet
  facet normal 1 -0 0
    outer loop
      vertex -22 44 129
      vertex -22 45.5 125.25
      vertex -22 45.5 129
    endloop
  endfacet
  facet normal 1 0 0
    outer loop
      vertex -22 45.5 125.25
      vertex -22 44 129
      vertex -22 44 125.25
    endloop
  endfacet
  facet normal 0 0 -1
    outer loop
      vertex -34 44 125.25
      vertex -22 45.5 125.25
      vertex -22 44 125.25
    endloop
  endfacet
  facet normal -0 0 -1
    outer loop
      vertex -22 45.5 125.25
      vertex -34 44 125.25
      vertex -34 45.5 125.25
    endloop
  endfacet
  facet normal 0 1 -0
    outer loop
      vertex -22 45.5 125.25
      vertex -34 45.5 129
      vertex -22 45.5 129
    endloop
  endfacet
  facet normal 0 1 0
    outer loop
      vertex -34 45.5 129
      vertex -22 45.5 125.25
      vertex -34 45.5 125.25
    endloop
  endfacet
  facet normal -1 0 0
    outer loop
      vertex -20 44 125.25
      vertex -20 45.5 129
      vertex -20 45.5 125.25
    endloop
  endfacet
  facet normal -1 -0 0
    outer loop
      vertex -20 45.5 129
      vertex -20 44 125.25
      vertex -20 44 129
    endloop
  endfacet
  facet normal 1 -0 0
    outer loop
      vertex -8 44 129
      vertex -8 45.5 125.25
      vertex -8 45.5 129
    endloop
  endfacet
  facet normal 1 0 0
    outer loop
      vertex -8 45.5 125.25
      vertex -8 44 129
      vertex -8 44 125.25
    endloop
  endfacet
  facet normal 0 1 -0
    outer loop
      vertex -8 45.5 125.25
      vertex -20 45.5 129
      vertex -8 45.5 129
    endloop
  endfacet
  facet normal 0 1 0
    outer loop
      vertex -20 45.5 129
      vertex -8 45.5 125.25
      vertex -20 45.5 125.25
    endloop
  endfacet
  facet normal 0 0 -1
    outer loop
      vertex -20 44 125.25
      vertex -8 45.5 125.25
      vertex -8 44 125.25
    endloop
  endfacet
  facet normal -0 0 -1
    outer loop
      vertex -8 45.5 125.25
      vertex -20 44 125.25
      vertex -20 45.5 125.25
    endloop
  endfacet
  facet normal -1 0 0
    outer loop
      vertex -6 44 125.25
      vertex -6 45.5 129
      vertex -6 45.5 125.25
    endloop
  endfacet
  facet normal -1 -0 0
    outer loop
      vertex -6 45.5 129
      vertex -6 44 125.25
      vertex -6 44 129
    endloop
  endfacet
  facet normal 1 -0 0
    outer loop
      vertex 6 44 129
      vertex 6 45.5 125.25
      vertex 6 45.5 129
    endloop
  endfacet
  facet normal 1 0 0
    outer loop
      vertex 6 45.5 125.25
      vertex 6 44 129
      vertex 6 44 125.25
    endloop
  endfacet
  facet normal 0 1 -0
    outer loop
      vertex 6 45.5 125.25
      vertex -6 45.5 129
      vertex 6 45.5 129
    endloop
  endfacet
  facet normal 0 1 0
    outer loop
      vertex -6 45.5 129
      vertex 6 45.5 125.25
      vertex -6 45.5 125.25
    endloop
  endfacet
  facet normal 0 0 -1
    outer loop
      vertex -6 44 125.25
      vertex 6 45.5 125.25
      vertex 6 44 125.25
    endloop
  endfacet
  facet normal -0 0 -1
    outer loop
      vertex 6 45.5 125.25
      vertex -6 44 125.25
      vertex -6 45.5 125.25
    endloop
  endfacet
  facet normal -1 0 0
    outer loop
      vertex 8 44 125.25
      vertex 8 45.5 129
      vertex 8 45.5 125.25
    endloop
  endfacet
  facet normal -1 -0 0
    outer loop
      vertex 8 45.5 129
      vertex 8 44 125.25
      vertex 8 44 129
    endloop
  endfacet
  facet normal 1 -0 0
    outer loop
      vertex 20 44 129
      vertex 20 45.5 125.25
      vertex 20 45.5 129
    endloop
  endfacet
  facet normal 1 0 0
    outer loop
      vertex 20 45.5 125.25
      vertex 20 44 129
      vertex 20 44 125.25
    endloop
  endfacet
  facet normal 0 1 -0
    outer loop
      vertex 20 45.5 125.25
      vertex 8 45.5 129
      vertex 20 45.5 129
    endloop
  endfacet
  facet normal 0 1 0
    outer loop
      vertex 8 45.5 129
      vertex 20 45.5 125.25
      vertex 8 45.5 125.25
    endloop
  endfacet
  facet normal 0 0 -1
    outer loop
      vertex 8 44 125.25
      vertex 20 45.5 125.25
      vertex 20 44 125.25
    endloop
  endfacet
  facet normal -0 0 -1
    outer loop
      vertex 20 45.5 125.25
      vertex 8 44 125.25
      vertex 8 45.5 125.25
    endloop
  endfacet
  facet normal -1 0 0
    outer loop
      vertex 22 44 125.25
      vertex 22 45.5 129
      vertex 22 45.5 125.25
    endloop
  endfacet
  facet normal -1 -0 0
    outer loop
      vertex 22 45.5 129
      vertex 22 44 125.25
      vertex 22 44 129
    endloop
  endfacet
  facet normal 1 -0 0
    outer loop
      vertex 34 44 129
      vertex 34 45.5 125.25
      vertex 34 45.5 129
    endloop
  endfacet
  facet normal 1 0 0
    outer loop
      vertex 34 45.5 125.25
      vertex 34 44 129
      vertex 34 44 125.25
    endloop
  endfacet
  facet normal 0 1 -0
    outer loop
      vertex 34 45.5 125.25
      vertex 22 45.5 129
      vertex 34 45.5 129
    endloop
  endfacet
  facet normal 0 1 0
    outer loop
      vertex 22 45.5 129
      vertex 34 45.5 125.25
      vertex 22 45.5 125.25
    endloop
  endfacet
  facet normal 0 0 -1
    outer loop
      vertex 22 44 125.25
      vertex 34 45.5 125.25
      vertex 34 44 125.25
    endloop
  endfacet
  facet normal -0 0 -1
    outer loop
      vertex 34 45.5 125.25
      vertex 22 44 125.25
      vertex 22 45.5 125.25
    endloop
  endfacet
  facet normal 0 0 1
    outer loop
      vertex 27 45.8 106
      vertex 0 44 106
      vertex 27 44 106
    endloop
  endfacet
  facet normal -0 0 1
    outer loop
      vertex -27 45.8 106
      vertex 0 44 106
      vertex 27 45.8 106
    endloop
  endfacet
  facet normal 0 0 1
    outer loop
      vertex 0 44 106
      vertex -27 45.8 106
      vertex -27 44 106
    endloop
  endfacet
  facet normal 0 1 0
    outer loop
      vertex 27 45.8 106
      vertex 20 45.8 86
      vertex -27 45.8 106
    endloop
  endfacet
  facet normal 0 1 -0
    outer loop
      vertex 27 45.8 34
      vertex 20 45.8 86
      vertex 27 45.8 106
    endloop
  endfacet
  facet normal 0 1 0
    outer loop
      vertex 20 45.8 38
      vertex 27 45.8 34
      vertex -20 45.8 38
    endloop
  endfacet
  facet normal 0 1 0
    outer loop
      vertex 20 45.8 86
      vertex 27 45.8 34
      vertex 20 45.8 38
    endloop
  endfacet
  facet normal 0 1 -0
    outer loop
      vertex -20 45.8 86
      vertex -27 45.8 106
      vertex 20 45.8 86
    endloop
  endfacet
  facet normal 0 1 0
    outer loop
      vertex -27 45.8 34
      vertex -20 45.8 86
      vertex -20 45.8 38
    endloop
  endfacet
  facet normal 0 1 0
    outer loop
      vertex -20 45.8 86
      vertex -27 45.8 34
      vertex -27 45.8 106
    endloop
  endfacet
  facet normal 0 1 0
    outer loop
      vertex -27 45.8 34
      vertex -20 45.8 38
      vertex 27 45.8 34
    endloop
  endfacet
  facet normal 0 0 -1
    outer loop
      vertex -27 44 34
      vertex 27 45.8 34
      vertex 27 44 34
    endloop
  endfacet
  facet normal -0 0 -1
    outer loop
      vertex 27 45.8 34
      vertex -27 44 34
      vertex -27 45.8 34
    endloop
  endfacet
  facet normal 0 0 -1
    outer loop
      vertex -13 44.6 86
      vertex -15 44.6 86
      vertex -13 45.5 86
    endloop
  endfacet
  facet normal 0 0 -1
    outer loop
      vertex 1 44.6 86
      vertex -1 44.6 86
      vertex 1 45.5 86
    endloop
  endfacet
  facet normal 0 0 -1
    outer loop
      vertex 15 44.6 86
      vertex 13 44.6 86
      vertex 15 45.5 86
    endloop
  endfacet
  facet normal 0 0 -1
    outer loop
      vertex 15 45.5 86
      vertex 20 45.8 86
      vertex 20 45.5 86
    endloop
  endfacet
  facet normal 0 0 -1
    outer loop
      vertex 13 45.5 86
      vertex 15 45.5 86
      vertex 13 44.6 86
    endloop
  endfacet
  facet normal 0 0 -1
    outer loop
      vertex 13 45.5 86
      vertex 20 45.8 86
      vertex 15 45.5 86
    endloop
  endfacet
  facet normal 0 0 -1
    outer loop
      vertex 1 45.5 86
      vertex 20 45.8 86
      vertex 13 45.5 86
    endloop
  endfacet
  facet normal 0 0 -1
    outer loop
      vertex -1 45.5 86
      vertex 1 45.5 86
      vertex -1 44.6 86
    endloop
  endfacet
  facet normal 0 0 -1
    outer loop
      vertex -1 45.5 86
      vertex 20 45.8 86
      vertex 1 45.5 86
    endloop
  endfacet
  facet normal 0 0 -1
    outer loop
      vertex -20 45.8 86
      vertex -1 45.5 86
      vertex -13 45.5 86
    endloop
  endfacet
  facet normal 0 0 -1
    outer loop
      vertex -15 45.5 86
      vertex -13 45.5 86
      vertex -15 44.6 86
    endloop
  endfacet
  facet normal 0 0 -1
    outer loop
      vertex -20 45.8 86
      vertex -13 45.5 86
      vertex -15 45.5 86
    endloop
  endfacet
  facet normal 0 0 -1
    outer loop
      vertex -20 45.8 86
      vertex -15 45.5 86
      vertex -20 45.5 86
    endloop
  endfacet
  facet normal 0 0 -1
    outer loop
      vertex -1 45.5 86
      vertex -20 45.8 86
      vertex 20 45.8 86
    endloop
  endfacet
  facet normal -0 0 1
    outer loop
      vertex -20 45.8 38
      vertex 20 44 38
      vertex 20 45.8 38
    endloop
  endfacet
  facet normal 0 0 1
    outer loop
      vertex 20 44 38
      vertex -20 45.8 38
      vertex -20 44 38
    endloop
  endfacet
  facet normal -0.993718 0 -0.111913
    outer loop
      vertex 19.6901 44 88.75
      vertex 19.4986 44.6 90.4504
      vertex 19.6901 44.6 88.75
    endloop
  endfacet
  facet normal -0.993718 -0 -0.111913
    outer loop
      vertex 19.4986 44.6 90.4504
      vertex 19.6901 44 88.75
      vertex 19.4986 44 90.4504
    endloop
  endfacet
  facet normal -0.846722 0 -0.532036
    outer loop
      vertex 18.0194 44 94.6777
      vertex 16.4031 44.6 97.25
      vertex 18.0194 44.6 94.6777
    endloop
  endfacet
  facet normal -0.846722 -0 -0.532036
    outer loop
      vertex 16.4031 44.6 97.25
      vertex 18.0194 44 94.6777
      vertex 16.4031 44 97.25
    endloop
  endfacet
  facet normal 0.111867 0 -0.993723
    outer loop
      vertex -4.45042 44 105.499
      vertex 0 44.6 106
      vertex 0 44 106
    endloop
  endfacet
  facet normal 0.111867 0 -0.993723
    outer loop
      vertex 0 44.6 106
      vertex -4.45042 44 105.499
      vertex -4.45042 44.6 105.499
    endloop
  endfacet
  facet normal -0.111867 0 -0.993723
    outer loop
      vertex 0 44 106
      vertex 4.45042 44.6 105.499
      vertex 4.45042 44 105.499
    endloop
  endfacet
  facet normal -0.111867 0 -0.993723
    outer loop
      vertex 4.45042 44.6 105.499
      vertex 0 44 106
      vertex 0 44.6 106
    endloop
  endfacet
  facet normal 0.531913 0 -0.846799
    outer loop
      vertex -10.6979 44 102.75
      vertex -8.67767 44.6 104.019
      vertex -8.67767 44 104.019
    endloop
  endfacet
  facet normal 0.531913 0 -0.846799
    outer loop
      vertex -8.67767 44.6 104.019
      vertex -10.6979 44 102.75
      vertex -10.6979 44.6 102.75
    endloop
  endfacet
  facet normal 0.993718 0 -0.111913
    outer loop
      vertex -19.4986 44 90.4504
      vertex -19.6901 44.6 88.75
      vertex -19.4986 44.6 90.4504
    endloop
  endfacet
  facet normal 0.993718 0 -0.111913
    outer loop
      vertex -19.6901 44.6 88.75
      vertex -19.4986 44 90.4504
      vertex -19.6901 44 88.75
    endloop
  endfacet
  facet normal -0.531913 0 -0.846799
    outer loop
      vertex 8.67767 44 104.019
      vertex 10.6979 44.6 102.75
      vertex 10.6979 44 102.75
    endloop
  endfacet
  facet normal -0.531913 0 -0.846799
    outer loop
      vertex 10.6979 44.6 102.75
      vertex 8.67767 44 104.019
      vertex 8.67767 44.6 104.019
    endloop
  endfacet
  facet normal 0.943883 0 -0.33028
    outer loop
      vertex -18.0194 44 94.6777
      vertex -19.4986 44.6 90.4504
      vertex -18.0194 44.6 94.6777
    endloop
  endfacet
  facet normal 0.943883 0 -0.33028
    outer loop
      vertex -19.4986 44.6 90.4504
      vertex -18.0194 44 94.6777
      vertex -19.4986 44 90.4504
    endloop
  endfacet
  facet normal 0 -1 0
    outer loop
      vertex 13 44.6 86
      vertex 15 44.6 88.75
      vertex 13 44.6 88.75
    endloop
  endfacet
  facet normal 0 -1 -0
    outer loop
      vertex 15 44.6 88.75
      vertex 13 44.6 86
      vertex 15 44.6 86
    endloop
  endfacet
  facet normal 0 -1 0
    outer loop
      vertex -1 44.6 86
      vertex 1 44.6 88.75
      vertex -1 44.6 88.75
    endloop
  endfacet
  facet normal 0 -1 -0
    outer loop
      vertex 1 44.6 88.75
      vertex -1 44.6 86
      vertex 1 44.6 86
    endloop
  endfacet
  facet normal 0 -1 0
    outer loop
      vertex -15 44.6 86
      vertex -13 44.6 88.75
      vertex -15 44.6 88.75
    endloop
  endfacet
  facet normal 0 -1 -0
    outer loop
      vertex -13 44.6 88.75
      vertex -15 44.6 86
      vertex -13 44.6 86
    endloop
  endfacet
  facet normal 0 -1 0
    outer loop
      vertex -13 44.6 88.75
      vertex -8 44.6 97.25
      vertex -16.4031 44.6 97.25
    endloop
  endfacet
  facet normal 0 -1 -0
    outer loop
      vertex -8 44.6 97.25
      vertex -13 44.6 88.75
      vertex -6 44.6 97.25
    endloop
  endfacet
  facet normal 0 -1 0
    outer loop
      vertex -6 44.6 97.25
      vertex -1 44.6 88.75
      vertex 6 44.6 97.25
    endloop
  endfacet
  facet normal 0 -1 0
    outer loop
      vertex 1 44.6 88.75
      vertex 6 44.6 97.25
      vertex -1 44.6 88.75
    endloop
  endfacet
  facet normal 0 -1 0
    outer loop
      vertex -13 44.6 88.75
      vertex -16.4031 44.6 97.25
      vertex -18.0194 44.6 94.6777
    endloop
  endfacet
  facet normal 0 -1 -0
    outer loop
      vertex 6 44.6 97.25
      vertex 1 44.6 88.75
      vertex 8 44.6 97.25
    endloop
  endfacet
  facet normal 0 -1 0
    outer loop
      vertex -15 44.6 88.75
      vertex -18.0194 44.6 94.6777
      vertex -19.4986 44.6 90.4504
    endloop
  endfacet
  facet normal 0 -1 0
    outer loop
      vertex 13 44.6 88.75
      vertex 8 44.6 97.25
      vertex 1 44.6 88.75
    endloop
  endfacet
  facet normal 0 -1 0
    outer loop
      vertex -15 44.6 88.75
      vertex -19.4986 44.6 90.4504
      vertex -19.6901 44.6 88.75
    endloop
  endfacet
  facet normal 0 -1 0
    outer loop
      vertex -18.0194 44.6 94.6777
      vertex -15 44.6 88.75
      vertex -13 44.6 88.75
    endloop
  endfacet
  facet normal 0 -1 -0
    outer loop
      vertex -6 44.6 97.25
      vertex -13 44.6 88.75
      vertex -1 44.6 88.75
    endloop
  endfacet
  facet normal 0 -1 0
    outer loop
      vertex 8 44.6 97.25
      vertex 13 44.6 88.75
      vertex 16.4031 44.6 97.25
    endloop
  endfacet
  facet normal 0 -1 -0
    outer loop
      vertex 16.4031 44.6 97.25
      vertex 13 44.6 88.75
      vertex 18.0194 44.6 94.6777
    endloop
  endfacet
  facet normal 0 -1 0
    outer loop
      vertex 15 44.6 88.75
      vertex 18.0194 44.6 94.6777
      vertex 13 44.6 88.75
    endloop
  endfacet
  facet normal 0 -1 -0
    outer loop
      vertex 18.0194 44.6 94.6777
      vertex 15 44.6 88.75
      vertex 19.4986 44.6 90.4504
    endloop
  endfacet
  facet normal 0 -1 -0
    outer loop
      vertex 19.4986 44.6 90.4504
      vertex 15 44.6 88.75
      vertex 19.6901 44.6 88.75
    endloop
  endfacet
  facet normal 0 -1 0
    outer loop
      vertex 6 44.6 97.25
      vertex 8 44.6 102.75
      vertex 6 44.6 102.75
    endloop
  endfacet
  facet normal 0 -1 -0
    outer loop
      vertex 8 44.6 102.75
      vertex 6 44.6 97.25
      vertex 8 44.6 97.25
    endloop
  endfacet
  facet normal 0 -1 0
    outer loop
      vertex -8 44.6 97.25
      vertex -6 44.6 102.75
      vertex -8 44.6 102.75
    endloop
  endfacet
  facet normal 0 -1 -0
    outer loop
      vertex -6 44.6 102.75
      vertex -8 44.6 97.25
      vertex -6 44.6 97.25
    endloop
  endfacet
  facet normal 0 -1 0
    outer loop
      vertex -6 44.6 102.75
      vertex 0 44.6 106
      vertex -4.45042 44.6 105.499
    endloop
  endfacet
  facet normal 0 -1 0
    outer loop
      vertex -6 44.6 102.75
      vertex -4.45042 44.6 105.499
      vertex -8.67767 44.6 104.019
    endloop
  endfacet
  facet normal 0 -1 0
    outer loop
      vertex 6 44.6 102.75
      vertex 0 44.6 106
      vertex -6 44.6 102.75
    endloop
  endfacet
  facet normal 0 -1 0
    outer loop
      vertex -8 44.6 102.75
      vertex -8.67767 44.6 104.019
      vertex -10.6979 44.6 102.75
    endloop
  endfacet
  facet normal 0 -1 0
    outer loop
      vertex -6 44.6 102.75
      vertex -8.67767 44.6 104.019
      vertex -8 44.6 102.75
    endloop
  endfacet
  facet normal 0 -1 0
    outer loop
      vertex 0 44.6 106
      vertex 6 44.6 102.75
      vertex 4.45042 44.6 105.499
    endloop
  endfacet
  facet normal 0 -1 0
    outer loop
      vertex 4.45042 44.6 105.499
      vertex 6 44.6 102.75
      vertex 8.67767 44.6 104.019
    endloop
  endfacet
  facet normal 0 -1 0
    outer loop
      vertex 8 44.6 102.75
      vertex 8.67767 44.6 104.019
      vertex 6 44.6 102.75
    endloop
  endfacet
  facet normal 0 -1 -0
    outer loop
      vertex 8.67767 44.6 104.019
      vertex 8 44.6 102.75
      vertex 10.6979 44.6 102.75
    endloop
  endfacet
  facet normal -0.943883 0 -0.33028
    outer loop
      vertex 19.4986 44 90.4504
      vertex 18.0194 44.6 94.6777
      vertex 19.4986 44.6 90.4504
    endloop
  endfacet
  facet normal -0.943883 -0 -0.33028
    outer loop
      vertex 18.0194 44.6 94.6777
      vertex 19.4986 44 90.4504
      vertex 18.0194 44 94.6777
    endloop
  endfacet
  facet normal -0.330442 0 -0.943826
    outer loop
      vertex 4.45042 44 105.499
      vertex 8.67767 44.6 104.019
      vertex 8.67767 44 104.019
    endloop
  endfacet
  facet normal -0.330442 0 -0.943826
    outer loop
      vertex 8.67767 44.6 104.019
      vertex 4.45042 44 105.499
      vertex 4.45042 44.6 105.499
    endloop
  endfacet
  facet normal 0.330442 0 -0.943826
    outer loop
      vertex -8.67767 44 104.019
      vertex -4.45042 44.6 105.499
      vertex -4.45042 44 105.499
    endloop
  endfacet
  facet normal 0.330442 0 -0.943826
    outer loop
      vertex -4.45042 44.6 105.499
      vertex -8.67767 44 104.019
      vertex -8.67767 44.6 104.019
    endloop
  endfacet
  facet normal 0.846722 0 -0.532036
    outer loop
      vertex -16.4031 44 97.25
      vertex -18.0194 44.6 94.6777
      vertex -16.4031 44.6 97.25
    endloop
  endfacet
  facet normal 0.846722 0 -0.532036
    outer loop
      vertex -18.0194 44.6 94.6777
      vertex -16.4031 44 97.25
      vertex -18.0194 44 94.6777
    endloop
  endfacet
  facet normal -1 0 0
    outer loop
      vertex -35 44 129
      vertex -35 46.7 147
      vertex -35 46.7 129
    endloop
  endfacet
  facet normal -1 -0 0
    outer loop
      vertex -35 46.7 147
      vertex -35 44 129
      vertex -35 44 147
    endloop
  endfacet
  facet normal -0 0 1
    outer loop
      vertex -35 46.7 147
      vertex 35 44 147
      vertex 35 46.7 147
    endloop
  endfacet
  facet normal 0 0 1
    outer loop
      vertex 35 44 147
      vertex -35 46.7 147
      vertex -35 44 147
    endloop
  endfacet
  facet normal 1 -0 0
    outer loop
      vertex 35 44 147
      vertex 35 46.7 129
      vertex 35 46.7 147
    endloop
  endfacet
  facet normal 1 0 0
    outer loop
      vertex 35 46.7 129
      vertex 35 44 147
      vertex 35 44 129
    endloop
  endfacet
  facet normal 0 0 -1
    outer loop
      vertex -34 44 129
      vertex -35 44 129
      vertex -34 45.5 129
    endloop
  endfacet
  facet normal 0 0 -1
    outer loop
      vertex -20 44 129
      vertex -22 44 129
      vertex -20 45.5 129
    endloop
  endfacet
  facet normal 0 0 -1
    outer loop
      vertex -6 44 129
      vertex -8 44 129
      vertex -6 45.5 129
    endloop
  endfacet
  facet normal 0 0 -1
    outer loop
      vertex 8 44 129
      vertex 6 44 129
      vertex 8 45.5 129
    endloop
  endfacet
  facet normal 0 0 -1
    outer loop
      vertex 22 44 129
      vertex 20 44 129
      vertex 22 45.5 129
    endloop
  endfacet
  facet normal 0 0 -1
    outer loop
      vertex 34 45.5 129
      vertex 35 44 129
      vertex 34 44 129
    endloop
  endfacet
  facet normal 0 0 -1
    outer loop
      vertex 35 44 129
      vertex 34 45.5 129
      vertex 35 46.7 129
    endloop
  endfacet
  facet normal 0 0 -1
    outer loop
      vertex 22 45.5 129
      vertex 35 46.7 129
      vertex 34 45.5 129
    endloop
  endfacet
  facet normal 0 0 -1
    outer loop
      vertex 20 45.5 129
      vertex 22 45.5 129
      vertex 20 44 129
    endloop
  endfacet
  facet normal 0 0 -1
    outer loop
      vertex 20 45.5 129
      vertex 35 46.7 129
      vertex 22 45.5 129
    endloop
  endfacet
  facet normal 0 0 -1
    outer loop
      vertex 8 45.5 129
      vertex 35 46.7 129
      vertex 20 45.5 129
    endloop
  endfacet
  facet normal 0 0 -1
    outer loop
      vertex 6 45.5 129
      vertex 8 45.5 129
      vertex 6 44 129
    endloop
  endfacet
  facet normal 0 0 -1
    outer loop
      vertex 6 45.5 129
      vertex 35 46.7 129
      vertex 8 45.5 129
    endloop
  endfacet
  facet normal 0 0 -1
    outer loop
      vertex -6 45.5 129
      vertex 35 46.7 129
      vertex 6 45.5 129
    endloop
  endfacet
  facet normal 0 0 -1
    outer loop
      vertex -8 45.5 129
      vertex -6 45.5 129
      vertex -8 44 129
    endloop
  endfacet
  facet normal 0 0 -1
    outer loop
      vertex -35 46.7 129
      vertex -6 45.5 129
      vertex -8 45.5 129
    endloop
  endfacet
  facet normal 0 0 -1
    outer loop
      vertex -35 46.7 129
      vertex -8 45.5 129
      vertex -20 45.5 129
    endloop
  endfacet
  facet normal 0 0 -1
    outer loop
      vertex -22 45.5 129
      vertex -20 45.5 129
      vertex -22 44 129
    endloop
  endfacet
  facet normal 0 0 -1
    outer loop
      vertex -35 46.7 129
      vertex -20 45.5 129
      vertex -22 45.5 129
    endloop
  endfacet
  facet normal 0 0 -1
    outer loop
      vertex -35 46.7 129
      vertex -22 45.5 129
      vertex -34 45.5 129
    endloop
  endfacet
  facet normal 0 0 -1
    outer loop
      vertex -6 45.5 129
      vertex -35 46.7 129
      vertex 35 46.7 129
    endloop
  endfacet
  facet normal 0 0 -1
    outer loop
      vertex -35 46.7 129
      vertex -34 45.5 129
      vertex -35 44 129
    endloop
  endfacet
  facet normal 0 1 -0
    outer loop
      vertex 35 46.7 129
      vertex -35 46.7 147
      vertex 35 46.7 147
    endloop
  endfacet
  facet normal 0 1 0
    outer loop
      vertex -35 46.7 147
      vertex 35 46.7 129
      vertex -35 46.7 129
    endloop
  endfacet
  facet normal -1 0 0
    outer loop
      vertex -39 -13 160
      vertex -39 13 166
      vertex -39 13 160
    endloop
  endfacet
  facet normal -1 -0 0
    outer loop
      vertex -39 13 166
      vertex -39 -13 160
      vertex -39 -13 166
    endloop
  endfacet
  facet normal -0 0 1
    outer loop
      vertex -39 13 166
      vertex 39 -13 166
      vertex 39 13 166
    endloop
  endfacet
  facet normal 0 0 1
    outer loop
      vertex 39 -13 166
      vertex -39 13 166
      vertex -39 -13 166
    endloop
  endfacet
  facet normal 1 -0 0
    outer loop
      vertex 39 -13 166
      vertex 39 13 160
      vertex 39 13 166
    endloop
  endfacet
  facet normal 1 0 0
    outer loop
      vertex 39 13 160
      vertex 39 -13 166
      vertex 39 -13 160
    endloop
  endfacet
  facet normal 0 -1 0
    outer loop
      vertex -39 -13 160
      vertex 39 -13 166
      vertex -39 -13 166
    endloop
  endfacet
  facet normal 0 -1 -0
    outer loop
      vertex 39 -13 166
      vertex -39 -13 160
      vertex 39 -13 160
    endloop
  endfacet
  facet normal 0 1 -0
    outer loop
      vertex 39 13 160
      vertex -39 13 166
      vertex 39 13 166
    endloop
  endfacet
  facet normal 0 1 0
    outer loop
      vertex -39 13 166
      vertex 39 13 160
      vertex -39 13 160
    endloop
  endfacet
  facet normal 0 0 -1
    outer loop
      vertex 5.15503 -5.01949 166.2
      vertex 6.21292 5.26079 166.2
      vertex 7.64372 5.26079 166.2
    endloop
  endfacet
  facet normal 0 0 -1
    outer loop
      vertex 6.21292 5.26079 166.2
      vertex 5.15503 -5.01949 166.2
      vertex 3.75133 -5.01949 166.2
    endloop
  endfacet
  facet normal -0 0 -1
    outer loop
      vertex -8.03171 -0.752594 166.2
      vertex -10.0169 -1.19643 166.2
      vertex -9.97014 -0.659195 166.2
    endloop
  endfacet
  facet normal 0 0 -1
    outer loop
      vertex -9.3678 -4.1881 166.2
      vertex -10.0802 -1.66885 166.2
      vertex -10.0169 -1.19643 166.2
    endloop
  endfacet
  facet normal 0 0 -1
    outer loop
      vertex -9.3678 -4.1881 166.2
      vertex -10.16 -2.07649 166.2
      vertex -10.0802 -1.66885 166.2
    endloop
  endfacet
  facet normal 0 0 -1
    outer loop
      vertex -10.7945 -3.21198 166.2
      vertex -9.75546 -4.48985 166.2
      vertex -10.177 -4.72455 166.2
    endloop
  endfacet
  facet normal 0 0 -1
    outer loop
      vertex -9.3678 -4.1881 166.2
      vertex -10.2565 -2.41933 166.2
      vertex -10.16 -2.07649 166.2
    endloop
  endfacet
  facet normal 0 0 -1
    outer loop
      vertex -9.3678 -4.1881 166.2
      vertex -10.3695 -2.69736 166.2
      vertex -10.2565 -2.41933 166.2
    endloop
  endfacet
  facet normal 0 0 -1
    outer loop
      vertex -9.3678 -4.1881 166.2
      vertex -10.4991 -2.9106 166.2
      vertex -10.3695 -2.69736 166.2
    endloop
  endfacet
  facet normal 0 0 -1
    outer loop
      vertex -10.9568 -3.31747 166.2
      vertex -10.177 -4.72455 166.2
      vertex -10.6325 -4.89218 166.2
    endloop
  endfacet
  facet normal 0 0 -1
    outer loop
      vertex -9.3678 -4.1881 166.2
      vertex -10.6419 -3.07635 166.2
      vertex -10.4991 -2.9106 166.2
    endloop
  endfacet
  facet normal 0 0 -1
    outer loop
      vertex -9.75546 -4.48985 166.2
      vertex -10.7945 -3.21198 166.2
      vertex -10.6419 -3.07635 166.2
    endloop
  endfacet
  facet normal 0 0 -1
    outer loop
      vertex -10.177 -4.72455 166.2
      vertex -10.9568 -3.31747 166.2
      vertex -10.7945 -3.21198 166.2
    endloop
  endfacet
  facet normal 0 0 -1
    outer loop
      vertex -11.129 -3.39281 166.2
      vertex -10.6325 -4.89218 166.2
      vertex -11.1219 -4.99277 166.2
    endloop
  endfacet
  facet normal 0 0 -1
    outer loop
      vertex -10.6325 -4.89218 166.2
      vertex -11.129 -3.39281 166.2
      vertex -10.9568 -3.31747 166.2
    endloop
  endfacet
  facet normal 0 0 -1
    outer loop
      vertex -11.1219 -4.99277 166.2
      vertex -11.311 -3.43802 166.2
      vertex -11.129 -3.39281 166.2
    endloop
  endfacet
  facet normal 0 0 -1
    outer loop
      vertex -11.1219 -4.99277 166.2
      vertex -11.5027 -3.45309 166.2
      vertex -11.311 -3.43802 166.2
    endloop
  endfacet
  facet normal 0 0 -1
    outer loop
      vertex -11.6451 -5.02629 166.2
      vertex -11.5027 -3.45309 166.2
      vertex -11.1219 -4.99277 166.2
    endloop
  endfacet
  facet normal 0 0 -1
    outer loop
      vertex -11.6451 -5.02629 166.2
      vertex -11.6536 -3.44556 166.2
      vertex -11.5027 -3.45309 166.2
    endloop
  endfacet
  facet normal 0 0 -1
    outer loop
      vertex -12.0215 -5.00906 166.2
      vertex -11.6536 -3.44556 166.2
      vertex -11.6451 -5.02629 166.2
    endloop
  endfacet
  facet normal -0 0 -1
    outer loop
      vertex -11.6536 -3.44556 166.2
      vertex -12.0215 -5.00906 166.2
      vertex -11.7943 -3.42296 166.2
    endloop
  endfacet
  facet normal -0 0 -1
    outer loop
      vertex -11.7943 -3.42296 166.2
      vertex -12.0215 -5.00906 166.2
      vertex -11.9249 -3.3853 166.2
    endloop
  endfacet
  facet normal 0 0 -1
    outer loop
      vertex -12.373 -4.95735 166.2
      vertex -11.9249 -3.3853 166.2
      vertex -12.0215 -5.00906 166.2
    endloop
  endfacet
  facet normal -0 0 -1
    outer loop
      vertex -11.9249 -3.3853 166.2
      vertex -12.373 -4.95735 166.2
      vertex -12.0452 -3.33257 166.2
    endloop
  endfacet
  facet normal 0 0 -1
    outer loop
      vertex -12.6996 -4.87117 166.2
      vertex -12.0452 -3.33257 166.2
      vertex -12.373 -4.95735 166.2
    endloop
  endfacet
  facet normal 0 0 -1
    outer loop
      vertex -13.0014 -4.75052 166.2
      vertex -12.0452 -3.33257 166.2
      vertex -12.6996 -4.87117 166.2
    endloop
  endfacet
  facet normal -0 0 -1
    outer loop
      vertex -12.0452 -3.33257 166.2
      vertex -13.0014 -4.75052 166.2
      vertex -12.1554 -3.26476 166.2
    endloop
  endfacet
  facet normal 0 0 -1
    outer loop
      vertex -13.2783 -4.59538 166.2
      vertex -12.1554 -3.26476 166.2
      vertex -13.0014 -4.75052 166.2
    endloop
  endfacet
  facet normal -0 0 -1
    outer loop
      vertex -12.1554 -3.26476 166.2
      vertex -13.2783 -4.59538 166.2
      vertex -12.2554 -3.18188 166.2
    endloop
  endfacet
  facet normal 0 0 -1
    outer loop
      vertex -13.5303 -4.40579 166.2
      vertex -12.2554 -3.18188 166.2
      vertex -13.2783 -4.59538 166.2
    endloop
  endfacet
  facet normal -0 0 -1
    outer loop
      vertex -12.2554 -3.18188 166.2
      vertex -13.5303 -4.40579 166.2
      vertex -12.3443 -3.08336 166.2
    endloop
  endfacet
  facet normal 0 0 -1
    outer loop
      vertex -13.7556 -4.18192 166.2
      vertex -12.3443 -3.08336 166.2
      vertex -13.5303 -4.40579 166.2
    endloop
  endfacet
  facet normal -0 0 -1
    outer loop
      vertex -12.3443 -3.08336 166.2
      vertex -13.7556 -4.18192 166.2
      vertex -12.4212 -2.96863 166.2
    endloop
  endfacet
  facet normal 0 0 -1
    outer loop
      vertex -13.9523 -3.92395 166.2
      vertex -12.4212 -2.96863 166.2
      vertex -13.7556 -4.18192 166.2
    endloop
  endfacet
  facet normal 0 0 -1
    outer loop
      vertex -14.1203 -3.6319 166.2
      vertex -12.4212 -2.96863 166.2
      vertex -13.9523 -3.92395 166.2
    endloop
  endfacet
  facet normal -0 0 -1
    outer loop
      vertex -12.4212 -2.96863 166.2
      vertex -14.1203 -3.6319 166.2
      vertex -12.486 -2.83769 166.2
    endloop
  endfacet
  facet normal 0 0 -1
    outer loop
      vertex -14.2597 -3.30574 166.2
      vertex -12.486 -2.83769 166.2
      vertex -14.1203 -3.6319 166.2
    endloop
  endfacet
  facet normal -0 0 -1
    outer loop
      vertex -12.486 -2.83769 166.2
      vertex -14.2597 -3.30574 166.2
      vertex -12.5387 -2.69055 166.2
    endloop
  endfacet
  facet normal 0 0 -1
    outer loop
      vertex -14.3704 -2.94551 166.2
      vertex -12.5387 -2.69055 166.2
      vertex -14.2597 -3.30574 166.2
    endloop
  endfacet
  facet normal -0 0 -1
    outer loop
      vertex -12.5387 -2.69055 166.2
      vertex -14.3704 -2.94551 166.2
      vertex -12.5794 -2.52722 166.2
    endloop
  endfacet
  facet normal -0 0 -1
    outer loop
      vertex -12.5794 -2.52722 166.2
      vertex -14.3704 -2.94551 166.2
      vertex -12.608 -2.34769 166.2
    endloop
  endfacet
  facet normal 0 0 -1
    outer loop
      vertex -12.608 -2.34769 166.2
      vertex -14.3704 -2.94551 166.2
      vertex -14.4525 -2.55119 166.2
    endloop
  endfacet
  facet normal 0 0 -1
    outer loop
      vertex -9.97014 -0.659195 166.2
      vertex -8.00365 0.113892 166.2
      vertex -8.03171 -0.752594 166.2
    endloop
  endfacet
  facet normal 0 0 -1
    outer loop
      vertex -10.307 0.672226 166.2
      vertex -8.00365 0.113892 166.2
      vertex -9.97014 -0.659195 166.2
    endloop
  endfacet
  facet normal 0 0 -1
    outer loop
      vertex -10.0169 -1.19643 166.2
      vertex -8.03171 -0.752594 166.2
      vertex -8.11591 -1.53471 166.2
    endloop
  endfacet
  facet normal 0 -0 -1
    outer loop
      vertex -10.2338 0.873398 166.2
      vertex -8.00365 0.113892 166.2
      vertex -10.307 0.672226 166.2
    endloop
  endfacet
  facet normal 0 0 -1
    outer loop
      vertex -10.0169 -1.19643 166.2
      vertex -8.11591 -1.53471 166.2
      vertex -8.25624 -2.23244 166.2
    endloop
  endfacet
  facet normal 0 -0 -1
    outer loop
      vertex -10.1816 1.09715 166.2
      vertex -8.03058 0.964844 166.2
      vertex -10.2338 0.873398 166.2
    endloop
  endfacet
  facet normal 0 0 -1
    outer loop
      vertex -10.0169 -1.19643 166.2
      vertex -8.25624 -2.23244 166.2
      vertex -8.45271 -2.84578 166.2
    endloop
  endfacet
  facet normal 0 -0 -1
    outer loop
      vertex -10.1502 1.34352 166.2
      vertex -8.03058 0.964844 166.2
      vertex -10.1816 1.09715 166.2
    endloop
  endfacet
  facet normal 0 0 -1
    outer loop
      vertex -10.0169 -1.19643 166.2
      vertex -8.45271 -2.84578 166.2
      vertex -8.70531 -3.37473 166.2
    endloop
  endfacet
  facet normal 0 -0 -1
    outer loop
      vertex -10.1397 1.61249 166.2
      vertex -8.11139 1.73196 166.2
      vertex -10.1502 1.34352 166.2
    endloop
  endfacet
  facet normal 0 0 -1
    outer loop
      vertex -10.0169 -1.19643 166.2
      vertex -8.70531 -3.37473 166.2
      vertex -9.01404 -3.81929 166.2
    endloop
  endfacet
  facet normal 0 0 -1
    outer loop
      vertex -10.1515 1.90843 166.2
      vertex -8.11139 1.73196 166.2
      vertex -10.1397 1.61249 166.2
    endloop
  endfacet
  facet normal 0 0 -1
    outer loop
      vertex -10.0169 -1.19643 166.2
      vertex -9.01404 -3.81929 166.2
      vertex -9.3678 -4.1881 166.2
    endloop
  endfacet
  facet normal 0 0 -1
    outer loop
      vertex -10.1868 2.1814 166.2
      vertex -8.24606 2.41527 166.2
      vertex -10.1515 1.90843 166.2
    endloop
  endfacet
  facet normal 0 0 -1
    outer loop
      vertex -10.6419 -3.07635 166.2
      vertex -9.3678 -4.1881 166.2
      vertex -9.75546 -4.48985 166.2
    endloop
  endfacet
  facet normal -0 0 -1
    outer loop
      vertex -8.24606 2.41527 166.2
      vertex -10.1868 2.1814 166.2
      vertex -8.43462 3.01474 166.2
    endloop
  endfacet
  facet normal -0 0 -1
    outer loop
      vertex -8.43462 3.01474 166.2
      vertex -10.2457 2.43137 166.2
      vertex -8.67705 3.53038 166.2
    endloop
  endfacet
  facet normal 0 0 -1
    outer loop
      vertex -10.3281 2.65836 166.2
      vertex -8.67705 3.53038 166.2
      vertex -10.2457 2.43137 166.2
    endloop
  endfacet
  facet normal 0 0 -1
    outer loop
      vertex -10.2457 2.43137 166.2
      vertex -8.43462 3.01474 166.2
      vertex -10.1868 2.1814 166.2
    endloop
  endfacet
  facet normal 0 0 -1
    outer loop
      vertex -8.11139 1.73196 166.2
      vertex -10.1515 1.90843 166.2
      vertex -8.24606 2.41527 166.2
    endloop
  endfacet
  facet normal 0 0 -1
    outer loop
      vertex -10.7862 0.0965881 166.2
      vertex -9.97014 -0.659195 166.2
      vertex -10.2197 -0.914062 166.2
    endloop
  endfacet
  facet normal 0 0 -1
    outer loop
      vertex -8.03058 0.964844 166.2
      vertex -10.1502 1.34352 166.2
      vertex -8.11139 1.73196 166.2
    endloop
  endfacet
  facet normal 0 0 -1
    outer loop
      vertex -8.00365 0.113892 166.2
      vertex -10.2338 0.873398 166.2
      vertex -8.03058 0.964844 166.2
    endloop
  endfacet
  facet normal 0 0 -1
    outer loop
      vertex -9.97014 -0.659195 166.2
      vertex -10.4011 0.493652 166.2
      vertex -10.307 0.672226 166.2
    endloop
  endfacet
  facet normal 0 0 -1
    outer loop
      vertex -10.9357 0.0121918 166.2
      vertex -10.2197 -0.914062 166.2
      vertex -10.4893 -1.12257 166.2
    endloop
  endfacet
  facet normal 0 0 -1
    outer loop
      vertex -9.97014 -0.659195 166.2
      vertex -10.5161 0.337692 166.2
      vertex -10.4011 0.493652 166.2
    endloop
  endfacet
  facet normal 0 0 -1
    outer loop
      vertex -9.97014 -0.659195 166.2
      vertex -10.6464 0.205078 166.2
      vertex -10.5161 0.337692 166.2
    endloop
  endfacet
  facet normal 0 0 -1
    outer loop
      vertex -11.0948 -0.0480652 166.2
      vertex -10.4893 -1.12257 166.2
      vertex -10.7788 -1.28477 166.2
    endloop
  endfacet
  facet normal 0 0 -1
    outer loop
      vertex -9.97014 -0.659195 166.2
      vertex -10.7862 0.0965881 166.2
      vertex -10.6464 0.205078 166.2
    endloop
  endfacet
  facet normal 0 0 -1
    outer loop
      vertex -10.2197 -0.914062 166.2
      vertex -10.9357 0.0121918 166.2
      vertex -10.7862 0.0965881 166.2
    endloop
  endfacet
  facet normal 0 0 -1
    outer loop
      vertex -11.2634 -0.0842438 166.2
      vertex -10.7788 -1.28477 166.2
      vertex -11.0883 -1.40062 166.2
    endloop
  endfacet
  facet normal 0 0 -1
    outer loop
      vertex -10.4893 -1.12257 166.2
      vertex -11.0948 -0.0480652 166.2
      vertex -10.9357 0.0121918 166.2
    endloop
  endfacet
  facet normal 0 0 -1
    outer loop
      vertex -10.7788 -1.28477 166.2
      vertex -11.2634 -0.0842438 166.2
      vertex -11.0948 -0.0480652 166.2
    endloop
  endfacet
  facet normal 0 0 -1
    outer loop
      vertex -11.4417 -0.0962982 166.2
      vertex -11.0883 -1.40062 166.2
      vertex -11.4178 -1.47012 166.2
    endloop
  endfacet
  facet normal 0 0 -1
    outer loop
      vertex -11.0883 -1.40062 166.2
      vertex -11.4417 -0.0962982 166.2
      vertex -11.2634 -0.0842438 166.2
    endloop
  endfacet
  facet normal 0 0 -1
    outer loop
      vertex -11.4178 -1.47012 166.2
      vertex -11.6263 -0.0837708 166.2
      vertex -11.4417 -0.0962982 166.2
    endloop
  endfacet
  facet normal 0 0 -1
    outer loop
      vertex -11.7672 -1.49329 166.2
      vertex -11.6263 -0.0837708 166.2
      vertex -11.4178 -1.47012 166.2
    endloop
  endfacet
  facet normal 0 0 -1
    outer loop
      vertex -11.7672 -1.49329 166.2
      vertex -11.8004 -0.0461884 166.2
      vertex -11.6263 -0.0837708 166.2
    endloop
  endfacet
  facet normal 0 0 -1
    outer loop
      vertex -12.1493 -1.46814 166.2
      vertex -11.8004 -0.0461884 166.2
      vertex -11.7672 -1.49329 166.2
    endloop
  endfacet
  facet normal -0 0 -1
    outer loop
      vertex -11.8004 -0.0461884 166.2
      vertex -12.1493 -1.46814 166.2
      vertex -11.9639 0.0164185 166.2
    endloop
  endfacet
  facet normal 0 0 -1
    outer loop
      vertex -12.5135 -1.3927 166.2
      vertex -11.9639 0.0164185 166.2
      vertex -12.1493 -1.46814 166.2
    endloop
  endfacet
  facet normal -0 0 -1
    outer loop
      vertex -11.9639 0.0164185 166.2
      vertex -12.5135 -1.3927 166.2
      vertex -12.1169 0.104095 166.2
    endloop
  endfacet
  facet normal 0 0 -1
    outer loop
      vertex -12.8598 -1.26697 166.2
      vertex -12.1169 0.104095 166.2
      vertex -12.5135 -1.3927 166.2
    endloop
  endfacet
  facet normal 0 0 -1
    outer loop
      vertex -13.1883 -1.09094 166.2
      vertex -12.1169 0.104095 166.2
      vertex -12.8598 -1.26697 166.2
    endloop
  endfacet
  facet normal -0 0 -1
    outer loop
      vertex -12.1169 0.104095 166.2
      vertex -13.1883 -1.09094 166.2
      vertex -12.2593 0.216812 166.2
    endloop
  endfacet
  facet normal 0 0 -1
    outer loop
      vertex -13.4988 -0.864609 166.2
      vertex -12.2593 0.216812 166.2
      vertex -13.1883 -1.09094 166.2
    endloop
  endfacet
  facet normal -0 0 -1
    outer loop
      vertex -12.2593 0.216812 166.2
      vertex -13.4988 -0.864609 166.2
      vertex -12.3911 0.354599 166.2
    endloop
  endfacet
  facet normal 0 0 -1
    outer loop
      vertex -13.7914 -0.587997 166.2
      vertex -12.3911 0.354599 166.2
      vertex -13.4988 -0.864609 166.2
    endloop
  endfacet
  facet normal -0 0 -1
    outer loop
      vertex -12.3911 0.354599 166.2
      vertex -13.7914 -0.587997 166.2
      vertex -12.5072 0.51915 166.2
    endloop
  endfacet
  facet normal -0 0 -1
    outer loop
      vertex -12.5072 0.51915 166.2
      vertex -14.0515 -0.271057 166.2
      vertex -12.6021 0.712143 166.2
    endloop
  endfacet
  facet normal 0 0 -1
    outer loop
      vertex -14.0515 -0.271057 166.2
      vertex -12.5072 0.51915 166.2
      vertex -13.7914 -0.587997 166.2
    endloop
  endfacet
  facet normal 0 0 -1
    outer loop
      vertex -10.4341 2.86237 166.2
      vertex -8.67705 3.53038 166.2
      vertex -10.3281 2.65836 166.2
    endloop
  endfacet
  facet normal -0 0 -1
    outer loop
      vertex -8.67705 3.53038 166.2
      vertex -10.4341 2.86237 166.2
      vertex -8.97334 3.96219 166.2
    endloop
  endfacet
  facet normal 0 0 -1
    outer loop
      vertex -10.5635 3.0434 166.2
      vertex -8.97334 3.96219 166.2
      vertex -10.4341 2.86237 166.2
    endloop
  endfacet
  facet normal -0 0 -1
    outer loop
      vertex -8.97334 3.96219 166.2
      vertex -10.5635 3.0434 166.2
      vertex -9.31165 4.31963 166.2
    endloop
  endfacet
  facet normal 0 0 -1
    outer loop
      vertex -10.7085 3.19879 166.2
      vertex -9.31165 4.31963 166.2
      vertex -10.5635 3.0434 166.2
    endloop
  endfacet
  facet normal -0 0 -1
    outer loop
      vertex -9.31165 4.31963 166.2
      vertex -10.7085 3.19879 166.2
      vertex -9.68008 4.61208 166.2
    endloop
  endfacet
  facet normal 0 0 -1
    outer loop
      vertex -10.8608 3.32594 166.2
      vertex -9.68008 4.61208 166.2
      vertex -10.7085 3.19879 166.2
    endloop
  endfacet
  facet normal -0 0 -1
    outer loop
      vertex -9.68008 4.61208 166.2
      vertex -10.8608 3.32594 166.2
      vertex -10.0787 4.83954 166.2
    endloop
  endfacet
  facet normal 0 0 -1
    outer loop
      vertex -11.0204 3.42484 166.2
      vertex -10.0787 4.83954 166.2
      vertex -10.8608 3.32594 166.2
    endloop
  endfacet
  facet normal -0 0 -1
    outer loop
      vertex -10.0787 4.83954 166.2
      vertex -11.0204 3.42484 166.2
      vertex -10.5074 5.00201 166.2
    endloop
  endfacet
  facet normal 0 0 -1
    outer loop
      vertex -11.1874 3.49548 166.2
      vertex -10.5074 5.00201 166.2
      vertex -11.0204 3.42484 166.2
    endloop
  endfacet
  facet normal -0 0 -1
    outer loop
      vertex -10.5074 5.00201 166.2
      vertex -11.1874 3.49548 166.2
      vertex -10.9662 5.0995 166.2
    endloop
  endfacet
  facet normal 0 0 -1
    outer loop
      vertex -11.3618 3.53786 166.2
      vertex -10.9662 5.0995 166.2
      vertex -11.1874 3.49548 166.2
    endloop
  endfacet
  facet normal 0 0 -1
    outer loop
      vertex -11.3618 3.53786 166.2
      vertex -11.4552 5.13199 166.2
      vertex -10.9662 5.0995 166.2
    endloop
  endfacet
  facet normal 0 0 -1
    outer loop
      vertex -11.5434 3.55199 166.2
      vertex -11.4552 5.13199 166.2
      vertex -11.3618 3.53786 166.2
    endloop
  endfacet
  facet normal 0 0 -1
    outer loop
      vertex -11.905 5.10628 166.2
      vertex -11.5434 3.55199 166.2
      vertex -11.7148 3.54041 166.2
    endloop
  endfacet
  facet normal 0 0 -1
    outer loop
      vertex -11.905 5.10628 166.2
      vertex -11.7148 3.54041 166.2
      vertex -11.8761 3.50565 166.2
    endloop
  endfacet
  facet normal 0 0 -1
    outer loop
      vertex -11.5434 3.55199 166.2
      vertex -11.905 5.10628 166.2
      vertex -11.4552 5.13199 166.2
    endloop
  endfacet
  facet normal 0 0 -1
    outer loop
      vertex -12.3274 5.02914 166.2
      vertex -11.8761 3.50565 166.2
      vertex -12.0275 3.44772 166.2
    endloop
  endfacet
  facet normal 0 0 -1
    outer loop
      vertex -12.7225 4.90057 166.2
      vertex -12.0275 3.44772 166.2
      vertex -12.1688 3.36661 166.2
    endloop
  endfacet
  facet normal 0 0 -1
    outer loop
      vertex -13.0903 4.72057 166.2
      vertex -12.1688 3.36661 166.2
      vertex -12.3002 3.26234 166.2
    endloop
  endfacet
  facet normal 0 0 -1
    outer loop
      vertex -11.8761 3.50565 166.2
      vertex -12.3274 5.02914 166.2
      vertex -11.905 5.10628 166.2
    endloop
  endfacet
  facet normal 0 0 -1
    outer loop
      vertex -13.4308 4.48915 166.2
      vertex -12.3002 3.26234 166.2
      vertex -12.4216 3.13489 166.2
    endloop
  endfacet
  facet normal 0 0 -1
    outer loop
      vertex -13.7439 4.2063 166.2
      vertex -12.4216 3.13489 166.2
      vertex -12.5284 2.98111 166.2
    endloop
  endfacet
  facet normal 0 0 -1
    outer loop
      vertex -14.0185 3.88147 166.2
      vertex -12.5284 2.98111 166.2
      vertex -12.6156 2.79773 166.2
    endloop
  endfacet
  facet normal 0 0 -1
    outer loop
      vertex -14.2431 3.52405 166.2
      vertex -12.6156 2.79773 166.2
      vertex -12.6835 2.58479 166.2
    endloop
  endfacet
  facet normal 0 0 -1
    outer loop
      vertex -12.0275 3.44772 166.2
      vertex -12.7225 4.90057 166.2
      vertex -12.3274 5.02914 166.2
    endloop
  endfacet
  facet normal 0 0 -1
    outer loop
      vertex -14.5426 2.71144 166.2
      vertex -12.6835 2.58479 166.2
      vertex -12.732 2.34227 166.2
    endloop
  endfacet
  facet normal 0 0 -1
    outer loop
      vertex -14.6175 2.25627 166.2
      vertex -12.732 2.34227 166.2
      vertex -12.7611 2.07018 166.2
    endloop
  endfacet
  facet normal 0 0 -1
    outer loop
      vertex -14.6424 1.76849 166.2
      vertex -12.7611 2.07018 166.2
      vertex -12.7708 1.76849 166.2
    endloop
  endfacet
  facet normal 0 0 -1
    outer loop
      vertex -14.2642 0.0761871 166.2
      vertex -12.6021 0.712143 166.2
      vertex -14.0515 -0.271057 166.2
    endloop
  endfacet
  facet normal -0 0 -1
    outer loop
      vertex -12.7611 2.07018 166.2
      vertex -14.6424 1.76849 166.2
      vertex -14.6175 2.25627 166.2
    endloop
  endfacet
  facet normal -0 0 -1
    outer loop
      vertex -12.6021 0.712143 166.2
      vertex -14.2642 0.0761871 166.2
      vertex -12.6759 0.933563 166.2
    endloop
  endfacet
  facet normal -0 0 -1
    outer loop
      vertex -12.732 2.34227 166.2
      vertex -14.6175 2.25627 166.2
      vertex -14.5426 2.71144 166.2
    endloop
  endfacet
  facet normal 0 0 -1
    outer loop
      vertex -14.4297 0.453766 166.2
      vertex -12.6759 0.933563 166.2
      vertex -14.2642 0.0761871 166.2
    endloop
  endfacet
  facet normal 0 0 -1
    outer loop
      vertex -12.6835 2.58479 166.2
      vertex -14.5426 2.71144 166.2
      vertex -14.4178 3.13405 166.2
    endloop
  endfacet
  facet normal -0 0 -1
    outer loop
      vertex -12.6759 0.933563 166.2
      vertex -14.4297 0.453766 166.2
      vertex -12.7287 1.18344 166.2
    endloop
  endfacet
  facet normal 0 0 -1
    outer loop
      vertex -12.1688 3.36661 166.2
      vertex -13.0903 4.72057 166.2
      vertex -12.7225 4.90057 166.2
    endloop
  endfacet
  facet normal 0 0 -1
    outer loop
      vertex -14.5479 0.861679 166.2
      vertex -12.7287 1.18344 166.2
      vertex -14.4297 0.453766 166.2
    endloop
  endfacet
  facet normal 0 0 -1
    outer loop
      vertex -12.3002 3.26234 166.2
      vertex -13.4308 4.48915 166.2
      vertex -13.0903 4.72057 166.2
    endloop
  endfacet
  facet normal -0 0 -1
    outer loop
      vertex -12.7287 1.18344 166.2
      vertex -14.5479 0.861679 166.2
      vertex -12.7603 1.46175 166.2
    endloop
  endfacet
  facet normal 0 0 -1
    outer loop
      vertex -12.4216 3.13489 166.2
      vertex -13.7439 4.2063 166.2
      vertex -13.4308 4.48915 166.2
    endloop
  endfacet
  facet normal 0 0 -1
    outer loop
      vertex -14.6188 1.29993 166.2
      vertex -12.7603 1.46175 166.2
      vertex -14.5479 0.861679 166.2
    endloop
  endfacet
  facet normal 0 0 -1
    outer loop
      vertex -12.6156 2.79773 166.2
      vertex -14.2431 3.52405 166.2
      vertex -14.0185 3.88147 166.2
    endloop
  endfacet
  facet normal -0 0 -1
    outer loop
      vertex -12.7603 1.46175 166.2
      vertex -14.6188 1.29993 166.2
      vertex -12.7708 1.76849 166.2
    endloop
  endfacet
  facet normal 0 0 -1
    outer loop
      vertex -12.6835 2.58479 166.2
      vertex -14.4178 3.13405 166.2
      vertex -14.2431 3.52405 166.2
    endloop
  endfacet
  facet normal -0 0 -1
    outer loop
      vertex -12.7708 1.76849 166.2
      vertex -14.6188 1.29993 166.2
      vertex -14.6424 1.76849 166.2
    endloop
  endfacet
  facet normal 0 0 -1
    outer loop
      vertex -12.5284 2.98111 166.2
      vertex -14.0185 3.88147 166.2
      vertex -13.7439 4.2063 166.2
    endloop
  endfacet
  facet normal 0 0 -1
    outer loop
      vertex 2.86812 2.16072 166.2
      vertex 0.984253 2.27682 166.2
      vertex 0.99556 2.467 166.2
    endloop
  endfacet
  facet normal 0 0 -1
    outer loop
      vertex 1.47707 0.493591 166.2
      vertex 0.950348 2.09966 166.2
      vertex 0.984253 2.27682 166.2
    endloop
  endfacet
  facet normal 0 0 -1
    outer loop
      vertex 1.47707 0.493591 166.2
      vertex 0.893829 1.93549 166.2
      vertex 0.950348 2.09966 166.2
    endloop
  endfacet
  facet normal 0 0 -1
    outer loop
      vertex 0.739365 -0.412079 166.2
      vertex 1.47707 0.493591 166.2
      vertex 0.882324 -0.517212 166.2
    endloop
  endfacet
  facet normal 0 0 -1
    outer loop
      vertex 1.47707 0.493591 166.2
      vertex 0.814713 1.78433 166.2
      vertex 0.893829 1.93549 166.2
    endloop
  endfacet
  facet normal 0 0 -1
    outer loop
      vertex 0.58699 -0.330322 166.2
      vertex 1.47707 0.493591 166.2
      vertex 0.739365 -0.412079 166.2
    endloop
  endfacet
  facet normal 0 0 -1
    outer loop
      vertex 1.47707 0.493591 166.2
      vertex 0.712997 1.64616 166.2
      vertex 0.814713 1.78433 166.2
    endloop
  endfacet
  facet normal 0 0 -1
    outer loop
      vertex 1.47707 0.493591 166.2
      vertex 0.588669 1.521 166.2
      vertex 0.712997 1.64616 166.2
    endloop
  endfacet
  facet normal 0 0 -1
    outer loop
      vertex 0.425201 -0.271912 166.2
      vertex 1.47707 0.493591 166.2
      vertex 0.58699 -0.330322 166.2
    endloop
  endfacet
  facet normal 0 0 -1
    outer loop
      vertex 1.47707 0.493591 166.2
      vertex 0.442886 1.41278 166.2
      vertex 0.588669 1.521 166.2
    endloop
  endfacet
  facet normal 0 0 -1
    outer loop
      vertex 0.276764 1.32547 166.2
      vertex 1.47707 0.493591 166.2
      vertex 0.425201 -0.271912 166.2
    endloop
  endfacet
  facet normal 0 0 -1
    outer loop
      vertex 1.47707 0.493591 166.2
      vertex 0.276764 1.32547 166.2
      vertex 0.442886 1.41278 166.2
    endloop
  endfacet
  facet normal 0 0 -1
    outer loop
      vertex 0.253983 -0.236877 166.2
      vertex 0.276764 1.32547 166.2
      vertex 0.425201 -0.271912 166.2
    endloop
  endfacet
  facet normal 0 0 -1
    outer loop
      vertex 0.253983 -0.236877 166.2
      vertex 0.0902863 1.25906 166.2
      vertex 0.276764 1.32547 166.2
    endloop
  endfacet
  facet normal 0 0 -1
    outer loop
      vertex 0.0733643 -0.225189 166.2
      vertex 0.0902863 1.25906 166.2
      vertex 0.253983 -0.236877 166.2
    endloop
  endfacet
  facet normal 0 0 -1
    outer loop
      vertex -0.116516 1.21358 166.2
      vertex 0.0733643 -0.225189 166.2
      vertex -0.0526428 -0.229141 166.2
    endloop
  endfacet
  facet normal 0 0 -1
    outer loop
      vertex 0.0733643 -0.225189 166.2
      vertex -0.116516 1.21358 166.2
      vertex 0.0902863 1.25906 166.2
    endloop
  endfacet
  facet normal 0 0 -1
    outer loop
      vertex -0.343704 1.18898 166.2
      vertex -0.0526428 -0.229141 166.2
      vertex -0.186584 -0.241013 166.2
    endloop
  endfacet
  facet normal 0 0 -1
    outer loop
      vertex -0.343704 1.18898 166.2
      vertex -0.186584 -0.241013 166.2
      vertex -0.32843 -0.260788 166.2
    endloop
  endfacet
  facet normal 0 0 -1
    outer loop
      vertex -0.0526428 -0.229141 166.2
      vertex -0.343704 1.18898 166.2
      vertex -0.116516 1.21358 166.2
    endloop
  endfacet
  facet normal 0 0 -1
    outer loop
      vertex -0.591217 1.18529 166.2
      vertex -0.32843 -0.260788 166.2
      vertex -0.47818 -0.288483 166.2
    endloop
  endfacet
  facet normal 0 0 -1
    outer loop
      vertex -0.32843 -0.260788 166.2
      vertex -0.591217 1.18529 166.2
      vertex -0.343704 1.18898 166.2
    endloop
  endfacet
  facet normal 0 0 -1
    outer loop
      vertex -0.635849 -0.324081 166.2
      vertex -0.591217 1.18529 166.2
      vertex -0.47818 -0.288483 166.2
    endloop
  endfacet
  facet normal 0 0 -1
    outer loop
      vertex -0.591217 1.18529 166.2
      vertex -0.635849 -0.324081 166.2
      vertex -0.801422 -0.367599 166.2
    endloop
  endfacet
  facet normal 0 0 -1
    outer loop
      vertex 1.39125 -2.02939 166.2
      vertex 3.35547 -1.8662 166.2
      vertex 3.3289 -2.29172 166.2
    endloop
  endfacet
  facet normal 0 0 -1
    outer loop
      vertex 3.35547 -1.8662 166.2
      vertex 1.40247 -1.7849 166.2
      vertex 3.34123 -1.57291 166.2
    endloop
  endfacet
  facet normal 0 0 -1
    outer loop
      vertex 1.35764 -2.25658 166.2
      vertex 3.3289 -2.29172 166.2
      vertex 3.24922 -2.69579 166.2
    endloop
  endfacet
  facet normal -0 0 -1
    outer loop
      vertex 3.35547 -1.8662 166.2
      vertex 1.39125 -2.02939 166.2
      vertex 1.40247 -1.7849 166.2
    endloop
  endfacet
  facet normal 0 0 -1
    outer loop
      vertex 3.34123 -1.57291 166.2
      vertex 1.39172 -1.55359 166.2
      vertex 3.29857 -1.29431 166.2
    endloop
  endfacet
  facet normal 0 0 -1
    outer loop
      vertex 1.35764 -2.25658 166.2
      vertex 3.24922 -2.69579 166.2
      vertex 3.11641 -3.07837 166.2
    endloop
  endfacet
  facet normal -0 0 -1
    outer loop
      vertex 3.29857 -1.29431 166.2
      vertex 1.39172 -1.55359 166.2
      vertex 3.22746 -1.03041 166.2
    endloop
  endfacet
  facet normal 0 0 -1
    outer loop
      vertex 1.30159 -2.46642 166.2
      vertex 3.11641 -3.07837 166.2
      vertex 2.93048 -3.43948 166.2
    endloop
  endfacet
  facet normal 0 0 -1
    outer loop
      vertex 1.39172 -1.55359 166.2
      vertex 3.34123 -1.57291 166.2
      vertex 1.40247 -1.7849 166.2
    endloop
  endfacet
  facet normal 0 0 -1
    outer loop
      vertex 1.22313 -2.65894 166.2
      vertex 2.93048 -3.43948 166.2
      vertex 2.69144 -3.77913 166.2
    endloop
  endfacet
  facet normal 0 0 -1
    outer loop
      vertex 1.35951 -1.33885 166.2
      vertex 3.22746 -1.03041 166.2
      vertex 1.39172 -1.55359 166.2
    endloop
  endfacet
  facet normal -0 0 -1
    outer loop
      vertex 3.1279 -0.781219 166.2
      vertex 1.35951 -1.33885 166.2
      vertex 2.99991 -0.546707 166.2
    endloop
  endfacet
  facet normal 0 0 -1
    outer loop
      vertex 1.12225 -2.83412 166.2
      vertex 2.69144 -3.77913 166.2
      vertex 2.39926 -4.09729 166.2
    endloop
  endfacet
  facet normal -0 0 -1
    outer loop
      vertex 3.22746 -1.03041 166.2
      vertex 1.35951 -1.33885 166.2
      vertex 3.1279 -0.781219 166.2
    endloop
  endfacet
  facet normal 0 0 -1
    outer loop
      vertex 0.998962 -2.99199 166.2
      vertex 2.39926 -4.09729 166.2
      vertex 2.06757 -4.37907 166.2
    endloop
  endfacet
  facet normal 0 0 -1
    outer loop
      vertex 1.30582 -1.14069 166.2
      vertex 2.99991 -0.546707 166.2
      vertex 1.35951 -1.33885 166.2
    endloop
  endfacet
  facet normal -0 0 -1
    outer loop
      vertex 2.84346 -0.326889 166.2
      vertex 1.30582 -1.14069 166.2
      vertex 2.66328 -0.127045 166.2
    endloop
  endfacet
  facet normal 0 0 -1
    outer loop
      vertex 0.859283 -3.12872 166.2
      vertex 2.06757 -4.37907 166.2
      vertex 1.70985 -4.60962 166.2
    endloop
  endfacet
  facet normal 0 0 -1
    outer loop
      vertex 1.23064 -0.959122 166.2
      vertex 2.66328 -0.127045 166.2
      vertex 1.30582 -1.14069 166.2
    endloop
  endfacet
  facet normal -0 0 -1
    outer loop
      vertex 2.66328 -0.127045 166.2
      vertex 1.23064 -0.959122 166.2
      vertex 2.46408 0.0475464 166.2
    endloop
  endfacet
  facet normal -0 0 -1
    outer loop
      vertex 2.99991 -0.546707 166.2
      vertex 1.30582 -1.14069 166.2
      vertex 2.84346 -0.326889 166.2
    endloop
  endfacet
  facet normal 0 0 -1
    outer loop
      vertex 3.3289 -2.29172 166.2
      vertex 1.35764 -2.25658 166.2
      vertex 1.39125 -2.02939 166.2
    endloop
  endfacet
  facet normal 0 0 -1
    outer loop
      vertex 0.709244 -3.2406 166.2
      vertex 1.70985 -4.60962 166.2
      vertex 1.32616 -4.78894 166.2
    endloop
  endfacet
  facet normal 0 0 -1
    outer loop
      vertex 3.11641 -3.07837 166.2
      vertex 1.30159 -2.46642 166.2
      vertex 1.35764 -2.25658 166.2
    endloop
  endfacet
  facet normal 0 0 -1
    outer loop
      vertex 2.93048 -3.43948 166.2
      vertex 1.22313 -2.65894 166.2
      vertex 1.30159 -2.46642 166.2
    endloop
  endfacet
  facet normal 0 0 -1
    outer loop
      vertex 2.69144 -3.77913 166.2
      vertex 1.12225 -2.83412 166.2
      vertex 1.22313 -2.65894 166.2
    endloop
  endfacet
  facet normal 0 0 -1
    outer loop
      vertex 2.39926 -4.09729 166.2
      vertex 0.998962 -2.99199 166.2
      vertex 1.12225 -2.83412 166.2
    endloop
  endfacet
  facet normal 0 0 -1
    outer loop
      vertex 0.548859 -3.32762 166.2
      vertex 1.32616 -4.78894 166.2
      vertex 0.916458 -4.91702 166.2
    endloop
  endfacet
  facet normal 0 0 -1
    outer loop
      vertex 2.06757 -4.37907 166.2
      vertex 0.859283 -3.12872 166.2
      vertex 0.998962 -2.99199 166.2
    endloop
  endfacet
  facet normal 0 0 -1
    outer loop
      vertex 1.70985 -4.60962 166.2
      vertex 0.709244 -3.2406 166.2
      vertex 0.859283 -3.12872 166.2
    endloop
  endfacet
  facet normal 0 0 -1
    outer loop
      vertex 1.32616 -4.78894 166.2
      vertex 0.548859 -3.32762 166.2
      vertex 0.709244 -3.2406 166.2
    endloop
  endfacet
  facet normal 0 0 -1
    outer loop
      vertex 0.378113 -3.38977 166.2
      vertex 0.916458 -4.91702 166.2
      vertex 0.480759 -4.99388 166.2
    endloop
  endfacet
  facet normal 0 0 -1
    outer loop
      vertex 0.916458 -4.91702 166.2
      vertex 0.378113 -3.38977 166.2
      vertex 0.548859 -3.32762 166.2
    endloop
  endfacet
  facet normal 0 0 -1
    outer loop
      vertex 0.480759 -4.99388 166.2
      vertex 0.197021 -3.42706 166.2
      vertex 0.378113 -3.38977 166.2
    endloop
  endfacet
  facet normal 0 0 -1
    outer loop
      vertex 0.0190582 -5.01949 166.2
      vertex 0.197021 -3.42706 166.2
      vertex 0.480759 -4.99388 166.2
    endloop
  endfacet
  facet normal 0 0 -1
    outer loop
      vertex 0.0190582 -5.01949 166.2
      vertex 0.0055542 -3.4395 166.2
      vertex 0.197021 -3.42706 166.2
    endloop
  endfacet
  facet normal 0 0 -1
    outer loop
      vertex 0.0190582 -5.01949 166.2
      vertex -0.173004 -3.42914 166.2
      vertex 0.0055542 -3.4395 166.2
    endloop
  endfacet
  facet normal 0 0 -1
    outer loop
      vertex -0.417923 -4.99792 166.2
      vertex -0.173004 -3.42914 166.2
      vertex 0.0190582 -5.01949 166.2
    endloop
  endfacet
  facet normal -0 0 -1
    outer loop
      vertex -0.173004 -3.42914 166.2
      vertex -0.417923 -4.99792 166.2
      vertex -0.342545 -3.39806 166.2
    endloop
  endfacet
  facet normal 0 0 -1
    outer loop
      vertex -0.8293 -4.93323 166.2
      vertex -0.342545 -3.39806 166.2
      vertex -0.417923 -4.99792 166.2
    endloop
  endfacet
  facet normal -0 0 -1
    outer loop
      vertex -0.342545 -3.39806 166.2
      vertex -0.8293 -4.93323 166.2
      vertex -0.503052 -3.34627 166.2
    endloop
  endfacet
  facet normal 0 0 -1
    outer loop
      vertex -1.21507 -4.82539 166.2
      vertex -0.503052 -3.34627 166.2
      vertex -0.8293 -4.93323 166.2
    endloop
  endfacet
  facet normal -0 0 -1
    outer loop
      vertex -0.503052 -3.34627 166.2
      vertex -1.21507 -4.82539 166.2
      vertex -0.65451 -3.27376 166.2
    endloop
  endfacet
  facet normal 0 0 -1
    outer loop
      vertex -1.57524 -4.67442 166.2
      vertex -0.65451 -3.27376 166.2
      vertex -1.21507 -4.82539 166.2
    endloop
  endfacet
  facet normal -0 0 -1
    outer loop
      vertex -0.65451 -3.27376 166.2
      vertex -1.57524 -4.67442 166.2
      vertex -0.796936 -3.18053 166.2
    endloop
  endfacet
  facet normal 0 0 -1
    outer loop
      vertex -1.90979 -4.48033 166.2
      vertex -0.796936 -3.18053 166.2
      vertex -1.57524 -4.67442 166.2
    endloop
  endfacet
  facet normal -0 0 -1
    outer loop
      vertex -0.796936 -3.18053 166.2
      vertex -1.90979 -4.48033 166.2
      vertex -0.930328 -3.06659 166.2
    endloop
  endfacet
  facet normal 0 0 -1
    outer loop
      vertex -2.21872 -4.24309 166.2
      vertex -0.930328 -3.06659 166.2
      vertex -1.90979 -4.48033 166.2
    endloop
  endfacet
  facet normal -0 0 -1
    outer loop
      vertex -0.930328 -3.06659 166.2
      vertex -2.21872 -4.24309 166.2
      vertex -1.05087 -2.93303 166.2
    endloop
  endfacet
  facet normal 0 0 -1
    outer loop
      vertex -2.49411 -3.97098 166.2
      vertex -1.05087 -2.93303 166.2
      vertex -2.21872 -4.24309 166.2
    endloop
  endfacet
  facet normal -0 0 -1
    outer loop
      vertex -1.05087 -2.93303 166.2
      vertex -2.49411 -3.97098 166.2
      vertex -1.15483 -2.78101 166.2
    endloop
  endfacet
  facet normal 0 0 -1
    outer loop
      vertex -2.72804 -3.67232 166.2
      vertex -1.15483 -2.78101 166.2
      vertex -2.49411 -3.97098 166.2
    endloop
  endfacet
  facet normal -0 0 -1
    outer loop
      vertex -1.15483 -2.78101 166.2
      vertex -2.72804 -3.67232 166.2
      vertex -1.24222 -2.61052 166.2
    endloop
  endfacet
  facet normal 0 0 -1
    outer loop
      vertex -2.92055 -3.34709 166.2
      vertex -1.24222 -2.61052 166.2
      vertex -2.72804 -3.67232 166.2
    endloop
  endfacet
  facet normal -0 0 -1
    outer loop
      vertex -1.24222 -2.61052 166.2
      vertex -2.92055 -3.34709 166.2
      vertex -1.31303 -2.42157 166.2
    endloop
  endfacet
  facet normal 0 0 -1
    outer loop
      vertex -3.07161 -2.99532 166.2
      vertex -1.31303 -2.42157 166.2
      vertex -2.92055 -3.34709 166.2
    endloop
  endfacet
  facet normal -0 0 -1
    outer loop
      vertex -1.31303 -2.42157 166.2
      vertex -3.07161 -2.99532 166.2
      vertex -1.36726 -2.21416 166.2
    endloop
  endfacet
  facet normal 0 0 -1
    outer loop
      vertex -3.18124 -2.61697 166.2
      vertex -1.36726 -2.21416 166.2
      vertex -3.07161 -2.99532 166.2
    endloop
  endfacet
  facet normal -0 0 -1
    outer loop
      vertex -1.36726 -2.21416 166.2
      vertex -3.18124 -2.61697 166.2
      vertex -1.40492 -1.9883 166.2
    endloop
  endfacet
  facet normal 0 0 -1
    outer loop
      vertex -1.40492 -1.9883 166.2
      vertex -3.18124 -2.61697 166.2
      vertex -3.24942 -2.2121 166.2
    endloop
  endfacet
  facet normal 0 0 -1
    outer loop
      vertex 0.99556 2.467 166.2
      vertex 2.90787 2.58229 166.2
      vertex 2.86812 2.16072 166.2
    endloop
  endfacet
  facet normal 0 0 -1
    outer loop
      vertex 0.987274 2.6286 166.2
      vertex 2.90787 2.58229 166.2
      vertex 0.99556 2.467 166.2
    endloop
  endfacet
  facet normal 0 0 -1
    outer loop
      vertex 0.984253 2.27682 166.2
      vertex 2.86812 2.16072 166.2
      vertex 2.74889 1.76852 166.2
    endloop
  endfacet
  facet normal 0 0 -1
    outer loop
      vertex 2.90787 2.58229 166.2
      vertex 0.987274 2.6286 166.2
      vertex 2.88846 2.88441 166.2
    endloop
  endfacet
  facet normal 0 0 -1
    outer loop
      vertex 0.962402 2.77892 166.2
      vertex 2.83026 3.17601 166.2
      vertex 0.987274 2.6286 166.2
    endloop
  endfacet
  facet normal 0 0 -1
    outer loop
      vertex 0.984253 2.27682 166.2
      vertex 2.74889 1.76852 166.2
      vertex 2.55016 1.40572 166.2
    endloop
  endfacet
  facet normal -0 0 -1
    outer loop
      vertex 2.88846 2.88441 166.2
      vertex 0.987274 2.6286 166.2
      vertex 2.83026 3.17601 166.2
    endloop
  endfacet
  facet normal 0 0 -1
    outer loop
      vertex 0.984253 2.27682 166.2
      vertex 2.55016 1.40572 166.2
      vertex 2.27196 1.0723 166.2
    endloop
  endfacet
  facet normal -0 0 -1
    outer loop
      vertex 2.83026 3.17601 166.2
      vertex 0.962402 2.77892 166.2
      vertex 2.73326 3.45705 166.2
    endloop
  endfacet
  facet normal 0 0 -1
    outer loop
      vertex 0.984253 2.27682 166.2
      vertex 2.27196 1.0723 166.2
      vertex 1.91425 0.76825 166.2
    endloop
  endfacet
  facet normal 0 0 -1
    outer loop
      vertex 0.920959 2.91792 166.2
      vertex 2.73326 3.45705 166.2
      vertex 0.962402 2.77892 166.2
    endloop
  endfacet
  facet normal -0 0 -1
    outer loop
      vertex 2.73326 3.45705 166.2
      vertex 0.920959 2.91792 166.2
      vertex 2.59746 3.72754 166.2
    endloop
  endfacet
  facet normal 0 0 -1
    outer loop
      vertex 0.984253 2.27682 166.2
      vertex 1.91425 0.76825 166.2
      vertex 1.47707 0.493591 166.2
    endloop
  endfacet
  facet normal -0 0 -1
    outer loop
      vertex 2.46408 0.0475464 166.2
      vertex 1.23064 -0.959122 166.2
      vertex 2.24586 0.196915 166.2
    endloop
  endfacet
  facet normal 0 0 -1
    outer loop
      vertex 1.13399 -0.794113 166.2
      vertex 2.24586 0.196915 166.2
      vertex 1.23064 -0.959122 166.2
    endloop
  endfacet
  facet normal -0 0 -1
    outer loop
      vertex 2.24586 0.196915 166.2
      vertex 1.13399 -0.794113 166.2
      vertex 2.00862 0.321045 166.2
    endloop
  endfacet
  facet normal -0 0 -1
    outer loop
      vertex 2.00862 0.321045 166.2
      vertex 1.13399 -0.794113 166.2
      vertex 1.75235 0.419937 166.2
    endloop
  endfacet
  facet normal 0 0 -1
    outer loop
      vertex 1.01585 -0.645691 166.2
      vertex 1.75235 0.419937 166.2
      vertex 1.13399 -0.794113 166.2
    endloop
  endfacet
  facet normal -0 0 -1
    outer loop
      vertex 2.59746 3.72754 166.2
      vertex 0.920959 2.91792 166.2
      vertex 2.42287 3.98749 166.2
    endloop
  endfacet
  facet normal -0 0 -1
    outer loop
      vertex 1.75235 0.419937 166.2
      vertex 1.01585 -0.645691 166.2
      vertex 1.47707 0.493591 166.2
    endloop
  endfacet
  facet normal 0 0 -1
    outer loop
      vertex 0.882324 -0.517212 166.2
      vertex 1.47707 0.493591 166.2
      vertex 1.01585 -0.645691 166.2
    endloop
  endfacet
  facet normal 0 0 -1
    outer loop
      vertex 0.862946 3.04561 166.2
      vertex 2.42287 3.98749 166.2
      vertex 0.920959 2.91792 166.2
    endloop
  endfacet
  facet normal -0 0 -1
    outer loop
      vertex 2.42287 3.98749 166.2
      vertex 0.862946 3.04561 166.2
      vertex 2.20946 4.23689 166.2
    endloop
  endfacet
  facet normal 0 0 -1
    outer loop
      vertex 0.788345 3.162 166.2
      vertex 2.20946 4.23689 166.2
      vertex 0.862946 3.04561 166.2
    endloop
  endfacet
  facet normal -0 0 -1
    outer loop
      vertex 2.20946 4.23689 166.2
      vertex 0.788345 3.162 166.2
      vertex 1.91145 4.51039 166.2
    endloop
  endfacet
  facet normal 0 0 -1
    outer loop
      vertex 0.697159 3.26709 166.2
      vertex 1.91145 4.51039 166.2
      vertex 0.788345 3.162 166.2
    endloop
  endfacet
  facet normal -0 0 -1
    outer loop
      vertex 1.91145 4.51039 166.2
      vertex 0.697159 3.26709 166.2
      vertex 1.58255 4.73418 166.2
    endloop
  endfacet
  facet normal 0 0 -1
    outer loop
      vertex 0.592255 3.35828 166.2
      vertex 1.58255 4.73418 166.2
      vertex 0.697159 3.26709 166.2
    endloop
  endfacet
  facet normal -0 0 -1
    outer loop
      vertex 1.58255 4.73418 166.2
      vertex 0.592255 3.35828 166.2
      vertex 1.22276 4.90822 166.2
    endloop
  endfacet
  facet normal 0 0 -1
    outer loop
      vertex 0.476425 3.43288 166.2
      vertex 1.22276 4.90822 166.2
      vertex 0.592255 3.35828 166.2
    endloop
  endfacet
  facet normal -0 0 -1
    outer loop
      vertex 1.22276 4.90822 166.2
      vertex 0.476425 3.43288 166.2
      vertex 0.832077 5.03253 166.2
    endloop
  endfacet
  facet normal 0 0 -1
    outer loop
      vertex 0.349655 3.49089 166.2
      vertex 0.832077 5.03253 166.2
      vertex 0.476425 3.43288 166.2
    endloop
  endfacet
  facet normal 0 0 -1
    outer loop
      vertex 0.21196 3.53233 166.2
      vertex 0.832077 5.03253 166.2
      vertex 0.349655 3.49089 166.2
    endloop
  endfacet
  facet normal -0 0 -1
    outer loop
      vertex 0.832077 5.03253 166.2
      vertex 0.21196 3.53233 166.2
      vertex 0.410522 5.10713 166.2
    endloop
  endfacet
  facet normal 0 0 -1
    outer loop
      vertex 0.063324 3.55721 166.2
      vertex 0.410522 5.10713 166.2
      vertex 0.21196 3.53233 166.2
    endloop
  endfacet
  facet normal 0 0 -1
    outer loop
      vertex 0.063324 3.55721 166.2
      vertex -0.0419159 5.13199 166.2
      vertex 0.410522 5.10713 166.2
    endloop
  endfacet
  facet normal 0 0 -1
    outer loop
      vertex -0.0962219 3.56549 166.2
      vertex -0.0419159 5.13199 166.2
      vertex 0.063324 3.55721 166.2
    endloop
  endfacet
  facet normal 0 0 -1
    outer loop
      vertex -0.311005 5.12341 166.2
      vertex -0.0962219 3.56549 166.2
      vertex -0.255005 3.55608 166.2
    endloop
  endfacet
  facet normal 0 0 -1
    outer loop
      vertex -0.0962219 3.56549 166.2
      vertex -0.311005 5.12341 166.2
      vertex -0.0419159 5.13199 166.2
    endloop
  endfacet
  facet normal 0 0 -1
    outer loop
      vertex -0.571228 5.0977 166.2
      vertex -0.255005 3.55608 166.2
      vertex -0.405884 3.52782 166.2
    endloop
  endfacet
  facet normal 0 0 -1
    outer loop
      vertex -0.822601 5.05484 166.2
      vertex -0.405884 3.52782 166.2
      vertex -0.548843 3.48071 166.2
    endloop
  endfacet
  facet normal 0 0 -1
    outer loop
      vertex -0.255005 3.55608 166.2
      vertex -0.571228 5.0977 166.2
      vertex -0.311005 5.12341 166.2
    endloop
  endfacet
  facet normal 0 0 -1
    outer loop
      vertex -1.2988 4.91769 166.2
      vertex -0.548843 3.48071 166.2
      vertex -0.683914 3.41478 166.2
    endloop
  endfacet
  facet normal 0 0 -1
    outer loop
      vertex -1.52362 4.82339 166.2
      vertex -0.683914 3.41478 166.2
      vertex -0.811066 3.33 166.2
    endloop
  endfacet
  facet normal 0 0 -1
    outer loop
      vertex -0.405884 3.52782 166.2
      vertex -0.822601 5.05484 166.2
      vertex -0.571228 5.0977 166.2
    endloop
  endfacet
  facet normal 0 0 -1
    outer loop
      vertex -1.93202 4.5921 166.2
      vertex -0.811066 3.33 166.2
      vertex -0.930328 3.22639 166.2
    endloop
  endfacet
  facet normal 0 0 -1
    outer loop
      vertex -2.27562 4.30957 166.2
      vertex -0.930328 3.22639 166.2
      vertex -1.03806 3.10472 166.2
    endloop
  endfacet
  facet normal 0 0 -1
    outer loop
      vertex -0.548843 3.48071 166.2
      vertex -1.06512 4.99484 166.2
      vertex -0.822601 5.05484 166.2
    endloop
  endfacet
  facet normal 0 0 -1
    outer loop
      vertex -2.55443 3.9758 166.2
      vertex -1.03806 3.10472 166.2
      vertex -1.13072 2.96573 166.2
    endloop
  endfacet
  facet normal 0 0 -1
    outer loop
      vertex -2.67241 3.78601 166.2
      vertex -1.13072 2.96573 166.2
      vertex -1.20833 2.80939 166.2
    endloop
  endfacet
  facet normal 0 0 -1
    outer loop
      vertex -2.87732 3.34599 166.2
      vertex -1.20833 2.80939 166.2
      vertex -1.27086 2.63573 166.2
    endloop
  endfacet
  facet normal 0 0 -1
    outer loop
      vertex -0.548843 3.48071 166.2
      vertex -1.2988 4.91769 166.2
      vertex -1.06512 4.99484 166.2
    endloop
  endfacet
  facet normal 0 0 -1
    outer loop
      vertex -2.96425 3.09575 166.2
      vertex -1.27086 2.63573 166.2
      vertex -1.31833 2.44473 166.2
    endloop
  endfacet
  facet normal 0 0 -1
    outer loop
      vertex -3.04082 2.82535 166.2
      vertex -1.31833 2.44473 166.2
      vertex -1.35072 2.23639 166.2
    endloop
  endfacet
  facet normal 0 0 -1
    outer loop
      vertex -0.683914 3.41478 166.2
      vertex -1.52362 4.82339 166.2
      vertex -1.2988 4.91769 166.2
    endloop
  endfacet
  facet normal 0 0 -1
    outer loop
      vertex -0.811066 3.33 166.2
      vertex -1.73592 4.71416 166.2
      vertex -1.52362 4.82339 166.2
    endloop
  endfacet
  facet normal 0 0 -1
    outer loop
      vertex -0.811066 3.33 166.2
      vertex -1.93202 4.5921 166.2
      vertex -1.73592 4.71416 166.2
    endloop
  endfacet
  facet normal 0 0 -1
    outer loop
      vertex -0.930328 3.22639 166.2
      vertex -2.11192 4.45724 166.2
      vertex -1.93202 4.5921 166.2
    endloop
  endfacet
  facet normal 0 0 -1
    outer loop
      vertex -0.930328 3.22639 166.2
      vertex -2.27562 4.30957 166.2
      vertex -2.11192 4.45724 166.2
    endloop
  endfacet
  facet normal 0 0 -1
    outer loop
      vertex -1.03806 3.10472 166.2
      vertex -2.42313 4.14909 166.2
      vertex -2.27562 4.30957 166.2
    endloop
  endfacet
  facet normal 0 0 -1
    outer loop
      vertex -1.03806 3.10472 166.2
      vertex -2.55443 3.9758 166.2
      vertex -2.42313 4.14909 166.2
    endloop
  endfacet
  facet normal 0 0 -1
    outer loop
      vertex -1.13072 2.96573 166.2
      vertex -2.67241 3.78601 166.2
      vertex -2.55443 3.9758 166.2
    endloop
  endfacet
  facet normal 0 0 -1
    outer loop
      vertex -1.20833 2.80939 166.2
      vertex -2.78004 3.57608 166.2
      vertex -2.67241 3.78601 166.2
    endloop
  endfacet
  facet normal 0 0 -1
    outer loop
      vertex -1.20833 2.80939 166.2
      vertex -2.87732 3.34599 166.2
      vertex -2.78004 3.57608 166.2
    endloop
  endfacet
  facet normal 0 0 -1
    outer loop
      vertex -1.27086 2.63573 166.2
      vertex -2.96425 3.09575 166.2
      vertex -2.87732 3.34599 166.2
    endloop
  endfacet
  facet normal 0 0 -1
    outer loop
      vertex -1.31833 2.44473 166.2
      vertex -3.04082 2.82535 166.2
      vertex -2.96425 3.09575 166.2
    endloop
  endfacet
  facet normal 0 -0 -1
    outer loop
      vertex -3.04082 2.82535 166.2
      vertex -1.35072 2.23639 166.2
      vertex -3.10703 2.53479 166.2
    endloop
  endfacet
  facet normal 0 0 -1
    outer loop
      vertex 11.8664 -2.84949 166.2
      vertex 9.58118 -1.17459 166.2
      vertex 11.8664 -1.17459 166.2
    endloop
  endfacet
  facet normal 0 -0 -1
    outer loop
      vertex 9.58118 -1.17459 166.2
      vertex 11.8664 -2.84949 166.2
      vertex 7.79768 -2.84949 166.2
    endloop
  endfacet
  facet normal 0 0 -1
    outer loop
      vertex 11.8664 -2.84949 166.2
      vertex 13.7109 -2.84949 166.2
      vertex 13.7109 -4.84999 166.2
    endloop
  endfacet
  facet normal 0 0 -1
    outer loop
      vertex 13.7109 -2.84949 166.2
      vertex 11.8664 -2.84949 166.2
      vertex 13.7109 -1.17459 166.2
    endloop
  endfacet
  facet normal 0 0 -1
    outer loop
      vertex 11.8664 2.22279 166.2
      vertex 13.7109 -1.17459 166.2
      vertex 11.8664 -1.17459 166.2
    endloop
  endfacet
  facet normal 0 0 -1
    outer loop
      vertex 11.8664 -2.84949 166.2
      vertex 13.7109 -4.84999 166.2
      vertex 11.8664 -4.84999 166.2
    endloop
  endfacet
  facet normal -0 0 -1
    outer loop
      vertex 13.7109 -1.17459 166.2
      vertex 11.8664 -2.84949 166.2
      vertex 11.8664 -1.17459 166.2
    endloop
  endfacet
  facet normal 0 0 -1
    outer loop
      vertex 13.7109 -1.17459 166.2
      vertex 11.8664 2.22279 166.2
      vertex 13.7109 5.13199 166.2
    endloop
  endfacet
  facet normal -0 0 -1
    outer loop
      vertex 13.7109 5.13199 166.2
      vertex 11.8664 2.22279 166.2
      vertex 12.1106 5.13199 166.2
    endloop
  endfacet
  facet normal 0 0 -1
    outer loop
      vertex 7.79768 -1.18129 166.2
      vertex 11.8664 2.22279 166.2
      vertex 9.58118 -1.17459 166.2
    endloop
  endfacet
  facet normal 0 0 -1
    outer loop
      vertex 7.79768 -1.18129 166.2
      vertex 9.58118 -1.17459 166.2
      vertex 7.79768 -2.84949 166.2
    endloop
  endfacet
  facet normal -0 0 -1
    outer loop
      vertex 11.8664 2.22279 166.2
      vertex 7.79768 -1.18129 166.2
      vertex 12.1106 5.13199 166.2
    endloop
  endfacet
  facet normal 0 0 -1
    outer loop
      vertex 13.7109 -2.84949 166.2
      vertex 14.9451 -1.17459 166.2
      vertex 14.9451 -2.84949 166.2
    endloop
  endfacet
  facet normal -0 0 -1
    outer loop
      vertex 14.9451 -1.17459 166.2
      vertex 13.7109 -2.84949 166.2
      vertex 13.7109 -1.17459 166.2
    endloop
  endfacet
  facet normal -0 0 1
    outer loop
      vertex 6.21292 5.26079 167.8
      vertex 5.15503 -5.01949 167.8
      vertex 7.64372 5.26079 167.8
    endloop
  endfacet
  facet normal 0 -0 1
    outer loop
      vertex 5.15503 -5.01949 167.8
      vertex 6.21292 5.26079 167.8
      vertex 3.75133 -5.01949 167.8
    endloop
  endfacet
  facet normal 0 0 1
    outer loop
      vertex -8.11139 1.73196 167.8
      vertex -10.1515 1.90843 167.8
      vertex -10.1397 1.61249 167.8
    endloop
  endfacet
  facet normal 0 0 1
    outer loop
      vertex -9.68008 4.61208 167.8
      vertex -10.1868 2.1814 167.8
      vertex -10.1515 1.90843 167.8
    endloop
  endfacet
  facet normal 0 0 1
    outer loop
      vertex -9.68008 4.61208 167.8
      vertex -10.2457 2.43137 167.8
      vertex -10.1868 2.1814 167.8
    endloop
  endfacet
  facet normal 0 0 1
    outer loop
      vertex -9.68008 4.61208 167.8
      vertex -10.3281 2.65836 167.8
      vertex -10.2457 2.43137 167.8
    endloop
  endfacet
  facet normal 0 0 1
    outer loop
      vertex -9.68008 4.61208 167.8
      vertex -10.4341 2.86237 167.8
      vertex -10.3281 2.65836 167.8
    endloop
  endfacet
  facet normal 0 0 1
    outer loop
      vertex -11.0204 3.42484 167.8
      vertex -10.0787 4.83954 167.8
      vertex -10.5074 5.00201 167.8
    endloop
  endfacet
  facet normal 0 0 1
    outer loop
      vertex -9.68008 4.61208 167.8
      vertex -10.5635 3.0434 167.8
      vertex -10.4341 2.86237 167.8
    endloop
  endfacet
  facet normal 0 0 1
    outer loop
      vertex -9.68008 4.61208 167.8
      vertex -10.7085 3.19879 167.8
      vertex -10.5635 3.0434 167.8
    endloop
  endfacet
  facet normal 0 0 1
    outer loop
      vertex -9.68008 4.61208 167.8
      vertex -10.8608 3.32594 167.8
      vertex -10.7085 3.19879 167.8
    endloop
  endfacet
  facet normal 0 0 1
    outer loop
      vertex -11.1874 3.49548 167.8
      vertex -10.5074 5.00201 167.8
      vertex -10.9662 5.0995 167.8
    endloop
  endfacet
  facet normal 0 0 1
    outer loop
      vertex -10.0787 4.83954 167.8
      vertex -11.0204 3.42484 167.8
      vertex -10.8608 3.32594 167.8
    endloop
  endfacet
  facet normal 0 0 1
    outer loop
      vertex -10.5074 5.00201 167.8
      vertex -11.1874 3.49548 167.8
      vertex -11.0204 3.42484 167.8
    endloop
  endfacet
  facet normal 0 0 1
    outer loop
      vertex -10.9662 5.0995 167.8
      vertex -11.3618 3.53786 167.8
      vertex -11.1874 3.49548 167.8
    endloop
  endfacet
  facet normal 0 0 1
    outer loop
      vertex -11.4552 5.13199 167.8
      vertex -11.3618 3.53786 167.8
      vertex -10.9662 5.0995 167.8
    endloop
  endfacet
  facet normal 0 0 1
    outer loop
      vertex -11.4552 5.13199 167.8
      vertex -11.5434 3.55199 167.8
      vertex -11.3618 3.53786 167.8
    endloop
  endfacet
  facet normal -0 0 1
    outer loop
      vertex -11.905 5.10628 167.8
      vertex -11.5434 3.55199 167.8
      vertex -11.4552 5.13199 167.8
    endloop
  endfacet
  facet normal 0 0 1
    outer loop
      vertex -11.5434 3.55199 167.8
      vertex -11.905 5.10628 167.8
      vertex -11.7148 3.54041 167.8
    endloop
  endfacet
  facet normal 0 0 1
    outer loop
      vertex -11.7148 3.54041 167.8
      vertex -11.905 5.10628 167.8
      vertex -11.8761 3.50565 167.8
    endloop
  endfacet
  facet normal -0 0 1
    outer loop
      vertex -12.3274 5.02914 167.8
      vertex -11.8761 3.50565 167.8
      vertex -11.905 5.10628 167.8
    endloop
  endfacet
  facet normal 0 0 1
    outer loop
      vertex -11.8761 3.50565 167.8
      vertex -12.3274 5.02914 167.8
      vertex -12.0275 3.44772 167.8
    endloop
  endfacet
  facet normal -0 0 1
    outer loop
      vertex -12.7225 4.90057 167.8
      vertex -12.0275 3.44772 167.8
      vertex -12.3274 5.02914 167.8
    endloop
  endfacet
  facet normal 0 0 1
    outer loop
      vertex -12.0275 3.44772 167.8
      vertex -12.7225 4.90057 167.8
      vertex -12.1688 3.36661 167.8
    endloop
  endfacet
  facet normal -0 0 1
    outer loop
      vertex -13.0903 4.72057 167.8
      vertex -12.1688 3.36661 167.8
      vertex -12.7225 4.90057 167.8
    endloop
  endfacet
  facet normal 0 0 1
    outer loop
      vertex -12.1688 3.36661 167.8
      vertex -13.0903 4.72057 167.8
      vertex -12.3002 3.26234 167.8
    endloop
  endfacet
  facet normal -0 0 1
    outer loop
      vertex -13.4308 4.48915 167.8
      vertex -12.3002 3.26234 167.8
      vertex -13.0903 4.72057 167.8
    endloop
  endfacet
  facet normal 0 0 1
    outer loop
      vertex -12.3002 3.26234 167.8
      vertex -13.4308 4.48915 167.8
      vertex -12.4216 3.13489 167.8
    endloop
  endfacet
  facet normal -0 0 1
    outer loop
      vertex -13.7439 4.2063 167.8
      vertex -12.4216 3.13489 167.8
      vertex -13.4308 4.48915 167.8
    endloop
  endfacet
  facet normal 0 0 1
    outer loop
      vertex -12.4216 3.13489 167.8
      vertex -13.7439 4.2063 167.8
      vertex -12.5284 2.98111 167.8
    endloop
  endfacet
  facet normal -0 0 1
    outer loop
      vertex -14.0185 3.88147 167.8
      vertex -12.5284 2.98111 167.8
      vertex -13.7439 4.2063 167.8
    endloop
  endfacet
  facet normal 0 0 1
    outer loop
      vertex -12.5284 2.98111 167.8
      vertex -14.0185 3.88147 167.8
      vertex -12.6156 2.79773 167.8
    endloop
  endfacet
  facet normal -0 0 1
    outer loop
      vertex -14.2431 3.52405 167.8
      vertex -12.6156 2.79773 167.8
      vertex -14.0185 3.88147 167.8
    endloop
  endfacet
  facet normal 0 0 1
    outer loop
      vertex -12.6156 2.79773 167.8
      vertex -14.2431 3.52405 167.8
      vertex -12.6835 2.58479 167.8
    endloop
  endfacet
  facet normal 0 -0 1
    outer loop
      vertex -14.6188 1.29993 167.8
      vertex -12.7708 1.76849 167.8
      vertex -14.6424 1.76849 167.8
    endloop
  endfacet
  facet normal -0 0 1
    outer loop
      vertex -14.4178 3.13405 167.8
      vertex -12.6835 2.58479 167.8
      vertex -14.2431 3.52405 167.8
    endloop
  endfacet
  facet normal 0 -0 1
    outer loop
      vertex -14.5479 0.861679 167.8
      vertex -12.7708 1.76849 167.8
      vertex -14.6188 1.29993 167.8
    endloop
  endfacet
  facet normal -0 0 1
    outer loop
      vertex -14.5426 2.71144 167.8
      vertex -12.6835 2.58479 167.8
      vertex -14.4178 3.13405 167.8
    endloop
  endfacet
  facet normal 0 -0 1
    outer loop
      vertex -14.4297 0.453766 167.8
      vertex -12.7708 1.76849 167.8
      vertex -14.5479 0.861679 167.8
    endloop
  endfacet
  facet normal 0 0 1
    outer loop
      vertex -12.6835 2.58479 167.8
      vertex -14.5426 2.71144 167.8
      vertex -12.732 2.34227 167.8
    endloop
  endfacet
  facet normal 0 -0 1
    outer loop
      vertex -13.1883 -1.09094 167.8
      vertex -12.7708 1.76849 167.8
      vertex -13.4988 -0.864609 167.8
    endloop
  endfacet
  facet normal 0 0 1
    outer loop
      vertex -14.6175 2.25627 167.8
      vertex -12.732 2.34227 167.8
      vertex -14.5426 2.71144 167.8
    endloop
  endfacet
  facet normal 0 0 1
    outer loop
      vertex -12.7708 1.76849 167.8
      vertex -13.1883 -1.09094 167.8
      vertex -12.8598 -1.26697 167.8
    endloop
  endfacet
  facet normal 0 0 1
    outer loop
      vertex -12.732 2.34227 167.8
      vertex -14.6175 2.25627 167.8
      vertex -12.7611 2.07018 167.8
    endloop
  endfacet
  facet normal 0 0 1
    outer loop
      vertex -12.7611 2.07018 167.8
      vertex -14.6424 1.76849 167.8
      vertex -12.7708 1.76849 167.8
    endloop
  endfacet
  facet normal 0 0 1
    outer loop
      vertex -14.6424 1.76849 167.8
      vertex -12.7611 2.07018 167.8
      vertex -14.6175 2.25627 167.8
    endloop
  endfacet
  facet normal 0 0 1
    outer loop
      vertex -12.7708 1.76849 167.8
      vertex -13.7914 -0.587997 167.8
      vertex -13.4988 -0.864609 167.8
    endloop
  endfacet
  facet normal 0 0 1
    outer loop
      vertex -12.7708 1.76849 167.8
      vertex -14.0515 -0.271057 167.8
      vertex -13.7914 -0.587997 167.8
    endloop
  endfacet
  facet normal 0 -0 1
    outer loop
      vertex -14.2642 0.0761871 167.8
      vertex -12.7708 1.76849 167.8
      vertex -14.4297 0.453766 167.8
    endloop
  endfacet
  facet normal 0 0 1
    outer loop
      vertex -12.7708 1.76849 167.8
      vertex -14.2642 0.0761871 167.8
      vertex -14.0515 -0.271057 167.8
    endloop
  endfacet
  facet normal -0 0 1
    outer loop
      vertex -10.2338 0.873398 167.8
      vertex -8.00365 0.113892 167.8
      vertex -8.03058 0.964844 167.8
    endloop
  endfacet
  facet normal -0 0 1
    outer loop
      vertex -10.1502 1.34352 167.8
      vertex -8.03058 0.964844 167.8
      vertex -8.11139 1.73196 167.8
    endloop
  endfacet
  facet normal 0 0 1
    outer loop
      vertex -8.00365 0.113892 167.8
      vertex -10.2338 0.873398 167.8
      vertex -10.307 0.672226 167.8
    endloop
  endfacet
  facet normal -0 0 1
    outer loop
      vertex -10.1515 1.90843 167.8
      vertex -8.11139 1.73196 167.8
      vertex -8.24606 2.41527 167.8
    endloop
  endfacet
  facet normal 0 0 1
    outer loop
      vertex -8.00365 0.113892 167.8
      vertex -9.97014 -0.659195 167.8
      vertex -8.03171 -0.752594 167.8
    endloop
  endfacet
  facet normal 0 0 1
    outer loop
      vertex -10.1515 1.90843 167.8
      vertex -8.24606 2.41527 167.8
      vertex -8.43462 3.01474 167.8
    endloop
  endfacet
  facet normal 0 0 1
    outer loop
      vertex -8.03171 -0.752594 167.8
      vertex -10.0169 -1.19643 167.8
      vertex -8.11591 -1.53471 167.8
    endloop
  endfacet
  facet normal 0 0 1
    outer loop
      vertex -10.1515 1.90843 167.8
      vertex -8.43462 3.01474 167.8
      vertex -8.67705 3.53038 167.8
    endloop
  endfacet
  facet normal 0 0 1
    outer loop
      vertex -10.0802 -1.66885 167.8
      vertex -8.11591 -1.53471 167.8
      vertex -10.0169 -1.19643 167.8
    endloop
  endfacet
  facet normal 0 0 1
    outer loop
      vertex -10.1515 1.90843 167.8
      vertex -8.67705 3.53038 167.8
      vertex -8.97334 3.96219 167.8
    endloop
  endfacet
  facet normal 0 0 1
    outer loop
      vertex -8.11591 -1.53471 167.8
      vertex -10.0802 -1.66885 167.8
      vertex -8.25624 -2.23244 167.8
    endloop
  endfacet
  facet normal 0 0 1
    outer loop
      vertex -10.1515 1.90843 167.8
      vertex -8.97334 3.96219 167.8
      vertex -9.31165 4.31963 167.8
    endloop
  endfacet
  facet normal -0 0 1
    outer loop
      vertex -10.16 -2.07649 167.8
      vertex -8.25624 -2.23244 167.8
      vertex -10.0802 -1.66885 167.8
    endloop
  endfacet
  facet normal 0 0 1
    outer loop
      vertex -10.1515 1.90843 167.8
      vertex -9.31165 4.31963 167.8
      vertex -9.68008 4.61208 167.8
    endloop
  endfacet
  facet normal 0 0 1
    outer loop
      vertex -8.25624 -2.23244 167.8
      vertex -10.16 -2.07649 167.8
      vertex -8.45271 -2.84578 167.8
    endloop
  endfacet
  facet normal -0 0 1
    outer loop
      vertex -10.2565 -2.41933 167.8
      vertex -8.45271 -2.84578 167.8
      vertex -10.16 -2.07649 167.8
    endloop
  endfacet
  facet normal 0 0 1
    outer loop
      vertex -10.8608 3.32594 167.8
      vertex -9.68008 4.61208 167.8
      vertex -10.0787 4.83954 167.8
    endloop
  endfacet
  facet normal 0 0 1
    outer loop
      vertex -8.11139 1.73196 167.8
      vertex -10.1397 1.61249 167.8
      vertex -10.1502 1.34352 167.8
    endloop
  endfacet
  facet normal 0 0 1
    outer loop
      vertex -8.03058 0.964844 167.8
      vertex -10.1502 1.34352 167.8
      vertex -10.1816 1.09715 167.8
    endloop
  endfacet
  facet normal 0 0 1
    outer loop
      vertex -8.03058 0.964844 167.8
      vertex -10.1816 1.09715 167.8
      vertex -10.2338 0.873398 167.8
    endloop
  endfacet
  facet normal 0 0 1
    outer loop
      vertex -10.0169 -1.19643 167.8
      vertex -8.03171 -0.752594 167.8
      vertex -9.97014 -0.659195 167.8
    endloop
  endfacet
  facet normal 0 0 1
    outer loop
      vertex -8.00365 0.113892 167.8
      vertex -10.307 0.672226 167.8
      vertex -9.97014 -0.659195 167.8
    endloop
  endfacet
  facet normal -0 0 1
    outer loop
      vertex -10.4011 0.493652 167.8
      vertex -9.97014 -0.659195 167.8
      vertex -10.307 0.672226 167.8
    endloop
  endfacet
  facet normal -0 0 1
    outer loop
      vertex -10.5161 0.337692 167.8
      vertex -9.97014 -0.659195 167.8
      vertex -10.4011 0.493652 167.8
    endloop
  endfacet
  facet normal -0 0 1
    outer loop
      vertex -10.6464 0.205078 167.8
      vertex -9.97014 -0.659195 167.8
      vertex -10.5161 0.337692 167.8
    endloop
  endfacet
  facet normal -0 0 1
    outer loop
      vertex -10.7862 0.0965881 167.8
      vertex -9.97014 -0.659195 167.8
      vertex -10.6464 0.205078 167.8
    endloop
  endfacet
  facet normal 0 0 1
    outer loop
      vertex -9.97014 -0.659195 167.8
      vertex -10.7862 0.0965881 167.8
      vertex -10.2197 -0.914062 167.8
    endloop
  endfacet
  facet normal -0 0 1
    outer loop
      vertex -10.9357 0.0121918 167.8
      vertex -10.2197 -0.914062 167.8
      vertex -10.7862 0.0965881 167.8
    endloop
  endfacet
  facet normal 0 0 1
    outer loop
      vertex -10.2197 -0.914062 167.8
      vertex -10.9357 0.0121918 167.8
      vertex -10.4893 -1.12257 167.8
    endloop
  endfacet
  facet normal -0 0 1
    outer loop
      vertex -11.0948 -0.0480652 167.8
      vertex -10.4893 -1.12257 167.8
      vertex -10.9357 0.0121918 167.8
    endloop
  endfacet
  facet normal 0 0 1
    outer loop
      vertex -10.4893 -1.12257 167.8
      vertex -11.0948 -0.0480652 167.8
      vertex -10.7788 -1.28477 167.8
    endloop
  endfacet
  facet normal -0 0 1
    outer loop
      vertex -11.2634 -0.0842438 167.8
      vertex -10.7788 -1.28477 167.8
      vertex -11.0948 -0.0480652 167.8
    endloop
  endfacet
  facet normal 0 0 1
    outer loop
      vertex -10.7788 -1.28477 167.8
      vertex -11.2634 -0.0842438 167.8
      vertex -11.0883 -1.40062 167.8
    endloop
  endfacet
  facet normal -0 0 1
    outer loop
      vertex -11.4417 -0.0962982 167.8
      vertex -11.0883 -1.40062 167.8
      vertex -11.2634 -0.0842438 167.8
    endloop
  endfacet
  facet normal 0 0 1
    outer loop
      vertex -11.0883 -1.40062 167.8
      vertex -11.4417 -0.0962982 167.8
      vertex -11.4178 -1.47012 167.8
    endloop
  endfacet
  facet normal 0 0 1
    outer loop
      vertex -11.6263 -0.0837708 167.8
      vertex -11.4178 -1.47012 167.8
      vertex -11.4417 -0.0962982 167.8
    endloop
  endfacet
  facet normal 0 0 1
    outer loop
      vertex -11.6263 -0.0837708 167.8
      vertex -11.7672 -1.49329 167.8
      vertex -11.4178 -1.47012 167.8
    endloop
  endfacet
  facet normal 0 0 1
    outer loop
      vertex -11.8004 -0.0461884 167.8
      vertex -11.7672 -1.49329 167.8
      vertex -11.6263 -0.0837708 167.8
    endloop
  endfacet
  facet normal 0 0 1
    outer loop
      vertex -12.1493 -1.46814 167.8
      vertex -11.8004 -0.0461884 167.8
      vertex -11.9639 0.0164185 167.8
    endloop
  endfacet
  facet normal 0 0 1
    outer loop
      vertex -12.5135 -1.3927 167.8
      vertex -11.9639 0.0164185 167.8
      vertex -12.1169 0.104095 167.8
    endloop
  endfacet
  facet normal 0 0 1
    outer loop
      vertex -11.8004 -0.0461884 167.8
      vertex -12.1493 -1.46814 167.8
      vertex -11.7672 -1.49329 167.8
    endloop
  endfacet
  facet normal 0 0 1
    outer loop
      vertex -12.8598 -1.26697 167.8
      vertex -12.1169 0.104095 167.8
      vertex -12.2593 0.216812 167.8
    endloop
  endfacet
  facet normal 0 0 1
    outer loop
      vertex -12.8598 -1.26697 167.8
      vertex -12.2593 0.216812 167.8
      vertex -12.3911 0.354599 167.8
    endloop
  endfacet
  facet normal 0 0 1
    outer loop
      vertex -12.8598 -1.26697 167.8
      vertex -12.3911 0.354599 167.8
      vertex -12.5072 0.51915 167.8
    endloop
  endfacet
  facet normal 0 0 1
    outer loop
      vertex -11.9639 0.0164185 167.8
      vertex -12.5135 -1.3927 167.8
      vertex -12.1493 -1.46814 167.8
    endloop
  endfacet
  facet normal 0 0 1
    outer loop
      vertex -12.8598 -1.26697 167.8
      vertex -12.5072 0.51915 167.8
      vertex -12.6021 0.712143 167.8
    endloop
  endfacet
  facet normal 0 0 1
    outer loop
      vertex -12.8598 -1.26697 167.8
      vertex -12.6021 0.712143 167.8
      vertex -12.6759 0.933563 167.8
    endloop
  endfacet
  facet normal 0 0 1
    outer loop
      vertex -12.8598 -1.26697 167.8
      vertex -12.6759 0.933563 167.8
      vertex -12.7287 1.18344 167.8
    endloop
  endfacet
  facet normal 0 0 1
    outer loop
      vertex -12.8598 -1.26697 167.8
      vertex -12.7287 1.18344 167.8
      vertex -12.7603 1.46175 167.8
    endloop
  endfacet
  facet normal 0 0 1
    outer loop
      vertex -12.1169 0.104095 167.8
      vertex -12.8598 -1.26697 167.8
      vertex -12.5135 -1.3927 167.8
    endloop
  endfacet
  facet normal 0 0 1
    outer loop
      vertex -12.8598 -1.26697 167.8
      vertex -12.7603 1.46175 167.8
      vertex -12.7708 1.76849 167.8
    endloop
  endfacet
  facet normal 0 0 1
    outer loop
      vertex -8.45271 -2.84578 167.8
      vertex -10.2565 -2.41933 167.8
      vertex -8.70531 -3.37473 167.8
    endloop
  endfacet
  facet normal -0 0 1
    outer loop
      vertex -10.3695 -2.69736 167.8
      vertex -8.70531 -3.37473 167.8
      vertex -10.2565 -2.41933 167.8
    endloop
  endfacet
  facet normal 0 0 1
    outer loop
      vertex -8.70531 -3.37473 167.8
      vertex -10.3695 -2.69736 167.8
      vertex -9.01404 -3.81929 167.8
    endloop
  endfacet
  facet normal -0 0 1
    outer loop
      vertex -10.4991 -2.9106 167.8
      vertex -9.01404 -3.81929 167.8
      vertex -10.3695 -2.69736 167.8
    endloop
  endfacet
  facet normal 0 0 1
    outer loop
      vertex -9.01404 -3.81929 167.8
      vertex -10.4991 -2.9106 167.8
      vertex -9.3678 -4.1881 167.8
    endloop
  endfacet
  facet normal -0 0 1
    outer loop
      vertex -10.6419 -3.07635 167.8
      vertex -9.3678 -4.1881 167.8
      vertex -10.4991 -2.9106 167.8
    endloop
  endfacet
  facet normal 0 0 1
    outer loop
      vertex -9.3678 -4.1881 167.8
      vertex -10.6419 -3.07635 167.8
      vertex -9.75546 -4.48985 167.8
    endloop
  endfacet
  facet normal -0 0 1
    outer loop
      vertex -10.7945 -3.21198 167.8
      vertex -9.75546 -4.48985 167.8
      vertex -10.6419 -3.07635 167.8
    endloop
  endfacet
  facet normal 0 0 1
    outer loop
      vertex -9.75546 -4.48985 167.8
      vertex -10.7945 -3.21198 167.8
      vertex -10.177 -4.72455 167.8
    endloop
  endfacet
  facet normal -0 0 1
    outer loop
      vertex -10.9568 -3.31747 167.8
      vertex -10.177 -4.72455 167.8
      vertex -10.7945 -3.21198 167.8
    endloop
  endfacet
  facet normal 0 0 1
    outer loop
      vertex -10.177 -4.72455 167.8
      vertex -10.9568 -3.31747 167.8
      vertex -10.6325 -4.89218 167.8
    endloop
  endfacet
  facet normal -0 0 1
    outer loop
      vertex -11.129 -3.39281 167.8
      vertex -10.6325 -4.89218 167.8
      vertex -10.9568 -3.31747 167.8
    endloop
  endfacet
  facet normal 0 0 1
    outer loop
      vertex -10.6325 -4.89218 167.8
      vertex -11.129 -3.39281 167.8
      vertex -11.1219 -4.99277 167.8
    endloop
  endfacet
  facet normal -0 0 1
    outer loop
      vertex -11.311 -3.43802 167.8
      vertex -11.1219 -4.99277 167.8
      vertex -11.129 -3.39281 167.8
    endloop
  endfacet
  facet normal -0 0 1
    outer loop
      vertex -11.5027 -3.45309 167.8
      vertex -11.1219 -4.99277 167.8
      vertex -11.311 -3.43802 167.8
    endloop
  endfacet
  facet normal 0 0 1
    outer loop
      vertex -11.5027 -3.45309 167.8
      vertex -11.6451 -5.02629 167.8
      vertex -11.1219 -4.99277 167.8
    endloop
  endfacet
  facet normal 0 0 1
    outer loop
      vertex -11.6536 -3.44556 167.8
      vertex -11.6451 -5.02629 167.8
      vertex -11.5027 -3.45309 167.8
    endloop
  endfacet
  facet normal 0 0 1
    outer loop
      vertex -12.0215 -5.00906 167.8
      vertex -11.6536 -3.44556 167.8
      vertex -11.7943 -3.42296 167.8
    endloop
  endfacet
  facet normal 0 0 1
    outer loop
      vertex -12.0215 -5.00906 167.8
      vertex -11.7943 -3.42296 167.8
      vertex -11.9249 -3.3853 167.8
    endloop
  endfacet
  facet normal 0 0 1
    outer loop
      vertex -11.6536 -3.44556 167.8
      vertex -12.0215 -5.00906 167.8
      vertex -11.6451 -5.02629 167.8
    endloop
  endfacet
  facet normal 0 0 1
    outer loop
      vertex -12.373 -4.95735 167.8
      vertex -11.9249 -3.3853 167.8
      vertex -12.0452 -3.33257 167.8
    endloop
  endfacet
  facet normal 0 0 1
    outer loop
      vertex -13.0014 -4.75052 167.8
      vertex -12.0452 -3.33257 167.8
      vertex -12.1554 -3.26476 167.8
    endloop
  endfacet
  facet normal 0 0 1
    outer loop
      vertex -13.2783 -4.59538 167.8
      vertex -12.1554 -3.26476 167.8
      vertex -12.2554 -3.18188 167.8
    endloop
  endfacet
  facet normal 0 0 1
    outer loop
      vertex -13.5303 -4.40579 167.8
      vertex -12.2554 -3.18188 167.8
      vertex -12.3443 -3.08336 167.8
    endloop
  endfacet
  facet normal 0 0 1
    outer loop
      vertex -11.9249 -3.3853 167.8
      vertex -12.373 -4.95735 167.8
      vertex -12.0215 -5.00906 167.8
    endloop
  endfacet
  facet normal 0 0 1
    outer loop
      vertex -13.7556 -4.18192 167.8
      vertex -12.3443 -3.08336 167.8
      vertex -12.4212 -2.96863 167.8
    endloop
  endfacet
  facet normal 0 0 1
    outer loop
      vertex -14.1203 -3.6319 167.8
      vertex -12.4212 -2.96863 167.8
      vertex -12.486 -2.83769 167.8
    endloop
  endfacet
  facet normal 0 0 1
    outer loop
      vertex -14.2597 -3.30574 167.8
      vertex -12.486 -2.83769 167.8
      vertex -12.5387 -2.69055 167.8
    endloop
  endfacet
  facet normal 0 0 1
    outer loop
      vertex -14.3704 -2.94551 167.8
      vertex -12.5387 -2.69055 167.8
      vertex -12.5794 -2.52722 167.8
    endloop
  endfacet
  facet normal 0 0 1
    outer loop
      vertex -14.3704 -2.94551 167.8
      vertex -12.5794 -2.52722 167.8
      vertex -12.608 -2.34769 167.8
    endloop
  endfacet
  facet normal 0 0 1
    outer loop
      vertex -12.0452 -3.33257 167.8
      vertex -12.6996 -4.87117 167.8
      vertex -12.373 -4.95735 167.8
    endloop
  endfacet
  facet normal 0 0 1
    outer loop
      vertex -12.0452 -3.33257 167.8
      vertex -13.0014 -4.75052 167.8
      vertex -12.6996 -4.87117 167.8
    endloop
  endfacet
  facet normal 0 0 1
    outer loop
      vertex -12.1554 -3.26476 167.8
      vertex -13.2783 -4.59538 167.8
      vertex -13.0014 -4.75052 167.8
    endloop
  endfacet
  facet normal 0 0 1
    outer loop
      vertex -12.2554 -3.18188 167.8
      vertex -13.5303 -4.40579 167.8
      vertex -13.2783 -4.59538 167.8
    endloop
  endfacet
  facet normal 0 0 1
    outer loop
      vertex -12.3443 -3.08336 167.8
      vertex -13.7556 -4.18192 167.8
      vertex -13.5303 -4.40579 167.8
    endloop
  endfacet
  facet normal 0 0 1
    outer loop
      vertex -12.4212 -2.96863 167.8
      vertex -13.9523 -3.92395 167.8
      vertex -13.7556 -4.18192 167.8
    endloop
  endfacet
  facet normal 0 0 1
    outer loop
      vertex -12.4212 -2.96863 167.8
      vertex -14.1203 -3.6319 167.8
      vertex -13.9523 -3.92395 167.8
    endloop
  endfacet
  facet normal 0 0 1
    outer loop
      vertex -12.486 -2.83769 167.8
      vertex -14.2597 -3.30574 167.8
      vertex -14.1203 -3.6319 167.8
    endloop
  endfacet
  facet normal 0 0 1
    outer loop
      vertex -12.5387 -2.69055 167.8
      vertex -14.3704 -2.94551 167.8
      vertex -14.2597 -3.30574 167.8
    endloop
  endfacet
  facet normal 0 -0 1
    outer loop
      vertex -14.3704 -2.94551 167.8
      vertex -12.608 -2.34769 167.8
      vertex -14.4525 -2.55119 167.8
    endloop
  endfacet
  facet normal -0 0 1
    outer loop
      vertex 0.987274 2.6286 167.8
      vertex 2.90787 2.58229 167.8
      vertex 2.88846 2.88441 167.8
    endloop
  endfacet
  facet normal 0 0 1
    outer loop
      vertex 0.987274 2.6286 167.8
      vertex 2.88846 2.88441 167.8
      vertex 2.83026 3.17601 167.8
    endloop
  endfacet
  facet normal 0 0 1
    outer loop
      vertex 2.90787 2.58229 167.8
      vertex 0.987274 2.6286 167.8
      vertex 0.99556 2.467 167.8
    endloop
  endfacet
  facet normal 0 0 1
    outer loop
      vertex 0.962402 2.77892 167.8
      vertex 2.83026 3.17601 167.8
      vertex 2.73326 3.45705 167.8
    endloop
  endfacet
  facet normal 0 0 1
    outer loop
      vertex 0.920959 2.91792 167.8
      vertex 2.73326 3.45705 167.8
      vertex 2.59746 3.72754 167.8
    endloop
  endfacet
  facet normal 0 0 1
    outer loop
      vertex 2.90787 2.58229 167.8
      vertex 0.99556 2.467 167.8
      vertex 2.86812 2.16072 167.8
    endloop
  endfacet
  facet normal 0 0 1
    outer loop
      vertex 0.920959 2.91792 167.8
      vertex 2.59746 3.72754 167.8
      vertex 2.42287 3.98749 167.8
    endloop
  endfacet
  facet normal -0 0 1
    outer loop
      vertex 0.984253 2.27682 167.8
      vertex 2.86812 2.16072 167.8
      vertex 0.99556 2.467 167.8
    endloop
  endfacet
  facet normal 0 0 1
    outer loop
      vertex 0.862946 3.04561 167.8
      vertex 2.42287 3.98749 167.8
      vertex 2.20946 4.23689 167.8
    endloop
  endfacet
  facet normal 0 0 1
    outer loop
      vertex 2.86812 2.16072 167.8
      vertex 0.984253 2.27682 167.8
      vertex 2.74889 1.76852 167.8
    endloop
  endfacet
  facet normal 0 0 1
    outer loop
      vertex 0.788345 3.162 167.8
      vertex 2.20946 4.23689 167.8
      vertex 1.91145 4.51039 167.8
    endloop
  endfacet
  facet normal 0 0 1
    outer loop
      vertex 0.697159 3.26709 167.8
      vertex 1.91145 4.51039 167.8
      vertex 1.58255 4.73418 167.8
    endloop
  endfacet
  facet normal 0 0 1
    outer loop
      vertex 2.74889 1.76852 167.8
      vertex 0.984253 2.27682 167.8
      vertex 2.55016 1.40572 167.8
    endloop
  endfacet
  facet normal 0 0 1
    outer loop
      vertex 2.55016 1.40572 167.8
      vertex 0.950348 2.09966 167.8
      vertex 2.27196 1.0723 167.8
    endloop
  endfacet
  facet normal 0 0 1
    outer loop
      vertex 1.47707 0.493591 167.8
      vertex 1.39172 -1.55359 167.8
      vertex 1.40247 -1.7849 167.8
    endloop
  endfacet
  facet normal 0 0 1
    outer loop
      vertex 1.47707 0.493591 167.8
      vertex 1.35951 -1.33885 167.8
      vertex 1.39172 -1.55359 167.8
    endloop
  endfacet
  facet normal 0 0 1
    outer loop
      vertex 1.47707 0.493591 167.8
      vertex 1.30582 -1.14069 167.8
      vertex 1.35951 -1.33885 167.8
    endloop
  endfacet
  facet normal 0 0 1
    outer loop
      vertex 2.27196 1.0723 167.8
      vertex 0.893829 1.93549 167.8
      vertex 1.91425 0.76825 167.8
    endloop
  endfacet
  facet normal 0 0 1
    outer loop
      vertex 0.592255 3.35828 167.8
      vertex 1.58255 4.73418 167.8
      vertex 1.22276 4.90822 167.8
    endloop
  endfacet
  facet normal -0 0 1
    outer loop
      vertex 0.893829 1.93549 167.8
      vertex 2.27196 1.0723 167.8
      vertex 0.950348 2.09966 167.8
    endloop
  endfacet
  facet normal -0 0 1
    outer loop
      vertex 0.814713 1.78433 167.8
      vertex 1.91425 0.76825 167.8
      vertex 0.893829 1.93549 167.8
    endloop
  endfacet
  facet normal 0 0 1
    outer loop
      vertex 1.47707 0.493591 167.8
      vertex 1.23064 -0.959122 167.8
      vertex 1.30582 -1.14069 167.8
    endloop
  endfacet
  facet normal -0 0 1
    outer loop
      vertex 0.950348 2.09966 167.8
      vertex 2.55016 1.40572 167.8
      vertex 0.984253 2.27682 167.8
    endloop
  endfacet
  facet normal 0 0 1
    outer loop
      vertex 2.83026 3.17601 167.8
      vertex 0.962402 2.77892 167.8
      vertex 0.987274 2.6286 167.8
    endloop
  endfacet
  facet normal 0 0 1
    outer loop
      vertex 2.73326 3.45705 167.8
      vertex 0.920959 2.91792 167.8
      vertex 0.962402 2.77892 167.8
    endloop
  endfacet
  facet normal 0 0 1
    outer loop
      vertex 2.42287 3.98749 167.8
      vertex 0.862946 3.04561 167.8
      vertex 0.920959 2.91792 167.8
    endloop
  endfacet
  facet normal 0 0 1
    outer loop
      vertex 0.476425 3.43288 167.8
      vertex 1.22276 4.90822 167.8
      vertex 0.832077 5.03253 167.8
    endloop
  endfacet
  facet normal 0 0 1
    outer loop
      vertex 2.20946 4.23689 167.8
      vertex 0.788345 3.162 167.8
      vertex 0.862946 3.04561 167.8
    endloop
  endfacet
  facet normal 0 0 1
    outer loop
      vertex 1.91145 4.51039 167.8
      vertex 0.697159 3.26709 167.8
      vertex 0.788345 3.162 167.8
    endloop
  endfacet
  facet normal 0 0 1
    outer loop
      vertex 1.58255 4.73418 167.8
      vertex 0.592255 3.35828 167.8
      vertex 0.697159 3.26709 167.8
    endloop
  endfacet
  facet normal 0 0 1
    outer loop
      vertex 1.22276 4.90822 167.8
      vertex 0.476425 3.43288 167.8
      vertex 0.592255 3.35828 167.8
    endloop
  endfacet
  facet normal 0 0 1
    outer loop
      vertex 0.21196 3.53233 167.8
      vertex 0.832077 5.03253 167.8
      vertex 0.410522 5.10713 167.8
    endloop
  endfacet
  facet normal 0 0 1
    outer loop
      vertex 0.832077 5.03253 167.8
      vertex 0.349655 3.49089 167.8
      vertex 0.476425 3.43288 167.8
    endloop
  endfacet
  facet normal 0 0 1
    outer loop
      vertex 0.832077 5.03253 167.8
      vertex 0.21196 3.53233 167.8
      vertex 0.349655 3.49089 167.8
    endloop
  endfacet
  facet normal 0 0 1
    outer loop
      vertex 0.410522 5.10713 167.8
      vertex 0.063324 3.55721 167.8
      vertex 0.21196 3.53233 167.8
    endloop
  endfacet
  facet normal 0 0 1
    outer loop
      vertex -0.0419159 5.13199 167.8
      vertex 0.063324 3.55721 167.8
      vertex 0.410522 5.10713 167.8
    endloop
  endfacet
  facet normal 0 0 1
    outer loop
      vertex -0.0419159 5.13199 167.8
      vertex -0.0962219 3.56549 167.8
      vertex 0.063324 3.55721 167.8
    endloop
  endfacet
  facet normal -0 0 1
    outer loop
      vertex -0.311005 5.12341 167.8
      vertex -0.0962219 3.56549 167.8
      vertex -0.0419159 5.13199 167.8
    endloop
  endfacet
  facet normal 0 0 1
    outer loop
      vertex -0.0962219 3.56549 167.8
      vertex -0.311005 5.12341 167.8
      vertex -0.255005 3.55608 167.8
    endloop
  endfacet
  facet normal -0 0 1
    outer loop
      vertex -0.571228 5.0977 167.8
      vertex -0.255005 3.55608 167.8
      vertex -0.311005 5.12341 167.8
    endloop
  endfacet
  facet normal 0 0 1
    outer loop
      vertex -0.255005 3.55608 167.8
      vertex -0.571228 5.0977 167.8
      vertex -0.405884 3.52782 167.8
    endloop
  endfacet
  facet normal -0 0 1
    outer loop
      vertex -0.822601 5.05484 167.8
      vertex -0.405884 3.52782 167.8
      vertex -0.571228 5.0977 167.8
    endloop
  endfacet
  facet normal 0 0 1
    outer loop
      vertex -0.405884 3.52782 167.8
      vertex -0.822601 5.05484 167.8
      vertex -0.548843 3.48071 167.8
    endloop
  endfacet
  facet normal -0 0 1
    outer loop
      vertex -1.06512 4.99484 167.8
      vertex -0.548843 3.48071 167.8
      vertex -0.822601 5.05484 167.8
    endloop
  endfacet
  facet normal -0 0 1
    outer loop
      vertex -1.2988 4.91769 167.8
      vertex -0.548843 3.48071 167.8
      vertex -1.06512 4.99484 167.8
    endloop
  endfacet
  facet normal 0 0 1
    outer loop
      vertex -0.548843 3.48071 167.8
      vertex -1.2988 4.91769 167.8
      vertex -0.683914 3.41478 167.8
    endloop
  endfacet
  facet normal -0 0 1
    outer loop
      vertex -1.52362 4.82339 167.8
      vertex -0.683914 3.41478 167.8
      vertex -1.2988 4.91769 167.8
    endloop
  endfacet
  facet normal 0 0 1
    outer loop
      vertex -0.683914 3.41478 167.8
      vertex -1.52362 4.82339 167.8
      vertex -0.811066 3.33 167.8
    endloop
  endfacet
  facet normal -0 0 1
    outer loop
      vertex -1.73592 4.71416 167.8
      vertex -0.811066 3.33 167.8
      vertex -1.52362 4.82339 167.8
    endloop
  endfacet
  facet normal -0 0 1
    outer loop
      vertex -1.93202 4.5921 167.8
      vertex -0.811066 3.33 167.8
      vertex -1.73592 4.71416 167.8
    endloop
  endfacet
  facet normal 0 0 1
    outer loop
      vertex -0.811066 3.33 167.8
      vertex -1.93202 4.5921 167.8
      vertex -0.930328 3.22639 167.8
    endloop
  endfacet
  facet normal -0 0 1
    outer loop
      vertex -2.11192 4.45724 167.8
      vertex -0.930328 3.22639 167.8
      vertex -1.93202 4.5921 167.8
    endloop
  endfacet
  facet normal -0 0 1
    outer loop
      vertex -2.27562 4.30957 167.8
      vertex -0.930328 3.22639 167.8
      vertex -2.11192 4.45724 167.8
    endloop
  endfacet
  facet normal 0 0 1
    outer loop
      vertex -0.930328 3.22639 167.8
      vertex -2.27562 4.30957 167.8
      vertex -1.03806 3.10472 167.8
    endloop
  endfacet
  facet normal -0 0 1
    outer loop
      vertex -2.42313 4.14909 167.8
      vertex -1.03806 3.10472 167.8
      vertex -2.27562 4.30957 167.8
    endloop
  endfacet
  facet normal -0 0 1
    outer loop
      vertex -2.55443 3.9758 167.8
      vertex -1.03806 3.10472 167.8
      vertex -2.42313 4.14909 167.8
    endloop
  endfacet
  facet normal 0 0 1
    outer loop
      vertex -1.03806 3.10472 167.8
      vertex -2.55443 3.9758 167.8
      vertex -1.13072 2.96573 167.8
    endloop
  endfacet
  facet normal -0 0 1
    outer loop
      vertex -2.67241 3.78601 167.8
      vertex -1.13072 2.96573 167.8
      vertex -2.55443 3.9758 167.8
    endloop
  endfacet
  facet normal 0 0 1
    outer loop
      vertex -1.13072 2.96573 167.8
      vertex -2.67241 3.78601 167.8
      vertex -1.20833 2.80939 167.8
    endloop
  endfacet
  facet normal -0 0 1
    outer loop
      vertex -2.78004 3.57608 167.8
      vertex -1.20833 2.80939 167.8
      vertex -2.67241 3.78601 167.8
    endloop
  endfacet
  facet normal -0 0 1
    outer loop
      vertex -2.87732 3.34599 167.8
      vertex -1.20833 2.80939 167.8
      vertex -2.78004 3.57608 167.8
    endloop
  endfacet
  facet normal 0 0 1
    outer loop
      vertex -1.20833 2.80939 167.8
      vertex -2.87732 3.34599 167.8
      vertex -1.27086 2.63573 167.8
    endloop
  endfacet
  facet normal -0 0 1
    outer loop
      vertex -2.96425 3.09575 167.8
      vertex -1.27086 2.63573 167.8
      vertex -2.87732 3.34599 167.8
    endloop
  endfacet
  facet normal 0 0 1
    outer loop
      vertex -1.27086 2.63573 167.8
      vertex -2.96425 3.09575 167.8
      vertex -1.31833 2.44473 167.8
    endloop
  endfacet
  facet normal -0 0 1
    outer loop
      vertex -3.04082 2.82535 167.8
      vertex -1.31833 2.44473 167.8
      vertex -2.96425 3.09575 167.8
    endloop
  endfacet
  facet normal 0 0 1
    outer loop
      vertex -1.31833 2.44473 167.8
      vertex -3.04082 2.82535 167.8
      vertex -1.35072 2.23639 167.8
    endloop
  endfacet
  facet normal 0 0 1
    outer loop
      vertex -1.35072 2.23639 167.8
      vertex -3.04082 2.82535 167.8
      vertex -3.10703 2.53479 167.8
    endloop
  endfacet
  facet normal -0 0 1
    outer loop
      vertex 1.40247 -1.7849 167.8
      vertex 3.35547 -1.8662 167.8
      vertex 3.34123 -1.57291 167.8
    endloop
  endfacet
  facet normal 0 0 1
    outer loop
      vertex 1.40247 -1.7849 167.8
      vertex 3.34123 -1.57291 167.8
      vertex 3.29857 -1.29431 167.8
    endloop
  endfacet
  facet normal 0 0 1
    outer loop
      vertex 1.39125 -2.02939 167.8
      vertex 3.35547 -1.8662 167.8
      vertex 1.40247 -1.7849 167.8
    endloop
  endfacet
  facet normal 0 0 1
    outer loop
      vertex 1.40247 -1.7849 167.8
      vertex 3.29857 -1.29431 167.8
      vertex 3.22746 -1.03041 167.8
    endloop
  endfacet
  facet normal 0 0 1
    outer loop
      vertex 1.40247 -1.7849 167.8
      vertex 3.22746 -1.03041 167.8
      vertex 3.1279 -0.781219 167.8
    endloop
  endfacet
  facet normal 0 0 1
    outer loop
      vertex 3.35547 -1.8662 167.8
      vertex 1.39125 -2.02939 167.8
      vertex 3.3289 -2.29172 167.8
    endloop
  endfacet
  facet normal 0 0 1
    outer loop
      vertex 1.40247 -1.7849 167.8
      vertex 3.1279 -0.781219 167.8
      vertex 2.99991 -0.546707 167.8
    endloop
  endfacet
  facet normal -0 0 1
    outer loop
      vertex 1.35764 -2.25658 167.8
      vertex 3.3289 -2.29172 167.8
      vertex 1.39125 -2.02939 167.8
    endloop
  endfacet
  facet normal 0 0 1
    outer loop
      vertex 1.40247 -1.7849 167.8
      vertex 2.99991 -0.546707 167.8
      vertex 2.84346 -0.326889 167.8
    endloop
  endfacet
  facet normal 0 0 1
    outer loop
      vertex 3.3289 -2.29172 167.8
      vertex 1.35764 -2.25658 167.8
      vertex 3.24922 -2.69579 167.8
    endloop
  endfacet
  facet normal 0 0 1
    outer loop
      vertex 1.40247 -1.7849 167.8
      vertex 2.84346 -0.326889 167.8
      vertex 2.66328 -0.127045 167.8
    endloop
  endfacet
  facet normal 0 0 1
    outer loop
      vertex 1.40247 -1.7849 167.8
      vertex 2.66328 -0.127045 167.8
      vertex 2.46408 0.0475464 167.8
    endloop
  endfacet
  facet normal 0 0 1
    outer loop
      vertex 3.24922 -2.69579 167.8
      vertex 1.35764 -2.25658 167.8
      vertex 3.11641 -3.07837 167.8
    endloop
  endfacet
  facet normal 0 0 1
    outer loop
      vertex 1.40247 -1.7849 167.8
      vertex 2.46408 0.0475464 167.8
      vertex 2.24586 0.196915 167.8
    endloop
  endfacet
  facet normal -0 0 1
    outer loop
      vertex 1.30159 -2.46642 167.8
      vertex 3.11641 -3.07837 167.8
      vertex 1.35764 -2.25658 167.8
    endloop
  endfacet
  facet normal 0 0 1
    outer loop
      vertex 1.40247 -1.7849 167.8
      vertex 2.24586 0.196915 167.8
      vertex 2.00862 0.321045 167.8
    endloop
  endfacet
  facet normal 0 0 1
    outer loop
      vertex 1.40247 -1.7849 167.8
      vertex 2.00862 0.321045 167.8
      vertex 1.75235 0.419937 167.8
    endloop
  endfacet
  facet normal 0 0 1
    outer loop
      vertex 3.11641 -3.07837 167.8
      vertex 1.30159 -2.46642 167.8
      vertex 2.93048 -3.43948 167.8
    endloop
  endfacet
  facet normal 0 0 1
    outer loop
      vertex 1.40247 -1.7849 167.8
      vertex 1.75235 0.419937 167.8
      vertex 1.47707 0.493591 167.8
    endloop
  endfacet
  facet normal -0 0 1
    outer loop
      vertex 1.22313 -2.65894 167.8
      vertex 2.93048 -3.43948 167.8
      vertex 1.30159 -2.46642 167.8
    endloop
  endfacet
  facet normal 0 0 1
    outer loop
      vertex 2.93048 -3.43948 167.8
      vertex 1.22313 -2.65894 167.8
      vertex 2.69144 -3.77913 167.8
    endloop
  endfacet
  facet normal -0 0 1
    outer loop
      vertex 1.12225 -2.83412 167.8
      vertex 2.69144 -3.77913 167.8
      vertex 1.22313 -2.65894 167.8
    endloop
  endfacet
  facet normal 0 0 1
    outer loop
      vertex 2.69144 -3.77913 167.8
      vertex 1.12225 -2.83412 167.8
      vertex 2.39926 -4.09729 167.8
    endloop
  endfacet
  facet normal -0 0 1
    outer loop
      vertex 0.998962 -2.99199 167.8
      vertex 2.39926 -4.09729 167.8
      vertex 1.12225 -2.83412 167.8
    endloop
  endfacet
  facet normal 0 0 1
    outer loop
      vertex 2.39926 -4.09729 167.8
      vertex 0.998962 -2.99199 167.8
      vertex 2.06757 -4.37907 167.8
    endloop
  endfacet
  facet normal -0 0 1
    outer loop
      vertex 0.859283 -3.12872 167.8
      vertex 2.06757 -4.37907 167.8
      vertex 0.998962 -2.99199 167.8
    endloop
  endfacet
  facet normal 0 0 1
    outer loop
      vertex 2.06757 -4.37907 167.8
      vertex 0.859283 -3.12872 167.8
      vertex 1.70985 -4.60962 167.8
    endloop
  endfacet
  facet normal -0 0 1
    outer loop
      vertex 0.709244 -3.2406 167.8
      vertex 1.70985 -4.60962 167.8
      vertex 0.859283 -3.12872 167.8
    endloop
  endfacet
  facet normal 0 0 1
    outer loop
      vertex 1.70985 -4.60962 167.8
      vertex 0.709244 -3.2406 167.8
      vertex 1.32616 -4.78894 167.8
    endloop
  endfacet
  facet normal -0 0 1
    outer loop
      vertex 0.548859 -3.32762 167.8
      vertex 1.32616 -4.78894 167.8
      vertex 0.709244 -3.2406 167.8
    endloop
  endfacet
  facet normal 0 0 1
    outer loop
      vertex 1.32616 -4.78894 167.8
      vertex 0.548859 -3.32762 167.8
      vertex 0.916458 -4.91702 167.8
    endloop
  endfacet
  facet normal -0 0 1
    outer loop
      vertex 0.378113 -3.38977 167.8
      vertex 0.916458 -4.91702 167.8
      vertex 0.548859 -3.32762 167.8
    endloop
  endfacet
  facet normal 0 0 1
    outer loop
      vertex 0.916458 -4.91702 167.8
      vertex 0.378113 -3.38977 167.8
      vertex 0.480759 -4.99388 167.8
    endloop
  endfacet
  facet normal -0 0 1
    outer loop
      vertex 0.197021 -3.42706 167.8
      vertex 0.480759 -4.99388 167.8
      vertex 0.378113 -3.38977 167.8
    endloop
  endfacet
  facet normal 0 0 1
    outer loop
      vertex 0.197021 -3.42706 167.8
      vertex 0.0190582 -5.01949 167.8
      vertex 0.480759 -4.99388 167.8
    endloop
  endfacet
  facet normal -0 0 1
    outer loop
      vertex 0.0055542 -3.4395 167.8
      vertex 0.0190582 -5.01949 167.8
      vertex 0.197021 -3.42706 167.8
    endloop
  endfacet
  facet normal 0 0 1
    outer loop
      vertex -0.173004 -3.42914 167.8
      vertex 0.0190582 -5.01949 167.8
      vertex 0.0055542 -3.4395 167.8
    endloop
  endfacet
  facet normal 0 0 1
    outer loop
      vertex -0.417923 -4.99792 167.8
      vertex -0.173004 -3.42914 167.8
      vertex -0.342545 -3.39806 167.8
    endloop
  endfacet
  facet normal 0 0 1
    outer loop
      vertex -0.173004 -3.42914 167.8
      vertex -0.417923 -4.99792 167.8
      vertex 0.0190582 -5.01949 167.8
    endloop
  endfacet
  facet normal 0 0 1
    outer loop
      vertex -0.8293 -4.93323 167.8
      vertex -0.342545 -3.39806 167.8
      vertex -0.503052 -3.34627 167.8
    endloop
  endfacet
  facet normal 0 0 1
    outer loop
      vertex -1.21507 -4.82539 167.8
      vertex -0.503052 -3.34627 167.8
      vertex -0.65451 -3.27376 167.8
    endloop
  endfacet
  facet normal 0 0 1
    outer loop
      vertex -1.57524 -4.67442 167.8
      vertex -0.65451 -3.27376 167.8
      vertex -0.796936 -3.18053 167.8
    endloop
  endfacet
  facet normal 0 0 1
    outer loop
      vertex -0.342545 -3.39806 167.8
      vertex -0.8293 -4.93323 167.8
      vertex -0.417923 -4.99792 167.8
    endloop
  endfacet
  facet normal 0 0 1
    outer loop
      vertex -1.90979 -4.48033 167.8
      vertex -0.796936 -3.18053 167.8
      vertex -0.930328 -3.06659 167.8
    endloop
  endfacet
  facet normal 0 0 1
    outer loop
      vertex -2.21872 -4.24309 167.8
      vertex -0.930328 -3.06659 167.8
      vertex -1.05087 -2.93303 167.8
    endloop
  endfacet
  facet normal 0 0 1
    outer loop
      vertex -2.49411 -3.97098 167.8
      vertex -1.05087 -2.93303 167.8
      vertex -1.15483 -2.78101 167.8
    endloop
  endfacet
  facet normal 0 0 1
    outer loop
      vertex -0.503052 -3.34627 167.8
      vertex -1.21507 -4.82539 167.8
      vertex -0.8293 -4.93323 167.8
    endloop
  endfacet
  facet normal 0 0 1
    outer loop
      vertex -2.72804 -3.67232 167.8
      vertex -1.15483 -2.78101 167.8
      vertex -1.24222 -2.61052 167.8
    endloop
  endfacet
  facet normal 0 0 1
    outer loop
      vertex -2.92055 -3.34709 167.8
      vertex -1.24222 -2.61052 167.8
      vertex -1.31303 -2.42157 167.8
    endloop
  endfacet
  facet normal 0 0 1
    outer loop
      vertex -3.07161 -2.99532 167.8
      vertex -1.31303 -2.42157 167.8
      vertex -1.36726 -2.21416 167.8
    endloop
  endfacet
  facet normal 0 0 1
    outer loop
      vertex -3.18124 -2.61697 167.8
      vertex -1.36726 -2.21416 167.8
      vertex -1.40492 -1.9883 167.8
    endloop
  endfacet
  facet normal 0 0 1
    outer loop
      vertex -0.65451 -3.27376 167.8
      vertex -1.57524 -4.67442 167.8
      vertex -1.21507 -4.82539 167.8
    endloop
  endfacet
  facet normal 0 0 1
    outer loop
      vertex -0.796936 -3.18053 167.8
      vertex -1.90979 -4.48033 167.8
      vertex -1.57524 -4.67442 167.8
    endloop
  endfacet
  facet normal 0 0 1
    outer loop
      vertex -0.930328 -3.06659 167.8
      vertex -2.21872 -4.24309 167.8
      vertex -1.90979 -4.48033 167.8
    endloop
  endfacet
  facet normal 0 0 1
    outer loop
      vertex -1.05087 -2.93303 167.8
      vertex -2.49411 -3.97098 167.8
      vertex -2.21872 -4.24309 167.8
    endloop
  endfacet
  facet normal 0 0 1
    outer loop
      vertex -1.15483 -2.78101 167.8
      vertex -2.72804 -3.67232 167.8
      vertex -2.49411 -3.97098 167.8
    endloop
  endfacet
  facet normal 0 0 1
    outer loop
      vertex -1.24222 -2.61052 167.8
      vertex -2.92055 -3.34709 167.8
      vertex -2.72804 -3.67232 167.8
    endloop
  endfacet
  facet normal 0 0 1
    outer loop
      vertex -1.31303 -2.42157 167.8
      vertex -3.07161 -2.99532 167.8
      vertex -2.92055 -3.34709 167.8
    endloop
  endfacet
  facet normal 0 0 1
    outer loop
      vertex -1.36726 -2.21416 167.8
      vertex -3.18124 -2.61697 167.8
      vertex -3.07161 -2.99532 167.8
    endloop
  endfacet
  facet normal 0 -0 1
    outer loop
      vertex -3.18124 -2.61697 167.8
      vertex -1.40492 -1.9883 167.8
      vertex -3.24942 -2.2121 167.8
    endloop
  endfacet
  facet normal -0 0 1
    outer loop
      vertex 0.712997 1.64616 167.8
      vertex 1.91425 0.76825 167.8
      vertex 0.814713 1.78433 167.8
    endloop
  endfacet
  facet normal 0 0 1
    outer loop
      vertex 1.47707 0.493591 167.8
      vertex 1.13399 -0.794113 167.8
      vertex 1.23064 -0.959122 167.8
    endloop
  endfacet
  facet normal 0 0 1
    outer loop
      vertex 1.91425 0.76825 167.8
      vertex 0.712997 1.64616 167.8
      vertex 1.47707 0.493591 167.8
    endloop
  endfacet
  facet normal 0 0 1
    outer loop
      vertex 1.47707 0.493591 167.8
      vertex 1.01585 -0.645691 167.8
      vertex 1.13399 -0.794113 167.8
    endloop
  endfacet
  facet normal 0 0 1
    outer loop
      vertex 1.47707 0.493591 167.8
      vertex 0.882324 -0.517212 167.8
      vertex 1.01585 -0.645691 167.8
    endloop
  endfacet
  facet normal -0 0 1
    outer loop
      vertex 0.588669 1.521 167.8
      vertex 1.47707 0.493591 167.8
      vertex 0.712997 1.64616 167.8
    endloop
  endfacet
  facet normal 0 0 1
    outer loop
      vertex 1.47707 0.493591 167.8
      vertex 0.739365 -0.412079 167.8
      vertex 0.882324 -0.517212 167.8
    endloop
  endfacet
  facet normal -0 0 1
    outer loop
      vertex 0.442886 1.41278 167.8
      vertex 1.47707 0.493591 167.8
      vertex 0.588669 1.521 167.8
    endloop
  endfacet
  facet normal 0 0 1
    outer loop
      vertex 1.47707 0.493591 167.8
      vertex 0.58699 -0.330322 167.8
      vertex 0.739365 -0.412079 167.8
    endloop
  endfacet
  facet normal -0 0 1
    outer loop
      vertex 0.276764 1.32547 167.8
      vertex 1.47707 0.493591 167.8
      vertex 0.442886 1.41278 167.8
    endloop
  endfacet
  facet normal 0 0 1
    outer loop
      vertex 1.47707 0.493591 167.8
      vertex 0.425201 -0.271912 167.8
      vertex 0.58699 -0.330322 167.8
    endloop
  endfacet
  facet normal 0 0 1
    outer loop
      vertex 1.47707 0.493591 167.8
      vertex 0.276764 1.32547 167.8
      vertex 0.425201 -0.271912 167.8
    endloop
  endfacet
  facet normal 0 0 1
    outer loop
      vertex 0.276764 1.32547 167.8
      vertex 0.253983 -0.236877 167.8
      vertex 0.425201 -0.271912 167.8
    endloop
  endfacet
  facet normal -0 0 1
    outer loop
      vertex 0.0902863 1.25906 167.8
      vertex 0.253983 -0.236877 167.8
      vertex 0.276764 1.32547 167.8
    endloop
  endfacet
  facet normal 0 0 1
    outer loop
      vertex 0.0902863 1.25906 167.8
      vertex 0.0733643 -0.225189 167.8
      vertex 0.253983 -0.236877 167.8
    endloop
  endfacet
  facet normal -0 0 1
    outer loop
      vertex -0.116516 1.21358 167.8
      vertex 0.0733643 -0.225189 167.8
      vertex 0.0902863 1.25906 167.8
    endloop
  endfacet
  facet normal 0 0 1
    outer loop
      vertex 0.0733643 -0.225189 167.8
      vertex -0.116516 1.21358 167.8
      vertex -0.0526428 -0.229141 167.8
    endloop
  endfacet
  facet normal -0 0 1
    outer loop
      vertex -0.343704 1.18898 167.8
      vertex -0.0526428 -0.229141 167.8
      vertex -0.116516 1.21358 167.8
    endloop
  endfacet
  facet normal 0 0 1
    outer loop
      vertex -0.0526428 -0.229141 167.8
      vertex -0.343704 1.18898 167.8
      vertex -0.186584 -0.241013 167.8
    endloop
  endfacet
  facet normal 0 0 1
    outer loop
      vertex -0.186584 -0.241013 167.8
      vertex -0.343704 1.18898 167.8
      vertex -0.32843 -0.260788 167.8
    endloop
  endfacet
  facet normal -0 0 1
    outer loop
      vertex -0.591217 1.18529 167.8
      vertex -0.32843 -0.260788 167.8
      vertex -0.343704 1.18898 167.8
    endloop
  endfacet
  facet normal 0 0 1
    outer loop
      vertex -0.32843 -0.260788 167.8
      vertex -0.591217 1.18529 167.8
      vertex -0.47818 -0.288483 167.8
    endloop
  endfacet
  facet normal 0 0 1
    outer loop
      vertex -0.591217 1.18529 167.8
      vertex -0.635849 -0.324081 167.8
      vertex -0.47818 -0.288483 167.8
    endloop
  endfacet
  facet normal 0 -0 1
    outer loop
      vertex -0.635849 -0.324081 167.8
      vertex -0.591217 1.18529 167.8
      vertex -0.801422 -0.367599 167.8
    endloop
  endfacet
  facet normal -0 0 1
    outer loop
      vertex 9.58118 -1.17459 167.8
      vertex 11.8664 -2.84949 167.8
      vertex 11.8664 -1.17459 167.8
    endloop
  endfacet
  facet normal 0 0 1
    outer loop
      vertex 7.79768 -2.84949 167.8
      vertex 9.58118 -1.17459 167.8
      vertex 7.79768 -1.18129 167.8
    endloop
  endfacet
  facet normal 0 0 1
    outer loop
      vertex 9.58118 -1.17459 167.8
      vertex 7.79768 -2.84949 167.8
      vertex 11.8664 -2.84949 167.8
    endloop
  endfacet
  facet normal 0 0 1
    outer loop
      vertex 7.79768 -1.18129 167.8
      vertex 11.8664 2.22279 167.8
      vertex 12.1106 5.13199 167.8
    endloop
  endfacet
  facet normal 0 0 1
    outer loop
      vertex 11.8664 2.22279 167.8
      vertex 7.79768 -1.18129 167.8
      vertex 9.58118 -1.17459 167.8
    endloop
  endfacet
  facet normal -0 0 1
    outer loop
      vertex 11.8664 2.22279 167.8
      vertex 13.7109 -1.17459 167.8
      vertex 13.7109 5.13199 167.8
    endloop
  endfacet
  facet normal 0 0 1
    outer loop
      vertex 11.8664 -1.17459 167.8
      vertex 13.7109 -1.17459 167.8
      vertex 11.8664 2.22279 167.8
    endloop
  endfacet
  facet normal 0 0 1
    outer loop
      vertex 11.8664 2.22279 167.8
      vertex 13.7109 5.13199 167.8
      vertex 12.1106 5.13199 167.8
    endloop
  endfacet
  facet normal 0 0 1
    outer loop
      vertex 13.7109 -1.17459 167.8
      vertex 11.8664 -1.17459 167.8
      vertex 13.7109 -2.84949 167.8
    endloop
  endfacet
  facet normal 0 0 1
    outer loop
      vertex 11.8664 -2.84949 167.8
      vertex 13.7109 -2.84949 167.8
      vertex 11.8664 -1.17459 167.8
    endloop
  endfacet
  facet normal 0 0 1
    outer loop
      vertex 13.7109 -2.84949 167.8
      vertex 11.8664 -2.84949 167.8
      vertex 13.7109 -4.84999 167.8
    endloop
  endfacet
  facet normal 0 0 1
    outer loop
      vertex 13.7109 -4.84999 167.8
      vertex 11.8664 -2.84949 167.8
      vertex 11.8664 -4.84999 167.8
    endloop
  endfacet
  facet normal -0 0 1
    outer loop
      vertex 13.7109 -1.17459 167.8
      vertex 14.9451 -2.84949 167.8
      vertex 14.9451 -1.17459 167.8
    endloop
  endfacet
  facet normal 0 0 1
    outer loop
      vertex 14.9451 -2.84949 167.8
      vertex 13.7109 -1.17459 167.8
      vertex 13.7109 -2.84949 167.8
    endloop
  endfacet
  facet normal 0 1 -0
    outer loop
      vertex 7.64372 5.26079 166.2
      vertex 6.21292 5.26079 167.8
      vertex 7.64372 5.26079 167.8
    endloop
  endfacet
  facet normal 0 1 0
    outer loop
      vertex 6.21292 5.26079 167.8
      vertex 7.64372 5.26079 166.2
      vertex 6.21292 5.26079 166.2
    endloop
  endfacet
  facet normal -0.972509 0.232865 0
    outer loop
      vertex 3.75133 -5.01949 166.2
      vertex 6.21292 5.26079 167.8
      vertex 6.21292 5.26079 166.2
    endloop
  endfacet
  facet normal -0.972509 0.232865 0
    outer loop
      vertex 6.21292 5.26079 167.8
      vertex 3.75133 -5.01949 166.2
      vertex 3.75133 -5.01949 167.8
    endloop
  endfacet
  facet normal 0 -1 0
    outer loop
      vertex 3.75133 -5.01949 166.2
      vertex 5.15503 -5.01949 167.8
      vertex 3.75133 -5.01949 167.8
    endloop
  endfacet
  facet normal 0 -1 -0
    outer loop
      vertex 5.15503 -5.01949 167.8
      vertex 3.75133 -5.01949 166.2
      vertex 5.15503 -5.01949 166.2
    endloop
  endfacet
  facet normal 0.971926 -0.235288 0
    outer loop
      vertex 5.15503 -5.01949 167.8
      vertex 7.64372 5.26079 166.2
      vertex 7.64372 5.26079 167.8
    endloop
  endfacet
  facet normal 0.971926 -0.235288 0
    outer loop
      vertex 7.64372 5.26079 166.2
      vertex 5.15503 -5.01949 167.8
      vertex 5.15503 -5.01949 166.2
    endloop
  endfacet
  facet normal 0.201329 -0.979524 0
    outer loop
      vertex -11.1219 -4.99277 166.2
      vertex -10.6325 -4.89218 167.8
      vertex -11.1219 -4.99277 167.8
    endloop
  endfacet
  facet normal 0.201329 -0.979524 0
    outer loop
      vertex -10.6325 -4.89218 167.8
      vertex -11.1219 -4.99277 166.2
      vertex -10.6325 -4.89218 166.2
    endloop
  endfacet
  facet normal 0.345368 -0.938467 0
    outer loop
      vertex -10.6325 -4.89218 166.2
      vertex -10.177 -4.72455 167.8
      vertex -10.6325 -4.89218 167.8
    endloop
  endfacet
  facet normal 0.345368 -0.938467 0
    outer loop
      vertex -10.177 -4.72455 167.8
      vertex -10.6325 -4.89218 166.2
      vertex -10.177 -4.72455 166.2
    endloop
  endfacet
  facet normal 0.486452 -0.873707 0
    outer loop
      vertex -10.177 -4.72455 166.2
      vertex -9.75546 -4.48985 167.8
      vertex -10.177 -4.72455 167.8
    endloop
  endfacet
  facet normal 0.486452 -0.873707 0
    outer loop
      vertex -9.75546 -4.48985 167.8
      vertex -10.177 -4.72455 166.2
      vertex -9.75546 -4.48985 166.2
    endloop
  endfacet
  facet normal 0.614241 -0.789119 0
    outer loop
      vertex -9.75546 -4.48985 166.2
      vertex -9.3678 -4.1881 167.8
      vertex -9.75546 -4.48985 167.8
    endloop
  endfacet
  facet normal 0.614241 -0.789119 0
    outer loop
      vertex -9.3678 -4.1881 167.8
      vertex -9.75546 -4.48985 166.2
      vertex -9.3678 -4.1881 166.2
    endloop
  endfacet
  facet normal 0.721678 -0.692229 0
    outer loop
      vertex -9.3678 -4.1881 167.8
      vertex -9.01404 -3.81929 166.2
      vertex -9.01404 -3.81929 167.8
    endloop
  endfacet
  facet normal 0.721678 -0.692229 0
    outer loop
      vertex -9.01404 -3.81929 166.2
      vertex -9.3678 -4.1881 167.8
      vertex -9.3678 -4.1881 166.2
    endloop
  endfacet
  facet normal 0.821363 -0.570406 0
    outer loop
      vertex -9.01404 -3.81929 167.8
      vertex -8.70531 -3.37473 166.2
      vertex -8.70531 -3.37473 167.8
    endloop
  endfacet
  facet normal 0.821363 -0.570406 0
    outer loop
      vertex -8.70531 -3.37473 166.2
      vertex -9.01404 -3.81929 167.8
      vertex -9.01404 -3.81929 166.2
    endloop
  endfacet
  facet normal 0.902384 -0.430933 0
    outer loop
      vertex -8.70531 -3.37473 167.8
      vertex -8.45271 -2.84578 166.2
      vertex -8.45271 -2.84578 167.8
    endloop
  endfacet
  facet normal 0.902384 -0.430933 0
    outer loop
      vertex -8.45271 -2.84578 166.2
      vertex -8.70531 -3.37473 167.8
      vertex -8.70531 -3.37473 166.2
    endloop
  endfacet
  facet normal 0.952333 -0.305059 0
    outer loop
      vertex -8.45271 -2.84578 167.8
      vertex -8.25624 -2.23244 166.2
      vertex -8.25624 -2.23244 167.8
    endloop
  endfacet
  facet normal 0.952333 -0.305059 0
    outer loop
      vertex -8.25624 -2.23244 166.2
      vertex -8.45271 -2.84578 167.8
      vertex -8.45271 -2.84578 166.2
    endloop
  endfacet
  facet normal 0.980368 -0.197175 0
    outer loop
      vertex -8.25624 -2.23244 167.8
      vertex -8.11591 -1.53471 166.2
      vertex -8.11591 -1.53471 167.8
    endloop
  endfacet
  facet normal 0.980368 -0.197175 0
    outer loop
      vertex -8.11591 -1.53471 166.2
      vertex -8.25624 -2.23244 167.8
      vertex -8.25624 -2.23244 166.2
    endloop
  endfacet
  facet normal 0.994255 -0.107038 0
    outer loop
      vertex -8.11591 -1.53471 167.8
      vertex -8.03171 -0.752594 166.2
      vertex -8.03171 -0.752594 167.8
    endloop
  endfacet
  facet normal 0.994255 -0.107038 0
    outer loop
      vertex -8.03171 -0.752594 166.2
      vertex -8.11591 -1.53471 167.8
      vertex -8.11591 -1.53471 166.2
    endloop
  endfacet
  facet normal 0.999476 -0.0323667 0
    outer loop
      vertex -8.03171 -0.752594 167.8
      vertex -8.00365 0.113892 166.2
      vertex -8.00365 0.113892 167.8
    endloop
  endfacet
  facet normal 0.999476 -0.0323667 0
    outer loop
      vertex -8.00365 0.113892 166.2
      vertex -8.03171 -0.752594 167.8
      vertex -8.03171 -0.752594 166.2
    endloop
  endfacet
  facet normal 0.9995 0.0316311 0
    outer loop
      vertex -8.00365 0.113892 167.8
      vertex -8.03058 0.964844 166.2
      vertex -8.03058 0.964844 167.8
    endloop
  endfacet
  facet normal 0.9995 0.0316311 0
    outer loop
      vertex -8.03058 0.964844 166.2
      vertex -8.00365 0.113892 167.8
      vertex -8.00365 0.113892 166.2
    endloop
  endfacet
  facet normal 0.994497 0.104763 0
    outer loop
      vertex -8.03058 0.964844 167.8
      vertex -8.11139 1.73196 166.2
      vertex -8.11139 1.73196 167.8
    endloop
  endfacet
  facet normal 0.994497 0.104763 0
    outer loop
      vertex -8.11139 1.73196 166.2
      vertex -8.03058 0.964844 167.8
      vertex -8.03058 0.964844 166.2
    endloop
  endfacet
  facet normal 0.981127 0.193365 0
    outer loop
      vertex -8.11139 1.73196 167.8
      vertex -8.24606 2.41527 166.2
      vertex -8.24606 2.41527 167.8
    endloop
  endfacet
  facet normal 0.981127 0.193365 0
    outer loop
      vertex -8.24606 2.41527 166.2
      vertex -8.11139 1.73196 167.8
      vertex -8.11139 1.73196 166.2
    endloop
  endfacet
  facet normal 0.953923 0.300051 0
    outer loop
      vertex -8.24606 2.41527 167.8
      vertex -8.43462 3.01474 166.2
      vertex -8.43462 3.01474 167.8
    endloop
  endfacet
  facet normal 0.953923 0.300051 0
    outer loop
      vertex -8.43462 3.01474 166.2
      vertex -8.24606 2.41527 167.8
      vertex -8.24606 2.41527 166.2
    endloop
  endfacet
  facet normal 0.90497 0.425475 0
    outer loop
      vertex -8.43462 3.01474 167.8
      vertex -8.67705 3.53038 166.2
      vertex -8.67705 3.53038 167.8
    endloop
  endfacet
  facet normal 0.90497 0.425475 0
    outer loop
      vertex -8.67705 3.53038 166.2
      vertex -8.43462 3.01474 167.8
      vertex -8.43462 3.01474 166.2
    endloop
  endfacet
  facet normal 0.824558 0.565777 0
    outer loop
      vertex -8.67705 3.53038 167.8
      vertex -8.97334 3.96219 166.2
      vertex -8.97334 3.96219 167.8
    endloop
  endfacet
  facet normal 0.824558 0.565777 0
    outer loop
      vertex -8.97334 3.96219 166.2
      vertex -8.67705 3.53038 167.8
      vertex -8.67705 3.53038 166.2
    endloop
  endfacet
  facet normal 0.726275 0.687405 0
    outer loop
      vertex -8.97334 3.96219 167.8
      vertex -9.31165 4.31963 166.2
      vertex -9.31165 4.31963 167.8
    endloop
  endfacet
  facet normal 0.726275 0.687405 0
    outer loop
      vertex -9.31165 4.31963 166.2
      vertex -8.97334 3.96219 167.8
      vertex -8.97334 3.96219 166.2
    endloop
  endfacet
  facet normal 0.621717 0.783242 -0
    outer loop
      vertex -9.31165 4.31963 166.2
      vertex -9.68008 4.61208 167.8
      vertex -9.31165 4.31963 167.8
    endloop
  endfacet
  facet normal 0.621717 0.783242 0
    outer loop
      vertex -9.68008 4.61208 167.8
      vertex -9.31165 4.31963 166.2
      vertex -9.68008 4.61208 166.2
    endloop
  endfacet
  facet normal 0.495609 0.868546 -0
    outer loop
      vertex -9.68008 4.61208 166.2
      vertex -10.0787 4.83954 167.8
      vertex -9.68008 4.61208 167.8
    endloop
  endfacet
  facet normal 0.495609 0.868546 0
    outer loop
      vertex -10.0787 4.83954 167.8
      vertex -9.68008 4.61208 166.2
      vertex -10.0787 4.83954 166.2
    endloop
  endfacet
  facet normal 0.354387 0.935099 -0
    outer loop
      vertex -10.0787 4.83954 166.2
      vertex -10.5074 5.00201 167.8
      vertex -10.0787 4.83954 167.8
    endloop
  endfacet
  facet normal 0.354387 0.935099 0
    outer loop
      vertex -10.5074 5.00201 167.8
      vertex -10.0787 4.83954 166.2
      vertex -10.5074 5.00201 166.2
    endloop
  endfacet
  facet normal 0.207849 0.978161 -0
    outer loop
      vertex -10.5074 5.00201 166.2
      vertex -10.9662 5.0995 167.8
      vertex -10.5074 5.00201 167.8
    endloop
  endfacet
  facet normal 0.207849 0.978161 0
    outer loop
      vertex -10.9662 5.0995 167.8
      vertex -10.5074 5.00201 166.2
      vertex -10.9662 5.0995 166.2
    endloop
  endfacet
  facet normal 0.0662955 0.9978 -0
    outer loop
      vertex -10.9662 5.0995 166.2
      vertex -11.4552 5.13199 167.8
      vertex -10.9662 5.0995 167.8
    endloop
  endfacet
  facet normal 0.0662955 0.9978 0
    outer loop
      vertex -11.4552 5.13199 167.8
      vertex -10.9662 5.0995 166.2
      vertex -11.4552 5.13199 166.2
    endloop
  endfacet
  facet normal -0.0570656 0.99837 0
    outer loop
      vertex -11.4552 5.13199 166.2
      vertex -11.905 5.10628 167.8
      vertex -11.4552 5.13199 167.8
    endloop
  endfacet
  facet normal -0.0570656 0.99837 0
    outer loop
      vertex -11.905 5.10628 167.8
      vertex -11.4552 5.13199 166.2
      vertex -11.905 5.10628 166.2
    endloop
  endfacet
  facet normal -0.179652 0.98373 0
    outer loop
      vertex -11.905 5.10628 166.2
      vertex -12.3274 5.02914 167.8
      vertex -11.905 5.10628 167.8
    endloop
  endfacet
  facet normal -0.179652 0.98373 0
    outer loop
      vertex -12.3274 5.02914 167.8
      vertex -11.905 5.10628 166.2
      vertex -12.3274 5.02914 166.2
    endloop
  endfacet
  facet normal -0.30944 0.950919 0
    outer loop
      vertex -12.3274 5.02914 166.2
      vertex -12.7225 4.90057 167.8
      vertex -12.3274 5.02914 167.8
    endloop
  endfacet
  facet normal -0.30944 0.950919 0
    outer loop
      vertex -12.7225 4.90057 167.8
      vertex -12.3274 5.02914 166.2
      vertex -12.7225 4.90057 166.2
    endloop
  endfacet
  facet normal -0.439578 0.898204 0
    outer loop
      vertex -12.7225 4.90057 166.2
      vertex -13.0903 4.72057 167.8
      vertex -12.7225 4.90057 167.8
    endloop
  endfacet
  facet normal -0.439578 0.898204 0
    outer loop
      vertex -13.0903 4.72057 167.8
      vertex -12.7225 4.90057 166.2
      vertex -13.0903 4.72057 166.2
    endloop
  endfacet
  facet normal -0.562111 0.827062 0
    outer loop
      vertex -13.0903 4.72057 166.2
      vertex -13.4308 4.48915 167.8
      vertex -13.0903 4.72057 167.8
    endloop
  endfacet
  facet normal -0.562111 0.827062 0
    outer loop
      vertex -13.4308 4.48915 167.8
      vertex -13.0903 4.72057 166.2
      vertex -13.4308 4.48915 166.2
    endloop
  endfacet
  facet normal -0.670352 0.742044 0
    outer loop
      vertex -13.4308 4.48915 166.2
      vertex -13.7439 4.2063 167.8
      vertex -13.4308 4.48915 167.8
    endloop
  endfacet
  facet normal -0.670352 0.742044 0
    outer loop
      vertex -13.7439 4.2063 167.8
      vertex -13.4308 4.48915 166.2
      vertex -13.7439 4.2063 166.2
    endloop
  endfacet
  facet normal -0.763683 0.645591 0
    outer loop
      vertex -14.0185 3.88147 166.2
      vertex -13.7439 4.2063 167.8
      vertex -13.7439 4.2063 166.2
    endloop
  endfacet
  facet normal -0.763683 0.645591 0
    outer loop
      vertex -13.7439 4.2063 167.8
      vertex -14.0185 3.88147 166.2
      vertex -14.0185 3.88147 167.8
    endloop
  endfacet
  facet normal -0.846705 0.532063 0
    outer loop
      vertex -14.2431 3.52405 166.2
      vertex -14.0185 3.88147 167.8
      vertex -14.0185 3.88147 166.2
    endloop
  endfacet
  facet normal -0.846705 0.532063 0
    outer loop
      vertex -14.0185 3.88147 167.8
      vertex -14.2431 3.52405 166.2
      vertex -14.2431 3.52405 167.8
    endloop
  endfacet
  facet normal -0.912621 0.408807 0
    outer loop
      vertex -14.4178 3.13405 166.2
      vertex -14.2431 3.52405 167.8
      vertex -14.2431 3.52405 166.2
    endloop
  endfacet
  facet normal -0.912621 0.408807 0
    outer loop
      vertex -14.2431 3.52405 167.8
      vertex -14.4178 3.13405 166.2
      vertex -14.4178 3.13405 167.8
    endloop
  endfacet
  facet normal -0.959056 0.283217 0
    outer loop
      vertex -14.5426 2.71144 166.2
      vertex -14.4178 3.13405 167.8
      vertex -14.4178 3.13405 166.2
    endloop
  endfacet
  facet normal -0.959056 0.283217 0
    outer loop
      vertex -14.4178 3.13405 167.8
      vertex -14.5426 2.71144 166.2
      vertex -14.5426 2.71144 167.8
    endloop
  endfacet
  facet normal -0.98673 0.16237 0
    outer loop
      vertex -14.6175 2.25627 166.2
      vertex -14.5426 2.71144 167.8
      vertex -14.5426 2.71144 166.2
    endloop
  endfacet
  facet normal -0.98673 0.16237 0
    outer loop
      vertex -14.5426 2.71144 167.8
      vertex -14.6175 2.25627 166.2
      vertex -14.6175 2.25627 167.8
    endloop
  endfacet
  facet normal -0.9987 0.0509812 0
    outer loop
      vertex -14.6424 1.76849 166.2
      vertex -14.6175 2.25627 167.8
      vertex -14.6175 2.25627 166.2
    endloop
  endfacet
  facet normal -0.9987 0.0509812 0
    outer loop
      vertex -14.6175 2.25627 167.8
      vertex -14.6424 1.76849 166.2
      vertex -14.6424 1.76849 167.8
    endloop
  endfacet
  facet normal -0.998734 -0.0503033 0
    outer loop
      vertex -14.6188 1.29993 166.2
      vertex -14.6424 1.76849 167.8
      vertex -14.6424 1.76849 166.2
    endloop
  endfacet
  facet normal -0.998734 -0.0503033 0
    outer loop
      vertex -14.6424 1.76849 167.8
      vertex -14.6188 1.29993 166.2
      vertex -14.6188 1.29993 167.8
    endloop
  endfacet
  facet normal -0.987165 -0.159703 0
    outer loop
      vertex -14.5479 0.861679 166.2
      vertex -14.6188 1.29993 167.8
      vertex -14.6188 1.29993 166.2
    endloop
  endfacet
  facet normal -0.987165 -0.159703 0
    outer loop
      vertex -14.6188 1.29993 167.8
      vertex -14.5479 0.861679 166.2
      vertex -14.5479 0.861679 167.8
    endloop
  endfacet
  facet normal -0.960489 -0.278319 0
    outer loop
      vertex -14.4297 0.453766 166.2
      vertex -14.5479 0.861679 167.8
      vertex -14.5479 0.861679 166.2
    endloop
  endfacet
  facet normal -0.960489 -0.278319 0
    outer loop
      vertex -14.5479 0.861679 167.8
      vertex -14.4297 0.453766 166.2
      vertex -14.4297 0.453766 167.8
    endloop
  endfacet
  facet normal -0.915882 -0.401448 0
    outer loop
      vertex -14.2642 0.0761871 166.2
      vertex -14.4297 0.453766 167.8
      vertex -14.4297 0.453766 166.2
    endloop
  endfacet
  facet normal -0.915882 -0.401448 0
    outer loop
      vertex -14.4297 0.453766 167.8
      vertex -14.2642 0.0761871 166.2
      vertex -14.2642 0.0761871 167.8
    endloop
  endfacet
  facet normal -0.85274 -0.522335 0
    outer loop
      vertex -14.0515 -0.271057 166.2
      vertex -14.2642 0.0761871 167.8
      vertex -14.2642 0.0761871 166.2
    endloop
  endfacet
  facet normal -0.85274 -0.522335 0
    outer loop
      vertex -14.2642 0.0761871 167.8
      vertex -14.0515 -0.271057 166.2
      vertex -14.0515 -0.271057 167.8
    endloop
  endfacet
  facet normal -0.773018 -0.634385 0
    outer loop
      vertex -13.7914 -0.587997 166.2
      vertex -14.0515 -0.271057 167.8
      vertex -14.0515 -0.271057 166.2
    endloop
  endfacet
  facet normal -0.773018 -0.634385 0
    outer loop
      vertex -14.0515 -0.271057 167.8
      vertex -13.7914 -0.587997 166.2
      vertex -13.7914 -0.587997 167.8
    endloop
  endfacet
  facet normal -0.686975 -0.726681 0
    outer loop
      vertex -13.7914 -0.587997 166.2
      vertex -13.4988 -0.864609 167.8
      vertex -13.7914 -0.587997 167.8
    endloop
  endfacet
  facet normal -0.686975 -0.726681 -0
    outer loop
      vertex -13.4988 -0.864609 167.8
      vertex -13.7914 -0.587997 166.2
      vertex -13.4988 -0.864609 166.2
    endloop
  endfacet
  facet normal -0.589044 -0.808101 0
    outer loop
      vertex -13.4988 -0.864609 166.2
      vertex -13.1883 -1.09094 167.8
      vertex -13.4988 -0.864609 167.8
    endloop
  endfacet
  facet normal -0.589044 -0.808101 -0
    outer loop
      vertex -13.1883 -1.09094 167.8
      vertex -13.4988 -0.864609 166.2
      vertex -13.1883 -1.09094 166.2
    endloop
  endfacet
  facet normal -0.472321 -0.881427 0
    outer loop
      vertex -13.1883 -1.09094 166.2
      vertex -12.8598 -1.26697 167.8
      vertex -13.1883 -1.09094 167.8
    endloop
  endfacet
  facet normal -0.472321 -0.881427 -0
    outer loop
      vertex -12.8598 -1.26697 167.8
      vertex -13.1883 -1.09094 166.2
      vertex -12.8598 -1.26697 166.2
    endloop
  endfacet
  facet normal -0.34127 -0.939965 0
    outer loop
      vertex -12.8598 -1.26697 166.2
      vertex -12.5135 -1.3927 167.8
      vertex -12.8598 -1.26697 167.8
    endloop
  endfacet
  facet normal -0.34127 -0.939965 -0
    outer loop
      vertex -12.5135 -1.3927 167.8
      vertex -12.8598 -1.26697 166.2
      vertex -12.5135 -1.3927 166.2
    endloop
  endfacet
  facet normal -0.202833 -0.979213 0
    outer loop
      vertex -12.5135 -1.3927 166.2
      vertex -12.1493 -1.46814 167.8
      vertex -12.5135 -1.3927 167.8
    endloop
  endfacet
  facet normal -0.202833 -0.979213 -0
    outer loop
      vertex -12.1493 -1.46814 167.8
      vertex -12.5135 -1.3927 166.2
      vertex -12.1493 -1.46814 166.2
    endloop
  endfacet
  facet normal -0.0656783 -0.997841 0
    outer loop
      vertex -12.1493 -1.46814 166.2
      vertex -11.7672 -1.49329 167.8
      vertex -12.1493 -1.46814 167.8
    endloop
  endfacet
  facet normal -0.0656783 -0.997841 -0
    outer loop
      vertex -11.7672 -1.49329 167.8
      vertex -12.1493 -1.46814 166.2
      vertex -11.7672 -1.49329 166.2
    endloop
  endfacet
  facet normal 0.0661684 -0.997808 0
    outer loop
      vertex -11.7672 -1.49329 166.2
      vertex -11.4178 -1.47012 167.8
      vertex -11.7672 -1.49329 167.8
    endloop
  endfacet
  facet normal 0.0661684 -0.997808 0
    outer loop
      vertex -11.4178 -1.47012 167.8
      vertex -11.7672 -1.49329 166.2
      vertex -11.4178 -1.47012 166.2
    endloop
  endfacet
  facet normal 0.206385 -0.978471 0
    outer loop
      vertex -11.4178 -1.47012 166.2
      vertex -11.0883 -1.40062 167.8
      vertex -11.4178 -1.47012 167.8
    endloop
  endfacet
  facet normal 0.206385 -0.978471 0
    outer loop
      vertex -11.0883 -1.40062 167.8
      vertex -11.4178 -1.47012 166.2
      vertex -11.0883 -1.40062 166.2
    endloop
  endfacet
  facet normal 0.35056 -0.93654 0
    outer loop
      vertex -11.0883 -1.40062 166.2
      vertex -10.7788 -1.28477 167.8
      vertex -11.0883 -1.40062 167.8
    endloop
  endfacet
  facet normal 0.35056 -0.93654 0
    outer loop
      vertex -10.7788 -1.28477 167.8
      vertex -11.0883 -1.40062 166.2
      vertex -10.7788 -1.28477 166.2
    endloop
  endfacet
  facet normal 0.488787 -0.872403 0
    outer loop
      vertex -10.7788 -1.28477 166.2
      vertex -10.4893 -1.12257 167.8
      vertex -10.7788 -1.28477 167.8
    endloop
  endfacet
  facet normal 0.488787 -0.872403 0
    outer loop
      vertex -10.4893 -1.12257 167.8
      vertex -10.7788 -1.28477 166.2
      vertex -10.4893 -1.12257 166.2
    endloop
  endfacet
  facet normal 0.611779 -0.791028 0
    outer loop
      vertex -10.4893 -1.12257 166.2
      vertex -10.2197 -0.914062 167.8
      vertex -10.4893 -1.12257 167.8
    endloop
  endfacet
  facet normal 0.611779 -0.791028 0
    outer loop
      vertex -10.2197 -0.914062 167.8
      vertex -10.4893 -1.12257 166.2
      vertex -10.2197 -0.914062 166.2
    endloop
  endfacet
  facet normal 0.714507 -0.699629 0
    outer loop
      vertex -10.2197 -0.914062 167.8
      vertex -9.97014 -0.659195 166.2
      vertex -9.97014 -0.659195 167.8
    endloop
  endfacet
  facet normal 0.714507 -0.699629 0
    outer loop
      vertex -9.97014 -0.659195 166.2
      vertex -10.2197 -0.914062 167.8
      vertex -10.2197 -0.914062 166.2
    endloop
  endfacet
  facet normal -0.996234 0.0867104 0
    outer loop
      vertex -10.0169 -1.19643 166.2
      vertex -9.97014 -0.659195 167.8
      vertex -9.97014 -0.659195 166.2
    endloop
  endfacet
  facet normal -0.996234 0.0867104 0
    outer loop
      vertex -9.97014 -0.659195 167.8
      vertex -10.0169 -1.19643 166.2
      vertex -10.0169 -1.19643 167.8
    endloop
  endfacet
  facet normal -0.991142 0.132804 0
    outer loop
      vertex -10.0802 -1.66885 166.2
      vertex -10.0169 -1.19643 167.8
      vertex -10.0169 -1.19643 166.2
    endloop
  endfacet
  facet normal -0.991142 0.132804 0
    outer loop
      vertex -10.0169 -1.19643 167.8
      vertex -10.0802 -1.66885 166.2
      vertex -10.0802 -1.66885 167.8
    endloop
  endfacet
  facet normal -0.981373 0.192114 0
    outer loop
      vertex -10.16 -2.07649 166.2
      vertex -10.0802 -1.66885 167.8
      vertex -10.0802 -1.66885 166.2
    endloop
  endfacet
  facet normal -0.981373 0.192114 0
    outer loop
      vertex -10.0802 -1.66885 167.8
      vertex -10.16 -2.07649 166.2
      vertex -10.16 -2.07649 167.8
    endloop
  endfacet
  facet normal -0.962595 0.270944 0
    outer loop
      vertex -10.2565 -2.41933 166.2
      vertex -10.16 -2.07649 167.8
      vertex -10.16 -2.07649 166.2
    endloop
  endfacet
  facet normal -0.962595 0.270944 0
    outer loop
      vertex -10.16 -2.07649 167.8
      vertex -10.2565 -2.41933 166.2
      vertex -10.2565 -2.41933 167.8
    endloop
  endfacet
  facet normal -0.926408 0.376521 0
    outer loop
      vertex -10.3695 -2.69736 166.2
      vertex -10.2565 -2.41933 167.8
      vertex -10.2565 -2.41933 166.2
    endloop
  endfacet
  facet normal -0.926408 0.376521 0
    outer loop
      vertex -10.2565 -2.41933 167.8
      vertex -10.3695 -2.69736 166.2
      vertex -10.3695 -2.69736 167.8
    endloop
  endfacet
  facet normal -0.854551 0.519367 0
    outer loop
      vertex -10.4991 -2.9106 166.2
      vertex -10.3695 -2.69736 167.8
      vertex -10.3695 -2.69736 166.2
    endloop
  endfacet
  facet normal -0.854551 0.519367 0
    outer loop
      vertex -10.3695 -2.69736 167.8
      vertex -10.4991 -2.9106 166.2
      vertex -10.4991 -2.9106 167.8
    endloop
  endfacet
  facet normal -0.757609 0.652709 0
    outer loop
      vertex -10.6419 -3.07635 166.2
      vertex -10.4991 -2.9106 167.8
      vertex -10.4991 -2.9106 166.2
    endloop
  endfacet
  facet normal -0.757609 0.652709 0
    outer loop
      vertex -10.4991 -2.9106 167.8
      vertex -10.6419 -3.07635 166.2
      vertex -10.6419 -3.07635 167.8
    endloop
  endfacet
  facet normal -0.664324 0.747444 0
    outer loop
      vertex -10.6419 -3.07635 166.2
      vertex -10.7945 -3.21198 167.8
      vertex -10.6419 -3.07635 167.8
    endloop
  endfacet
  facet normal -0.664324 0.747444 0
    outer loop
      vertex -10.7945 -3.21198 167.8
      vertex -10.6419 -3.07635 166.2
      vertex -10.7945 -3.21198 166.2
    endloop
  endfacet
  facet normal -0.54497 0.838455 0
    outer loop
      vertex -10.7945 -3.21198 166.2
      vertex -10.9568 -3.31747 167.8
      vertex -10.7945 -3.21198 167.8
    endloop
  endfacet
  facet normal -0.54497 0.838455 0
    outer loop
      vertex -10.9568 -3.31747 167.8
      vertex -10.7945 -3.21198 166.2
      vertex -10.9568 -3.31747 166.2
    endloop
  endfacet
  facet normal -0.40083 0.916152 0
    outer loop
      vertex -10.9568 -3.31747 166.2
      vertex -11.129 -3.39281 167.8
      vertex -10.9568 -3.31747 167.8
    endloop
  endfacet
  facet normal -0.40083 0.916152 0
    outer loop
      vertex -11.129 -3.39281 167.8
      vertex -10.9568 -3.31747 166.2
      vertex -11.129 -3.39281 166.2
    endloop
  endfacet
  facet normal -0.24108 0.970505 0
    outer loop
      vertex -11.129 -3.39281 166.2
      vertex -11.311 -3.43802 167.8
      vertex -11.129 -3.39281 167.8
    endloop
  endfacet
  facet normal -0.24108 0.970505 0
    outer loop
      vertex -11.311 -3.43802 167.8
      vertex -11.129 -3.39281 166.2
      vertex -11.311 -3.43802 166.2
    endloop
  endfacet
  facet normal -0.0783706 0.996924 0
    outer loop
      vertex -11.311 -3.43802 166.2
      vertex -11.5027 -3.45309 167.8
      vertex -11.311 -3.43802 167.8
    endloop
  endfacet
  facet normal -0.0783706 0.996924 0
    outer loop
      vertex -11.5027 -3.45309 167.8
      vertex -11.311 -3.43802 166.2
      vertex -11.5027 -3.45309 166.2
    endloop
  endfacet
  facet normal 0.0498386 0.998757 -0
    outer loop
      vertex -11.5027 -3.45309 166.2
      vertex -11.6536 -3.44556 167.8
      vertex -11.5027 -3.45309 167.8
    endloop
  endfacet
  facet normal 0.0498386 0.998757 0
    outer loop
      vertex -11.6536 -3.44556 167.8
      vertex -11.5027 -3.45309 166.2
      vertex -11.6536 -3.44556 166.2
    endloop
  endfacet
  facet normal 0.158593 0.987344 -0
    outer loop
      vertex -11.6536 -3.44556 166.2
      vertex -11.7943 -3.42296 167.8
      vertex -11.6536 -3.44556 167.8
    endloop
  endfacet
  facet normal 0.158593 0.987344 0
    outer loop
      vertex -11.7943 -3.42296 167.8
      vertex -11.6536 -3.44556 166.2
      vertex -11.7943 -3.42296 166.2
    endloop
  endfacet
  facet normal 0.277072 0.960849 -0
    outer loop
      vertex -11.7943 -3.42296 166.2
      vertex -11.9249 -3.3853 167.8
      vertex -11.7943 -3.42296 167.8
    endloop
  endfacet
  facet normal 0.277072 0.960849 0
    outer loop
      vertex -11.9249 -3.3853 167.8
      vertex -11.7943 -3.42296 166.2
      vertex -11.9249 -3.3853 166.2
    endloop
  endfacet
  facet normal 0.40145 0.915881 -0
    outer loop
      vertex -11.9249 -3.3853 166.2
      vertex -12.0452 -3.33257 167.8
      vertex -11.9249 -3.3853 167.8
    endloop
  endfacet
  facet normal 0.40145 0.915881 0
    outer loop
      vertex -12.0452 -3.33257 167.8
      vertex -11.9249 -3.3853 166.2
      vertex -12.0452 -3.33257 166.2
    endloop
  endfacet
  facet normal 0.524067 0.851677 -0
    outer loop
      vertex -12.0452 -3.33257 166.2
      vertex -12.1554 -3.26476 167.8
      vertex -12.0452 -3.33257 167.8
    endloop
  endfacet
  facet normal 0.524067 0.851677 0
    outer loop
      vertex -12.1554 -3.26476 167.8
      vertex -12.0452 -3.33257 166.2
      vertex -12.1554 -3.26476 166.2
    endloop
  endfacet
  facet normal 0.638122 0.769935 -0
    outer loop
      vertex -12.1554 -3.26476 166.2
      vertex -12.2554 -3.18188 167.8
      vertex -12.1554 -3.26476 167.8
    endloop
  endfacet
  facet normal 0.638122 0.769935 0
    outer loop
      vertex -12.2554 -3.18188 167.8
      vertex -12.1554 -3.26476 166.2
      vertex -12.2554 -3.18188 166.2
    endloop
  endfacet
  facet normal 0.742424 0.66993 0
    outer loop
      vertex -12.2554 -3.18188 167.8
      vertex -12.3443 -3.08336 166.2
      vertex -12.3443 -3.08336 167.8
    endloop
  endfacet
  facet normal 0.742424 0.66993 0
    outer loop
      vertex -12.3443 -3.08336 166.2
      vertex -12.2554 -3.18188 167.8
      vertex -12.2554 -3.18188 166.2
    endloop
  endfacet
  facet normal 0.830667 0.55677 0
    outer loop
      vertex -12.3443 -3.08336 167.8
      vertex -12.4212 -2.96863 166.2
      vertex -12.4212 -2.96863 167.8
    endloop
  endfacet
  facet normal 0.830667 0.55677 0
    outer loop
      vertex -12.4212 -2.96863 166.2
      vertex -12.3443 -3.08336 167.8
      vertex -12.3443 -3.08336 166.2
    endloop
  endfacet
  facet normal 0.896254 0.443541 0
    outer loop
      vertex -12.4212 -2.96863 167.8
      vertex -12.486 -2.83769 166.2
      vertex -12.486 -2.83769 167.8
    endloop
  endfacet
  facet normal 0.896254 0.443541 0
    outer loop
      vertex -12.486 -2.83769 166.2
      vertex -12.4212 -2.96863 167.8
      vertex -12.4212 -2.96863 166.2
    endloop
  endfacet
  facet normal 0.941438 0.337187 0
    outer loop
      vertex -12.486 -2.83769 167.8
      vertex -12.5387 -2.69055 166.2
      vertex -12.5387 -2.69055 167.8
    endloop
  endfacet
  facet normal 0.941438 0.337187 0
    outer loop
      vertex -12.5387 -2.69055 166.2
      vertex -12.486 -2.83769 167.8
      vertex -12.486 -2.83769 166.2
    endloop
  endfacet
  facet normal 0.970327 0.241795 0
    outer loop
      vertex -12.5387 -2.69055 167.8
      vertex -12.5794 -2.52722 166.2
      vertex -12.5794 -2.52722 167.8
    endloop
  endfacet
  facet normal 0.970327 0.241795 0
    outer loop
      vertex -12.5794 -2.52722 166.2
      vertex -12.5387 -2.69055 167.8
      vertex -12.5387 -2.69055 166.2
    endloop
  endfacet
  facet normal 0.987548 0.157321 0
    outer loop
      vertex -12.5794 -2.52722 167.8
      vertex -12.608 -2.34769 166.2
      vertex -12.608 -2.34769 167.8
    endloop
  endfacet
  facet normal 0.987548 0.157321 0
    outer loop
      vertex -12.608 -2.34769 166.2
      vertex -12.5794 -2.52722 167.8
      vertex -12.5794 -2.52722 166.2
    endloop
  endfacet
  facet normal -0.109663 0.993969 0
    outer loop
      vertex -12.608 -2.34769 166.2
      vertex -14.4525 -2.55119 167.8
      vertex -12.608 -2.34769 167.8
    endloop
  endfacet
  facet normal -0.109663 0.993969 0
    outer loop
      vertex -14.4525 -2.55119 167.8
      vertex -12.608 -2.34769 166.2
      vertex -14.4525 -2.55119 166.2
    endloop
  endfacet
  facet normal -0.979005 -0.203835 0
    outer loop
      vertex -14.3704 -2.94551 166.2
      vertex -14.4525 -2.55119 167.8
      vertex -14.4525 -2.55119 166.2
    endloop
  endfacet
  facet normal -0.979005 -0.203835 0
    outer loop
      vertex -14.4525 -2.55119 167.8
      vertex -14.3704 -2.94551 166.2
      vertex -14.3704 -2.94551 167.8
    endloop
  endfacet
  facet normal -0.955883 -0.293746 0
    outer loop
      vertex -14.2597 -3.30574 166.2
      vertex -14.3704 -2.94551 167.8
      vertex -14.3704 -2.94551 166.2
    endloop
  endfacet
  facet normal -0.955883 -0.293746 0
    outer loop
      vertex -14.3704 -2.94551 167.8
      vertex -14.2597 -3.30574 166.2
      vertex -14.2597 -3.30574 167.8
    endloop
  endfacet
  facet normal -0.919535 -0.393007 0
    outer loop
      vertex -14.1203 -3.6319 166.2
      vertex -14.2597 -3.30574 167.8
      vertex -14.2597 -3.30574 166.2
    endloop
  endfacet
  facet normal -0.919535 -0.393007 0
    outer loop
      vertex -14.2597 -3.30574 167.8
      vertex -14.1203 -3.6319 166.2
      vertex -14.1203 -3.6319 167.8
    endloop
  endfacet
  facet normal -0.866815 -0.49863 0
    outer loop
      vertex -13.9523 -3.92395 166.2
      vertex -14.1203 -3.6319 167.8
      vertex -14.1203 -3.6319 166.2
    endloop
  endfacet
  facet normal -0.866815 -0.49863 0
    outer loop
      vertex -14.1203 -3.6319 167.8
      vertex -13.9523 -3.92395 166.2
      vertex -13.9523 -3.92395 167.8
    endloop
  endfacet
  facet normal -0.795207 -0.606339 0
    outer loop
      vertex -13.7556 -4.18192 166.2
      vertex -13.9523 -3.92395 167.8
      vertex -13.9523 -3.92395 166.2
    endloop
  endfacet
  facet normal -0.795207 -0.606339 0
    outer loop
      vertex -13.9523 -3.92395 167.8
      vertex -13.7556 -4.18192 166.2
      vertex -13.7556 -4.18192 167.8
    endloop
  endfacet
  facet normal -0.704852 -0.709354 0
    outer loop
      vertex -13.7556 -4.18192 166.2
      vertex -13.5303 -4.40579 167.8
      vertex -13.7556 -4.18192 167.8
    endloop
  endfacet
  facet normal -0.704852 -0.709354 -0
    outer loop
      vertex -13.5303 -4.40579 167.8
      vertex -13.7556 -4.18192 166.2
      vertex -13.5303 -4.40579 166.2
    endloop
  endfacet
  facet normal -0.601197 -0.799101 0
    outer loop
      vertex -13.5303 -4.40579 166.2
      vertex -13.2783 -4.59538 167.8
      vertex -13.5303 -4.40579 167.8
    endloop
  endfacet
  facet normal -0.601197 -0.799101 -0
    outer loop
      vertex -13.2783 -4.59538 167.8
      vertex -13.5303 -4.40579 166.2
      vertex -13.2783 -4.59538 166.2
    endloop
  endfacet
  facet normal -0.488786 -0.872404 0
    outer loop
      vertex -13.2783 -4.59538 166.2
      vertex -13.0014 -4.75052 167.8
      vertex -13.2783 -4.59538 167.8
    endloop
  endfacet
  facet normal -0.488786 -0.872404 -0
    outer loop
      vertex -13.0014 -4.75052 167.8
      vertex -13.2783 -4.59538 166.2
      vertex -13.0014 -4.75052 166.2
    endloop
  endfacet
  facet normal -0.371205 -0.928551 0
    outer loop
      vertex -13.0014 -4.75052 166.2
      vertex -12.6996 -4.87117 167.8
      vertex -13.0014 -4.75052 167.8
    endloop
  endfacet
  facet normal -0.371205 -0.928551 -0
    outer loop
      vertex -12.6996 -4.87117 167.8
      vertex -13.0014 -4.75052 166.2
      vertex -12.6996 -4.87117 166.2
    endloop
  endfacet
  facet normal -0.255137 -0.966905 0
    outer loop
      vertex -12.6996 -4.87117 166.2
      vertex -12.373 -4.95735 167.8
      vertex -12.6996 -4.87117 167.8
    endloop
  endfacet
  facet normal -0.255137 -0.966905 -0
    outer loop
      vertex -12.373 -4.95735 167.8
      vertex -12.6996 -4.87117 166.2
      vertex -12.373 -4.95735 166.2
    endloop
  endfacet
  facet normal -0.145546 -0.989352 0
    outer loop
      vertex -12.373 -4.95735 166.2
      vertex -12.0215 -5.00906 167.8
      vertex -12.373 -4.95735 167.8
    endloop
  endfacet
  facet normal -0.145546 -0.989352 -0
    outer loop
      vertex -12.0215 -5.00906 167.8
      vertex -12.373 -4.95735 166.2
      vertex -12.0215 -5.00906 166.2
    endloop
  endfacet
  facet normal -0.0457279 -0.998954 0
    outer loop
      vertex -12.0215 -5.00906 166.2
      vertex -11.6451 -5.02629 167.8
      vertex -12.0215 -5.00906 167.8
    endloop
  endfacet
  facet normal -0.0457279 -0.998954 -0
    outer loop
      vertex -11.6451 -5.02629 167.8
      vertex -12.0215 -5.00906 166.2
      vertex -11.6451 -5.02629 166.2
    endloop
  endfacet
  facet normal 0.0639362 -0.997954 0
    outer loop
      vertex -11.6451 -5.02629 166.2
      vertex -11.1219 -4.99277 167.8
      vertex -11.6451 -5.02629 167.8
    endloop
  endfacet
  facet normal 0.0639362 -0.997954 0
    outer loop
      vertex -11.1219 -4.99277 167.8
      vertex -11.6451 -5.02629 166.2
      vertex -11.1219 -4.99277 166.2
    endloop
  endfacet
  facet normal 0.211006 0.977485 -0
    outer loop
      vertex -11.6263 -0.0837708 166.2
      vertex -11.8004 -0.0461884 167.8
      vertex -11.6263 -0.0837708 167.8
    endloop
  endfacet
  facet normal 0.211006 0.977485 0
    outer loop
      vertex -11.8004 -0.0461884 167.8
      vertex -11.6263 -0.0837708 166.2
      vertex -11.8004 -0.0461884 166.2
    endloop
  endfacet
  facet normal 0.357597 0.933876 -0
    outer loop
      vertex -11.8004 -0.0461884 166.2
      vertex -11.9639 0.0164185 167.8
      vertex -11.8004 -0.0461884 167.8
    endloop
  endfacet
  facet normal 0.357597 0.933876 0
    outer loop
      vertex -11.9639 0.0164185 167.8
      vertex -11.8004 -0.0461884 166.2
      vertex -11.9639 0.0164185 166.2
    endloop
  endfacet
  facet normal 0.497198 0.867637 -0
    outer loop
      vertex -11.9639 0.0164185 166.2
      vertex -12.1169 0.104095 167.8
      vertex -11.9639 0.0164185 167.8
    endloop
  endfacet
  facet normal 0.497198 0.867637 0
    outer loop
      vertex -12.1169 0.104095 167.8
      vertex -11.9639 0.0164185 166.2
      vertex -12.1169 0.104095 166.2
    endloop
  endfacet
  facet normal 0.620648 0.78409 -0
    outer loop
      vertex -12.1169 0.104095 166.2
      vertex -12.2593 0.216812 167.8
      vertex -12.1169 0.104095 167.8
    endloop
  endfacet
  facet normal 0.620648 0.78409 0
    outer loop
      vertex -12.2593 0.216812 167.8
      vertex -12.1169 0.104095 166.2
      vertex -12.2593 0.216812 166.2
    endloop
  endfacet
  facet normal 0.722632 0.691233 0
    outer loop
      vertex -12.2593 0.216812 167.8
      vertex -12.3911 0.354599 166.2
      vertex -12.3911 0.354599 167.8
    endloop
  endfacet
  facet normal 0.722632 0.691233 0
    outer loop
      vertex -12.3911 0.354599 166.2
      vertex -12.2593 0.216812 167.8
      vertex -12.2593 0.216812 166.2
    endloop
  endfacet
  facet normal 0.817093 0.576505 0
    outer loop
      vertex -12.3911 0.354599 167.8
      vertex -12.5072 0.51915 166.2
      vertex -12.5072 0.51915 167.8
    endloop
  endfacet
  facet normal 0.817093 0.576505 0
    outer loop
      vertex -12.5072 0.51915 166.2
      vertex -12.3911 0.354599 167.8
      vertex -12.3911 0.354599 166.2
    endloop
  endfacet
  facet normal 0.897377 0.441265 0
    outer loop
      vertex -12.5072 0.51915 167.8
      vertex -12.6021 0.712143 166.2
      vertex -12.6021 0.712143 167.8
    endloop
  endfacet
  facet normal 0.897377 0.441265 0
    outer loop
      vertex -12.6021 0.712143 166.2
      vertex -12.5072 0.51915 167.8
      vertex -12.5072 0.51915 166.2
    endloop
  endfacet
  facet normal 0.948692 0.316202 0
    outer loop
      vertex -12.6021 0.712143 167.8
      vertex -12.6759 0.933563 166.2
      vertex -12.6759 0.933563 167.8
    endloop
  endfacet
  facet normal 0.948692 0.316202 0
    outer loop
      vertex -12.6759 0.933563 166.2
      vertex -12.6021 0.712143 167.8
      vertex -12.6021 0.712143 166.2
    endloop
  endfacet
  facet normal 0.978396 0.206739 0
    outer loop
      vertex -12.6759 0.933563 167.8
      vertex -12.7287 1.18344 166.2
      vertex -12.7287 1.18344 167.8
    endloop
  endfacet
  facet normal 0.978396 0.206739 0
    outer loop
      vertex -12.7287 1.18344 166.2
      vertex -12.6759 0.933563 167.8
      vertex -12.6759 0.933563 166.2
    endloop
  endfacet
  facet normal 0.993616 0.112818 0
    outer loop
      vertex -12.7287 1.18344 167.8
      vertex -12.7603 1.46175 166.2
      vertex -12.7603 1.46175 167.8
    endloop
  endfacet
  facet normal 0.993616 0.112818 0
    outer loop
      vertex -12.7603 1.46175 166.2
      vertex -12.7287 1.18344 167.8
      vertex -12.7287 1.18344 166.2
    endloop
  endfacet
  facet normal 0.999415 0.0342109 0
    outer loop
      vertex -12.7603 1.46175 167.8
      vertex -12.7708 1.76849 166.2
      vertex -12.7708 1.76849 167.8
    endloop
  endfacet
  facet normal 0.999415 0.0342109 0
    outer loop
      vertex -12.7708 1.76849 166.2
      vertex -12.7603 1.46175 167.8
      vertex -12.7603 1.46175 166.2
    endloop
  endfacet
  facet normal 0.999484 -0.0321356 0
    outer loop
      vertex -12.7708 1.76849 167.8
      vertex -12.7611 2.07018 166.2
      vertex -12.7611 2.07018 167.8
    endloop
  endfacet
  facet normal 0.999484 -0.0321356 0
    outer loop
      vertex -12.7611 2.07018 166.2
      vertex -12.7708 1.76849 167.8
      vertex -12.7708 1.76849 166.2
    endloop
  endfacet
  facet normal 0.994329 -0.106343 0
    outer loop
      vertex -12.7611 2.07018 167.8
      vertex -12.732 2.34227 166.2
      vertex -12.732 2.34227 167.8
    endloop
  endfacet
  facet normal 0.994329 -0.106343 0
    outer loop
      vertex -12.732 2.34227 166.2
      vertex -12.7611 2.07018 167.8
      vertex -12.7611 2.07018 166.2
    endloop
  endfacet
  facet normal 0.980584 -0.196101 0
    outer loop
      vertex -12.732 2.34227 167.8
      vertex -12.6835 2.58479 166.2
      vertex -12.6835 2.58479 167.8
    endloop
  endfacet
  facet normal 0.980584 -0.196101 0
    outer loop
      vertex -12.6835 2.58479 166.2
      vertex -12.732 2.34227 167.8
      vertex -12.732 2.34227 166.2
    endloop
  endfacet
  facet normal 0.952736 -0.303798 0
    outer loop
      vertex -12.6835 2.58479 167.8
      vertex -12.6156 2.79773 166.2
      vertex -12.6156 2.79773 167.8
    endloop
  endfacet
  facet normal 0.952736 -0.303798 0
    outer loop
      vertex -12.6156 2.79773 166.2
      vertex -12.6835 2.58479 167.8
      vertex -12.6835 2.58479 166.2
    endloop
  endfacet
  facet normal 0.903097 -0.429436 0
    outer loop
      vertex -12.6156 2.79773 167.8
      vertex -12.5284 2.98111 166.2
      vertex -12.5284 2.98111 167.8
    endloop
  endfacet
  facet normal 0.903097 -0.429436 0
    outer loop
      vertex -12.5284 2.98111 166.2
      vertex -12.6156 2.79773 167.8
      vertex -12.6156 2.79773 166.2
    endloop
  endfacet
  facet normal 0.821349 -0.570426 0
    outer loop
      vertex -12.5284 2.98111 167.8
      vertex -12.4216 3.13489 166.2
      vertex -12.4216 3.13489 167.8
    endloop
  endfacet
  facet normal 0.821349 -0.570426 0
    outer loop
      vertex -12.4216 3.13489 166.2
      vertex -12.5284 2.98111 167.8
      vertex -12.5284 2.98111 166.2
    endloop
  endfacet
  facet normal 0.724084 -0.689712 0
    outer loop
      vertex -12.4216 3.13489 167.8
      vertex -12.3002 3.26234 166.2
      vertex -12.3002 3.26234 167.8
    endloop
  endfacet
  facet normal 0.724084 -0.689712 0
    outer loop
      vertex -12.3002 3.26234 166.2
      vertex -12.4216 3.13489 167.8
      vertex -12.4216 3.13489 166.2
    endloop
  endfacet
  facet normal 0.6216 -0.783335 0
    outer loop
      vertex -12.3002 3.26234 166.2
      vertex -12.1688 3.36661 167.8
      vertex -12.3002 3.26234 167.8
    endloop
  endfacet
  facet normal 0.6216 -0.783335 0
    outer loop
      vertex -12.1688 3.36661 167.8
      vertex -12.3002 3.26234 166.2
      vertex -12.1688 3.36661 166.2
    endloop
  endfacet
  facet normal 0.497837 -0.867271 0
    outer loop
      vertex -12.1688 3.36661 166.2
      vertex -12.0275 3.44772 167.8
      vertex -12.1688 3.36661 167.8
    endloop
  endfacet
  facet normal 0.497837 -0.867271 0
    outer loop
      vertex -12.0275 3.44772 167.8
      vertex -12.1688 3.36661 166.2
      vertex -12.0275 3.44772 166.2
    endloop
  endfacet
  facet normal 0.357362 -0.933966 0
    outer loop
      vertex -12.0275 3.44772 166.2
      vertex -11.8761 3.50565 167.8
      vertex -12.0275 3.44772 167.8
    endloop
  endfacet
  facet normal 0.357362 -0.933966 0
    outer loop
      vertex -11.8761 3.50565 167.8
      vertex -12.0275 3.44772 166.2
      vertex -11.8761 3.50565 166.2
    endloop
  endfacet
  facet normal 0.210663 -0.977559 0
    outer loop
      vertex -11.8761 3.50565 166.2
      vertex -11.7148 3.54041 167.8
      vertex -11.8761 3.50565 167.8
    endloop
  endfacet
  facet normal 0.210663 -0.977559 0
    outer loop
      vertex -11.7148 3.54041 167.8
      vertex -11.8761 3.50565 166.2
      vertex -11.7148 3.54041 166.2
    endloop
  endfacet
  facet normal 0.0674076 -0.997726 0
    outer loop
      vertex -11.7148 3.54041 166.2
      vertex -11.5434 3.55199 167.8
      vertex -11.7148 3.54041 167.8
    endloop
  endfacet
  facet normal 0.0674076 -0.997726 0
    outer loop
      vertex -11.5434 3.55199 167.8
      vertex -11.7148 3.54041 166.2
      vertex -11.5434 3.55199 166.2
    endloop
  endfacet
  facet normal -0.0775739 -0.996987 0
    outer loop
      vertex -11.5434 3.55199 166.2
      vertex -11.3618 3.53786 167.8
      vertex -11.5434 3.55199 167.8
    endloop
  endfacet
  facet normal -0.0775739 -0.996987 -0
    outer loop
      vertex -11.3618 3.53786 167.8
      vertex -11.5434 3.55199 166.2
      vertex -11.3618 3.53786 166.2
    endloop
  endfacet
  facet normal -0.236133 -0.971721 0
    outer loop
      vertex -11.3618 3.53786 166.2
      vertex -11.1874 3.49548 167.8
      vertex -11.3618 3.53786 167.8
    endloop
  endfacet
  facet normal -0.236133 -0.971721 -0
    outer loop
      vertex -11.1874 3.49548 167.8
      vertex -11.3618 3.53786 166.2
      vertex -11.1874 3.49548 166.2
    endloop
  endfacet
  facet normal -0.389575 -0.920995 0
    outer loop
      vertex -11.1874 3.49548 166.2
      vertex -11.0204 3.42484 167.8
      vertex -11.1874 3.49548 167.8
    endloop
  endfacet
  facet normal -0.389575 -0.920995 -0
    outer loop
      vertex -11.0204 3.42484 167.8
      vertex -11.1874 3.49548 166.2
      vertex -11.0204 3.42484 166.2
    endloop
  endfacet
  facet normal -0.52674 -0.850027 0
    outer loop
      vertex -11.0204 3.42484 166.2
      vertex -10.8608 3.32594 167.8
      vertex -11.0204 3.42484 167.8
    endloop
  endfacet
  facet normal -0.52674 -0.850027 -0
    outer loop
      vertex -10.8608 3.32594 167.8
      vertex -11.0204 3.42484 166.2
      vertex -10.8608 3.32594 166.2
    endloop
  endfacet
  facet normal -0.640878 -0.767643 0
    outer loop
      vertex -10.8608 3.32594 166.2
      vertex -10.7085 3.19879 167.8
      vertex -10.8608 3.32594 167.8
    endloop
  endfacet
  facet normal -0.640878 -0.767643 -0
    outer loop
      vertex -10.7085 3.19879 167.8
      vertex -10.8608 3.32594 166.2
      vertex -10.7085 3.19879 166.2
    endloop
  endfacet
  facet normal -0.731127 -0.682241 0
    outer loop
      vertex -10.5635 3.0434 166.2
      vertex -10.7085 3.19879 167.8
      vertex -10.7085 3.19879 166.2
    endloop
  endfacet
  facet normal -0.731127 -0.682241 0
    outer loop
      vertex -10.7085 3.19879 167.8
      vertex -10.5635 3.0434 166.2
      vertex -10.5635 3.0434 167.8
    endloop
  endfacet
  facet normal -0.813536 -0.581514 0
    outer loop
      vertex -10.4341 2.86237 166.2
      vertex -10.5635 3.0434 167.8
      vertex -10.5635 3.0434 166.2
    endloop
  endfacet
  facet normal -0.813536 -0.581514 0
    outer loop
      vertex -10.5635 3.0434 167.8
      vertex -10.4341 2.86237 166.2
      vertex -10.4341 2.86237 167.8
    endloop
  endfacet
  facet normal -0.887368 -0.461061 0
    outer loop
      vertex -10.3281 2.65836 166.2
      vertex -10.4341 2.86237 167.8
      vertex -10.4341 2.86237 166.2
    endloop
  endfacet
  facet normal -0.887368 -0.461061 0
    outer loop
      vertex -10.4341 2.86237 167.8
      vertex -10.3281 2.65836 166.2
      vertex -10.3281 2.65836 167.8
    endloop
  endfacet
  facet normal -0.939982 -0.341224 0
    outer loop
      vertex -10.2457 2.43137 166.2
      vertex -10.3281 2.65836 167.8
      vertex -10.3281 2.65836 166.2
    endloop
  endfacet
  facet normal -0.939982 -0.341224 0
    outer loop
      vertex -10.3281 2.65836 167.8
      vertex -10.2457 2.43137 166.2
      vertex -10.2457 2.43137 167.8
    endloop
  endfacet
  facet normal -0.973345 -0.229348 0
    outer loop
      vertex -10.1868 2.1814 166.2
      vertex -10.2457 2.43137 167.8
      vertex -10.2457 2.43137 166.2
    endloop
  endfacet
  facet normal -0.973345 -0.229348 0
    outer loop
      vertex -10.2457 2.43137 167.8
      vertex -10.1868 2.1814 166.2
      vertex -10.1868 2.1814 167.8
    endloop
  endfacet
  facet normal -0.991742 -0.12825 0
    outer loop
      vertex -10.1515 1.90843 166.2
      vertex -10.1868 2.1814 167.8
      vertex -10.1868 2.1814 166.2
    endloop
  endfacet
  facet normal -0.991742 -0.12825 0
    outer loop
      vertex -10.1868 2.1814 167.8
      vertex -10.1515 1.90843 166.2
      vertex -10.1515 1.90843 167.8
    endloop
  endfacet
  facet normal -0.999206 -0.0398413 0
    outer loop
      vertex -10.1397 1.61249 166.2
      vertex -10.1515 1.90843 167.8
      vertex -10.1515 1.90843 166.2
    endloop
  endfacet
  facet normal -0.999206 -0.0398413 0
    outer loop
      vertex -10.1515 1.90843 167.8
      vertex -10.1397 1.61249 166.2
      vertex -10.1397 1.61249 167.8
    endloop
  endfacet
  facet normal -0.999239 0.0390081 0
    outer loop
      vertex -10.1502 1.34352 166.2
      vertex -10.1397 1.61249 167.8
      vertex -10.1397 1.61249 166.2
    endloop
  endfacet
  facet normal -0.999239 0.0390081 0
    outer loop
      vertex -10.1397 1.61249 167.8
      vertex -10.1502 1.34352 166.2
      vertex -10.1502 1.34352 167.8
    endloop
  endfacet
  facet normal -0.991976 0.126428 0
    outer loop
      vertex -10.1816 1.09715 166.2
      vertex -10.1502 1.34352 167.8
      vertex -10.1502 1.34352 166.2
    endloop
  endfacet
  facet normal -0.991976 0.126428 0
    outer loop
      vertex -10.1502 1.34352 167.8
      vertex -10.1816 1.09715 166.2
      vertex -10.1816 1.09715 167.8
    endloop
  endfacet
  facet normal -0.97385 0.227193 0
    outer loop
      vertex -10.2338 0.873398 166.2
      vertex -10.1816 1.09715 167.8
      vertex -10.1816 1.09715 166.2
    endloop
  endfacet
  facet normal -0.97385 0.227193 0
    outer loop
      vertex -10.1816 1.09715 167.8
      vertex -10.2338 0.873398 166.2
      vertex -10.2338 0.873398 167.8
    endloop
  endfacet
  facet normal -0.939724 0.341935 0
    outer loop
      vertex -10.307 0.672226 166.2
      vertex -10.2338 0.873398 167.8
      vertex -10.2338 0.873398 166.2
    endloop
  endfacet
  facet normal -0.939724 0.341935 0
    outer loop
      vertex -10.2338 0.873398 167.8
      vertex -10.307 0.672226 166.2
      vertex -10.307 0.672226 167.8
    endloop
  endfacet
  facet normal -0.884686 0.466187 0
    outer loop
      vertex -10.4011 0.493652 166.2
      vertex -10.307 0.672226 167.8
      vertex -10.307 0.672226 166.2
    endloop
  endfacet
  facet normal -0.884686 0.466187 0
    outer loop
      vertex -10.307 0.672226 167.8
      vertex -10.4011 0.493652 166.2
      vertex -10.4011 0.493652 167.8
    endloop
  endfacet
  facet normal -0.804853 0.593474 0
    outer loop
      vertex -10.5161 0.337692 166.2
      vertex -10.4011 0.493652 167.8
      vertex -10.4011 0.493652 166.2
    endloop
  endfacet
  facet normal -0.804853 0.593474 0
    outer loop
      vertex -10.4011 0.493652 167.8
      vertex -10.5161 0.337692 166.2
      vertex -10.5161 0.337692 167.8
    endloop
  endfacet
  facet normal -0.713303 0.700856 0
    outer loop
      vertex -10.6464 0.205078 166.2
      vertex -10.5161 0.337692 167.8
      vertex -10.5161 0.337692 166.2
    endloop
  endfacet
  facet normal -0.713303 0.700856 0
    outer loop
      vertex -10.5161 0.337692 167.8
      vertex -10.6464 0.205078 166.2
      vertex -10.6464 0.205078 167.8
    endloop
  endfacet
  facet normal -0.613083 0.790018 0
    outer loop
      vertex -10.6464 0.205078 166.2
      vertex -10.7862 0.0965881 167.8
      vertex -10.6464 0.205078 167.8
    endloop
  endfacet
  facet normal -0.613083 0.790018 0
    outer loop
      vertex -10.7862 0.0965881 167.8
      vertex -10.6464 0.205078 166.2
      vertex -10.7862 0.0965881 166.2
    endloop
  endfacet
  facet normal -0.491599 0.870821 0
    outer loop
      vertex -10.7862 0.0965881 166.2
      vertex -10.9357 0.0121918 167.8
      vertex -10.7862 0.0965881 167.8
    endloop
  endfacet
  facet normal -0.491599 0.870821 0
    outer loop
      vertex -10.9357 0.0121918 167.8
      vertex -10.7862 0.0965881 166.2
      vertex -10.9357 0.0121918 166.2
    endloop
  endfacet
  facet normal -0.354185 0.935175 0
    outer loop
      vertex -10.9357 0.0121918 166.2
      vertex -11.0948 -0.0480652 167.8
      vertex -10.9357 0.0121918 167.8
    endloop
  endfacet
  facet normal -0.354185 0.935175 0
    outer loop
      vertex -11.0948 -0.0480652 167.8
      vertex -10.9357 0.0121918 166.2
      vertex -11.0948 -0.0480652 166.2
    endloop
  endfacet
  facet normal -0.209806 0.977743 0
    outer loop
      vertex -11.0948 -0.0480652 166.2
      vertex -11.2634 -0.0842438 167.8
      vertex -11.0948 -0.0480652 167.8
    endloop
  endfacet
  facet normal -0.209806 0.977743 0
    outer loop
      vertex -11.2634 -0.0842438 167.8
      vertex -11.0948 -0.0480652 166.2
      vertex -11.2634 -0.0842438 166.2
    endloop
  endfacet
  facet normal -0.0674534 0.997722 0
    outer loop
      vertex -11.2634 -0.0842438 166.2
      vertex -11.4417 -0.0962982 167.8
      vertex -11.2634 -0.0842438 167.8
    endloop
  endfacet
  facet normal -0.0674534 0.997722 0
    outer loop
      vertex -11.4417 -0.0962982 167.8
      vertex -11.2634 -0.0842438 166.2
      vertex -11.4417 -0.0962982 166.2
    endloop
  endfacet
  facet normal 0.0677067 0.997705 -0
    outer loop
      vertex -11.4417 -0.0962982 166.2
      vertex -11.6263 -0.0837708 167.8
      vertex -11.4417 -0.0962982 167.8
    endloop
  endfacet
  facet normal 0.0677067 0.997705 0
    outer loop
      vertex -11.6263 -0.0837708 167.8
      vertex -11.4417 -0.0962982 166.2
      vertex -11.6263 -0.0837708 166.2
    endloop
  endfacet
  facet normal 0.173724 -0.984794 0
    outer loop
      vertex 0.480759 -4.99388 166.2
      vertex 0.916458 -4.91702 167.8
      vertex 0.480759 -4.99388 167.8
    endloop
  endfacet
  facet normal 0.173724 -0.984794 0
    outer loop
      vertex 0.916458 -4.91702 167.8
      vertex 0.480759 -4.99388 166.2
      vertex 0.916458 -4.91702 166.2
    endloop
  endfacet
  facet normal 0.298377 -0.954448 0
    outer loop
      vertex 0.916458 -4.91702 166.2
      vertex 1.32616 -4.78894 167.8
      vertex 0.916458 -4.91702 167.8
    endloop
  endfacet
  facet normal 0.298377 -0.954448 0
    outer loop
      vertex 1.32616 -4.78894 167.8
      vertex 0.916458 -4.91702 166.2
      vertex 1.32616 -4.78894 166.2
    endloop
  endfacet
  facet normal 0.423399 -0.905944 0
    outer loop
      vertex 1.32616 -4.78894 166.2
      vertex 1.70985 -4.60962 167.8
      vertex 1.32616 -4.78894 167.8
    endloop
  endfacet
  facet normal 0.423399 -0.905944 0
    outer loop
      vertex 1.70985 -4.60962 167.8
      vertex 1.32616 -4.78894 166.2
      vertex 1.70985 -4.60962 166.2
    endloop
  endfacet
  facet normal 0.541733 -0.84055 0
    outer loop
      vertex 1.70985 -4.60962 166.2
      vertex 2.06757 -4.37907 167.8
      vertex 1.70985 -4.60962 167.8
    endloop
  endfacet
  facet normal 0.541733 -0.84055 0
    outer loop
      vertex 2.06757 -4.37907 167.8
      vertex 1.70985 -4.60962 166.2
      vertex 2.06757 -4.37907 166.2
    endloop
  endfacet
  facet normal 0.64744 -0.762117 0
    outer loop
      vertex 2.06757 -4.37907 166.2
      vertex 2.39926 -4.09729 167.8
      vertex 2.06757 -4.37907 167.8
    endloop
  endfacet
  facet normal 0.64744 -0.762117 0
    outer loop
      vertex 2.39926 -4.09729 167.8
      vertex 2.06757 -4.37907 166.2
      vertex 2.39926 -4.09729 166.2
    endloop
  endfacet
  facet normal 0.736539 -0.676395 0
    outer loop
      vertex 2.39926 -4.09729 167.8
      vertex 2.69144 -3.77913 166.2
      vertex 2.69144 -3.77913 167.8
    endloop
  endfacet
  facet normal 0.736539 -0.676395 0
    outer loop
      vertex 2.69144 -3.77913 166.2
      vertex 2.39926 -4.09729 167.8
      vertex 2.39926 -4.09729 166.2
    endloop
  endfacet
  facet normal 0.817776 -0.575537 0
    outer loop
      vertex 2.69144 -3.77913 167.8
      vertex 2.93048 -3.43948 166.2
      vertex 2.93048 -3.43948 167.8
    endloop
  endfacet
  facet normal 0.817776 -0.575537 0
    outer loop
      vertex 2.93048 -3.43948 166.2
      vertex 2.69144 -3.77913 167.8
      vertex 2.69144 -3.77913 166.2
    endloop
  endfacet
  facet normal 0.889071 -0.457769 0
    outer loop
      vertex 2.93048 -3.43948 167.8
      vertex 3.11641 -3.07837 166.2
      vertex 3.11641 -3.07837 167.8
    endloop
  endfacet
  facet normal 0.889071 -0.457769 0
    outer loop
      vertex 3.11641 -3.07837 166.2
      vertex 2.93048 -3.43948 167.8
      vertex 2.93048 -3.43948 166.2
    endloop
  endfacet
  facet normal 0.944697 -0.327945 0
    outer loop
      vertex 3.11641 -3.07837 167.8
      vertex 3.24922 -2.69579 166.2
      vertex 3.24922 -2.69579 167.8
    endloop
  endfacet
  facet normal 0.944697 -0.327945 0
    outer loop
      vertex 3.24922 -2.69579 166.2
      vertex 3.11641 -3.07837 167.8
      vertex 3.11641 -3.07837 166.2
    endloop
  endfacet
  facet normal 0.981107 -0.193468 0
    outer loop
      vertex 3.24922 -2.69579 167.8
      vertex 3.3289 -2.29172 166.2
      vertex 3.3289 -2.29172 167.8
    endloop
  endfacet
  facet normal 0.981107 -0.193468 0
    outer loop
      vertex 3.3289 -2.29172 166.2
      vertex 3.24922 -2.69579 167.8
      vertex 3.24922 -2.69579 166.2
    endloop
  endfacet
  facet normal 0.998056 -0.0623199 0
    outer loop
      vertex 3.3289 -2.29172 167.8
      vertex 3.35547 -1.8662 166.2
      vertex 3.35547 -1.8662 167.8
    endloop
  endfacet
  facet normal 0.998056 -0.0623199 0
    outer loop
      vertex 3.35547 -1.8662 166.2
      vertex 3.3289 -2.29172 167.8
      vertex 3.3289 -2.29172 166.2
    endloop
  endfacet
  facet normal 0.998823 0.0484955 0
    outer loop
      vertex 3.35547 -1.8662 167.8
      vertex 3.34123 -1.57291 166.2
      vertex 3.34123 -1.57291 167.8
    endloop
  endfacet
  facet normal 0.998823 0.0484955 0
    outer loop
      vertex 3.34123 -1.57291 166.2
      vertex 3.35547 -1.8662 167.8
      vertex 3.35547 -1.8662 166.2
    endloop
  endfacet
  facet normal 0.988479 0.151359 0
    outer loop
      vertex 3.34123 -1.57291 167.8
      vertex 3.29857 -1.29431 166.2
      vertex 3.29857 -1.29431 167.8
    endloop
  endfacet
  facet normal 0.988479 0.151359 0
    outer loop
      vertex 3.29857 -1.29431 166.2
      vertex 3.34123 -1.57291 167.8
      vertex 3.34123 -1.57291 166.2
    endloop
  endfacet
  facet normal 0.965561 0.260178 0
    outer loop
      vertex 3.29857 -1.29431 167.8
      vertex 3.22746 -1.03041 166.2
      vertex 3.22746 -1.03041 167.8
    endloop
  endfacet
  facet normal 0.965561 0.260178 0
    outer loop
      vertex 3.22746 -1.03041 166.2
      vertex 3.29857 -1.29431 167.8
      vertex 3.29857 -1.29431 166.2
    endloop
  endfacet
  facet normal 0.928626 0.371017 0
    outer loop
      vertex 3.22746 -1.03041 167.8
      vertex 3.1279 -0.781219 166.2
      vertex 3.1279 -0.781219 167.8
    endloop
  endfacet
  facet normal 0.928626 0.371017 0
    outer loop
      vertex 3.1279 -0.781219 166.2
      vertex 3.22746 -1.03041 167.8
      vertex 3.22746 -1.03041 166.2
    endloop
  endfacet
  facet normal 0.877779 0.479067 0
    outer loop
      vertex 3.1279 -0.781219 167.8
      vertex 2.99991 -0.546707 166.2
      vertex 2.99991 -0.546707 167.8
    endloop
  endfacet
  facet normal 0.877779 0.479067 0
    outer loop
      vertex 2.99991 -0.546707 166.2
      vertex 3.1279 -0.781219 167.8
      vertex 3.1279 -0.781219 166.2
    endloop
  endfacet
  facet normal 0.814719 0.579856 0
    outer loop
      vertex 2.99991 -0.546707 167.8
      vertex 2.84346 -0.326889 166.2
      vertex 2.84346 -0.326889 167.8
    endloop
  endfacet
  facet normal 0.814719 0.579856 0
    outer loop
      vertex 2.84346 -0.326889 166.2
      vertex 2.99991 -0.546707 167.8
      vertex 2.99991 -0.546707 166.2
    endloop
  endfacet
  facet normal 0.742702 0.669622 0
    outer loop
      vertex 2.84346 -0.326889 167.8
      vertex 2.66328 -0.127045 166.2
      vertex 2.66328 -0.127045 167.8
    endloop
  endfacet
  facet normal 0.742702 0.669622 0
    outer loop
      vertex 2.66328 -0.127045 166.2
      vertex 2.84346 -0.326889 167.8
      vertex 2.84346 -0.326889 166.2
    endloop
  endfacet
  facet normal 0.659127 0.752031 -0
    outer loop
      vertex 2.66328 -0.127045 166.2
      vertex 2.46408 0.0475464 167.8
      vertex 2.66328 -0.127045 167.8
    endloop
  endfacet
  facet normal 0.659127 0.752031 0
    outer loop
      vertex 2.46408 0.0475464 167.8
      vertex 2.66328 -0.127045 166.2
      vertex 2.46408 0.0475464 166.2
    endloop
  endfacet
  facet normal 0.564839 0.825201 -0
    outer loop
      vertex 2.46408 0.0475464 166.2
      vertex 2.24586 0.196915 167.8
      vertex 2.46408 0.0475464 167.8
    endloop
  endfacet
  facet normal 0.564839 0.825201 0
    outer loop
      vertex 2.24586 0.196915 167.8
      vertex 2.46408 0.0475464 166.2
      vertex 2.24586 0.196915 166.2
    endloop
  endfacet
  facet normal 0.463601 0.886044 -0
    outer loop
      vertex 2.24586 0.196915 166.2
      vertex 2.00862 0.321045 167.8
      vertex 2.24586 0.196915 167.8
    endloop
  endfacet
  facet normal 0.463601 0.886044 0
    outer loop
      vertex 2.00862 0.321045 167.8
      vertex 2.24586 0.196915 166.2
      vertex 2.00862 0.321045 166.2
    endloop
  endfacet
  facet normal 0.360015 0.932947 -0
    outer loop
      vertex 2.00862 0.321045 166.2
      vertex 1.75235 0.419937 167.8
      vertex 2.00862 0.321045 167.8
    endloop
  endfacet
  facet normal 0.360015 0.932947 0
    outer loop
      vertex 1.75235 0.419937 167.8
      vertex 2.00862 0.321045 166.2
      vertex 1.75235 0.419937 166.2
    endloop
  endfacet
  facet normal 0.258469 0.96602 -0
    outer loop
      vertex 1.75235 0.419937 166.2
      vertex 1.47707 0.493591 167.8
      vertex 1.75235 0.419937 167.8
    endloop
  endfacet
  facet normal 0.258469 0.96602 0
    outer loop
      vertex 1.47707 0.493591 167.8
      vertex 1.75235 0.419937 166.2
      vertex 1.47707 0.493591 166.2
    endloop
  endfacet
  facet normal 0.531977 -0.846759 0
    outer loop
      vertex 1.47707 0.493591 166.2
      vertex 1.91425 0.76825 167.8
      vertex 1.47707 0.493591 167.8
    endloop
  endfacet
  facet normal 0.531977 -0.846759 0
    outer loop
      vertex 1.91425 0.76825 167.8
      vertex 1.47707 0.493591 166.2
      vertex 1.91425 0.76825 166.2
    endloop
  endfacet
  facet normal 0.647644 -0.761943 0
    outer loop
      vertex 1.91425 0.76825 166.2
      vertex 2.27196 1.0723 167.8
      vertex 1.91425 0.76825 167.8
    endloop
  endfacet
  facet normal 0.647644 -0.761943 0
    outer loop
      vertex 2.27196 1.0723 167.8
      vertex 1.91425 0.76825 166.2
      vertex 2.27196 1.0723 166.2
    endloop
  endfacet
  facet normal 0.767825 -0.64066 0
    outer loop
      vertex 2.27196 1.0723 167.8
      vertex 2.55016 1.40572 166.2
      vertex 2.55016 1.40572 167.8
    endloop
  endfacet
  facet normal 0.767825 -0.64066 0
    outer loop
      vertex 2.55016 1.40572 166.2
      vertex 2.27196 1.0723 167.8
      vertex 2.27196 1.0723 166.2
    endloop
  endfacet
  facet normal 0.877041 -0.480415 0
    outer loop
      vertex 2.55016 1.40572 167.8
      vertex 2.74889 1.76852 166.2
      vertex 2.74889 1.76852 167.8
    endloop
  endfacet
  facet normal 0.877041 -0.480415 0
    outer loop
      vertex 2.74889 1.76852 166.2
      vertex 2.55016 1.40572 167.8
      vertex 2.55016 1.40572 166.2
    endloop
  endfacet
  facet normal 0.956766 -0.29086 0
    outer loop
      vertex 2.74889 1.76852 167.8
      vertex 2.86812 2.16072 166.2
      vertex 2.86812 2.16072 167.8
    endloop
  endfacet
  facet normal 0.956766 -0.29086 0
    outer loop
      vertex 2.86812 2.16072 166.2
      vertex 2.74889 1.76852 167.8
      vertex 2.74889 1.76852 166.2
    endloop
  endfacet
  facet normal 0.995584 -0.093874 0
    outer loop
      vertex 2.86812 2.16072 167.8
      vertex 2.90787 2.58229 166.2
      vertex 2.90787 2.58229 167.8
    endloop
  endfacet
  facet normal 0.995584 -0.093874 0
    outer loop
      vertex 2.90787 2.58229 166.2
      vertex 2.86812 2.16072 167.8
      vertex 2.86812 2.16072 166.2
    endloop
  endfacet
  facet normal 0.997943 0.0641138 0
    outer loop
      vertex 2.90787 2.58229 167.8
      vertex 2.88846 2.88441 166.2
      vertex 2.88846 2.88441 167.8
    endloop
  endfacet
  facet normal 0.997943 0.0641138 0
    outer loop
      vertex 2.88846 2.88441 166.2
      vertex 2.90787 2.58229 167.8
      vertex 2.90787 2.58229 166.2
    endloop
  endfacet
  facet normal 0.980658 0.195728 0
    outer loop
      vertex 2.88846 2.88441 167.8
      vertex 2.83026 3.17601 166.2
      vertex 2.83026 3.17601 167.8
    endloop
  endfacet
  facet normal 0.980658 0.195728 0
    outer loop
      vertex 2.83026 3.17601 166.2
      vertex 2.88846 2.88441 167.8
      vertex 2.88846 2.88441 166.2
    endloop
  endfacet
  facet normal 0.94528 0.32626 0
    outer loop
      vertex 2.83026 3.17601 167.8
      vertex 2.73326 3.45705 166.2
      vertex 2.73326 3.45705 167.8
    endloop
  endfacet
  facet normal 0.94528 0.32626 0
    outer loop
      vertex 2.73326 3.45705 166.2
      vertex 2.83026 3.17601 167.8
      vertex 2.83026 3.17601 166.2
    endloop
  endfacet
  facet normal 0.893693 0.44868 0
    outer loop
      vertex 2.73326 3.45705 167.8
      vertex 2.59746 3.72754 166.2
      vertex 2.59746 3.72754 167.8
    endloop
  endfacet
  facet normal 0.893693 0.44868 0
    outer loop
      vertex 2.59746 3.72754 166.2
      vertex 2.73326 3.45705 167.8
      vertex 2.73326 3.45705 166.2
    endloop
  endfacet
  facet normal 0.830144 0.557549 0
    outer loop
      vertex 2.59746 3.72754 167.8
      vertex 2.42287 3.98749 166.2
      vertex 2.42287 3.98749 167.8
    endloop
  endfacet
  facet normal 0.830144 0.557549 0
    outer loop
      vertex 2.42287 3.98749 166.2
      vertex 2.59746 3.72754 167.8
      vertex 2.59746 3.72754 166.2
    endloop
  endfacet
  facet normal 0.7598 0.650156 0
    outer loop
      vertex 2.42287 3.98749 167.8
      vertex 2.20946 4.23689 166.2
      vertex 2.20946 4.23689 167.8
    endloop
  endfacet
  facet normal 0.7598 0.650156 0
    outer loop
      vertex 2.20946 4.23689 166.2
      vertex 2.42287 3.98749 167.8
      vertex 2.42287 3.98749 166.2
    endloop
  endfacet
  facet normal 0.67616 0.736755 -0
    outer loop
      vertex 2.20946 4.23689 166.2
      vertex 1.91145 4.51039 167.8
      vertex 2.20946 4.23689 167.8
    endloop
  endfacet
  facet normal 0.67616 0.736755 0
    outer loop
      vertex 1.91145 4.51039 167.8
      vertex 2.20946 4.23689 166.2
      vertex 1.91145 4.51039 166.2
    endloop
  endfacet
  facet normal 0.562547 0.826765 -0
    outer loop
      vertex 1.91145 4.51039 166.2
      vertex 1.58255 4.73418 167.8
      vertex 1.91145 4.51039 167.8
    endloop
  endfacet
  facet normal 0.562547 0.826765 0
    outer loop
      vertex 1.58255 4.73418 167.8
      vertex 1.91145 4.51039 166.2
      vertex 1.58255 4.73418 166.2
    endloop
  endfacet
  facet normal 0.435456 0.90021 -0
    outer loop
      vertex 1.58255 4.73418 166.2
      vertex 1.22276 4.90822 167.8
      vertex 1.58255 4.73418 167.8
    endloop
  endfacet
  facet normal 0.435456 0.90021 0
    outer loop
      vertex 1.22276 4.90822 167.8
      vertex 1.58255 4.73418 166.2
      vertex 1.22276 4.90822 166.2
    endloop
  endfacet
  facet normal 0.303208 0.952925 -0
    outer loop
      vertex 1.22276 4.90822 166.2
      vertex 0.832077 5.03253 167.8
      vertex 1.22276 4.90822 167.8
    endloop
  endfacet
  facet normal 0.303208 0.952925 0
    outer loop
      vertex 0.832077 5.03253 167.8
      vertex 1.22276 4.90822 166.2
      vertex 0.832077 5.03253 166.2
    endloop
  endfacet
  facet normal 0.174256 0.9847 -0
    outer loop
      vertex 0.832077 5.03253 166.2
      vertex 0.410522 5.10713 167.8
      vertex 0.832077 5.03253 167.8
    endloop
  endfacet
  facet normal 0.174256 0.9847 0
    outer loop
      vertex 0.410522 5.10713 167.8
      vertex 0.832077 5.03253 166.2
      vertex 0.410522 5.10713 166.2
    endloop
  endfacet
  facet normal 0.054864 0.998494 -0
    outer loop
      vertex 0.410522 5.10713 166.2
      vertex -0.0419159 5.13199 167.8
      vertex 0.410522 5.10713 167.8
    endloop
  endfacet
  facet normal 0.054864 0.998494 0
    outer loop
      vertex -0.0419159 5.13199 167.8
      vertex 0.410522 5.10713 166.2
      vertex -0.0419159 5.13199 166.2
    endloop
  endfacet
  facet normal -0.0318692 0.999492 0
    outer loop
      vertex -0.0419159 5.13199 166.2
      vertex -0.311005 5.12341 167.8
      vertex -0.0419159 5.13199 167.8
    endloop
  endfacet
  facet normal -0.0318692 0.999492 0
    outer loop
      vertex -0.311005 5.12341 167.8
      vertex -0.0419159 5.13199 166.2
      vertex -0.311005 5.12341 166.2
    endloop
  endfacet
  facet normal -0.0983212 0.995155 0
    outer loop
      vertex -0.311005 5.12341 166.2
      vertex -0.571228 5.0977 167.8
      vertex -0.311005 5.12341 167.8
    endloop
  endfacet
  facet normal -0.0983212 0.995155 0
    outer loop
      vertex -0.571228 5.0977 167.8
      vertex -0.311005 5.12341 166.2
      vertex -0.571228 5.0977 166.2
    endloop
  endfacet
  facet normal -0.168078 0.985774 0
    outer loop
      vertex -0.571228 5.0977 166.2
      vertex -0.822601 5.05484 167.8
      vertex -0.571228 5.0977 167.8
    endloop
  endfacet
  facet normal -0.168078 0.985774 0
    outer loop
      vertex -0.822601 5.05484 167.8
      vertex -0.571228 5.0977 166.2
      vertex -0.822601 5.05484 166.2
    endloop
  endfacet
  facet normal -0.240162 0.970733 0
    outer loop
      vertex -0.822601 5.05484 166.2
      vertex -1.06512 4.99484 167.8
      vertex -0.822601 5.05484 167.8
    endloop
  endfacet
  facet normal -0.240162 0.970733 0
    outer loop
      vertex -1.06512 4.99484 167.8
      vertex -0.822601 5.05484 166.2
      vertex -1.06512 4.99484 166.2
    endloop
  endfacet
  facet normal -0.313508 0.949586 0
    outer loop
      vertex -1.06512 4.99484 166.2
      vertex -1.2988 4.91769 167.8
      vertex -1.06512 4.99484 167.8
    endloop
  endfacet
  facet normal -0.313508 0.949586 0
    outer loop
      vertex -1.2988 4.91769 167.8
      vertex -1.06512 4.99484 166.2
      vertex -1.2988 4.91769 166.2
    endloop
  endfacet
  facet normal -0.386799 0.922164 0
    outer loop
      vertex -1.2988 4.91769 166.2
      vertex -1.52362 4.82339 167.8
      vertex -1.2988 4.91769 167.8
    endloop
  endfacet
  facet normal -0.386799 0.922164 0
    outer loop
      vertex -1.52362 4.82339 167.8
      vertex -1.2988 4.91769 166.2
      vertex -1.52362 4.82339 166.2
    endloop
  endfacet
  facet normal -0.457504 0.889207 0
    outer loop
      vertex -1.52362 4.82339 166.2
      vertex -1.73592 4.71416 167.8
      vertex -1.52362 4.82339 167.8
    endloop
  endfacet
  facet normal -0.457504 0.889207 0
    outer loop
      vertex -1.73592 4.71416 167.8
      vertex -1.52362 4.82339 166.2
      vertex -1.73592 4.71416 166.2
    endloop
  endfacet
  facet normal -0.528434 0.848975 0
    outer loop
      vertex -1.73592 4.71416 166.2
      vertex -1.93202 4.5921 167.8
      vertex -1.73592 4.71416 167.8
    endloop
  endfacet
  facet normal -0.528434 0.848975 0
    outer loop
      vertex -1.93202 4.5921 167.8
      vertex -1.73592 4.71416 166.2
      vertex -1.93202 4.5921 166.2
    endloop
  endfacet
  facet normal -0.599815 0.800139 0
    outer loop
      vertex -1.93202 4.5921 166.2
      vertex -2.11192 4.45724 167.8
      vertex -1.93202 4.5921 167.8
    endloop
  endfacet
  facet normal -0.599815 0.800139 0
    outer loop
      vertex -2.11192 4.45724 167.8
      vertex -1.93202 4.5921 166.2
      vertex -2.11192 4.45724 166.2
    endloop
  endfacet
  facet normal -0.669816 0.742527 0
    outer loop
      vertex -2.11192 4.45724 166.2
      vertex -2.27562 4.30957 167.8
      vertex -2.11192 4.45724 167.8
    endloop
  endfacet
  facet normal -0.669816 0.742527 0
    outer loop
      vertex -2.27562 4.30957 167.8
      vertex -2.11192 4.45724 166.2
      vertex -2.27562 4.30957 166.2
    endloop
  endfacet
  facet normal -0.736232 0.676729 0
    outer loop
      vertex -2.42313 4.14909 166.2
      vertex -2.27562 4.30957 167.8
      vertex -2.27562 4.30957 166.2
    endloop
  endfacet
  facet normal -0.736232 0.676729 0
    outer loop
      vertex -2.27562 4.30957 167.8
      vertex -2.42313 4.14909 166.2
      vertex -2.42313 4.14909 167.8
    endloop
  endfacet
  facet normal -0.797049 0.603915 0
    outer loop
      vertex -2.55443 3.9758 166.2
      vertex -2.42313 4.14909 167.8
      vertex -2.42313 4.14909 166.2
    endloop
  endfacet
  facet normal -0.797049 0.603915 0
    outer loop
      vertex -2.42313 4.14909 167.8
      vertex -2.55443 3.9758 166.2
      vertex -2.55443 3.9758 167.8
    endloop
  endfacet
  facet normal -0.84928 0.527942 0
    outer loop
      vertex -2.67241 3.78601 166.2
      vertex -2.55443 3.9758 167.8
      vertex -2.55443 3.9758 166.2
    endloop
  endfacet
  facet normal -0.84928 0.527942 0
    outer loop
      vertex -2.55443 3.9758 167.8
      vertex -2.67241 3.78601 166.2
      vertex -2.67241 3.78601 167.8
    endloop
  endfacet
  facet normal -0.889863 0.456228 0
    outer loop
      vertex -2.78004 3.57608 166.2
      vertex -2.67241 3.78601 167.8
      vertex -2.67241 3.78601 166.2
    endloop
  endfacet
  facet normal -0.889863 0.456228 0
    outer loop
      vertex -2.67241 3.78601 167.8
      vertex -2.78004 3.57608 166.2
      vertex -2.78004 3.57608 167.8
    endloop
  endfacet
  facet normal -0.921062 0.389417 0
    outer loop
      vertex -2.87732 3.34599 166.2
      vertex -2.78004 3.57608 167.8
      vertex -2.78004 3.57608 166.2
    endloop
  endfacet
  facet normal -0.921062 0.389417 0
    outer loop
      vertex -2.78004 3.57608 167.8
      vertex -2.87732 3.34599 166.2
      vertex -2.87732 3.34599 167.8
    endloop
  endfacet
  facet normal -0.944626 0.32815 0
    outer loop
      vertex -2.96425 3.09575 166.2
      vertex -2.87732 3.34599 167.8
      vertex -2.87732 3.34599 166.2
    endloop
  endfacet
  facet normal -0.944626 0.32815 0
    outer loop
      vertex -2.87732 3.34599 167.8
      vertex -2.96425 3.09575 166.2
      vertex -2.96425 3.09575 167.8
    endloop
  endfacet
  facet normal -0.962167 0.27246 0
    outer loop
      vertex -3.04082 2.82535 166.2
      vertex -2.96425 3.09575 167.8
      vertex -2.96425 3.09575 166.2
    endloop
  endfacet
  facet normal -0.962167 0.27246 0
    outer loop
      vertex -2.96425 3.09575 167.8
      vertex -3.04082 2.82535 166.2
      vertex -3.04082 2.82535 167.8
    endloop
  endfacet
  facet normal -0.975007 0.222175 0
    outer loop
      vertex -3.10703 2.53479 166.2
      vertex -3.04082 2.82535 167.8
      vertex -3.04082 2.82535 166.2
    endloop
  endfacet
  facet normal -0.975007 0.222175 0
    outer loop
      vertex -3.04082 2.82535 167.8
      vertex -3.10703 2.53479 166.2
      vertex -3.10703 2.53479 167.8
    endloop
  endfacet
  facet normal -0.167501 -0.985872 0
    outer loop
      vertex -3.10703 2.53479 166.2
      vertex -1.35072 2.23639 167.8
      vertex -3.10703 2.53479 167.8
    endloop
  endfacet
  facet normal -0.167501 -0.985872 -0
    outer loop
      vertex -1.35072 2.23639 167.8
      vertex -3.10703 2.53479 166.2
      vertex -1.35072 2.23639 166.2
    endloop
  endfacet
  facet normal 0.98813 -0.153622 0
    outer loop
      vertex -1.35072 2.23639 167.8
      vertex -1.31833 2.44473 166.2
      vertex -1.31833 2.44473 167.8
    endloop
  endfacet
  facet normal 0.98813 -0.153622 0
    outer loop
      vertex -1.31833 2.44473 166.2
      vertex -1.35072 2.23639 167.8
      vertex -1.35072 2.23639 166.2
    endloop
  endfacet
  facet normal 0.970476 -0.241196 0
    outer loop
      vertex -1.31833 2.44473 167.8
      vertex -1.27086 2.63573 166.2
      vertex -1.27086 2.63573 167.8
    endloop
  endfacet
  facet normal 0.970476 -0.241196 0
    outer loop
      vertex -1.27086 2.63573 166.2
      vertex -1.31833 2.44473 167.8
      vertex -1.31833 2.44473 166.2
    endloop
  endfacet
  facet normal 0.940866 -0.338779 0
    outer loop
      vertex -1.27086 2.63573 167.8
      vertex -1.20833 2.80939 166.2
      vertex -1.20833 2.80939 167.8
    endloop
  endfacet
  facet normal 0.940866 -0.338779 0
    outer loop
      vertex -1.20833 2.80939 166.2
      vertex -1.27086 2.63573 167.8
      vertex -1.27086 2.63573 166.2
    endloop
  endfacet
  facet normal 0.895707 -0.444645 0
    outer loop
      vertex -1.20833 2.80939 167.8
      vertex -1.13072 2.96573 166.2
      vertex -1.13072 2.96573 167.8
    endloop
  endfacet
  facet normal 0.895707 -0.444645 0
    outer loop
      vertex -1.13072 2.96573 166.2
      vertex -1.20833 2.80939 167.8
      vertex -1.20833 2.80939 166.2
    endloop
  endfacet
  facet normal 0.83205 -0.5547 0
    outer loop
      vertex -1.13072 2.96573 167.8
      vertex -1.03806 3.10472 166.2
      vertex -1.03806 3.10472 167.8
    endloop
  endfacet
  facet normal 0.83205 -0.5547 0
    outer loop
      vertex -1.03806 3.10472 166.2
      vertex -1.13072 2.96573 167.8
      vertex -1.13072 2.96573 166.2
    endloop
  endfacet
  facet normal 0.748689 -0.662922 0
    outer loop
      vertex -1.03806 3.10472 167.8
      vertex -0.930328 3.22639 166.2
      vertex -0.930328 3.22639 167.8
    endloop
  endfacet
  facet normal 0.748689 -0.662922 0
    outer loop
      vertex -0.930328 3.22639 166.2
      vertex -1.03806 3.10472 167.8
      vertex -1.03806 3.10472 166.2
    endloop
  endfacet
  facet normal 0.655832 -0.754907 0
    outer loop
      vertex -0.930328 3.22639 166.2
      vertex -0.811066 3.33 167.8
      vertex -0.930328 3.22639 167.8
    endloop
  endfacet
  facet normal 0.655832 -0.754907 0
    outer loop
      vertex -0.811066 3.33 167.8
      vertex -0.930328 3.22639 166.2
      vertex -0.811066 3.33 166.2
    endloop
  endfacet
  facet normal 0.554755 -0.832014 0
    outer loop
      vertex -0.811066 3.33 166.2
      vertex -0.683914 3.41478 167.8
      vertex -0.811066 3.33 167.8
    endloop
  endfacet
  facet normal 0.554755 -0.832014 0
    outer loop
      vertex -0.683914 3.41478 167.8
      vertex -0.811066 3.33 166.2
      vertex -0.683914 3.41478 166.2
    endloop
  endfacet
  facet normal 0.438648 -0.898659 0
    outer loop
      vertex -0.683914 3.41478 166.2
      vertex -0.548843 3.48071 167.8
      vertex -0.683914 3.41478 167.8
    endloop
  endfacet
  facet normal 0.438648 -0.898659 0
    outer loop
      vertex -0.548843 3.48071 167.8
      vertex -0.683914 3.41478 166.2
      vertex -0.548843 3.48071 166.2
    endloop
  endfacet
  facet normal 0.312979 -0.94976 0
    outer loop
      vertex -0.548843 3.48071 166.2
      vertex -0.405884 3.52782 167.8
      vertex -0.548843 3.48071 167.8
    endloop
  endfacet
  facet normal 0.312979 -0.94976 0
    outer loop
      vertex -0.405884 3.52782 167.8
      vertex -0.548843 3.48071 166.2
      vertex -0.405884 3.52782 166.2
    endloop
  endfacet
  facet normal 0.184101 -0.982907 0
    outer loop
      vertex -0.405884 3.52782 166.2
      vertex -0.255005 3.55608 167.8
      vertex -0.405884 3.52782 167.8
    endloop
  endfacet
  facet normal 0.184101 -0.982907 0
    outer loop
      vertex -0.255005 3.55608 167.8
      vertex -0.405884 3.52782 166.2
      vertex -0.255005 3.55608 166.2
    endloop
  endfacet
  facet normal 0.0591594 -0.998249 0
    outer loop
      vertex -0.255005 3.55608 166.2
      vertex -0.0962219 3.56549 167.8
      vertex -0.255005 3.55608 167.8
    endloop
  endfacet
  facet normal 0.0591594 -0.998249 0
    outer loop
      vertex -0.0962219 3.56549 167.8
      vertex -0.255005 3.55608 166.2
      vertex -0.0962219 3.56549 166.2
    endloop
  endfacet
  facet normal -0.0518275 -0.998656 0
    outer loop
      vertex -0.0962219 3.56549 166.2
      vertex 0.063324 3.55721 167.8
      vertex -0.0962219 3.56549 167.8
    endloop
  endfacet
  facet normal -0.0518275 -0.998656 -0
    outer loop
      vertex 0.063324 3.55721 167.8
      vertex -0.0962219 3.56549 166.2
      vertex 0.063324 3.55721 166.2
    endloop
  endfacet
  facet normal -0.165092 -0.986278 0
    outer loop
      vertex 0.063324 3.55721 166.2
      vertex 0.21196 3.53233 167.8
      vertex 0.063324 3.55721 167.8
    endloop
  endfacet
  facet normal -0.165092 -0.986278 -0
    outer loop
      vertex 0.21196 3.53233 167.8
      vertex 0.063324 3.55721 166.2
      vertex 0.21196 3.53233 166.2
    endloop
  endfacet
  facet normal -0.288187 -0.957574 0
    outer loop
      vertex 0.21196 3.53233 166.2
      vertex 0.349655 3.49089 167.8
      vertex 0.21196 3.53233 167.8
    endloop
  endfacet
  facet normal -0.288187 -0.957574 -0
    outer loop
      vertex 0.349655 3.49089 167.8
      vertex 0.21196 3.53233 166.2
      vertex 0.349655 3.49089 166.2
    endloop
  endfacet
  facet normal -0.416104 -0.909317 0
    outer loop
      vertex 0.349655 3.49089 166.2
      vertex 0.476425 3.43288 167.8
      vertex 0.349655 3.49089 167.8
    endloop
  endfacet
  facet normal -0.416104 -0.909317 -0
    outer loop
      vertex 0.476425 3.43288 167.8
      vertex 0.349655 3.49089 166.2
      vertex 0.476425 3.43288 166.2
    endloop
  endfacet
  facet normal -0.541465 -0.840723 0
    outer loop
      vertex 0.476425 3.43288 166.2
      vertex 0.592255 3.35828 167.8
      vertex 0.476425 3.43288 167.8
    endloop
  endfacet
  facet normal -0.541465 -0.840723 -0
    outer loop
      vertex 0.592255 3.35828 167.8
      vertex 0.476425 3.43288 166.2
      vertex 0.592255 3.35828 166.2
    endloop
  endfacet
  facet normal -0.656052 -0.754715 0
    outer loop
      vertex 0.592255 3.35828 166.2
      vertex 0.697159 3.26709 167.8
      vertex 0.592255 3.35828 167.8
    endloop
  endfacet
  facet normal -0.656052 -0.754715 -0
    outer loop
      vertex 0.697159 3.26709 167.8
      vertex 0.592255 3.35828 166.2
      vertex 0.697159 3.26709 166.2
    endloop
  endfacet
  facet normal -0.755305 -0.655374 0
    outer loop
      vertex 0.788345 3.162 166.2
      vertex 0.697159 3.26709 167.8
      vertex 0.697159 3.26709 166.2
    endloop
  endfacet
  facet normal -0.755305 -0.655374 0
    outer loop
      vertex 0.697159 3.26709 167.8
      vertex 0.788345 3.162 166.2
      vertex 0.788345 3.162 167.8
    endloop
  endfacet
  facet normal -0.841905 -0.539625 0
    outer loop
      vertex 0.862946 3.04561 166.2
      vertex 0.788345 3.162 167.8
      vertex 0.788345 3.162 166.2
    endloop
  endfacet
  facet normal -0.841905 -0.539625 0
    outer loop
      vertex 0.788345 3.162 167.8
      vertex 0.862946 3.04561 166.2
      vertex 0.862946 3.04561 167.8
    endloop
  endfacet
  facet normal -0.910441 -0.413638 0
    outer loop
      vertex 0.920959 2.91792 166.2
      vertex 0.862946 3.04561 167.8
      vertex 0.862946 3.04561 166.2
    endloop
  endfacet
  facet normal -0.910441 -0.413638 0
    outer loop
      vertex 0.862946 3.04561 167.8
      vertex 0.920959 2.91792 166.2
      vertex 0.920959 2.91792 167.8
    endloop
  endfacet
  facet normal -0.958313 -0.285722 0
    outer loop
      vertex 0.962402 2.77892 166.2
      vertex 0.920959 2.91792 167.8
      vertex 0.920959 2.91792 166.2
    endloop
  endfacet
  facet normal -0.958313 -0.285722 0
    outer loop
      vertex 0.920959 2.91792 167.8
      vertex 0.962402 2.77892 166.2
      vertex 0.962402 2.77892 167.8
    endloop
  endfacet
  facet normal -0.986586 -0.163241 0
    outer loop
      vertex 0.987274 2.6286 166.2
      vertex 0.962402 2.77892 167.8
      vertex 0.962402 2.77892 166.2
    endloop
  endfacet
  facet normal -0.986586 -0.163241 0
    outer loop
      vertex 0.962402 2.77892 167.8
      vertex 0.987274 2.6286 166.2
      vertex 0.987274 2.6286 167.8
    endloop
  endfacet
  facet normal -0.998688 -0.0512075 0
    outer loop
      vertex 0.99556 2.467 166.2
      vertex 0.987274 2.6286 167.8
      vertex 0.987274 2.6286 166.2
    endloop
  endfacet
  facet normal -0.998688 -0.0512075 0
    outer loop
      vertex 0.987274 2.6286 167.8
      vertex 0.99556 2.467 166.2
      vertex 0.99556 2.467 167.8
    endloop
  endfacet
  facet normal -0.998237 0.0593494 0
    outer loop
      vertex 0.984253 2.27682 166.2
      vertex 0.99556 2.467 167.8
      vertex 0.99556 2.467 166.2
    endloop
  endfacet
  facet normal -0.998237 0.0593494 0
    outer loop
      vertex 0.99556 2.467 167.8
      vertex 0.984253 2.27682 166.2
      vertex 0.984253 2.27682 167.8
    endloop
  endfacet
  facet normal -0.982175 0.187969 0
    outer loop
      vertex 0.950348 2.09966 166.2
      vertex 0.984253 2.27682 167.8
      vertex 0.984253 2.27682 166.2
    endloop
  endfacet
  facet normal -0.982175 0.187969 0
    outer loop
      vertex 0.984253 2.27682 167.8
      vertex 0.950348 2.09966 166.2
      vertex 0.950348 2.09966 167.8
    endloop
  endfacet
  facet normal -0.945535 0.32552 0
    outer loop
      vertex 0.893829 1.93549 166.2
      vertex 0.950348 2.09966 167.8
      vertex 0.950348 2.09966 166.2
    endloop
  endfacet
  facet normal -0.945535 0.32552 0
    outer loop
      vertex 0.950348 2.09966 167.8
      vertex 0.893829 1.93549 166.2
      vertex 0.893829 1.93549 167.8
    endloop
  endfacet
  facet normal -0.885983 0.463717 0
    outer loop
      vertex 0.814713 1.78433 166.2
      vertex 0.893829 1.93549 167.8
      vertex 0.893829 1.93549 166.2
    endloop
  endfacet
  facet normal -0.885983 0.463717 0
    outer loop
      vertex 0.893829 1.93549 167.8
      vertex 0.814713 1.78433 166.2
      vertex 0.814713 1.78433 167.8
    endloop
  endfacet
  facet normal -0.805316 0.592846 0
    outer loop
      vertex 0.712997 1.64616 166.2
      vertex 0.814713 1.78433 167.8
      vertex 0.814713 1.78433 166.2
    endloop
  endfacet
  facet normal -0.805316 0.592846 0
    outer loop
      vertex 0.814713 1.78433 167.8
      vertex 0.712997 1.64616 166.2
      vertex 0.712997 1.64616 167.8
    endloop
  endfacet
  facet normal -0.709461 0.704745 0
    outer loop
      vertex 0.588669 1.521 166.2
      vertex 0.712997 1.64616 167.8
      vertex 0.712997 1.64616 166.2
    endloop
  endfacet
  facet normal -0.709461 0.704745 0
    outer loop
      vertex 0.712997 1.64616 167.8
      vertex 0.588669 1.521 166.2
      vertex 0.588669 1.521 167.8
    endloop
  endfacet
  facet normal -0.596054 0.802944 0
    outer loop
      vertex 0.588669 1.521 166.2
      vertex 0.442886 1.41278 167.8
      vertex 0.588669 1.521 167.8
    endloop
  endfacet
  facet normal -0.596054 0.802944 0
    outer loop
      vertex 0.442886 1.41278 167.8
      vertex 0.588669 1.521 166.2
      vertex 0.442886 1.41278 166.2
    endloop
  endfacet
  facet normal -0.465235 0.885187 0
    outer loop
      vertex 0.442886 1.41278 166.2
      vertex 0.276764 1.32547 167.8
      vertex 0.442886 1.41278 167.8
    endloop
  endfacet
  facet normal -0.465235 0.885187 0
    outer loop
      vertex 0.276764 1.32547 167.8
      vertex 0.442886 1.41278 166.2
      vertex 0.276764 1.32547 166.2
    endloop
  endfacet
  facet normal -0.335489 0.942044 0
    outer loop
      vertex 0.276764 1.32547 166.2
      vertex 0.0902863 1.25906 167.8
      vertex 0.276764 1.32547 167.8
    endloop
  endfacet
  facet normal -0.335489 0.942044 0
    outer loop
      vertex 0.0902863 1.25906 167.8
      vertex 0.276764 1.32547 166.2
      vertex 0.0902863 1.25906 166.2
    endloop
  endfacet
  facet normal -0.214787 0.976661 0
    outer loop
      vertex 0.0902863 1.25906 166.2
      vertex -0.116516 1.21358 167.8
      vertex 0.0902863 1.25906 167.8
    endloop
  endfacet
  facet normal -0.214787 0.976661 0
    outer loop
      vertex -0.116516 1.21358 167.8
      vertex 0.0902863 1.25906 166.2
      vertex -0.116516 1.21358 166.2
    endloop
  endfacet
  facet normal -0.107651 0.994189 0
    outer loop
      vertex -0.116516 1.21358 166.2
      vertex -0.343704 1.18898 167.8
      vertex -0.116516 1.21358 167.8
    endloop
  endfacet
  facet normal -0.107651 0.994189 0
    outer loop
      vertex -0.343704 1.18898 167.8
      vertex -0.116516 1.21358 166.2
      vertex -0.343704 1.18898 166.2
    endloop
  endfacet
  facet normal -0.0149067 0.999889 0
    outer loop
      vertex -0.343704 1.18898 166.2
      vertex -0.591217 1.18529 167.8
      vertex -0.343704 1.18898 167.8
    endloop
  endfacet
  facet normal -0.0149067 0.999889 0
    outer loop
      vertex -0.591217 1.18529 167.8
      vertex -0.343704 1.18898 166.2
      vertex -0.591217 1.18529 166.2
    endloop
  endfacet
  facet normal -0.990962 0.13414 0
    outer loop
      vertex -0.801422 -0.367599 166.2
      vertex -0.591217 1.18529 167.8
      vertex -0.591217 1.18529 166.2
    endloop
  endfacet
  facet normal -0.990962 0.13414 0
    outer loop
      vertex -0.591217 1.18529 167.8
      vertex -0.801422 -0.367599 166.2
      vertex -0.801422 -0.367599 167.8
    endloop
  endfacet
  facet normal 0.254199 -0.967152 0
    outer loop
      vertex -0.801422 -0.367599 166.2
      vertex -0.635849 -0.324081 167.8
      vertex -0.801422 -0.367599 167.8
    endloop
  endfacet
  facet normal 0.254199 -0.967152 0
    outer loop
      vertex -0.635849 -0.324081 167.8
      vertex -0.801422 -0.367599 166.2
      vertex -0.635849 -0.324081 166.2
    endloop
  endfacet
  facet normal 0.220233 -0.975447 0
    outer loop
      vertex -0.635849 -0.324081 166.2
      vertex -0.47818 -0.288483 167.8
      vertex -0.635849 -0.324081 167.8
    endloop
  endfacet
  facet normal 0.220233 -0.975447 0
    outer loop
      vertex -0.47818 -0.288483 167.8
      vertex -0.635849 -0.324081 166.2
      vertex -0.47818 -0.288483 166.2
    endloop
  endfacet
  facet normal 0.181858 -0.983325 0
    outer loop
      vertex -0.47818 -0.288483 166.2
      vertex -0.32843 -0.260788 167.8
      vertex -0.47818 -0.288483 167.8
    endloop
  endfacet
  facet normal 0.181858 -0.983325 0
    outer loop
      vertex -0.32843 -0.260788 167.8
      vertex -0.47818 -0.288483 166.2
      vertex -0.32843 -0.260788 166.2
    endloop
  endfacet
  facet normal 0.138076 -0.990422 0
    outer loop
      vertex -0.32843 -0.260788 166.2
      vertex -0.186584 -0.241013 167.8
      vertex -0.32843 -0.260788 167.8
    endloop
  endfacet
  facet normal 0.138076 -0.990422 0
    outer loop
      vertex -0.186584 -0.241013 167.8
      vertex -0.32843 -0.260788 166.2
      vertex -0.186584 -0.241013 166.2
    endloop
  endfacet
  facet normal 0.0882898 -0.996095 0
    outer loop
      vertex -0.186584 -0.241013 166.2
      vertex -0.0526428 -0.229141 167.8
      vertex -0.186584 -0.241013 167.8
    endloop
  endfacet
  facet normal 0.0882898 -0.996095 0
    outer loop
      vertex -0.0526428 -0.229141 167.8
      vertex -0.186584 -0.241013 166.2
      vertex -0.0526428 -0.229141 166.2
    endloop
  endfacet
  facet normal 0.0313479 -0.999509 0
    outer loop
      vertex -0.0526428 -0.229141 166.2
      vertex 0.0733643 -0.225189 167.8
      vertex -0.0526428 -0.229141 167.8
    endloop
  endfacet
  facet normal 0.0313479 -0.999509 0
    outer loop
      vertex 0.0733643 -0.225189 167.8
      vertex -0.0526428 -0.229141 166.2
      vertex 0.0733643 -0.225189 166.2
    endloop
  endfacet
  facet normal -0.0645758 -0.997913 0
    outer loop
      vertex 0.0733643 -0.225189 166.2
      vertex 0.253983 -0.236877 167.8
      vertex 0.0733643 -0.225189 167.8
    endloop
  endfacet
  facet normal -0.0645758 -0.997913 -0
    outer loop
      vertex 0.253983 -0.236877 167.8
      vertex 0.0733643 -0.225189 166.2
      vertex 0.253983 -0.236877 166.2
    endloop
  endfacet
  facet normal -0.200468 -0.9797 0
    outer loop
      vertex 0.253983 -0.236877 166.2
      vertex 0.425201 -0.271912 167.8
      vertex 0.253983 -0.236877 167.8
    endloop
  endfacet
  facet normal -0.200468 -0.9797 -0
    outer loop
      vertex 0.425201 -0.271912 167.8
      vertex 0.253983 -0.236877 166.2
      vertex 0.425201 -0.271912 166.2
    endloop
  endfacet
  facet normal -0.339573 -0.94058 0
    outer loop
      vertex 0.425201 -0.271912 166.2
      vertex 0.58699 -0.330322 167.8
      vertex 0.425201 -0.271912 167.8
    endloop
  endfacet
  facet normal -0.339573 -0.94058 -0
    outer loop
      vertex 0.58699 -0.330322 167.8
      vertex 0.425201 -0.271912 166.2
      vertex 0.58699 -0.330322 166.2
    endloop
  endfacet
  facet normal -0.472794 -0.881173 0
    outer loop
      vertex 0.58699 -0.330322 166.2
      vertex 0.739365 -0.412079 167.8
      vertex 0.58699 -0.330322 167.8
    endloop
  endfacet
  facet normal -0.472794 -0.881173 -0
    outer loop
      vertex 0.739365 -0.412079 167.8
      vertex 0.58699 -0.330322 166.2
      vertex 0.739365 -0.412079 166.2
    endloop
  endfacet
  facet normal -0.592449 -0.805608 0
    outer loop
      vertex 0.739365 -0.412079 166.2
      vertex 0.882324 -0.517212 167.8
      vertex 0.739365 -0.412079 167.8
    endloop
  endfacet
  facet normal -0.592449 -0.805608 -0
    outer loop
      vertex 0.882324 -0.517212 167.8
      vertex 0.739365 -0.412079 166.2
      vertex 0.882324 -0.517212 166.2
    endloop
  endfacet
  facet normal -0.693357 -0.720594 0
    outer loop
      vertex 0.882324 -0.517212 166.2
      vertex 1.01585 -0.645691 167.8
      vertex 0.882324 -0.517212 167.8
    endloop
  endfacet
  facet normal -0.693357 -0.720594 -0
    outer loop
      vertex 1.01585 -0.645691 167.8
      vertex 0.882324 -0.517212 166.2
      vertex 1.01585 -0.645691 166.2
    endloop
  endfacet
  facet normal -0.782403 -0.622772 0
    outer loop
      vertex 1.13399 -0.794113 166.2
      vertex 1.01585 -0.645691 167.8
      vertex 1.01585 -0.645691 166.2
    endloop
  endfacet
  facet normal -0.782403 -0.622772 0
    outer loop
      vertex 1.01585 -0.645691 167.8
      vertex 1.13399 -0.794113 166.2
      vertex 1.13399 -0.794113 167.8
    endloop
  endfacet
  facet normal -0.862879 -0.50541 0
    outer loop
      vertex 1.23064 -0.959122 166.2
      vertex 1.13399 -0.794113 167.8
      vertex 1.13399 -0.794113 166.2
    endloop
  endfacet
  facet normal -0.862879 -0.50541 0
    outer loop
      vertex 1.13399 -0.794113 167.8
      vertex 1.23064 -0.959122 166.2
      vertex 1.23064 -0.959122 167.8
    endloop
  endfacet
  facet normal -0.92393 -0.382562 0
    outer loop
      vertex 1.30582 -1.14069 166.2
      vertex 1.23064 -0.959122 167.8
      vertex 1.23064 -0.959122 166.2
    endloop
  endfacet
  facet normal -0.92393 -0.382562 0
    outer loop
      vertex 1.23064 -0.959122 167.8
      vertex 1.30582 -1.14069 166.2
      vertex 1.30582 -1.14069 167.8
    endloop
  endfacet
  facet normal -0.9652 -0.261514 0
    outer loop
      vertex 1.35951 -1.33885 166.2
      vertex 1.30582 -1.14069 167.8
      vertex 1.30582 -1.14069 166.2
    endloop
  endfacet
  facet normal -0.9652 -0.261514 0
    outer loop
      vertex 1.30582 -1.14069 167.8
      vertex 1.35951 -1.33885 166.2
      vertex 1.35951 -1.33885 167.8
    endloop
  endfacet
  facet normal -0.988937 -0.148336 0
    outer loop
      vertex 1.39172 -1.55359 166.2
      vertex 1.35951 -1.33885 167.8
      vertex 1.35951 -1.33885 166.2
    endloop
  endfacet
  facet normal -0.988937 -0.148336 0
    outer loop
      vertex 1.35951 -1.33885 167.8
      vertex 1.39172 -1.55359 166.2
      vertex 1.39172 -1.55359 167.8
    endloop
  endfacet
  facet normal -0.998922 -0.0464243 0
    outer loop
      vertex 1.40247 -1.7849 166.2
      vertex 1.39172 -1.55359 167.8
      vertex 1.39172 -1.55359 166.2
    endloop
  endfacet
  facet normal -0.998922 -0.0464243 0
    outer loop
      vertex 1.39172 -1.55359 167.8
      vertex 1.40247 -1.7849 166.2
      vertex 1.40247 -1.7849 167.8
    endloop
  endfacet
  facet normal -0.998949 0.0458432 0
    outer loop
      vertex 1.39125 -2.02939 166.2
      vertex 1.40247 -1.7849 167.8
      vertex 1.40247 -1.7849 166.2
    endloop
  endfacet
  facet normal -0.998949 0.0458432 0
    outer loop
      vertex 1.40247 -1.7849 167.8
      vertex 1.39125 -2.02939 166.2
      vertex 1.39125 -2.02939 167.8
    endloop
  endfacet
  facet normal -0.989234 0.146345 0
    outer loop
      vertex 1.35764 -2.25658 166.2
      vertex 1.39125 -2.02939 167.8
      vertex 1.39125 -2.02939 166.2
    endloop
  endfacet
  facet normal -0.989234 0.146345 0
    outer loop
      vertex 1.39125 -2.02939 167.8
      vertex 1.35764 -2.25658 166.2
      vertex 1.35764 -2.25658 167.8
    endloop
  endfacet
  facet normal -0.966129 0.258061 0
    outer loop
      vertex 1.30159 -2.46642 166.2
      vertex 1.35764 -2.25658 167.8
      vertex 1.35764 -2.25658 166.2
    endloop
  endfacet
  facet normal -0.966129 0.258061 0
    outer loop
      vertex 1.35764 -2.25658 167.8
      vertex 1.30159 -2.46642 166.2
      vertex 1.30159 -2.46642 167.8
    endloop
  endfacet
  facet normal -0.926049 0.377404 0
    outer loop
      vertex 1.22313 -2.65894 166.2
      vertex 1.30159 -2.46642 167.8
      vertex 1.30159 -2.46642 166.2
    endloop
  endfacet
  facet normal -0.926049 0.377404 0
    outer loop
      vertex 1.30159 -2.46642 167.8
      vertex 1.22313 -2.65894 166.2
      vertex 1.22313 -2.65894 167.8
    endloop
  endfacet
  facet normal -0.866582 0.499034 0
    outer loop
      vertex 1.12225 -2.83412 166.2
      vertex 1.22313 -2.65894 167.8
      vertex 1.22313 -2.65894 166.2
    endloop
  endfacet
  facet normal -0.866582 0.499034 0
    outer loop
      vertex 1.22313 -2.65894 167.8
      vertex 1.12225 -2.83412 166.2
      vertex 1.12225 -2.83412 167.8
    endloop
  endfacet
  facet normal -0.78814 0.615495 0
    outer loop
      vertex 0.998962 -2.99199 166.2
      vertex 1.12225 -2.83412 167.8
      vertex 1.12225 -2.83412 166.2
    endloop
  endfacet
  facet normal -0.78814 0.615495 0
    outer loop
      vertex 1.12225 -2.83412 167.8
      vertex 0.998962 -2.99199 166.2
      vertex 0.998962 -2.99199 167.8
    endloop
  endfacet
  facet normal -0.699523 0.71461 0
    outer loop
      vertex 0.998962 -2.99199 166.2
      vertex 0.859283 -3.12872 167.8
      vertex 0.998962 -2.99199 167.8
    endloop
  endfacet
  facet normal -0.699523 0.71461 0
    outer loop
      vertex 0.859283 -3.12872 167.8
      vertex 0.998962 -2.99199 166.2
      vertex 0.859283 -3.12872 166.2
    endloop
  endfacet
  facet normal -0.597778 0.801662 0
    outer loop
      vertex 0.859283 -3.12872 166.2
      vertex 0.709244 -3.2406 167.8
      vertex 0.859283 -3.12872 167.8
    endloop
  endfacet
  facet normal -0.597778 0.801662 0
    outer loop
      vertex 0.709244 -3.2406 167.8
      vertex 0.859283 -3.12872 166.2
      vertex 0.709244 -3.2406 166.2
    endloop
  endfacet
  facet normal -0.476897 0.878959 0
    outer loop
      vertex 0.709244 -3.2406 166.2
      vertex 0.548859 -3.32762 167.8
      vertex 0.709244 -3.2406 167.8
    endloop
  endfacet
  facet normal -0.476897 0.878959 0
    outer loop
      vertex 0.548859 -3.32762 167.8
      vertex 0.709244 -3.2406 166.2
      vertex 0.548859 -3.32762 166.2
    endloop
  endfacet
  facet normal -0.342037 0.939686 0
    outer loop
      vertex 0.548859 -3.32762 166.2
      vertex 0.378113 -3.38977 167.8
      vertex 0.548859 -3.32762 167.8
    endloop
  endfacet
  facet normal -0.342037 0.939686 0
    outer loop
      vertex 0.378113 -3.38977 167.8
      vertex 0.548859 -3.32762 166.2
      vertex 0.378113 -3.38977 166.2
    endloop
  endfacet
  facet normal -0.201686 0.97945 0
    outer loop
      vertex 0.378113 -3.38977 166.2
      vertex 0.197021 -3.42706 167.8
      vertex 0.378113 -3.38977 167.8
    endloop
  endfacet
  facet normal -0.201686 0.97945 0
    outer loop
      vertex 0.197021 -3.42706 167.8
      vertex 0.378113 -3.38977 166.2
      vertex 0.197021 -3.42706 166.2
    endloop
  endfacet
  facet normal -0.0648354 0.997896 0
    outer loop
      vertex 0.197021 -3.42706 166.2
      vertex 0.0055542 -3.4395 167.8
      vertex 0.197021 -3.42706 167.8
    endloop
  endfacet
  facet normal -0.0648354 0.997896 0
    outer loop
      vertex 0.0055542 -3.4395 167.8
      vertex 0.197021 -3.42706 166.2
      vertex 0.0055542 -3.4395 166.2
    endloop
  endfacet
  facet normal 0.0579229 0.998321 -0
    outer loop
      vertex 0.0055542 -3.4395 166.2
      vertex -0.173004 -3.42914 167.8
      vertex 0.0055542 -3.4395 167.8
    endloop
  endfacet
  facet normal 0.0579229 0.998321 0
    outer loop
      vertex -0.173004 -3.42914 167.8
      vertex 0.0055542 -3.4395 166.2
      vertex -0.173004 -3.42914 166.2
    endloop
  endfacet
  facet normal 0.180314 0.983609 -0
    outer loop
      vertex -0.173004 -3.42914 166.2
      vertex -0.342545 -3.39806 167.8
      vertex -0.173004 -3.42914 167.8
    endloop
  endfacet
  facet normal 0.180314 0.983609 0
    outer loop
      vertex -0.342545 -3.39806 167.8
      vertex -0.173004 -3.42914 166.2
      vertex -0.342545 -3.39806 166.2
    endloop
  endfacet
  facet normal 0.307076 0.951685 -0
    outer loop
      vertex -0.342545 -3.39806 166.2
      vertex -0.503052 -3.34627 167.8
      vertex -0.342545 -3.39806 167.8
    endloop
  endfacet
  facet normal 0.307076 0.951685 0
    outer loop
      vertex -0.503052 -3.34627 167.8
      vertex -0.342545 -3.39806 166.2
      vertex -0.503052 -3.34627 166.2
    endloop
  endfacet
  facet normal 0.431812 0.901964 -0
    outer loop
      vertex -0.503052 -3.34627 166.2
      vertex -0.65451 -3.27376 167.8
      vertex -0.503052 -3.34627 167.8
    endloop
  endfacet
  facet normal 0.431812 0.901964 0
    outer loop
      vertex -0.65451 -3.27376 167.8
      vertex -0.503052 -3.34627 166.2
      vertex -0.65451 -3.27376 166.2
    endloop
  endfacet
  facet normal 0.547683 0.836686 -0
    outer loop
      vertex -0.65451 -3.27376 166.2
      vertex -0.796936 -3.18053 167.8
      vertex -0.65451 -3.27376 167.8
    endloop
  endfacet
  facet normal 0.547683 0.836686 0
    outer loop
      vertex -0.796936 -3.18053 167.8
      vertex -0.65451 -3.27376 166.2
      vertex -0.796936 -3.18053 166.2
    endloop
  endfacet
  facet normal 0.649489 0.760371 -0
    outer loop
      vertex -0.796936 -3.18053 166.2
      vertex -0.930328 -3.06659 167.8
      vertex -0.796936 -3.18053 167.8
    endloop
  endfacet
  facet normal 0.649489 0.760371 0
    outer loop
      vertex -0.930328 -3.06659 167.8
      vertex -0.796936 -3.18053 166.2
      vertex -0.930328 -3.06659 166.2
    endloop
  endfacet
  facet normal 0.742359 0.670002 0
    outer loop
      vertex -0.930328 -3.06659 167.8
      vertex -1.05087 -2.93303 166.2
      vertex -1.05087 -2.93303 167.8
    endloop
  endfacet
  facet normal 0.742359 0.670002 0
    outer loop
      vertex -1.05087 -2.93303 166.2
      vertex -0.930328 -3.06659 167.8
      vertex -0.930328 -3.06659 166.2
    endloop
  endfacet
  facet normal 0.825443 0.564485 0
    outer loop
      vertex -1.05087 -2.93303 167.8
      vertex -1.15483 -2.78101 166.2
      vertex -1.15483 -2.78101 167.8
    endloop
  endfacet
  facet normal 0.825443 0.564485 0
    outer loop
      vertex -1.15483 -2.78101 166.2
      vertex -1.05087 -2.93303 167.8
      vertex -1.05087 -2.93303 166.2
    endloop
  endfacet
  facet normal 0.889904 0.456148 0
    outer loop
      vertex -1.15483 -2.78101 167.8
      vertex -1.24222 -2.61052 166.2
      vertex -1.24222 -2.61052 167.8
    endloop
  endfacet
  facet normal 0.889904 0.456148 0
    outer loop
      vertex -1.24222 -2.61052 166.2
      vertex -1.15483 -2.78101 167.8
      vertex -1.15483 -2.78101 166.2
    endloop
  endfacet
  facet normal 0.936405 0.350922 0
    outer loop
      vertex -1.24222 -2.61052 167.8
      vertex -1.31303 -2.42157 166.2
      vertex -1.31303 -2.42157 167.8
    endloop
  endfacet
  facet normal 0.936405 0.350922 0
    outer loop
      vertex -1.31303 -2.42157 166.2
      vertex -1.24222 -2.61052 167.8
      vertex -1.24222 -2.61052 166.2
    endloop
  endfacet
  facet normal 0.967477 0.252959 0
    outer loop
      vertex -1.31303 -2.42157 167.8
      vertex -1.36726 -2.21416 166.2
      vertex -1.36726 -2.21416 167.8
    endloop
  endfacet
  facet normal 0.967477 0.252959 0
    outer loop
      vertex -1.36726 -2.21416 166.2
      vertex -1.31303 -2.42157 167.8
      vertex -1.31303 -2.42157 166.2
    endloop
  endfacet
  facet normal 0.986382 0.16447 0
    outer loop
      vertex -1.36726 -2.21416 167.8
      vertex -1.40492 -1.9883 166.2
      vertex -1.40492 -1.9883 167.8
    endloop
  endfacet
  facet normal 0.986382 0.16447 0
    outer loop
      vertex -1.40492 -1.9883 166.2
      vertex -1.36726 -2.21416 167.8
      vertex -1.36726 -2.21416 166.2
    endloop
  endfacet
  facet normal -0.12045 0.992719 0
    outer loop
      vertex -1.40492 -1.9883 166.2
      vertex -3.24942 -2.2121 167.8
      vertex -1.40492 -1.9883 167.8
    endloop
  endfacet
  facet normal -0.12045 0.992719 0
    outer loop
      vertex -3.24942 -2.2121 167.8
      vertex -1.40492 -1.9883 166.2
      vertex -3.24942 -2.2121 166.2
    endloop
  endfacet
  facet normal -0.986115 -0.166062 0
    outer loop
      vertex -3.18124 -2.61697 166.2
      vertex -3.24942 -2.2121 167.8
      vertex -3.24942 -2.2121 166.2
    endloop
  endfacet
  facet normal -0.986115 -0.166062 0
    outer loop
      vertex -3.24942 -2.2121 167.8
      vertex -3.18124 -2.61697 166.2
      vertex -3.18124 -2.61697 167.8
    endloop
  endfacet
  facet normal -0.960491 -0.27831 0
    outer loop
      vertex -3.07161 -2.99532 166.2
      vertex -3.18124 -2.61697 167.8
      vertex -3.18124 -2.61697 166.2
    endloop
  endfacet
  facet normal -0.960491 -0.27831 0
    outer loop
      vertex -3.18124 -2.61697 167.8
      vertex -3.07161 -2.99532 166.2
      vertex -3.07161 -2.99532 167.8
    endloop
  endfacet
  facet normal -0.91886 -0.394584 0
    outer loop
      vertex -2.92055 -3.34709 166.2
      vertex -3.07161 -2.99532 167.8
      vertex -3.07161 -2.99532 166.2
    endloop
  endfacet
  facet normal -0.91886 -0.394584 0
    outer loop
      vertex -3.07161 -2.99532 167.8
      vertex -2.92055 -3.34709 166.2
      vertex -2.92055 -3.34709 167.8
    endloop
  endfacet
  facet normal -0.860545 -0.509374 0
    outer loop
      vertex -2.72804 -3.67232 166.2
      vertex -2.92055 -3.34709 167.8
      vertex -2.92055 -3.34709 166.2
    endloop
  endfacet
  facet normal -0.860545 -0.509374 0
    outer loop
      vertex -2.92055 -3.34709 167.8
      vertex -2.72804 -3.67232 166.2
      vertex -2.72804 -3.67232 167.8
    endloop
  endfacet
  facet normal -0.787254 -0.616629 0
    outer loop
      vertex -2.49411 -3.97098 166.2
      vertex -2.72804 -3.67232 167.8
      vertex -2.72804 -3.67232 166.2
    endloop
  endfacet
  facet normal -0.787254 -0.616629 0
    outer loop
      vertex -2.72804 -3.67232 167.8
      vertex -2.49411 -3.97098 166.2
      vertex -2.49411 -3.97098 167.8
    endloop
  endfacet
  facet normal -0.702858 -0.71133 0
    outer loop
      vertex -2.49411 -3.97098 166.2
      vertex -2.21872 -4.24309 167.8
      vertex -2.49411 -3.97098 167.8
    endloop
  endfacet
  facet normal -0.702858 -0.71133 -0
    outer loop
      vertex -2.21872 -4.24309 167.8
      vertex -2.49411 -3.97098 166.2
      vertex -2.21872 -4.24309 166.2
    endloop
  endfacet
  facet normal -0.609068 -0.793118 0
    outer loop
      vertex -2.21872 -4.24309 166.2
      vertex -1.90979 -4.48033 167.8
      vertex -2.21872 -4.24309 167.8
    endloop
  endfacet
  facet normal -0.609068 -0.793118 -0
    outer loop
      vertex -1.90979 -4.48033 167.8
      vertex -2.21872 -4.24309 166.2
      vertex -1.90979 -4.48033 166.2
    endloop
  endfacet
  facet normal -0.501817 -0.864974 0
    outer loop
      vertex -1.90979 -4.48033 166.2
      vertex -1.57524 -4.67442 167.8
      vertex -1.90979 -4.48033 167.8
    endloop
  endfacet
  facet normal -0.501817 -0.864974 -0
    outer loop
      vertex -1.57524 -4.67442 167.8
      vertex -1.90979 -4.48033 166.2
      vertex -1.57524 -4.67442 166.2
    endloop
  endfacet
  facet normal -0.386576 -0.922257 0
    outer loop
      vertex -1.57524 -4.67442 166.2
      vertex -1.21507 -4.82539 167.8
      vertex -1.57524 -4.67442 167.8
    endloop
  endfacet
  facet normal -0.386576 -0.922257 -0
    outer loop
      vertex -1.21507 -4.82539 167.8
      vertex -1.57524 -4.67442 166.2
      vertex -1.21507 -4.82539 166.2
    endloop
  endfacet
  facet normal -0.269223 -0.963078 0
    outer loop
      vertex -1.21507 -4.82539 166.2
      vertex -0.8293 -4.93323 167.8
      vertex -1.21507 -4.82539 167.8
    endloop
  endfacet
  facet normal -0.269223 -0.963078 -0
    outer loop
      vertex -0.8293 -4.93323 167.8
      vertex -1.21507 -4.82539 166.2
      vertex -0.8293 -4.93323 166.2
    endloop
  endfacet
  facet normal -0.155343 -0.987861 0
    outer loop
      vertex -0.8293 -4.93323 166.2
      vertex -0.417923 -4.99792 167.8
      vertex -0.8293 -4.93323 167.8
    endloop
  endfacet
  facet normal -0.155343 -0.987861 -0
    outer loop
      vertex -0.417923 -4.99792 167.8
      vertex -0.8293 -4.93323 166.2
      vertex -0.417923 -4.99792 166.2
    endloop
  endfacet
  facet normal -0.0493014 -0.998784 0
    outer loop
      vertex -0.417923 -4.99792 166.2
      vertex 0.0190582 -5.01949 167.8
      vertex -0.417923 -4.99792 167.8
    endloop
  endfacet
  facet normal -0.0493014 -0.998784 -0
    outer loop
      vertex 0.0190582 -5.01949 167.8
      vertex -0.417923 -4.99792 166.2
      vertex 0.0190582 -5.01949 166.2
    endloop
  endfacet
  facet normal 0.0553837 -0.998465 0
    outer loop
      vertex 0.0190582 -5.01949 166.2
      vertex 0.480759 -4.99388 167.8
      vertex 0.0190582 -5.01949 167.8
    endloop
  endfacet
  facet normal 0.0553837 -0.998465 0
    outer loop
      vertex 0.480759 -4.99388 167.8
      vertex 0.0190582 -5.01949 166.2
      vertex 0.480759 -4.99388 166.2
    endloop
  endfacet
  facet normal 0 -1 0
    outer loop
      vertex 13.7109 -2.84949 166.2
      vertex 14.9451 -2.84949 167.8
      vertex 13.7109 -2.84949 167.8
    endloop
  endfacet
  facet normal 0 -1 -0
    outer loop
      vertex 14.9451 -2.84949 167.8
      vertex 13.7109 -2.84949 166.2
      vertex 14.9451 -2.84949 166.2
    endloop
  endfacet
  facet normal 1 -0 0
    outer loop
      vertex 14.9451 -2.84949 167.8
      vertex 14.9451 -1.17459 166.2
      vertex 14.9451 -1.17459 167.8
    endloop
  endfacet
  facet normal 1 0 0
    outer loop
      vertex 14.9451 -1.17459 166.2
      vertex 14.9451 -2.84949 167.8
      vertex 14.9451 -2.84949 166.2
    endloop
  endfacet
  facet normal 0 1 -0
    outer loop
      vertex 14.9451 -1.17459 166.2
      vertex 13.7109 -1.17459 167.8
      vertex 14.9451 -1.17459 167.8
    endloop
  endfacet
  facet normal 0 1 0
    outer loop
      vertex 13.7109 -1.17459 167.8
      vertex 14.9451 -1.17459 166.2
      vertex 13.7109 -1.17459 166.2
    endloop
  endfacet
  facet normal 1 -0 0
    outer loop
      vertex 13.7109 -1.17459 167.8
      vertex 13.7109 5.13199 166.2
      vertex 13.7109 5.13199 167.8
    endloop
  endfacet
  facet normal 1 0 0
    outer loop
      vertex 13.7109 5.13199 166.2
      vertex 13.7109 -1.17459 167.8
      vertex 13.7109 -1.17459 166.2
    endloop
  endfacet
  facet normal 0 1 -0
    outer loop
      vertex 13.7109 5.13199 166.2
      vertex 12.1106 5.13199 167.8
      vertex 13.7109 5.13199 167.8
    endloop
  endfacet
  facet normal 0 1 0
    outer loop
      vertex 12.1106 5.13199 167.8
      vertex 13.7109 5.13199 166.2
      vertex 12.1106 5.13199 166.2
    endloop
  endfacet
  facet normal -0.825715 0.564088 0
    outer loop
      vertex 7.79768 -1.18129 166.2
      vertex 12.1106 5.13199 167.8
      vertex 12.1106 5.13199 166.2
    endloop
  endfacet
  facet normal -0.825715 0.564088 0
    outer loop
      vertex 12.1106 5.13199 167.8
      vertex 7.79768 -1.18129 166.2
      vertex 7.79768 -1.18129 167.8
    endloop
  endfacet
  facet normal -1 0 0
    outer loop
      vertex 7.79768 -2.84949 166.2
      vertex 7.79768 -1.18129 167.8
      vertex 7.79768 -1.18129 166.2
    endloop
  endfacet
  facet normal -1 -0 0
    outer loop
      vertex 7.79768 -1.18129 167.8
      vertex 7.79768 -2.84949 166.2
      vertex 7.79768 -2.84949 167.8
    endloop
  endfacet
  facet normal 0 -1 0
    outer loop
      vertex 7.79768 -2.84949 166.2
      vertex 11.8664 -2.84949 167.8
      vertex 7.79768 -2.84949 167.8
    endloop
  endfacet
  facet normal 0 -1 -0
    outer loop
      vertex 11.8664 -2.84949 167.8
      vertex 7.79768 -2.84949 166.2
      vertex 11.8664 -2.84949 166.2
    endloop
  endfacet
  facet normal -1 0 0
    outer loop
      vertex 11.8664 -4.84999 166.2
      vertex 11.8664 -2.84949 167.8
      vertex 11.8664 -2.84949 166.2
    endloop
  endfacet
  facet normal -1 -0 0
    outer loop
      vertex 11.8664 -2.84949 167.8
      vertex 11.8664 -4.84999 166.2
      vertex 11.8664 -4.84999 167.8
    endloop
  endfacet
  facet normal 0 -1 0
    outer loop
      vertex 11.8664 -4.84999 166.2
      vertex 13.7109 -4.84999 167.8
      vertex 11.8664 -4.84999 167.8
    endloop
  endfacet
  facet normal 0 -1 -0
    outer loop
      vertex 13.7109 -4.84999 167.8
      vertex 11.8664 -4.84999 166.2
      vertex 13.7109 -4.84999 166.2
    endloop
  endfacet
  facet normal 1 -0 0
    outer loop
      vertex 13.7109 -4.84999 167.8
      vertex 13.7109 -2.84949 166.2
      vertex 13.7109 -2.84949 167.8
    endloop
  endfacet
  facet normal 1 0 0
    outer loop
      vertex 13.7109 -2.84949 166.2
      vertex 13.7109 -4.84999 167.8
      vertex 13.7109 -4.84999 166.2
    endloop
  endfacet
  facet normal 0.829755 -0.558128 0
    outer loop
      vertex 9.58118 -1.17459 167.8
      vertex 11.8664 2.22279 166.2
      vertex 11.8664 2.22279 167.8
    endloop
  endfacet
  facet normal 0.829755 -0.558128 0
    outer loop
      vertex 11.8664 2.22279 166.2
      vertex 9.58118 -1.17459 167.8
      vertex 9.58118 -1.17459 166.2
    endloop
  endfacet
  facet normal -1 0 0
    outer loop
      vertex 11.8664 -1.17459 166.2
      vertex 11.8664 2.22279 167.8
      vertex 11.8664 2.22279 166.2
    endloop
  endfacet
  facet normal -1 -0 0
    outer loop
      vertex 11.8664 2.22279 167.8
      vertex 11.8664 -1.17459 166.2
      vertex 11.8664 -1.17459 167.8
    endloop
  endfacet
  facet normal 0 1 -0
    outer loop
      vertex 11.8664 -1.17459 166.2
      vertex 9.58118 -1.17459 167.8
      vertex 11.8664 -1.17459 167.8
    endloop
  endfacet
  facet normal 0 1 0
    outer loop
      vertex 9.58118 -1.17459 167.8
      vertex 11.8664 -1.17459 166.2
      vertex 9.58118 -1.17459 166.2
    endloop
  endfacet
endsolid OpenSCAD_Model
