solid OpenSCAD_Model
  facet normal 0.996194 0.0871593 0
    outer loop
      vertex 42 0 5
      vertex 41.3619 7.29322 0
      vertex 41.3619 7.29322 5
    endloop
  endfacet
  facet normal 0.996194 0.0871593 0
    outer loop
      vertex 41.3619 7.29322 0
      vertex 42 0 5
      vertex 42 0 0
    endloop
  endfacet
  facet normal 0.996194 0.0871593 0
    outer loop
      vertex 42 0 168
      vertex 41.3619 7.29322 163
      vertex 41.3619 7.29322 168
    endloop
  endfacet
  facet normal 0.996194 0.0871593 0
    outer loop
      vertex 41.3619 7.29322 163
      vertex 42 0 168
      vertex 42 0 163
    endloop
  endfacet
  facet normal -0.996194 0.0871593 0
    outer loop
      vertex -42 0 0
      vertex -41.3619 7.29322 5
      vertex -41.3619 7.29322 0
    endloop
  endfacet
  facet normal -0.996194 0.0871593 0
    outer loop
      vertex -41.3619 7.29322 5
      vertex -42 0 0
      vertex -42 0 5
    endloop
  endfacet
  facet normal -0.996194 0.0871593 0
    outer loop
      vertex -42 0 163
      vertex -41.3619 7.29322 168
      vertex -41.3619 7.29322 163
    endloop
  endfacet
  facet normal -0.996194 0.0871593 0
    outer loop
      vertex -41.3619 7.29322 168
      vertex -42 0 163
      vertex -42 0 168
    endloop
  endfacet
  facet normal 0.0871593 0.996194 7.55972e-06
    outer loop
      vertex 7.29322 41.3619 150
      vertex 3.5 41.6938 147
      vertex 0 42 150
    endloop
  endfacet
  facet normal 0.0871652 0.996194 0
    outer loop
      vertex 7.29322 41.3619 150
      vertex 3.5 41.6938 133
      vertex 3.5 41.6938 147
    endloop
  endfacet
  facet normal 0.0871528 0.996195 0
    outer loop
      vertex 3.5 41.6938 133
      vertex 3.5 41.6938 115
      vertex 0 42 133
    endloop
  endfacet
  facet normal 0.0871652 0.996194 0
    outer loop
      vertex 7.29322 41.3619 150
      vertex 3.5 41.6938 115
      vertex 3.5 41.6938 133
    endloop
  endfacet
  facet normal 0.0871652 0.996194 0
    outer loop
      vertex 7.29322 41.3619 150
      vertex 3.5 41.6938 101
      vertex 3.5 41.6938 115
    endloop
  endfacet
  facet normal 0.0871528 0.996195 0
    outer loop
      vertex 3.5 41.6938 101
      vertex 3.5 41.6938 79
      vertex 0 42 101
    endloop
  endfacet
  facet normal 0.0871652 0.996194 0
    outer loop
      vertex 7.29322 41.3619 150
      vertex 3.5 41.6938 79
      vertex 3.5 41.6938 101
    endloop
  endfacet
  facet normal 0.0871652 0.996194 0
    outer loop
      vertex 7.29322 41.3619 150
      vertex 3.5 41.6938 65
      vertex 3.5 41.6938 79
    endloop
  endfacet
  facet normal 0.0871528 0.996195 0
    outer loop
      vertex 3.5 41.6938 65
      vertex 3.5 41.6938 43
      vertex 0 42 65
    endloop
  endfacet
  facet normal 0.0871652 0.996194 -0
    outer loop
      vertex 7.29322 41.3619 0
      vertex 3.5 41.6938 65
      vertex 7.29322 41.3619 150
    endloop
  endfacet
  facet normal 0.0871652 0.996194 0
    outer loop
      vertex 3.5 41.6938 65
      vertex 7.29322 41.3619 0
      vertex 3.5 41.6938 43
    endloop
  endfacet
  facet normal 0.0871652 0.996194 0
    outer loop
      vertex 3.5 41.6938 43
      vertex 7.29322 41.3619 0
      vertex 3.5 41.6938 29
    endloop
  endfacet
  facet normal 0.0871593 0.996194 -7.8204e-07
    outer loop
      vertex 0 42 0
      vertex 3.5 41.6938 29
      vertex 7.29322 41.3619 0
    endloop
  endfacet
  facet normal 0.0871528 0.996195 0
    outer loop
      vertex 3.5 41.6938 29
      vertex 0 42 0
      vertex 0 42 29
    endloop
  endfacet
  facet normal 0.0871528 0.996195 0
    outer loop
      vertex 0 42 150
      vertex 3.5 41.6938 147
      vertex 0 42 147
    endloop
  endfacet
  facet normal 0.0871528 0.996195 0
    outer loop
      vertex 0 42 133
      vertex 3.5 41.6938 115
      vertex 0 42 115
    endloop
  endfacet
  facet normal 0.0871528 0.996195 0
    outer loop
      vertex 0 42 101
      vertex 3.5 41.6938 79
      vertex 0 42 79
    endloop
  endfacet
  facet normal 0.0871528 0.996195 0
    outer loop
      vertex 0 42 65
      vertex 3.5 41.6938 43
      vertex 0 42 43
    endloop
  endfacet
  facet normal 0.0871593 0.996194 0
    outer loop
      vertex 7.29322 41.3619 168
      vertex 0 42 162
      vertex 0 42 168
    endloop
  endfacet
  facet normal 0.0871593 0.996194 -0
    outer loop
      vertex 7.29322 41.3619 160
      vertex 0 42 162
      vertex 7.29322 41.3619 168
    endloop
  endfacet
  facet normal 0.0871593 0.996194 0
    outer loop
      vertex 0 42 162
      vertex 7.29322 41.3619 160
      vertex 0 42 160
    endloop
  endfacet
  facet normal 0.707142 0.707072 -0
    outer loop
      vertex 28 31.1709 5
      vertex 26.9971 32.1739 29
      vertex 28 31.1709 29
    endloop
  endfacet
  facet normal 0.707142 0.707072 0
    outer loop
      vertex 26.9971 32.1739 29
      vertex 28 31.1709 5
      vertex 26.9971 32.1739 0
    endloop
  endfacet
  facet normal 0.707098 0.707115 -0
    outer loop
      vertex 32.1739 26.9971 0
      vertex 28 31.1709 5
      vertex 32.1739 26.9971 5
    endloop
  endfacet
  facet normal 0.707107 0.707107 1.41421e-05
    outer loop
      vertex 28 31.1709 5
      vertex 32.1739 26.9971 0
      vertex 26.9971 32.1739 0
    endloop
  endfacet
  facet normal 0.707142 0.707072 0
    outer loop
      vertex 26.9971 32.1739 168
      vertex 28 31.1709 163
      vertex 26.9971 32.1739 160
    endloop
  endfacet
  facet normal 0.707107 0.707107 -1.41421e-05
    outer loop
      vertex 32.1739 26.9971 168
      vertex 28 31.1709 163
      vertex 26.9971 32.1739 168
    endloop
  endfacet
  facet normal 0.707098 0.707115 0
    outer loop
      vertex 28 31.1709 163
      vertex 32.1739 26.9971 168
      vertex 32.1739 26.9971 163
    endloop
  endfacet
  facet normal 0.707142 0.707072 0
    outer loop
      vertex 26.9971 32.1739 160
      vertex 28 31.1709 163
      vertex 28 31.1709 160
    endloop
  endfacet
  facet normal 0.707142 0.707072 0
    outer loop
      vertex 28 31.1709 150
      vertex 26.9971 32.1739 147
      vertex 26.9971 32.1739 150
    endloop
  endfacet
  facet normal 0.707142 0.707072 0
    outer loop
      vertex 26.9971 32.1739 147
      vertex 28 31.1709 150
      vertex 28 31.1709 147
    endloop
  endfacet
  facet normal 0.707094 0.70712 0
    outer loop
      vertex 32.1739 26.9971 138
      vertex 29.4814 29.6895 133
      vertex 29.4814 29.6895 138
    endloop
  endfacet
  facet normal 0.707121 0.707093 0
    outer loop
      vertex 29.4814 29.6895 133
      vertex 29.4814 29.6895 115
      vertex 26.9971 32.1739 133
    endloop
  endfacet
  facet normal 0.707094 0.70712 0
    outer loop
      vertex 32.1739 26.9971 138
      vertex 29.4814 29.6895 115
      vertex 29.4814 29.6895 133
    endloop
  endfacet
  facet normal 0.707094 0.70712 0
    outer loop
      vertex 32.1739 26.9971 138
      vertex 29.4814 29.6895 101
      vertex 29.4814 29.6895 115
    endloop
  endfacet
  facet normal 0.707121 0.707093 0
    outer loop
      vertex 29.4814 29.6895 101
      vertex 29.4814 29.6895 79
      vertex 26.9971 32.1739 101
    endloop
  endfacet
  facet normal 0.707094 0.70712 0
    outer loop
      vertex 32.1739 26.9971 138
      vertex 29.4814 29.6895 79
      vertex 29.4814 29.6895 101
    endloop
  endfacet
  facet normal 0.707094 0.70712 -0
    outer loop
      vertex 32.1739 26.9971 30
      vertex 29.4814 29.6895 79
      vertex 32.1739 26.9971 138
    endloop
  endfacet
  facet normal 0.707121 0.707093 0
    outer loop
      vertex 29.4814 29.6895 65
      vertex 29.4814 29.6895 43
      vertex 26.9971 32.1739 65
    endloop
  endfacet
  facet normal 0.707094 0.70712 0
    outer loop
      vertex 29.4814 29.6895 79
      vertex 32.1739 26.9971 30
      vertex 29.4814 29.6895 65
    endloop
  endfacet
  facet normal 0.707094 0.70712 0
    outer loop
      vertex 29.4814 29.6895 65
      vertex 32.1739 26.9971 30
      vertex 29.4814 29.6895 43
    endloop
  endfacet
  facet normal 0.707094 0.70712 0
    outer loop
      vertex 29.4814 29.6895 43
      vertex 32.1739 26.9971 30
      vertex 29.4814 29.6895 30
    endloop
  endfacet
  facet normal 0.707121 0.707093 0
    outer loop
      vertex 26.9971 32.1739 133
      vertex 29.4814 29.6895 115
      vertex 26.9971 32.1739 115
    endloop
  endfacet
  facet normal 0.707121 0.707093 0
    outer loop
      vertex 26.9971 32.1739 101
      vertex 29.4814 29.6895 79
      vertex 26.9971 32.1739 79
    endloop
  endfacet
  facet normal 0.707121 0.707093 0
    outer loop
      vertex 26.9971 32.1739 65
      vertex 29.4814 29.6895 43
      vertex 26.9971 32.1739 43
    endloop
  endfacet
  facet normal -0.573575 0.819153 2.65534e-06
    outer loop
      vertex -21 36.3731 150
      vertex -24.1191 34.1891 147
      vertex -26.9971 32.1739 150
    endloop
  endfacet
  facet normal -0.573573 0.819154 0
    outer loop
      vertex -21 36.3731 150
      vertex -24.1191 34.1891 133
      vertex -24.1191 34.1891 147
    endloop
  endfacet
  facet normal -0.573577 0.819152 0
    outer loop
      vertex -24.1191 34.1891 133
      vertex -24.1191 34.1891 115
      vertex -26.9971 32.1739 133
    endloop
  endfacet
  facet normal -0.573573 0.819154 0
    outer loop
      vertex -21 36.3731 150
      vertex -24.1191 34.1891 115
      vertex -24.1191 34.1891 133
    endloop
  endfacet
  facet normal -0.573573 0.819154 0
    outer loop
      vertex -21 36.3731 150
      vertex -24.1191 34.1891 101
      vertex -24.1191 34.1891 115
    endloop
  endfacet
  facet normal -0.573577 0.819152 0
    outer loop
      vertex -24.1191 34.1891 101
      vertex -24.1191 34.1891 79
      vertex -26.9971 32.1739 101
    endloop
  endfacet
  facet normal -0.573573 0.819154 0
    outer loop
      vertex -21 36.3731 150
      vertex -24.1191 34.1891 79
      vertex -24.1191 34.1891 101
    endloop
  endfacet
  facet normal -0.573573 0.819154 0
    outer loop
      vertex -21 36.3731 150
      vertex -24.1191 34.1891 65
      vertex -24.1191 34.1891 79
    endloop
  endfacet
  facet normal -0.573577 0.819152 0
    outer loop
      vertex -24.1191 34.1891 65
      vertex -24.1191 34.1891 43
      vertex -26.9971 32.1739 65
    endloop
  endfacet
  facet normal -0.573573 0.819154 0
    outer loop
      vertex -21 36.3731 0
      vertex -24.1191 34.1891 65
      vertex -21 36.3731 150
    endloop
  endfacet
  facet normal -0.573573 0.819154 0
    outer loop
      vertex -24.1191 34.1891 65
      vertex -21 36.3731 0
      vertex -24.1191 34.1891 43
    endloop
  endfacet
  facet normal -0.573573 0.819154 0
    outer loop
      vertex -24.1191 34.1891 43
      vertex -21 36.3731 0
      vertex -24.1191 34.1891 29
    endloop
  endfacet
  facet normal -0.573575 0.819153 -2.7469e-07
    outer loop
      vertex -26.9971 32.1739 0
      vertex -24.1191 34.1891 29
      vertex -21 36.3731 0
    endloop
  endfacet
  facet normal -0.573577 0.819152 0
    outer loop
      vertex -24.1191 34.1891 29
      vertex -26.9971 32.1739 0
      vertex -26.9971 32.1739 29
    endloop
  endfacet
  facet normal -0.573577 0.819152 0
    outer loop
      vertex -26.9971 32.1739 150
      vertex -24.1191 34.1891 147
      vertex -26.9971 32.1739 147
    endloop
  endfacet
  facet normal -0.573577 0.819152 0
    outer loop
      vertex -26.9971 32.1739 133
      vertex -24.1191 34.1891 115
      vertex -26.9971 32.1739 115
    endloop
  endfacet
  facet normal -0.573577 0.819152 0
    outer loop
      vertex -26.9971 32.1739 101
      vertex -24.1191 34.1891 79
      vertex -26.9971 32.1739 79
    endloop
  endfacet
  facet normal -0.573577 0.819152 0
    outer loop
      vertex -26.9971 32.1739 65
      vertex -24.1191 34.1891 43
      vertex -26.9971 32.1739 43
    endloop
  endfacet
  facet normal -0.573575 0.819153 0
    outer loop
      vertex -21 36.3731 160
      vertex -26.9971 32.1739 168
      vertex -21 36.3731 168
    endloop
  endfacet
  facet normal -0.573575 0.819153 0
    outer loop
      vertex -26.9971 32.1739 168
      vertex -21 36.3731 160
      vertex -26.9971 32.1739 160
    endloop
  endfacet
  facet normal -0.258816 0.965927 -2.54336e-07
    outer loop
      vertex -7.29322 41.3619 150
      vertex -10.9712 40.3764 147
      vertex -14.3648 39.4671 150
    endloop
  endfacet
  facet normal -0.258816 0.965927 0
    outer loop
      vertex -7.29322 41.3619 150
      vertex -10.9712 40.3764 133
      vertex -10.9712 40.3764 147
    endloop
  endfacet
  facet normal -0.258816 0.965927 0
    outer loop
      vertex -10.9712 40.3764 133
      vertex -10.9712 40.3764 115
      vertex -14.3648 39.4671 133
    endloop
  endfacet
  facet normal -0.258816 0.965927 0
    outer loop
      vertex -7.29322 41.3619 150
      vertex -10.9712 40.3764 115
      vertex -10.9712 40.3764 133
    endloop
  endfacet
  facet normal -0.258816 0.965927 0
    outer loop
      vertex -7.29322 41.3619 150
      vertex -10.9712 40.3764 101
      vertex -10.9712 40.3764 115
    endloop
  endfacet
  facet normal -0.258816 0.965927 0
    outer loop
      vertex -10.9712 40.3764 101
      vertex -10.9712 40.3764 79
      vertex -14.3648 39.4671 101
    endloop
  endfacet
  facet normal -0.258816 0.965927 0
    outer loop
      vertex -7.29322 41.3619 150
      vertex -10.9712 40.3764 79
      vertex -10.9712 40.3764 101
    endloop
  endfacet
  facet normal -0.258816 0.965927 0
    outer loop
      vertex -7.29322 41.3619 150
      vertex -10.9712 40.3764 65
      vertex -10.9712 40.3764 79
    endloop
  endfacet
  facet normal -0.258816 0.965927 0
    outer loop
      vertex -10.9712 40.3764 65
      vertex -10.9712 40.3764 43
      vertex -14.3648 39.4671 65
    endloop
  endfacet
  facet normal -0.258816 0.965927 0
    outer loop
      vertex -7.29322 41.3619 0
      vertex -10.9712 40.3764 65
      vertex -7.29322 41.3619 150
    endloop
  endfacet
  facet normal -0.258816 0.965927 0
    outer loop
      vertex -10.9712 40.3764 65
      vertex -7.29322 41.3619 0
      vertex -10.9712 40.3764 43
    endloop
  endfacet
  facet normal -0.258816 0.965927 0
    outer loop
      vertex -10.9712 40.3764 43
      vertex -7.29322 41.3619 0
      vertex -10.9712 40.3764 29
    endloop
  endfacet
  facet normal -0.258816 0.965927 2.63106e-08
    outer loop
      vertex -14.3648 39.4671 0
      vertex -10.9712 40.3764 29
      vertex -7.29322 41.3619 0
    endloop
  endfacet
  facet normal -0.258816 0.965927 0
    outer loop
      vertex -10.9712 40.3764 29
      vertex -14.3648 39.4671 0
      vertex -14.3648 39.4671 29
    endloop
  endfacet
  facet normal -0.258816 0.965927 0
    outer loop
      vertex -14.3648 39.4671 150
      vertex -10.9712 40.3764 147
      vertex -14.3648 39.4671 147
    endloop
  endfacet
  facet normal -0.258816 0.965927 0
    outer loop
      vertex -14.3648 39.4671 133
      vertex -10.9712 40.3764 115
      vertex -14.3648 39.4671 115
    endloop
  endfacet
  facet normal -0.258816 0.965927 0
    outer loop
      vertex -14.3648 39.4671 101
      vertex -10.9712 40.3764 79
      vertex -14.3648 39.4671 79
    endloop
  endfacet
  facet normal -0.258816 0.965927 0
    outer loop
      vertex -14.3648 39.4671 65
      vertex -10.9712 40.3764 43
      vertex -14.3648 39.4671 43
    endloop
  endfacet
  facet normal -0.258816 0.965927 0
    outer loop
      vertex -7.29322 41.3619 160
      vertex -14.3648 39.4671 168
      vertex -7.29322 41.3619 168
    endloop
  endfacet
  facet normal -0.258816 0.965927 0
    outer loop
      vertex -14.3648 39.4671 168
      vertex -7.29322 41.3619 160
      vertex -14.3648 39.4671 160
    endloop
  endfacet
  facet normal 0 0 -1
    outer loop
      vertex 41.3619 -7.29322 0
      vertex 41.3619 7.29322 0
      vertex 42 0 0
    endloop
  endfacet
  facet normal 0 0 -1
    outer loop
      vertex 39.4671 -14.3648 0
      vertex 41.3619 7.29322 0
      vertex 41.3619 -7.29322 0
    endloop
  endfacet
  facet normal 0 0 -1
    outer loop
      vertex 39.4671 -14.3648 0
      vertex 39.4671 14.3648 0
      vertex 41.3619 7.29322 0
    endloop
  endfacet
  facet normal 0 0 -1
    outer loop
      vertex 36.3731 -21 0
      vertex 39.4671 14.3648 0
      vertex 39.4671 -14.3648 0
    endloop
  endfacet
  facet normal 0 0 -1
    outer loop
      vertex 36.3731 -21 0
      vertex 36.3731 21 0
      vertex 39.4671 14.3648 0
    endloop
  endfacet
  facet normal 0 0 -1
    outer loop
      vertex 32.1739 -26.9971 0
      vertex 36.3731 21 0
      vertex 36.3731 -21 0
    endloop
  endfacet
  facet normal 0 0 -1
    outer loop
      vertex 32.1739 -26.9971 0
      vertex 32.1739 26.9971 0
      vertex 36.3731 21 0
    endloop
  endfacet
  facet normal 0 0 -1
    outer loop
      vertex 26.9971 -32.1739 0
      vertex 32.1739 26.9971 0
      vertex 32.1739 -26.9971 0
    endloop
  endfacet
  facet normal 0 0 -1
    outer loop
      vertex 26.9971 -32.1739 0
      vertex 26.9971 32.1739 0
      vertex 32.1739 26.9971 0
    endloop
  endfacet
  facet normal 0 0 -1
    outer loop
      vertex 21 -36.3731 0
      vertex 26.9971 32.1739 0
      vertex 26.9971 -32.1739 0
    endloop
  endfacet
  facet normal 0 0 -1
    outer loop
      vertex 21 -36.3731 0
      vertex 21 36.3731 0
      vertex 26.9971 32.1739 0
    endloop
  endfacet
  facet normal 0 0 -1
    outer loop
      vertex 14.3648 -39.4671 0
      vertex 21 36.3731 0
      vertex 21 -36.3731 0
    endloop
  endfacet
  facet normal 0 0 -1
    outer loop
      vertex 14.3648 -39.4671 0
      vertex 14.3648 39.4671 0
      vertex 21 36.3731 0
    endloop
  endfacet
  facet normal 0 0 -1
    outer loop
      vertex 7.29322 -41.3619 0
      vertex 14.3648 39.4671 0
      vertex 14.3648 -39.4671 0
    endloop
  endfacet
  facet normal 0 0 -1
    outer loop
      vertex 7.29322 -41.3619 0
      vertex 7.29322 41.3619 0
      vertex 14.3648 39.4671 0
    endloop
  endfacet
  facet normal 0 0 -1
    outer loop
      vertex 0 -42 0
      vertex 7.29322 41.3619 0
      vertex 7.29322 -41.3619 0
    endloop
  endfacet
  facet normal 0 0 -1
    outer loop
      vertex 0 -42 0
      vertex 0 42 0
      vertex 7.29322 41.3619 0
    endloop
  endfacet
  facet normal 0 0 -1
    outer loop
      vertex -7.29322 -41.3619 0
      vertex 0 42 0
      vertex 0 -42 0
    endloop
  endfacet
  facet normal 0 0 -1
    outer loop
      vertex -7.29322 -41.3619 0
      vertex -7.29322 41.3619 0
      vertex 0 42 0
    endloop
  endfacet
  facet normal 0 0 -1
    outer loop
      vertex -14.3648 -39.4671 0
      vertex -7.29322 41.3619 0
      vertex -7.29322 -41.3619 0
    endloop
  endfacet
  facet normal 0 0 -1
    outer loop
      vertex -14.3648 -39.4671 0
      vertex -14.3648 39.4671 0
      vertex -7.29322 41.3619 0
    endloop
  endfacet
  facet normal 0 0 -1
    outer loop
      vertex -21 -36.3731 0
      vertex -14.3648 39.4671 0
      vertex -14.3648 -39.4671 0
    endloop
  endfacet
  facet normal 0 0 -1
    outer loop
      vertex -21 -36.3731 0
      vertex -21 36.3731 0
      vertex -14.3648 39.4671 0
    endloop
  endfacet
  facet normal 0 0 -1
    outer loop
      vertex -26.9971 -32.1739 0
      vertex -21 36.3731 0
      vertex -21 -36.3731 0
    endloop
  endfacet
  facet normal 0 0 -1
    outer loop
      vertex -26.9971 -32.1739 0
      vertex -26.9971 32.1739 0
      vertex -21 36.3731 0
    endloop
  endfacet
  facet normal 0 0 -1
    outer loop
      vertex -32.1739 -26.9971 0
      vertex -26.9971 32.1739 0
      vertex -26.9971 -32.1739 0
    endloop
  endfacet
  facet normal 0 0 -1
    outer loop
      vertex -32.1739 -26.9971 0
      vertex -32.1739 26.9971 0
      vertex -26.9971 32.1739 0
    endloop
  endfacet
  facet normal 0 0 -1
    outer loop
      vertex -36.3731 -21 0
      vertex -32.1739 26.9971 0
      vertex -32.1739 -26.9971 0
    endloop
  endfacet
  facet normal 0 0 -1
    outer loop
      vertex -36.3731 -21 0
      vertex -36.3731 21 0
      vertex -32.1739 26.9971 0
    endloop
  endfacet
  facet normal 0 0 -1
    outer loop
      vertex -39.4671 -14.3648 0
      vertex -36.3731 21 0
      vertex -36.3731 -21 0
    endloop
  endfacet
  facet normal 0 0 -1
    outer loop
      vertex -39.4671 -14.3648 0
      vertex -39.4671 14.3648 0
      vertex -36.3731 21 0
    endloop
  endfacet
  facet normal 0 0 -1
    outer loop
      vertex -41.3619 -7.29322 0
      vertex -39.4671 14.3648 0
      vertex -39.4671 -14.3648 0
    endloop
  endfacet
  facet normal 0 0 -1
    outer loop
      vertex -41.3619 -7.29322 0
      vertex -41.3619 7.29322 0
      vertex -39.4671 14.3648 0
    endloop
  endfacet
  facet normal 0 -0 -1
    outer loop
      vertex -41.3619 7.29322 0
      vertex -41.3619 -7.29322 0
      vertex -42 0 0
    endloop
  endfacet
  facet normal 0.90631 0.422613 0
    outer loop
      vertex 39.4671 14.3648 168
      vertex 36.3731 21 163
      vertex 36.3731 21 168
    endloop
  endfacet
  facet normal 0.90631 0.422613 0
    outer loop
      vertex 36.3731 21 163
      vertex 39.4671 14.3648 168
      vertex 39.4671 14.3648 163
    endloop
  endfacet
  facet normal 0.90631 0.422613 0
    outer loop
      vertex 39.4671 14.3648 5
      vertex 36.3731 21 0
      vertex 36.3731 21 5
    endloop
  endfacet
  facet normal 0.90631 0.422613 0
    outer loop
      vertex 36.3731 21 0
      vertex 39.4671 14.3648 5
      vertex 39.4671 14.3648 0
    endloop
  endfacet
  facet normal 0.907115 0.420739 0.0110392
    outer loop
      vertex 36.563 20.5927 137.843
      vertex 36.3731 21 137.924
      vertex 36.4041 20.9334 137.915
    endloop
  endfacet
  facet normal 0.906307 0.42262 0
    outer loop
      vertex 36.3731 21 137.924
      vertex 38.3316 16.8 35.087
      vertex 36.3731 21 30.0802
    endloop
  endfacet
  facet normal 0.906335 0.422561 4.93205e-05
    outer loop
      vertex 36.3731 21 137.924
      vertex 36.563 20.5927 137.843
      vertex 38.3271 16.8095 133.109
    endloop
  endfacet
  facet normal 0.906307 0.42262 0
    outer loop
      vertex 36.3731 21 137.924
      vertex 38.3316 16.8 132.891
      vertex 38.3316 16.8 35.087
    endloop
  endfacet
  facet normal 0.906387 0.422448 0.000158628
    outer loop
      vertex 38.3271 16.8095 133.109
      vertex 36.563 20.5927 137.843
      vertex 36.7192 20.2576 137.747
    endloop
  endfacet
  facet normal 0.906445 0.422324 -0.000302162
    outer loop
      vertex 38.3287 16.8061 34.9132
      vertex 36.3731 21 30.0802
      vertex 38.3316 16.8 35.087
    endloop
  endfacet
  facet normal 0.906205 0.422838 -0.000193813
    outer loop
      vertex 38.3271 16.8095 133.109
      vertex 36.7192 20.2576 137.747
      vertex 36.8718 19.9305 137.627
    endloop
  endfacet
  facet normal 0.906327 0.422577 -3.41633e-05
    outer loop
      vertex 36.796 20.093 30.3101
      vertex 36.3731 21 30.0802
      vertex 38.3287 16.8061 34.9132
    endloop
  endfacet
  facet normal 0.906346 0.422536 5.95653e-05
    outer loop
      vertex 38.3271 16.8095 133.109
      vertex 36.8718 19.9305 137.627
      vertex 37.0202 19.6122 137.486
    endloop
  endfacet
  facet normal 0.906359 0.422508 -0.000238174
    outer loop
      vertex 36.3731 21 30.0802
      vertex 36.6415 20.4243 30.2025
      vertex 36.4938 20.7411 30.1235
    endloop
  endfacet
  facet normal 0.906357 0.422513 7.79841e-05
    outer loop
      vertex 38.3271 16.8095 133.109
      vertex 37.0202 19.6122 137.486
      vertex 37.1637 19.3044 137.322
    endloop
  endfacet
  facet normal 0.906425 0.422367 -0.00104613
    outer loop
      vertex 36.3731 21 30.0802
      vertex 36.796 20.093 30.3101
      vertex 36.6415 20.4243 30.2025
    endloop
  endfacet
  facet normal 0.906223 0.4228 -0.000129417
    outer loop
      vertex 38.3271 16.8095 133.109
      vertex 37.1637 19.3044 137.322
      vertex 37.3014 19.0092 137.138
    endloop
  endfacet
  facet normal 0.906263 0.422714 8.42583e-05
    outer loop
      vertex 36.796 20.093 30.3101
      vertex 38.3287 16.8061 34.9132
      vertex 36.9466 19.7701 30.4406
    endloop
  endfacet
  facet normal 0.90641 0.422398 0.000137979
    outer loop
      vertex 38.3271 16.8095 133.109
      vertex 37.3014 19.0092 137.138
      vertex 37.4328 18.7273 136.933
    endloop
  endfacet
  facet normal 0.906384 0.422456 -0.000123997
    outer loop
      vertex 36.9466 19.7701 30.4406
      vertex 38.3287 16.8061 34.9132
      vertex 37.0926 19.4569 30.5933
    endloop
  endfacet
  facet normal 0.906214 0.422819 -0.00011872
    outer loop
      vertex 38.3271 16.8095 133.109
      vertex 37.4328 18.7273 136.933
      vertex 37.5573 18.4604 136.709
    endloop
  endfacet
  facet normal 0.906282 0.422674 3.89863e-05
    outer loop
      vertex 37.0926 19.4569 30.5933
      vertex 38.3287 16.8061 34.9132
      vertex 37.2333 19.1552 30.7676
    endloop
  endfacet
  facet normal 0.906328 0.422574 1.76472e-05
    outer loop
      vertex 38.3271 16.8095 133.109
      vertex 37.5573 18.4604 136.709
      vertex 37.6741 18.2099 136.467
    endloop
  endfacet
  facet normal 0.906158 0.42294 0.00022277
    outer loop
      vertex 37.2333 19.1552 30.7676
      vertex 38.3287 16.8061 34.9132
      vertex 37.368 18.8665 30.9623
    endloop
  endfacet
  facet normal 0.906423 0.422371 0.000121005
    outer loop
      vertex 38.3271 16.8095 133.109
      vertex 37.6741 18.2099 136.467
      vertex 37.7828 17.9767 136.208
    endloop
  endfacet
  facet normal 0.906302 0.422632 2.68603e-05
    outer loop
      vertex 37.368 18.8665 30.9623
      vertex 38.3287 16.8061 34.9132
      vertex 37.496 18.592 31.1767
    endloop
  endfacet
  facet normal 0.906226 0.422794 -8.89418e-05
    outer loop
      vertex 38.3041 16.8588 133.673
      vertex 37.7828 17.9767 136.208
      vertex 37.8828 17.7623 135.934
    endloop
  endfacet
  facet normal 0.90647 0.422271 -0.000182796
    outer loop
      vertex 37.496 18.592 31.1767
      vertex 38.3287 16.8061 34.9132
      vertex 37.6167 18.333 31.4099
    endloop
  endfacet
  facet normal 0.906259 0.422722 -5.40906e-05
    outer loop
      vertex 38.3041 16.8588 133.673
      vertex 37.8828 17.7623 135.934
      vertex 37.9736 17.5676 135.645
    endloop
  endfacet
  facet normal 0.906306 0.422621 2.96281e-06
    outer loop
      vertex 37.6167 18.333 31.4099
      vertex 38.3287 16.8061 34.9132
      vertex 37.7295 18.0911 31.6604
    endloop
  endfacet
  facet normal 0.906173 0.422907 -0.000134813
    outer loop
      vertex 38.3041 16.8588 133.673
      vertex 37.9736 17.5676 135.645
      vertex 38.0549 17.3933 135.343
    endloop
  endfacet
  facet normal 0.906169 0.422917 0.000145022
    outer loop
      vertex 37.7295 18.0911 31.6604
      vertex 38.3287 16.8061 34.9132
      vertex 37.834 17.8671 31.9274
    endloop
  endfacet
  facet normal 0.906291 0.422655 -3.67846e-05
    outer loop
      vertex 38.3041 16.8588 133.673
      vertex 38.0549 17.3933 135.343
      vertex 38.1261 17.2406 135.03
    endloop
  endfacet
  facet normal 0.906622 0.421943 -0.000276076
    outer loop
      vertex 37.834 17.8671 31.9274
      vertex 38.3287 16.8061 34.9132
      vertex 37.9294 17.6623 32.2092
    endloop
  endfacet
  facet normal 0.905821 0.42366 -0.000381082
    outer loop
      vertex 38.3041 16.8588 133.673
      vertex 38.1261 17.2406 135.03
      vertex 38.187 17.1101 134.707
    endloop
  endfacet
  facet normal 0.906075 0.423117 0.000176586
    outer loop
      vertex 37.9294 17.6623 32.2092
      vertex 38.3287 16.8061 34.9132
      vertex 38.0155 17.4778 32.5044
    endloop
  endfacet
  facet normal 0.905644 0.42404 -0.000493493
    outer loop
      vertex 38.3041 16.8588 133.673
      vertex 38.187 17.1101 134.707
      vertex 38.2372 17.0025 134.376
    endloop
  endfacet
  facet normal 0.906243 0.422757 5.41336e-05
    outer loop
      vertex 38.0155 17.4778 32.5044
      vertex 38.3287 16.8061 34.9132
      vertex 38.0918 17.3142 32.8122
    endloop
  endfacet
  facet normal 0.906049 0.423173 -0.000277693
    outer loop
      vertex 38.3041 16.8588 133.673
      vertex 38.2372 17.0025 134.376
      vertex 38.274 16.9235 134.059
    endloop
  endfacet
  facet normal 0.906153 0.42295 0.00011115
    outer loop
      vertex 38.0918 17.3142 32.8122
      vertex 38.3287 16.8061 34.9132
      vertex 38.1579 17.1725 33.1305
    endloop
  endfacet
  facet normal 0.906321 0.422589 2.0815e-05
    outer loop
      vertex 37.7828 17.9767 136.208
      vertex 38.3041 16.8588 133.673
      vertex 38.3271 16.8095 133.109
    endloop
  endfacet
  facet normal 0.906489 0.422229 -6.94056e-05
    outer loop
      vertex 38.1579 17.1725 33.1305
      vertex 38.3287 16.8061 34.9132
      vertex 38.2134 17.0534 33.4576
    endloop
  endfacet
  facet normal 0.906448 0.422317 0.000307359
    outer loop
      vertex 36.3731 21 137.924
      vertex 38.3271 16.8095 133.109
      vertex 38.3316 16.8 132.891
    endloop
  endfacet
  facet normal 0.905965 0.423353 0.000163135
    outer loop
      vertex 38.2134 17.0534 33.4576
      vertex 38.3287 16.8061 34.9132
      vertex 38.2582 16.9574 33.7927
    endloop
  endfacet
  facet normal 0.906195 0.42286 8.21085e-05
    outer loop
      vertex 38.2582 16.9574 33.7927
      vertex 38.3287 16.8061 34.9132
      vertex 38.292 16.8849 34.1334
    endloop
  endfacet
  facet normal 0.905009 0.425392 0.000393777
    outer loop
      vertex 38.292 16.8849 34.1334
      vertex 38.3287 16.8061 34.9132
      vertex 38.3146 16.8365 34.4782
    endloop
  endfacet
  facet normal 0.965927 0.258816 0
    outer loop
      vertex 41.3619 7.29322 5
      vertex 39.4671 14.3648 0
      vertex 39.4671 14.3648 5
    endloop
  endfacet
  facet normal 0.965927 0.258816 0
    outer loop
      vertex 39.4671 14.3648 0
      vertex 41.3619 7.29322 5
      vertex 41.3619 7.29322 0
    endloop
  endfacet
  facet normal 0.965927 0.258816 0
    outer loop
      vertex 41.3619 7.29322 168
      vertex 39.4671 14.3648 163
      vertex 39.4671 14.3648 168
    endloop
  endfacet
  facet normal 0.965927 0.258816 0
    outer loop
      vertex 39.4671 14.3648 163
      vertex 41.3619 7.29322 168
      vertex 41.3619 7.29322 163
    endloop
  endfacet
  facet normal 0.819153 0.573575 0
    outer loop
      vertex 36.3731 21 5
      vertex 32.1739 26.9971 0
      vertex 32.1739 26.9971 5
    endloop
  endfacet
  facet normal 0.819153 0.573575 0
    outer loop
      vertex 32.1739 26.9971 0
      vertex 36.3731 21 5
      vertex 36.3731 21 0
    endloop
  endfacet
  facet normal 0.819153 0.573575 0
    outer loop
      vertex 36.3731 21 168
      vertex 32.1739 26.9971 163
      vertex 32.1739 26.9971 168
    endloop
  endfacet
  facet normal 0.819153 0.573575 0
    outer loop
      vertex 32.1739 26.9971 163
      vertex 36.3731 21 168
      vertex 36.3731 21 163
    endloop
  endfacet
  facet normal 0.819153 0.573575 0
    outer loop
      vertex 36.3731 21 30.0802
      vertex 32.1739 26.9971 30
      vertex 32.1739 26.9971 138
    endloop
  endfacet
  facet normal 0.819154 0.573573 0.000228661
    outer loop
      vertex 36.3731 21 137.924
      vertex 32.1739 26.9971 138
      vertex 35.752 21.887 138
    endloop
  endfacet
  facet normal 0.819142 0.573591 -7.47809e-05
    outer loop
      vertex 36.3731 21 137.924
      vertex 35.752 21.887 138
      vertex 35.8737 21.7132 137.994
    endloop
  endfacet
  facet normal 0.819153 0.573575 -0
    outer loop
      vertex 36.3731 21 30.0802
      vertex 32.1739 26.9971 138
      vertex 36.3731 21 137.924
    endloop
  endfacet
  facet normal 0.819138 0.573596 -0.000155613
    outer loop
      vertex 36.3731 21 137.924
      vertex 35.8737 21.7132 137.994
      vertex 36.1783 21.2782 137.964
    endloop
  endfacet
  facet normal 0.819156 0.57357 -0.000524226
    outer loop
      vertex 32.1739 26.9971 30
      vertex 36.3731 21 30.0802
      vertex 35.7365 21.9091 30
    endloop
  endfacet
  facet normal 0.819187 0.573526 -0.00127361
    outer loop
      vertex 35.7365 21.9091 30
      vertex 36.3731 21 30.0802
      vertex 35.889 21.6913 30.0095
    endloop
  endfacet
  facet normal 0.819196 0.573512 -0.00146559
    outer loop
      vertex 35.889 21.6913 30.0095
      vertex 36.3731 21 30.0802
      vertex 36.2838 21.1275 30.0588
    endloop
  endfacet
  facet normal 0.422613 0.90631 -0
    outer loop
      vertex 21 36.3731 160
      vertex 14.3648 39.4671 168
      vertex 21 36.3731 168
    endloop
  endfacet
  facet normal 0.422613 0.90631 0
    outer loop
      vertex 14.3648 39.4671 168
      vertex 21 36.3731 160
      vertex 14.3648 39.4671 160
    endloop
  endfacet
  facet normal 0.422613 0.90631 -1.3732e-06
    outer loop
      vertex 21 36.3731 150
      vertex 17.549 37.9823 147
      vertex 14.3648 39.4671 150
    endloop
  endfacet
  facet normal 0.422612 0.906311 0
    outer loop
      vertex 21 36.3731 150
      vertex 17.549 37.9823 133
      vertex 17.549 37.9823 147
    endloop
  endfacet
  facet normal 0.422614 0.90631 0
    outer loop
      vertex 17.549 37.9823 133
      vertex 17.549 37.9823 115
      vertex 14.3648 39.4671 133
    endloop
  endfacet
  facet normal 0.422612 0.906311 0
    outer loop
      vertex 21 36.3731 150
      vertex 17.549 37.9823 115
      vertex 17.549 37.9823 133
    endloop
  endfacet
  facet normal 0.422612 0.906311 0
    outer loop
      vertex 21 36.3731 150
      vertex 17.549 37.9823 101
      vertex 17.549 37.9823 115
    endloop
  endfacet
  facet normal 0.422614 0.90631 0
    outer loop
      vertex 17.549 37.9823 101
      vertex 17.549 37.9823 79
      vertex 14.3648 39.4671 101
    endloop
  endfacet
  facet normal 0.422612 0.906311 0
    outer loop
      vertex 21 36.3731 150
      vertex 17.549 37.9823 79
      vertex 17.549 37.9823 101
    endloop
  endfacet
  facet normal 0.422612 0.906311 0
    outer loop
      vertex 21 36.3731 150
      vertex 17.549 37.9823 65
      vertex 17.549 37.9823 79
    endloop
  endfacet
  facet normal 0.422614 0.90631 0
    outer loop
      vertex 17.549 37.9823 65
      vertex 17.549 37.9823 43
      vertex 14.3648 39.4671 65
    endloop
  endfacet
  facet normal 0.422612 0.906311 -0
    outer loop
      vertex 21 36.3731 0
      vertex 17.549 37.9823 65
      vertex 21 36.3731 150
    endloop
  endfacet
  facet normal 0.422612 0.906311 0
    outer loop
      vertex 17.549 37.9823 65
      vertex 21 36.3731 0
      vertex 17.549 37.9823 43
    endloop
  endfacet
  facet normal 0.422612 0.906311 0
    outer loop
      vertex 17.549 37.9823 43
      vertex 21 36.3731 0
      vertex 17.549 37.9823 29
    endloop
  endfacet
  facet normal 0.422613 0.90631 1.42055e-07
    outer loop
      vertex 14.3648 39.4671 0
      vertex 17.549 37.9823 29
      vertex 21 36.3731 0
    endloop
  endfacet
  facet normal 0.422614 0.90631 0
    outer loop
      vertex 17.549 37.9823 29
      vertex 14.3648 39.4671 0
      vertex 14.3648 39.4671 29
    endloop
  endfacet
  facet normal 0.422614 0.90631 0
    outer loop
      vertex 14.3648 39.4671 150
      vertex 17.549 37.9823 147
      vertex 14.3648 39.4671 147
    endloop
  endfacet
  facet normal 0.422614 0.90631 0
    outer loop
      vertex 14.3648 39.4671 133
      vertex 17.549 37.9823 115
      vertex 14.3648 39.4671 115
    endloop
  endfacet
  facet normal 0.422614 0.90631 0
    outer loop
      vertex 14.3648 39.4671 101
      vertex 17.549 37.9823 79
      vertex 14.3648 39.4671 79
    endloop
  endfacet
  facet normal 0.422614 0.90631 0
    outer loop
      vertex 14.3648 39.4671 65
      vertex 17.549 37.9823 43
      vertex 14.3648 39.4671 43
    endloop
  endfacet
  facet normal 0.258816 0.965927 0
    outer loop
      vertex 14.3648 39.4671 29
      vertex 14.3648 39.4671 0
      vertex 10.9712 40.3764 29
    endloop
  endfacet
  facet normal 0.258816 0.965927 0
    outer loop
      vertex 14.3648 39.4671 65
      vertex 14.3648 39.4671 43
      vertex 10.9712 40.3764 65
    endloop
  endfacet
  facet normal 0.258816 0.965927 0
    outer loop
      vertex 14.3648 39.4671 101
      vertex 14.3648 39.4671 79
      vertex 10.9712 40.3764 101
    endloop
  endfacet
  facet normal 0.258816 0.965927 0
    outer loop
      vertex 14.3648 39.4671 133
      vertex 14.3648 39.4671 115
      vertex 10.9712 40.3764 133
    endloop
  endfacet
  facet normal 0.258816 0.965927 0
    outer loop
      vertex 10.9712 40.3764 147
      vertex 14.3648 39.4671 150
      vertex 14.3648 39.4671 147
    endloop
  endfacet
  facet normal 0.258816 0.965927 -2.54336e-07
    outer loop
      vertex 14.3648 39.4671 150
      vertex 10.9712 40.3764 147
      vertex 7.29322 41.3619 150
    endloop
  endfacet
  facet normal 0.258816 0.965927 -0
    outer loop
      vertex 10.9712 40.3764 133
      vertex 7.29322 41.3619 150
      vertex 10.9712 40.3764 147
    endloop
  endfacet
  facet normal 0.258816 0.965927 -0
    outer loop
      vertex 10.9712 40.3764 115
      vertex 10.9712 40.3764 133
      vertex 14.3648 39.4671 115
    endloop
  endfacet
  facet normal 0.258816 0.965927 0
    outer loop
      vertex 10.9712 40.3764 133
      vertex 10.9712 40.3764 115
      vertex 7.29322 41.3619 150
    endloop
  endfacet
  facet normal 0.258816 0.965927 -0
    outer loop
      vertex 10.9712 40.3764 101
      vertex 7.29322 41.3619 150
      vertex 10.9712 40.3764 115
    endloop
  endfacet
  facet normal 0.258816 0.965927 -0
    outer loop
      vertex 10.9712 40.3764 79
      vertex 10.9712 40.3764 101
      vertex 14.3648 39.4671 79
    endloop
  endfacet
  facet normal 0.258816 0.965927 -0
    outer loop
      vertex 10.9712 40.3764 79
      vertex 7.29322 41.3619 150
      vertex 10.9712 40.3764 101
    endloop
  endfacet
  facet normal 0.258816 0.965927 -0
    outer loop
      vertex 10.9712 40.3764 65
      vertex 7.29322 41.3619 150
      vertex 10.9712 40.3764 79
    endloop
  endfacet
  facet normal 0.258816 0.965927 -0
    outer loop
      vertex 10.9712 40.3764 43
      vertex 10.9712 40.3764 65
      vertex 14.3648 39.4671 43
    endloop
  endfacet
  facet normal 0.258816 0.965927 0
    outer loop
      vertex 7.29322 41.3619 0
      vertex 10.9712 40.3764 65
      vertex 10.9712 40.3764 43
    endloop
  endfacet
  facet normal 0.258816 0.965927 0
    outer loop
      vertex 7.29322 41.3619 0
      vertex 10.9712 40.3764 43
      vertex 10.9712 40.3764 29
    endloop
  endfacet
  facet normal 0.258816 0.965927 0
    outer loop
      vertex 10.9712 40.3764 65
      vertex 7.29322 41.3619 0
      vertex 7.29322 41.3619 150
    endloop
  endfacet
  facet normal 0.258816 0.965927 2.63106e-08
    outer loop
      vertex 7.29322 41.3619 0
      vertex 10.9712 40.3764 29
      vertex 14.3648 39.4671 0
    endloop
  endfacet
  facet normal 0.258816 0.965927 -0
    outer loop
      vertex 14.3648 39.4671 160
      vertex 7.29322 41.3619 168
      vertex 14.3648 39.4671 168
    endloop
  endfacet
  facet normal 0.258816 0.965927 0
    outer loop
      vertex 7.29322 41.3619 168
      vertex 14.3648 39.4671 160
      vertex 7.29322 41.3619 160
    endloop
  endfacet
  facet normal 0.573577 0.819152 0
    outer loop
      vertex 26.9971 32.1739 29
      vertex 26.9971 32.1739 0
      vertex 24.1191 34.1891 29
    endloop
  endfacet
  facet normal 0.573577 0.819152 0
    outer loop
      vertex 26.9971 32.1739 65
      vertex 26.9971 32.1739 43
      vertex 24.1191 34.1891 65
    endloop
  endfacet
  facet normal 0.573577 0.819152 0
    outer loop
      vertex 26.9971 32.1739 101
      vertex 26.9971 32.1739 79
      vertex 24.1191 34.1891 101
    endloop
  endfacet
  facet normal 0.573577 0.819152 0
    outer loop
      vertex 26.9971 32.1739 133
      vertex 26.9971 32.1739 115
      vertex 24.1191 34.1891 133
    endloop
  endfacet
  facet normal 0.573577 0.819152 0
    outer loop
      vertex 24.1191 34.1891 147
      vertex 26.9971 32.1739 150
      vertex 26.9971 32.1739 147
    endloop
  endfacet
  facet normal 0.573575 0.819153 2.65534e-06
    outer loop
      vertex 26.9971 32.1739 150
      vertex 24.1191 34.1891 147
      vertex 21 36.3731 150
    endloop
  endfacet
  facet normal 0.573573 0.819154 -0
    outer loop
      vertex 24.1191 34.1891 133
      vertex 21 36.3731 150
      vertex 24.1191 34.1891 147
    endloop
  endfacet
  facet normal 0.573577 0.819152 -0
    outer loop
      vertex 24.1191 34.1891 115
      vertex 24.1191 34.1891 133
      vertex 26.9971 32.1739 115
    endloop
  endfacet
  facet normal 0.573573 0.819154 0
    outer loop
      vertex 24.1191 34.1891 133
      vertex 24.1191 34.1891 115
      vertex 21 36.3731 150
    endloop
  endfacet
  facet normal 0.573573 0.819154 -0
    outer loop
      vertex 24.1191 34.1891 101
      vertex 21 36.3731 150
      vertex 24.1191 34.1891 115
    endloop
  endfacet
  facet normal 0.573577 0.819152 -0
    outer loop
      vertex 24.1191 34.1891 79
      vertex 24.1191 34.1891 101
      vertex 26.9971 32.1739 79
    endloop
  endfacet
  facet normal 0.573573 0.819154 -0
    outer loop
      vertex 24.1191 34.1891 79
      vertex 21 36.3731 150
      vertex 24.1191 34.1891 101
    endloop
  endfacet
  facet normal 0.573573 0.819154 -0
    outer loop
      vertex 24.1191 34.1891 65
      vertex 21 36.3731 150
      vertex 24.1191 34.1891 79
    endloop
  endfacet
  facet normal 0.573577 0.819152 -0
    outer loop
      vertex 24.1191 34.1891 43
      vertex 24.1191 34.1891 65
      vertex 26.9971 32.1739 43
    endloop
  endfacet
  facet normal 0.573573 0.819154 0
    outer loop
      vertex 21 36.3731 0
      vertex 24.1191 34.1891 65
      vertex 24.1191 34.1891 43
    endloop
  endfacet
  facet normal 0.573573 0.819154 0
    outer loop
      vertex 21 36.3731 0
      vertex 24.1191 34.1891 43
      vertex 24.1191 34.1891 29
    endloop
  endfacet
  facet normal 0.573573 0.819154 0
    outer loop
      vertex 24.1191 34.1891 65
      vertex 21 36.3731 0
      vertex 21 36.3731 150
    endloop
  endfacet
  facet normal 0.573575 0.819153 -2.7469e-07
    outer loop
      vertex 21 36.3731 0
      vertex 24.1191 34.1891 29
      vertex 26.9971 32.1739 0
    endloop
  endfacet
  facet normal 0.573575 0.819153 -0
    outer loop
      vertex 26.9971 32.1739 160
      vertex 21 36.3731 168
      vertex 26.9971 32.1739 168
    endloop
  endfacet
  facet normal 0.573575 0.819153 0
    outer loop
      vertex 21 36.3731 168
      vertex 26.9971 32.1739 160
      vertex 21 36.3731 160
    endloop
  endfacet
  facet normal -0.819153 0.573575 0
    outer loop
      vertex -36.3731 21 0
      vertex -32.1739 26.9971 5
      vertex -32.1739 26.9971 0
    endloop
  endfacet
  facet normal -0.819153 0.573575 0
    outer loop
      vertex -32.1739 26.9971 5
      vertex -36.3731 21 0
      vertex -36.3731 21 5
    endloop
  endfacet
  facet normal -0.819153 0.573575 0
    outer loop
      vertex -36.3731 21 163
      vertex -32.1739 26.9971 168
      vertex -32.1739 26.9971 163
    endloop
  endfacet
  facet normal -0.819153 0.573575 0
    outer loop
      vertex -32.1739 26.9971 168
      vertex -36.3731 21 163
      vertex -36.3731 21 168
    endloop
  endfacet
  facet normal -0.819156 0.57357 -0.000524226
    outer loop
      vertex -36.3731 21 30.0802
      vertex -32.1739 26.9971 30
      vertex -35.7365 21.9091 30
    endloop
  endfacet
  facet normal -0.819153 0.573575 0
    outer loop
      vertex -32.1739 26.9971 30
      vertex -36.3731 21 30.0802
      vertex -32.1739 26.9971 138
    endloop
  endfacet
  facet normal -0.819154 0.573573 0.000228661
    outer loop
      vertex -32.1739 26.9971 138
      vertex -36.3731 21 137.924
      vertex -35.752 21.887 138
    endloop
  endfacet
  facet normal -0.819187 0.573526 -0.00127361
    outer loop
      vertex -36.3731 21 30.0802
      vertex -35.7365 21.9091 30
      vertex -35.889 21.6913 30.0095
    endloop
  endfacet
  facet normal -0.819142 0.573591 -7.47809e-05
    outer loop
      vertex -35.752 21.887 138
      vertex -36.3731 21 137.924
      vertex -35.8737 21.7132 137.994
    endloop
  endfacet
  facet normal -0.819196 0.573512 -0.00146559
    outer loop
      vertex -36.3731 21 30.0802
      vertex -35.889 21.6913 30.0095
      vertex -36.2838 21.1275 30.0588
    endloop
  endfacet
  facet normal -0.819153 0.573575 0
    outer loop
      vertex -32.1739 26.9971 138
      vertex -36.3731 21 30.0802
      vertex -36.3731 21 137.924
    endloop
  endfacet
  facet normal -0.819138 0.573596 -0.000155613
    outer loop
      vertex -35.8737 21.7132 137.994
      vertex -36.3731 21 137.924
      vertex -36.1783 21.2782 137.964
    endloop
  endfacet
  facet normal -0.707142 0.707072 0
    outer loop
      vertex -26.9971 32.1739 0
      vertex -28 31.1709 5
      vertex -26.9971 32.1739 29
    endloop
  endfacet
  facet normal -0.707107 0.707107 1.41421e-05
    outer loop
      vertex -32.1739 26.9971 0
      vertex -28 31.1709 5
      vertex -26.9971 32.1739 0
    endloop
  endfacet
  facet normal -0.707098 0.707115 0
    outer loop
      vertex -28 31.1709 5
      vertex -32.1739 26.9971 0
      vertex -32.1739 26.9971 5
    endloop
  endfacet
  facet normal -0.707142 0.707072 0
    outer loop
      vertex -26.9971 32.1739 29
      vertex -28 31.1709 5
      vertex -28 31.1709 29
    endloop
  endfacet
  facet normal -0.707142 0.707072 0
    outer loop
      vertex -28 31.1709 163
      vertex -26.9971 32.1739 160
      vertex -28 31.1709 160
    endloop
  endfacet
  facet normal -0.707142 0.707072 0
    outer loop
      vertex -26.9971 32.1739 160
      vertex -28 31.1709 163
      vertex -26.9971 32.1739 168
    endloop
  endfacet
  facet normal -0.707098 0.707115 0
    outer loop
      vertex -32.1739 26.9971 168
      vertex -28 31.1709 163
      vertex -32.1739 26.9971 163
    endloop
  endfacet
  facet normal -0.707107 0.707107 -1.41421e-05
    outer loop
      vertex -28 31.1709 163
      vertex -32.1739 26.9971 168
      vertex -26.9971 32.1739 168
    endloop
  endfacet
  facet normal -0.707142 0.707072 0
    outer loop
      vertex -28 31.1709 147
      vertex -26.9971 32.1739 150
      vertex -26.9971 32.1739 147
    endloop
  endfacet
  facet normal -0.707142 0.707072 0
    outer loop
      vertex -26.9971 32.1739 150
      vertex -28 31.1709 147
      vertex -28 31.1709 150
    endloop
  endfacet
  facet normal -0.707094 0.70712 0
    outer loop
      vertex -32.1739 26.9971 30
      vertex -29.4814 29.6895 43
      vertex -29.4814 29.6895 30
    endloop
  endfacet
  facet normal -0.707094 0.70712 0
    outer loop
      vertex -29.4814 29.6895 43
      vertex -32.1739 26.9971 30
      vertex -29.4814 29.6895 65
    endloop
  endfacet
  facet normal -0.707094 0.70712 0
    outer loop
      vertex -29.4814 29.6895 65
      vertex -32.1739 26.9971 30
      vertex -29.4814 29.6895 79
    endloop
  endfacet
  facet normal -0.707094 0.70712 0
    outer loop
      vertex -32.1739 26.9971 138
      vertex -29.4814 29.6895 79
      vertex -32.1739 26.9971 30
    endloop
  endfacet
  facet normal -0.707094 0.70712 0
    outer loop
      vertex -29.4814 29.6895 79
      vertex -32.1739 26.9971 138
      vertex -29.4814 29.6895 101
    endloop
  endfacet
  facet normal -0.707094 0.70712 0
    outer loop
      vertex -29.4814 29.6895 101
      vertex -32.1739 26.9971 138
      vertex -29.4814 29.6895 115
    endloop
  endfacet
  facet normal -0.707094 0.70712 0
    outer loop
      vertex -29.4814 29.6895 115
      vertex -32.1739 26.9971 138
      vertex -29.4814 29.6895 133
    endloop
  endfacet
  facet normal -0.707094 0.70712 0
    outer loop
      vertex -29.4814 29.6895 133
      vertex -32.1739 26.9971 138
      vertex -29.4814 29.6895 138
    endloop
  endfacet
  facet normal -0.707121 0.707093 0
    outer loop
      vertex -29.4814 29.6895 43
      vertex -26.9971 32.1739 65
      vertex -26.9971 32.1739 43
    endloop
  endfacet
  facet normal -0.707121 0.707093 0
    outer loop
      vertex -26.9971 32.1739 65
      vertex -29.4814 29.6895 43
      vertex -29.4814 29.6895 65
    endloop
  endfacet
  facet normal -0.707121 0.707093 0
    outer loop
      vertex -29.4814 29.6895 79
      vertex -26.9971 32.1739 101
      vertex -26.9971 32.1739 79
    endloop
  endfacet
  facet normal -0.707121 0.707093 0
    outer loop
      vertex -26.9971 32.1739 101
      vertex -29.4814 29.6895 79
      vertex -29.4814 29.6895 101
    endloop
  endfacet
  facet normal -0.707121 0.707093 0
    outer loop
      vertex -29.4814 29.6895 115
      vertex -26.9971 32.1739 133
      vertex -26.9971 32.1739 115
    endloop
  endfacet
  facet normal -0.707121 0.707093 0
    outer loop
      vertex -26.9971 32.1739 133
      vertex -29.4814 29.6895 115
      vertex -29.4814 29.6895 133
    endloop
  endfacet
  facet normal 0 0 -1
    outer loop
      vertex 41.3619 -7.29322 168
      vertex 46 0 168
      vertex 44.8467 -10.236 168
    endloop
  endfacet
  facet normal 0 0 -1
    outer loop
      vertex 41.3619 7.29322 168
      vertex 46 0 168
      vertex 42 0 168
    endloop
  endfacet
  facet normal 0 0 -1
    outer loop
      vertex 39.4671 -14.3648 168
      vertex 44.8467 -10.236 168
      vertex 41.4446 -19.9587 168
    endloop
  endfacet
  facet normal -0 0 -1
    outer loop
      vertex 46 0 168
      vertex 41.3619 -7.29322 168
      vertex 42 0 168
    endloop
  endfacet
  facet normal -0 0 -1
    outer loop
      vertex 44.8467 -10.236 168
      vertex 39.4671 -14.3648 168
      vertex 41.3619 -7.29322 168
    endloop
  endfacet
  facet normal -0 0 -1
    outer loop
      vertex 41.4446 -19.9587 168
      vertex 36.3731 -21 168
      vertex 39.4671 -14.3648 168
    endloop
  endfacet
  facet normal 0 0 -1
    outer loop
      vertex 35.9642 -28.6805 168
      vertex 36.3731 -21 168
      vertex 41.4446 -19.9587 168
    endloop
  endfacet
  facet normal 0 0 -1
    outer loop
      vertex 35.9642 -28.6805 168
      vertex 32.1739 -26.9971 168
      vertex 36.3731 -21 168
    endloop
  endfacet
  facet normal 0 0 -1
    outer loop
      vertex 28.6805 -35.9642 168
      vertex 32.1739 -26.9971 168
      vertex 35.9642 -28.6805 168
    endloop
  endfacet
  facet normal 0 0 -1
    outer loop
      vertex 28.6805 -35.9642 168
      vertex 26.9971 -32.1739 168
      vertex 32.1739 -26.9971 168
    endloop
  endfacet
  facet normal -0 0 -1
    outer loop
      vertex 28.6805 -35.9642 168
      vertex 21 -36.3731 168
      vertex 26.9971 -32.1739 168
    endloop
  endfacet
  facet normal 0 0 -1
    outer loop
      vertex 19.9587 -41.4446 168
      vertex 21 -36.3731 168
      vertex 28.6805 -35.9642 168
    endloop
  endfacet
  facet normal 0 0 -1
    outer loop
      vertex 19.9587 -41.4446 168
      vertex 14.3648 -39.4671 168
      vertex 21 -36.3731 168
    endloop
  endfacet
  facet normal 0 0 -1
    outer loop
      vertex 10.236 -44.8467 168
      vertex 14.3648 -39.4671 168
      vertex 19.9587 -41.4446 168
    endloop
  endfacet
  facet normal 0 0 -1
    outer loop
      vertex 10.236 -44.8467 168
      vertex 7.29322 -41.3619 168
      vertex 14.3648 -39.4671 168
    endloop
  endfacet
  facet normal 0 0 -1
    outer loop
      vertex 0 -46 168
      vertex 7.29322 -41.3619 168
      vertex 10.236 -44.8467 168
    endloop
  endfacet
  facet normal 0 0 -1
    outer loop
      vertex 0 -46 168
      vertex 0 -42 168
      vertex 7.29322 -41.3619 168
    endloop
  endfacet
  facet normal 0 0 -1
    outer loop
      vertex 0 -46 168
      vertex -7.29322 -41.3619 168
      vertex 0 -42 168
    endloop
  endfacet
  facet normal 0 0 -1
    outer loop
      vertex -10.236 -44.8467 168
      vertex -7.29322 -41.3619 168
      vertex 0 -46 168
    endloop
  endfacet
  facet normal 0 0 -1
    outer loop
      vertex -10.236 -44.8467 168
      vertex -14.3648 -39.4671 168
      vertex -7.29322 -41.3619 168
    endloop
  endfacet
  facet normal 0 0 -1
    outer loop
      vertex -19.9587 -41.4446 168
      vertex -14.3648 -39.4671 168
      vertex -10.236 -44.8467 168
    endloop
  endfacet
  facet normal 0 0 -1
    outer loop
      vertex -19.9587 -41.4446 168
      vertex -21 -36.3731 168
      vertex -14.3648 -39.4671 168
    endloop
  endfacet
  facet normal 0 0 -1
    outer loop
      vertex -28.6805 -35.9642 168
      vertex -21 -36.3731 168
      vertex -19.9587 -41.4446 168
    endloop
  endfacet
  facet normal 0 0 -1
    outer loop
      vertex -21 -36.3731 168
      vertex -28.6805 -35.9642 168
      vertex -26.9971 -32.1739 168
    endloop
  endfacet
  facet normal 0 0 -1
    outer loop
      vertex -28.6805 -35.9642 168
      vertex -32.1739 -26.9971 168
      vertex -26.9971 -32.1739 168
    endloop
  endfacet
  facet normal 0 0 -1
    outer loop
      vertex -35.9642 -28.6805 168
      vertex -32.1739 -26.9971 168
      vertex -28.6805 -35.9642 168
    endloop
  endfacet
  facet normal 0 0 -1
    outer loop
      vertex -35.9642 -28.6805 168
      vertex -36.3731 -21 168
      vertex -32.1739 -26.9971 168
    endloop
  endfacet
  facet normal 0 0 -1
    outer loop
      vertex -41.4446 -19.9587 168
      vertex -36.3731 -21 168
      vertex -35.9642 -28.6805 168
    endloop
  endfacet
  facet normal 0 0 -1
    outer loop
      vertex -36.3731 -21 168
      vertex -41.4446 -19.9587 168
      vertex -39.4671 -14.3648 168
    endloop
  endfacet
  facet normal 0 0 -1
    outer loop
      vertex -44.8467 -10.236 168
      vertex -39.4671 -14.3648 168
      vertex -41.4446 -19.9587 168
    endloop
  endfacet
  facet normal 0 0 -1
    outer loop
      vertex -39.4671 -14.3648 168
      vertex -44.8467 -10.236 168
      vertex -41.3619 -7.29322 168
    endloop
  endfacet
  facet normal 0 0 -1
    outer loop
      vertex -46 0 168
      vertex -41.3619 -7.29322 168
      vertex -44.8467 -10.236 168
    endloop
  endfacet
  facet normal 0 0 -1
    outer loop
      vertex 46 0 168
      vertex 41.3619 7.29322 168
      vertex 44.8467 10.236 168
    endloop
  endfacet
  facet normal 0 0 -1
    outer loop
      vertex 39.4671 14.3648 168
      vertex 44.8467 10.236 168
      vertex 41.3619 7.29322 168
    endloop
  endfacet
  facet normal 0 0 -1
    outer loop
      vertex 44.8467 10.236 168
      vertex 39.4671 14.3648 168
      vertex 41.4446 19.9587 168
    endloop
  endfacet
  facet normal 0 0 -1
    outer loop
      vertex 36.3731 21 168
      vertex 41.4446 19.9587 168
      vertex 39.4671 14.3648 168
    endloop
  endfacet
  facet normal 0 0 -1
    outer loop
      vertex 36.3731 21 168
      vertex 35.9642 28.6805 168
      vertex 41.4446 19.9587 168
    endloop
  endfacet
  facet normal 0 0 -1
    outer loop
      vertex 32.1739 26.9971 168
      vertex 35.9642 28.6805 168
      vertex 36.3731 21 168
    endloop
  endfacet
  facet normal 0 0 -1
    outer loop
      vertex 32.1739 26.9971 168
      vertex 28.6805 35.9642 168
      vertex 35.9642 28.6805 168
    endloop
  endfacet
  facet normal 0 0 -1
    outer loop
      vertex 26.9971 32.1739 168
      vertex 28.6805 35.9642 168
      vertex 32.1739 26.9971 168
    endloop
  endfacet
  facet normal 0 0 -1
    outer loop
      vertex 21 36.3731 168
      vertex 28.6805 35.9642 168
      vertex 26.9971 32.1739 168
    endloop
  endfacet
  facet normal 0 0 -1
    outer loop
      vertex 21 36.3731 168
      vertex 19.9587 41.4446 168
      vertex 28.6805 35.9642 168
    endloop
  endfacet
  facet normal 0 0 -1
    outer loop
      vertex 14.3648 39.4671 168
      vertex 19.9587 41.4446 168
      vertex 21 36.3731 168
    endloop
  endfacet
  facet normal 0 0 -1
    outer loop
      vertex 14.3648 39.4671 168
      vertex 10.236 44.8467 168
      vertex 19.9587 41.4446 168
    endloop
  endfacet
  facet normal 0 0 -1
    outer loop
      vertex 7.29322 41.3619 168
      vertex 10.236 44.8467 168
      vertex 14.3648 39.4671 168
    endloop
  endfacet
  facet normal 0 0 -1
    outer loop
      vertex 0 46 168
      vertex 7.29322 41.3619 168
      vertex 0 42 168
    endloop
  endfacet
  facet normal 0 0 -1
    outer loop
      vertex 7.29322 41.3619 168
      vertex 0 46 168
      vertex 10.236 44.8467 168
    endloop
  endfacet
  facet normal 0 0 -1
    outer loop
      vertex -7.29322 41.3619 168
      vertex 0 46 168
      vertex 0 42 168
    endloop
  endfacet
  facet normal 0 0 -1
    outer loop
      vertex -7.29322 41.3619 168
      vertex -10.236 44.8467 168
      vertex 0 46 168
    endloop
  endfacet
  facet normal 0 0 -1
    outer loop
      vertex -14.3648 39.4671 168
      vertex -10.236 44.8467 168
      vertex -7.29322 41.3619 168
    endloop
  endfacet
  facet normal 0 0 -1
    outer loop
      vertex -14.3648 39.4671 168
      vertex -19.9587 41.4446 168
      vertex -10.236 44.8467 168
    endloop
  endfacet
  facet normal 0 0 -1
    outer loop
      vertex -21 36.3731 168
      vertex -19.9587 41.4446 168
      vertex -14.3648 39.4671 168
    endloop
  endfacet
  facet normal 0 0 -1
    outer loop
      vertex -28.6805 35.9642 168
      vertex -21 36.3731 168
      vertex -26.9971 32.1739 168
    endloop
  endfacet
  facet normal -0 0 -1
    outer loop
      vertex -21 36.3731 168
      vertex -28.6805 35.9642 168
      vertex -19.9587 41.4446 168
    endloop
  endfacet
  facet normal 0 0 -1
    outer loop
      vertex -32.1739 26.9971 168
      vertex -28.6805 35.9642 168
      vertex -26.9971 32.1739 168
    endloop
  endfacet
  facet normal 0 0 -1
    outer loop
      vertex -32.1739 26.9971 168
      vertex -35.9642 28.6805 168
      vertex -28.6805 35.9642 168
    endloop
  endfacet
  facet normal 0 0 -1
    outer loop
      vertex -36.3731 21 168
      vertex -35.9642 28.6805 168
      vertex -32.1739 26.9971 168
    endloop
  endfacet
  facet normal 0 0 -1
    outer loop
      vertex -41.4446 19.9587 168
      vertex -36.3731 21 168
      vertex -39.4671 14.3648 168
    endloop
  endfacet
  facet normal 0 0 -1
    outer loop
      vertex -44.8467 10.236 168
      vertex -39.4671 14.3648 168
      vertex -41.3619 7.29322 168
    endloop
  endfacet
  facet normal -0 0 -1
    outer loop
      vertex -36.3731 21 168
      vertex -41.4446 19.9587 168
      vertex -35.9642 28.6805 168
    endloop
  endfacet
  facet normal 0 0 -1
    outer loop
      vertex -46 0 168
      vertex -41.3619 7.29322 168
      vertex -42 0 168
    endloop
  endfacet
  facet normal 0 0 -1
    outer loop
      vertex -41.3619 -7.29322 168
      vertex -46 0 168
      vertex -42 0 168
    endloop
  endfacet
  facet normal -0 0 -1
    outer loop
      vertex -39.4671 14.3648 168
      vertex -44.8467 10.236 168
      vertex -41.4446 19.9587 168
    endloop
  endfacet
  facet normal -0 0 -1
    outer loop
      vertex -41.3619 7.29322 168
      vertex -46 0 168
      vertex -44.8467 10.236 168
    endloop
  endfacet
  facet normal -0.422614 0.90631 0
    outer loop
      vertex -14.3648 39.4671 29
      vertex -14.3648 39.4671 0
      vertex -17.549 37.9823 29
    endloop
  endfacet
  facet normal -0.422614 0.90631 0
    outer loop
      vertex -14.3648 39.4671 65
      vertex -14.3648 39.4671 43
      vertex -17.549 37.9823 65
    endloop
  endfacet
  facet normal -0.422614 0.90631 0
    outer loop
      vertex -14.3648 39.4671 101
      vertex -14.3648 39.4671 79
      vertex -17.549 37.9823 101
    endloop
  endfacet
  facet normal -0.422614 0.90631 0
    outer loop
      vertex -14.3648 39.4671 133
      vertex -14.3648 39.4671 115
      vertex -17.549 37.9823 133
    endloop
  endfacet
  facet normal -0.422614 0.90631 0
    outer loop
      vertex -17.549 37.9823 147
      vertex -14.3648 39.4671 150
      vertex -14.3648 39.4671 147
    endloop
  endfacet
  facet normal -0.422613 0.90631 -1.3732e-06
    outer loop
      vertex -14.3648 39.4671 150
      vertex -17.549 37.9823 147
      vertex -21 36.3731 150
    endloop
  endfacet
  facet normal -0.422612 0.906311 0
    outer loop
      vertex -17.549 37.9823 133
      vertex -21 36.3731 150
      vertex -17.549 37.9823 147
    endloop
  endfacet
  facet normal -0.422614 0.90631 0
    outer loop
      vertex -17.549 37.9823 115
      vertex -17.549 37.9823 133
      vertex -14.3648 39.4671 115
    endloop
  endfacet
  facet normal -0.422612 0.906311 0
    outer loop
      vertex -17.549 37.9823 133
      vertex -17.549 37.9823 115
      vertex -21 36.3731 150
    endloop
  endfacet
  facet normal -0.422612 0.906311 0
    outer loop
      vertex -17.549 37.9823 101
      vertex -21 36.3731 150
      vertex -17.549 37.9823 115
    endloop
  endfacet
  facet normal -0.422614 0.90631 0
    outer loop
      vertex -17.549 37.9823 79
      vertex -17.549 37.9823 101
      vertex -14.3648 39.4671 79
    endloop
  endfacet
  facet normal -0.422612 0.906311 0
    outer loop
      vertex -17.549 37.9823 79
      vertex -21 36.3731 150
      vertex -17.549 37.9823 101
    endloop
  endfacet
  facet normal -0.422612 0.906311 0
    outer loop
      vertex -17.549 37.9823 65
      vertex -21 36.3731 150
      vertex -17.549 37.9823 79
    endloop
  endfacet
  facet normal -0.422614 0.90631 0
    outer loop
      vertex -17.549 37.9823 43
      vertex -17.549 37.9823 65
      vertex -14.3648 39.4671 43
    endloop
  endfacet
  facet normal -0.422612 0.906311 0
    outer loop
      vertex -21 36.3731 0
      vertex -17.549 37.9823 65
      vertex -17.549 37.9823 43
    endloop
  endfacet
  facet normal -0.422612 0.906311 0
    outer loop
      vertex -21 36.3731 0
      vertex -17.549 37.9823 43
      vertex -17.549 37.9823 29
    endloop
  endfacet
  facet normal -0.422612 0.906311 0
    outer loop
      vertex -17.549 37.9823 65
      vertex -21 36.3731 0
      vertex -21 36.3731 150
    endloop
  endfacet
  facet normal -0.422613 0.90631 1.42055e-07
    outer loop
      vertex -21 36.3731 0
      vertex -17.549 37.9823 29
      vertex -14.3648 39.4671 0
    endloop
  endfacet
  facet normal -0.422613 0.90631 0
    outer loop
      vertex -14.3648 39.4671 160
      vertex -21 36.3731 168
      vertex -14.3648 39.4671 168
    endloop
  endfacet
  facet normal -0.422613 0.90631 0
    outer loop
      vertex -21 36.3731 168
      vertex -14.3648 39.4671 160
      vertex -21 36.3731 160
    endloop
  endfacet
  facet normal -0.0871528 0.996195 0
    outer loop
      vertex 0 42 29
      vertex 0 42 0
      vertex -3.5 41.6938 29
    endloop
  endfacet
  facet normal -0.0871528 0.996195 0
    outer loop
      vertex 0 42 65
      vertex 0 42 43
      vertex -3.5 41.6938 65
    endloop
  endfacet
  facet normal -0.0871528 0.996195 0
    outer loop
      vertex 0 42 101
      vertex 0 42 79
      vertex -3.5 41.6938 101
    endloop
  endfacet
  facet normal -0.0871528 0.996195 0
    outer loop
      vertex 0 42 133
      vertex 0 42 115
      vertex -3.5 41.6938 133
    endloop
  endfacet
  facet normal -0.0871528 0.996195 0
    outer loop
      vertex -3.5 41.6938 147
      vertex 0 42 150
      vertex 0 42 147
    endloop
  endfacet
  facet normal -0.0871593 0.996194 7.55972e-06
    outer loop
      vertex 0 42 150
      vertex -3.5 41.6938 147
      vertex -7.29322 41.3619 150
    endloop
  endfacet
  facet normal -0.0871652 0.996194 0
    outer loop
      vertex -3.5 41.6938 133
      vertex -7.29322 41.3619 150
      vertex -3.5 41.6938 147
    endloop
  endfacet
  facet normal -0.0871528 0.996195 0
    outer loop
      vertex -3.5 41.6938 115
      vertex -3.5 41.6938 133
      vertex 0 42 115
    endloop
  endfacet
  facet normal -0.0871652 0.996194 0
    outer loop
      vertex -3.5 41.6938 133
      vertex -3.5 41.6938 115
      vertex -7.29322 41.3619 150
    endloop
  endfacet
  facet normal -0.0871652 0.996194 0
    outer loop
      vertex -3.5 41.6938 101
      vertex -7.29322 41.3619 150
      vertex -3.5 41.6938 115
    endloop
  endfacet
  facet normal -0.0871528 0.996195 0
    outer loop
      vertex -3.5 41.6938 79
      vertex -3.5 41.6938 101
      vertex 0 42 79
    endloop
  endfacet
  facet normal -0.0871652 0.996194 0
    outer loop
      vertex -3.5 41.6938 79
      vertex -7.29322 41.3619 150
      vertex -3.5 41.6938 101
    endloop
  endfacet
  facet normal -0.0871652 0.996194 0
    outer loop
      vertex -3.5 41.6938 65
      vertex -7.29322 41.3619 150
      vertex -3.5 41.6938 79
    endloop
  endfacet
  facet normal -0.0871528 0.996195 0
    outer loop
      vertex -3.5 41.6938 43
      vertex -3.5 41.6938 65
      vertex 0 42 43
    endloop
  endfacet
  facet normal -0.0871652 0.996194 0
    outer loop
      vertex -7.29322 41.3619 0
      vertex -3.5 41.6938 65
      vertex -3.5 41.6938 43
    endloop
  endfacet
  facet normal -0.0871652 0.996194 0
    outer loop
      vertex -7.29322 41.3619 0
      vertex -3.5 41.6938 43
      vertex -3.5 41.6938 29
    endloop
  endfacet
  facet normal -0.0871652 0.996194 0
    outer loop
      vertex -3.5 41.6938 65
      vertex -7.29322 41.3619 0
      vertex -7.29322 41.3619 150
    endloop
  endfacet
  facet normal -0.0871593 0.996194 -7.8204e-07
    outer loop
      vertex -7.29322 41.3619 0
      vertex -3.5 41.6938 29
      vertex 0 42 0
    endloop
  endfacet
  facet normal -0.0871593 0.996194 0
    outer loop
      vertex 0 42 162
      vertex -7.29322 41.3619 168
      vertex 0 42 168
    endloop
  endfacet
  facet normal -0.0871593 0.996194 0
    outer loop
      vertex -7.29322 41.3619 160
      vertex 0 42 162
      vertex 0 42 160
    endloop
  endfacet
  facet normal -0.0871593 0.996194 0
    outer loop
      vertex 0 42 162
      vertex -7.29322 41.3619 160
      vertex -7.29322 41.3619 168
    endloop
  endfacet
  facet normal 0.996194 -0.0871593 0
    outer loop
      vertex 41.3619 -7.29322 5
      vertex 42 0 0
      vertex 42 0 5
    endloop
  endfacet
  facet normal 0.996194 -0.0871593 0
    outer loop
      vertex 42 0 0
      vertex 41.3619 -7.29322 5
      vertex 41.3619 -7.29322 0
    endloop
  endfacet
  facet normal 0.996194 -0.0871593 0
    outer loop
      vertex 41.3619 -7.29322 168
      vertex 42 0 163
      vertex 42 0 168
    endloop
  endfacet
  facet normal 0.996194 -0.0871593 0
    outer loop
      vertex 42 0 163
      vertex 41.3619 -7.29322 168
      vertex 41.3619 -7.29322 163
    endloop
  endfacet
  facet normal 0.0871593 -0.996194 0
    outer loop
      vertex 0 -42 146
      vertex 7.29322 -41.3619 150
      vertex 0 -42 150
    endloop
  endfacet
  facet normal 0.0871593 -0.996194 0
    outer loop
      vertex 7.29322 -41.3619 0
      vertex 0 -42 146
      vertex 0 -42 0
    endloop
  endfacet
  facet normal 0.0871593 -0.996194 0
    outer loop
      vertex 0 -42 146
      vertex 7.29322 -41.3619 0
      vertex 7.29322 -41.3619 150
    endloop
  endfacet
  facet normal 0.0871593 -0.996194 0
    outer loop
      vertex 0 -42 162
      vertex 7.29322 -41.3619 168
      vertex 0 -42 168
    endloop
  endfacet
  facet normal 0.0871593 -0.996194 0
    outer loop
      vertex 7.29322 -41.3619 160
      vertex 0 -42 162
      vertex 0 -42 160
    endloop
  endfacet
  facet normal 0.0871593 -0.996194 0
    outer loop
      vertex 0 -42 162
      vertex 7.29322 -41.3619 160
      vertex 7.29322 -41.3619 168
    endloop
  endfacet
  facet normal 0.573575 -0.819153 0
    outer loop
      vertex 21 -36.3731 0
      vertex 26.9971 -32.1739 150
      vertex 21 -36.3731 150
    endloop
  endfacet
  facet normal 0.573575 -0.819153 0
    outer loop
      vertex 26.9971 -32.1739 150
      vertex 21 -36.3731 0
      vertex 26.9971 -32.1739 0
    endloop
  endfacet
  facet normal 0.573575 -0.819153 0
    outer loop
      vertex 21 -36.3731 160
      vertex 26.9971 -32.1739 168
      vertex 21 -36.3731 168
    endloop
  endfacet
  facet normal 0.573575 -0.819153 0
    outer loop
      vertex 26.9971 -32.1739 168
      vertex 21 -36.3731 160
      vertex 26.9971 -32.1739 160
    endloop
  endfacet
  facet normal -0.707098 -0.707115 0
    outer loop
      vertex -32.1739 -26.9971 0
      vertex -28 -31.1709 5
      vertex -32.1739 -26.9971 5
    endloop
  endfacet
  facet normal -0.707142 -0.707072 0
    outer loop
      vertex -26.9971 -32.1739 0
      vertex -28 -31.1709 30
      vertex -28 -31.1709 5
    endloop
  endfacet
  facet normal -0.707142 -0.707072 -0
    outer loop
      vertex -26.9971 -32.1739 150
      vertex -28 -31.1709 30
      vertex -26.9971 -32.1739 0
    endloop
  endfacet
  facet normal -0.707107 -0.707107 1.41421e-05
    outer loop
      vertex -26.9971 -32.1739 0
      vertex -28 -31.1709 5
      vertex -32.1739 -26.9971 0
    endloop
  endfacet
  facet normal -0.707142 -0.707072 0
    outer loop
      vertex -28 -31.1709 30
      vertex -26.9971 -32.1739 150
      vertex -28 -31.1709 138
    endloop
  endfacet
  facet normal -0.707142 -0.707072 0
    outer loop
      vertex -28 -31.1709 138
      vertex -26.9971 -32.1739 150
      vertex -28 -31.1709 150
    endloop
  endfacet
  facet normal -0.707098 -0.707115 0
    outer loop
      vertex -28 -31.1709 30
      vertex -32.1739 -26.9971 138
      vertex -32.1739 -26.9971 30
    endloop
  endfacet
  facet normal -0.707098 -0.707115 0
    outer loop
      vertex -32.1739 -26.9971 138
      vertex -28 -31.1709 30
      vertex -28 -31.1709 138
    endloop
  endfacet
  facet normal -0.707142 -0.707072 0
    outer loop
      vertex -28 -31.1709 160
      vertex -26.9971 -32.1739 160
      vertex -28 -31.1709 163
    endloop
  endfacet
  facet normal -0.707098 -0.707115 0
    outer loop
      vertex -28 -31.1709 163
      vertex -32.1739 -26.9971 168
      vertex -32.1739 -26.9971 163
    endloop
  endfacet
  facet normal -0.707107 -0.707107 -1.41421e-05
    outer loop
      vertex -28 -31.1709 163
      vertex -26.9971 -32.1739 168
      vertex -32.1739 -26.9971 168
    endloop
  endfacet
  facet normal -0.707142 -0.707072 -0
    outer loop
      vertex -26.9971 -32.1739 168
      vertex -28 -31.1709 163
      vertex -26.9971 -32.1739 160
    endloop
  endfacet
  facet normal -0.90631 -0.422613 0
    outer loop
      vertex -36.3731 -21 0
      vertex -39.4671 -14.3648 5
      vertex -39.4671 -14.3648 0
    endloop
  endfacet
  facet normal -0.90631 -0.422613 0
    outer loop
      vertex -39.4671 -14.3648 5
      vertex -36.3731 -21 0
      vertex -36.3731 -21 5
    endloop
  endfacet
  facet normal -0.90631 -0.422613 0
    outer loop
      vertex -36.3731 -21 163
      vertex -39.4671 -14.3648 168
      vertex -39.4671 -14.3648 163
    endloop
  endfacet
  facet normal -0.90631 -0.422613 0
    outer loop
      vertex -39.4671 -14.3648 168
      vertex -36.3731 -21 163
      vertex -36.3731 -21 168
    endloop
  endfacet
  facet normal -0.906307 -0.42262 0
    outer loop
      vertex -36.3731 -21 137.92
      vertex -38.3316 -16.8 132.913
      vertex -38.3316 -16.8 35.1091
    endloop
  endfacet
  facet normal -0.906448 -0.422317 -0.000307659
    outer loop
      vertex -36.3731 -21 30.0756
      vertex -38.3316 -16.8 35.1091
      vertex -38.3271 -16.8095 34.8913
    endloop
  endfacet
  facet normal -0.906445 -0.422324 0.0003018
    outer loop
      vertex -38.3316 -16.8 132.913
      vertex -36.3731 -21 137.92
      vertex -38.3287 -16.8061 133.087
    endloop
  endfacet
  facet normal -0.906322 -0.422587 -2.10248e-05
    outer loop
      vertex -36.3731 -21 30.0756
      vertex -38.3271 -16.8095 34.8913
      vertex -38.3041 -16.8588 34.3275
    endloop
  endfacet
  facet normal -0.906307 -0.42262 0
    outer loop
      vertex -38.3316 -16.8 35.1091
      vertex -36.3731 -21 30.0756
      vertex -36.3731 -21 137.92
    endloop
  endfacet
  facet normal -0.906237 -0.42277 0.000195375
    outer loop
      vertex -36.3731 -21 30.0756
      vertex -38.3041 -16.8588 34.3275
      vertex -38.274 -16.9235 33.9412
    endloop
  endfacet
  facet normal -0.906236 -0.422772 -0.000170856
    outer loop
      vertex -38.3287 -16.8061 133.087
      vertex -36.3731 -21 137.92
      vertex -38.3146 -16.8365 133.522
    endloop
  endfacet
  facet normal -0.906256 -0.422729 0.000143284
    outer loop
      vertex -36.3731 -21 30.0756
      vertex -38.274 -16.9235 33.9412
      vertex -38.2372 -17.0025 33.6244
    endloop
  endfacet
  facet normal -0.906343 -0.422542 9.37052e-05
    outer loop
      vertex -38.3146 -16.8365 133.522
      vertex -36.3731 -21 137.92
      vertex -38.292 -16.8849 133.867
    endloop
  endfacet
  facet normal -0.906337 -0.422557 -9.35633e-05
    outer loop
      vertex -36.3731 -21 30.0756
      vertex -38.2372 -17.0025 33.6244
      vertex -38.187 -17.1101 33.293
    endloop
  endfacet
  facet normal -0.906299 -0.422638 -2.44923e-05
    outer loop
      vertex -38.292 -16.8849 133.867
      vertex -36.3731 -21 137.92
      vertex -38.2582 -16.9574 134.207
    endloop
  endfacet
  facet normal -0.906369 -0.422487 -0.00019615
    outer loop
      vertex -36.3731 -21 30.0756
      vertex -38.187 -17.1101 33.293
      vertex -38.1261 -17.2406 32.9701
    endloop
  endfacet
  facet normal -0.906352 -0.422524 0.000126149
    outer loop
      vertex -38.2582 -16.9574 134.207
      vertex -36.3731 -21 137.92
      vertex -38.2134 -17.0534 134.542
    endloop
  endfacet
  facet normal -0.906306 -0.422622 1.70305e-05
    outer loop
      vertex -36.3731 -21 30.0756
      vertex -38.1261 -17.2406 32.9701
      vertex -38.0549 -17.3933 32.6569
    endloop
  endfacet
  facet normal -0.906262 -0.422716 -0.000146344
    outer loop
      vertex -38.2134 -17.0534 134.542
      vertex -36.3731 -21 137.92
      vertex -38.1579 -17.1725 134.869
    endloop
  endfacet
  facet normal -0.906345 -0.422539 -0.000123507
    outer loop
      vertex -36.3731 -21 30.0756
      vertex -38.0549 -17.3933 32.6569
      vertex -37.9736 -17.5676 32.3552
    endloop
  endfacet
  facet normal -0.906339 -0.422551 0.000105258
    outer loop
      vertex -38.1579 -17.1725 134.869
      vertex -36.3731 -21 137.92
      vertex -38.0918 -17.3142 135.188
    endloop
  endfacet
  facet normal -0.906332 -0.422566 -7.38357e-05
    outer loop
      vertex -36.3731 -21 30.0756
      vertex -37.9736 -17.5676 32.3552
      vertex -37.8828 -17.7623 32.0665
    endloop
  endfacet
  facet normal -0.906327 -0.422577 6.21801e-05
    outer loop
      vertex -38.0918 -17.3142 135.188
      vertex -36.3731 -21 137.92
      vertex -38.0155 -17.4778 135.496
    endloop
  endfacet
  facet normal -0.906356 -0.422514 -0.000177229
    outer loop
      vertex -36.3731 -21 30.0756
      vertex -37.8828 -17.7623 32.0665
      vertex -37.7828 -17.9767 31.792
    endloop
  endfacet
  facet normal -0.906407 -0.422406 0.00036546
    outer loop
      vertex -38.0155 -17.4778 135.496
      vertex -36.3731 -21 137.92
      vertex -37.9294 -17.6623 135.791
    endloop
  endfacet
  facet normal -0.906262 -0.422717 0.000259059
    outer loop
      vertex -36.3731 -21 30.0756
      vertex -37.7828 -17.9767 31.792
      vertex -37.6741 -18.2099 31.5331
    endloop
  endfacet
  facet normal -0.90618 -0.422892 -0.0005626
    outer loop
      vertex -37.9294 -17.6623 135.791
      vertex -36.3731 -21 137.92
      vertex -37.834 -17.8671 136.073
    endloop
  endfacet
  facet normal -0.906304 -0.422627 4.91583e-05
    outer loop
      vertex -36.3731 -21 30.0756
      vertex -37.6741 -18.2099 31.5331
      vertex -37.5573 -18.4604 31.2911
    endloop
  endfacet
  facet normal -0.906378 -0.422467 0.000313985
    outer loop
      vertex -37.834 -17.8671 136.073
      vertex -36.3731 -21 137.92
      vertex -37.7295 -18.0911 136.34
    endloop
  endfacet
  facet normal -0.906392 -0.422437 -0.000434632
    outer loop
      vertex -36.3731 -21 30.0756
      vertex -37.5573 -18.4604 31.2911
      vertex -37.4328 -18.7273 31.0671
    endloop
  endfacet
  facet normal -0.906319 -0.422595 2.82648e-05
    outer loop
      vertex -37.7295 -18.0911 136.34
      vertex -36.3731 -21 137.92
      vertex -37.6167 -18.333 136.59
    endloop
  endfacet
  facet normal -0.906241 -0.422762 0.00047162
    outer loop
      vertex -36.3731 -21 30.0756
      vertex -37.4328 -18.7273 31.0671
      vertex -37.3014 -19.0092 30.8624
    endloop
  endfacet
  facet normal -0.906197 -0.422855 -0.000606987
    outer loop
      vertex -37.6167 -18.333 136.59
      vertex -36.3731 -21 137.92
      vertex -37.496 -18.592 136.823
    endloop
  endfacet
  facet normal -0.906413 -0.422393 -0.000664509
    outer loop
      vertex -36.3731 -21 30.0756
      vertex -37.3014 -19.0092 30.8624
      vertex -37.1637 -19.3044 30.6779
    endloop
  endfacet
  facet normal -0.906294 -0.422647 -5.04209e-05
    outer loop
      vertex -37.496 -18.592 136.823
      vertex -36.3731 -21 137.92
      vertex -37.368 -18.8665 137.038
    endloop
  endfacet
  facet normal -0.906285 -0.422668 0.000276068
    outer loop
      vertex -36.3731 -21 30.0756
      vertex -37.1637 -19.3044 30.6779
      vertex -37.0202 -19.6122 30.5142
    endloop
  endfacet
  facet normal -0.906442 -0.42233 0.00088114
    outer loop
      vertex -37.368 -18.8665 137.038
      vertex -36.3731 -21 137.92
      vertex -37.2333 -19.1552 137.232
    endloop
  endfacet
  facet normal -0.906275 -0.422688 0.000356029
    outer loop
      vertex -36.3731 -21 30.0756
      vertex -37.0202 -19.6122 30.5142
      vertex -36.8718 -19.9305 30.3725
    endloop
  endfacet
  facet normal -0.906362 -0.422502 0.000322537
    outer loop
      vertex -37.2333 -19.1552 137.232
      vertex -36.3731 -21 137.92
      vertex -37.0926 -19.4569 137.407
    endloop
  endfacet
  facet normal -0.906568 -0.422053 -0.00242449
    outer loop
      vertex -36.3731 -21 30.0756
      vertex -36.8718 -19.9305 30.3725
      vertex -36.7192 -20.2576 30.2534
    endloop
  endfacet
  facet normal -0.906235 -0.422773 -0.000672198
    outer loop
      vertex -37.0926 -19.4569 137.407
      vertex -36.3731 -21 137.92
      vertex -36.9466 -19.7701 137.559
    endloop
  endfacet
  facet normal -0.906239 -0.422763 0.00118071
    outer loop
      vertex -36.3731 -21 30.0756
      vertex -36.7192 -20.2576 30.2534
      vertex -36.563 -20.5927 30.1574
    endloop
  endfacet
  facet normal -0.906423 -0.42237 0.00103028
    outer loop
      vertex -36.796 -20.093 137.69
      vertex -36.3731 -21 137.92
      vertex -36.6415 -20.4243 137.798
    endloop
  endfacet
  facet normal -0.907153 -0.420643 -0.011498
    outer loop
      vertex -36.3731 -21 30.0756
      vertex -36.563 -20.5927 30.1574
      vertex -36.4041 -20.9334 30.0849
    endloop
  endfacet
  facet normal -0.906402 -0.422416 0.000809556
    outer loop
      vertex -36.9466 -19.7701 137.559
      vertex -36.3731 -21 137.92
      vertex -36.796 -20.093 137.69
    endloop
  endfacet
  facet normal -0.906359 -0.422508 0.00023486
    outer loop
      vertex -36.6415 -20.4243 137.798
      vertex -36.3731 -21 137.92
      vertex -36.4938 -20.7411 137.877
    endloop
  endfacet
  facet normal -0.996194 -0.0871593 0
    outer loop
      vertex -41.3619 -7.29322 0
      vertex -42 0 5
      vertex -42 0 0
    endloop
  endfacet
  facet normal -0.996194 -0.0871593 0
    outer loop
      vertex -42 0 5
      vertex -41.3619 -7.29322 0
      vertex -41.3619 -7.29322 5
    endloop
  endfacet
  facet normal -0.996194 -0.0871593 0
    outer loop
      vertex -41.3619 -7.29322 163
      vertex -42 0 168
      vertex -42 0 163
    endloop
  endfacet
  facet normal -0.996194 -0.0871593 0
    outer loop
      vertex -42 0 168
      vertex -41.3619 -7.29322 163
      vertex -41.3619 -7.29322 168
    endloop
  endfacet
  facet normal -0.90631 0.422613 0
    outer loop
      vertex -39.4671 14.3648 0
      vertex -36.3731 21 5
      vertex -36.3731 21 0
    endloop
  endfacet
  facet normal -0.90631 0.422613 0
    outer loop
      vertex -36.3731 21 5
      vertex -39.4671 14.3648 0
      vertex -39.4671 14.3648 5
    endloop
  endfacet
  facet normal -0.90631 0.422613 0
    outer loop
      vertex -39.4671 14.3648 163
      vertex -36.3731 21 168
      vertex -36.3731 21 163
    endloop
  endfacet
  facet normal -0.90631 0.422613 0
    outer loop
      vertex -36.3731 21 168
      vertex -39.4671 14.3648 163
      vertex -39.4671 14.3648 168
    endloop
  endfacet
  facet normal -0.906307 0.42262 0
    outer loop
      vertex -38.3316 16.8 35.087
      vertex -36.3731 21 137.924
      vertex -36.3731 21 30.0802
    endloop
  endfacet
  facet normal -0.906359 0.422508 -0.000238174
    outer loop
      vertex -36.6415 20.4243 30.2025
      vertex -36.3731 21 30.0802
      vertex -36.4938 20.7411 30.1235
    endloop
  endfacet
  facet normal -0.906307 0.42262 0
    outer loop
      vertex -38.3316 16.8 132.891
      vertex -36.3731 21 137.924
      vertex -38.3316 16.8 35.087
    endloop
  endfacet
  facet normal -0.906425 0.422367 -0.00104613
    outer loop
      vertex -36.796 20.093 30.3101
      vertex -36.3731 21 30.0802
      vertex -36.6415 20.4243 30.2025
    endloop
  endfacet
  facet normal -0.906448 0.422317 0.000307359
    outer loop
      vertex -38.3271 16.8095 133.109
      vertex -36.3731 21 137.924
      vertex -38.3316 16.8 132.891
    endloop
  endfacet
  facet normal -0.906327 0.422577 -3.41633e-05
    outer loop
      vertex -36.3731 21 30.0802
      vertex -36.796 20.093 30.3101
      vertex -38.3287 16.8061 34.9132
    endloop
  endfacet
  facet normal -0.906335 0.422561 4.93205e-05
    outer loop
      vertex -36.563 20.5927 137.843
      vertex -36.3731 21 137.924
      vertex -38.3271 16.8095 133.109
    endloop
  endfacet
  facet normal -0.906263 0.422714 8.42583e-05
    outer loop
      vertex -38.3287 16.8061 34.9132
      vertex -36.796 20.093 30.3101
      vertex -36.9466 19.7701 30.4406
    endloop
  endfacet
  facet normal -0.907115 0.420739 0.0110392
    outer loop
      vertex -36.3731 21 137.924
      vertex -36.563 20.5927 137.843
      vertex -36.4041 20.9334 137.915
    endloop
  endfacet
  facet normal -0.906384 0.422456 -0.000123997
    outer loop
      vertex -38.3287 16.8061 34.9132
      vertex -36.9466 19.7701 30.4406
      vertex -37.0926 19.4569 30.5933
    endloop
  endfacet
  facet normal -0.906387 0.422448 0.000158628
    outer loop
      vertex -36.563 20.5927 137.843
      vertex -38.3271 16.8095 133.109
      vertex -36.7192 20.2576 137.747
    endloop
  endfacet
  facet normal -0.906282 0.422674 3.89863e-05
    outer loop
      vertex -38.3287 16.8061 34.9132
      vertex -37.0926 19.4569 30.5933
      vertex -37.2333 19.1552 30.7676
    endloop
  endfacet
  facet normal -0.906205 0.422838 -0.000193813
    outer loop
      vertex -36.7192 20.2576 137.747
      vertex -38.3271 16.8095 133.109
      vertex -36.8718 19.9305 137.627
    endloop
  endfacet
  facet normal -0.906158 0.42294 0.00022277
    outer loop
      vertex -38.3287 16.8061 34.9132
      vertex -37.2333 19.1552 30.7676
      vertex -37.368 18.8665 30.9623
    endloop
  endfacet
  facet normal -0.906346 0.422536 5.95653e-05
    outer loop
      vertex -36.8718 19.9305 137.627
      vertex -38.3271 16.8095 133.109
      vertex -37.0202 19.6122 137.486
    endloop
  endfacet
  facet normal -0.906302 0.422632 2.68603e-05
    outer loop
      vertex -38.3287 16.8061 34.9132
      vertex -37.368 18.8665 30.9623
      vertex -37.496 18.592 31.1767
    endloop
  endfacet
  facet normal -0.906357 0.422513 7.79841e-05
    outer loop
      vertex -37.0202 19.6122 137.486
      vertex -38.3271 16.8095 133.109
      vertex -37.1637 19.3044 137.322
    endloop
  endfacet
  facet normal -0.90647 0.422271 -0.000182796
    outer loop
      vertex -38.3287 16.8061 34.9132
      vertex -37.496 18.592 31.1767
      vertex -37.6167 18.333 31.4099
    endloop
  endfacet
  facet normal -0.906223 0.4228 -0.000129417
    outer loop
      vertex -37.1637 19.3044 137.322
      vertex -38.3271 16.8095 133.109
      vertex -37.3014 19.0092 137.138
    endloop
  endfacet
  facet normal -0.906306 0.422621 2.96281e-06
    outer loop
      vertex -38.3287 16.8061 34.9132
      vertex -37.6167 18.333 31.4099
      vertex -37.7295 18.0911 31.6604
    endloop
  endfacet
  facet normal -0.90641 0.422398 0.000137979
    outer loop
      vertex -37.3014 19.0092 137.138
      vertex -38.3271 16.8095 133.109
      vertex -37.4328 18.7273 136.933
    endloop
  endfacet
  facet normal -0.906169 0.422917 0.000145022
    outer loop
      vertex -38.3287 16.8061 34.9132
      vertex -37.7295 18.0911 31.6604
      vertex -37.834 17.8671 31.9274
    endloop
  endfacet
  facet normal -0.906214 0.422819 -0.00011872
    outer loop
      vertex -37.4328 18.7273 136.933
      vertex -38.3271 16.8095 133.109
      vertex -37.5573 18.4604 136.709
    endloop
  endfacet
  facet normal -0.906622 0.421943 -0.000276076
    outer loop
      vertex -38.3287 16.8061 34.9132
      vertex -37.834 17.8671 31.9274
      vertex -37.9294 17.6623 32.2092
    endloop
  endfacet
  facet normal -0.906328 0.422574 1.76472e-05
    outer loop
      vertex -37.5573 18.4604 136.709
      vertex -38.3271 16.8095 133.109
      vertex -37.6741 18.2099 136.467
    endloop
  endfacet
  facet normal -0.906075 0.423117 0.000176586
    outer loop
      vertex -38.3287 16.8061 34.9132
      vertex -37.9294 17.6623 32.2092
      vertex -38.0155 17.4778 32.5044
    endloop
  endfacet
  facet normal -0.906423 0.422371 0.000121005
    outer loop
      vertex -37.6741 18.2099 136.467
      vertex -38.3271 16.8095 133.109
      vertex -37.7828 17.9767 136.208
    endloop
  endfacet
  facet normal -0.906243 0.422757 5.41336e-05
    outer loop
      vertex -38.3287 16.8061 34.9132
      vertex -38.0155 17.4778 32.5044
      vertex -38.0918 17.3142 32.8122
    endloop
  endfacet
  facet normal -0.906321 0.422589 2.0815e-05
    outer loop
      vertex -38.3041 16.8588 133.673
      vertex -37.7828 17.9767 136.208
      vertex -38.3271 16.8095 133.109
    endloop
  endfacet
  facet normal -0.906153 0.42295 0.00011115
    outer loop
      vertex -38.3287 16.8061 34.9132
      vertex -38.0918 17.3142 32.8122
      vertex -38.1579 17.1725 33.1305
    endloop
  endfacet
  facet normal -0.906226 0.422794 -8.89418e-05
    outer loop
      vertex -37.7828 17.9767 136.208
      vertex -38.3041 16.8588 133.673
      vertex -37.8828 17.7623 135.934
    endloop
  endfacet
  facet normal -0.906489 0.422229 -6.94056e-05
    outer loop
      vertex -38.3287 16.8061 34.9132
      vertex -38.1579 17.1725 33.1305
      vertex -38.2134 17.0534 33.4576
    endloop
  endfacet
  facet normal -0.906259 0.422722 -5.40906e-05
    outer loop
      vertex -37.8828 17.7623 135.934
      vertex -38.3041 16.8588 133.673
      vertex -37.9736 17.5676 135.645
    endloop
  endfacet
  facet normal -0.905965 0.423353 0.000163135
    outer loop
      vertex -38.3287 16.8061 34.9132
      vertex -38.2134 17.0534 33.4576
      vertex -38.2582 16.9574 33.7927
    endloop
  endfacet
  facet normal -0.906173 0.422907 -0.000134813
    outer loop
      vertex -37.9736 17.5676 135.645
      vertex -38.3041 16.8588 133.673
      vertex -38.0549 17.3933 135.343
    endloop
  endfacet
  facet normal -0.906195 0.42286 8.21085e-05
    outer loop
      vertex -38.3287 16.8061 34.9132
      vertex -38.2582 16.9574 33.7927
      vertex -38.292 16.8849 34.1334
    endloop
  endfacet
  facet normal -0.906291 0.422655 -3.67846e-05
    outer loop
      vertex -38.0549 17.3933 135.343
      vertex -38.3041 16.8588 133.673
      vertex -38.1261 17.2406 135.03
    endloop
  endfacet
  facet normal -0.905009 0.425392 0.000393777
    outer loop
      vertex -38.3287 16.8061 34.9132
      vertex -38.292 16.8849 34.1334
      vertex -38.3146 16.8365 34.4782
    endloop
  endfacet
  facet normal -0.905821 0.42366 -0.000381082
    outer loop
      vertex -38.1261 17.2406 135.03
      vertex -38.3041 16.8588 133.673
      vertex -38.187 17.1101 134.707
    endloop
  endfacet
  facet normal -0.906445 0.422324 -0.000302162
    outer loop
      vertex -36.3731 21 30.0802
      vertex -38.3287 16.8061 34.9132
      vertex -38.3316 16.8 35.087
    endloop
  endfacet
  facet normal -0.905644 0.42404 -0.000493493
    outer loop
      vertex -38.187 17.1101 134.707
      vertex -38.3041 16.8588 133.673
      vertex -38.2372 17.0025 134.376
    endloop
  endfacet
  facet normal -0.906049 0.423173 -0.000277693
    outer loop
      vertex -38.2372 17.0025 134.376
      vertex -38.3041 16.8588 133.673
      vertex -38.274 16.9235 134.059
    endloop
  endfacet
  facet normal -0.965927 0.258816 0
    outer loop
      vertex -41.3619 7.29322 0
      vertex -39.4671 14.3648 5
      vertex -39.4671 14.3648 0
    endloop
  endfacet
  facet normal -0.965927 0.258816 0
    outer loop
      vertex -39.4671 14.3648 5
      vertex -41.3619 7.29322 0
      vertex -41.3619 7.29322 5
    endloop
  endfacet
  facet normal -0.965927 0.258816 0
    outer loop
      vertex -41.3619 7.29322 163
      vertex -39.4671 14.3648 168
      vertex -39.4671 14.3648 163
    endloop
  endfacet
  facet normal -0.965927 0.258816 0
    outer loop
      vertex -39.4671 14.3648 168
      vertex -41.3619 7.29322 163
      vertex -41.3619 7.29322 168
    endloop
  endfacet
  facet normal 0.258816 -0.965927 0
    outer loop
      vertex 7.29322 -41.3619 0
      vertex 14.3648 -39.4671 150
      vertex 7.29322 -41.3619 150
    endloop
  endfacet
  facet normal 0.258816 -0.965927 0
    outer loop
      vertex 14.3648 -39.4671 150
      vertex 7.29322 -41.3619 0
      vertex 14.3648 -39.4671 0
    endloop
  endfacet
  facet normal 0.258816 -0.965927 0
    outer loop
      vertex 7.29322 -41.3619 160
      vertex 14.3648 -39.4671 168
      vertex 7.29322 -41.3619 168
    endloop
  endfacet
  facet normal 0.258816 -0.965927 0
    outer loop
      vertex 14.3648 -39.4671 168
      vertex 7.29322 -41.3619 160
      vertex 14.3648 -39.4671 160
    endloop
  endfacet
  facet normal 0.707142 -0.707072 0
    outer loop
      vertex 26.9971 -32.1739 150
      vertex 28 -31.1709 138
      vertex 28 -31.1709 150
    endloop
  endfacet
  facet normal 0.707142 -0.707072 0
    outer loop
      vertex 28 -31.1709 138
      vertex 26.9971 -32.1739 150
      vertex 28 -31.1709 30
    endloop
  endfacet
  facet normal 0.707142 -0.707072 0
    outer loop
      vertex 26.9971 -32.1739 0
      vertex 28 -31.1709 30
      vertex 26.9971 -32.1739 150
    endloop
  endfacet
  facet normal 0.707098 -0.707115 0
    outer loop
      vertex 28 -31.1709 138
      vertex 32.1739 -26.9971 30
      vertex 32.1739 -26.9971 138
    endloop
  endfacet
  facet normal 0.707098 -0.707115 0
    outer loop
      vertex 32.1739 -26.9971 30
      vertex 28 -31.1709 138
      vertex 28 -31.1709 30
    endloop
  endfacet
  facet normal 0.707098 -0.707115 0
    outer loop
      vertex 28 -31.1709 5
      vertex 32.1739 -26.9971 0
      vertex 32.1739 -26.9971 5
    endloop
  endfacet
  facet normal 0.707107 -0.707107 1.41421e-05
    outer loop
      vertex 28 -31.1709 5
      vertex 26.9971 -32.1739 0
      vertex 32.1739 -26.9971 0
    endloop
  endfacet
  facet normal 0.707142 -0.707072 0
    outer loop
      vertex 28 -31.1709 30
      vertex 26.9971 -32.1739 0
      vertex 28 -31.1709 5
    endloop
  endfacet
  facet normal 0.707098 -0.707115 0
    outer loop
      vertex 32.1739 -26.9971 168
      vertex 28 -31.1709 163
      vertex 32.1739 -26.9971 163
    endloop
  endfacet
  facet normal 0.707107 -0.707107 -1.41421e-05
    outer loop
      vertex 26.9971 -32.1739 168
      vertex 28 -31.1709 163
      vertex 32.1739 -26.9971 168
    endloop
  endfacet
  facet normal 0.707142 -0.707072 0
    outer loop
      vertex 26.9971 -32.1739 160
      vertex 28 -31.1709 163
      vertex 26.9971 -32.1739 168
    endloop
  endfacet
  facet normal 0.707142 -0.707072 0
    outer loop
      vertex 28 -31.1709 163
      vertex 26.9971 -32.1739 160
      vertex 28 -31.1709 160
    endloop
  endfacet
  facet normal 0.819153 -0.573575 0
    outer loop
      vertex 32.1739 -26.9971 5
      vertex 36.3731 -21 0
      vertex 36.3731 -21 5
    endloop
  endfacet
  facet normal 0.819153 -0.573575 0
    outer loop
      vertex 36.3731 -21 0
      vertex 32.1739 -26.9971 5
      vertex 32.1739 -26.9971 0
    endloop
  endfacet
  facet normal 0.819153 -0.573575 0
    outer loop
      vertex 32.1739 -26.9971 168
      vertex 36.3731 -21 163
      vertex 36.3731 -21 168
    endloop
  endfacet
  facet normal 0.819153 -0.573575 0
    outer loop
      vertex 36.3731 -21 163
      vertex 32.1739 -26.9971 168
      vertex 32.1739 -26.9971 163
    endloop
  endfacet
  facet normal 0.819197 -0.57351 0.00151467
    outer loop
      vertex 35.889 -21.6913 137.99
      vertex 36.3731 -21 137.92
      vertex 36.2838 -21.1275 137.941
    endloop
  endfacet
  facet normal 0.819153 -0.573575 0
    outer loop
      vertex 36.3731 -21 137.92
      vertex 32.1739 -26.9971 138
      vertex 36.3731 -21 30.0756
    endloop
  endfacet
  facet normal 0.81919 -0.573521 0.00134975
    outer loop
      vertex 36.3731 -21 137.92
      vertex 35.889 -21.6913 137.99
      vertex 35.7365 -21.9091 138
    endloop
  endfacet
  facet normal 0.819156 -0.57357 0.000525537
    outer loop
      vertex 36.3731 -21 137.92
      vertex 35.7365 -21.9091 138
      vertex 32.1739 -26.9971 138
    endloop
  endfacet
  facet normal 0.819138 -0.573596 0.000164762
    outer loop
      vertex 36.3731 -21 30.0756
      vertex 35.8737 -21.7132 30.0061
      vertex 36.1783 -21.2782 30.0365
    endloop
  endfacet
  facet normal 0.819142 -0.573591 7.63119e-05
    outer loop
      vertex 35.8737 -21.7132 30.0061
      vertex 36.3731 -21 30.0756
      vertex 35.752 -21.887 30
    endloop
  endfacet
  facet normal 0.819153 -0.573575 0
    outer loop
      vertex 32.1739 -26.9971 30
      vertex 36.3731 -21 30.0756
      vertex 32.1739 -26.9971 138
    endloop
  endfacet
  facet normal 0.819154 -0.573573 -0.000229871
    outer loop
      vertex 36.3731 -21 30.0756
      vertex 32.1739 -26.9971 30
      vertex 35.752 -21.887 30
    endloop
  endfacet
  facet normal -0.573575 -0.819153 0
    outer loop
      vertex -26.9971 -32.1739 0
      vertex -21 -36.3731 150
      vertex -26.9971 -32.1739 150
    endloop
  endfacet
  facet normal -0.573575 -0.819153 -0
    outer loop
      vertex -21 -36.3731 150
      vertex -26.9971 -32.1739 0
      vertex -21 -36.3731 0
    endloop
  endfacet
  facet normal -0.573575 -0.819153 0
    outer loop
      vertex -26.9971 -32.1739 160
      vertex -21 -36.3731 168
      vertex -26.9971 -32.1739 168
    endloop
  endfacet
  facet normal -0.573575 -0.819153 -0
    outer loop
      vertex -21 -36.3731 168
      vertex -26.9971 -32.1739 160
      vertex -21 -36.3731 160
    endloop
  endfacet
  facet normal -0.422613 -0.90631 0
    outer loop
      vertex -21 -36.3731 0
      vertex -14.3648 -39.4671 150
      vertex -21 -36.3731 150
    endloop
  endfacet
  facet normal -0.422613 -0.90631 -0
    outer loop
      vertex -14.3648 -39.4671 150
      vertex -21 -36.3731 0
      vertex -14.3648 -39.4671 0
    endloop
  endfacet
  facet normal -0.422613 -0.90631 0
    outer loop
      vertex -21 -36.3731 160
      vertex -14.3648 -39.4671 168
      vertex -21 -36.3731 168
    endloop
  endfacet
  facet normal -0.422613 -0.90631 -0
    outer loop
      vertex -14.3648 -39.4671 168
      vertex -21 -36.3731 160
      vertex -14.3648 -39.4671 160
    endloop
  endfacet
  facet normal -0.0871593 -0.996194 0
    outer loop
      vertex -7.29322 -41.3619 150
      vertex 0 -42 146
      vertex 0 -42 150
    endloop
  endfacet
  facet normal -0.0871593 -0.996194 0
    outer loop
      vertex -7.29322 -41.3619 0
      vertex 0 -42 146
      vertex -7.29322 -41.3619 150
    endloop
  endfacet
  facet normal -0.0871593 -0.996194 -0
    outer loop
      vertex 0 -42 146
      vertex -7.29322 -41.3619 0
      vertex 0 -42 0
    endloop
  endfacet
  facet normal -0.0871593 -0.996194 0
    outer loop
      vertex -7.29322 -41.3619 168
      vertex 0 -42 162
      vertex 0 -42 168
    endloop
  endfacet
  facet normal -0.0871593 -0.996194 0
    outer loop
      vertex -7.29322 -41.3619 160
      vertex 0 -42 162
      vertex -7.29322 -41.3619 168
    endloop
  endfacet
  facet normal -0.0871593 -0.996194 -0
    outer loop
      vertex 0 -42 162
      vertex -7.29322 -41.3619 160
      vertex 0 -42 160
    endloop
  endfacet
  facet normal -0.819153 -0.573575 0
    outer loop
      vertex -32.1739 -26.9971 0
      vertex -36.3731 -21 5
      vertex -36.3731 -21 0
    endloop
  endfacet
  facet normal -0.819153 -0.573575 0
    outer loop
      vertex -36.3731 -21 5
      vertex -32.1739 -26.9971 0
      vertex -32.1739 -26.9971 5
    endloop
  endfacet
  facet normal -0.819153 -0.573575 0
    outer loop
      vertex -32.1739 -26.9971 163
      vertex -36.3731 -21 168
      vertex -36.3731 -21 163
    endloop
  endfacet
  facet normal -0.819153 -0.573575 0
    outer loop
      vertex -36.3731 -21 168
      vertex -32.1739 -26.9971 163
      vertex -32.1739 -26.9971 168
    endloop
  endfacet
  facet normal -0.819153 -0.573575 0
    outer loop
      vertex -32.1739 -26.9971 30
      vertex -36.3731 -21 137.92
      vertex -36.3731 -21 30.0756
    endloop
  endfacet
  facet normal -0.819138 -0.573596 0.000164762
    outer loop
      vertex -35.8737 -21.7132 30.0061
      vertex -36.3731 -21 30.0756
      vertex -36.1783 -21.2782 30.0365
    endloop
  endfacet
  facet normal -0.819154 -0.573573 -0.000229871
    outer loop
      vertex -32.1739 -26.9971 30
      vertex -36.3731 -21 30.0756
      vertex -35.752 -21.887 30
    endloop
  endfacet
  facet normal -0.819142 -0.573591 7.63119e-05
    outer loop
      vertex -36.3731 -21 30.0756
      vertex -35.8737 -21.7132 30.0061
      vertex -35.752 -21.887 30
    endloop
  endfacet
  facet normal -0.819153 -0.573575 -0
    outer loop
      vertex -32.1739 -26.9971 138
      vertex -36.3731 -21 137.92
      vertex -32.1739 -26.9971 30
    endloop
  endfacet
  facet normal -0.819197 -0.57351 0.00151467
    outer loop
      vertex -36.3731 -21 137.92
      vertex -35.889 -21.6913 137.99
      vertex -36.2838 -21.1275 137.941
    endloop
  endfacet
  facet normal -0.819156 -0.57357 0.000525537
    outer loop
      vertex -35.7365 -21.9091 138
      vertex -36.3731 -21 137.92
      vertex -32.1739 -26.9971 138
    endloop
  endfacet
  facet normal -0.81919 -0.573521 0.00134975
    outer loop
      vertex -35.889 -21.6913 137.99
      vertex -36.3731 -21 137.92
      vertex -35.7365 -21.9091 138
    endloop
  endfacet
  facet normal -0.965927 -0.258816 0
    outer loop
      vertex -39.4671 -14.3648 0
      vertex -41.3619 -7.29322 5
      vertex -41.3619 -7.29322 0
    endloop
  endfacet
  facet normal -0.965927 -0.258816 0
    outer loop
      vertex -41.3619 -7.29322 5
      vertex -39.4671 -14.3648 0
      vertex -39.4671 -14.3648 5
    endloop
  endfacet
  facet normal -0.965927 -0.258816 0
    outer loop
      vertex -39.4671 -14.3648 163
      vertex -41.3619 -7.29322 168
      vertex -41.3619 -7.29322 163
    endloop
  endfacet
  facet normal -0.965927 -0.258816 0
    outer loop
      vertex -41.3619 -7.29322 168
      vertex -39.4671 -14.3648 163
      vertex -39.4671 -14.3648 168
    endloop
  endfacet
  facet normal 0.422613 -0.90631 0
    outer loop
      vertex 14.3648 -39.4671 0
      vertex 21 -36.3731 150
      vertex 14.3648 -39.4671 150
    endloop
  endfacet
  facet normal 0.422613 -0.90631 0
    outer loop
      vertex 21 -36.3731 150
      vertex 14.3648 -39.4671 0
      vertex 21 -36.3731 0
    endloop
  endfacet
  facet normal 0.422613 -0.90631 0
    outer loop
      vertex 14.3648 -39.4671 160
      vertex 21 -36.3731 168
      vertex 14.3648 -39.4671 168
    endloop
  endfacet
  facet normal 0.422613 -0.90631 0
    outer loop
      vertex 21 -36.3731 168
      vertex 14.3648 -39.4671 160
      vertex 21 -36.3731 160
    endloop
  endfacet
  facet normal 0.90631 -0.422613 0
    outer loop
      vertex 36.3731 -21 5
      vertex 39.4671 -14.3648 0
      vertex 39.4671 -14.3648 5
    endloop
  endfacet
  facet normal 0.90631 -0.422613 0
    outer loop
      vertex 39.4671 -14.3648 0
      vertex 36.3731 -21 5
      vertex 36.3731 -21 0
    endloop
  endfacet
  facet normal 0.90631 -0.422613 0
    outer loop
      vertex 36.3731 -21 168
      vertex 39.4671 -14.3648 163
      vertex 39.4671 -14.3648 168
    endloop
  endfacet
  facet normal 0.90631 -0.422613 0
    outer loop
      vertex 39.4671 -14.3648 163
      vertex 36.3731 -21 168
      vertex 36.3731 -21 163
    endloop
  endfacet
  facet normal 0.906445 -0.422324 0.0003018
    outer loop
      vertex 36.3731 -21 137.92
      vertex 38.3316 -16.8 132.913
      vertex 38.3287 -16.8061 133.087
    endloop
  endfacet
  facet normal 0.906307 -0.42262 0
    outer loop
      vertex 38.3316 -16.8 132.913
      vertex 36.3731 -21 137.92
      vertex 38.3316 -16.8 35.1091
    endloop
  endfacet
  facet normal 0.906236 -0.422772 -0.000170856
    outer loop
      vertex 36.3731 -21 137.92
      vertex 38.3287 -16.8061 133.087
      vertex 38.3146 -16.8365 133.522
    endloop
  endfacet
  facet normal 0.906307 -0.42262 0
    outer loop
      vertex 36.3731 -21 30.0756
      vertex 38.3316 -16.8 35.1091
      vertex 36.3731 -21 137.92
    endloop
  endfacet
  facet normal 0.906343 -0.422542 9.37052e-05
    outer loop
      vertex 36.3731 -21 137.92
      vertex 38.3146 -16.8365 133.522
      vertex 38.292 -16.8849 133.867
    endloop
  endfacet
  facet normal 0.906448 -0.422317 -0.000307659
    outer loop
      vertex 38.3316 -16.8 35.1091
      vertex 36.3731 -21 30.0756
      vertex 38.3271 -16.8095 34.8913
    endloop
  endfacet
  facet normal 0.906299 -0.422638 -2.44923e-05
    outer loop
      vertex 36.3731 -21 137.92
      vertex 38.292 -16.8849 133.867
      vertex 38.2582 -16.9574 134.207
    endloop
  endfacet
  facet normal 0.906322 -0.422587 -2.10248e-05
    outer loop
      vertex 38.3271 -16.8095 34.8913
      vertex 36.3731 -21 30.0756
      vertex 38.3041 -16.8588 34.3275
    endloop
  endfacet
  facet normal 0.906352 -0.422524 0.000126149
    outer loop
      vertex 36.3731 -21 137.92
      vertex 38.2582 -16.9574 134.207
      vertex 38.2134 -17.0534 134.542
    endloop
  endfacet
  facet normal 0.906237 -0.42277 0.000195375
    outer loop
      vertex 38.3041 -16.8588 34.3275
      vertex 36.3731 -21 30.0756
      vertex 38.274 -16.9235 33.9412
    endloop
  endfacet
  facet normal 0.906262 -0.422716 -0.000146344
    outer loop
      vertex 36.3731 -21 137.92
      vertex 38.2134 -17.0534 134.542
      vertex 38.1579 -17.1725 134.869
    endloop
  endfacet
  facet normal 0.906256 -0.422729 0.000143284
    outer loop
      vertex 38.274 -16.9235 33.9412
      vertex 36.3731 -21 30.0756
      vertex 38.2372 -17.0025 33.6244
    endloop
  endfacet
  facet normal 0.906339 -0.422551 0.000105258
    outer loop
      vertex 36.3731 -21 137.92
      vertex 38.1579 -17.1725 134.869
      vertex 38.0918 -17.3142 135.188
    endloop
  endfacet
  facet normal 0.906337 -0.422557 -9.35633e-05
    outer loop
      vertex 38.2372 -17.0025 33.6244
      vertex 36.3731 -21 30.0756
      vertex 38.187 -17.1101 33.293
    endloop
  endfacet
  facet normal 0.906327 -0.422577 6.21801e-05
    outer loop
      vertex 36.3731 -21 137.92
      vertex 38.0918 -17.3142 135.188
      vertex 38.0155 -17.4778 135.496
    endloop
  endfacet
  facet normal 0.906369 -0.422487 -0.00019615
    outer loop
      vertex 38.187 -17.1101 33.293
      vertex 36.3731 -21 30.0756
      vertex 38.1261 -17.2406 32.9701
    endloop
  endfacet
  facet normal 0.906407 -0.422406 0.00036546
    outer loop
      vertex 36.3731 -21 137.92
      vertex 38.0155 -17.4778 135.496
      vertex 37.9294 -17.6623 135.791
    endloop
  endfacet
  facet normal 0.906306 -0.422622 1.70305e-05
    outer loop
      vertex 38.1261 -17.2406 32.9701
      vertex 36.3731 -21 30.0756
      vertex 38.0549 -17.3933 32.6569
    endloop
  endfacet
  facet normal 0.90618 -0.422892 -0.0005626
    outer loop
      vertex 36.3731 -21 137.92
      vertex 37.9294 -17.6623 135.791
      vertex 37.834 -17.8671 136.073
    endloop
  endfacet
  facet normal 0.906345 -0.422539 -0.000123507
    outer loop
      vertex 38.0549 -17.3933 32.6569
      vertex 36.3731 -21 30.0756
      vertex 37.9736 -17.5676 32.3552
    endloop
  endfacet
  facet normal 0.906378 -0.422467 0.000313985
    outer loop
      vertex 36.3731 -21 137.92
      vertex 37.834 -17.8671 136.073
      vertex 37.7295 -18.0911 136.34
    endloop
  endfacet
  facet normal 0.906332 -0.422566 -7.38357e-05
    outer loop
      vertex 37.9736 -17.5676 32.3552
      vertex 36.3731 -21 30.0756
      vertex 37.8828 -17.7623 32.0665
    endloop
  endfacet
  facet normal 0.906319 -0.422595 2.82648e-05
    outer loop
      vertex 36.3731 -21 137.92
      vertex 37.7295 -18.0911 136.34
      vertex 37.6167 -18.333 136.59
    endloop
  endfacet
  facet normal 0.906356 -0.422514 -0.000177229
    outer loop
      vertex 37.8828 -17.7623 32.0665
      vertex 36.3731 -21 30.0756
      vertex 37.7828 -17.9767 31.792
    endloop
  endfacet
  facet normal 0.906197 -0.422855 -0.000606987
    outer loop
      vertex 36.3731 -21 137.92
      vertex 37.6167 -18.333 136.59
      vertex 37.496 -18.592 136.823
    endloop
  endfacet
  facet normal 0.906262 -0.422717 0.000259059
    outer loop
      vertex 37.7828 -17.9767 31.792
      vertex 36.3731 -21 30.0756
      vertex 37.6741 -18.2099 31.5331
    endloop
  endfacet
  facet normal 0.906294 -0.422647 -5.04209e-05
    outer loop
      vertex 36.3731 -21 137.92
      vertex 37.496 -18.592 136.823
      vertex 37.368 -18.8665 137.038
    endloop
  endfacet
  facet normal 0.906304 -0.422627 4.91583e-05
    outer loop
      vertex 37.6741 -18.2099 31.5331
      vertex 36.3731 -21 30.0756
      vertex 37.5573 -18.4604 31.2911
    endloop
  endfacet
  facet normal 0.906442 -0.42233 0.00088114
    outer loop
      vertex 36.3731 -21 137.92
      vertex 37.368 -18.8665 137.038
      vertex 37.2333 -19.1552 137.232
    endloop
  endfacet
  facet normal 0.906392 -0.422437 -0.000434632
    outer loop
      vertex 37.5573 -18.4604 31.2911
      vertex 36.3731 -21 30.0756
      vertex 37.4328 -18.7273 31.0671
    endloop
  endfacet
  facet normal 0.906362 -0.422502 0.000322537
    outer loop
      vertex 36.3731 -21 137.92
      vertex 37.2333 -19.1552 137.232
      vertex 37.0926 -19.4569 137.407
    endloop
  endfacet
  facet normal 0.906241 -0.422762 0.00047162
    outer loop
      vertex 37.4328 -18.7273 31.0671
      vertex 36.3731 -21 30.0756
      vertex 37.3014 -19.0092 30.8624
    endloop
  endfacet
  facet normal 0.906235 -0.422773 -0.000672198
    outer loop
      vertex 36.3731 -21 137.92
      vertex 37.0926 -19.4569 137.407
      vertex 36.9466 -19.7701 137.559
    endloop
  endfacet
  facet normal 0.906413 -0.422393 -0.000664509
    outer loop
      vertex 37.3014 -19.0092 30.8624
      vertex 36.3731 -21 30.0756
      vertex 37.1637 -19.3044 30.6779
    endloop
  endfacet
  facet normal 0.906402 -0.422416 0.000809556
    outer loop
      vertex 36.3731 -21 137.92
      vertex 36.9466 -19.7701 137.559
      vertex 36.796 -20.093 137.69
    endloop
  endfacet
  facet normal 0.906285 -0.422668 0.000276068
    outer loop
      vertex 37.1637 -19.3044 30.6779
      vertex 36.3731 -21 30.0756
      vertex 37.0202 -19.6122 30.5142
    endloop
  endfacet
  facet normal 0.906423 -0.42237 0.00103028
    outer loop
      vertex 36.3731 -21 137.92
      vertex 36.796 -20.093 137.69
      vertex 36.6415 -20.4243 137.798
    endloop
  endfacet
  facet normal 0.906275 -0.422688 0.000356029
    outer loop
      vertex 37.0202 -19.6122 30.5142
      vertex 36.3731 -21 30.0756
      vertex 36.8718 -19.9305 30.3725
    endloop
  endfacet
  facet normal 0.906359 -0.422508 0.00023486
    outer loop
      vertex 36.3731 -21 137.92
      vertex 36.6415 -20.4243 137.798
      vertex 36.4938 -20.7411 137.877
    endloop
  endfacet
  facet normal 0.906568 -0.422053 -0.00242449
    outer loop
      vertex 36.8718 -19.9305 30.3725
      vertex 36.3731 -21 30.0756
      vertex 36.7192 -20.2576 30.2534
    endloop
  endfacet
  facet normal 0.906239 -0.422763 0.00118071
    outer loop
      vertex 36.7192 -20.2576 30.2534
      vertex 36.3731 -21 30.0756
      vertex 36.563 -20.5927 30.1574
    endloop
  endfacet
  facet normal 0.907153 -0.420643 -0.011498
    outer loop
      vertex 36.563 -20.5927 30.1574
      vertex 36.3731 -21 30.0756
      vertex 36.4041 -20.9334 30.0849
    endloop
  endfacet
  facet normal -0.258816 -0.965927 0
    outer loop
      vertex -14.3648 -39.4671 0
      vertex -7.29322 -41.3619 150
      vertex -14.3648 -39.4671 150
    endloop
  endfacet
  facet normal -0.258816 -0.965927 -0
    outer loop
      vertex -7.29322 -41.3619 150
      vertex -14.3648 -39.4671 0
      vertex -7.29322 -41.3619 0
    endloop
  endfacet
  facet normal -0.258816 -0.965927 0
    outer loop
      vertex -14.3648 -39.4671 160
      vertex -7.29322 -41.3619 168
      vertex -14.3648 -39.4671 168
    endloop
  endfacet
  facet normal -0.258816 -0.965927 -0
    outer loop
      vertex -7.29322 -41.3619 168
      vertex -14.3648 -39.4671 160
      vertex -7.29322 -41.3619 160
    endloop
  endfacet
  facet normal 0.965927 -0.258816 0
    outer loop
      vertex 39.4671 -14.3648 168
      vertex 41.3619 -7.29322 163
      vertex 41.3619 -7.29322 168
    endloop
  endfacet
  facet normal 0.965927 -0.258816 0
    outer loop
      vertex 41.3619 -7.29322 163
      vertex 39.4671 -14.3648 168
      vertex 39.4671 -14.3648 163
    endloop
  endfacet
  facet normal 0.965927 -0.258816 0
    outer loop
      vertex 39.4671 -14.3648 5
      vertex 41.3619 -7.29322 0
      vertex 41.3619 -7.29322 5
    endloop
  endfacet
  facet normal 0.965927 -0.258816 0
    outer loop
      vertex 41.3619 -7.29322 0
      vertex 39.4671 -14.3648 5
      vertex 39.4671 -14.3648 0
    endloop
  endfacet
  facet normal 0.996196 0.087146 0
    outer loop
      vertex 48.7375 3 160
      vertex 48.2556 8.50876 150
      vertex 48.2556 8.50876 160
    endloop
  endfacet
  facet normal 0.996196 0.087146 0
    outer loop
      vertex 48.2556 8.50876 150
      vertex 48.7375 3 160
      vertex 48.7375 3 150
    endloop
  endfacet
  facet normal -0.996196 0.087146 0
    outer loop
      vertex -48.7375 3 150
      vertex -48.2556 8.50876 160
      vertex -48.2556 8.50876 150
    endloop
  endfacet
  facet normal -0.996196 0.087146 0
    outer loop
      vertex -48.2556 8.50876 160
      vertex -48.7375 3 150
      vertex -48.7375 3 160
    endloop
  endfacet
  facet normal 0.087146 0.996196 -0
    outer loop
      vertex 8.50876 48.2556 150
      vertex 3 48.7375 160
      vertex 8.50876 48.2556 160
    endloop
  endfacet
  facet normal 0.087146 0.996196 0
    outer loop
      vertex 3 48.7375 160
      vertex 8.50876 48.2556 150
      vertex 3 48.7375 150
    endloop
  endfacet
  facet normal -0.087146 -0.996196 0
    outer loop
      vertex -8.50876 -48.2556 150
      vertex -3 -48.7375 160
      vertex -8.50876 -48.2556 160
    endloop
  endfacet
  facet normal -0.087146 -0.996196 -0
    outer loop
      vertex -3 -48.7375 160
      vertex -8.50876 -48.2556 150
      vertex -3 -48.7375 150
    endloop
  endfacet
  facet normal 0.707107 0.707107 0
    outer loop
      vertex 31.6613 37.3715 160
      vertex 31.4966 37.5362 159.592
      vertex 31.4966 37.5362 160
    endloop
  endfacet
  facet normal -0.573571 0.819156 -4.55306e-05
    outer loop
      vertex -31.2283 37.724 158.868
      vertex -31.4966 37.5362 160
      vertex -24.5 42.4352 160
    endloop
  endfacet
  facet normal -0.573261 0.819373 0
    outer loop
      vertex -31.4966 37.5362 160
      vertex -31.4693 37.5553 159.545
      vertex -31.4966 37.5362 159.592
    endloop
  endfacet
  facet normal -0.573503 0.819203 -2.16542e-05
    outer loop
      vertex -31.4966 37.5362 160
      vertex -31.2283 37.724 158.868
      vertex -31.4693 37.5553 159.545
    endloop
  endfacet
  facet normal -0.573579 0.81915 2.54963e-05
    outer loop
      vertex -24.5 42.4352 160
      vertex -31.1198 37.8 158
      vertex -31.2283 37.724 158.868
    endloop
  endfacet
  facet normal -0.573574 0.819154 0
    outer loop
      vertex -24.5 42.4352 150
      vertex -31.1198 37.8 158
      vertex -24.5 42.4352 160
    endloop
  endfacet
  facet normal -0.573574 0.819154 0
    outer loop
      vertex -31.1198 37.8 158
      vertex -24.5 42.4352 150
      vertex -31.1198 37.8 150
    endloop
  endfacet
  facet normal -0.258825 0.965924 0
    outer loop
      vertex -8.50876 48.2556 150
      vertex -16.759 46.0449 160
      vertex -8.50876 48.2556 160
    endloop
  endfacet
  facet normal -0.258825 0.965924 0
    outer loop
      vertex -16.759 46.0449 160
      vertex -8.50876 48.2556 150
      vertex -16.759 46.0449 150
    endloop
  endfacet
  facet normal 0.707107 -0.707107 0
    outer loop
      vertex 31.4966 -37.5362 160
      vertex 31.4966 -37.5362 159.571
      vertex 31.6528 -37.38 160
    endloop
  endfacet
  facet normal 0 0 -1
    outer loop
      vertex 42.4 3 150
      vertex 48.2556 8.50876 150
      vertex 48.7375 3 150
    endloop
  endfacet
  facet normal -0 0 -1
    outer loop
      vertex 48.2556 8.50876 150
      vertex 42.4 3 150
      vertex 46.0449 16.759 150
    endloop
  endfacet
  facet normal -0 0 -1
    outer loop
      vertex 46.0449 16.759 150
      vertex 42.4 3 150
      vertex 42.4352 24.5 150
    endloop
  endfacet
  facet normal -0 0 -1
    outer loop
      vertex 42.4352 24.5 150
      vertex 42.4 3 150
      vertex 42.4 24.5503 150
    endloop
  endfacet
  facet normal 0 0 -1
    outer loop
      vertex -42.4352 -24.5 150
      vertex -42.4 -3 150
      vertex -42.4 -24.5503 150
    endloop
  endfacet
  facet normal 0 0 -1
    outer loop
      vertex -46.0449 -16.759 150
      vertex -42.4 -3 150
      vertex -42.4352 -24.5 150
    endloop
  endfacet
  facet normal 0 0 -1
    outer loop
      vertex -48.2556 -8.50876 150
      vertex -42.4 -3 150
      vertex -46.0449 -16.759 150
    endloop
  endfacet
  facet normal -0 0 -1
    outer loop
      vertex -42.4 -3 150
      vertex -48.2556 -8.50876 150
      vertex -48.7375 -3 150
    endloop
  endfacet
  facet normal 0 0 -1
    outer loop
      vertex 28 31.1709 150
      vertex 27.5772 31.8198 150
      vertex 28 31.397 150
    endloop
  endfacet
  facet normal -0 -0 -1
    outer loop
      vertex 27.5772 31.8198 150
      vertex 28 31.1709 150
      vertex 26.9971 32.1739 150
    endloop
  endfacet
  facet normal 0 0 -1
    outer loop
      vertex 26.9971 32.1739 150
      vertex 28 32.2426 150
      vertex 27.5772 31.8198 150
    endloop
  endfacet
  facet normal -0 0 -1
    outer loop
      vertex 28 32.2426 150
      vertex 26.9971 32.1739 150
      vertex 28 37.8 150
    endloop
  endfacet
  facet normal 0 0 -1
    outer loop
      vertex 28 37.8 150
      vertex 24.5 42.4352 150
      vertex 31.1198 37.8 150
    endloop
  endfacet
  facet normal 0 0 -1
    outer loop
      vertex 21 36.3731 150
      vertex 28 37.8 150
      vertex 26.9971 32.1739 150
    endloop
  endfacet
  facet normal -0 0 -1
    outer loop
      vertex 28 37.8 150
      vertex 21 36.3731 150
      vertex 24.5 42.4352 150
    endloop
  endfacet
  facet normal 0 0 -1
    outer loop
      vertex 21 36.3731 150
      vertex 16.759 46.0449 150
      vertex 24.5 42.4352 150
    endloop
  endfacet
  facet normal 0 0 -1
    outer loop
      vertex 14.3648 39.4671 150
      vertex 16.759 46.0449 150
      vertex 21 36.3731 150
    endloop
  endfacet
  facet normal 0 0 -1
    outer loop
      vertex 14.3648 39.4671 150
      vertex 8.50876 48.2556 150
      vertex 16.759 46.0449 150
    endloop
  endfacet
  facet normal 0 0 -1
    outer loop
      vertex 7.29322 41.3619 150
      vertex 8.50876 48.2556 150
      vertex 14.3648 39.4671 150
    endloop
  endfacet
  facet normal 0 0 -1
    outer loop
      vertex 3 42 150
      vertex 8.50876 48.2556 150
      vertex 7.29322 41.3619 150
    endloop
  endfacet
  facet normal -0 0 -1
    outer loop
      vertex 8.50876 48.2556 150
      vertex 3 42 150
      vertex 3 48.7375 150
    endloop
  endfacet
  facet normal 0 0 -1
    outer loop
      vertex 7.29322 41.3619 150
      vertex 0 42 150
      vertex 3 42 150
    endloop
  endfacet
  facet normal 0 0 -1
    outer loop
      vertex -42.4 3 150
      vertex -42.4352 24.5 150
      vertex -42.4 24.5503 150
    endloop
  endfacet
  facet normal 0 0 -1
    outer loop
      vertex -42.4 3 150
      vertex -46.0449 16.759 150
      vertex -42.4352 24.5 150
    endloop
  endfacet
  facet normal 0 0 -1
    outer loop
      vertex -42.4 3 150
      vertex -48.2556 8.50876 150
      vertex -46.0449 16.759 150
    endloop
  endfacet
  facet normal 0 -0 -1
    outer loop
      vertex -48.2556 8.50876 150
      vertex -42.4 3 150
      vertex -48.7375 3 150
    endloop
  endfacet
  facet normal 0 0 -1
    outer loop
      vertex -28 31.1709 150
      vertex -27.5772 31.8198 150
      vertex -26.9971 32.1739 150
    endloop
  endfacet
  facet normal 0 0 -1
    outer loop
      vertex -27.5772 31.8198 150
      vertex -28 31.1709 150
      vertex -28 31.397 150
    endloop
  endfacet
  facet normal 0 0 -1
    outer loop
      vertex -7.29322 41.3619 150
      vertex -3 42 150
      vertex 0 42 150
    endloop
  endfacet
  facet normal 0 0 -1
    outer loop
      vertex -8.50876 48.2556 150
      vertex -3 42 150
      vertex -7.29322 41.3619 150
    endloop
  endfacet
  facet normal 0 0 -1
    outer loop
      vertex -3 42 150
      vertex -8.50876 48.2556 150
      vertex -3 48.7375 150
    endloop
  endfacet
  facet normal 0 0 -1
    outer loop
      vertex -14.3648 39.4671 150
      vertex -8.50876 48.2556 150
      vertex -7.29322 41.3619 150
    endloop
  endfacet
  facet normal 0 0 -1
    outer loop
      vertex -14.3648 39.4671 150
      vertex -16.759 46.0449 150
      vertex -8.50876 48.2556 150
    endloop
  endfacet
  facet normal 0 0 -1
    outer loop
      vertex -21 36.3731 150
      vertex -16.759 46.0449 150
      vertex -14.3648 39.4671 150
    endloop
  endfacet
  facet normal 0 0 -1
    outer loop
      vertex -21 36.3731 150
      vertex -24.5 42.4352 150
      vertex -16.759 46.0449 150
    endloop
  endfacet
  facet normal 0 0 -1
    outer loop
      vertex -28 37.8 150
      vertex -21 36.3731 150
      vertex -26.9971 32.1739 150
    endloop
  endfacet
  facet normal 0 0 -1
    outer loop
      vertex -28 32.2426 150
      vertex -26.9971 32.1739 150
      vertex -27.5772 31.8198 150
    endloop
  endfacet
  facet normal 0 0 -1
    outer loop
      vertex -26.9971 32.1739 150
      vertex -28 32.2426 150
      vertex -28 37.8 150
    endloop
  endfacet
  facet normal 0 0 -1
    outer loop
      vertex -21 36.3731 150
      vertex -28 37.8 150
      vertex -24.5 42.4352 150
    endloop
  endfacet
  facet normal 0 0 -1
    outer loop
      vertex -24.5 42.4352 150
      vertex -28 37.8 150
      vertex -31.1198 37.8 150
    endloop
  endfacet
  facet normal 0 0 -1
    outer loop
      vertex 26.9971 -32.1739 150
      vertex 28 -32.2426 150
      vertex 28 -37.8 150
    endloop
  endfacet
  facet normal 0 0 -1
    outer loop
      vertex 28 -32.2426 150
      vertex 26.9971 -32.1739 150
      vertex 27.5772 -31.8198 150
    endloop
  endfacet
  facet normal 0 0 -1
    outer loop
      vertex 24.5 -42.4352 150
      vertex 28 -37.8 150
      vertex 31.1198 -37.8 150
    endloop
  endfacet
  facet normal 0 0 -1
    outer loop
      vertex 21 -36.3731 150
      vertex 28 -37.8 150
      vertex 24.5 -42.4352 150
    endloop
  endfacet
  facet normal 0 0 -1
    outer loop
      vertex 28 -37.8 150
      vertex 21 -36.3731 150
      vertex 26.9971 -32.1739 150
    endloop
  endfacet
  facet normal 0 0 -1
    outer loop
      vertex 16.759 -46.0449 150
      vertex 21 -36.3731 150
      vertex 24.5 -42.4352 150
    endloop
  endfacet
  facet normal 0 0 -1
    outer loop
      vertex 16.759 -46.0449 150
      vertex 14.3648 -39.4671 150
      vertex 21 -36.3731 150
    endloop
  endfacet
  facet normal 0 0 -1
    outer loop
      vertex 8.50876 -48.2556 150
      vertex 14.3648 -39.4671 150
      vertex 16.759 -46.0449 150
    endloop
  endfacet
  facet normal 0 0 -1
    outer loop
      vertex 8.50876 -48.2556 150
      vertex 7.29322 -41.3619 150
      vertex 14.3648 -39.4671 150
    endloop
  endfacet
  facet normal 0 0 -1
    outer loop
      vertex 3 -42 150
      vertex 8.50876 -48.2556 150
      vertex 3 -48.7375 150
    endloop
  endfacet
  facet normal 0 0 -1
    outer loop
      vertex 8.50876 -48.2556 150
      vertex 3 -42 150
      vertex 7.29322 -41.3619 150
    endloop
  endfacet
  facet normal 0 0 -1
    outer loop
      vertex 7.29322 -41.3619 150
      vertex 3 -42 150
      vertex 0 -42 150
    endloop
  endfacet
  facet normal 0 0 -1
    outer loop
      vertex 27.5772 -31.8198 150
      vertex 28 -31.1709 150
      vertex 28 -31.397 150
    endloop
  endfacet
  facet normal 0 0 -1
    outer loop
      vertex 28 -31.1709 150
      vertex 27.5772 -31.8198 150
      vertex 26.9971 -32.1739 150
    endloop
  endfacet
  facet normal 0 0 -1
    outer loop
      vertex -8.50876 -48.2556 150
      vertex -3 -42 150
      vertex -3 -48.7375 150
    endloop
  endfacet
  facet normal -0 0 -1
    outer loop
      vertex -3 -42 150
      vertex -8.50876 -48.2556 150
      vertex -7.29322 -41.3619 150
    endloop
  endfacet
  facet normal 0 0 -1
    outer loop
      vertex -8.50876 -48.2556 150
      vertex -14.3648 -39.4671 150
      vertex -7.29322 -41.3619 150
    endloop
  endfacet
  facet normal 0 0 -1
    outer loop
      vertex -16.759 -46.0449 150
      vertex -14.3648 -39.4671 150
      vertex -8.50876 -48.2556 150
    endloop
  endfacet
  facet normal 0 0 -1
    outer loop
      vertex -16.759 -46.0449 150
      vertex -21 -36.3731 150
      vertex -14.3648 -39.4671 150
    endloop
  endfacet
  facet normal 0 0 -1
    outer loop
      vertex -24.5 -42.4352 150
      vertex -21 -36.3731 150
      vertex -16.759 -46.0449 150
    endloop
  endfacet
  facet normal 0 0 -1
    outer loop
      vertex -28 -37.8 150
      vertex -21 -36.3731 150
      vertex -24.5 -42.4352 150
    endloop
  endfacet
  facet normal -0 0 -1
    outer loop
      vertex -21 -36.3731 150
      vertex -28 -37.8 150
      vertex -26.9971 -32.1739 150
    endloop
  endfacet
  facet normal 0 0 -1
    outer loop
      vertex -28 -32.2426 150
      vertex -26.9971 -32.1739 150
      vertex -28 -37.8 150
    endloop
  endfacet
  facet normal -0 -0 -1
    outer loop
      vertex -28 -37.8 150
      vertex -24.5 -42.4352 150
      vertex -31.1198 -37.8 150
    endloop
  endfacet
  facet normal 0 0 -1
    outer loop
      vertex 0 -42 150
      vertex -3 -42 150
      vertex -7.29322 -41.3619 150
    endloop
  endfacet
  facet normal 0 0 -1
    outer loop
      vertex -28 -31.1709 150
      vertex -27.5772 -31.8198 150
      vertex -28 -31.397 150
    endloop
  endfacet
  facet normal 0 0 -1
    outer loop
      vertex -27.5772 -31.8198 150
      vertex -28 -31.1709 150
      vertex -26.9971 -32.1739 150
    endloop
  endfacet
  facet normal -0 0 -1
    outer loop
      vertex -26.9971 -32.1739 150
      vertex -28 -32.2426 150
      vertex -27.5772 -31.8198 150
    endloop
  endfacet
  facet normal 0 0 -1
    outer loop
      vertex 42.4 -3 150
      vertex 48.2556 -8.50876 150
      vertex 46.0449 -16.759 150
    endloop
  endfacet
  facet normal 0 0 -1
    outer loop
      vertex 42.4 -3 150
      vertex 46.0449 -16.759 150
      vertex 42.4352 -24.5 150
    endloop
  endfacet
  facet normal 0 0 -1
    outer loop
      vertex 42.4 -3 150
      vertex 42.4352 -24.5 150
      vertex 42.4 -24.5503 150
    endloop
  endfacet
  facet normal 0 0 -1
    outer loop
      vertex 48.2556 -8.50876 150
      vertex 42.4 -3 150
      vertex 48.7375 -3 150
    endloop
  endfacet
  facet normal 0.906307 0.422619 0
    outer loop
      vertex 46.0449 16.759 160
      vertex 42.4352 24.5 150
      vertex 42.4352 24.5 160
    endloop
  endfacet
  facet normal 0.906307 0.422619 0
    outer loop
      vertex 42.4352 24.5 150
      vertex 46.0449 16.759 160
      vertex 46.0449 16.759 150
    endloop
  endfacet
  facet normal 0.965924 0.258825 0
    outer loop
      vertex 48.2556 8.50876 160
      vertex 46.0449 16.759 150
      vertex 46.0449 16.759 160
    endloop
  endfacet
  facet normal 0.965924 0.258825 0
    outer loop
      vertex 46.0449 16.759 150
      vertex 48.2556 8.50876 160
      vertex 48.2556 8.50876 150
    endloop
  endfacet
  facet normal 0.819308 0.573353 0
    outer loop
      vertex 42.4352 24.5 160
      vertex 42.4 24.5503 150
      vertex 42.4 24.5503 160
    endloop
  endfacet
  facet normal 0.819308 0.573353 0
    outer loop
      vertex 42.4 24.5503 150
      vertex 42.4352 24.5 160
      vertex 42.4352 24.5 150
    endloop
  endfacet
  facet normal 0.422619 0.906307 -0
    outer loop
      vertex 24.5 42.4352 150
      vertex 16.759 46.0449 160
      vertex 24.5 42.4352 160
    endloop
  endfacet
  facet normal 0.422619 0.906307 0
    outer loop
      vertex 16.759 46.0449 160
      vertex 24.5 42.4352 150
      vertex 16.759 46.0449 150
    endloop
  endfacet
  facet normal 0.258825 0.965924 -0
    outer loop
      vertex 16.759 46.0449 150
      vertex 8.50876 48.2556 160
      vertex 16.759 46.0449 160
    endloop
  endfacet
  facet normal 0.258825 0.965924 0
    outer loop
      vertex 8.50876 48.2556 160
      vertex 16.759 46.0449 150
      vertex 8.50876 48.2556 150
    endloop
  endfacet
  facet normal 0.573261 0.819373 0
    outer loop
      vertex 31.4693 37.5553 159.545
      vertex 31.4966 37.5362 160
      vertex 31.4966 37.5362 159.592
    endloop
  endfacet
  facet normal 0.573503 0.819203 -2.16542e-05
    outer loop
      vertex 31.2283 37.724 158.868
      vertex 31.4966 37.5362 160
      vertex 31.4693 37.5553 159.545
    endloop
  endfacet
  facet normal 0.573571 0.819156 -4.55306e-05
    outer loop
      vertex 31.4966 37.5362 160
      vertex 31.2283 37.724 158.868
      vertex 24.5 42.4352 160
    endloop
  endfacet
  facet normal 0.573579 0.81915 2.54963e-05
    outer loop
      vertex 31.1198 37.8 158
      vertex 24.5 42.4352 160
      vertex 31.2283 37.724 158.868
    endloop
  endfacet
  facet normal 0.573574 0.819154 0
    outer loop
      vertex 24.5 42.4352 150
      vertex 31.1198 37.8 158
      vertex 31.1198 37.8 150
    endloop
  endfacet
  facet normal 0.573574 0.819154 0
    outer loop
      vertex 31.1198 37.8 158
      vertex 24.5 42.4352 150
      vertex 24.5 42.4352 160
    endloop
  endfacet
  facet normal -0.819308 0.573353 0
    outer loop
      vertex -42.4352 24.5 150
      vertex -42.4 24.5503 160
      vertex -42.4 24.5503 150
    endloop
  endfacet
  facet normal -0.819308 0.573353 0
    outer loop
      vertex -42.4 24.5503 160
      vertex -42.4352 24.5 150
      vertex -42.4352 24.5 160
    endloop
  endfacet
  facet normal -0.707107 0.707107 0
    outer loop
      vertex -31.4966 37.5362 159.592
      vertex -31.6613 37.3715 160
      vertex -31.4966 37.5362 160
    endloop
  endfacet
  facet normal -0.906307 0.422619 0
    outer loop
      vertex -46.0449 16.759 150
      vertex -42.4352 24.5 160
      vertex -42.4352 24.5 150
    endloop
  endfacet
  facet normal -0.906307 0.422619 0
    outer loop
      vertex -42.4352 24.5 160
      vertex -46.0449 16.759 150
      vertex -46.0449 16.759 160
    endloop
  endfacet
  facet normal -0.422619 0.906307 0
    outer loop
      vertex -16.759 46.0449 150
      vertex -24.5 42.4352 160
      vertex -16.759 46.0449 160
    endloop
  endfacet
  facet normal -0.422619 0.906307 0
    outer loop
      vertex -24.5 42.4352 160
      vertex -16.759 46.0449 150
      vertex -24.5 42.4352 150
    endloop
  endfacet
  facet normal -0.087146 0.996196 0
    outer loop
      vertex -3 48.7375 150
      vertex -8.50876 48.2556 160
      vertex -3 48.7375 160
    endloop
  endfacet
  facet normal -0.087146 0.996196 0
    outer loop
      vertex -8.50876 48.2556 160
      vertex -3 48.7375 150
      vertex -8.50876 48.2556 150
    endloop
  endfacet
  facet normal 0.573571 -0.819156 1.35074e-05
    outer loop
      vertex 31.3965 -37.6063 159.378
      vertex 31.4966 -37.5362 160
      vertex 24.5 -42.4352 160
    endloop
  endfacet
  facet normal 0.573627 -0.819117 0
    outer loop
      vertex 31.4966 -37.5362 160
      vertex 31.3965 -37.6063 159.378
      vertex 31.4966 -37.5362 159.571
    endloop
  endfacet
  facet normal 0.573564 -0.819161 -9.41808e-05
    outer loop
      vertex 24.5 -42.4352 160
      vertex 31.1893 -37.7513 158.696
      vertex 31.3965 -37.6063 159.378
    endloop
  endfacet
  facet normal 0.573582 -0.819148 4.10508e-05
    outer loop
      vertex 24.5 -42.4352 160
      vertex 31.1198 -37.8 158
      vertex 31.1893 -37.7513 158.696
    endloop
  endfacet
  facet normal 0.573574 -0.819154 0
    outer loop
      vertex 24.5 -42.4352 150
      vertex 31.1198 -37.8 158
      vertex 24.5 -42.4352 160
    endloop
  endfacet
  facet normal 0.573574 -0.819154 0
    outer loop
      vertex 31.1198 -37.8 158
      vertex 24.5 -42.4352 150
      vertex 31.1198 -37.8 150
    endloop
  endfacet
  facet normal -0.707107 -0.707107 -0
    outer loop
      vertex -31.4966 -37.5362 160
      vertex -31.6528 -37.38 160
      vertex -31.4966 -37.5362 159.571
    endloop
  endfacet
  facet normal -0.422619 -0.906307 0
    outer loop
      vertex -24.5 -42.4352 150
      vertex -16.759 -46.0449 160
      vertex -24.5 -42.4352 160
    endloop
  endfacet
  facet normal -0.422619 -0.906307 -0
    outer loop
      vertex -16.759 -46.0449 160
      vertex -24.5 -42.4352 150
      vertex -16.759 -46.0449 150
    endloop
  endfacet
  facet normal -0.906307 -0.422619 0
    outer loop
      vertex -42.4352 -24.5 150
      vertex -46.0449 -16.759 160
      vertex -46.0449 -16.759 150
    endloop
  endfacet
  facet normal -0.906307 -0.422619 0
    outer loop
      vertex -46.0449 -16.759 160
      vertex -42.4352 -24.5 150
      vertex -42.4352 -24.5 160
    endloop
  endfacet
  facet normal -0.819308 -0.573353 0
    outer loop
      vertex -42.4 -24.5503 150
      vertex -42.4352 -24.5 160
      vertex -42.4352 -24.5 150
    endloop
  endfacet
  facet normal -0.819308 -0.573353 0
    outer loop
      vertex -42.4352 -24.5 160
      vertex -42.4 -24.5503 150
      vertex -42.4 -24.5503 160
    endloop
  endfacet
  facet normal -0.996196 -0.087146 0
    outer loop
      vertex -48.2556 -8.50876 150
      vertex -48.7375 -3 160
      vertex -48.7375 -3 150
    endloop
  endfacet
  facet normal -0.996196 -0.087146 0
    outer loop
      vertex -48.7375 -3 160
      vertex -48.2556 -8.50876 150
      vertex -48.2556 -8.50876 160
    endloop
  endfacet
  facet normal -0.965924 0.258825 0
    outer loop
      vertex -48.2556 8.50876 150
      vertex -46.0449 16.759 160
      vertex -46.0449 16.759 150
    endloop
  endfacet
  facet normal -0.965924 0.258825 0
    outer loop
      vertex -46.0449 16.759 160
      vertex -48.2556 8.50876 150
      vertex -48.2556 8.50876 160
    endloop
  endfacet
  facet normal 0 0 1
    outer loop
      vertex 42.4 3 160
      vertex 48.2556 8.50876 160
      vertex 46.0449 16.759 160
    endloop
  endfacet
  facet normal 0 0 1
    outer loop
      vertex 42.4 3 160
      vertex 46.0449 16.759 160
      vertex 42.4352 24.5 160
    endloop
  endfacet
  facet normal 0 0 1
    outer loop
      vertex 42.4 3 160
      vertex 42.4352 24.5 160
      vertex 42.4 24.5503 160
    endloop
  endfacet
  facet normal 0 0 1
    outer loop
      vertex 48.2556 8.50876 160
      vertex 42.4 3 160
      vertex 48.7375 3 160
    endloop
  endfacet
  facet normal 0 0 1
    outer loop
      vertex 31.4966 37.5362 160
      vertex 28 37.3715 160
      vertex 31.6613 37.3715 160
    endloop
  endfacet
  facet normal 0 0 1
    outer loop
      vertex 26.9971 32.1739 160
      vertex 28 32.2426 160
      vertex 28 37.3715 160
    endloop
  endfacet
  facet normal 0 0 1
    outer loop
      vertex 28 32.2426 160
      vertex 26.9971 32.1739 160
      vertex 27.5772 31.8198 160
    endloop
  endfacet
  facet normal 0 0 1
    outer loop
      vertex 24.5 42.4352 160
      vertex 28 37.3715 160
      vertex 31.4966 37.5362 160
    endloop
  endfacet
  facet normal 0 0 1
    outer loop
      vertex 21 36.3731 160
      vertex 28 37.3715 160
      vertex 24.5 42.4352 160
    endloop
  endfacet
  facet normal 0 0 1
    outer loop
      vertex 28 37.3715 160
      vertex 21 36.3731 160
      vertex 26.9971 32.1739 160
    endloop
  endfacet
  facet normal 0 0 1
    outer loop
      vertex 16.759 46.0449 160
      vertex 21 36.3731 160
      vertex 24.5 42.4352 160
    endloop
  endfacet
  facet normal 0 0 1
    outer loop
      vertex 16.759 46.0449 160
      vertex 14.3648 39.4671 160
      vertex 21 36.3731 160
    endloop
  endfacet
  facet normal 0 0 1
    outer loop
      vertex 8.50876 48.2556 160
      vertex 14.3648 39.4671 160
      vertex 16.759 46.0449 160
    endloop
  endfacet
  facet normal 0 0 1
    outer loop
      vertex 8.50876 48.2556 160
      vertex 7.29322 41.3619 160
      vertex 14.3648 39.4671 160
    endloop
  endfacet
  facet normal 0 0 1
    outer loop
      vertex 3 42 160
      vertex 8.50876 48.2556 160
      vertex 3 48.7375 160
    endloop
  endfacet
  facet normal 0 0 1
    outer loop
      vertex 8.50876 48.2556 160
      vertex 3 42 160
      vertex 7.29322 41.3619 160
    endloop
  endfacet
  facet normal 0 0 1
    outer loop
      vertex 7.29322 41.3619 160
      vertex 3 42 160
      vertex 0 42 160
    endloop
  endfacet
  facet normal 0 0 1
    outer loop
      vertex 27.5772 31.8198 160
      vertex 28 31.1709 160
      vertex 28 31.397 160
    endloop
  endfacet
  facet normal 0 0 1
    outer loop
      vertex 28 31.1709 160
      vertex 27.5772 31.8198 160
      vertex 26.9971 32.1739 160
    endloop
  endfacet
  facet normal -0 0 1
    outer loop
      vertex -8.50876 48.2556 160
      vertex -3 42 160
      vertex -3 48.7375 160
    endloop
  endfacet
  facet normal 0 0 1
    outer loop
      vertex -3 42 160
      vertex -8.50876 48.2556 160
      vertex -7.29322 41.3619 160
    endloop
  endfacet
  facet normal 0 0 1
    outer loop
      vertex -8.50876 48.2556 160
      vertex -14.3648 39.4671 160
      vertex -7.29322 41.3619 160
    endloop
  endfacet
  facet normal -0 0 1
    outer loop
      vertex -16.759 46.0449 160
      vertex -14.3648 39.4671 160
      vertex -8.50876 48.2556 160
    endloop
  endfacet
  facet normal 0 0 1
    outer loop
      vertex -16.759 46.0449 160
      vertex -21 36.3731 160
      vertex -14.3648 39.4671 160
    endloop
  endfacet
  facet normal -0 0 1
    outer loop
      vertex -24.5 42.4352 160
      vertex -21 36.3731 160
      vertex -16.759 46.0449 160
    endloop
  endfacet
  facet normal -0 0 1
    outer loop
      vertex -28 37.3715 160
      vertex -21 36.3731 160
      vertex -24.5 42.4352 160
    endloop
  endfacet
  facet normal 0 0 1
    outer loop
      vertex -21 36.3731 160
      vertex -28 37.3715 160
      vertex -26.9971 32.1739 160
    endloop
  endfacet
  facet normal -0 0 1
    outer loop
      vertex -28 32.2426 160
      vertex -26.9971 32.1739 160
      vertex -28 37.3715 160
    endloop
  endfacet
  facet normal -0 0 1
    outer loop
      vertex -31.4966 37.5362 160
      vertex -28 37.3715 160
      vertex -24.5 42.4352 160
    endloop
  endfacet
  facet normal 0 0 1
    outer loop
      vertex -28 37.3715 160
      vertex -31.4966 37.5362 160
      vertex -31.6613 37.3715 160
    endloop
  endfacet
  facet normal 0 0 1
    outer loop
      vertex 0 42 160
      vertex -3 42 160
      vertex -7.29322 41.3619 160
    endloop
  endfacet
  facet normal 0 0 1
    outer loop
      vertex -28 31.1709 160
      vertex -27.5772 31.8198 160
      vertex -28 31.397 160
    endloop
  endfacet
  facet normal -0 0 1
    outer loop
      vertex -27.5772 31.8198 160
      vertex -28 31.1709 160
      vertex -26.9971 32.1739 160
    endloop
  endfacet
  facet normal 0 0 1
    outer loop
      vertex -26.9971 32.1739 160
      vertex -28 32.2426 160
      vertex -27.5772 31.8198 160
    endloop
  endfacet
  facet normal 0 0 1
    outer loop
      vertex -42.4 -3 160
      vertex -42.4352 -24.5 160
      vertex -42.4 -24.5503 160
    endloop
  endfacet
  facet normal 0 0 1
    outer loop
      vertex -42.4 -3 160
      vertex -46.0449 -16.759 160
      vertex -42.4352 -24.5 160
    endloop
  endfacet
  facet normal 0 0 1
    outer loop
      vertex -42.4 -3 160
      vertex -48.2556 -8.50876 160
      vertex -46.0449 -16.759 160
    endloop
  endfacet
  facet normal 0 -0 1
    outer loop
      vertex -48.2556 -8.50876 160
      vertex -42.4 -3 160
      vertex -48.7375 -3 160
    endloop
  endfacet
  facet normal -0 0 1
    outer loop
      vertex -42.4352 24.5 160
      vertex -42.4 3 160
      vertex -42.4 24.5503 160
    endloop
  endfacet
  facet normal -0 0 1
    outer loop
      vertex -46.0449 16.759 160
      vertex -42.4 3 160
      vertex -42.4352 24.5 160
    endloop
  endfacet
  facet normal -0 0 1
    outer loop
      vertex -48.2556 8.50876 160
      vertex -42.4 3 160
      vertex -46.0449 16.759 160
    endloop
  endfacet
  facet normal 0 0 1
    outer loop
      vertex -42.4 3 160
      vertex -48.2556 8.50876 160
      vertex -48.7375 3 160
    endloop
  endfacet
  facet normal 0 0 1
    outer loop
      vertex 28 -31.1709 160
      vertex 27.5772 -31.8198 160
      vertex 28 -31.397 160
    endloop
  endfacet
  facet normal 0 -0 1
    outer loop
      vertex 27.5772 -31.8198 160
      vertex 28 -31.1709 160
      vertex 26.9971 -32.1739 160
    endloop
  endfacet
  facet normal -0 0 1
    outer loop
      vertex 26.9971 -32.1739 160
      vertex 28 -32.2426 160
      vertex 27.5772 -31.8198 160
    endloop
  endfacet
  facet normal -0 0 1
    outer loop
      vertex 28 -37.38 160
      vertex 31.4966 -37.5362 160
      vertex 31.6528 -37.38 160
    endloop
  endfacet
  facet normal 0 0 1
    outer loop
      vertex 28 -32.2426 160
      vertex 26.9971 -32.1739 160
      vertex 28 -37.38 160
    endloop
  endfacet
  facet normal 0 0 1
    outer loop
      vertex 28 -37.38 160
      vertex 24.5 -42.4352 160
      vertex 31.4966 -37.5362 160
    endloop
  endfacet
  facet normal -0 0 1
    outer loop
      vertex 21 -36.3731 160
      vertex 28 -37.38 160
      vertex 26.9971 -32.1739 160
    endloop
  endfacet
  facet normal 0 0 1
    outer loop
      vertex 28 -37.38 160
      vertex 21 -36.3731 160
      vertex 24.5 -42.4352 160
    endloop
  endfacet
  facet normal 0 0 1
    outer loop
      vertex 21 -36.3731 160
      vertex 16.759 -46.0449 160
      vertex 24.5 -42.4352 160
    endloop
  endfacet
  facet normal -0 0 1
    outer loop
      vertex 14.3648 -39.4671 160
      vertex 16.759 -46.0449 160
      vertex 21 -36.3731 160
    endloop
  endfacet
  facet normal 0 0 1
    outer loop
      vertex 14.3648 -39.4671 160
      vertex 8.50876 -48.2556 160
      vertex 16.759 -46.0449 160
    endloop
  endfacet
  facet normal -0 0 1
    outer loop
      vertex 7.29322 -41.3619 160
      vertex 8.50876 -48.2556 160
      vertex 14.3648 -39.4671 160
    endloop
  endfacet
  facet normal -0 0 1
    outer loop
      vertex 3 -42 160
      vertex 8.50876 -48.2556 160
      vertex 7.29322 -41.3619 160
    endloop
  endfacet
  facet normal 0 0 1
    outer loop
      vertex 8.50876 -48.2556 160
      vertex 3 -42 160
      vertex 3 -48.7375 160
    endloop
  endfacet
  facet normal 0 0 1
    outer loop
      vertex 7.29322 -41.3619 160
      vertex 0 -42 160
      vertex 3 -42 160
    endloop
  endfacet
  facet normal -0 0 1
    outer loop
      vertex 42.4 -3 160
      vertex 48.2556 -8.50876 160
      vertex 48.7375 -3 160
    endloop
  endfacet
  facet normal 0 0 1
    outer loop
      vertex 48.2556 -8.50876 160
      vertex 42.4 -3 160
      vertex 46.0449 -16.759 160
    endloop
  endfacet
  facet normal 0 0 1
    outer loop
      vertex 46.0449 -16.759 160
      vertex 42.4 -3 160
      vertex 42.4352 -24.5 160
    endloop
  endfacet
  facet normal 0 0 1
    outer loop
      vertex 42.4352 -24.5 160
      vertex 42.4 -3 160
      vertex 42.4 -24.5503 160
    endloop
  endfacet
  facet normal 0 0 1
    outer loop
      vertex -28 -31.1709 160
      vertex -27.5772 -31.8198 160
      vertex -26.9971 -32.1739 160
    endloop
  endfacet
  facet normal 0 0 1
    outer loop
      vertex -27.5772 -31.8198 160
      vertex -28 -31.1709 160
      vertex -28 -31.397 160
    endloop
  endfacet
  facet normal 0 0 1
    outer loop
      vertex -7.29322 -41.3619 160
      vertex -3 -42 160
      vertex 0 -42 160
    endloop
  endfacet
  facet normal 0 0 1
    outer loop
      vertex -8.50876 -48.2556 160
      vertex -3 -42 160
      vertex -7.29322 -41.3619 160
    endloop
  endfacet
  facet normal 0 0 1
    outer loop
      vertex -3 -42 160
      vertex -8.50876 -48.2556 160
      vertex -3 -48.7375 160
    endloop
  endfacet
  facet normal 0 0 1
    outer loop
      vertex -14.3648 -39.4671 160
      vertex -8.50876 -48.2556 160
      vertex -7.29322 -41.3619 160
    endloop
  endfacet
  facet normal 0 0 1
    outer loop
      vertex -14.3648 -39.4671 160
      vertex -16.759 -46.0449 160
      vertex -8.50876 -48.2556 160
    endloop
  endfacet
  facet normal 0 0 1
    outer loop
      vertex -21 -36.3731 160
      vertex -16.759 -46.0449 160
      vertex -14.3648 -39.4671 160
    endloop
  endfacet
  facet normal 0 0 1
    outer loop
      vertex -21 -36.3731 160
      vertex -24.5 -42.4352 160
      vertex -16.759 -46.0449 160
    endloop
  endfacet
  facet normal 0 0 1
    outer loop
      vertex -28 -37.38 160
      vertex -21 -36.3731 160
      vertex -26.9971 -32.1739 160
    endloop
  endfacet
  facet normal 0 0 1
    outer loop
      vertex -28 -32.2426 160
      vertex -26.9971 -32.1739 160
      vertex -27.5772 -31.8198 160
    endloop
  endfacet
  facet normal 0 0 1
    outer loop
      vertex -26.9971 -32.1739 160
      vertex -28 -32.2426 160
      vertex -28 -37.38 160
    endloop
  endfacet
  facet normal 0 0 1
    outer loop
      vertex -21 -36.3731 160
      vertex -28 -37.38 160
      vertex -24.5 -42.4352 160
    endloop
  endfacet
  facet normal 0 0 1
    outer loop
      vertex -28 -37.38 160
      vertex -31.4966 -37.5362 160
      vertex -24.5 -42.4352 160
    endloop
  endfacet
  facet normal 0 -0 1
    outer loop
      vertex -31.4966 -37.5362 160
      vertex -28 -37.38 160
      vertex -31.6528 -37.38 160
    endloop
  endfacet
  facet normal 0.087146 -0.996196 0
    outer loop
      vertex 3 -48.7375 150
      vertex 8.50876 -48.2556 160
      vertex 3 -48.7375 160
    endloop
  endfacet
  facet normal 0.087146 -0.996196 0
    outer loop
      vertex 8.50876 -48.2556 160
      vertex 3 -48.7375 150
      vertex 8.50876 -48.2556 150
    endloop
  endfacet
  facet normal 0.422619 -0.906307 0
    outer loop
      vertex 16.759 -46.0449 150
      vertex 24.5 -42.4352 160
      vertex 16.759 -46.0449 160
    endloop
  endfacet
  facet normal 0.422619 -0.906307 0
    outer loop
      vertex 24.5 -42.4352 160
      vertex 16.759 -46.0449 150
      vertex 24.5 -42.4352 150
    endloop
  endfacet
  facet normal 0.906307 -0.422619 0
    outer loop
      vertex 42.4352 -24.5 160
      vertex 46.0449 -16.759 150
      vertex 46.0449 -16.759 160
    endloop
  endfacet
  facet normal 0.906307 -0.422619 0
    outer loop
      vertex 46.0449 -16.759 150
      vertex 42.4352 -24.5 160
      vertex 42.4352 -24.5 150
    endloop
  endfacet
  facet normal 0.819308 -0.573353 0
    outer loop
      vertex 42.4 -24.5503 160
      vertex 42.4352 -24.5 150
      vertex 42.4352 -24.5 160
    endloop
  endfacet
  facet normal 0.819308 -0.573353 0
    outer loop
      vertex 42.4352 -24.5 150
      vertex 42.4 -24.5503 160
      vertex 42.4 -24.5503 150
    endloop
  endfacet
  facet normal 0.965924 -0.258825 0
    outer loop
      vertex 46.0449 -16.759 160
      vertex 48.2556 -8.50876 150
      vertex 48.2556 -8.50876 160
    endloop
  endfacet
  facet normal 0.965924 -0.258825 0
    outer loop
      vertex 48.2556 -8.50876 150
      vertex 46.0449 -16.759 160
      vertex 46.0449 -16.759 150
    endloop
  endfacet
  facet normal -0.573627 -0.819117 0
    outer loop
      vertex -31.3965 -37.6063 159.378
      vertex -31.4966 -37.5362 160
      vertex -31.4966 -37.5362 159.571
    endloop
  endfacet
  facet normal -0.573571 -0.819156 1.35074e-05
    outer loop
      vertex -31.4966 -37.5362 160
      vertex -31.3965 -37.6063 159.378
      vertex -24.5 -42.4352 160
    endloop
  endfacet
  facet normal -0.573564 -0.819161 -9.41808e-05
    outer loop
      vertex -31.1893 -37.7513 158.696
      vertex -24.5 -42.4352 160
      vertex -31.3965 -37.6063 159.378
    endloop
  endfacet
  facet normal -0.573582 -0.819148 4.10508e-05
    outer loop
      vertex -31.1198 -37.8 158
      vertex -24.5 -42.4352 160
      vertex -31.1893 -37.7513 158.696
    endloop
  endfacet
  facet normal -0.573574 -0.819154 0
    outer loop
      vertex -24.5 -42.4352 150
      vertex -31.1198 -37.8 158
      vertex -31.1198 -37.8 150
    endloop
  endfacet
  facet normal -0.573574 -0.819154 0
    outer loop
      vertex -31.1198 -37.8 158
      vertex -24.5 -42.4352 150
      vertex -24.5 -42.4352 160
    endloop
  endfacet
  facet normal -0.258825 -0.965924 0
    outer loop
      vertex -16.759 -46.0449 150
      vertex -8.50876 -48.2556 160
      vertex -16.759 -46.0449 160
    endloop
  endfacet
  facet normal -0.258825 -0.965924 -0
    outer loop
      vertex -8.50876 -48.2556 160
      vertex -16.759 -46.0449 150
      vertex -8.50876 -48.2556 150
    endloop
  endfacet
  facet normal -0.965924 -0.258825 0
    outer loop
      vertex -46.0449 -16.759 150
      vertex -48.2556 -8.50876 160
      vertex -48.2556 -8.50876 150
    endloop
  endfacet
  facet normal -0.965924 -0.258825 0
    outer loop
      vertex -48.2556 -8.50876 160
      vertex -46.0449 -16.759 150
      vertex -46.0449 -16.759 160
    endloop
  endfacet
  facet normal 0.258825 -0.965924 0
    outer loop
      vertex 8.50876 -48.2556 150
      vertex 16.759 -46.0449 160
      vertex 8.50876 -48.2556 160
    endloop
  endfacet
  facet normal 0.258825 -0.965924 0
    outer loop
      vertex 16.759 -46.0449 160
      vertex 8.50876 -48.2556 150
      vertex 16.759 -46.0449 150
    endloop
  endfacet
  facet normal 0.996196 -0.087146 0
    outer loop
      vertex 48.2556 -8.50876 160
      vertex 48.7375 -3 150
      vertex 48.7375 -3 160
    endloop
  endfacet
  facet normal 0.996196 -0.087146 0
    outer loop
      vertex 48.7375 -3 150
      vertex 48.2556 -8.50876 160
      vertex 48.2556 -8.50876 150
    endloop
  endfacet
  facet normal -1 0 0
    outer loop
      vertex 42.4 -24.5503 150
      vertex 42.4 -3 160
      vertex 42.4 -3 150
    endloop
  endfacet
  facet normal -1 -0 0
    outer loop
      vertex 42.4 -3 160
      vertex 42.4 -24.5503 150
      vertex 42.4 -24.5503 160
    endloop
  endfacet
  facet normal -1 0 0
    outer loop
      vertex 42.4 3 150
      vertex 42.4 24.5503 160
      vertex 42.4 24.5503 150
    endloop
  endfacet
  facet normal -1 -0 0
    outer loop
      vertex 42.4 24.5503 160
      vertex 42.4 3 150
      vertex 42.4 3 160
    endloop
  endfacet
  facet normal 1 0 0
    outer loop
      vertex 28 32.2426 160
      vertex 28 37.8 158
      vertex 28 37.724 158.868
    endloop
  endfacet
  facet normal 1 0 0
    outer loop
      vertex 28 32.2426 160
      vertex 28 37.724 158.868
      vertex 28 37.5553 159.545
    endloop
  endfacet
  facet normal 1 -0 0
    outer loop
      vertex 28 32.2426 160
      vertex 28 37.5553 159.545
      vertex 28 37.3715 160
    endloop
  endfacet
  facet normal 1 0 0
    outer loop
      vertex 28 37.8 158
      vertex 28 32.2426 160
      vertex 28 32.2426 150
    endloop
  endfacet
  facet normal 1 0 0
    outer loop
      vertex 28 37.8 158
      vertex 28 32.2426 150
      vertex 28 37.8 150
    endloop
  endfacet
  facet normal 1 0 0
    outer loop
      vertex 28 -37.6063 159.378
      vertex 28 -32.2426 160
      vertex 28 -37.38 160
    endloop
  endfacet
  facet normal 1 0 0
    outer loop
      vertex 28 -37.7513 158.696
      vertex 28 -32.2426 160
      vertex 28 -37.6063 159.378
    endloop
  endfacet
  facet normal 1 0 0
    outer loop
      vertex 28 -32.2426 160
      vertex 28 -37.7513 158.696
      vertex 28 -37.8 158
    endloop
  endfacet
  facet normal 1 0 0
    outer loop
      vertex 28 -32.2426 160
      vertex 28 -37.8 158
      vertex 28 -32.2426 150
    endloop
  endfacet
  facet normal 1 0 0
    outer loop
      vertex 28 -32.2426 150
      vertex 28 -37.8 158
      vertex 28 -37.8 150
    endloop
  endfacet
  facet normal 1 -0 0
    outer loop
      vertex 28 -31.1709 30
      vertex 28 -26.0991 5
      vertex 28 -26.0991 30
    endloop
  endfacet
  facet normal 1 0 0
    outer loop
      vertex 28 -26.0991 5
      vertex 28 -31.1709 30
      vertex 28 -31.1709 5
    endloop
  endfacet
  facet normal 1 0 0
    outer loop
      vertex 28 30.5491 30
      vertex 28 26.0991 30
      vertex 28 30.5491 29
    endloop
  endfacet
  facet normal 1 -0 0
    outer loop
      vertex 28 30.5491 29
      vertex 28 31.1709 5
      vertex 28 31.1709 29
    endloop
  endfacet
  facet normal 1 0 0
    outer loop
      vertex 28 26.0991 5
      vertex 28 30.5491 29
      vertex 28 26.0991 30
    endloop
  endfacet
  facet normal 1 0 0
    outer loop
      vertex 28 30.5491 29
      vertex 28 26.0991 5
      vertex 28 31.1709 5
    endloop
  endfacet
  facet normal 1 -0 0
    outer loop
      vertex 28 -31.397 160
      vertex 28 -31.1709 150
      vertex 28 -31.1709 160
    endloop
  endfacet
  facet normal 1 0 0
    outer loop
      vertex 28 -31.1709 150
      vertex 28 -31.397 160
      vertex 28 -31.397 150
    endloop
  endfacet
  facet normal 1 0 0
    outer loop
      vertex 28 -31.1709 160
      vertex 28 -26.0991 163
      vertex 28 -31.1709 163
    endloop
  endfacet
  facet normal 1 0 0
    outer loop
      vertex 28 -31.1709 150
      vertex 28 -26.0991 163
      vertex 28 -31.1709 160
    endloop
  endfacet
  facet normal 1 0 0
    outer loop
      vertex 28 -26.0991 163
      vertex 28 -31.1709 150
      vertex 28 -26.0991 138
    endloop
  endfacet
  facet normal 1 0 0
    outer loop
      vertex 28 -26.0991 138
      vertex 28 -31.1709 150
      vertex 28 -31.1709 138
    endloop
  endfacet
  facet normal 1 -0 0
    outer loop
      vertex 28 26.0991 163
      vertex 28 31.1709 160
      vertex 28 31.1709 163
    endloop
  endfacet
  facet normal 1 0 0
    outer loop
      vertex 28 31.1709 160
      vertex 28 26.0991 163
      vertex 28 31.1709 150
    endloop
  endfacet
  facet normal 1 0 0
    outer loop
      vertex 28 31.1709 150
      vertex 28 30.5491 147
      vertex 28 31.1709 147
    endloop
  endfacet
  facet normal 1 0 0
    outer loop
      vertex 28 31.1709 150
      vertex 28 26.0991 163
      vertex 28 30.5491 147
    endloop
  endfacet
  facet normal 1 0 0
    outer loop
      vertex 28 26.0991 138
      vertex 28 30.5491 147
      vertex 28 26.0991 163
    endloop
  endfacet
  facet normal 1 0 0
    outer loop
      vertex 28 30.5491 147
      vertex 28 26.0991 138
      vertex 28 30.5491 138
    endloop
  endfacet
  facet normal 1 -0 0
    outer loop
      vertex 28 31.1709 160
      vertex 28 31.397 150
      vertex 28 31.397 160
    endloop
  endfacet
  facet normal 1 0 0
    outer loop
      vertex 28 31.397 150
      vertex 28 31.1709 160
      vertex 28 31.1709 150
    endloop
  endfacet
  facet normal 0 0 -1
    outer loop
      vertex 32.1739 -26.9971 30
      vertex 31.3739 -21.887 30
      vertex 35.752 -21.887 30
    endloop
  endfacet
  facet normal 0 0 -1
    outer loop
      vertex 32.1739 -26.9971 30
      vertex 29.4161 -24.683 30
      vertex 31.3739 -21.887 30
    endloop
  endfacet
  facet normal 0 0 -1
    outer loop
      vertex 28 -26.0991 30
      vertex 32.1739 -26.9971 30
      vertex 28 -31.1709 30
    endloop
  endfacet
  facet normal 0 0 -1
    outer loop
      vertex 32.1739 -26.9971 30
      vertex 28 -26.0991 30
      vertex 29.4161 -24.683 30
    endloop
  endfacet
  facet normal 0 0.0350762 -0.999385
    outer loop
      vertex 35.752 -21.887 30
      vertex 31.4956 -21.7132 30.0061
      vertex 35.8737 -21.7132 30.0061
    endloop
  endfacet
  facet normal 0 0.0350762 -0.999385
    outer loop
      vertex 31.4956 -21.7132 30.0061
      vertex 35.752 -21.887 30
      vertex 31.3739 -21.887 30
    endloop
  endfacet
  facet normal 0 0.069715 -0.997567
    outer loop
      vertex 35.8737 -21.7132 30.0061
      vertex 31.8002 -21.2782 30.0365
      vertex 36.1783 -21.2782 30.0365
    endloop
  endfacet
  facet normal 0 0.069715 -0.997567
    outer loop
      vertex 31.8002 -21.2782 30.0365
      vertex 35.8737 -21.7132 30.0061
      vertex 31.4956 -21.7132 30.0061
    endloop
  endfacet
  facet normal 0.00382632 0.13655 -0.990626
    outer loop
      vertex 36.1783 -21.2782 30.0365
      vertex 36.4041 -20.9334 30.0849
      vertex 36.3731 -21 30.0756
    endloop
  endfacet
  facet normal 0 0.139008 -0.990291
    outer loop
      vertex 36.1783 -21.2782 30.0365
      vertex 32.0416 -20.9334 30.0849
      vertex 36.4041 -20.9334 30.0849
    endloop
  endfacet
  facet normal 0 0.139008 -0.990291
    outer loop
      vertex 32.0416 -20.9334 30.0849
      vertex 36.1783 -21.2782 30.0365
      vertex 31.8002 -21.2782 30.0365
    endloop
  endfacet
  facet normal 0 0.208137 -0.9781
    outer loop
      vertex 36.4041 -20.9334 30.0849
      vertex 32.2802 -20.5927 30.1574
      vertex 36.563 -20.5927 30.1574
    endloop
  endfacet
  facet normal 0 0.208137 -0.9781
    outer loop
      vertex 32.2802 -20.5927 30.1574
      vertex 36.4041 -20.9334 30.0849
      vertex 32.0416 -20.9334 30.0849
    endloop
  endfacet
  facet normal 0 0.275403 -0.961329
    outer loop
      vertex 36.563 -20.5927 30.1574
      vertex 32.5148 -20.2576 30.2534
      vertex 36.7192 -20.2576 30.2534
    endloop
  endfacet
  facet normal 0 0.275403 -0.961329
    outer loop
      vertex 32.5148 -20.2576 30.2534
      vertex 36.563 -20.5927 30.1574
      vertex 32.2802 -20.5927 30.1574
    endloop
  endfacet
  facet normal 0 0.342135 -0.939651
    outer loop
      vertex 36.7192 -20.2576 30.2534
      vertex 32.7439 -19.9305 30.3725
      vertex 36.8718 -19.9305 30.3725
    endloop
  endfacet
  facet normal 0 0.342135 -0.939651
    outer loop
      vertex 32.7439 -19.9305 30.3725
      vertex 36.7192 -20.2576 30.2534
      vertex 32.5148 -20.2576 30.2534
    endloop
  endfacet
  facet normal 0 0.406698 -0.913563
    outer loop
      vertex 36.8718 -19.9305 30.3725
      vertex 32.9668 -19.6122 30.5142
      vertex 37.0202 -19.6122 30.5142
    endloop
  endfacet
  facet normal 0 0.406698 -0.913563
    outer loop
      vertex 32.9668 -19.6122 30.5142
      vertex 36.8718 -19.9305 30.3725
      vertex 32.7439 -19.9305 30.3725
    endloop
  endfacet
  facet normal 0 0.469561 -0.8829
    outer loop
      vertex 37.0202 -19.6122 30.5142
      vertex 33.1823 -19.3044 30.6779
      vertex 37.1637 -19.3044 30.6779
    endloop
  endfacet
  facet normal 0 0.469561 -0.8829
    outer loop
      vertex 33.1823 -19.3044 30.6779
      vertex 37.0202 -19.6122 30.5142
      vertex 32.9668 -19.6122 30.5142
    endloop
  endfacet
  facet normal 0 0.529999 -0.847998
    outer loop
      vertex 37.1637 -19.3044 30.6779
      vertex 33.3443 -19.0092 30.8624
      vertex 37.3014 -19.0092 30.8624
    endloop
  endfacet
  facet normal 1.65765e-05 0.530153 -0.847902
    outer loop
      vertex 37.1637 -19.3044 30.6779
      vertex 33.2554 -19.2 30.7431
      vertex 33.3443 -19.0092 30.8624
    endloop
  endfacet
  facet normal 0 0.529707 -0.848181
    outer loop
      vertex 33.2554 -19.2 30.7431
      vertex 37.1637 -19.3044 30.6779
      vertex 33.1823 -19.3044 30.6779
    endloop
  endfacet
  facet normal 0 0.587574 -0.80917
    outer loop
      vertex 37.3014 -19.0092 30.8624
      vertex 33.4758 -18.7273 31.0671
      vertex 37.4328 -18.7273 31.0671
    endloop
  endfacet
  facet normal 0 0.587574 -0.80917
    outer loop
      vertex 33.4758 -18.7273 31.0671
      vertex 37.3014 -19.0092 30.8624
      vertex 33.3443 -19.0092 30.8624
    endloop
  endfacet
  facet normal 0 0.642862 -0.765982
    outer loop
      vertex 37.4328 -18.7273 31.0671
      vertex 33.6002 -18.4604 31.2911
      vertex 37.5573 -18.4604 31.2911
    endloop
  endfacet
  facet normal 0 0.642862 -0.765982
    outer loop
      vertex 33.6002 -18.4604 31.2911
      vertex 37.4328 -18.7273 31.0671
      vertex 33.4758 -18.7273 31.0671
    endloop
  endfacet
  facet normal 0 0.694799 -0.719204
    outer loop
      vertex 37.5573 -18.4604 31.2911
      vertex 33.7171 -18.2099 31.5331
      vertex 37.6741 -18.2099 31.5331
    endloop
  endfacet
  facet normal 0 0.694799 -0.719204
    outer loop
      vertex 33.7171 -18.2099 31.5331
      vertex 37.5573 -18.4604 31.2911
      vertex 33.6002 -18.4604 31.2911
    endloop
  endfacet
  facet normal 0 0.743023 -0.669266
    outer loop
      vertex 37.6741 -18.2099 31.5331
      vertex 33.8258 -17.9767 31.792
      vertex 37.7828 -17.9767 31.792
    endloop
  endfacet
  facet normal 0 0.743023 -0.669266
    outer loop
      vertex 33.8258 -17.9767 31.792
      vertex 37.6741 -18.2099 31.5331
      vertex 33.7171 -18.2099 31.5331
    endloop
  endfacet
  facet normal 0 0.788098 -0.615549
    outer loop
      vertex 37.7828 -17.9767 31.792
      vertex 33.9258 -17.7623 32.0665
      vertex 37.8828 -17.7623 32.0665
    endloop
  endfacet
  facet normal 0 0.788098 -0.615549
    outer loop
      vertex 33.9258 -17.7623 32.0665
      vertex 37.7828 -17.9767 31.792
      vertex 33.8258 -17.9767 31.792
    endloop
  endfacet
  facet normal 0 0.829078 -0.559132
    outer loop
      vertex 37.8828 -17.7623 32.0665
      vertex 34.0166 -17.5676 32.3552
      vertex 37.9736 -17.5676 32.3552
    endloop
  endfacet
  facet normal 0 0.829078 -0.559132
    outer loop
      vertex 34.0166 -17.5676 32.3552
      vertex 37.8828 -17.7623 32.0665
      vertex 33.9258 -17.7623 32.0665
    endloop
  endfacet
  facet normal 0 0.865884 -0.500244
    outer loop
      vertex 37.9736 -17.5676 32.3552
      vertex 34.0978 -17.3933 32.6569
      vertex 38.0549 -17.3933 32.6569
    endloop
  endfacet
  facet normal 0 0.865884 -0.500244
    outer loop
      vertex 34.0978 -17.3933 32.6569
      vertex 37.9736 -17.5676 32.3552
      vertex 34.0166 -17.5676 32.3552
    endloop
  endfacet
  facet normal 0 0.898859 -0.438237
    outer loop
      vertex 38.0549 -17.3933 32.6569
      vertex 34.1691 -17.2406 32.9701
      vertex 38.1261 -17.2406 32.9701
    endloop
  endfacet
  facet normal 0 0.898859 -0.438237
    outer loop
      vertex 34.1691 -17.2406 32.9701
      vertex 38.0549 -17.3933 32.6569
      vertex 34.0978 -17.3933 32.6569
    endloop
  endfacet
  facet normal 0 0.927144 -0.374705
    outer loop
      vertex 38.1261 -17.2406 32.9701
      vertex 34.2299 -17.1101 33.293
      vertex 38.187 -17.1101 33.293
    endloop
  endfacet
  facet normal 0 0.927144 -0.374705
    outer loop
      vertex 34.2299 -17.1101 33.293
      vertex 38.1261 -17.2406 32.9701
      vertex 34.1691 -17.2406 32.9701
    endloop
  endfacet
  facet normal 0 0.951123 -0.308813
    outer loop
      vertex 38.187 -17.1101 33.293
      vertex 34.2801 -17.0025 33.6244
      vertex 38.2372 -17.0025 33.6244
    endloop
  endfacet
  facet normal 0 0.951123 -0.308813
    outer loop
      vertex 34.2801 -17.0025 33.6244
      vertex 38.187 -17.1101 33.293
      vertex 34.2299 -17.1101 33.293
    endloop
  endfacet
  facet normal 0 0.970286 -0.241959
    outer loop
      vertex 38.2372 -17.0025 33.6244
      vertex 34.3169 -16.9235 33.9412
      vertex 38.274 -16.9235 33.9412
    endloop
  endfacet
  facet normal 0 0.970286 -0.241959
    outer loop
      vertex 34.3169 -16.9235 33.9412
      vertex 38.2372 -17.0025 33.6244
      vertex 34.2801 -17.0025 33.6244
    endloop
  endfacet
  facet normal 0 0.986263 -0.165186
    outer loop
      vertex 38.274 -16.9235 33.9412
      vertex 34.3471 -16.8588 34.3275
      vertex 38.3041 -16.8588 34.3275
    endloop
  endfacet
  facet normal 0 0.986263 -0.165186
    outer loop
      vertex 34.3471 -16.8588 34.3275
      vertex 38.274 -16.9235 33.9412
      vertex 34.3169 -16.9235 33.9412
    endloop
  endfacet
  facet normal 0 0.996199 -0.08711
    outer loop
      vertex 38.3041 -16.8588 34.3275
      vertex 34.3701 -16.8095 34.8913
      vertex 38.3271 -16.8095 34.8913
    endloop
  endfacet
  facet normal 0 0.996199 -0.08711
    outer loop
      vertex 34.3701 -16.8095 34.8913
      vertex 38.3041 -16.8588 34.3275
      vertex 34.3471 -16.8588 34.3275
    endloop
  endfacet
  facet normal 0 0.99905 -0.0435766
    outer loop
      vertex 38.3271 -16.8095 34.8913
      vertex 34.3745 -16.8 35.1091
      vertex 38.3316 -16.8 35.1091
    endloop
  endfacet
  facet normal 0 0.99905 -0.0435766
    outer loop
      vertex 34.3745 -16.8 35.1091
      vertex 38.3271 -16.8095 34.8913
      vertex 34.3701 -16.8095 34.8913
    endloop
  endfacet
  facet normal 0 1 -0
    outer loop
      vertex 38.3316 -16.8 35.1091
      vertex 34.3745 -16.8 132.913
      vertex 38.3316 -16.8 132.913
    endloop
  endfacet
  facet normal 0 1 0
    outer loop
      vertex 34.3745 -16.8 132.913
      vertex 38.3316 -16.8 35.1091
      vertex 34.3745 -16.8 35.1091
    endloop
  endfacet
  facet normal -0 0.999386 0.0350359
    outer loop
      vertex 34.3745 -16.8 132.913
      vertex 38.3287 -16.8061 133.087
      vertex 38.3316 -16.8 132.913
    endloop
  endfacet
  facet normal 0 0.999386 0.0350359
    outer loop
      vertex 38.3287 -16.8061 133.087
      vertex 34.3745 -16.8 132.913
      vertex 34.3717 -16.8061 133.087
    endloop
  endfacet
  facet normal -0 0.997567 0.069715
    outer loop
      vertex 34.3717 -16.8061 133.087
      vertex 38.3146 -16.8365 133.522
      vertex 38.3287 -16.8061 133.087
    endloop
  endfacet
  facet normal 0 0.997567 0.069715
    outer loop
      vertex 38.3146 -16.8365 133.522
      vertex 34.3717 -16.8061 133.087
      vertex 34.3575 -16.8365 133.522
    endloop
  endfacet
  facet normal -0 0.990302 0.138929
    outer loop
      vertex 34.3575 -16.8365 133.522
      vertex 38.292 -16.8849 133.867
      vertex 38.3146 -16.8365 133.522
    endloop
  endfacet
  facet normal 0 0.990302 0.138929
    outer loop
      vertex 38.292 -16.8849 133.867
      vertex 34.3575 -16.8365 133.522
      vertex 34.3349 -16.8849 133.867
    endloop
  endfacet
  facet normal -0 0.978012 0.208547
    outer loop
      vertex 34.3349 -16.8849 133.867
      vertex 38.2582 -16.9574 134.207
      vertex 38.292 -16.8849 133.867
    endloop
  endfacet
  facet normal 0 0.978012 0.208547
    outer loop
      vertex 38.2582 -16.9574 134.207
      vertex 34.3349 -16.8849 133.867
      vertex 34.3011 -16.9574 134.207
    endloop
  endfacet
  facet normal -0 0.961307 0.275479
    outer loop
      vertex 34.3011 -16.9574 134.207
      vertex 38.2134 -17.0534 134.542
      vertex 38.2582 -16.9574 134.207
    endloop
  endfacet
  facet normal 0 0.961307 0.275479
    outer loop
      vertex 38.2134 -17.0534 134.542
      vertex 34.3011 -16.9574 134.207
      vertex 34.2563 -17.0534 134.542
    endloop
  endfacet
  facet normal -0 0.939617 0.342228
    outer loop
      vertex 34.2563 -17.0534 134.542
      vertex 38.1579 -17.1725 134.869
      vertex 38.2134 -17.0534 134.542
    endloop
  endfacet
  facet normal 0 0.939617 0.342228
    outer loop
      vertex 38.1579 -17.1725 134.869
      vertex 34.2563 -17.0534 134.542
      vertex 34.2008 -17.1725 134.869
    endloop
  endfacet
  facet normal -0 0.913894 0.405952
    outer loop
      vertex 34.2008 -17.1725 134.869
      vertex 38.0918 -17.3142 135.188
      vertex 38.1579 -17.1725 134.869
    endloop
  endfacet
  facet normal 0 0.913894 0.405952
    outer loop
      vertex 38.0918 -17.3142 135.188
      vertex 34.2008 -17.1725 134.869
      vertex 34.1347 -17.3142 135.188
    endloop
  endfacet
  facet normal -0 0.883145 0.469099
    outer loop
      vertex 34.1347 -17.3142 135.188
      vertex 38.0155 -17.4778 135.496
      vertex 38.0918 -17.3142 135.188
    endloop
  endfacet
  facet normal 0 0.883145 0.469099
    outer loop
      vertex 38.0155 -17.4778 135.496
      vertex 34.1347 -17.3142 135.188
      vertex 34.0584 -17.4778 135.496
    endloop
  endfacet
  facet normal -0 0.847837 0.530257
    outer loop
      vertex 34.0584 -17.4778 135.496
      vertex 37.9294 -17.6623 135.791
      vertex 38.0155 -17.4778 135.496
    endloop
  endfacet
  facet normal 0 0.847837 0.530257
    outer loop
      vertex 37.9294 -17.6623 135.791
      vertex 34.0584 -17.4778 135.496
      vertex 33.9724 -17.6623 135.791
    endloop
  endfacet
  facet normal -0 0.809133 0.587626
    outer loop
      vertex 33.9724 -17.6623 135.791
      vertex 37.834 -17.8671 136.073
      vertex 37.9294 -17.6623 135.791
    endloop
  endfacet
  facet normal 0 0.809133 0.587626
    outer loop
      vertex 37.834 -17.8671 136.073
      vertex 33.9724 -17.6623 135.791
      vertex 33.8769 -17.8671 136.073
    endloop
  endfacet
  facet normal -0 0.7661 0.642721
    outer loop
      vertex 33.8769 -17.8671 136.073
      vertex 37.7295 -18.0911 136.34
      vertex 37.834 -17.8671 136.073
    endloop
  endfacet
  facet normal 0 0.7661 0.642721
    outer loop
      vertex 37.7295 -18.0911 136.34
      vertex 33.8769 -17.8671 136.073
      vertex 33.7725 -18.0911 136.34
    endloop
  endfacet
  facet normal -0 0.718653 0.695369
    outer loop
      vertex 33.7725 -18.0911 136.34
      vertex 37.6167 -18.333 136.59
      vertex 37.7295 -18.0911 136.34
    endloop
  endfacet
  facet normal 0 0.718653 0.695369
    outer loop
      vertex 37.6167 -18.333 136.59
      vertex 33.7725 -18.0911 136.34
      vertex 33.6596 -18.333 136.59
    endloop
  endfacet
  facet normal -0 0.668806 0.743437
    outer loop
      vertex 33.6596 -18.333 136.59
      vertex 37.496 -18.592 136.823
      vertex 37.6167 -18.333 136.59
    endloop
  endfacet
  facet normal 0 0.668806 0.743437
    outer loop
      vertex 37.496 -18.592 136.823
      vertex 33.6596 -18.333 136.59
      vertex 33.5389 -18.592 136.823
    endloop
  endfacet
  facet normal -0 0.616618 0.787263
    outer loop
      vertex 33.5389 -18.592 136.823
      vertex 37.368 -18.8665 137.038
      vertex 37.496 -18.592 136.823
    endloop
  endfacet
  facet normal 0 0.616618 0.787263
    outer loop
      vertex 37.368 -18.8665 137.038
      vertex 33.5389 -18.592 136.823
      vertex 33.4109 -18.8665 137.038
    endloop
  endfacet
  facet normal -0 0.557748 0.83001
    outer loop
      vertex 33.4109 -18.8665 137.038
      vertex 37.2333 -19.1552 137.232
      vertex 37.368 -18.8665 137.038
    endloop
  endfacet
  facet normal 0 0.557748 0.83001
    outer loop
      vertex 37.2333 -19.1552 137.232
      vertex 33.4109 -18.8665 137.038
      vertex 33.2763 -19.1552 137.232
    endloop
  endfacet
  facet normal -0 0.501748 0.865014
    outer loop
      vertex 33.2763 -19.1552 137.232
      vertex 37.0926 -19.4569 137.407
      vertex 37.2333 -19.1552 137.232
    endloop
  endfacet
  facet normal 2.04912e-05 0.501942 0.864901
    outer loop
      vertex 33.2554 -19.2 137.258
      vertex 37.0926 -19.4569 137.407
      vertex 33.2763 -19.1552 137.232
    endloop
  endfacet
  facet normal 0 0.501713 0.865034
    outer loop
      vertex 37.0926 -19.4569 137.407
      vertex 33.2554 -19.2 137.258
      vertex 33.0755 -19.4569 137.407
    endloop
  endfacet
  facet normal -0 0.436612 0.89965
    outer loop
      vertex 33.0755 -19.4569 137.407
      vertex 36.9466 -19.7701 137.559
      vertex 37.0926 -19.4569 137.407
    endloop
  endfacet
  facet normal 0 0.436612 0.89965
    outer loop
      vertex 36.9466 -19.7701 137.559
      vertex 33.0755 -19.4569 137.407
      vertex 32.8562 -19.7701 137.559
    endloop
  endfacet
  facet normal -0 0.375938 0.926645
    outer loop
      vertex 32.8562 -19.7701 137.559
      vertex 36.796 -20.093 137.69
      vertex 36.9466 -19.7701 137.559
    endloop
  endfacet
  facet normal 0 0.375938 0.926645
    outer loop
      vertex 36.796 -20.093 137.69
      vertex 32.8562 -19.7701 137.559
      vertex 32.6301 -20.093 137.69
    endloop
  endfacet
  facet normal -0 0.309936 0.950757
    outer loop
      vertex 32.6301 -20.093 137.69
      vertex 36.6415 -20.4243 137.798
      vertex 36.796 -20.093 137.69
    endloop
  endfacet
  facet normal 0 0.309936 0.950757
    outer loop
      vertex 36.6415 -20.4243 137.798
      vertex 32.6301 -20.093 137.69
      vertex 32.3981 -20.4243 137.798
    endloop
  endfacet
  facet normal -0 0.241959 0.970286
    outer loop
      vertex 32.3981 -20.4243 137.798
      vertex 36.4938 -20.7411 137.877
      vertex 36.6415 -20.4243 137.798
    endloop
  endfacet
  facet normal 0 0.241959 0.970286
    outer loop
      vertex 36.4938 -20.7411 137.877
      vertex 32.3981 -20.4243 137.798
      vertex 32.1763 -20.7411 137.877
    endloop
  endfacet
  facet normal -0.00581628 0.166478 0.986028
    outer loop
      vertex 36.4938 -20.7411 137.877
      vertex 36.2838 -21.1275 137.941
      vertex 36.3731 -21 137.92
    endloop
  endfacet
  facet normal -0 0.163405 0.986559
    outer loop
      vertex 32.1763 -20.7411 137.877
      vertex 36.2838 -21.1275 137.941
      vertex 36.4938 -20.7411 137.877
    endloop
  endfacet
  facet normal 0 0.163405 0.986559
    outer loop
      vertex 36.2838 -21.1275 137.941
      vertex 32.1763 -20.7411 137.877
      vertex 31.9058 -21.1275 137.941
    endloop
  endfacet
  facet normal -0 0.0865839 0.996245
    outer loop
      vertex 31.9058 -21.1275 137.941
      vertex 35.889 -21.6913 137.99
      vertex 36.2838 -21.1275 137.941
    endloop
  endfacet
  facet normal 0 0.0865839 0.996245
    outer loop
      vertex 35.889 -21.6913 137.99
      vertex 31.9058 -21.1275 137.941
      vertex 31.511 -21.6913 137.99
    endloop
  endfacet
  facet normal -0 0.0458654 0.998948
    outer loop
      vertex 31.511 -21.6913 137.99
      vertex 35.7365 -21.9091 138
      vertex 35.889 -21.6913 137.99
    endloop
  endfacet
  facet normal 0 0.0458654 0.998948
    outer loop
      vertex 35.7365 -21.9091 138
      vertex 31.511 -21.6913 137.99
      vertex 31.3584 -21.9091 138
    endloop
  endfacet
  facet normal -0 0 1
    outer loop
      vertex 31.3584 -21.9091 138
      vertex 32.1739 -26.9971 138
      vertex 35.7365 -21.9091 138
    endloop
  endfacet
  facet normal -0 0 1
    outer loop
      vertex 29.4161 -24.683 138
      vertex 32.1739 -26.9971 138
      vertex 31.3584 -21.9091 138
    endloop
  endfacet
  facet normal -0 0 1
    outer loop
      vertex 28 -26.0991 138
      vertex 32.1739 -26.9971 138
      vertex 29.4161 -24.683 138
    endloop
  endfacet
  facet normal 0 0 1
    outer loop
      vertex 32.1739 -26.9971 138
      vertex 28 -26.0991 138
      vertex 28 -31.1709 138
    endloop
  endfacet
  facet normal 0 1 -0
    outer loop
      vertex 31.1198 -37.8 150
      vertex 28 -37.8 158
      vertex 31.1198 -37.8 158
    endloop
  endfacet
  facet normal 0 1 0
    outer loop
      vertex 28 -37.8 158
      vertex 31.1198 -37.8 150
      vertex 28 -37.8 150
    endloop
  endfacet
  facet normal 0 0.997561 -0.0698006
    outer loop
      vertex 31.1198 -37.8 158
      vertex 28 -37.7513 158.696
      vertex 31.1893 -37.7513 158.696
    endloop
  endfacet
  facet normal 0 0.997561 -0.0698006
    outer loop
      vertex 28 -37.7513 158.696
      vertex 31.1198 -37.8 158
      vertex 28 -37.8 158
    endloop
  endfacet
  facet normal 0 0.978137 -0.207962
    outer loop
      vertex 31.1893 -37.7513 158.696
      vertex 28 -37.6063 159.378
      vertex 31.3965 -37.6063 159.378
    endloop
  endfacet
  facet normal 0 0.978137 -0.207962
    outer loop
      vertex 28 -37.6063 159.378
      vertex 31.1893 -37.7513 158.696
      vertex 28 -37.7513 158.696
    endloop
  endfacet
  facet normal 0 0.939653 -0.34213
    outer loop
      vertex 31.4966 -37.5362 159.571
      vertex 28 -37.38 160
      vertex 31.6528 -37.38 160
    endloop
  endfacet
  facet normal 9.65064e-05 0.939905 -0.341435
    outer loop
      vertex 31.3965 -37.6063 159.378
      vertex 28 -37.38 160
      vertex 31.4966 -37.5362 159.571
    endloop
  endfacet
  facet normal 0 0.939736 -0.341901
    outer loop
      vertex 28 -37.38 160
      vertex 31.3965 -37.6063 159.378
      vertex 28 -37.6063 159.378
    endloop
  endfacet
  facet normal 0 0 -1
    outer loop
      vertex 38.4 0 163
      vertex 42 0 163
      vertex 41.3619 -7.29322 163
    endloop
  endfacet
  facet normal 0 0 -1
    outer loop
      vertex 37.8166 -6.66809 163
      vertex 41.3619 -7.29322 163
      vertex 39.4671 -14.3648 163
    endloop
  endfacet
  facet normal 0 0 -1
    outer loop
      vertex 42 0 163
      vertex 38.4 0 163
      vertex 41.3619 7.29322 163
    endloop
  endfacet
  facet normal 0 0 -1
    outer loop
      vertex 37.8166 6.66809 163
      vertex 41.3619 7.29322 163
      vertex 38.4 0 163
    endloop
  endfacet
  facet normal 0 0 -1
    outer loop
      vertex 41.3619 -7.29322 163
      vertex 37.8166 -6.66809 163
      vertex 38.4 0 163
    endloop
  endfacet
  facet normal 0 0 -1
    outer loop
      vertex 36.0842 -13.1336 163
      vertex 39.4671 -14.3648 163
      vertex 36.3731 -21 163
    endloop
  endfacet
  facet normal 0 0 -1
    outer loop
      vertex 39.4671 -14.3648 163
      vertex 36.0842 -13.1336 163
      vertex 37.8166 -6.66809 163
    endloop
  endfacet
  facet normal 0 0 -1
    outer loop
      vertex 36.3731 -21 163
      vertex 33.2554 -19.2 163
      vertex 36.0842 -13.1336 163
    endloop
  endfacet
  facet normal 0 0 -1
    outer loop
      vertex 32.1739 -26.9971 163
      vertex 33.2554 -19.2 163
      vertex 36.3731 -21 163
    endloop
  endfacet
  facet normal 0 0 -1
    outer loop
      vertex 32.1739 -26.9971 163
      vertex 29.4161 -24.683 163
      vertex 33.2554 -19.2 163
    endloop
  endfacet
  facet normal 0 0 -1
    outer loop
      vertex 28 -26.0991 163
      vertex 32.1739 -26.9971 163
      vertex 28 -31.1709 163
    endloop
  endfacet
  facet normal 0 0 -1
    outer loop
      vertex 32.1739 -26.9971 163
      vertex 28 -26.0991 163
      vertex 29.4161 -24.683 163
    endloop
  endfacet
  facet normal -0 0 -1
    outer loop
      vertex 41.3619 7.29322 163
      vertex 37.8166 6.66809 163
      vertex 39.4671 14.3648 163
    endloop
  endfacet
  facet normal 0 0 -1
    outer loop
      vertex 36.0842 13.1336 163
      vertex 39.4671 14.3648 163
      vertex 37.8166 6.66809 163
    endloop
  endfacet
  facet normal -0 0 -1
    outer loop
      vertex 39.4671 14.3648 163
      vertex 36.0842 13.1336 163
      vertex 36.3731 21 163
    endloop
  endfacet
  facet normal 0 0 -1
    outer loop
      vertex 33.2554 19.2 163
      vertex 36.3731 21 163
      vertex 36.0842 13.1336 163
    endloop
  endfacet
  facet normal 0 0 -1
    outer loop
      vertex 33.2554 19.2 163
      vertex 32.1739 26.9971 163
      vertex 36.3731 21 163
    endloop
  endfacet
  facet normal 0 0 -1
    outer loop
      vertex 29.4161 24.683 163
      vertex 32.1739 26.9971 163
      vertex 33.2554 19.2 163
    endloop
  endfacet
  facet normal 0 0 -1
    outer loop
      vertex 28 26.0991 163
      vertex 32.1739 26.9971 163
      vertex 29.4161 24.683 163
    endloop
  endfacet
  facet normal -0 0 -1
    outer loop
      vertex 32.1739 26.9971 163
      vertex 28 26.0991 163
      vertex 28 31.1709 163
    endloop
  endfacet
  facet normal 0 -0.927296 -0.374328
    outer loop
      vertex 28 37.3715 160
      vertex 31.4966 37.5362 159.592
      vertex 31.6613 37.3715 160
    endloop
  endfacet
  facet normal -0 -0.927206 -0.374551
    outer loop
      vertex 31.4693 37.5553 159.545
      vertex 28 37.3715 160
      vertex 28 37.5553 159.545
    endloop
  endfacet
  facet normal -0.000274018 -0.926479 -0.376346
    outer loop
      vertex 28 37.3715 160
      vertex 31.4693 37.5553 159.545
      vertex 31.4966 37.5362 159.592
    endloop
  endfacet
  facet normal -0 -0.970328 -0.241794
    outer loop
      vertex 31.2283 37.724 158.868
      vertex 28 37.5553 159.545
      vertex 28 37.724 158.868
    endloop
  endfacet
  facet normal 0 -0.970328 -0.241794
    outer loop
      vertex 28 37.5553 159.545
      vertex 31.2283 37.724 158.868
      vertex 31.4693 37.5553 159.545
    endloop
  endfacet
  facet normal -0 -0.996189 -0.0872239
    outer loop
      vertex 31.1198 37.8 158
      vertex 28 37.724 158.868
      vertex 28 37.8 158
    endloop
  endfacet
  facet normal 0 -0.996189 -0.0872239
    outer loop
      vertex 28 37.724 158.868
      vertex 31.1198 37.8 158
      vertex 31.2283 37.724 158.868
    endloop
  endfacet
  facet normal 0 -1 0
    outer loop
      vertex 28 37.8 150
      vertex 31.1198 37.8 158
      vertex 28 37.8 158
    endloop
  endfacet
  facet normal 0 -1 -0
    outer loop
      vertex 31.1198 37.8 158
      vertex 28 37.8 150
      vertex 31.1198 37.8 150
    endloop
  endfacet
  facet normal 0 0 1
    outer loop
      vertex 32.1739 26.9971 138
      vertex 31.3739 21.887 138
      vertex 35.752 21.887 138
    endloop
  endfacet
  facet normal -0 0 1
    outer loop
      vertex 29.2926 29.4645 138
      vertex 32.1739 26.9971 138
      vertex 29.4814 29.6895 138
    endloop
  endfacet
  facet normal 0 0 1
    outer loop
      vertex 32.1739 26.9971 138
      vertex 29.4161 24.683 138
      vertex 31.3739 21.887 138
    endloop
  endfacet
  facet normal 0 0 1
    outer loop
      vertex 28 26.0991 138
      vertex 32.1739 26.9971 138
      vertex 29.2926 29.4645 138
    endloop
  endfacet
  facet normal 0 0 1
    outer loop
      vertex 28 26.0991 138
      vertex 29.2926 29.4645 138
      vertex 28 30.5491 138
    endloop
  endfacet
  facet normal 0 0 1
    outer loop
      vertex 32.1739 26.9971 138
      vertex 28 26.0991 138
      vertex 29.4161 24.683 138
    endloop
  endfacet
  facet normal 0 -0.0345019 0.999405
    outer loop
      vertex 35.752 21.887 138
      vertex 31.4956 21.7132 137.994
      vertex 35.8737 21.7132 137.994
    endloop
  endfacet
  facet normal 0 -0.0345019 0.999405
    outer loop
      vertex 31.4956 21.7132 137.994
      vertex 35.752 21.887 138
      vertex 31.3739 21.887 138
    endloop
  endfacet
  facet normal 0 -0.0688021 0.99763
    outer loop
      vertex 35.8737 21.7132 137.994
      vertex 31.8002 21.2782 137.964
      vertex 36.1783 21.2782 137.964
    endloop
  endfacet
  facet normal 0 -0.0688021 0.99763
    outer loop
      vertex 31.8002 21.2782 137.964
      vertex 35.8737 21.7132 137.994
      vertex 31.4956 21.7132 137.994
    endloop
  endfacet
  facet normal 0.0365538 -0.1171 0.992447
    outer loop
      vertex 36.1783 21.2782 137.964
      vertex 36.4041 20.9334 137.915
      vertex 36.3731 21 137.924
    endloop
  endfacet
  facet normal 0 -0.140698 0.990053
    outer loop
      vertex 36.1783 21.2782 137.964
      vertex 32.0416 20.9334 137.915
      vertex 36.4041 20.9334 137.915
    endloop
  endfacet
  facet normal 0 -0.140698 0.990053
    outer loop
      vertex 32.0416 20.9334 137.915
      vertex 36.1783 21.2782 137.964
      vertex 31.8002 21.2782 137.964
    endloop
  endfacet
  facet normal 0 -0.206763 0.978391
    outer loop
      vertex 36.4041 20.9334 137.915
      vertex 32.2802 20.5927 137.843
      vertex 36.563 20.5927 137.843
    endloop
  endfacet
  facet normal 0 -0.206763 0.978391
    outer loop
      vertex 32.2802 20.5927 137.843
      vertex 36.4041 20.9334 137.915
      vertex 32.0416 20.9334 137.915
    endloop
  endfacet
  facet normal 0 -0.275403 0.961329
    outer loop
      vertex 36.563 20.5927 137.843
      vertex 32.5148 20.2576 137.747
      vertex 36.7192 20.2576 137.747
    endloop
  endfacet
  facet normal 0 -0.275403 0.961329
    outer loop
      vertex 32.5148 20.2576 137.747
      vertex 36.563 20.5927 137.843
      vertex 32.2802 20.5927 137.843
    endloop
  endfacet
  facet normal 0 -0.344415 0.938818
    outer loop
      vertex 36.7192 20.2576 137.747
      vertex 32.7439 19.9305 137.627
      vertex 36.8718 19.9305 137.627
    endloop
  endfacet
  facet normal 0 -0.344415 0.938818
    outer loop
      vertex 32.7439 19.9305 137.627
      vertex 36.7192 20.2576 137.747
      vertex 32.5148 20.2576 137.747
    endloop
  endfacet
  facet normal 0 -0.405019 0.914308
    outer loop
      vertex 36.8718 19.9305 137.627
      vertex 32.9668 19.6122 137.486
      vertex 37.0202 19.6122 137.486
    endloop
  endfacet
  facet normal 0 -0.405019 0.914308
    outer loop
      vertex 32.9668 19.6122 137.486
      vertex 36.8718 19.9305 137.627
      vertex 32.7439 19.9305 137.627
    endloop
  endfacet
  facet normal 0 -0.470231 0.882543
    outer loop
      vertex 37.0202 19.6122 137.486
      vertex 33.1823 19.3044 137.322
      vertex 37.1637 19.3044 137.322
    endloop
  endfacet
  facet normal 0 -0.470231 0.882543
    outer loop
      vertex 33.1823 19.3044 137.322
      vertex 37.0202 19.6122 137.486
      vertex 32.9668 19.6122 137.486
    endloop
  endfacet
  facet normal 0 -0.528965 0.848644
    outer loop
      vertex 37.1637 19.3044 137.322
      vertex 33.3443 19.0092 137.138
      vertex 37.3014 19.0092 137.138
    endloop
  endfacet
  facet normal 2.42755e-05 -0.529191 0.848503
    outer loop
      vertex 37.1637 19.3044 137.322
      vertex 33.2554 19.2 137.257
      vertex 33.3443 19.0092 137.138
    endloop
  endfacet
  facet normal 0 -0.528536 0.848911
    outer loop
      vertex 33.2554 19.2 137.257
      vertex 37.1637 19.3044 137.322
      vertex 33.1823 19.3044 137.322
    endloop
  endfacet
  facet normal 0 -0.588138 0.808761
    outer loop
      vertex 37.3014 19.0092 137.138
      vertex 33.4758 18.7273 136.933
      vertex 37.4328 18.7273 136.933
    endloop
  endfacet
  facet normal 0 -0.588138 0.808761
    outer loop
      vertex 33.4758 18.7273 136.933
      vertex 37.3014 19.0092 137.138
      vertex 33.3443 19.0092 137.138
    endloop
  endfacet
  facet normal 0 -0.642862 0.765982
    outer loop
      vertex 37.4328 18.7273 136.933
      vertex 33.6002 18.4604 136.709
      vertex 37.5573 18.4604 136.709
    endloop
  endfacet
  facet normal 0 -0.642862 0.765982
    outer loop
      vertex 33.6002 18.4604 136.709
      vertex 37.4328 18.7273 136.933
      vertex 33.4758 18.7273 136.933
    endloop
  endfacet
  facet normal 0 -0.694799 0.719204
    outer loop
      vertex 37.5573 18.4604 136.709
      vertex 33.7171 18.2099 136.467
      vertex 37.6741 18.2099 136.467
    endloop
  endfacet
  facet normal 0 -0.694799 0.719204
    outer loop
      vertex 33.7171 18.2099 136.467
      vertex 37.5573 18.4604 136.709
      vertex 33.6002 18.4604 136.709
    endloop
  endfacet
  facet normal 0 -0.743151 0.669123
    outer loop
      vertex 33.8258 17.9767 136.208
      vertex 37.6741 18.2099 136.467
      vertex 33.7171 18.2099 136.467
    endloop
  endfacet
  facet normal 0 -0.743151 0.669123
    outer loop
      vertex 37.6741 18.2099 136.467
      vertex 33.8258 17.9767 136.208
      vertex 37.7828 17.9767 136.208
    endloop
  endfacet
  facet normal 0 -0.787554 0.616246
    outer loop
      vertex 33.9258 17.7623 135.934
      vertex 37.7828 17.9767 136.208
      vertex 33.8258 17.9767 136.208
    endloop
  endfacet
  facet normal 0 -0.787554 0.616246
    outer loop
      vertex 37.7828 17.9767 136.208
      vertex 33.9258 17.7623 135.934
      vertex 37.8828 17.7623 135.934
    endloop
  endfacet
  facet normal 0 -0.829347 0.558733
    outer loop
      vertex 34.0166 17.5676 135.645
      vertex 37.8828 17.7623 135.934
      vertex 33.9258 17.7623 135.934
    endloop
  endfacet
  facet normal 0 -0.829347 0.558733
    outer loop
      vertex 37.8828 17.7623 135.934
      vertex 34.0166 17.5676 135.645
      vertex 37.9736 17.5676 135.645
    endloop
  endfacet
  facet normal 0 -0.8661 0.499871
    outer loop
      vertex 34.0978 17.3933 135.343
      vertex 37.9736 17.5676 135.645
      vertex 34.0166 17.5676 135.645
    endloop
  endfacet
  facet normal 0 -0.8661 0.499871
    outer loop
      vertex 37.9736 17.5676 135.645
      vertex 34.0978 17.3933 135.343
      vertex 38.0549 17.3933 135.343
    endloop
  endfacet
  facet normal 0 -0.898749 0.438463
    outer loop
      vertex 34.1691 17.2406 135.03
      vertex 38.0549 17.3933 135.343
      vertex 34.0978 17.3933 135.343
    endloop
  endfacet
  facet normal 0 -0.898749 0.438463
    outer loop
      vertex 38.0549 17.3933 135.343
      vertex 34.1691 17.2406 135.03
      vertex 38.1261 17.2406 135.03
    endloop
  endfacet
  facet normal 0 -0.927184 0.374605
    outer loop
      vertex 34.2299 17.1101 134.707
      vertex 38.1261 17.2406 135.03
      vertex 34.1691 17.2406 135.03
    endloop
  endfacet
  facet normal 0 -0.927184 0.374605
    outer loop
      vertex 38.1261 17.2406 135.03
      vertex 34.2299 17.1101 134.707
      vertex 38.187 17.1101 134.707
    endloop
  endfacet
  facet normal 0 -0.951013 0.309151
    outer loop
      vertex 34.2801 17.0025 134.376
      vertex 38.187 17.1101 134.707
      vertex 34.2299 17.1101 134.707
    endloop
  endfacet
  facet normal 0 -0.951013 0.309151
    outer loop
      vertex 38.187 17.1101 134.707
      vertex 34.2801 17.0025 134.376
      vertex 38.2372 17.0025 134.376
    endloop
  endfacet
  facet normal 0 -0.970322 0.241815
    outer loop
      vertex 34.3169 16.9235 134.059
      vertex 38.2372 17.0025 134.376
      vertex 34.2801 17.0025 134.376
    endloop
  endfacet
  facet normal 0 -0.970322 0.241815
    outer loop
      vertex 38.2372 17.0025 134.376
      vertex 34.3169 16.9235 134.059
      vertex 38.274 16.9235 134.059
    endloop
  endfacet
  facet normal 0 -0.986242 0.16531
    outer loop
      vertex 34.3471 16.8588 133.673
      vertex 38.274 16.9235 134.059
      vertex 34.3169 16.9235 134.059
    endloop
  endfacet
  facet normal 0 -0.986242 0.16531
    outer loop
      vertex 38.274 16.9235 134.059
      vertex 34.3471 16.8588 133.673
      vertex 38.3041 16.8588 133.673
    endloop
  endfacet
  facet normal 0 -0.996201 0.0870793
    outer loop
      vertex 34.3701 16.8095 133.109
      vertex 38.3041 16.8588 133.673
      vertex 34.3471 16.8588 133.673
    endloop
  endfacet
  facet normal 0 -0.996201 0.0870793
    outer loop
      vertex 38.3041 16.8588 133.673
      vertex 34.3701 16.8095 133.109
      vertex 38.3271 16.8095 133.109
    endloop
  endfacet
  facet normal 0 -0.999052 0.0435367
    outer loop
      vertex 34.3745 16.8 132.891
      vertex 38.3271 16.8095 133.109
      vertex 34.3701 16.8095 133.109
    endloop
  endfacet
  facet normal 0 -0.999052 0.0435367
    outer loop
      vertex 38.3271 16.8095 133.109
      vertex 34.3745 16.8 132.891
      vertex 38.3316 16.8 132.891
    endloop
  endfacet
  facet normal 0 -1 0
    outer loop
      vertex 34.3745 16.8 35.087
      vertex 38.3316 16.8 132.891
      vertex 34.3745 16.8 132.891
    endloop
  endfacet
  facet normal 0 -1 -0
    outer loop
      vertex 38.3316 16.8 132.891
      vertex 34.3745 16.8 35.087
      vertex 38.3316 16.8 35.087
    endloop
  endfacet
  facet normal -0 -0.999385 -0.0350762
    outer loop
      vertex 38.3287 16.8061 34.9132
      vertex 34.3745 16.8 35.087
      vertex 34.3717 16.8061 34.9132
    endloop
  endfacet
  facet normal 0 -0.999385 -0.0350762
    outer loop
      vertex 34.3745 16.8 35.087
      vertex 38.3287 16.8061 34.9132
      vertex 38.3316 16.8 35.087
    endloop
  endfacet
  facet normal -0 -0.997567 -0.069715
    outer loop
      vertex 38.3146 16.8365 34.4782
      vertex 34.3717 16.8061 34.9132
      vertex 34.3575 16.8365 34.4782
    endloop
  endfacet
  facet normal 0 -0.997567 -0.069715
    outer loop
      vertex 34.3717 16.8061 34.9132
      vertex 38.3146 16.8365 34.4782
      vertex 38.3287 16.8061 34.9132
    endloop
  endfacet
  facet normal -0 -0.990291 -0.139008
    outer loop
      vertex 38.292 16.8849 34.1334
      vertex 34.3575 16.8365 34.4782
      vertex 34.3349 16.8849 34.1334
    endloop
  endfacet
  facet normal 0 -0.990291 -0.139008
    outer loop
      vertex 34.3575 16.8365 34.4782
      vertex 38.292 16.8849 34.1334
      vertex 38.3146 16.8365 34.4782
    endloop
  endfacet
  facet normal -0 -0.9781 -0.208137
    outer loop
      vertex 38.2582 16.9574 33.7927
      vertex 34.3349 16.8849 34.1334
      vertex 34.3011 16.9574 33.7927
    endloop
  endfacet
  facet normal 0 -0.9781 -0.208137
    outer loop
      vertex 34.3349 16.8849 34.1334
      vertex 38.2582 16.9574 33.7927
      vertex 38.292 16.8849 34.1334
    endloop
  endfacet
  facet normal -0 -0.961329 -0.275403
    outer loop
      vertex 38.2134 17.0534 33.4576
      vertex 34.3011 16.9574 33.7927
      vertex 34.2563 17.0534 33.4576
    endloop
  endfacet
  facet normal 0 -0.961329 -0.275403
    outer loop
      vertex 34.3011 16.9574 33.7927
      vertex 38.2134 17.0534 33.4576
      vertex 38.2582 16.9574 33.7927
    endloop
  endfacet
  facet normal -0 -0.939651 -0.342135
    outer loop
      vertex 38.1579 17.1725 33.1305
      vertex 34.2563 17.0534 33.4576
      vertex 34.2008 17.1725 33.1305
    endloop
  endfacet
  facet normal 0 -0.939651 -0.342135
    outer loop
      vertex 34.2563 17.0534 33.4576
      vertex 38.1579 17.1725 33.1305
      vertex 38.2134 17.0534 33.4576
    endloop
  endfacet
  facet normal -0 -0.913563 -0.406698
    outer loop
      vertex 38.0918 17.3142 32.8122
      vertex 34.2008 17.1725 33.1305
      vertex 34.1347 17.3142 32.8122
    endloop
  endfacet
  facet normal 0 -0.913563 -0.406698
    outer loop
      vertex 34.2008 17.1725 33.1305
      vertex 38.0918 17.3142 32.8122
      vertex 38.1579 17.1725 33.1305
    endloop
  endfacet
  facet normal -0 -0.883019 -0.469337
    outer loop
      vertex 38.0155 17.4778 32.5044
      vertex 34.1347 17.3142 32.8122
      vertex 34.0584 17.4778 32.5044
    endloop
  endfacet
  facet normal 0 -0.883019 -0.469337
    outer loop
      vertex 34.1347 17.3142 32.8122
      vertex 38.0155 17.4778 32.5044
      vertex 38.0918 17.3142 32.8122
    endloop
  endfacet
  facet normal -0 -0.847998 -0.529999
    outer loop
      vertex 37.9294 17.6623 32.2092
      vertex 34.0584 17.4778 32.5044
      vertex 33.9724 17.6623 32.2092
    endloop
  endfacet
  facet normal 0 -0.847998 -0.529999
    outer loop
      vertex 34.0584 17.4778 32.5044
      vertex 37.9294 17.6623 32.2092
      vertex 38.0155 17.4778 32.5044
    endloop
  endfacet
  facet normal -0 -0.808935 -0.587899
    outer loop
      vertex 37.834 17.8671 31.9274
      vertex 33.9724 17.6623 32.2092
      vertex 33.8769 17.8671 31.9274
    endloop
  endfacet
  facet normal 0 -0.808935 -0.587899
    outer loop
      vertex 33.9724 17.6623 32.2092
      vertex 37.834 17.8671 31.9274
      vertex 37.9294 17.6623 32.2092
    endloop
  endfacet
  facet normal -0 -0.7661 -0.642721
    outer loop
      vertex 37.7295 18.0911 31.6604
      vertex 33.8769 17.8671 31.9274
      vertex 33.7725 18.0911 31.6604
    endloop
  endfacet
  facet normal 0 -0.7661 -0.642721
    outer loop
      vertex 33.8769 17.8671 31.9274
      vertex 37.7295 18.0911 31.6604
      vertex 37.834 17.8671 31.9274
    endloop
  endfacet
  facet normal -0 -0.719347 -0.694651
    outer loop
      vertex 37.6167 18.333 31.4099
      vertex 33.7725 18.0911 31.6604
      vertex 33.6596 18.333 31.4099
    endloop
  endfacet
  facet normal 0 -0.719347 -0.694651
    outer loop
      vertex 33.7725 18.0911 31.6604
      vertex 37.6167 18.333 31.4099
      vertex 37.7295 18.0911 31.6604
    endloop
  endfacet
  facet normal 0 -0.669123 -0.743151
    outer loop
      vertex 33.6596 18.333 31.4099
      vertex 37.496 18.592 31.1767
      vertex 37.6167 18.333 31.4099
    endloop
  endfacet
  facet normal -0 -0.669123 -0.743151
    outer loop
      vertex 37.496 18.592 31.1767
      vertex 33.6596 18.333 31.4099
      vertex 33.5389 18.592 31.1767
    endloop
  endfacet
  facet normal 0 -0.615549 -0.788098
    outer loop
      vertex 33.5389 18.592 31.1767
      vertex 37.368 18.8665 30.9623
      vertex 37.496 18.592 31.1767
    endloop
  endfacet
  facet normal -0 -0.615549 -0.788098
    outer loop
      vertex 37.368 18.8665 30.9623
      vertex 33.5389 18.592 31.1767
      vertex 33.4109 18.8665 30.9623
    endloop
  endfacet
  facet normal 0 -0.559132 -0.829078
    outer loop
      vertex 33.4109 18.8665 30.9623
      vertex 37.2333 19.1552 30.7676
      vertex 37.368 18.8665 30.9623
    endloop
  endfacet
  facet normal -0 -0.559132 -0.829078
    outer loop
      vertex 37.2333 19.1552 30.7676
      vertex 33.4109 18.8665 30.9623
      vertex 33.2763 19.1552 30.7676
    endloop
  endfacet
  facet normal 0 -0.500244 -0.865884
    outer loop
      vertex 33.2763 19.1552 30.7676
      vertex 37.0926 19.4569 30.5933
      vertex 37.2333 19.1552 30.7676
    endloop
  endfacet
  facet normal 2.63225e-05 -0.500494 -0.86574
    outer loop
      vertex 33.2554 19.2 30.7417
      vertex 37.0926 19.4569 30.5933
      vertex 33.2763 19.1552 30.7676
    endloop
  endfacet
  facet normal -0 -0.500199 -0.86591
    outer loop
      vertex 37.0926 19.4569 30.5933
      vertex 33.2554 19.2 30.7417
      vertex 33.0755 19.4569 30.5933
    endloop
  endfacet
  facet normal 0 -0.438237 -0.898859
    outer loop
      vertex 33.0755 19.4569 30.5933
      vertex 36.9466 19.7701 30.4406
      vertex 37.0926 19.4569 30.5933
    endloop
  endfacet
  facet normal -0 -0.438237 -0.898859
    outer loop
      vertex 36.9466 19.7701 30.4406
      vertex 33.0755 19.4569 30.5933
      vertex 32.8562 19.7701 30.4406
    endloop
  endfacet
  facet normal 0 -0.374705 -0.927144
    outer loop
      vertex 32.8562 19.7701 30.4406
      vertex 36.796 20.093 30.3101
      vertex 36.9466 19.7701 30.4406
    endloop
  endfacet
  facet normal -0 -0.374705 -0.927144
    outer loop
      vertex 36.796 20.093 30.3101
      vertex 32.8562 19.7701 30.4406
      vertex 32.6301 20.093 30.3101
    endloop
  endfacet
  facet normal 0 -0.308898 -0.951095
    outer loop
      vertex 32.6301 20.093 30.3101
      vertex 36.6415 20.4243 30.2025
      vertex 36.796 20.093 30.3101
    endloop
  endfacet
  facet normal -0 -0.308898 -0.951095
    outer loop
      vertex 36.6415 20.4243 30.2025
      vertex 32.6301 20.093 30.3101
      vertex 32.3981 20.4243 30.2025
    endloop
  endfacet
  facet normal 0 -0.241959 -0.970286
    outer loop
      vertex 32.3981 20.4243 30.2025
      vertex 36.4938 20.7411 30.1235
      vertex 36.6415 20.4243 30.2025
    endloop
  endfacet
  facet normal -0 -0.241959 -0.970286
    outer loop
      vertex 36.4938 20.7411 30.1235
      vertex 32.3981 20.4243 30.2025
      vertex 32.1763 20.7411 30.1235
    endloop
  endfacet
  facet normal 0.00251518 -0.163814 -0.986488
    outer loop
      vertex 36.4938 20.7411 30.1235
      vertex 36.2838 21.1275 30.0588
      vertex 36.3731 21 30.0802
    endloop
  endfacet
  facet normal 0 -0.165144 -0.986269
    outer loop
      vertex 32.1763 20.7411 30.1235
      vertex 36.2838 21.1275 30.0588
      vertex 36.4938 20.7411 30.1235
    endloop
  endfacet
  facet normal -0 -0.165144 -0.986269
    outer loop
      vertex 36.2838 21.1275 30.0588
      vertex 32.1763 20.7411 30.1235
      vertex 31.9058 21.1275 30.0588
    endloop
  endfacet
  facet normal 0 -0.08711 -0.996199
    outer loop
      vertex 31.9058 21.1275 30.0588
      vertex 35.889 21.6913 30.0095
      vertex 36.2838 21.1275 30.0588
    endloop
  endfacet
  facet normal -0 -0.08711 -0.996199
    outer loop
      vertex 35.889 21.6913 30.0095
      vertex 31.9058 21.1275 30.0588
      vertex 31.511 21.6913 30.0095
    endloop
  endfacet
  facet normal 0 -0.0435766 -0.99905
    outer loop
      vertex 31.511 21.6913 30.0095
      vertex 35.7365 21.9091 30
      vertex 35.889 21.6913 30.0095
    endloop
  endfacet
  facet normal -0 -0.0435766 -0.99905
    outer loop
      vertex 35.7365 21.9091 30
      vertex 31.511 21.6913 30.0095
      vertex 31.3584 21.9091 30
    endloop
  endfacet
  facet normal 0 0 -1
    outer loop
      vertex 31.3584 21.9091 30
      vertex 32.1739 26.9971 30
      vertex 35.7365 21.9091 30
    endloop
  endfacet
  facet normal 0 0 -1
    outer loop
      vertex 29.4161 24.683 30
      vertex 32.1739 26.9971 30
      vertex 31.3584 21.9091 30
    endloop
  endfacet
  facet normal 0 0 -1
    outer loop
      vertex 28 26.0991 30
      vertex 32.1739 26.9971 30
      vertex 29.4161 24.683 30
    endloop
  endfacet
  facet normal 0 0 -1
    outer loop
      vertex 32.1739 26.9971 30
      vertex 29.2926 29.4645 30
      vertex 29.4814 29.6895 30
    endloop
  endfacet
  facet normal -0 0 -1
    outer loop
      vertex 32.1739 26.9971 30
      vertex 28 26.0991 30
      vertex 29.2926 29.4645 30
    endloop
  endfacet
  facet normal -0 0 -1
    outer loop
      vertex 29.2926 29.4645 30
      vertex 28 26.0991 30
      vertex 28 30.5491 30
    endloop
  endfacet
  facet normal 0 0 1
    outer loop
      vertex 38.4 0 5
      vertex 42 0 5
      vertex 41.3619 7.29322 5
    endloop
  endfacet
  facet normal 0 0 1
    outer loop
      vertex 37.8166 6.66809 5
      vertex 41.3619 7.29322 5
      vertex 39.4671 14.3648 5
    endloop
  endfacet
  facet normal 0 0 1
    outer loop
      vertex 42 0 5
      vertex 38.4 0 5
      vertex 41.3619 -7.29322 5
    endloop
  endfacet
  facet normal -0 0 1
    outer loop
      vertex 37.8166 -6.66809 5
      vertex 41.3619 -7.29322 5
      vertex 38.4 0 5
    endloop
  endfacet
  facet normal 0 0 1
    outer loop
      vertex 41.3619 7.29322 5
      vertex 37.8166 6.66809 5
      vertex 38.4 0 5
    endloop
  endfacet
  facet normal 0 0 1
    outer loop
      vertex 36.0842 13.1336 5
      vertex 39.4671 14.3648 5
      vertex 36.3731 21 5
    endloop
  endfacet
  facet normal 0 0 1
    outer loop
      vertex 39.4671 14.3648 5
      vertex 36.0842 13.1336 5
      vertex 37.8166 6.66809 5
    endloop
  endfacet
  facet normal 0 0 1
    outer loop
      vertex 36.3731 21 5
      vertex 33.2554 19.2 5
      vertex 36.0842 13.1336 5
    endloop
  endfacet
  facet normal 0 0 1
    outer loop
      vertex 32.1739 26.9971 5
      vertex 33.2554 19.2 5
      vertex 36.3731 21 5
    endloop
  endfacet
  facet normal 0 0 1
    outer loop
      vertex 32.1739 26.9971 5
      vertex 29.4161 24.683 5
      vertex 33.2554 19.2 5
    endloop
  endfacet
  facet normal 0 0 1
    outer loop
      vertex 28 26.0991 5
      vertex 32.1739 26.9971 5
      vertex 28 31.1709 5
    endloop
  endfacet
  facet normal 0 0 1
    outer loop
      vertex 32.1739 26.9971 5
      vertex 28 26.0991 5
      vertex 29.4161 24.683 5
    endloop
  endfacet
  facet normal 0 0 1
    outer loop
      vertex 41.3619 -7.29322 5
      vertex 37.8166 -6.66809 5
      vertex 39.4671 -14.3648 5
    endloop
  endfacet
  facet normal -0 0 1
    outer loop
      vertex 36.0842 -13.1336 5
      vertex 39.4671 -14.3648 5
      vertex 37.8166 -6.66809 5
    endloop
  endfacet
  facet normal 0 0 1
    outer loop
      vertex 39.4671 -14.3648 5
      vertex 36.0842 -13.1336 5
      vertex 36.3731 -21 5
    endloop
  endfacet
  facet normal -0 0 1
    outer loop
      vertex 33.2554 -19.2 5
      vertex 36.3731 -21 5
      vertex 36.0842 -13.1336 5
    endloop
  endfacet
  facet normal 0 0 1
    outer loop
      vertex 33.2554 -19.2 5
      vertex 32.1739 -26.9971 5
      vertex 36.3731 -21 5
    endloop
  endfacet
  facet normal -0 0 1
    outer loop
      vertex 29.4161 -24.683 5
      vertex 32.1739 -26.9971 5
      vertex 33.2554 -19.2 5
    endloop
  endfacet
  facet normal -0 0 1
    outer loop
      vertex 28 -26.0991 5
      vertex 32.1739 -26.9971 5
      vertex 29.4161 -24.683 5
    endloop
  endfacet
  facet normal 0 0 1
    outer loop
      vertex 32.1739 -26.9971 5
      vertex 28 -26.0991 5
      vertex 28 -31.1709 5
    endloop
  endfacet
  facet normal 1 -0 0
    outer loop
      vertex -42.4 -24.5503 160
      vertex -42.4 -3 150
      vertex -42.4 -3 160
    endloop
  endfacet
  facet normal 1 0 0
    outer loop
      vertex -42.4 -3 150
      vertex -42.4 -24.5503 160
      vertex -42.4 -24.5503 150
    endloop
  endfacet
  facet normal 1 -0 0
    outer loop
      vertex -42.4 3 160
      vertex -42.4 24.5503 150
      vertex -42.4 24.5503 160
    endloop
  endfacet
  facet normal 1 0 0
    outer loop
      vertex -42.4 24.5503 150
      vertex -42.4 3 160
      vertex -42.4 3 150
    endloop
  endfacet
  facet normal -1 0 0
    outer loop
      vertex -28 32.2426 150
      vertex -28 37.8 158
      vertex -28 37.8 150
    endloop
  endfacet
  facet normal -1 0 0
    outer loop
      vertex -28 32.2426 160
      vertex -28 37.8 158
      vertex -28 32.2426 150
    endloop
  endfacet
  facet normal -1 0 0
    outer loop
      vertex -28 37.8 158
      vertex -28 32.2426 160
      vertex -28 37.724 158.868
    endloop
  endfacet
  facet normal -1 0 0
    outer loop
      vertex -28 37.724 158.868
      vertex -28 32.2426 160
      vertex -28 37.5553 159.545
    endloop
  endfacet
  facet normal -1 0 0
    outer loop
      vertex -28 37.5553 159.545
      vertex -28 32.2426 160
      vertex -28 37.3715 160
    endloop
  endfacet
  facet normal -1 0 0
    outer loop
      vertex -28 -37.8 158
      vertex -28 -32.2426 160
      vertex -28 -32.2426 150
    endloop
  endfacet
  facet normal -1 0 -0
    outer loop
      vertex -28 -37.7513 158.696
      vertex -28 -32.2426 160
      vertex -28 -37.8 158
    endloop
  endfacet
  facet normal -1 -0 0
    outer loop
      vertex -28 -32.2426 160
      vertex -28 -37.6063 159.378
      vertex -28 -37.38 160
    endloop
  endfacet
  facet normal -1 0 0
    outer loop
      vertex -28 -37.8 158
      vertex -28 -32.2426 150
      vertex -28 -37.8 150
    endloop
  endfacet
  facet normal -1 0 0
    outer loop
      vertex -28 -32.2426 160
      vertex -28 -37.7513 158.696
      vertex -28 -37.6063 159.378
    endloop
  endfacet
  facet normal -1 0 0
    outer loop
      vertex -28 31.1709 5
      vertex -28 30.5491 29
      vertex -28 31.1709 29
    endloop
  endfacet
  facet normal -1 0 0
    outer loop
      vertex -28 26.0991 5
      vertex -28 30.5491 29
      vertex -28 31.1709 5
    endloop
  endfacet
  facet normal -1 0 0
    outer loop
      vertex -28 26.0991 30
      vertex -28 30.5491 29
      vertex -28 26.0991 5
    endloop
  endfacet
  facet normal -1 0 0
    outer loop
      vertex -28 30.5491 29
      vertex -28 26.0991 30
      vertex -28 30.5491 30
    endloop
  endfacet
  facet normal -1 0 0
    outer loop
      vertex -28 -31.1709 5
      vertex -28 -26.0991 30
      vertex -28 -26.0991 5
    endloop
  endfacet
  facet normal -1 -0 0
    outer loop
      vertex -28 -26.0991 30
      vertex -28 -31.1709 5
      vertex -28 -31.1709 30
    endloop
  endfacet
  facet normal -1 0 0
    outer loop
      vertex -28 -31.397 150
      vertex -28 -31.1709 160
      vertex -28 -31.1709 150
    endloop
  endfacet
  facet normal -1 -0 0
    outer loop
      vertex -28 -31.1709 160
      vertex -28 -31.397 150
      vertex -28 -31.397 160
    endloop
  endfacet
  facet normal -1 0 0
    outer loop
      vertex -28 -31.1709 150
      vertex -28 -26.0991 138
      vertex -28 -31.1709 138
    endloop
  endfacet
  facet normal -1 0 0
    outer loop
      vertex -28 -26.0991 138
      vertex -28 -31.1709 150
      vertex -28 -26.0991 163
    endloop
  endfacet
  facet normal -1 0 0
    outer loop
      vertex -28 -31.1709 160
      vertex -28 -26.0991 163
      vertex -28 -31.1709 150
    endloop
  endfacet
  facet normal -1 -0 0
    outer loop
      vertex -28 -26.0991 163
      vertex -28 -31.1709 160
      vertex -28 -31.1709 163
    endloop
  endfacet
  facet normal -1 0 0
    outer loop
      vertex -28 30.5491 138
      vertex -28 26.0991 138
      vertex -28 30.5491 147
    endloop
  endfacet
  facet normal -1 0 0
    outer loop
      vertex -28 30.5491 147
      vertex -28 31.1709 150
      vertex -28 31.1709 147
    endloop
  endfacet
  facet normal -1 0 0
    outer loop
      vertex -28 26.0991 163
      vertex -28 31.1709 150
      vertex -28 30.5491 147
    endloop
  endfacet
  facet normal -1 0 0
    outer loop
      vertex -28 31.1709 150
      vertex -28 26.0991 163
      vertex -28 31.1709 160
    endloop
  endfacet
  facet normal -1 0 0
    outer loop
      vertex -28 26.0991 163
      vertex -28 30.5491 147
      vertex -28 26.0991 138
    endloop
  endfacet
  facet normal -1 0 0
    outer loop
      vertex -28 31.1709 160
      vertex -28 26.0991 163
      vertex -28 31.1709 163
    endloop
  endfacet
  facet normal -1 0 0
    outer loop
      vertex -28 31.1709 150
      vertex -28 31.397 160
      vertex -28 31.397 150
    endloop
  endfacet
  facet normal -1 -0 0
    outer loop
      vertex -28 31.397 160
      vertex -28 31.1709 150
      vertex -28 31.1709 160
    endloop
  endfacet
  facet normal 0 0 -1
    outer loop
      vertex -32.1739 -26.9971 30
      vertex -28 -26.0991 30
      vertex -28 -31.1709 30
    endloop
  endfacet
  facet normal -0 0 -1
    outer loop
      vertex -28 -26.0991 30
      vertex -32.1739 -26.9971 30
      vertex -29.4161 -24.683 30
    endloop
  endfacet
  facet normal -0 0 -1
    outer loop
      vertex -29.4161 -24.683 30
      vertex -32.1739 -26.9971 30
      vertex -31.3739 -21.887 30
    endloop
  endfacet
  facet normal -0 0 -1
    outer loop
      vertex -31.3739 -21.887 30
      vertex -32.1739 -26.9971 30
      vertex -35.752 -21.887 30
    endloop
  endfacet
  facet normal 0 0.0350762 -0.999385
    outer loop
      vertex -35.752 -21.887 30
      vertex -31.4956 -21.7132 30.0061
      vertex -31.3739 -21.887 30
    endloop
  endfacet
  facet normal 0 0.0350762 -0.999385
    outer loop
      vertex -31.4956 -21.7132 30.0061
      vertex -35.752 -21.887 30
      vertex -35.8737 -21.7132 30.0061
    endloop
  endfacet
  facet normal 0 0.069715 -0.997567
    outer loop
      vertex -35.8737 -21.7132 30.0061
      vertex -31.8002 -21.2782 30.0365
      vertex -31.4956 -21.7132 30.0061
    endloop
  endfacet
  facet normal 0 0.069715 -0.997567
    outer loop
      vertex -31.8002 -21.2782 30.0365
      vertex -35.8737 -21.7132 30.0061
      vertex -36.1783 -21.2782 30.0365
    endloop
  endfacet
  facet normal 0 0.139008 -0.990291
    outer loop
      vertex -36.1783 -21.2782 30.0365
      vertex -32.0416 -20.9334 30.0849
      vertex -31.8002 -21.2782 30.0365
    endloop
  endfacet
  facet normal -0.00382632 0.13655 -0.990626
    outer loop
      vertex -36.4041 -20.9334 30.0849
      vertex -36.1783 -21.2782 30.0365
      vertex -36.3731 -21 30.0756
    endloop
  endfacet
  facet normal 0 0.139008 -0.990291
    outer loop
      vertex -36.1783 -21.2782 30.0365
      vertex -36.4041 -20.9334 30.0849
      vertex -32.0416 -20.9334 30.0849
    endloop
  endfacet
  facet normal 0 0.208137 -0.9781
    outer loop
      vertex -36.4041 -20.9334 30.0849
      vertex -32.2802 -20.5927 30.1574
      vertex -32.0416 -20.9334 30.0849
    endloop
  endfacet
  facet normal 0 0.208137 -0.9781
    outer loop
      vertex -32.2802 -20.5927 30.1574
      vertex -36.4041 -20.9334 30.0849
      vertex -36.563 -20.5927 30.1574
    endloop
  endfacet
  facet normal 0 0.275403 -0.961329
    outer loop
      vertex -36.563 -20.5927 30.1574
      vertex -32.5148 -20.2576 30.2534
      vertex -32.2802 -20.5927 30.1574
    endloop
  endfacet
  facet normal 0 0.275403 -0.961329
    outer loop
      vertex -32.5148 -20.2576 30.2534
      vertex -36.563 -20.5927 30.1574
      vertex -36.7192 -20.2576 30.2534
    endloop
  endfacet
  facet normal 0 0.342135 -0.939651
    outer loop
      vertex -36.7192 -20.2576 30.2534
      vertex -32.7439 -19.9305 30.3725
      vertex -32.5148 -20.2576 30.2534
    endloop
  endfacet
  facet normal 0 0.342135 -0.939651
    outer loop
      vertex -32.7439 -19.9305 30.3725
      vertex -36.7192 -20.2576 30.2534
      vertex -36.8718 -19.9305 30.3725
    endloop
  endfacet
  facet normal 0 0.406698 -0.913563
    outer loop
      vertex -36.8718 -19.9305 30.3725
      vertex -32.9668 -19.6122 30.5142
      vertex -32.7439 -19.9305 30.3725
    endloop
  endfacet
  facet normal 0 0.406698 -0.913563
    outer loop
      vertex -32.9668 -19.6122 30.5142
      vertex -36.8718 -19.9305 30.3725
      vertex -37.0202 -19.6122 30.5142
    endloop
  endfacet
  facet normal 0 0.469561 -0.8829
    outer loop
      vertex -37.0202 -19.6122 30.5142
      vertex -33.1823 -19.3044 30.6779
      vertex -32.9668 -19.6122 30.5142
    endloop
  endfacet
  facet normal 0 0.469561 -0.8829
    outer loop
      vertex -33.1823 -19.3044 30.6779
      vertex -37.0202 -19.6122 30.5142
      vertex -37.1637 -19.3044 30.6779
    endloop
  endfacet
  facet normal 0 0.529707 -0.848181
    outer loop
      vertex -37.1637 -19.3044 30.6779
      vertex -33.2554 -19.2 30.7431
      vertex -33.1823 -19.3044 30.6779
    endloop
  endfacet
  facet normal -1.65765e-05 0.530153 -0.847902
    outer loop
      vertex -37.1637 -19.3044 30.6779
      vertex -33.3443 -19.0092 30.8624
      vertex -33.2554 -19.2 30.7431
    endloop
  endfacet
  facet normal 0 0.529999 -0.847998
    outer loop
      vertex -33.3443 -19.0092 30.8624
      vertex -37.1637 -19.3044 30.6779
      vertex -37.3014 -19.0092 30.8624
    endloop
  endfacet
  facet normal 0 0.587574 -0.80917
    outer loop
      vertex -37.3014 -19.0092 30.8624
      vertex -33.4758 -18.7273 31.0671
      vertex -33.3443 -19.0092 30.8624
    endloop
  endfacet
  facet normal 0 0.587574 -0.80917
    outer loop
      vertex -33.4758 -18.7273 31.0671
      vertex -37.3014 -19.0092 30.8624
      vertex -37.4328 -18.7273 31.0671
    endloop
  endfacet
  facet normal 0 0.642862 -0.765982
    outer loop
      vertex -37.4328 -18.7273 31.0671
      vertex -33.6002 -18.4604 31.2911
      vertex -33.4758 -18.7273 31.0671
    endloop
  endfacet
  facet normal 0 0.642862 -0.765982
    outer loop
      vertex -33.6002 -18.4604 31.2911
      vertex -37.4328 -18.7273 31.0671
      vertex -37.5573 -18.4604 31.2911
    endloop
  endfacet
  facet normal 0 0.694799 -0.719204
    outer loop
      vertex -37.5573 -18.4604 31.2911
      vertex -33.7171 -18.2099 31.5331
      vertex -33.6002 -18.4604 31.2911
    endloop
  endfacet
  facet normal 0 0.694799 -0.719204
    outer loop
      vertex -33.7171 -18.2099 31.5331
      vertex -37.5573 -18.4604 31.2911
      vertex -37.6741 -18.2099 31.5331
    endloop
  endfacet
  facet normal 0 0.743023 -0.669266
    outer loop
      vertex -37.6741 -18.2099 31.5331
      vertex -33.8258 -17.9767 31.792
      vertex -33.7171 -18.2099 31.5331
    endloop
  endfacet
  facet normal 0 0.743023 -0.669266
    outer loop
      vertex -33.8258 -17.9767 31.792
      vertex -37.6741 -18.2099 31.5331
      vertex -37.7828 -17.9767 31.792
    endloop
  endfacet
  facet normal 0 0.788098 -0.615549
    outer loop
      vertex -37.7828 -17.9767 31.792
      vertex -33.9258 -17.7623 32.0665
      vertex -33.8258 -17.9767 31.792
    endloop
  endfacet
  facet normal 0 0.788098 -0.615549
    outer loop
      vertex -33.9258 -17.7623 32.0665
      vertex -37.7828 -17.9767 31.792
      vertex -37.8828 -17.7623 32.0665
    endloop
  endfacet
  facet normal 0 0.829078 -0.559132
    outer loop
      vertex -37.8828 -17.7623 32.0665
      vertex -34.0166 -17.5676 32.3552
      vertex -33.9258 -17.7623 32.0665
    endloop
  endfacet
  facet normal 0 0.829078 -0.559132
    outer loop
      vertex -34.0166 -17.5676 32.3552
      vertex -37.8828 -17.7623 32.0665
      vertex -37.9736 -17.5676 32.3552
    endloop
  endfacet
  facet normal 0 0.865884 -0.500244
    outer loop
      vertex -37.9736 -17.5676 32.3552
      vertex -34.0978 -17.3933 32.6569
      vertex -34.0166 -17.5676 32.3552
    endloop
  endfacet
  facet normal 0 0.865884 -0.500244
    outer loop
      vertex -34.0978 -17.3933 32.6569
      vertex -37.9736 -17.5676 32.3552
      vertex -38.0549 -17.3933 32.6569
    endloop
  endfacet
  facet normal 0 0.898859 -0.438237
    outer loop
      vertex -38.0549 -17.3933 32.6569
      vertex -34.1691 -17.2406 32.9701
      vertex -34.0978 -17.3933 32.6569
    endloop
  endfacet
  facet normal 0 0.898859 -0.438237
    outer loop
      vertex -34.1691 -17.2406 32.9701
      vertex -38.0549 -17.3933 32.6569
      vertex -38.1261 -17.2406 32.9701
    endloop
  endfacet
  facet normal 0 0.927144 -0.374705
    outer loop
      vertex -38.1261 -17.2406 32.9701
      vertex -34.2299 -17.1101 33.293
      vertex -34.1691 -17.2406 32.9701
    endloop
  endfacet
  facet normal 0 0.927144 -0.374705
    outer loop
      vertex -34.2299 -17.1101 33.293
      vertex -38.1261 -17.2406 32.9701
      vertex -38.187 -17.1101 33.293
    endloop
  endfacet
  facet normal 0 0.951123 -0.308813
    outer loop
      vertex -38.187 -17.1101 33.293
      vertex -34.2801 -17.0025 33.6244
      vertex -34.2299 -17.1101 33.293
    endloop
  endfacet
  facet normal 0 0.951123 -0.308813
    outer loop
      vertex -34.2801 -17.0025 33.6244
      vertex -38.187 -17.1101 33.293
      vertex -38.2372 -17.0025 33.6244
    endloop
  endfacet
  facet normal 0 0.970286 -0.241959
    outer loop
      vertex -38.2372 -17.0025 33.6244
      vertex -34.3169 -16.9235 33.9412
      vertex -34.2801 -17.0025 33.6244
    endloop
  endfacet
  facet normal 0 0.970286 -0.241959
    outer loop
      vertex -34.3169 -16.9235 33.9412
      vertex -38.2372 -17.0025 33.6244
      vertex -38.274 -16.9235 33.9412
    endloop
  endfacet
  facet normal 0 0.986263 -0.165186
    outer loop
      vertex -38.274 -16.9235 33.9412
      vertex -34.3471 -16.8588 34.3275
      vertex -34.3169 -16.9235 33.9412
    endloop
  endfacet
  facet normal 0 0.986263 -0.165186
    outer loop
      vertex -34.3471 -16.8588 34.3275
      vertex -38.274 -16.9235 33.9412
      vertex -38.3041 -16.8588 34.3275
    endloop
  endfacet
  facet normal 0 0.996199 -0.08711
    outer loop
      vertex -38.3041 -16.8588 34.3275
      vertex -34.3701 -16.8095 34.8913
      vertex -34.3471 -16.8588 34.3275
    endloop
  endfacet
  facet normal 0 0.996199 -0.08711
    outer loop
      vertex -34.3701 -16.8095 34.8913
      vertex -38.3041 -16.8588 34.3275
      vertex -38.3271 -16.8095 34.8913
    endloop
  endfacet
  facet normal 0 0.99905 -0.0435766
    outer loop
      vertex -38.3271 -16.8095 34.8913
      vertex -34.3745 -16.8 35.1091
      vertex -34.3701 -16.8095 34.8913
    endloop
  endfacet
  facet normal 0 0.99905 -0.0435766
    outer loop
      vertex -34.3745 -16.8 35.1091
      vertex -38.3271 -16.8095 34.8913
      vertex -38.3316 -16.8 35.1091
    endloop
  endfacet
  facet normal 0 1 -0
    outer loop
      vertex -34.3745 -16.8 35.1091
      vertex -38.3316 -16.8 132.913
      vertex -34.3745 -16.8 132.913
    endloop
  endfacet
  facet normal 0 1 0
    outer loop
      vertex -38.3316 -16.8 132.913
      vertex -34.3745 -16.8 35.1091
      vertex -38.3316 -16.8 35.1091
    endloop
  endfacet
  facet normal 0 0.999386 0.0350359
    outer loop
      vertex -34.3745 -16.8 132.913
      vertex -38.3287 -16.8061 133.087
      vertex -34.3717 -16.8061 133.087
    endloop
  endfacet
  facet normal 0 0.999386 0.0350359
    outer loop
      vertex -38.3287 -16.8061 133.087
      vertex -34.3745 -16.8 132.913
      vertex -38.3316 -16.8 132.913
    endloop
  endfacet
  facet normal 0 0.997567 0.069715
    outer loop
      vertex -34.3717 -16.8061 133.087
      vertex -38.3146 -16.8365 133.522
      vertex -34.3575 -16.8365 133.522
    endloop
  endfacet
  facet normal 0 0.997567 0.069715
    outer loop
      vertex -38.3146 -16.8365 133.522
      vertex -34.3717 -16.8061 133.087
      vertex -38.3287 -16.8061 133.087
    endloop
  endfacet
  facet normal 0 0.990302 0.138929
    outer loop
      vertex -34.3575 -16.8365 133.522
      vertex -38.292 -16.8849 133.867
      vertex -34.3349 -16.8849 133.867
    endloop
  endfacet
  facet normal 0 0.990302 0.138929
    outer loop
      vertex -38.292 -16.8849 133.867
      vertex -34.3575 -16.8365 133.522
      vertex -38.3146 -16.8365 133.522
    endloop
  endfacet
  facet normal 0 0.978012 0.208547
    outer loop
      vertex -34.3349 -16.8849 133.867
      vertex -38.2582 -16.9574 134.207
      vertex -34.3011 -16.9574 134.207
    endloop
  endfacet
  facet normal 0 0.978012 0.208547
    outer loop
      vertex -38.2582 -16.9574 134.207
      vertex -34.3349 -16.8849 133.867
      vertex -38.292 -16.8849 133.867
    endloop
  endfacet
  facet normal 0 0.961307 0.275479
    outer loop
      vertex -34.3011 -16.9574 134.207
      vertex -38.2134 -17.0534 134.542
      vertex -34.2563 -17.0534 134.542
    endloop
  endfacet
  facet normal 0 0.961307 0.275479
    outer loop
      vertex -38.2134 -17.0534 134.542
      vertex -34.3011 -16.9574 134.207
      vertex -38.2582 -16.9574 134.207
    endloop
  endfacet
  facet normal 0 0.939617 0.342228
    outer loop
      vertex -34.2563 -17.0534 134.542
      vertex -38.1579 -17.1725 134.869
      vertex -34.2008 -17.1725 134.869
    endloop
  endfacet
  facet normal 0 0.939617 0.342228
    outer loop
      vertex -38.1579 -17.1725 134.869
      vertex -34.2563 -17.0534 134.542
      vertex -38.2134 -17.0534 134.542
    endloop
  endfacet
  facet normal 0 0.913894 0.405952
    outer loop
      vertex -34.2008 -17.1725 134.869
      vertex -38.0918 -17.3142 135.188
      vertex -34.1347 -17.3142 135.188
    endloop
  endfacet
  facet normal 0 0.913894 0.405952
    outer loop
      vertex -38.0918 -17.3142 135.188
      vertex -34.2008 -17.1725 134.869
      vertex -38.1579 -17.1725 134.869
    endloop
  endfacet
  facet normal 0 0.883145 0.469099
    outer loop
      vertex -34.1347 -17.3142 135.188
      vertex -38.0155 -17.4778 135.496
      vertex -34.0584 -17.4778 135.496
    endloop
  endfacet
  facet normal 0 0.883145 0.469099
    outer loop
      vertex -38.0155 -17.4778 135.496
      vertex -34.1347 -17.3142 135.188
      vertex -38.0918 -17.3142 135.188
    endloop
  endfacet
  facet normal 0 0.847837 0.530257
    outer loop
      vertex -34.0584 -17.4778 135.496
      vertex -37.9294 -17.6623 135.791
      vertex -33.9724 -17.6623 135.791
    endloop
  endfacet
  facet normal 0 0.847837 0.530257
    outer loop
      vertex -37.9294 -17.6623 135.791
      vertex -34.0584 -17.4778 135.496
      vertex -38.0155 -17.4778 135.496
    endloop
  endfacet
  facet normal 0 0.809133 0.587626
    outer loop
      vertex -33.9724 -17.6623 135.791
      vertex -37.834 -17.8671 136.073
      vertex -33.8769 -17.8671 136.073
    endloop
  endfacet
  facet normal 0 0.809133 0.587626
    outer loop
      vertex -37.834 -17.8671 136.073
      vertex -33.9724 -17.6623 135.791
      vertex -37.9294 -17.6623 135.791
    endloop
  endfacet
  facet normal 0 0.7661 0.642721
    outer loop
      vertex -33.8769 -17.8671 136.073
      vertex -37.7295 -18.0911 136.34
      vertex -33.7725 -18.0911 136.34
    endloop
  endfacet
  facet normal 0 0.7661 0.642721
    outer loop
      vertex -37.7295 -18.0911 136.34
      vertex -33.8769 -17.8671 136.073
      vertex -37.834 -17.8671 136.073
    endloop
  endfacet
  facet normal 0 0.718653 0.695369
    outer loop
      vertex -33.7725 -18.0911 136.34
      vertex -37.6167 -18.333 136.59
      vertex -33.6596 -18.333 136.59
    endloop
  endfacet
  facet normal 0 0.718653 0.695369
    outer loop
      vertex -37.6167 -18.333 136.59
      vertex -33.7725 -18.0911 136.34
      vertex -37.7295 -18.0911 136.34
    endloop
  endfacet
  facet normal 0 0.668806 0.743437
    outer loop
      vertex -33.6596 -18.333 136.59
      vertex -37.496 -18.592 136.823
      vertex -33.5389 -18.592 136.823
    endloop
  endfacet
  facet normal 0 0.668806 0.743437
    outer loop
      vertex -37.496 -18.592 136.823
      vertex -33.6596 -18.333 136.59
      vertex -37.6167 -18.333 136.59
    endloop
  endfacet
  facet normal 0 0.616618 0.787263
    outer loop
      vertex -33.5389 -18.592 136.823
      vertex -37.368 -18.8665 137.038
      vertex -33.4109 -18.8665 137.038
    endloop
  endfacet
  facet normal 0 0.616618 0.787263
    outer loop
      vertex -37.368 -18.8665 137.038
      vertex -33.5389 -18.592 136.823
      vertex -37.496 -18.592 136.823
    endloop
  endfacet
  facet normal 0 0.557748 0.83001
    outer loop
      vertex -33.4109 -18.8665 137.038
      vertex -37.2333 -19.1552 137.232
      vertex -33.2763 -19.1552 137.232
    endloop
  endfacet
  facet normal 0 0.557748 0.83001
    outer loop
      vertex -37.2333 -19.1552 137.232
      vertex -33.4109 -18.8665 137.038
      vertex -37.368 -18.8665 137.038
    endloop
  endfacet
  facet normal 0 0.501713 0.865034
    outer loop
      vertex -33.2554 -19.2 137.258
      vertex -37.0926 -19.4569 137.407
      vertex -33.0755 -19.4569 137.407
    endloop
  endfacet
  facet normal -2.04912e-05 0.501942 0.864901
    outer loop
      vertex -33.2763 -19.1552 137.232
      vertex -37.0926 -19.4569 137.407
      vertex -33.2554 -19.2 137.258
    endloop
  endfacet
  facet normal 0 0.501748 0.865014
    outer loop
      vertex -37.0926 -19.4569 137.407
      vertex -33.2763 -19.1552 137.232
      vertex -37.2333 -19.1552 137.232
    endloop
  endfacet
  facet normal 0 0.436612 0.89965
    outer loop
      vertex -33.0755 -19.4569 137.407
      vertex -36.9466 -19.7701 137.559
      vertex -32.8562 -19.7701 137.559
    endloop
  endfacet
  facet normal 0 0.436612 0.89965
    outer loop
      vertex -36.9466 -19.7701 137.559
      vertex -33.0755 -19.4569 137.407
      vertex -37.0926 -19.4569 137.407
    endloop
  endfacet
  facet normal 0 0.375938 0.926645
    outer loop
      vertex -32.8562 -19.7701 137.559
      vertex -36.796 -20.093 137.69
      vertex -32.6301 -20.093 137.69
    endloop
  endfacet
  facet normal 0 0.375938 0.926645
    outer loop
      vertex -36.796 -20.093 137.69
      vertex -32.8562 -19.7701 137.559
      vertex -36.9466 -19.7701 137.559
    endloop
  endfacet
  facet normal 0 0.309936 0.950757
    outer loop
      vertex -32.6301 -20.093 137.69
      vertex -36.6415 -20.4243 137.798
      vertex -32.3981 -20.4243 137.798
    endloop
  endfacet
  facet normal 0 0.309936 0.950757
    outer loop
      vertex -36.6415 -20.4243 137.798
      vertex -32.6301 -20.093 137.69
      vertex -36.796 -20.093 137.69
    endloop
  endfacet
  facet normal 0 0.241959 0.970286
    outer loop
      vertex -32.3981 -20.4243 137.798
      vertex -36.4938 -20.7411 137.877
      vertex -32.1763 -20.7411 137.877
    endloop
  endfacet
  facet normal 0 0.241959 0.970286
    outer loop
      vertex -36.4938 -20.7411 137.877
      vertex -32.3981 -20.4243 137.798
      vertex -36.6415 -20.4243 137.798
    endloop
  endfacet
  facet normal 0 0.163405 0.986559
    outer loop
      vertex -32.1763 -20.7411 137.877
      vertex -36.2838 -21.1275 137.941
      vertex -31.9058 -21.1275 137.941
    endloop
  endfacet
  facet normal -0 0.163405 0.986559
    outer loop
      vertex -36.4938 -20.7411 137.877
      vertex -36.2838 -21.1275 137.941
      vertex -32.1763 -20.7411 137.877
    endloop
  endfacet
  facet normal 0.00581628 0.166478 0.986028
    outer loop
      vertex -36.2838 -21.1275 137.941
      vertex -36.4938 -20.7411 137.877
      vertex -36.3731 -21 137.92
    endloop
  endfacet
  facet normal 0 0.0865839 0.996245
    outer loop
      vertex -31.9058 -21.1275 137.941
      vertex -35.889 -21.6913 137.99
      vertex -31.511 -21.6913 137.99
    endloop
  endfacet
  facet normal 0 0.0865839 0.996245
    outer loop
      vertex -35.889 -21.6913 137.99
      vertex -31.9058 -21.1275 137.941
      vertex -36.2838 -21.1275 137.941
    endloop
  endfacet
  facet normal 0 0.0458654 0.998948
    outer loop
      vertex -31.511 -21.6913 137.99
      vertex -35.7365 -21.9091 138
      vertex -31.3584 -21.9091 138
    endloop
  endfacet
  facet normal 0 0.0458654 0.998948
    outer loop
      vertex -35.7365 -21.9091 138
      vertex -31.511 -21.6913 137.99
      vertex -35.889 -21.6913 137.99
    endloop
  endfacet
  facet normal 0 0 1
    outer loop
      vertex -32.1739 -26.9971 138
      vertex -28 -26.0991 138
      vertex -29.4161 -24.683 138
    endloop
  endfacet
  facet normal 0 0 1
    outer loop
      vertex -32.1739 -26.9971 138
      vertex -29.4161 -24.683 138
      vertex -31.3584 -21.9091 138
    endloop
  endfacet
  facet normal 0 0 1
    outer loop
      vertex -28 -26.0991 138
      vertex -32.1739 -26.9971 138
      vertex -28 -31.1709 138
    endloop
  endfacet
  facet normal 0 -0 1
    outer loop
      vertex -32.1739 -26.9971 138
      vertex -31.3584 -21.9091 138
      vertex -35.7365 -21.9091 138
    endloop
  endfacet
  facet normal 0 1 -0
    outer loop
      vertex -28 -37.8 150
      vertex -31.1198 -37.8 158
      vertex -28 -37.8 158
    endloop
  endfacet
  facet normal 0 1 0
    outer loop
      vertex -31.1198 -37.8 158
      vertex -28 -37.8 150
      vertex -31.1198 -37.8 150
    endloop
  endfacet
  facet normal 0 0.997561 -0.0698006
    outer loop
      vertex -31.1198 -37.8 158
      vertex -28 -37.7513 158.696
      vertex -28 -37.8 158
    endloop
  endfacet
  facet normal 0 0.997561 -0.0698006
    outer loop
      vertex -28 -37.7513 158.696
      vertex -31.1198 -37.8 158
      vertex -31.1893 -37.7513 158.696
    endloop
  endfacet
  facet normal 0 0.978137 -0.207962
    outer loop
      vertex -31.1893 -37.7513 158.696
      vertex -28 -37.6063 159.378
      vertex -28 -37.7513 158.696
    endloop
  endfacet
  facet normal 0 0.978137 -0.207962
    outer loop
      vertex -28 -37.6063 159.378
      vertex -31.1893 -37.7513 158.696
      vertex -31.3965 -37.6063 159.378
    endloop
  endfacet
  facet normal 0 0.939653 -0.34213
    outer loop
      vertex -28 -37.38 160
      vertex -31.4966 -37.5362 159.571
      vertex -31.6528 -37.38 160
    endloop
  endfacet
  facet normal 0 0.939736 -0.341901
    outer loop
      vertex -31.3965 -37.6063 159.378
      vertex -28 -37.38 160
      vertex -28 -37.6063 159.378
    endloop
  endfacet
  facet normal -9.65064e-05 0.939905 -0.341435
    outer loop
      vertex -28 -37.38 160
      vertex -31.3965 -37.6063 159.378
      vertex -31.4966 -37.5362 159.571
    endloop
  endfacet
  facet normal 0 0 -1
    outer loop
      vertex -32.1739 -26.9971 163
      vertex -28 -26.0991 163
      vertex -28 -31.1709 163
    endloop
  endfacet
  facet normal -0 0 -1
    outer loop
      vertex -28 -26.0991 163
      vertex -32.1739 -26.9971 163
      vertex -29.4161 -24.683 163
    endloop
  endfacet
  facet normal 0 0 -1
    outer loop
      vertex -32.1739 -26.9971 163
      vertex -33.2554 -19.2 163
      vertex -29.4161 -24.683 163
    endloop
  endfacet
  facet normal 0 0 -1
    outer loop
      vertex -36.3731 -21 163
      vertex -33.2554 -19.2 163
      vertex -32.1739 -26.9971 163
    endloop
  endfacet
  facet normal -0 0 -1
    outer loop
      vertex -33.2554 -19.2 163
      vertex -36.3731 -21 163
      vertex -36.0842 -13.1336 163
    endloop
  endfacet
  facet normal 0 0 -1
    outer loop
      vertex -39.4671 -14.3648 163
      vertex -36.0842 -13.1336 163
      vertex -36.3731 -21 163
    endloop
  endfacet
  facet normal 0 0 -1
    outer loop
      vertex -41.3619 -7.29322 163
      vertex -37.8166 -6.66809 163
      vertex -39.4671 -14.3648 163
    endloop
  endfacet
  facet normal -0 0 -1
    outer loop
      vertex -36.0842 -13.1336 163
      vertex -39.4671 -14.3648 163
      vertex -37.8166 -6.66809 163
    endloop
  endfacet
  facet normal 0 0 -1
    outer loop
      vertex -32.1739 26.9971 163
      vertex -28 26.0991 163
      vertex -29.4161 24.683 163
    endloop
  endfacet
  facet normal 0 0 -1
    outer loop
      vertex -28 26.0991 163
      vertex -32.1739 26.9971 163
      vertex -28 31.1709 163
    endloop
  endfacet
  facet normal 0 0 -1
    outer loop
      vertex -33.2554 19.2 163
      vertex -32.1739 26.9971 163
      vertex -29.4161 24.683 163
    endloop
  endfacet
  facet normal 0 0 -1
    outer loop
      vertex -36.3731 21 163
      vertex -33.2554 19.2 163
      vertex -36.0842 13.1336 163
    endloop
  endfacet
  facet normal 0 0 -1
    outer loop
      vertex -33.2554 19.2 163
      vertex -36.3731 21 163
      vertex -32.1739 26.9971 163
    endloop
  endfacet
  facet normal 0 0 -1
    outer loop
      vertex -39.4671 14.3648 163
      vertex -36.0842 13.1336 163
      vertex -37.8166 6.66809 163
    endloop
  endfacet
  facet normal 0 0 -1
    outer loop
      vertex -36.0842 13.1336 163
      vertex -39.4671 14.3648 163
      vertex -36.3731 21 163
    endloop
  endfacet
  facet normal 0 0 -1
    outer loop
      vertex -41.3619 7.29322 163
      vertex -37.8166 6.66809 163
      vertex -38.4 0 163
    endloop
  endfacet
  facet normal -0 0 -1
    outer loop
      vertex -37.8166 -6.66809 163
      vertex -41.3619 -7.29322 163
      vertex -38.4 0 163
    endloop
  endfacet
  facet normal 0 0 -1
    outer loop
      vertex -42 0 163
      vertex -38.4 0 163
      vertex -41.3619 -7.29322 163
    endloop
  endfacet
  facet normal 0 0 -1
    outer loop
      vertex -37.8166 6.66809 163
      vertex -41.3619 7.29322 163
      vertex -39.4671 14.3648 163
    endloop
  endfacet
  facet normal 0 0 -1
    outer loop
      vertex -38.4 0 163
      vertex -42 0 163
      vertex -41.3619 7.29322 163
    endloop
  endfacet
  facet normal 0 -0.927296 -0.374328
    outer loop
      vertex -31.4966 37.5362 159.592
      vertex -28 37.3715 160
      vertex -31.6613 37.3715 160
    endloop
  endfacet
  facet normal 0.000274018 -0.926479 -0.376346
    outer loop
      vertex -31.4693 37.5553 159.545
      vertex -28 37.3715 160
      vertex -31.4966 37.5362 159.592
    endloop
  endfacet
  facet normal 0 -0.927206 -0.374551
    outer loop
      vertex -28 37.3715 160
      vertex -31.4693 37.5553 159.545
      vertex -28 37.5553 159.545
    endloop
  endfacet
  facet normal 0 -0.970328 -0.241794
    outer loop
      vertex -31.2283 37.724 158.868
      vertex -28 37.5553 159.545
      vertex -31.4693 37.5553 159.545
    endloop
  endfacet
  facet normal 0 -0.970328 -0.241794
    outer loop
      vertex -28 37.5553 159.545
      vertex -31.2283 37.724 158.868
      vertex -28 37.724 158.868
    endloop
  endfacet
  facet normal 0 -0.996189 -0.0872239
    outer loop
      vertex -31.1198 37.8 158
      vertex -28 37.724 158.868
      vertex -31.2283 37.724 158.868
    endloop
  endfacet
  facet normal 0 -0.996189 -0.0872239
    outer loop
      vertex -28 37.724 158.868
      vertex -31.1198 37.8 158
      vertex -28 37.8 158
    endloop
  endfacet
  facet normal 0 -1 0
    outer loop
      vertex -31.1198 37.8 150
      vertex -28 37.8 158
      vertex -31.1198 37.8 158
    endloop
  endfacet
  facet normal 0 -1 -0
    outer loop
      vertex -28 37.8 158
      vertex -31.1198 37.8 150
      vertex -28 37.8 150
    endloop
  endfacet
  facet normal -0 0 1
    outer loop
      vertex -29.2926 29.4645 138
      vertex -28 26.0991 138
      vertex -28 30.5491 138
    endloop
  endfacet
  facet normal -0 0 1
    outer loop
      vertex -32.1739 26.9971 138
      vertex -28 26.0991 138
      vertex -29.2926 29.4645 138
    endloop
  endfacet
  facet normal 0 0 1
    outer loop
      vertex -32.1739 26.9971 138
      vertex -29.2926 29.4645 138
      vertex -29.4814 29.6895 138
    endloop
  endfacet
  facet normal 0 0 1
    outer loop
      vertex -28 26.0991 138
      vertex -32.1739 26.9971 138
      vertex -29.4161 24.683 138
    endloop
  endfacet
  facet normal 0 0 1
    outer loop
      vertex -29.4161 24.683 138
      vertex -32.1739 26.9971 138
      vertex -31.3739 21.887 138
    endloop
  endfacet
  facet normal 0 0 1
    outer loop
      vertex -31.3739 21.887 138
      vertex -32.1739 26.9971 138
      vertex -35.752 21.887 138
    endloop
  endfacet
  facet normal 0 -0.0345019 0.999405
    outer loop
      vertex -35.752 21.887 138
      vertex -31.4956 21.7132 137.994
      vertex -31.3739 21.887 138
    endloop
  endfacet
  facet normal 0 -0.0345019 0.999405
    outer loop
      vertex -31.4956 21.7132 137.994
      vertex -35.752 21.887 138
      vertex -35.8737 21.7132 137.994
    endloop
  endfacet
  facet normal 0 -0.0688021 0.99763
    outer loop
      vertex -35.8737 21.7132 137.994
      vertex -31.8002 21.2782 137.964
      vertex -31.4956 21.7132 137.994
    endloop
  endfacet
  facet normal 0 -0.0688021 0.99763
    outer loop
      vertex -31.8002 21.2782 137.964
      vertex -35.8737 21.7132 137.994
      vertex -36.1783 21.2782 137.964
    endloop
  endfacet
  facet normal 0 -0.140698 0.990053
    outer loop
      vertex -36.1783 21.2782 137.964
      vertex -32.0416 20.9334 137.915
      vertex -31.8002 21.2782 137.964
    endloop
  endfacet
  facet normal -0.0365538 -0.1171 0.992447
    outer loop
      vertex -36.4041 20.9334 137.915
      vertex -36.1783 21.2782 137.964
      vertex -36.3731 21 137.924
    endloop
  endfacet
  facet normal 0 -0.140698 0.990053
    outer loop
      vertex -36.1783 21.2782 137.964
      vertex -36.4041 20.9334 137.915
      vertex -32.0416 20.9334 137.915
    endloop
  endfacet
  facet normal 0 -0.206763 0.978391
    outer loop
      vertex -36.4041 20.9334 137.915
      vertex -32.2802 20.5927 137.843
      vertex -32.0416 20.9334 137.915
    endloop
  endfacet
  facet normal 0 -0.206763 0.978391
    outer loop
      vertex -32.2802 20.5927 137.843
      vertex -36.4041 20.9334 137.915
      vertex -36.563 20.5927 137.843
    endloop
  endfacet
  facet normal 0 -0.275403 0.961329
    outer loop
      vertex -36.563 20.5927 137.843
      vertex -32.5148 20.2576 137.747
      vertex -32.2802 20.5927 137.843
    endloop
  endfacet
  facet normal 0 -0.275403 0.961329
    outer loop
      vertex -32.5148 20.2576 137.747
      vertex -36.563 20.5927 137.843
      vertex -36.7192 20.2576 137.747
    endloop
  endfacet
  facet normal 0 -0.344415 0.938818
    outer loop
      vertex -36.7192 20.2576 137.747
      vertex -32.7439 19.9305 137.627
      vertex -32.5148 20.2576 137.747
    endloop
  endfacet
  facet normal 0 -0.344415 0.938818
    outer loop
      vertex -32.7439 19.9305 137.627
      vertex -36.7192 20.2576 137.747
      vertex -36.8718 19.9305 137.627
    endloop
  endfacet
  facet normal 0 -0.405019 0.914308
    outer loop
      vertex -36.8718 19.9305 137.627
      vertex -32.9668 19.6122 137.486
      vertex -32.7439 19.9305 137.627
    endloop
  endfacet
  facet normal 0 -0.405019 0.914308
    outer loop
      vertex -32.9668 19.6122 137.486
      vertex -36.8718 19.9305 137.627
      vertex -37.0202 19.6122 137.486
    endloop
  endfacet
  facet normal 0 -0.470231 0.882543
    outer loop
      vertex -37.0202 19.6122 137.486
      vertex -33.1823 19.3044 137.322
      vertex -32.9668 19.6122 137.486
    endloop
  endfacet
  facet normal 0 -0.470231 0.882543
    outer loop
      vertex -33.1823 19.3044 137.322
      vertex -37.0202 19.6122 137.486
      vertex -37.1637 19.3044 137.322
    endloop
  endfacet
  facet normal 0 -0.528536 0.848911
    outer loop
      vertex -37.1637 19.3044 137.322
      vertex -33.2554 19.2 137.257
      vertex -33.1823 19.3044 137.322
    endloop
  endfacet
  facet normal -2.42755e-05 -0.529191 0.848503
    outer loop
      vertex -37.1637 19.3044 137.322
      vertex -33.3443 19.0092 137.138
      vertex -33.2554 19.2 137.257
    endloop
  endfacet
  facet normal 0 -0.528965 0.848644
    outer loop
      vertex -33.3443 19.0092 137.138
      vertex -37.1637 19.3044 137.322
      vertex -37.3014 19.0092 137.138
    endloop
  endfacet
  facet normal 0 -0.588138 0.808761
    outer loop
      vertex -37.3014 19.0092 137.138
      vertex -33.4758 18.7273 136.933
      vertex -33.3443 19.0092 137.138
    endloop
  endfacet
  facet normal 0 -0.588138 0.808761
    outer loop
      vertex -33.4758 18.7273 136.933
      vertex -37.3014 19.0092 137.138
      vertex -37.4328 18.7273 136.933
    endloop
  endfacet
  facet normal 0 -0.642862 0.765982
    outer loop
      vertex -37.4328 18.7273 136.933
      vertex -33.6002 18.4604 136.709
      vertex -33.4758 18.7273 136.933
    endloop
  endfacet
  facet normal 0 -0.642862 0.765982
    outer loop
      vertex -33.6002 18.4604 136.709
      vertex -37.4328 18.7273 136.933
      vertex -37.5573 18.4604 136.709
    endloop
  endfacet
  facet normal 0 -0.694799 0.719204
    outer loop
      vertex -37.5573 18.4604 136.709
      vertex -33.7171 18.2099 136.467
      vertex -33.6002 18.4604 136.709
    endloop
  endfacet
  facet normal 0 -0.694799 0.719204
    outer loop
      vertex -33.7171 18.2099 136.467
      vertex -37.5573 18.4604 136.709
      vertex -37.6741 18.2099 136.467
    endloop
  endfacet
  facet normal 0 -0.743151 0.669123
    outer loop
      vertex -33.8258 17.9767 136.208
      vertex -37.6741 18.2099 136.467
      vertex -37.7828 17.9767 136.208
    endloop
  endfacet
  facet normal 0 -0.743151 0.669123
    outer loop
      vertex -37.6741 18.2099 136.467
      vertex -33.8258 17.9767 136.208
      vertex -33.7171 18.2099 136.467
    endloop
  endfacet
  facet normal 0 -0.787554 0.616246
    outer loop
      vertex -33.9258 17.7623 135.934
      vertex -37.7828 17.9767 136.208
      vertex -37.8828 17.7623 135.934
    endloop
  endfacet
  facet normal 0 -0.787554 0.616246
    outer loop
      vertex -37.7828 17.9767 136.208
      vertex -33.9258 17.7623 135.934
      vertex -33.8258 17.9767 136.208
    endloop
  endfacet
  facet normal 0 -0.829347 0.558733
    outer loop
      vertex -34.0166 17.5676 135.645
      vertex -37.8828 17.7623 135.934
      vertex -37.9736 17.5676 135.645
    endloop
  endfacet
  facet normal 0 -0.829347 0.558733
    outer loop
      vertex -37.8828 17.7623 135.934
      vertex -34.0166 17.5676 135.645
      vertex -33.9258 17.7623 135.934
    endloop
  endfacet
  facet normal 0 -0.8661 0.499871
    outer loop
      vertex -34.0978 17.3933 135.343
      vertex -37.9736 17.5676 135.645
      vertex -38.0549 17.3933 135.343
    endloop
  endfacet
  facet normal 0 -0.8661 0.499871
    outer loop
      vertex -37.9736 17.5676 135.645
      vertex -34.0978 17.3933 135.343
      vertex -34.0166 17.5676 135.645
    endloop
  endfacet
  facet normal 0 -0.898749 0.438463
    outer loop
      vertex -34.1691 17.2406 135.03
      vertex -38.0549 17.3933 135.343
      vertex -38.1261 17.2406 135.03
    endloop
  endfacet
  facet normal 0 -0.898749 0.438463
    outer loop
      vertex -38.0549 17.3933 135.343
      vertex -34.1691 17.2406 135.03
      vertex -34.0978 17.3933 135.343
    endloop
  endfacet
  facet normal 0 -0.927184 0.374605
    outer loop
      vertex -34.2299 17.1101 134.707
      vertex -38.1261 17.2406 135.03
      vertex -38.187 17.1101 134.707
    endloop
  endfacet
  facet normal 0 -0.927184 0.374605
    outer loop
      vertex -38.1261 17.2406 135.03
      vertex -34.2299 17.1101 134.707
      vertex -34.1691 17.2406 135.03
    endloop
  endfacet
  facet normal 0 -0.951013 0.309151
    outer loop
      vertex -34.2801 17.0025 134.376
      vertex -38.187 17.1101 134.707
      vertex -38.2372 17.0025 134.376
    endloop
  endfacet
  facet normal 0 -0.951013 0.309151
    outer loop
      vertex -38.187 17.1101 134.707
      vertex -34.2801 17.0025 134.376
      vertex -34.2299 17.1101 134.707
    endloop
  endfacet
  facet normal 0 -0.970322 0.241815
    outer loop
      vertex -34.3169 16.9235 134.059
      vertex -38.2372 17.0025 134.376
      vertex -38.274 16.9235 134.059
    endloop
  endfacet
  facet normal 0 -0.970322 0.241815
    outer loop
      vertex -38.2372 17.0025 134.376
      vertex -34.3169 16.9235 134.059
      vertex -34.2801 17.0025 134.376
    endloop
  endfacet
  facet normal 0 -0.986242 0.16531
    outer loop
      vertex -34.3471 16.8588 133.673
      vertex -38.274 16.9235 134.059
      vertex -38.3041 16.8588 133.673
    endloop
  endfacet
  facet normal 0 -0.986242 0.16531
    outer loop
      vertex -38.274 16.9235 134.059
      vertex -34.3471 16.8588 133.673
      vertex -34.3169 16.9235 134.059
    endloop
  endfacet
  facet normal 0 -0.996201 0.0870793
    outer loop
      vertex -34.3701 16.8095 133.109
      vertex -38.3041 16.8588 133.673
      vertex -38.3271 16.8095 133.109
    endloop
  endfacet
  facet normal 0 -0.996201 0.0870793
    outer loop
      vertex -38.3041 16.8588 133.673
      vertex -34.3701 16.8095 133.109
      vertex -34.3471 16.8588 133.673
    endloop
  endfacet
  facet normal 0 -0.999052 0.0435367
    outer loop
      vertex -34.3745 16.8 132.891
      vertex -38.3271 16.8095 133.109
      vertex -38.3316 16.8 132.891
    endloop
  endfacet
  facet normal 0 -0.999052 0.0435367
    outer loop
      vertex -38.3271 16.8095 133.109
      vertex -34.3745 16.8 132.891
      vertex -34.3701 16.8095 133.109
    endloop
  endfacet
  facet normal 0 -1 0
    outer loop
      vertex -38.3316 16.8 35.087
      vertex -34.3745 16.8 132.891
      vertex -38.3316 16.8 132.891
    endloop
  endfacet
  facet normal 0 -1 -0
    outer loop
      vertex -34.3745 16.8 132.891
      vertex -38.3316 16.8 35.087
      vertex -34.3745 16.8 35.087
    endloop
  endfacet
  facet normal 0 -0.999385 -0.0350762
    outer loop
      vertex -38.3287 16.8061 34.9132
      vertex -34.3745 16.8 35.087
      vertex -38.3316 16.8 35.087
    endloop
  endfacet
  facet normal 0 -0.999385 -0.0350762
    outer loop
      vertex -34.3745 16.8 35.087
      vertex -38.3287 16.8061 34.9132
      vertex -34.3717 16.8061 34.9132
    endloop
  endfacet
  facet normal 0 -0.997567 -0.069715
    outer loop
      vertex -38.3146 16.8365 34.4782
      vertex -34.3717 16.8061 34.9132
      vertex -38.3287 16.8061 34.9132
    endloop
  endfacet
  facet normal 0 -0.997567 -0.069715
    outer loop
      vertex -34.3717 16.8061 34.9132
      vertex -38.3146 16.8365 34.4782
      vertex -34.3575 16.8365 34.4782
    endloop
  endfacet
  facet normal 0 -0.990291 -0.139008
    outer loop
      vertex -38.292 16.8849 34.1334
      vertex -34.3575 16.8365 34.4782
      vertex -38.3146 16.8365 34.4782
    endloop
  endfacet
  facet normal 0 -0.990291 -0.139008
    outer loop
      vertex -34.3575 16.8365 34.4782
      vertex -38.292 16.8849 34.1334
      vertex -34.3349 16.8849 34.1334
    endloop
  endfacet
  facet normal 0 -0.9781 -0.208137
    outer loop
      vertex -38.2582 16.9574 33.7927
      vertex -34.3349 16.8849 34.1334
      vertex -38.292 16.8849 34.1334
    endloop
  endfacet
  facet normal 0 -0.9781 -0.208137
    outer loop
      vertex -34.3349 16.8849 34.1334
      vertex -38.2582 16.9574 33.7927
      vertex -34.3011 16.9574 33.7927
    endloop
  endfacet
  facet normal 0 -0.961329 -0.275403
    outer loop
      vertex -38.2134 17.0534 33.4576
      vertex -34.3011 16.9574 33.7927
      vertex -38.2582 16.9574 33.7927
    endloop
  endfacet
  facet normal 0 -0.961329 -0.275403
    outer loop
      vertex -34.3011 16.9574 33.7927
      vertex -38.2134 17.0534 33.4576
      vertex -34.2563 17.0534 33.4576
    endloop
  endfacet
  facet normal 0 -0.939651 -0.342135
    outer loop
      vertex -38.1579 17.1725 33.1305
      vertex -34.2563 17.0534 33.4576
      vertex -38.2134 17.0534 33.4576
    endloop
  endfacet
  facet normal 0 -0.939651 -0.342135
    outer loop
      vertex -34.2563 17.0534 33.4576
      vertex -38.1579 17.1725 33.1305
      vertex -34.2008 17.1725 33.1305
    endloop
  endfacet
  facet normal 0 -0.913563 -0.406698
    outer loop
      vertex -38.0918 17.3142 32.8122
      vertex -34.2008 17.1725 33.1305
      vertex -38.1579 17.1725 33.1305
    endloop
  endfacet
  facet normal 0 -0.913563 -0.406698
    outer loop
      vertex -34.2008 17.1725 33.1305
      vertex -38.0918 17.3142 32.8122
      vertex -34.1347 17.3142 32.8122
    endloop
  endfacet
  facet normal 0 -0.883019 -0.469337
    outer loop
      vertex -38.0155 17.4778 32.5044
      vertex -34.1347 17.3142 32.8122
      vertex -38.0918 17.3142 32.8122
    endloop
  endfacet
  facet normal 0 -0.883019 -0.469337
    outer loop
      vertex -34.1347 17.3142 32.8122
      vertex -38.0155 17.4778 32.5044
      vertex -34.0584 17.4778 32.5044
    endloop
  endfacet
  facet normal 0 -0.847998 -0.529999
    outer loop
      vertex -37.9294 17.6623 32.2092
      vertex -34.0584 17.4778 32.5044
      vertex -38.0155 17.4778 32.5044
    endloop
  endfacet
  facet normal 0 -0.847998 -0.529999
    outer loop
      vertex -34.0584 17.4778 32.5044
      vertex -37.9294 17.6623 32.2092
      vertex -33.9724 17.6623 32.2092
    endloop
  endfacet
  facet normal 0 -0.808935 -0.587899
    outer loop
      vertex -37.834 17.8671 31.9274
      vertex -33.9724 17.6623 32.2092
      vertex -37.9294 17.6623 32.2092
    endloop
  endfacet
  facet normal 0 -0.808935 -0.587899
    outer loop
      vertex -33.9724 17.6623 32.2092
      vertex -37.834 17.8671 31.9274
      vertex -33.8769 17.8671 31.9274
    endloop
  endfacet
  facet normal 0 -0.7661 -0.642721
    outer loop
      vertex -37.7295 18.0911 31.6604
      vertex -33.8769 17.8671 31.9274
      vertex -37.834 17.8671 31.9274
    endloop
  endfacet
  facet normal 0 -0.7661 -0.642721
    outer loop
      vertex -33.8769 17.8671 31.9274
      vertex -37.7295 18.0911 31.6604
      vertex -33.7725 18.0911 31.6604
    endloop
  endfacet
  facet normal 0 -0.719347 -0.694651
    outer loop
      vertex -37.6167 18.333 31.4099
      vertex -33.7725 18.0911 31.6604
      vertex -37.7295 18.0911 31.6604
    endloop
  endfacet
  facet normal 0 -0.719347 -0.694651
    outer loop
      vertex -33.7725 18.0911 31.6604
      vertex -37.6167 18.333 31.4099
      vertex -33.6596 18.333 31.4099
    endloop
  endfacet
  facet normal 0 -0.669123 -0.743151
    outer loop
      vertex -33.6596 18.333 31.4099
      vertex -37.496 18.592 31.1767
      vertex -33.5389 18.592 31.1767
    endloop
  endfacet
  facet normal 0 -0.669123 -0.743151
    outer loop
      vertex -37.496 18.592 31.1767
      vertex -33.6596 18.333 31.4099
      vertex -37.6167 18.333 31.4099
    endloop
  endfacet
  facet normal 0 -0.615549 -0.788098
    outer loop
      vertex -33.5389 18.592 31.1767
      vertex -37.368 18.8665 30.9623
      vertex -33.4109 18.8665 30.9623
    endloop
  endfacet
  facet normal 0 -0.615549 -0.788098
    outer loop
      vertex -37.368 18.8665 30.9623
      vertex -33.5389 18.592 31.1767
      vertex -37.496 18.592 31.1767
    endloop
  endfacet
  facet normal 0 -0.559132 -0.829078
    outer loop
      vertex -33.4109 18.8665 30.9623
      vertex -37.2333 19.1552 30.7676
      vertex -33.2763 19.1552 30.7676
    endloop
  endfacet
  facet normal 0 -0.559132 -0.829078
    outer loop
      vertex -37.2333 19.1552 30.7676
      vertex -33.4109 18.8665 30.9623
      vertex -37.368 18.8665 30.9623
    endloop
  endfacet
  facet normal 0 -0.500199 -0.86591
    outer loop
      vertex -33.2554 19.2 30.7417
      vertex -37.0926 19.4569 30.5933
      vertex -33.0755 19.4569 30.5933
    endloop
  endfacet
  facet normal -2.63225e-05 -0.500494 -0.86574
    outer loop
      vertex -33.2763 19.1552 30.7676
      vertex -37.0926 19.4569 30.5933
      vertex -33.2554 19.2 30.7417
    endloop
  endfacet
  facet normal 0 -0.500244 -0.865884
    outer loop
      vertex -37.0926 19.4569 30.5933
      vertex -33.2763 19.1552 30.7676
      vertex -37.2333 19.1552 30.7676
    endloop
  endfacet
  facet normal 0 -0.438237 -0.898859
    outer loop
      vertex -33.0755 19.4569 30.5933
      vertex -36.9466 19.7701 30.4406
      vertex -32.8562 19.7701 30.4406
    endloop
  endfacet
  facet normal 0 -0.438237 -0.898859
    outer loop
      vertex -36.9466 19.7701 30.4406
      vertex -33.0755 19.4569 30.5933
      vertex -37.0926 19.4569 30.5933
    endloop
  endfacet
  facet normal 0 -0.374705 -0.927144
    outer loop
      vertex -32.8562 19.7701 30.4406
      vertex -36.796 20.093 30.3101
      vertex -32.6301 20.093 30.3101
    endloop
  endfacet
  facet normal 0 -0.374705 -0.927144
    outer loop
      vertex -36.796 20.093 30.3101
      vertex -32.8562 19.7701 30.4406
      vertex -36.9466 19.7701 30.4406
    endloop
  endfacet
  facet normal 0 -0.308898 -0.951095
    outer loop
      vertex -32.6301 20.093 30.3101
      vertex -36.6415 20.4243 30.2025
      vertex -32.3981 20.4243 30.2025
    endloop
  endfacet
  facet normal 0 -0.308898 -0.951095
    outer loop
      vertex -36.6415 20.4243 30.2025
      vertex -32.6301 20.093 30.3101
      vertex -36.796 20.093 30.3101
    endloop
  endfacet
  facet normal 0 -0.241959 -0.970286
    outer loop
      vertex -32.3981 20.4243 30.2025
      vertex -36.4938 20.7411 30.1235
      vertex -32.1763 20.7411 30.1235
    endloop
  endfacet
  facet normal 0 -0.241959 -0.970286
    outer loop
      vertex -36.4938 20.7411 30.1235
      vertex -32.3981 20.4243 30.2025
      vertex -36.6415 20.4243 30.2025
    endloop
  endfacet
  facet normal 0 -0.165144 -0.986269
    outer loop
      vertex -32.1763 20.7411 30.1235
      vertex -36.2838 21.1275 30.0588
      vertex -31.9058 21.1275 30.0588
    endloop
  endfacet
  facet normal 0 -0.165144 -0.986269
    outer loop
      vertex -36.4938 20.7411 30.1235
      vertex -36.2838 21.1275 30.0588
      vertex -32.1763 20.7411 30.1235
    endloop
  endfacet
  facet normal -0.00251518 -0.163814 -0.986488
    outer loop
      vertex -36.2838 21.1275 30.0588
      vertex -36.4938 20.7411 30.1235
      vertex -36.3731 21 30.0802
    endloop
  endfacet
  facet normal 0 -0.08711 -0.996199
    outer loop
      vertex -31.9058 21.1275 30.0588
      vertex -35.889 21.6913 30.0095
      vertex -31.511 21.6913 30.0095
    endloop
  endfacet
  facet normal 0 -0.08711 -0.996199
    outer loop
      vertex -35.889 21.6913 30.0095
      vertex -31.9058 21.1275 30.0588
      vertex -36.2838 21.1275 30.0588
    endloop
  endfacet
  facet normal 0 -0.0435766 -0.99905
    outer loop
      vertex -31.511 21.6913 30.0095
      vertex -35.7365 21.9091 30
      vertex -31.3584 21.9091 30
    endloop
  endfacet
  facet normal 0 -0.0435766 -0.99905
    outer loop
      vertex -35.7365 21.9091 30
      vertex -31.511 21.6913 30.0095
      vertex -35.889 21.6913 30.0095
    endloop
  endfacet
  facet normal 0 0 -1
    outer loop
      vertex -28 26.0991 30
      vertex -29.2926 29.4645 30
      vertex -28 30.5491 30
    endloop
  endfacet
  facet normal 0 0 -1
    outer loop
      vertex -32.1739 26.9971 30
      vertex -28 26.0991 30
      vertex -29.4161 24.683 30
    endloop
  endfacet
  facet normal 0 0 -1
    outer loop
      vertex -28 26.0991 30
      vertex -32.1739 26.9971 30
      vertex -29.2926 29.4645 30
    endloop
  endfacet
  facet normal 0 0 -1
    outer loop
      vertex -32.1739 26.9971 30
      vertex -29.4161 24.683 30
      vertex -31.3584 21.9091 30
    endloop
  endfacet
  facet normal -0 0 -1
    outer loop
      vertex -29.2926 29.4645 30
      vertex -32.1739 26.9971 30
      vertex -29.4814 29.6895 30
    endloop
  endfacet
  facet normal 0 -0 -1
    outer loop
      vertex -32.1739 26.9971 30
      vertex -31.3584 21.9091 30
      vertex -35.7365 21.9091 30
    endloop
  endfacet
  facet normal -0 0 1
    outer loop
      vertex -32.1739 26.9971 5
      vertex -28 26.0991 5
      vertex -28 31.1709 5
    endloop
  endfacet
  facet normal 0 0 1
    outer loop
      vertex -28 26.0991 5
      vertex -32.1739 26.9971 5
      vertex -29.4161 24.683 5
    endloop
  endfacet
  facet normal 0 0 1
    outer loop
      vertex -32.1739 26.9971 5
      vertex -33.2554 19.2 5
      vertex -29.4161 24.683 5
    endloop
  endfacet
  facet normal -0 0 1
    outer loop
      vertex -36.3731 21 5
      vertex -33.2554 19.2 5
      vertex -32.1739 26.9971 5
    endloop
  endfacet
  facet normal 0 0 1
    outer loop
      vertex -33.2554 19.2 5
      vertex -36.3731 21 5
      vertex -36.0842 13.1336 5
    endloop
  endfacet
  facet normal -0 0 1
    outer loop
      vertex -39.4671 14.3648 5
      vertex -36.0842 13.1336 5
      vertex -36.3731 21 5
    endloop
  endfacet
  facet normal -0 0 1
    outer loop
      vertex -41.3619 7.29322 5
      vertex -37.8166 6.66809 5
      vertex -39.4671 14.3648 5
    endloop
  endfacet
  facet normal 0 0 1
    outer loop
      vertex -36.0842 13.1336 5
      vertex -39.4671 14.3648 5
      vertex -37.8166 6.66809 5
    endloop
  endfacet
  facet normal 0 0 1
    outer loop
      vertex -32.1739 -26.9971 5
      vertex -28 -26.0991 5
      vertex -29.4161 -24.683 5
    endloop
  endfacet
  facet normal 0 0 1
    outer loop
      vertex -28 -26.0991 5
      vertex -32.1739 -26.9971 5
      vertex -28 -31.1709 5
    endloop
  endfacet
  facet normal 0 0 1
    outer loop
      vertex -33.2554 -19.2 5
      vertex -32.1739 -26.9971 5
      vertex -29.4161 -24.683 5
    endloop
  endfacet
  facet normal 0 0 1
    outer loop
      vertex -36.3731 -21 5
      vertex -33.2554 -19.2 5
      vertex -36.0842 -13.1336 5
    endloop
  endfacet
  facet normal 0 0 1
    outer loop
      vertex -33.2554 -19.2 5
      vertex -36.3731 -21 5
      vertex -32.1739 -26.9971 5
    endloop
  endfacet
  facet normal 0 0 1
    outer loop
      vertex -39.4671 -14.3648 5
      vertex -36.0842 -13.1336 5
      vertex -37.8166 -6.66809 5
    endloop
  endfacet
  facet normal 0 0 1
    outer loop
      vertex -36.0842 -13.1336 5
      vertex -39.4671 -14.3648 5
      vertex -36.3731 -21 5
    endloop
  endfacet
  facet normal 0 0 1
    outer loop
      vertex -41.3619 -7.29322 5
      vertex -37.8166 -6.66809 5
      vertex -38.4 0 5
    endloop
  endfacet
  facet normal 0 0 1
    outer loop
      vertex -37.8166 6.66809 5
      vertex -41.3619 7.29322 5
      vertex -38.4 0 5
    endloop
  endfacet
  facet normal 0 0 1
    outer loop
      vertex -42 0 5
      vertex -38.4 0 5
      vertex -41.3619 7.29322 5
    endloop
  endfacet
  facet normal 0 0 1
    outer loop
      vertex -37.8166 -6.66809 5
      vertex -41.3619 -7.29322 5
      vertex -39.4671 -14.3648 5
    endloop
  endfacet
  facet normal 0 0 1
    outer loop
      vertex -38.4 0 5
      vertex -42 0 5
      vertex -41.3619 -7.29322 5
    endloop
  endfacet
  facet normal -0.573583 -0.819148 0
    outer loop
      vertex 19.2 33.2554 3
      vertex 24.683 29.4161 164
      vertex 19.2 33.2554 164
    endloop
  endfacet
  facet normal -0.573583 -0.819148 -0
    outer loop
      vertex 24.683 29.4161 164
      vertex 19.2 33.2554 3
      vertex 24.683 29.4161 3
    endloop
  endfacet
  facet normal 0.906308 -0.422617 0
    outer loop
      vertex -36.0842 13.1336 5
      vertex -33.2554 19.2 3
      vertex -33.2554 19.2 5
    endloop
  endfacet
  facet normal 0.906308 -0.422617 0
    outer loop
      vertex -33.2554 19.2 3
      vertex -36.0842 13.1336 5
      vertex -36.0842 13.1336 3
    endloop
  endfacet
  facet normal 0.906308 -0.422617 0
    outer loop
      vertex -36.0842 13.1336 164
      vertex -33.2554 19.2 163
      vertex -33.2554 19.2 164
    endloop
  endfacet
  facet normal 0.906308 -0.422617 0
    outer loop
      vertex -33.2554 19.2 163
      vertex -36.0842 13.1336 164
      vertex -36.0842 13.1336 163
    endloop
  endfacet
  facet normal 0.906313 -0.422606 0
    outer loop
      vertex -34.3745 16.8 132.891
      vertex -33.2554 19.2 30.7417
      vertex -33.2554 19.2 137.257
    endloop
  endfacet
  facet normal 0.907564 -0.419886 -0.00477425
    outer loop
      vertex -33.4758 18.7273 136.933
      vertex -33.2554 19.2 137.257
      vertex -33.3443 19.0092 137.138
    endloop
  endfacet
  facet normal 0.906313 -0.422606 0
    outer loop
      vertex -34.3745 16.8 35.087
      vertex -33.2554 19.2 30.7417
      vertex -34.3745 16.8 132.891
    endloop
  endfacet
  facet normal 0.906336 -0.422558 -4.01046e-05
    outer loop
      vertex -33.2554 19.2 137.257
      vertex -33.4758 18.7273 136.933
      vertex -34.3701 16.8095 133.109
    endloop
  endfacet
  facet normal 0.906142 -0.422974 -0.000247081
    outer loop
      vertex -34.3717 16.8061 34.9132
      vertex -33.2554 19.2 30.7417
      vertex -34.3745 16.8 35.087
    endloop
  endfacet
  facet normal 0.906439 -0.422337 -0.000175371
    outer loop
      vertex -34.3701 16.8095 133.109
      vertex -33.4758 18.7273 136.933
      vertex -33.6002 18.4604 136.709
    endloop
  endfacet
  facet normal 0.906331 -0.422568 3.6333e-05
    outer loop
      vertex -33.4109 18.8665 30.9623
      vertex -33.2554 19.2 30.7417
      vertex -34.3717 16.8061 34.9132
    endloop
  endfacet
  facet normal 0.906096 -0.423072 0.000234984
    outer loop
      vertex -34.3701 16.8095 133.109
      vertex -33.6002 18.4604 136.709
      vertex -33.7171 18.2099 136.467
    endloop
  endfacet
  facet normal 0.905626 -0.424068 -0.00272729
    outer loop
      vertex -33.2554 19.2 30.7417
      vertex -33.4109 18.8665 30.9623
      vertex -33.2763 19.1552 30.7676
    endloop
  endfacet
  facet normal 0.906423 -0.422371 -0.000121005
    outer loop
      vertex -34.3701 16.8095 133.109
      vertex -33.7171 18.2099 136.467
      vertex -33.8258 17.9767 136.208
    endloop
  endfacet
  facet normal 0.906313 -0.422607 1.18441e-05
    outer loop
      vertex -33.4109 18.8665 30.9623
      vertex -34.3717 16.8061 34.9132
      vertex -33.5389 18.592 31.1767
    endloop
  endfacet
  facet normal 0.906226 -0.422794 8.89418e-05
    outer loop
      vertex -34.3471 16.8588 133.673
      vertex -33.8258 17.9767 136.208
      vertex -33.9258 17.7623 135.934
    endloop
  endfacet
  facet normal 0.906484 -0.42224 0.000225387
    outer loop
      vertex -33.5389 18.592 31.1767
      vertex -34.3717 16.8061 34.9132
      vertex -33.6596 18.333 31.4099
    endloop
  endfacet
  facet normal 0.906259 -0.422722 5.40906e-05
    outer loop
      vertex -34.3471 16.8588 133.673
      vertex -33.9258 17.7623 135.934
      vertex -34.0166 17.5676 135.645
    endloop
  endfacet
  facet normal 0.906063 -0.423142 -0.000253369
    outer loop
      vertex -33.6596 18.333 31.4099
      vertex -34.3717 16.8061 34.9132
      vertex -33.7725 18.0911 31.6604
    endloop
  endfacet
  facet normal 0.906701 -0.421774 -0.000360759
    outer loop
      vertex -34.3471 16.8588 133.673
      vertex -34.0166 17.5676 135.645
      vertex -34.0978 17.3933 135.343
    endloop
  endfacet
  facet normal 0.906461 -0.422289 0.00015706
    outer loop
      vertex -33.7725 18.0911 31.6604
      vertex -34.3717 16.8061 34.9132
      vertex -33.8769 17.8671 31.9274
    endloop
  endfacet
  facet normal 0.905753 -0.423806 0.000431033
    outer loop
      vertex -34.3471 16.8588 133.673
      vertex -34.0978 17.3933 135.343
      vertex -34.1691 17.2406 135.03
    endloop
  endfacet
  facet normal 0.906322 -0.422588 2.7668e-05
    outer loop
      vertex -33.8769 17.8671 31.9274
      vertex -34.3717 16.8061 34.9132
      vertex -33.9724 17.6623 32.2092
    endloop
  endfacet
  facet normal 0.906698 -0.421781 -0.000262395
    outer loop
      vertex -34.3471 16.8588 133.673
      vertex -34.1691 17.2406 135.03
      vertex -34.2299 17.1101 134.707
    endloop
  endfacet
  facet normal 0.906456 -0.4223 0.000138654
    outer loop
      vertex -33.9724 17.6623 32.2092
      vertex -34.3717 16.8061 34.9132
      vertex -34.0584 17.4778 32.5044
    endloop
  endfacet
  facet normal 0.906053 -0.423163 0.000146501
    outer loop
      vertex -34.3471 16.8588 133.673
      vertex -34.2299 17.1101 134.707
      vertex -34.2801 17.0025 134.376
    endloop
  endfacet
  facet normal 0.9063 -0.422635 2.50123e-05
    outer loop
      vertex -34.0584 17.4778 32.5044
      vertex -34.3717 16.8061 34.9132
      vertex -34.1347 17.3142 32.8122
    endloop
  endfacet
  facet normal 0.90715 -0.420807 -0.00043976
    outer loop
      vertex -34.3471 16.8588 133.673
      vertex -34.2801 17.0025 134.376
      vertex -34.3169 16.9235 134.059
    endloop
  endfacet
  facet normal 0.906234 -0.422776 -1.67274e-05
    outer loop
      vertex -34.1347 17.3142 32.8122
      vertex -34.3717 16.8061 34.9132
      vertex -34.2008 17.1725 33.1305
    endloop
  endfacet
  facet normal 0.906321 -0.422589 -2.0815e-05
    outer loop
      vertex -33.8258 17.9767 136.208
      vertex -34.3471 16.8588 133.673
      vertex -34.3701 16.8095 133.109
    endloop
  endfacet
  facet normal 0.906612 -0.421965 0.000186185
    outer loop
      vertex -34.2008 17.1725 33.1305
      vertex -34.3717 16.8061 34.9132
      vertex -34.2563 17.0534 33.4576
    endloop
  endfacet
  facet normal 0.90622 -0.422807 0.000134412
    outer loop
      vertex -33.2554 19.2 137.257
      vertex -34.3701 16.8095 133.109
      vertex -34.3745 16.8 132.891
    endloop
  endfacet
  facet normal 0.906169 -0.422915 -1.01983e-05
    outer loop
      vertex -34.2563 17.0534 33.4576
      vertex -34.3717 16.8061 34.9132
      vertex -34.3011 16.9574 33.7927
    endloop
  endfacet
  facet normal 0.906593 -0.422006 0.000139249
    outer loop
      vertex -34.3011 16.9574 33.7927
      vertex -34.3717 16.8061 34.9132
      vertex -34.3349 16.8849 34.1334
    endloop
  endfacet
  facet normal 0.906144 -0.42297 2.05706e-05
    outer loop
      vertex -34.3349 16.8849 34.1334
      vertex -34.3717 16.8061 34.9132
      vertex -34.3575 16.8365 34.4782
    endloop
  endfacet
  facet normal -0.996194 0.0871584 0
    outer loop
      vertex 37.8166 -6.66809 163
      vertex 38.4 0 164
      vertex 38.4 0 163
    endloop
  endfacet
  facet normal -0.996194 0.0871584 0
    outer loop
      vertex 38.4 0 164
      vertex 37.8166 -6.66809 163
      vertex 37.8166 -6.66809 164
    endloop
  endfacet
  facet normal -0.996194 0.0871584 0
    outer loop
      vertex 37.8166 -6.66809 3
      vertex 38.4 0 5
      vertex 38.4 0 3
    endloop
  endfacet
  facet normal -0.996194 0.0871584 0
    outer loop
      vertex 38.4 0 5
      vertex 37.8166 -6.66809 3
      vertex 37.8166 -6.66809 5
    endloop
  endfacet
  facet normal 0.422617 0.906308 -0
    outer loop
      vertex -13.1336 -36.0842 3
      vertex -19.2 -33.2554 164
      vertex -13.1336 -36.0842 164
    endloop
  endfacet
  facet normal 0.422617 0.906308 0
    outer loop
      vertex -19.2 -33.2554 164
      vertex -13.1336 -36.0842 3
      vertex -19.2 -33.2554 3
    endloop
  endfacet
  facet normal 0.258815 -0.965927 0
    outer loop
      vertex -13.1336 36.0842 3
      vertex -6.66809 37.8166 164
      vertex -13.1336 36.0842 164
    endloop
  endfacet
  facet normal 0.258815 -0.965927 0
    outer loop
      vertex -6.66809 37.8166 164
      vertex -13.1336 36.0842 3
      vertex -6.66809 37.8166 3
    endloop
  endfacet
  facet normal 0.819148 -0.573583 0
    outer loop
      vertex -33.2554 19.2 5
      vertex -29.4161 24.683 3
      vertex -29.4161 24.683 5
    endloop
  endfacet
  facet normal 0.819148 -0.573583 0
    outer loop
      vertex -29.4161 24.683 3
      vertex -33.2554 19.2 5
      vertex -33.2554 19.2 3
    endloop
  endfacet
  facet normal 0.819148 -0.573583 0
    outer loop
      vertex -33.2554 19.2 164
      vertex -29.4161 24.683 163
      vertex -29.4161 24.683 164
    endloop
  endfacet
  facet normal 0.819148 -0.573583 0
    outer loop
      vertex -29.4161 24.683 163
      vertex -33.2554 19.2 164
      vertex -33.2554 19.2 163
    endloop
  endfacet
  facet normal 0.819148 -0.573583 0
    outer loop
      vertex -33.2554 19.2 30.7417
      vertex -29.4161 24.683 30
      vertex -29.4161 24.683 138
    endloop
  endfacet
  facet normal 0.819149 -0.57358 -2.57878e-05
    outer loop
      vertex -33.2554 19.2 137.257
      vertex -29.4161 24.683 138
      vertex -31.3739 21.887 138
    endloop
  endfacet
  facet normal 0.819143 -0.573589 2.31946e-05
    outer loop
      vertex -33.2554 19.2 137.257
      vertex -31.3739 21.887 138
      vertex -31.4956 21.7132 137.994
    endloop
  endfacet
  facet normal 0.819148 -0.573583 0
    outer loop
      vertex -33.2554 19.2 30.7417
      vertex -29.4161 24.683 138
      vertex -33.2554 19.2 137.257
    endloop
  endfacet
  facet normal 0.819143 -0.57359 2.57904e-05
    outer loop
      vertex -33.2554 19.2 137.257
      vertex -31.4956 21.7132 137.994
      vertex -31.8002 21.2782 137.964
    endloop
  endfacet
  facet normal 0.819153 -0.573575 8.09716e-05
    outer loop
      vertex -29.4161 24.683 30
      vertex -33.2554 19.2 30.7417
      vertex -31.3584 21.9091 30
    endloop
  endfacet
  facet normal 0.819216 -0.573485 -0.000435632
    outer loop
      vertex -33.2554 19.2 137.257
      vertex -31.8002 21.2782 137.964
      vertex -32.0416 20.9334 137.915
    endloop
  endfacet
  facet normal 0.818954 -0.573858 -0.0014597
    outer loop
      vertex -31.3584 21.9091 30
      vertex -33.2554 19.2 30.7417
      vertex -31.511 21.6913 30.0095
    endloop
  endfacet
  facet normal 0.819069 -0.573695 0.000392161
    outer loop
      vertex -33.2554 19.2 137.257
      vertex -32.0416 20.9334 137.915
      vertex -32.2802 20.5927 137.843
    endloop
  endfacet
  facet normal 0.819128 -0.573611 -0.000204843
    outer loop
      vertex -31.511 21.6913 30.0095
      vertex -33.2554 19.2 30.7417
      vertex -31.9058 21.1275 30.0588
    endloop
  endfacet
  facet normal 0.819306 -0.573355 -0.000811862
    outer loop
      vertex -33.2554 19.2 137.257
      vertex -32.2802 20.5927 137.843
      vertex -32.5148 20.2576 137.747
    endloop
  endfacet
  facet normal 0.819257 -0.573427 0.000569216
    outer loop
      vertex -31.9058 21.1275 30.0588
      vertex -33.2554 19.2 30.7417
      vertex -32.1763 20.7411 30.1235
    endloop
  endfacet
  facet normal 0.818884 -0.573958 0.00112647
    outer loop
      vertex -33.2554 19.2 137.257
      vertex -32.5148 20.2576 137.747
      vertex -32.7439 19.9305 137.627
    endloop
  endfacet
  facet normal 0.819239 -0.573452 0.000474303
    outer loop
      vertex -32.1763 20.7411 30.1235
      vertex -33.2554 19.2 30.7417
      vertex -32.3981 20.4243 30.2025
    endloop
  endfacet
  facet normal 0.818915 -0.573914 0.000997967
    outer loop
      vertex -33.2554 19.2 137.257
      vertex -32.7439 19.9305 137.627
      vertex -32.9668 19.6122 137.486
    endloop
  endfacet
  facet normal 0.81909 -0.573665 -0.000246414
    outer loop
      vertex -32.3981 20.4243 30.2025
      vertex -33.2554 19.2 30.7417
      vertex -32.6301 20.093 30.3101
    endloop
  endfacet
  facet normal 0.819322 -0.573333 -0.00056223
    outer loop
      vertex -33.2554 19.2 137.257
      vertex -32.9668 19.6122 137.486
      vertex -33.1823 19.3044 137.322
    endloop
  endfacet
  facet normal 0.819163 -0.573561 7.42829e-05
    outer loop
      vertex -32.6301 20.093 30.3101
      vertex -33.2554 19.2 30.7417
      vertex -32.8562 19.7701 30.4406
    endloop
  endfacet
  facet normal 0.819326 -0.573327 0.000735673
    outer loop
      vertex -32.8562 19.7701 30.4406
      vertex -33.2554 19.2 30.7417
      vertex -33.0755 19.4569 30.5933
    endloop
  endfacet
  facet normal -0.707107 0.707107 0
    outer loop
      vertex 29.4161 -24.683 3
      vertex 28 -26.0991 5
      vertex 29.4161 -24.683 5
    endloop
  endfacet
  facet normal -0.707107 0.707107 0
    outer loop
      vertex 24.683 -29.4161 3
      vertex 28 -26.0991 30
      vertex 28 -26.0991 5
    endloop
  endfacet
  facet normal -0.707107 0.707107 0
    outer loop
      vertex 28 -26.0991 30
      vertex 24.683 -29.4161 3
      vertex 28 -26.0991 138
    endloop
  endfacet
  facet normal -0.707107 0.707107 0
    outer loop
      vertex 28 -26.0991 138
      vertex 24.683 -29.4161 3
      vertex 24.683 -29.4161 164
    endloop
  endfacet
  facet normal -0.707107 0.707107 0
    outer loop
      vertex 24.683 -29.4161 3
      vertex 28 -26.0991 5
      vertex 29.4161 -24.683 3
    endloop
  endfacet
  facet normal -0.707107 0.707107 0
    outer loop
      vertex 28 -26.0991 30
      vertex 29.4161 -24.683 138
      vertex 29.4161 -24.683 30
    endloop
  endfacet
  facet normal -0.707107 0.707107 0
    outer loop
      vertex 29.4161 -24.683 138
      vertex 28 -26.0991 30
      vertex 28 -26.0991 138
    endloop
  endfacet
  facet normal -0.707107 0.707107 0
    outer loop
      vertex 28 -26.0991 163
      vertex 29.4161 -24.683 164
      vertex 29.4161 -24.683 163
    endloop
  endfacet
  facet normal -0.707107 0.707107 0
    outer loop
      vertex 28 -26.0991 163
      vertex 24.683 -29.4161 164
      vertex 29.4161 -24.683 164
    endloop
  endfacet
  facet normal -0.707107 0.707107 0
    outer loop
      vertex 28 -26.0991 138
      vertex 24.683 -29.4161 164
      vertex 28 -26.0991 163
    endloop
  endfacet
  facet normal -0.965927 -0.258815 0
    outer loop
      vertex 37.8166 6.66809 163
      vertex 36.0842 13.1336 164
      vertex 36.0842 13.1336 163
    endloop
  endfacet
  facet normal -0.965927 -0.258815 0
    outer loop
      vertex 36.0842 13.1336 164
      vertex 37.8166 6.66809 163
      vertex 37.8166 6.66809 164
    endloop
  endfacet
  facet normal -0.965927 -0.258815 0
    outer loop
      vertex 37.8166 6.66809 3
      vertex 36.0842 13.1336 5
      vertex 36.0842 13.1336 3
    endloop
  endfacet
  facet normal -0.965927 -0.258815 0
    outer loop
      vertex 36.0842 13.1336 5
      vertex 37.8166 6.66809 3
      vertex 37.8166 6.66809 5
    endloop
  endfacet
  facet normal -0.906308 -0.422617 0
    outer loop
      vertex 36.0842 13.1336 163
      vertex 33.2554 19.2 164
      vertex 33.2554 19.2 163
    endloop
  endfacet
  facet normal -0.906308 -0.422617 0
    outer loop
      vertex 33.2554 19.2 164
      vertex 36.0842 13.1336 163
      vertex 36.0842 13.1336 164
    endloop
  endfacet
  facet normal -0.906308 -0.422617 0
    outer loop
      vertex 36.0842 13.1336 3
      vertex 33.2554 19.2 5
      vertex 33.2554 19.2 3
    endloop
  endfacet
  facet normal -0.906308 -0.422617 0
    outer loop
      vertex 33.2554 19.2 5
      vertex 36.0842 13.1336 3
      vertex 36.0842 13.1336 5
    endloop
  endfacet
  facet normal -0.905626 -0.424068 -0.00272729
    outer loop
      vertex 33.4109 18.8665 30.9623
      vertex 33.2554 19.2 30.7417
      vertex 33.2763 19.1552 30.7676
    endloop
  endfacet
  facet normal -0.906313 -0.422606 0
    outer loop
      vertex 33.2554 19.2 30.7417
      vertex 34.3745 16.8 132.891
      vertex 33.2554 19.2 137.257
    endloop
  endfacet
  facet normal -0.906331 -0.422568 3.6333e-05
    outer loop
      vertex 33.2554 19.2 30.7417
      vertex 33.4109 18.8665 30.9623
      vertex 34.3717 16.8061 34.9132
    endloop
  endfacet
  facet normal -0.906313 -0.422606 0
    outer loop
      vertex 33.2554 19.2 30.7417
      vertex 34.3745 16.8 35.087
      vertex 34.3745 16.8 132.891
    endloop
  endfacet
  facet normal -0.906313 -0.422607 1.18441e-05
    outer loop
      vertex 34.3717 16.8061 34.9132
      vertex 33.4109 18.8665 30.9623
      vertex 33.5389 18.592 31.1767
    endloop
  endfacet
  facet normal -0.90622 -0.422807 0.000134412
    outer loop
      vertex 34.3701 16.8095 133.109
      vertex 33.2554 19.2 137.257
      vertex 34.3745 16.8 132.891
    endloop
  endfacet
  facet normal -0.906484 -0.42224 0.000225387
    outer loop
      vertex 34.3717 16.8061 34.9132
      vertex 33.5389 18.592 31.1767
      vertex 33.6596 18.333 31.4099
    endloop
  endfacet
  facet normal -0.906336 -0.422558 -4.01046e-05
    outer loop
      vertex 33.4758 18.7273 136.933
      vertex 33.2554 19.2 137.257
      vertex 34.3701 16.8095 133.109
    endloop
  endfacet
  facet normal -0.906063 -0.423142 -0.000253369
    outer loop
      vertex 34.3717 16.8061 34.9132
      vertex 33.6596 18.333 31.4099
      vertex 33.7725 18.0911 31.6604
    endloop
  endfacet
  facet normal -0.907564 -0.419886 -0.00477425
    outer loop
      vertex 33.2554 19.2 137.257
      vertex 33.4758 18.7273 136.933
      vertex 33.3443 19.0092 137.138
    endloop
  endfacet
  facet normal -0.906461 -0.422289 0.00015706
    outer loop
      vertex 34.3717 16.8061 34.9132
      vertex 33.7725 18.0911 31.6604
      vertex 33.8769 17.8671 31.9274
    endloop
  endfacet
  facet normal -0.906439 -0.422337 -0.000175371
    outer loop
      vertex 33.4758 18.7273 136.933
      vertex 34.3701 16.8095 133.109
      vertex 33.6002 18.4604 136.709
    endloop
  endfacet
  facet normal -0.906322 -0.422588 2.7668e-05
    outer loop
      vertex 34.3717 16.8061 34.9132
      vertex 33.8769 17.8671 31.9274
      vertex 33.9724 17.6623 32.2092
    endloop
  endfacet
  facet normal -0.906096 -0.423072 0.000234984
    outer loop
      vertex 33.6002 18.4604 136.709
      vertex 34.3701 16.8095 133.109
      vertex 33.7171 18.2099 136.467
    endloop
  endfacet
  facet normal -0.906456 -0.4223 0.000138654
    outer loop
      vertex 34.3717 16.8061 34.9132
      vertex 33.9724 17.6623 32.2092
      vertex 34.0584 17.4778 32.5044
    endloop
  endfacet
  facet normal -0.906423 -0.422371 -0.000121005
    outer loop
      vertex 33.7171 18.2099 136.467
      vertex 34.3701 16.8095 133.109
      vertex 33.8258 17.9767 136.208
    endloop
  endfacet
  facet normal -0.9063 -0.422635 2.50123e-05
    outer loop
      vertex 34.3717 16.8061 34.9132
      vertex 34.0584 17.4778 32.5044
      vertex 34.1347 17.3142 32.8122
    endloop
  endfacet
  facet normal -0.906321 -0.422589 -2.0815e-05
    outer loop
      vertex 34.3471 16.8588 133.673
      vertex 33.8258 17.9767 136.208
      vertex 34.3701 16.8095 133.109
    endloop
  endfacet
  facet normal -0.906234 -0.422776 -1.67274e-05
    outer loop
      vertex 34.3717 16.8061 34.9132
      vertex 34.1347 17.3142 32.8122
      vertex 34.2008 17.1725 33.1305
    endloop
  endfacet
  facet normal -0.906226 -0.422794 8.89418e-05
    outer loop
      vertex 33.8258 17.9767 136.208
      vertex 34.3471 16.8588 133.673
      vertex 33.9258 17.7623 135.934
    endloop
  endfacet
  facet normal -0.906612 -0.421965 0.000186185
    outer loop
      vertex 34.3717 16.8061 34.9132
      vertex 34.2008 17.1725 33.1305
      vertex 34.2563 17.0534 33.4576
    endloop
  endfacet
  facet normal -0.906259 -0.422722 5.40906e-05
    outer loop
      vertex 33.9258 17.7623 135.934
      vertex 34.3471 16.8588 133.673
      vertex 34.0166 17.5676 135.645
    endloop
  endfacet
  facet normal -0.906169 -0.422915 -1.01983e-05
    outer loop
      vertex 34.3717 16.8061 34.9132
      vertex 34.2563 17.0534 33.4576
      vertex 34.3011 16.9574 33.7927
    endloop
  endfacet
  facet normal -0.906701 -0.421774 -0.000360759
    outer loop
      vertex 34.0166 17.5676 135.645
      vertex 34.3471 16.8588 133.673
      vertex 34.0978 17.3933 135.343
    endloop
  endfacet
  facet normal -0.906593 -0.422006 0.000139249
    outer loop
      vertex 34.3717 16.8061 34.9132
      vertex 34.3011 16.9574 33.7927
      vertex 34.3349 16.8849 34.1334
    endloop
  endfacet
  facet normal -0.905753 -0.423806 0.000431033
    outer loop
      vertex 34.0978 17.3933 135.343
      vertex 34.3471 16.8588 133.673
      vertex 34.1691 17.2406 135.03
    endloop
  endfacet
  facet normal -0.906144 -0.42297 2.05706e-05
    outer loop
      vertex 34.3717 16.8061 34.9132
      vertex 34.3349 16.8849 34.1334
      vertex 34.3575 16.8365 34.4782
    endloop
  endfacet
  facet normal -0.906698 -0.421781 -0.000262395
    outer loop
      vertex 34.1691 17.2406 135.03
      vertex 34.3471 16.8588 133.673
      vertex 34.2299 17.1101 134.707
    endloop
  endfacet
  facet normal -0.906142 -0.422974 -0.000247081
    outer loop
      vertex 33.2554 19.2 30.7417
      vertex 34.3717 16.8061 34.9132
      vertex 34.3745 16.8 35.087
    endloop
  endfacet
  facet normal -0.906053 -0.423163 0.000146501
    outer loop
      vertex 34.2299 17.1101 134.707
      vertex 34.3471 16.8588 133.673
      vertex 34.2801 17.0025 134.376
    endloop
  endfacet
  facet normal -0.90715 -0.420807 -0.00043976
    outer loop
      vertex 34.2801 17.0025 134.376
      vertex 34.3471 16.8588 133.673
      vertex 34.3169 16.9235 134.059
    endloop
  endfacet
  facet normal -0.819148 -0.573583 0
    outer loop
      vertex 33.2554 19.2 163
      vertex 29.4161 24.683 164
      vertex 29.4161 24.683 163
    endloop
  endfacet
  facet normal -0.819148 -0.573583 0
    outer loop
      vertex 29.4161 24.683 164
      vertex 33.2554 19.2 163
      vertex 33.2554 19.2 164
    endloop
  endfacet
  facet normal -0.819148 -0.573583 0
    outer loop
      vertex 33.2554 19.2 3
      vertex 29.4161 24.683 5
      vertex 29.4161 24.683 3
    endloop
  endfacet
  facet normal -0.819148 -0.573583 0
    outer loop
      vertex 29.4161 24.683 5
      vertex 33.2554 19.2 3
      vertex 33.2554 19.2 5
    endloop
  endfacet
  facet normal -0.819153 -0.573575 8.09716e-05
    outer loop
      vertex 33.2554 19.2 30.7417
      vertex 29.4161 24.683 30
      vertex 31.3584 21.9091 30
    endloop
  endfacet
  facet normal -0.819148 -0.573583 0
    outer loop
      vertex 29.4161 24.683 30
      vertex 33.2554 19.2 30.7417
      vertex 29.4161 24.683 138
    endloop
  endfacet
  facet normal -0.819149 -0.57358 -2.57878e-05
    outer loop
      vertex 29.4161 24.683 138
      vertex 33.2554 19.2 137.257
      vertex 31.3739 21.887 138
    endloop
  endfacet
  facet normal -0.818954 -0.573858 -0.0014597
    outer loop
      vertex 33.2554 19.2 30.7417
      vertex 31.3584 21.9091 30
      vertex 31.511 21.6913 30.0095
    endloop
  endfacet
  facet normal -0.819143 -0.573589 2.31946e-05
    outer loop
      vertex 31.3739 21.887 138
      vertex 33.2554 19.2 137.257
      vertex 31.4956 21.7132 137.994
    endloop
  endfacet
  facet normal -0.819128 -0.573611 -0.000204843
    outer loop
      vertex 33.2554 19.2 30.7417
      vertex 31.511 21.6913 30.0095
      vertex 31.9058 21.1275 30.0588
    endloop
  endfacet
  facet normal -0.819148 -0.573583 0
    outer loop
      vertex 29.4161 24.683 138
      vertex 33.2554 19.2 30.7417
      vertex 33.2554 19.2 137.257
    endloop
  endfacet
  facet normal -0.819257 -0.573427 0.000569216
    outer loop
      vertex 33.2554 19.2 30.7417
      vertex 31.9058 21.1275 30.0588
      vertex 32.1763 20.7411 30.1235
    endloop
  endfacet
  facet normal -0.819143 -0.57359 2.57904e-05
    outer loop
      vertex 31.4956 21.7132 137.994
      vertex 33.2554 19.2 137.257
      vertex 31.8002 21.2782 137.964
    endloop
  endfacet
  facet normal -0.819239 -0.573452 0.000474303
    outer loop
      vertex 33.2554 19.2 30.7417
      vertex 32.1763 20.7411 30.1235
      vertex 32.3981 20.4243 30.2025
    endloop
  endfacet
  facet normal -0.819216 -0.573485 -0.000435632
    outer loop
      vertex 31.8002 21.2782 137.964
      vertex 33.2554 19.2 137.257
      vertex 32.0416 20.9334 137.915
    endloop
  endfacet
  facet normal -0.81909 -0.573665 -0.000246414
    outer loop
      vertex 33.2554 19.2 30.7417
      vertex 32.3981 20.4243 30.2025
      vertex 32.6301 20.093 30.3101
    endloop
  endfacet
  facet normal -0.819069 -0.573695 0.000392161
    outer loop
      vertex 32.0416 20.9334 137.915
      vertex 33.2554 19.2 137.257
      vertex 32.2802 20.5927 137.843
    endloop
  endfacet
  facet normal -0.819163 -0.573561 7.42829e-05
    outer loop
      vertex 33.2554 19.2 30.7417
      vertex 32.6301 20.093 30.3101
      vertex 32.8562 19.7701 30.4406
    endloop
  endfacet
  facet normal -0.819306 -0.573355 -0.000811862
    outer loop
      vertex 32.2802 20.5927 137.843
      vertex 33.2554 19.2 137.257
      vertex 32.5148 20.2576 137.747
    endloop
  endfacet
  facet normal -0.819326 -0.573327 0.000735673
    outer loop
      vertex 33.2554 19.2 30.7417
      vertex 32.8562 19.7701 30.4406
      vertex 33.0755 19.4569 30.5933
    endloop
  endfacet
  facet normal -0.818884 -0.573958 0.00112647
    outer loop
      vertex 32.5148 20.2576 137.747
      vertex 33.2554 19.2 137.257
      vertex 32.7439 19.9305 137.627
    endloop
  endfacet
  facet normal -0.818915 -0.573914 0.000997967
    outer loop
      vertex 32.7439 19.9305 137.627
      vertex 33.2554 19.2 137.257
      vertex 32.9668 19.6122 137.486
    endloop
  endfacet
  facet normal -0.819322 -0.573333 -0.00056223
    outer loop
      vertex 32.9668 19.6122 137.486
      vertex 33.2554 19.2 137.257
      vertex 33.1823 19.3044 137.322
    endloop
  endfacet
  facet normal -0.707107 -0.707107 0
    outer loop
      vertex 29.4161 24.683 30
      vertex 28 26.0991 138
      vertex 28 26.0991 30
    endloop
  endfacet
  facet normal -0.707107 -0.707107 0
    outer loop
      vertex 28 26.0991 138
      vertex 29.4161 24.683 30
      vertex 29.4161 24.683 138
    endloop
  endfacet
  facet normal -0.707107 -0.707107 -0
    outer loop
      vertex 28 26.0991 30
      vertex 24.683 29.4161 3
      vertex 28 26.0991 5
    endloop
  endfacet
  facet normal -0.707107 -0.707107 0
    outer loop
      vertex 29.4161 24.683 3
      vertex 28 26.0991 5
      vertex 24.683 29.4161 3
    endloop
  endfacet
  facet normal -0.707107 -0.707107 0
    outer loop
      vertex 28 26.0991 5
      vertex 29.4161 24.683 3
      vertex 29.4161 24.683 5
    endloop
  endfacet
  facet normal -0.707107 -0.707107 0
    outer loop
      vertex 24.683 29.4161 3
      vertex 28 26.0991 30
      vertex 24.683 29.4161 164
    endloop
  endfacet
  facet normal -0.707107 -0.707107 -0
    outer loop
      vertex 28 26.0991 138
      vertex 24.683 29.4161 164
      vertex 28 26.0991 30
    endloop
  endfacet
  facet normal -0.707107 -0.707107 -0
    outer loop
      vertex 28 26.0991 163
      vertex 24.683 29.4161 164
      vertex 28 26.0991 138
    endloop
  endfacet
  facet normal -0.707107 -0.707107 -0
    outer loop
      vertex 29.4161 24.683 164
      vertex 28 26.0991 163
      vertex 29.4161 24.683 163
    endloop
  endfacet
  facet normal -0.707107 -0.707107 0
    outer loop
      vertex 28 26.0991 163
      vertex 29.4161 24.683 164
      vertex 24.683 29.4161 164
    endloop
  endfacet
  facet normal -0.422617 -0.906308 0
    outer loop
      vertex 13.1336 36.0842 3
      vertex 19.2 33.2554 164
      vertex 13.1336 36.0842 164
    endloop
  endfacet
  facet normal -0.422617 -0.906308 -0
    outer loop
      vertex 19.2 33.2554 164
      vertex 13.1336 36.0842 3
      vertex 19.2 33.2554 3
    endloop
  endfacet
  facet normal -0.0871584 -0.996194 0
    outer loop
      vertex 0 38.4 3
      vertex 6.66809 37.8166 164
      vertex 0 38.4 164
    endloop
  endfacet
  facet normal -0.0871584 -0.996194 -0
    outer loop
      vertex 6.66809 37.8166 164
      vertex 0 38.4 3
      vertex 6.66809 37.8166 3
    endloop
  endfacet
  facet normal -0.258815 -0.965927 0
    outer loop
      vertex 6.66809 37.8166 3
      vertex 13.1336 36.0842 164
      vertex 6.66809 37.8166 164
    endloop
  endfacet
  facet normal -0.258815 -0.965927 -0
    outer loop
      vertex 13.1336 36.0842 164
      vertex 6.66809 37.8166 3
      vertex 13.1336 36.0842 3
    endloop
  endfacet
  facet normal 0.707107 -0.707107 0
    outer loop
      vertex -29.4161 24.683 138
      vertex -28 26.0991 30
      vertex -28 26.0991 138
    endloop
  endfacet
  facet normal 0.707107 -0.707107 0
    outer loop
      vertex -28 26.0991 30
      vertex -29.4161 24.683 138
      vertex -29.4161 24.683 30
    endloop
  endfacet
  facet normal 0.707107 -0.707107 0
    outer loop
      vertex -28 26.0991 138
      vertex -24.683 29.4161 164
      vertex -28 26.0991 163
    endloop
  endfacet
  facet normal 0.707107 -0.707107 0
    outer loop
      vertex -29.4161 24.683 164
      vertex -28 26.0991 163
      vertex -24.683 29.4161 164
    endloop
  endfacet
  facet normal 0.707107 -0.707107 0
    outer loop
      vertex -28 26.0991 163
      vertex -29.4161 24.683 164
      vertex -29.4161 24.683 163
    endloop
  endfacet
  facet normal 0.707107 -0.707107 0
    outer loop
      vertex -24.683 29.4161 164
      vertex -28 26.0991 138
      vertex -24.683 29.4161 3
    endloop
  endfacet
  facet normal 0.707107 -0.707107 0
    outer loop
      vertex -28 26.0991 30
      vertex -24.683 29.4161 3
      vertex -28 26.0991 138
    endloop
  endfacet
  facet normal 0.707107 -0.707107 0
    outer loop
      vertex -28 26.0991 5
      vertex -24.683 29.4161 3
      vertex -28 26.0991 30
    endloop
  endfacet
  facet normal 0.707107 -0.707107 0
    outer loop
      vertex -29.4161 24.683 3
      vertex -28 26.0991 5
      vertex -29.4161 24.683 5
    endloop
  endfacet
  facet normal 0.707107 -0.707107 0
    outer loop
      vertex -28 26.0991 5
      vertex -29.4161 24.683 3
      vertex -24.683 29.4161 3
    endloop
  endfacet
  facet normal 0.422617 -0.906308 0
    outer loop
      vertex -19.2 33.2554 3
      vertex -13.1336 36.0842 164
      vertex -19.2 33.2554 164
    endloop
  endfacet
  facet normal 0.422617 -0.906308 0
    outer loop
      vertex -13.1336 36.0842 164
      vertex -19.2 33.2554 3
      vertex -13.1336 36.0842 3
    endloop
  endfacet
  facet normal 0.0871584 -0.996194 0
    outer loop
      vertex -6.66809 37.8166 3
      vertex 0 38.4 164
      vertex -6.66809 37.8166 164
    endloop
  endfacet
  facet normal 0.0871584 -0.996194 0
    outer loop
      vertex 0 38.4 164
      vertex -6.66809 37.8166 3
      vertex 0 38.4 3
    endloop
  endfacet
  facet normal 0.573583 -0.819148 0
    outer loop
      vertex -24.683 29.4161 3
      vertex -19.2 33.2554 164
      vertex -24.683 29.4161 164
    endloop
  endfacet
  facet normal 0.573583 -0.819148 0
    outer loop
      vertex -19.2 33.2554 164
      vertex -24.683 29.4161 3
      vertex -19.2 33.2554 3
    endloop
  endfacet
  facet normal -0.996194 -0.0871584 0
    outer loop
      vertex 38.4 0 163
      vertex 37.8166 6.66809 164
      vertex 37.8166 6.66809 163
    endloop
  endfacet
  facet normal -0.996194 -0.0871584 0
    outer loop
      vertex 37.8166 6.66809 164
      vertex 38.4 0 163
      vertex 38.4 0 164
    endloop
  endfacet
  facet normal -0.996194 -0.0871584 0
    outer loop
      vertex 38.4 0 3
      vertex 37.8166 6.66809 5
      vertex 37.8166 6.66809 3
    endloop
  endfacet
  facet normal -0.996194 -0.0871584 0
    outer loop
      vertex 37.8166 6.66809 5
      vertex 38.4 0 3
      vertex 38.4 0 5
    endloop
  endfacet
  facet normal -0.965927 0.258815 0
    outer loop
      vertex 36.0842 -13.1336 163
      vertex 37.8166 -6.66809 164
      vertex 37.8166 -6.66809 163
    endloop
  endfacet
  facet normal -0.965927 0.258815 0
    outer loop
      vertex 37.8166 -6.66809 164
      vertex 36.0842 -13.1336 163
      vertex 36.0842 -13.1336 164
    endloop
  endfacet
  facet normal -0.965927 0.258815 0
    outer loop
      vertex 36.0842 -13.1336 3
      vertex 37.8166 -6.66809 5
      vertex 37.8166 -6.66809 3
    endloop
  endfacet
  facet normal -0.965927 0.258815 0
    outer loop
      vertex 37.8166 -6.66809 5
      vertex 36.0842 -13.1336 3
      vertex 36.0842 -13.1336 5
    endloop
  endfacet
  facet normal -0.422617 0.906308 0
    outer loop
      vertex 19.2 -33.2554 3
      vertex 13.1336 -36.0842 164
      vertex 19.2 -33.2554 164
    endloop
  endfacet
  facet normal -0.422617 0.906308 0
    outer loop
      vertex 13.1336 -36.0842 164
      vertex 19.2 -33.2554 3
      vertex 13.1336 -36.0842 3
    endloop
  endfacet
  facet normal -0.573583 0.819148 0
    outer loop
      vertex 24.683 -29.4161 3
      vertex 19.2 -33.2554 164
      vertex 24.683 -29.4161 164
    endloop
  endfacet
  facet normal -0.573583 0.819148 0
    outer loop
      vertex 19.2 -33.2554 164
      vertex 24.683 -29.4161 3
      vertex 19.2 -33.2554 3
    endloop
  endfacet
  facet normal 0.258815 0.965927 -0
    outer loop
      vertex -6.66809 -37.8166 3
      vertex -13.1336 -36.0842 164
      vertex -6.66809 -37.8166 164
    endloop
  endfacet
  facet normal 0.258815 0.965927 0
    outer loop
      vertex -13.1336 -36.0842 164
      vertex -6.66809 -37.8166 3
      vertex -13.1336 -36.0842 3
    endloop
  endfacet
  facet normal 0.707107 0.707107 0
    outer loop
      vertex -29.4161 -24.683 164
      vertex -28 -26.0991 163
      vertex -29.4161 -24.683 163
    endloop
  endfacet
  facet normal 0.707107 0.707107 0
    outer loop
      vertex -24.683 -29.4161 164
      vertex -28 -26.0991 138
      vertex -28 -26.0991 163
    endloop
  endfacet
  facet normal 0.707107 0.707107 0
    outer loop
      vertex -28 -26.0991 138
      vertex -24.683 -29.4161 164
      vertex -28 -26.0991 30
    endloop
  endfacet
  facet normal 0.707107 0.707107 -0
    outer loop
      vertex -24.683 -29.4161 3
      vertex -28 -26.0991 30
      vertex -24.683 -29.4161 164
    endloop
  endfacet
  facet normal 0.707107 0.707107 0
    outer loop
      vertex -24.683 -29.4161 164
      vertex -28 -26.0991 163
      vertex -29.4161 -24.683 164
    endloop
  endfacet
  facet normal 0.707107 0.707107 0
    outer loop
      vertex -28 -26.0991 138
      vertex -29.4161 -24.683 30
      vertex -29.4161 -24.683 138
    endloop
  endfacet
  facet normal 0.707107 0.707107 0
    outer loop
      vertex -29.4161 -24.683 30
      vertex -28 -26.0991 138
      vertex -28 -26.0991 30
    endloop
  endfacet
  facet normal 0.707107 0.707107 0
    outer loop
      vertex -28 -26.0991 5
      vertex -29.4161 -24.683 3
      vertex -29.4161 -24.683 5
    endloop
  endfacet
  facet normal 0.707107 0.707107 0
    outer loop
      vertex -28 -26.0991 5
      vertex -24.683 -29.4161 3
      vertex -29.4161 -24.683 3
    endloop
  endfacet
  facet normal 0.707107 0.707107 0
    outer loop
      vertex -28 -26.0991 30
      vertex -24.683 -29.4161 3
      vertex -28 -26.0991 5
    endloop
  endfacet
  facet normal 0.906308 0.422617 0
    outer loop
      vertex -33.2554 -19.2 5
      vertex -36.0842 -13.1336 3
      vertex -36.0842 -13.1336 5
    endloop
  endfacet
  facet normal 0.906308 0.422617 0
    outer loop
      vertex -36.0842 -13.1336 3
      vertex -33.2554 -19.2 5
      vertex -33.2554 -19.2 3
    endloop
  endfacet
  facet normal 0.906308 0.422617 0
    outer loop
      vertex -33.2554 -19.2 164
      vertex -36.0842 -13.1336 163
      vertex -36.0842 -13.1336 164
    endloop
  endfacet
  facet normal 0.906308 0.422617 0
    outer loop
      vertex -36.0842 -13.1336 163
      vertex -33.2554 -19.2 164
      vertex -33.2554 -19.2 163
    endloop
  endfacet
  facet normal 0.906142 0.422973 0.000246777
    outer loop
      vertex -33.2554 -19.2 137.258
      vertex -34.3745 -16.8 132.913
      vertex -34.3717 -16.8061 133.087
    endloop
  endfacet
  facet normal 0.906313 0.422606 0
    outer loop
      vertex -34.3745 -16.8 132.913
      vertex -33.2554 -19.2 137.258
      vertex -34.3745 -16.8 35.1091
    endloop
  endfacet
  facet normal 0.906345 0.422538 -5.7341e-05
    outer loop
      vertex -33.2554 -19.2 137.258
      vertex -34.3717 -16.8061 133.087
      vertex -34.3575 -16.8365 133.522
    endloop
  endfacet
  facet normal 0.906313 0.422606 -0
    outer loop
      vertex -33.2554 -19.2 30.7431
      vertex -34.3745 -16.8 35.1091
      vertex -33.2554 -19.2 137.258
    endloop
  endfacet
  facet normal 0.906374 0.422476 -0.000104922
    outer loop
      vertex -33.2554 -19.2 137.258
      vertex -34.3575 -16.8365 133.522
      vertex -34.3349 -16.8849 133.867
    endloop
  endfacet
  facet normal 0.90622 0.422807 -0.000134546
    outer loop
      vertex -34.3745 -16.8 35.1091
      vertex -33.2554 -19.2 30.7431
      vertex -34.3701 -16.8095 34.8913
    endloop
  endfacet
  facet normal 0.906303 0.422629 2.2386e-05
    outer loop
      vertex -33.2554 -19.2 137.258
      vertex -34.3349 -16.8849 133.867
      vertex -34.3011 -16.9574 134.207
    endloop
  endfacet
  facet normal 0.906323 0.422585 2.12379e-05
    outer loop
      vertex -34.3701 -16.8095 34.8913
      vertex -33.2554 -19.2 30.7431
      vertex -34.3471 -16.8588 34.3275
    endloop
  endfacet
  facet normal 0.906398 0.422425 -0.000160724
    outer loop
      vertex -33.2554 -19.2 137.258
      vertex -34.3011 -16.9574 134.207
      vertex -34.2563 -17.0534 134.542
    endloop
  endfacet
  facet normal 0.906367 0.422491 9.60285e-05
    outer loop
      vertex -34.3471 -16.8588 34.3275
      vertex -33.2554 -19.2 30.7431
      vertex -34.3169 -16.9235 33.9412
    endloop
  endfacet
  facet normal 0.906238 0.422768 0.000169748
    outer loop
      vertex -33.2554 -19.2 137.258
      vertex -34.2563 -17.0534 134.542
      vertex -34.2008 -17.1725 134.869
    endloop
  endfacet
  facet normal 0.906229 0.422788 -0.000161113
    outer loop
      vertex -34.3169 -16.9235 33.9412
      vertex -33.2554 -19.2 30.7431
      vertex -34.2801 -17.0025 33.6244
    endloop
  endfacet
  facet normal 0.906387 0.422449 -0.000160459
    outer loop
      vertex -33.2554 -19.2 137.258
      vertex -34.2008 -17.1725 134.869
      vertex -34.1347 -17.3142 135.188
    endloop
  endfacet
  facet normal 0.906371 0.422482 0.000123053
    outer loop
      vertex -34.2801 -17.0025 33.6244
      vertex -33.2554 -19.2 30.7431
      vertex -34.2299 -17.1101 33.293
    endloop
  endfacet
  facet normal 0.906371 0.422482 -0.000123732
    outer loop
      vertex -33.2554 -19.2 137.258
      vertex -34.1347 -17.3142 135.188
      vertex -34.0584 -17.4778 135.496
    endloop
  endfacet
  facet normal 0.906182 0.422888 -0.000281683
    outer loop
      vertex -34.2299 -17.1101 33.293
      vertex -33.2554 -19.2 30.7431
      vertex -34.1691 -17.2406 32.9701
    endloop
  endfacet
  facet normal 0.906237 0.42277 0.000219427
    outer loop
      vertex -33.2554 -19.2 137.258
      vertex -34.0584 -17.4778 135.496
      vertex -33.9724 -17.6623 135.791
    endloop
  endfacet
  facet normal 0.906569 0.422058 0.000607082
    outer loop
      vertex -34.1691 -17.2406 32.9701
      vertex -33.2554 -19.2 30.7431
      vertex -34.0978 -17.3933 32.6569
    endloop
  endfacet
  facet normal 0.906339 0.422552 -5.95426e-05
    outer loop
      vertex -33.2554 -19.2 137.258
      vertex -33.9724 -17.6623 135.791
      vertex -33.8769 -17.8671 136.073
    endloop
  endfacet
  facet normal 0.906103 0.423057 -0.00054099
    outer loop
      vertex -34.0978 -17.3933 32.6569
      vertex -33.2554 -19.2 30.7431
      vertex -34.0166 -17.5676 32.3552
    endloop
  endfacet
  facet normal 0.906109 0.423043 0.000613528
    outer loop
      vertex -33.2554 -19.2 137.258
      vertex -33.8769 -17.8671 136.073
      vertex -33.7725 -18.0911 136.34
    endloop
  endfacet
  facet normal 0.906343 0.422542 9.3745e-05
    outer loop
      vertex -34.0166 -17.5676 32.3552
      vertex -33.2554 -19.2 30.7431
      vertex -33.9258 -17.7623 32.0665
    endloop
  endfacet
  facet normal 0.906867 0.421414 -0.00178083
    outer loop
      vertex -33.2554 -19.2 137.258
      vertex -33.7725 -18.0911 136.34
      vertex -33.6596 -18.333 136.59
    endloop
  endfacet
  facet normal 0.906415 0.422389 0.000296168
    outer loop
      vertex -33.9258 -17.7623 32.0665
      vertex -33.2554 -19.2 30.7431
      vertex -33.8258 -17.9767 31.792
    endloop
  endfacet
  facet normal 0.905965 0.42335 0.00127777
    outer loop
      vertex -33.2554 -19.2 137.258
      vertex -33.6596 -18.333 136.59
      vertex -33.5389 -18.592 136.823
    endloop
  endfacet
  facet normal 0.906133 0.422992 -0.000560075
    outer loop
      vertex -33.8258 -17.9767 31.792
      vertex -33.2554 -19.2 30.7431
      vertex -33.7171 -18.2099 31.5331
    endloop
  endfacet
  facet normal 0.906388 0.422447 -0.000260399
    outer loop
      vertex -33.2554 -19.2 137.258
      vertex -33.5389 -18.592 136.823
      vertex -33.4109 -18.8665 137.038
    endloop
  endfacet
  facet normal 0.906879 0.421386 0.00188815
    outer loop
      vertex -33.7171 -18.2099 31.5331
      vertex -33.2554 -19.2 30.7431
      vertex -33.6002 -18.4604 31.2911
    endloop
  endfacet
  facet normal 0.905593 0.424138 0.0028658
    outer loop
      vertex -33.2554 -19.2 137.258
      vertex -33.4109 -18.8665 137.038
      vertex -33.2763 -19.1552 137.232
    endloop
  endfacet
  facet normal 0.906069 0.42313 -0.000974729
    outer loop
      vertex -33.6002 -18.4604 31.2911
      vertex -33.2554 -19.2 30.7431
      vertex -33.4758 -18.7273 31.0671
    endloop
  endfacet
  facet normal 0.907596 0.419816 0.0048992
    outer loop
      vertex -33.4758 -18.7273 31.0671
      vertex -33.2554 -19.2 30.7431
      vertex -33.3443 -19.0092 30.8624
    endloop
  endfacet
  facet normal 0.996194 0.0871584 0
    outer loop
      vertex -37.8166 -6.66809 5
      vertex -38.4 0 3
      vertex -38.4 0 5
    endloop
  endfacet
  facet normal 0.996194 0.0871584 0
    outer loop
      vertex -38.4 0 3
      vertex -37.8166 -6.66809 5
      vertex -37.8166 -6.66809 3
    endloop
  endfacet
  facet normal 0.996194 0.0871584 0
    outer loop
      vertex -37.8166 -6.66809 164
      vertex -38.4 0 163
      vertex -38.4 0 164
    endloop
  endfacet
  facet normal 0.996194 0.0871584 0
    outer loop
      vertex -38.4 0 163
      vertex -37.8166 -6.66809 164
      vertex -37.8166 -6.66809 163
    endloop
  endfacet
  facet normal 0 0 1
    outer loop
      vertex 37.8166 6.66809 3
      vertex 37.8166 -6.66809 3
      vertex 38.4 0 3
    endloop
  endfacet
  facet normal 0 0 1
    outer loop
      vertex 36.0842 13.1336 3
      vertex 37.8166 -6.66809 3
      vertex 37.8166 6.66809 3
    endloop
  endfacet
  facet normal 0 0 1
    outer loop
      vertex 36.0842 13.1336 3
      vertex 36.0842 -13.1336 3
      vertex 37.8166 -6.66809 3
    endloop
  endfacet
  facet normal 0 0 1
    outer loop
      vertex 33.2554 19.2 3
      vertex 36.0842 -13.1336 3
      vertex 36.0842 13.1336 3
    endloop
  endfacet
  facet normal 0 0 1
    outer loop
      vertex 33.2554 19.2 3
      vertex 33.2554 -19.2 3
      vertex 36.0842 -13.1336 3
    endloop
  endfacet
  facet normal 0 0 1
    outer loop
      vertex 29.4161 24.683 3
      vertex 33.2554 -19.2 3
      vertex 33.2554 19.2 3
    endloop
  endfacet
  facet normal 0 0 1
    outer loop
      vertex 29.4161 24.683 3
      vertex 29.4161 -24.683 3
      vertex 33.2554 -19.2 3
    endloop
  endfacet
  facet normal 0 0 1
    outer loop
      vertex 24.683 29.4161 3
      vertex 29.4161 -24.683 3
      vertex 29.4161 24.683 3
    endloop
  endfacet
  facet normal 0 0 1
    outer loop
      vertex 24.683 29.4161 3
      vertex 24.683 -29.4161 3
      vertex 29.4161 -24.683 3
    endloop
  endfacet
  facet normal 0 0 1
    outer loop
      vertex 19.2 33.2554 3
      vertex 24.683 -29.4161 3
      vertex 24.683 29.4161 3
    endloop
  endfacet
  facet normal 0 0 1
    outer loop
      vertex 19.2 33.2554 3
      vertex 19.2 -33.2554 3
      vertex 24.683 -29.4161 3
    endloop
  endfacet
  facet normal 0 0 1
    outer loop
      vertex 13.1336 36.0842 3
      vertex 19.2 -33.2554 3
      vertex 19.2 33.2554 3
    endloop
  endfacet
  facet normal 0 0 1
    outer loop
      vertex 13.1336 36.0842 3
      vertex 13.1336 -36.0842 3
      vertex 19.2 -33.2554 3
    endloop
  endfacet
  facet normal 0 0 1
    outer loop
      vertex 6.66809 37.8166 3
      vertex 13.1336 -36.0842 3
      vertex 13.1336 36.0842 3
    endloop
  endfacet
  facet normal 0 0 1
    outer loop
      vertex 6.66809 37.8166 3
      vertex 6.66809 -37.8166 3
      vertex 13.1336 -36.0842 3
    endloop
  endfacet
  facet normal 0 0 1
    outer loop
      vertex 0 38.4 3
      vertex 6.66809 -37.8166 3
      vertex 6.66809 37.8166 3
    endloop
  endfacet
  facet normal 0 0 1
    outer loop
      vertex 0 38.4 3
      vertex 0 -38.4 3
      vertex 6.66809 -37.8166 3
    endloop
  endfacet
  facet normal -0 0 1
    outer loop
      vertex -6.66809 37.8166 3
      vertex 0 -38.4 3
      vertex 0 38.4 3
    endloop
  endfacet
  facet normal 0 0 1
    outer loop
      vertex -6.66809 37.8166 3
      vertex -6.66809 -37.8166 3
      vertex 0 -38.4 3
    endloop
  endfacet
  facet normal -0 0 1
    outer loop
      vertex -13.1336 36.0842 3
      vertex -6.66809 -37.8166 3
      vertex -6.66809 37.8166 3
    endloop
  endfacet
  facet normal 0 0 1
    outer loop
      vertex -13.1336 36.0842 3
      vertex -13.1336 -36.0842 3
      vertex -6.66809 -37.8166 3
    endloop
  endfacet
  facet normal -0 0 1
    outer loop
      vertex -19.2 33.2554 3
      vertex -13.1336 -36.0842 3
      vertex -13.1336 36.0842 3
    endloop
  endfacet
  facet normal 0 0 1
    outer loop
      vertex -19.2 33.2554 3
      vertex -19.2 -33.2554 3
      vertex -13.1336 -36.0842 3
    endloop
  endfacet
  facet normal -0 0 1
    outer loop
      vertex -24.683 29.4161 3
      vertex -19.2 -33.2554 3
      vertex -19.2 33.2554 3
    endloop
  endfacet
  facet normal 0 0 1
    outer loop
      vertex -24.683 29.4161 3
      vertex -24.683 -29.4161 3
      vertex -19.2 -33.2554 3
    endloop
  endfacet
  facet normal -0 0 1
    outer loop
      vertex -29.4161 24.683 3
      vertex -24.683 -29.4161 3
      vertex -24.683 29.4161 3
    endloop
  endfacet
  facet normal 0 0 1
    outer loop
      vertex -29.4161 24.683 3
      vertex -29.4161 -24.683 3
      vertex -24.683 -29.4161 3
    endloop
  endfacet
  facet normal -0 0 1
    outer loop
      vertex -33.2554 19.2 3
      vertex -29.4161 -24.683 3
      vertex -29.4161 24.683 3
    endloop
  endfacet
  facet normal 0 0 1
    outer loop
      vertex -33.2554 19.2 3
      vertex -33.2554 -19.2 3
      vertex -29.4161 -24.683 3
    endloop
  endfacet
  facet normal -0 0 1
    outer loop
      vertex -36.0842 13.1336 3
      vertex -33.2554 -19.2 3
      vertex -33.2554 19.2 3
    endloop
  endfacet
  facet normal 0 0 1
    outer loop
      vertex -36.0842 13.1336 3
      vertex -36.0842 -13.1336 3
      vertex -33.2554 -19.2 3
    endloop
  endfacet
  facet normal -0 0 1
    outer loop
      vertex -37.8166 6.66809 3
      vertex -36.0842 -13.1336 3
      vertex -36.0842 13.1336 3
    endloop
  endfacet
  facet normal 0 0 1
    outer loop
      vertex -37.8166 6.66809 3
      vertex -37.8166 -6.66809 3
      vertex -36.0842 -13.1336 3
    endloop
  endfacet
  facet normal 0 -0 1
    outer loop
      vertex -37.8166 -6.66809 3
      vertex -37.8166 6.66809 3
      vertex -38.4 0 3
    endloop
  endfacet
  facet normal 0.996194 -0.0871584 0
    outer loop
      vertex -38.4 0 5
      vertex -37.8166 6.66809 3
      vertex -37.8166 6.66809 5
    endloop
  endfacet
  facet normal 0.996194 -0.0871584 0
    outer loop
      vertex -37.8166 6.66809 3
      vertex -38.4 0 5
      vertex -38.4 0 3
    endloop
  endfacet
  facet normal 0.996194 -0.0871584 0
    outer loop
      vertex -38.4 0 164
      vertex -37.8166 6.66809 163
      vertex -37.8166 6.66809 164
    endloop
  endfacet
  facet normal 0.996194 -0.0871584 0
    outer loop
      vertex -37.8166 6.66809 163
      vertex -38.4 0 164
      vertex -38.4 0 163
    endloop
  endfacet
  facet normal -0.0871584 0.996194 0
    outer loop
      vertex 6.66809 -37.8166 3
      vertex 0 -38.4 164
      vertex 6.66809 -37.8166 164
    endloop
  endfacet
  facet normal -0.0871584 0.996194 0
    outer loop
      vertex 0 -38.4 164
      vertex 6.66809 -37.8166 3
      vertex 0 -38.4 3
    endloop
  endfacet
  facet normal -0.819148 0.573583 0
    outer loop
      vertex 29.4161 -24.683 3
      vertex 33.2554 -19.2 5
      vertex 33.2554 -19.2 3
    endloop
  endfacet
  facet normal -0.819148 0.573583 0
    outer loop
      vertex 33.2554 -19.2 5
      vertex 29.4161 -24.683 3
      vertex 29.4161 -24.683 5
    endloop
  endfacet
  facet normal -0.819148 0.573583 0
    outer loop
      vertex 29.4161 -24.683 163
      vertex 33.2554 -19.2 164
      vertex 33.2554 -19.2 163
    endloop
  endfacet
  facet normal -0.819148 0.573583 0
    outer loop
      vertex 33.2554 -19.2 164
      vertex 29.4161 -24.683 163
      vertex 29.4161 -24.683 164
    endloop
  endfacet
  facet normal -0.819318 0.573339 0.000544693
    outer loop
      vertex 32.9668 -19.6122 30.5142
      vertex 33.2554 -19.2 30.7431
      vertex 33.1823 -19.3044 30.6779
    endloop
  endfacet
  facet normal -0.819148 0.573583 0
    outer loop
      vertex 33.2554 -19.2 30.7431
      vertex 29.4161 -24.683 138
      vertex 33.2554 -19.2 137.258
    endloop
  endfacet
  facet normal -0.819113 0.573632 -0.000241498
    outer loop
      vertex 33.2554 -19.2 30.7431
      vertex 32.9668 -19.6122 30.5142
      vertex 31.4956 -21.7132 30.0061
    endloop
  endfacet
  facet normal -0.819148 0.573583 0
    outer loop
      vertex 33.2554 -19.2 30.7431
      vertex 29.4161 -24.683 30
      vertex 29.4161 -24.683 138
    endloop
  endfacet
  facet normal -0.819161 0.573564 0.000180358
    outer loop
      vertex 31.4956 -21.7132 30.0061
      vertex 32.9668 -19.6122 30.5142
      vertex 32.7439 -19.9305 30.3725
    endloop
  endfacet
  facet normal -0.819153 0.573575 -8.09389e-05
    outer loop
      vertex 31.3584 -21.9091 138
      vertex 33.2554 -19.2 137.258
      vertex 29.4161 -24.683 138
    endloop
  endfacet
  facet normal -0.819227 0.573469 0.000865028
    outer loop
      vertex 31.4956 -21.7132 30.0061
      vertex 32.7439 -19.9305 30.3725
      vertex 32.5148 -20.2576 30.2534
    endloop
  endfacet
  facet normal -0.818952 0.57386 0.00147369
    outer loop
      vertex 31.511 -21.6913 137.99
      vertex 33.2554 -19.2 137.258
      vertex 31.3584 -21.9091 138
    endloop
  endfacet
  facet normal -0.8191 0.57365 -0.000722489
    outer loop
      vertex 31.4956 -21.7132 30.0061
      vertex 32.5148 -20.2576 30.2534
      vertex 32.2802 -20.5927 30.1574
    endloop
  endfacet
  facet normal -0.819128 0.573611 0.000204396
    outer loop
      vertex 31.9058 -21.1275 137.941
      vertex 33.2554 -19.2 137.258
      vertex 31.511 -21.6913 137.99
    endloop
  endfacet
  facet normal -0.819212 0.573489 0.00105077
    outer loop
      vertex 31.4956 -21.7132 30.0061
      vertex 32.2802 -20.5927 30.1574
      vertex 32.0416 -20.9334 30.0849
    endloop
  endfacet
  facet normal -0.819217 0.573484 -0.000330004
    outer loop
      vertex 33.2554 -19.2 137.258
      vertex 31.9058 -21.1275 137.941
      vertex 33.0755 -19.4569 137.407
    endloop
  endfacet
  facet normal -0.819099 0.57365 -0.00132332
    outer loop
      vertex 31.4956 -21.7132 30.0061
      vertex 32.0416 -20.9334 30.0849
      vertex 31.8002 -21.2782 30.0365
    endloop
  endfacet
  facet normal -0.819185 0.573529 -0.000118508
    outer loop
      vertex 33.0755 -19.4569 137.407
      vertex 31.9058 -21.1275 137.941
      vertex 32.8562 -19.7701 137.559
    endloop
  endfacet
  facet normal -0.819143 0.573589 -2.32463e-05
    outer loop
      vertex 33.2554 -19.2 30.7431
      vertex 31.4956 -21.7132 30.0061
      vertex 31.3739 -21.887 30
    endloop
  endfacet
  facet normal -0.819149 0.57358 2.57844e-05
    outer loop
      vertex 33.2554 -19.2 30.7431
      vertex 31.3739 -21.887 30
      vertex 29.4161 -24.683 30
    endloop
  endfacet
  facet normal -0.819217 0.573483 -0.000360643
    outer loop
      vertex 32.8562 -19.7701 137.559
      vertex 31.9058 -21.1275 137.941
      vertex 32.6301 -20.093 137.69
    endloop
  endfacet
  facet normal -0.819317 0.573339 -0.00124491
    outer loop
      vertex 32.6301 -20.093 137.69
      vertex 31.9058 -21.1275 137.941
      vertex 32.3981 -20.4243 137.798
    endloop
  endfacet
  facet normal -0.819268 0.57341 -0.000728921
    outer loop
      vertex 32.3981 -20.4243 137.798
      vertex 31.9058 -21.1275 137.941
      vertex 32.1763 -20.7411 137.877
    endloop
  endfacet
  facet normal -0.906308 0.422617 0
    outer loop
      vertex 33.2554 -19.2 3
      vertex 36.0842 -13.1336 5
      vertex 36.0842 -13.1336 3
    endloop
  endfacet
  facet normal -0.906308 0.422617 0
    outer loop
      vertex 36.0842 -13.1336 5
      vertex 33.2554 -19.2 3
      vertex 33.2554 -19.2 5
    endloop
  endfacet
  facet normal -0.906308 0.422617 0
    outer loop
      vertex 33.2554 -19.2 163
      vertex 36.0842 -13.1336 164
      vertex 36.0842 -13.1336 163
    endloop
  endfacet
  facet normal -0.906308 0.422617 0
    outer loop
      vertex 36.0842 -13.1336 164
      vertex 33.2554 -19.2 163
      vertex 33.2554 -19.2 164
    endloop
  endfacet
  facet normal -0.906313 0.422606 0
    outer loop
      vertex 33.2554 -19.2 137.258
      vertex 34.3745 -16.8 132.913
      vertex 34.3745 -16.8 35.1091
    endloop
  endfacet
  facet normal -0.90622 0.422807 -0.000134546
    outer loop
      vertex 33.2554 -19.2 30.7431
      vertex 34.3745 -16.8 35.1091
      vertex 34.3701 -16.8095 34.8913
    endloop
  endfacet
  facet normal -0.906142 0.422973 0.000246777
    outer loop
      vertex 34.3745 -16.8 132.913
      vertex 33.2554 -19.2 137.258
      vertex 34.3717 -16.8061 133.087
    endloop
  endfacet
  facet normal -0.906323 0.422585 2.12379e-05
    outer loop
      vertex 33.2554 -19.2 30.7431
      vertex 34.3701 -16.8095 34.8913
      vertex 34.3471 -16.8588 34.3275
    endloop
  endfacet
  facet normal -0.906313 0.422606 0
    outer loop
      vertex 34.3745 -16.8 35.1091
      vertex 33.2554 -19.2 30.7431
      vertex 33.2554 -19.2 137.258
    endloop
  endfacet
  facet normal -0.906367 0.422491 9.60285e-05
    outer loop
      vertex 33.2554 -19.2 30.7431
      vertex 34.3471 -16.8588 34.3275
      vertex 34.3169 -16.9235 33.9412
    endloop
  endfacet
  facet normal -0.906345 0.422538 -5.7341e-05
    outer loop
      vertex 34.3717 -16.8061 133.087
      vertex 33.2554 -19.2 137.258
      vertex 34.3575 -16.8365 133.522
    endloop
  endfacet
  facet normal -0.906229 0.422788 -0.000161113
    outer loop
      vertex 33.2554 -19.2 30.7431
      vertex 34.3169 -16.9235 33.9412
      vertex 34.2801 -17.0025 33.6244
    endloop
  endfacet
  facet normal -0.906374 0.422476 -0.000104922
    outer loop
      vertex 34.3575 -16.8365 133.522
      vertex 33.2554 -19.2 137.258
      vertex 34.3349 -16.8849 133.867
    endloop
  endfacet
  facet normal -0.906371 0.422482 0.000123053
    outer loop
      vertex 33.2554 -19.2 30.7431
      vertex 34.2801 -17.0025 33.6244
      vertex 34.2299 -17.1101 33.293
    endloop
  endfacet
  facet normal -0.906303 0.422629 2.2386e-05
    outer loop
      vertex 34.3349 -16.8849 133.867
      vertex 33.2554 -19.2 137.258
      vertex 34.3011 -16.9574 134.207
    endloop
  endfacet
  facet normal -0.906182 0.422888 -0.000281683
    outer loop
      vertex 33.2554 -19.2 30.7431
      vertex 34.2299 -17.1101 33.293
      vertex 34.1691 -17.2406 32.9701
    endloop
  endfacet
  facet normal -0.906398 0.422425 -0.000160724
    outer loop
      vertex 34.3011 -16.9574 134.207
      vertex 33.2554 -19.2 137.258
      vertex 34.2563 -17.0534 134.542
    endloop
  endfacet
  facet normal -0.906569 0.422058 0.000607082
    outer loop
      vertex 33.2554 -19.2 30.7431
      vertex 34.1691 -17.2406 32.9701
      vertex 34.0978 -17.3933 32.6569
    endloop
  endfacet
  facet normal -0.906238 0.422768 0.000169748
    outer loop
      vertex 34.2563 -17.0534 134.542
      vertex 33.2554 -19.2 137.258
      vertex 34.2008 -17.1725 134.869
    endloop
  endfacet
  facet normal -0.906103 0.423057 -0.00054099
    outer loop
      vertex 33.2554 -19.2 30.7431
      vertex 34.0978 -17.3933 32.6569
      vertex 34.0166 -17.5676 32.3552
    endloop
  endfacet
  facet normal -0.906387 0.422449 -0.000160459
    outer loop
      vertex 34.2008 -17.1725 134.869
      vertex 33.2554 -19.2 137.258
      vertex 34.1347 -17.3142 135.188
    endloop
  endfacet
  facet normal -0.906343 0.422542 9.3745e-05
    outer loop
      vertex 33.2554 -19.2 30.7431
      vertex 34.0166 -17.5676 32.3552
      vertex 33.9258 -17.7623 32.0665
    endloop
  endfacet
  facet normal -0.906371 0.422482 -0.000123732
    outer loop
      vertex 34.1347 -17.3142 135.188
      vertex 33.2554 -19.2 137.258
      vertex 34.0584 -17.4778 135.496
    endloop
  endfacet
  facet normal -0.906415 0.422389 0.000296168
    outer loop
      vertex 33.2554 -19.2 30.7431
      vertex 33.9258 -17.7623 32.0665
      vertex 33.8258 -17.9767 31.792
    endloop
  endfacet
  facet normal -0.906237 0.42277 0.000219427
    outer loop
      vertex 34.0584 -17.4778 135.496
      vertex 33.2554 -19.2 137.258
      vertex 33.9724 -17.6623 135.791
    endloop
  endfacet
  facet normal -0.906133 0.422992 -0.000560075
    outer loop
      vertex 33.2554 -19.2 30.7431
      vertex 33.8258 -17.9767 31.792
      vertex 33.7171 -18.2099 31.5331
    endloop
  endfacet
  facet normal -0.906339 0.422552 -5.95426e-05
    outer loop
      vertex 33.9724 -17.6623 135.791
      vertex 33.2554 -19.2 137.258
      vertex 33.8769 -17.8671 136.073
    endloop
  endfacet
  facet normal -0.906879 0.421386 0.00188815
    outer loop
      vertex 33.2554 -19.2 30.7431
      vertex 33.7171 -18.2099 31.5331
      vertex 33.6002 -18.4604 31.2911
    endloop
  endfacet
  facet normal -0.906109 0.423043 0.000613528
    outer loop
      vertex 33.8769 -17.8671 136.073
      vertex 33.2554 -19.2 137.258
      vertex 33.7725 -18.0911 136.34
    endloop
  endfacet
  facet normal -0.906069 0.42313 -0.000974729
    outer loop
      vertex 33.2554 -19.2 30.7431
      vertex 33.6002 -18.4604 31.2911
      vertex 33.4758 -18.7273 31.0671
    endloop
  endfacet
  facet normal -0.906867 0.421414 -0.00178083
    outer loop
      vertex 33.7725 -18.0911 136.34
      vertex 33.2554 -19.2 137.258
      vertex 33.6596 -18.333 136.59
    endloop
  endfacet
  facet normal -0.907596 0.419816 0.0048992
    outer loop
      vertex 33.2554 -19.2 30.7431
      vertex 33.4758 -18.7273 31.0671
      vertex 33.3443 -19.0092 30.8624
    endloop
  endfacet
  facet normal -0.905965 0.42335 0.00127777
    outer loop
      vertex 33.6596 -18.333 136.59
      vertex 33.2554 -19.2 137.258
      vertex 33.5389 -18.592 136.823
    endloop
  endfacet
  facet normal -0.906388 0.422447 -0.000260399
    outer loop
      vertex 33.5389 -18.592 136.823
      vertex 33.2554 -19.2 137.258
      vertex 33.4109 -18.8665 137.038
    endloop
  endfacet
  facet normal -0.905593 0.424138 0.0028658
    outer loop
      vertex 33.4109 -18.8665 137.038
      vertex 33.2554 -19.2 137.258
      vertex 33.2763 -19.1552 137.232
    endloop
  endfacet
  facet normal -0.258815 0.965927 0
    outer loop
      vertex 13.1336 -36.0842 3
      vertex 6.66809 -37.8166 164
      vertex 13.1336 -36.0842 164
    endloop
  endfacet
  facet normal -0.258815 0.965927 0
    outer loop
      vertex 6.66809 -37.8166 164
      vertex 13.1336 -36.0842 3
      vertex 6.66809 -37.8166 3
    endloop
  endfacet
  facet normal 0.0871584 0.996194 -0
    outer loop
      vertex 0 -38.4 3
      vertex -6.66809 -37.8166 164
      vertex 0 -38.4 164
    endloop
  endfacet
  facet normal 0.0871584 0.996194 0
    outer loop
      vertex -6.66809 -37.8166 164
      vertex 0 -38.4 3
      vertex -6.66809 -37.8166 3
    endloop
  endfacet
  facet normal 0.573583 0.819148 -0
    outer loop
      vertex -19.2 -33.2554 3
      vertex -24.683 -29.4161 164
      vertex -19.2 -33.2554 164
    endloop
  endfacet
  facet normal 0.573583 0.819148 0
    outer loop
      vertex -24.683 -29.4161 164
      vertex -19.2 -33.2554 3
      vertex -24.683 -29.4161 3
    endloop
  endfacet
  facet normal 0.965927 0.258815 0
    outer loop
      vertex -36.0842 -13.1336 5
      vertex -37.8166 -6.66809 3
      vertex -37.8166 -6.66809 5
    endloop
  endfacet
  facet normal 0.965927 0.258815 0
    outer loop
      vertex -37.8166 -6.66809 3
      vertex -36.0842 -13.1336 5
      vertex -36.0842 -13.1336 3
    endloop
  endfacet
  facet normal 0.965927 0.258815 0
    outer loop
      vertex -36.0842 -13.1336 164
      vertex -37.8166 -6.66809 163
      vertex -37.8166 -6.66809 164
    endloop
  endfacet
  facet normal 0.965927 0.258815 0
    outer loop
      vertex -37.8166 -6.66809 163
      vertex -36.0842 -13.1336 164
      vertex -36.0842 -13.1336 163
    endloop
  endfacet
  facet normal 0.819148 0.573583 0
    outer loop
      vertex -29.4161 -24.683 164
      vertex -33.2554 -19.2 163
      vertex -33.2554 -19.2 164
    endloop
  endfacet
  facet normal 0.819148 0.573583 0
    outer loop
      vertex -33.2554 -19.2 163
      vertex -29.4161 -24.683 164
      vertex -29.4161 -24.683 163
    endloop
  endfacet
  facet normal 0.819148 0.573583 0
    outer loop
      vertex -29.4161 -24.683 5
      vertex -33.2554 -19.2 3
      vertex -33.2554 -19.2 5
    endloop
  endfacet
  facet normal 0.819148 0.573583 0
    outer loop
      vertex -33.2554 -19.2 3
      vertex -29.4161 -24.683 5
      vertex -29.4161 -24.683 3
    endloop
  endfacet
  facet normal 0.819148 0.573583 0
    outer loop
      vertex -29.4161 -24.683 138
      vertex -33.2554 -19.2 30.7431
      vertex -33.2554 -19.2 137.258
    endloop
  endfacet
  facet normal 0.819217 0.573484 -0.000330004
    outer loop
      vertex -31.9058 -21.1275 137.941
      vertex -33.2554 -19.2 137.258
      vertex -33.0755 -19.4569 137.407
    endloop
  endfacet
  facet normal 0.819148 0.573583 -0
    outer loop
      vertex -29.4161 -24.683 30
      vertex -33.2554 -19.2 30.7431
      vertex -29.4161 -24.683 138
    endloop
  endfacet
  facet normal 0.819185 0.573529 -0.000118508
    outer loop
      vertex -31.9058 -21.1275 137.941
      vertex -33.0755 -19.4569 137.407
      vertex -32.8562 -19.7701 137.559
    endloop
  endfacet
  facet normal 0.819149 0.57358 2.57844e-05
    outer loop
      vertex -31.3739 -21.887 30
      vertex -33.2554 -19.2 30.7431
      vertex -29.4161 -24.683 30
    endloop
  endfacet
  facet normal 0.819217 0.573483 -0.000360643
    outer loop
      vertex -31.9058 -21.1275 137.941
      vertex -32.8562 -19.7701 137.559
      vertex -32.6301 -20.093 137.69
    endloop
  endfacet
  facet normal 0.819143 0.573589 -2.32463e-05
    outer loop
      vertex -31.4956 -21.7132 30.0061
      vertex -33.2554 -19.2 30.7431
      vertex -31.3739 -21.887 30
    endloop
  endfacet
  facet normal 0.819317 0.573339 -0.00124491
    outer loop
      vertex -31.9058 -21.1275 137.941
      vertex -32.6301 -20.093 137.69
      vertex -32.3981 -20.4243 137.798
    endloop
  endfacet
  facet normal 0.819113 0.573632 -0.000241498
    outer loop
      vertex -32.9668 -19.6122 30.5142
      vertex -33.2554 -19.2 30.7431
      vertex -31.4956 -21.7132 30.0061
    endloop
  endfacet
  facet normal 0.819268 0.57341 -0.000728921
    outer loop
      vertex -31.9058 -21.1275 137.941
      vertex -32.3981 -20.4243 137.798
      vertex -32.1763 -20.7411 137.877
    endloop
  endfacet
  facet normal 0.819318 0.573339 0.000544693
    outer loop
      vertex -33.2554 -19.2 30.7431
      vertex -32.9668 -19.6122 30.5142
      vertex -33.1823 -19.3044 30.6779
    endloop
  endfacet
  facet normal 0.819128 0.573611 0.000204396
    outer loop
      vertex -33.2554 -19.2 137.258
      vertex -31.9058 -21.1275 137.941
      vertex -31.511 -21.6913 137.99
    endloop
  endfacet
  facet normal 0.819161 0.573564 0.000180358
    outer loop
      vertex -32.9668 -19.6122 30.5142
      vertex -31.4956 -21.7132 30.0061
      vertex -32.7439 -19.9305 30.3725
    endloop
  endfacet
  facet normal 0.818952 0.57386 0.00147369
    outer loop
      vertex -33.2554 -19.2 137.258
      vertex -31.511 -21.6913 137.99
      vertex -31.3584 -21.9091 138
    endloop
  endfacet
  facet normal 0.819227 0.573469 0.000865028
    outer loop
      vertex -32.7439 -19.9305 30.3725
      vertex -31.4956 -21.7132 30.0061
      vertex -32.5148 -20.2576 30.2534
    endloop
  endfacet
  facet normal 0.819099 0.57365 -0.00132332
    outer loop
      vertex -32.0416 -20.9334 30.0849
      vertex -31.4956 -21.7132 30.0061
      vertex -31.8002 -21.2782 30.0365
    endloop
  endfacet
  facet normal 0.819153 0.573575 -8.09389e-05
    outer loop
      vertex -33.2554 -19.2 137.258
      vertex -31.3584 -21.9091 138
      vertex -29.4161 -24.683 138
    endloop
  endfacet
  facet normal 0.8191 0.57365 -0.000722489
    outer loop
      vertex -32.5148 -20.2576 30.2534
      vertex -31.4956 -21.7132 30.0061
      vertex -32.2802 -20.5927 30.1574
    endloop
  endfacet
  facet normal 0.819212 0.573489 0.00105077
    outer loop
      vertex -32.2802 -20.5927 30.1574
      vertex -31.4956 -21.7132 30.0061
      vertex -32.0416 -20.9334 30.0849
    endloop
  endfacet
  facet normal 0 0 -1
    outer loop
      vertex 37.8166 -6.66809 164
      vertex 37.8166 6.66809 164
      vertex 38.4 0 164
    endloop
  endfacet
  facet normal 0 0 -1
    outer loop
      vertex 36.0842 -13.1336 164
      vertex 37.8166 6.66809 164
      vertex 37.8166 -6.66809 164
    endloop
  endfacet
  facet normal 0 0 -1
    outer loop
      vertex 36.0842 -13.1336 164
      vertex 36.0842 13.1336 164
      vertex 37.8166 6.66809 164
    endloop
  endfacet
  facet normal 0 0 -1
    outer loop
      vertex 33.2554 -19.2 164
      vertex 36.0842 13.1336 164
      vertex 36.0842 -13.1336 164
    endloop
  endfacet
  facet normal 0 0 -1
    outer loop
      vertex 33.2554 -19.2 164
      vertex 33.2554 19.2 164
      vertex 36.0842 13.1336 164
    endloop
  endfacet
  facet normal 0 0 -1
    outer loop
      vertex 29.4161 -24.683 164
      vertex 33.2554 19.2 164
      vertex 33.2554 -19.2 164
    endloop
  endfacet
  facet normal 0 0 -1
    outer loop
      vertex 29.4161 -24.683 164
      vertex 29.4161 24.683 164
      vertex 33.2554 19.2 164
    endloop
  endfacet
  facet normal 0 0 -1
    outer loop
      vertex 24.683 -29.4161 164
      vertex 29.4161 24.683 164
      vertex 29.4161 -24.683 164
    endloop
  endfacet
  facet normal 0 0 -1
    outer loop
      vertex 24.683 -29.4161 164
      vertex 24.683 29.4161 164
      vertex 29.4161 24.683 164
    endloop
  endfacet
  facet normal 0 0 -1
    outer loop
      vertex 19.2 -33.2554 164
      vertex 24.683 29.4161 164
      vertex 24.683 -29.4161 164
    endloop
  endfacet
  facet normal 0 0 -1
    outer loop
      vertex 19.2 -33.2554 164
      vertex 19.2 33.2554 164
      vertex 24.683 29.4161 164
    endloop
  endfacet
  facet normal 0 0 -1
    outer loop
      vertex 13.1336 -36.0842 164
      vertex 19.2 33.2554 164
      vertex 19.2 -33.2554 164
    endloop
  endfacet
  facet normal 0 0 -1
    outer loop
      vertex 13.1336 -36.0842 164
      vertex 13.1336 36.0842 164
      vertex 19.2 33.2554 164
    endloop
  endfacet
  facet normal 0 0 -1
    outer loop
      vertex 6.66809 -37.8166 164
      vertex 13.1336 36.0842 164
      vertex 13.1336 -36.0842 164
    endloop
  endfacet
  facet normal 0 0 -1
    outer loop
      vertex 6.66809 -37.8166 164
      vertex 6.66809 37.8166 164
      vertex 13.1336 36.0842 164
    endloop
  endfacet
  facet normal 0 0 -1
    outer loop
      vertex 0 -38.4 164
      vertex 6.66809 37.8166 164
      vertex 6.66809 -37.8166 164
    endloop
  endfacet
  facet normal 0 0 -1
    outer loop
      vertex 0 -38.4 164
      vertex 0 38.4 164
      vertex 6.66809 37.8166 164
    endloop
  endfacet
  facet normal 0 0 -1
    outer loop
      vertex -6.66809 -37.8166 164
      vertex 0 38.4 164
      vertex 0 -38.4 164
    endloop
  endfacet
  facet normal 0 0 -1
    outer loop
      vertex -6.66809 -37.8166 164
      vertex -6.66809 37.8166 164
      vertex 0 38.4 164
    endloop
  endfacet
  facet normal 0 0 -1
    outer loop
      vertex -13.1336 -36.0842 164
      vertex -6.66809 37.8166 164
      vertex -6.66809 -37.8166 164
    endloop
  endfacet
  facet normal 0 0 -1
    outer loop
      vertex -13.1336 -36.0842 164
      vertex -13.1336 36.0842 164
      vertex -6.66809 37.8166 164
    endloop
  endfacet
  facet normal 0 0 -1
    outer loop
      vertex -19.2 -33.2554 164
      vertex -13.1336 36.0842 164
      vertex -13.1336 -36.0842 164
    endloop
  endfacet
  facet normal 0 0 -1
    outer loop
      vertex -19.2 -33.2554 164
      vertex -19.2 33.2554 164
      vertex -13.1336 36.0842 164
    endloop
  endfacet
  facet normal 0 0 -1
    outer loop
      vertex -24.683 -29.4161 164
      vertex -19.2 33.2554 164
      vertex -19.2 -33.2554 164
    endloop
  endfacet
  facet normal 0 0 -1
    outer loop
      vertex -24.683 -29.4161 164
      vertex -24.683 29.4161 164
      vertex -19.2 33.2554 164
    endloop
  endfacet
  facet normal 0 0 -1
    outer loop
      vertex -29.4161 -24.683 164
      vertex -24.683 29.4161 164
      vertex -24.683 -29.4161 164
    endloop
  endfacet
  facet normal 0 0 -1
    outer loop
      vertex -29.4161 -24.683 164
      vertex -29.4161 24.683 164
      vertex -24.683 29.4161 164
    endloop
  endfacet
  facet normal 0 0 -1
    outer loop
      vertex -33.2554 -19.2 164
      vertex -29.4161 24.683 164
      vertex -29.4161 -24.683 164
    endloop
  endfacet
  facet normal 0 0 -1
    outer loop
      vertex -33.2554 -19.2 164
      vertex -33.2554 19.2 164
      vertex -29.4161 24.683 164
    endloop
  endfacet
  facet normal 0 0 -1
    outer loop
      vertex -36.0842 -13.1336 164
      vertex -33.2554 19.2 164
      vertex -33.2554 -19.2 164
    endloop
  endfacet
  facet normal 0 0 -1
    outer loop
      vertex -36.0842 -13.1336 164
      vertex -36.0842 13.1336 164
      vertex -33.2554 19.2 164
    endloop
  endfacet
  facet normal 0 0 -1
    outer loop
      vertex -37.8166 -6.66809 164
      vertex -36.0842 13.1336 164
      vertex -36.0842 -13.1336 164
    endloop
  endfacet
  facet normal 0 0 -1
    outer loop
      vertex -37.8166 -6.66809 164
      vertex -37.8166 6.66809 164
      vertex -36.0842 13.1336 164
    endloop
  endfacet
  facet normal 0 -0 -1
    outer loop
      vertex -37.8166 6.66809 164
      vertex -37.8166 -6.66809 164
      vertex -38.4 0 164
    endloop
  endfacet
  facet normal 0.965927 -0.258815 0
    outer loop
      vertex -37.8166 6.66809 5
      vertex -36.0842 13.1336 3
      vertex -36.0842 13.1336 5
    endloop
  endfacet
  facet normal 0.965927 -0.258815 0
    outer loop
      vertex -36.0842 13.1336 3
      vertex -37.8166 6.66809 5
      vertex -37.8166 6.66809 3
    endloop
  endfacet
  facet normal 0.965927 -0.258815 0
    outer loop
      vertex -37.8166 6.66809 164
      vertex -36.0842 13.1336 163
      vertex -36.0842 13.1336 164
    endloop
  endfacet
  facet normal 0.965927 -0.258815 0
    outer loop
      vertex -36.0842 13.1336 163
      vertex -37.8166 6.66809 164
      vertex -37.8166 6.66809 163
    endloop
  endfacet
  facet normal -0.766045 0.642787 0
    outer loop
      vertex 24.1191 34.1891 29
      vertex 25.2158 35.4961 43
      vertex 25.2158 35.4961 29
    endloop
  endfacet
  facet normal -0.766045 0.642787 0
    outer loop
      vertex 25.2158 35.4961 43
      vertex 24.1191 34.1891 29
      vertex 24.1191 34.1891 43
    endloop
  endfacet
  facet normal 0 0 1
    outer loop
      vertex 30.5781 30.9966 43
      vertex 26.9971 32.1739 43
      vertex 29.4814 29.6895 43
    endloop
  endfacet
  facet normal 0 0 1
    outer loop
      vertex 25.2158 35.4961 43
      vertex 26.9971 32.1739 43
      vertex 30.5781 30.9966 43
    endloop
  endfacet
  facet normal 0 0 1
    outer loop
      vertex 26.9971 32.1739 43
      vertex 25.2158 35.4961 43
      vertex 24.1191 34.1891 43
    endloop
  endfacet
  facet normal 0.76607 -0.642758 0
    outer loop
      vertex 29.4814 29.6895 30
      vertex 30.5781 30.9966 43
      vertex 29.4814 29.6895 43
    endloop
  endfacet
  facet normal 0.76607 -0.642758 0
    outer loop
      vertex 30.5781 30.9966 43
      vertex 29.4814 29.6895 30
      vertex 30.5781 30.9966 29
    endloop
  endfacet
  facet normal 0.76604 -0.642793 0
    outer loop
      vertex 29.2926 29.4645 29
      vertex 29.4814 29.6895 30
      vertex 29.2926 29.4645 30
    endloop
  endfacet
  facet normal 0.766065 -0.642763 -1.14902e-05
    outer loop
      vertex 29.4814 29.6895 30
      vertex 29.2926 29.4645 29
      vertex 30.5781 30.9966 29
    endloop
  endfacet
  facet normal 0.642787 0.766045 -0
    outer loop
      vertex 30.5781 30.9966 29
      vertex 25.2158 35.4961 43
      vertex 30.5781 30.9966 43
    endloop
  endfacet
  facet normal 0.642787 0.766045 0
    outer loop
      vertex 25.2158 35.4961 43
      vertex 30.5781 30.9966 29
      vertex 25.2158 35.4961 29
    endloop
  endfacet
  facet normal 0 0 -1
    outer loop
      vertex 28 30.5491 29
      vertex 30.5781 30.9966 29
      vertex 29.2926 29.4645 29
    endloop
  endfacet
  facet normal 0 0 -1
    outer loop
      vertex 28 31.1709 29
      vertex 30.5781 30.9966 29
      vertex 28 30.5491 29
    endloop
  endfacet
  facet normal 0 0 -1
    outer loop
      vertex 26.9971 32.1739 29
      vertex 30.5781 30.9966 29
      vertex 28 31.1709 29
    endloop
  endfacet
  facet normal 0 0 -1
    outer loop
      vertex 26.9971 32.1739 29
      vertex 25.2158 35.4961 29
      vertex 30.5781 30.9966 29
    endloop
  endfacet
  facet normal 0 -0 -1
    outer loop
      vertex 25.2158 35.4961 29
      vertex 26.9971 32.1739 29
      vertex 24.1191 34.1891 29
    endloop
  endfacet
  facet normal -0.642781 -0.76605 0
    outer loop
      vertex 28 30.5491 29
      vertex 29.2926 29.4645 30
      vertex 28 30.5491 30
    endloop
  endfacet
  facet normal -0.642781 -0.76605 -0
    outer loop
      vertex 29.2926 29.4645 30
      vertex 28 30.5491 29
      vertex 29.2926 29.4645 29
    endloop
  endfacet
  facet normal -0.766045 0.642787 0
    outer loop
      vertex 24.1191 34.1891 65
      vertex 25.2158 35.4961 79
      vertex 25.2158 35.4961 65
    endloop
  endfacet
  facet normal -0.766045 0.642787 0
    outer loop
      vertex 25.2158 35.4961 79
      vertex 24.1191 34.1891 65
      vertex 24.1191 34.1891 79
    endloop
  endfacet
  facet normal 0 0 1
    outer loop
      vertex 30.5781 30.9966 79
      vertex 26.9971 32.1739 79
      vertex 29.4814 29.6895 79
    endloop
  endfacet
  facet normal 0 0 1
    outer loop
      vertex 25.2158 35.4961 79
      vertex 26.9971 32.1739 79
      vertex 30.5781 30.9966 79
    endloop
  endfacet
  facet normal 0 0 1
    outer loop
      vertex 26.9971 32.1739 79
      vertex 25.2158 35.4961 79
      vertex 24.1191 34.1891 79
    endloop
  endfacet
  facet normal 0.76607 -0.642758 0
    outer loop
      vertex 29.4814 29.6895 79
      vertex 30.5781 30.9966 65
      vertex 30.5781 30.9966 79
    endloop
  endfacet
  facet normal 0.76607 -0.642758 0
    outer loop
      vertex 30.5781 30.9966 65
      vertex 29.4814 29.6895 79
      vertex 29.4814 29.6895 65
    endloop
  endfacet
  facet normal 0.642787 0.766045 -0
    outer loop
      vertex 30.5781 30.9966 65
      vertex 25.2158 35.4961 79
      vertex 30.5781 30.9966 79
    endloop
  endfacet
  facet normal 0.642787 0.766045 0
    outer loop
      vertex 25.2158 35.4961 79
      vertex 30.5781 30.9966 65
      vertex 25.2158 35.4961 65
    endloop
  endfacet
  facet normal 0 0 -1
    outer loop
      vertex 26.9971 32.1739 65
      vertex 30.5781 30.9966 65
      vertex 29.4814 29.6895 65
    endloop
  endfacet
  facet normal 0 0 -1
    outer loop
      vertex 26.9971 32.1739 65
      vertex 25.2158 35.4961 65
      vertex 30.5781 30.9966 65
    endloop
  endfacet
  facet normal 0 -0 -1
    outer loop
      vertex 25.2158 35.4961 65
      vertex 26.9971 32.1739 65
      vertex 24.1191 34.1891 65
    endloop
  endfacet
  facet normal -0.766045 0.642787 0
    outer loop
      vertex 24.1191 34.1891 101
      vertex 25.2158 35.4961 115
      vertex 25.2158 35.4961 101
    endloop
  endfacet
  facet normal -0.766045 0.642787 0
    outer loop
      vertex 25.2158 35.4961 115
      vertex 24.1191 34.1891 101
      vertex 24.1191 34.1891 115
    endloop
  endfacet
  facet normal 0 0 1
    outer loop
      vertex 30.5781 30.9966 115
      vertex 26.9971 32.1739 115
      vertex 29.4814 29.6895 115
    endloop
  endfacet
  facet normal 0 0 1
    outer loop
      vertex 25.2158 35.4961 115
      vertex 26.9971 32.1739 115
      vertex 30.5781 30.9966 115
    endloop
  endfacet
  facet normal 0 0 1
    outer loop
      vertex 26.9971 32.1739 115
      vertex 25.2158 35.4961 115
      vertex 24.1191 34.1891 115
    endloop
  endfacet
  facet normal 0.76607 -0.642758 0
    outer loop
      vertex 29.4814 29.6895 115
      vertex 30.5781 30.9966 101
      vertex 30.5781 30.9966 115
    endloop
  endfacet
  facet normal 0.76607 -0.642758 0
    outer loop
      vertex 30.5781 30.9966 101
      vertex 29.4814 29.6895 115
      vertex 29.4814 29.6895 101
    endloop
  endfacet
  facet normal 0.642787 0.766045 -0
    outer loop
      vertex 30.5781 30.9966 101
      vertex 25.2158 35.4961 115
      vertex 30.5781 30.9966 115
    endloop
  endfacet
  facet normal 0.642787 0.766045 0
    outer loop
      vertex 25.2158 35.4961 115
      vertex 30.5781 30.9966 101
      vertex 25.2158 35.4961 101
    endloop
  endfacet
  facet normal 0 0 -1
    outer loop
      vertex 26.9971 32.1739 101
      vertex 30.5781 30.9966 101
      vertex 29.4814 29.6895 101
    endloop
  endfacet
  facet normal 0 0 -1
    outer loop
      vertex 26.9971 32.1739 101
      vertex 25.2158 35.4961 101
      vertex 30.5781 30.9966 101
    endloop
  endfacet
  facet normal 0 -0 -1
    outer loop
      vertex 25.2158 35.4961 101
      vertex 26.9971 32.1739 101
      vertex 24.1191 34.1891 101
    endloop
  endfacet
  facet normal -0.766045 0.642787 0
    outer loop
      vertex 24.1191 34.1891 133
      vertex 25.2158 35.4961 147
      vertex 25.2158 35.4961 133
    endloop
  endfacet
  facet normal -0.766045 0.642787 0
    outer loop
      vertex 25.2158 35.4961 147
      vertex 24.1191 34.1891 133
      vertex 24.1191 34.1891 147
    endloop
  endfacet
  facet normal 0 0 1
    outer loop
      vertex 28.4987 32.7414 147
      vertex 26.9971 32.1739 147
      vertex 27.5772 31.8198 147
    endloop
  endfacet
  facet normal 0 0 1
    outer loop
      vertex 25.2158 35.4961 147
      vertex 26.9971 32.1739 147
      vertex 28.4987 32.7414 147
    endloop
  endfacet
  facet normal 0 0 1
    outer loop
      vertex 26.9971 32.1739 147
      vertex 25.2158 35.4961 147
      vertex 24.1191 34.1891 147
    endloop
  endfacet
  facet normal -0 0 1
    outer loop
      vertex 28 30.5491 147
      vertex 29.5845 29.8124 147
      vertex 28 31.1709 147
    endloop
  endfacet
  facet normal 0 0 1
    outer loop
      vertex 27.5772 31.8198 147
      vertex 28 31.1709 147
      vertex 29.5845 29.8124 147
    endloop
  endfacet
  facet normal 0 0 1
    outer loop
      vertex 28 31.1709 147
      vertex 27.5772 31.8198 147
      vertex 26.9971 32.1739 147
    endloop
  endfacet
  facet normal 0 0 1
    outer loop
      vertex 29.5845 29.8124 147
      vertex 28 30.5491 147
      vertex 29.2926 29.4645 147
    endloop
  endfacet
  facet normal 0.766069 -0.642758 0
    outer loop
      vertex 29.2926 29.4645 147
      vertex 29.5845 29.8124 146
      vertex 29.5845 29.8124 147
    endloop
  endfacet
  facet normal 0.766069 -0.642758 0
    outer loop
      vertex 29.2926 29.4645 138
      vertex 29.5845 29.8124 146
      vertex 29.2926 29.4645 147
    endloop
  endfacet
  facet normal 0.76604 -0.642793 2.56198e-06
    outer loop
      vertex 29.5845 29.8124 146
      vertex 29.2926 29.4645 138
      vertex 29.4814 29.6895 138
    endloop
  endfacet
  facet normal 0.766064 -0.642764 1.81295e-06
    outer loop
      vertex 29.4814 29.6895 138
      vertex 30.5781 30.9966 146
      vertex 29.5845 29.8124 146
    endloop
  endfacet
  facet normal 0.76607 -0.642758 0
    outer loop
      vertex 30.5781 30.9966 146
      vertex 29.4814 29.6895 138
      vertex 30.5781 30.9966 133
    endloop
  endfacet
  facet normal 0.76607 -0.642758 0
    outer loop
      vertex 30.5781 30.9966 133
      vertex 29.4814 29.6895 138
      vertex 29.4814 29.6895 133
    endloop
  endfacet
  facet normal 0.642782 0.766049 0
    outer loop
      vertex 30.5781 30.9966 146
      vertex 30.5781 30.9966 133
      vertex 28.4987 32.7414 146
    endloop
  endfacet
  facet normal 0.64279 0.766042 -0
    outer loop
      vertex 28.4987 32.7414 146
      vertex 25.2158 35.4961 147
      vertex 28.4987 32.7414 147
    endloop
  endfacet
  facet normal 0.642787 0.766045 1.31055e-06
    outer loop
      vertex 25.2158 35.4961 133
      vertex 28.4987 32.7414 146
      vertex 30.5781 30.9966 133
    endloop
  endfacet
  facet normal 0.64279 0.766042 0
    outer loop
      vertex 28.4987 32.7414 146
      vertex 25.2158 35.4961 133
      vertex 25.2158 35.4961 147
    endloop
  endfacet
  facet normal 0 0 -1
    outer loop
      vertex 26.9971 32.1739 133
      vertex 30.5781 30.9966 133
      vertex 29.4814 29.6895 133
    endloop
  endfacet
  facet normal 0 0 -1
    outer loop
      vertex 26.9971 32.1739 133
      vertex 25.2158 35.4961 133
      vertex 30.5781 30.9966 133
    endloop
  endfacet
  facet normal 0 -0 -1
    outer loop
      vertex 25.2158 35.4961 133
      vertex 26.9971 32.1739 133
      vertex 24.1191 34.1891 133
    endloop
  endfacet
  facet normal -0.642781 -0.76605 0
    outer loop
      vertex 28 30.5491 138
      vertex 29.2926 29.4645 147
      vertex 28 30.5491 147
    endloop
  endfacet
  facet normal -0.642781 -0.76605 -0
    outer loop
      vertex 29.2926 29.4645 147
      vertex 28 30.5491 138
      vertex 29.2926 29.4645 138
    endloop
  endfacet
  facet normal -0.939703 0.341992 0
    outer loop
      vertex 10.9712 40.3764 29
      vertex 11.5547 41.9797 43
      vertex 11.5547 41.9797 29
    endloop
  endfacet
  facet normal -0.939703 0.341992 0
    outer loop
      vertex 11.5547 41.9797 43
      vertex 10.9712 40.3764 29
      vertex 10.9712 40.3764 43
    endloop
  endfacet
  facet normal 0 0 1
    outer loop
      vertex 18.1326 39.5856 43
      vertex 14.3648 39.4671 43
      vertex 17.549 37.9823 43
    endloop
  endfacet
  facet normal 0 0 1
    outer loop
      vertex 11.5547 41.9797 43
      vertex 14.3648 39.4671 43
      vertex 18.1326 39.5856 43
    endloop
  endfacet
  facet normal 0 0 1
    outer loop
      vertex 14.3648 39.4671 43
      vertex 11.5547 41.9797 43
      vertex 10.9712 40.3764 43
    endloop
  endfacet
  facet normal 0.939684 -0.342044 0
    outer loop
      vertex 17.549 37.9823 43
      vertex 18.1326 39.5856 29
      vertex 18.1326 39.5856 43
    endloop
  endfacet
  facet normal 0.939684 -0.342044 0
    outer loop
      vertex 18.1326 39.5856 29
      vertex 17.549 37.9823 43
      vertex 17.549 37.9823 29
    endloop
  endfacet
  facet normal 0.342013 0.939695 -0
    outer loop
      vertex 18.1326 39.5856 29
      vertex 11.5547 41.9797 43
      vertex 18.1326 39.5856 43
    endloop
  endfacet
  facet normal 0.342013 0.939695 0
    outer loop
      vertex 11.5547 41.9797 43
      vertex 18.1326 39.5856 29
      vertex 11.5547 41.9797 29
    endloop
  endfacet
  facet normal 0 0 -1
    outer loop
      vertex 14.3648 39.4671 29
      vertex 18.1326 39.5856 29
      vertex 17.549 37.9823 29
    endloop
  endfacet
  facet normal 0 0 -1
    outer loop
      vertex 14.3648 39.4671 29
      vertex 11.5547 41.9797 29
      vertex 18.1326 39.5856 29
    endloop
  endfacet
  facet normal 0 -0 -1
    outer loop
      vertex 11.5547 41.9797 29
      vertex 14.3648 39.4671 29
      vertex 10.9712 40.3764 29
    endloop
  endfacet
  facet normal -0.939703 0.341992 0
    outer loop
      vertex 10.9712 40.3764 65
      vertex 11.5547 41.9797 79
      vertex 11.5547 41.9797 65
    endloop
  endfacet
  facet normal -0.939703 0.341992 0
    outer loop
      vertex 11.5547 41.9797 79
      vertex 10.9712 40.3764 65
      vertex 10.9712 40.3764 79
    endloop
  endfacet
  facet normal 0 0 1
    outer loop
      vertex 18.1326 39.5856 79
      vertex 14.3648 39.4671 79
      vertex 17.549 37.9823 79
    endloop
  endfacet
  facet normal 0 0 1
    outer loop
      vertex 11.5547 41.9797 79
      vertex 14.3648 39.4671 79
      vertex 18.1326 39.5856 79
    endloop
  endfacet
  facet normal 0 0 1
    outer loop
      vertex 14.3648 39.4671 79
      vertex 11.5547 41.9797 79
      vertex 10.9712 40.3764 79
    endloop
  endfacet
  facet normal 0.939684 -0.342044 0
    outer loop
      vertex 17.549 37.9823 79
      vertex 18.1326 39.5856 65
      vertex 18.1326 39.5856 79
    endloop
  endfacet
  facet normal 0.939684 -0.342044 0
    outer loop
      vertex 18.1326 39.5856 65
      vertex 17.549 37.9823 79
      vertex 17.549 37.9823 65
    endloop
  endfacet
  facet normal 0 0 -1
    outer loop
      vertex 14.3648 39.4671 65
      vertex 18.1326 39.5856 65
      vertex 17.549 37.9823 65
    endloop
  endfacet
  facet normal 0 0 -1
    outer loop
      vertex 14.3648 39.4671 65
      vertex 11.5547 41.9797 65
      vertex 18.1326 39.5856 65
    endloop
  endfacet
  facet normal 0 -0 -1
    outer loop
      vertex 11.5547 41.9797 65
      vertex 14.3648 39.4671 65
      vertex 10.9712 40.3764 65
    endloop
  endfacet
  facet normal 0.342013 0.939695 -0
    outer loop
      vertex 18.1326 39.5856 65
      vertex 11.5547 41.9797 79
      vertex 18.1326 39.5856 79
    endloop
  endfacet
  facet normal 0.342013 0.939695 0
    outer loop
      vertex 11.5547 41.9797 79
      vertex 18.1326 39.5856 65
      vertex 11.5547 41.9797 65
    endloop
  endfacet
  facet normal -0.939703 0.341992 0
    outer loop
      vertex 10.9712 40.3764 101
      vertex 11.5547 41.9797 115
      vertex 11.5547 41.9797 101
    endloop
  endfacet
  facet normal -0.939703 0.341992 0
    outer loop
      vertex 11.5547 41.9797 115
      vertex 10.9712 40.3764 101
      vertex 10.9712 40.3764 115
    endloop
  endfacet
  facet normal 0 0 1
    outer loop
      vertex 18.1326 39.5856 115
      vertex 14.3648 39.4671 115
      vertex 17.549 37.9823 115
    endloop
  endfacet
  facet normal 0 0 1
    outer loop
      vertex 11.5547 41.9797 115
      vertex 14.3648 39.4671 115
      vertex 18.1326 39.5856 115
    endloop
  endfacet
  facet normal 0 0 1
    outer loop
      vertex 14.3648 39.4671 115
      vertex 11.5547 41.9797 115
      vertex 10.9712 40.3764 115
    endloop
  endfacet
  facet normal 0.939684 -0.342044 0
    outer loop
      vertex 17.549 37.9823 115
      vertex 18.1326 39.5856 101
      vertex 18.1326 39.5856 115
    endloop
  endfacet
  facet normal 0.939684 -0.342044 0
    outer loop
      vertex 18.1326 39.5856 101
      vertex 17.549 37.9823 115
      vertex 17.549 37.9823 101
    endloop
  endfacet
  facet normal 0.342013 0.939695 -0
    outer loop
      vertex 18.1326 39.5856 101
      vertex 11.5547 41.9797 115
      vertex 18.1326 39.5856 115
    endloop
  endfacet
  facet normal 0.342013 0.939695 0
    outer loop
      vertex 11.5547 41.9797 115
      vertex 18.1326 39.5856 101
      vertex 11.5547 41.9797 101
    endloop
  endfacet
  facet normal 0 0 -1
    outer loop
      vertex 14.3648 39.4671 101
      vertex 18.1326 39.5856 101
      vertex 17.549 37.9823 101
    endloop
  endfacet
  facet normal 0 0 -1
    outer loop
      vertex 14.3648 39.4671 101
      vertex 11.5547 41.9797 101
      vertex 18.1326 39.5856 101
    endloop
  endfacet
  facet normal 0 -0 -1
    outer loop
      vertex 11.5547 41.9797 101
      vertex 14.3648 39.4671 101
      vertex 10.9712 40.3764 101
    endloop
  endfacet
  facet normal -0.939703 0.341992 0
    outer loop
      vertex 10.9712 40.3764 133
      vertex 11.5547 41.9797 147
      vertex 11.5547 41.9797 133
    endloop
  endfacet
  facet normal -0.939703 0.341992 0
    outer loop
      vertex 11.5547 41.9797 147
      vertex 10.9712 40.3764 133
      vertex 10.9712 40.3764 147
    endloop
  endfacet
  facet normal 0 0 1
    outer loop
      vertex 18.1326 39.5856 147
      vertex 14.3648 39.4671 147
      vertex 17.549 37.9823 147
    endloop
  endfacet
  facet normal 0 0 1
    outer loop
      vertex 11.5547 41.9797 147
      vertex 14.3648 39.4671 147
      vertex 18.1326 39.5856 147
    endloop
  endfacet
  facet normal 0 0 1
    outer loop
      vertex 14.3648 39.4671 147
      vertex 11.5547 41.9797 147
      vertex 10.9712 40.3764 147
    endloop
  endfacet
  facet normal 0.939684 -0.342044 0
    outer loop
      vertex 17.549 37.9823 147
      vertex 18.1326 39.5856 133
      vertex 18.1326 39.5856 147
    endloop
  endfacet
  facet normal 0.939684 -0.342044 0
    outer loop
      vertex 18.1326 39.5856 133
      vertex 17.549 37.9823 147
      vertex 17.549 37.9823 133
    endloop
  endfacet
  facet normal 0.342013 0.939695 -0
    outer loop
      vertex 18.1326 39.5856 133
      vertex 11.5547 41.9797 147
      vertex 18.1326 39.5856 147
    endloop
  endfacet
  facet normal 0.342013 0.939695 0
    outer loop
      vertex 11.5547 41.9797 147
      vertex 18.1326 39.5856 133
      vertex 11.5547 41.9797 133
    endloop
  endfacet
  facet normal 0 0 -1
    outer loop
      vertex 14.3648 39.4671 133
      vertex 18.1326 39.5856 133
      vertex 17.549 37.9823 133
    endloop
  endfacet
  facet normal 0 0 -1
    outer loop
      vertex 14.3648 39.4671 133
      vertex 11.5547 41.9797 133
      vertex 18.1326 39.5856 133
    endloop
  endfacet
  facet normal 0 -0 -1
    outer loop
      vertex 11.5547 41.9797 133
      vertex 14.3648 39.4671 133
      vertex 10.9712 40.3764 133
    endloop
  endfacet
  facet normal -1 0 0
    outer loop
      vertex -3.5 41.6938 29
      vertex -3.5 43.4 43
      vertex -3.5 43.4 29
    endloop
  endfacet
  facet normal -1 -0 0
    outer loop
      vertex -3.5 43.4 43
      vertex -3.5 41.6938 29
      vertex -3.5 41.6938 43
    endloop
  endfacet
  facet normal 0 0 1
    outer loop
      vertex 3.5 43.4 43
      vertex 0 42 43
      vertex 3.5 41.6938 43
    endloop
  endfacet
  facet normal -0 0 1
    outer loop
      vertex -3.5 43.4 43
      vertex 0 42 43
      vertex 3.5 43.4 43
    endloop
  endfacet
  facet normal 0 0 1
    outer loop
      vertex 0 42 43
      vertex -3.5 43.4 43
      vertex -3.5 41.6938 43
    endloop
  endfacet
  facet normal 1 -0 0
    outer loop
      vertex 3.5 41.6938 43
      vertex 3.5 43.4 29
      vertex 3.5 43.4 43
    endloop
  endfacet
  facet normal 1 0 0
    outer loop
      vertex 3.5 43.4 29
      vertex 3.5 41.6938 43
      vertex 3.5 41.6938 29
    endloop
  endfacet
  facet normal 0 1 -0
    outer loop
      vertex 3.5 43.4 29
      vertex -3.5 43.4 43
      vertex 3.5 43.4 43
    endloop
  endfacet
  facet normal 0 1 0
    outer loop
      vertex -3.5 43.4 43
      vertex 3.5 43.4 29
      vertex -3.5 43.4 29
    endloop
  endfacet
  facet normal 0 0 -1
    outer loop
      vertex 0 42 29
      vertex 3.5 43.4 29
      vertex 3.5 41.6938 29
    endloop
  endfacet
  facet normal 0 0 -1
    outer loop
      vertex -3.5 43.4 29
      vertex 0 42 29
      vertex -3.5 41.6938 29
    endloop
  endfacet
  facet normal 0 0 -1
    outer loop
      vertex 0 42 29
      vertex -3.5 43.4 29
      vertex 3.5 43.4 29
    endloop
  endfacet
  facet normal -1 0 0
    outer loop
      vertex -3.5 41.6938 65
      vertex -3.5 43.4 79
      vertex -3.5 43.4 65
    endloop
  endfacet
  facet normal -1 -0 0
    outer loop
      vertex -3.5 43.4 79
      vertex -3.5 41.6938 65
      vertex -3.5 41.6938 79
    endloop
  endfacet
  facet normal 0 0 1
    outer loop
      vertex 3.5 43.4 79
      vertex 0 42 79
      vertex 3.5 41.6938 79
    endloop
  endfacet
  facet normal -0 0 1
    outer loop
      vertex -3.5 43.4 79
      vertex 0 42 79
      vertex 3.5 43.4 79
    endloop
  endfacet
  facet normal 0 0 1
    outer loop
      vertex 0 42 79
      vertex -3.5 43.4 79
      vertex -3.5 41.6938 79
    endloop
  endfacet
  facet normal 1 -0 0
    outer loop
      vertex 3.5 41.6938 79
      vertex 3.5 43.4 65
      vertex 3.5 43.4 79
    endloop
  endfacet
  facet normal 1 0 0
    outer loop
      vertex 3.5 43.4 65
      vertex 3.5 41.6938 79
      vertex 3.5 41.6938 65
    endloop
  endfacet
  facet normal 0 1 -0
    outer loop
      vertex 3.5 43.4 65
      vertex -3.5 43.4 79
      vertex 3.5 43.4 79
    endloop
  endfacet
  facet normal 0 1 0
    outer loop
      vertex -3.5 43.4 79
      vertex 3.5 43.4 65
      vertex -3.5 43.4 65
    endloop
  endfacet
  facet normal 0 0 -1
    outer loop
      vertex 0 42 65
      vertex 3.5 43.4 65
      vertex 3.5 41.6938 65
    endloop
  endfacet
  facet normal 0 0 -1
    outer loop
      vertex -3.5 43.4 65
      vertex 0 42 65
      vertex -3.5 41.6938 65
    endloop
  endfacet
  facet normal 0 0 -1
    outer loop
      vertex 0 42 65
      vertex -3.5 43.4 65
      vertex 3.5 43.4 65
    endloop
  endfacet
  facet normal -1 0 0
    outer loop
      vertex -3.5 41.6938 101
      vertex -3.5 43.4 115
      vertex -3.5 43.4 101
    endloop
  endfacet
  facet normal -1 -0 0
    outer loop
      vertex -3.5 43.4 115
      vertex -3.5 41.6938 101
      vertex -3.5 41.6938 115
    endloop
  endfacet
  facet normal 0 0 1
    outer loop
      vertex 3.5 43.4 115
      vertex 0 42 115
      vertex 3.5 41.6938 115
    endloop
  endfacet
  facet normal -0 0 1
    outer loop
      vertex -3.5 43.4 115
      vertex 0 42 115
      vertex 3.5 43.4 115
    endloop
  endfacet
  facet normal 0 0 1
    outer loop
      vertex 0 42 115
      vertex -3.5 43.4 115
      vertex -3.5 41.6938 115
    endloop
  endfacet
  facet normal 1 -0 0
    outer loop
      vertex 3.5 41.6938 115
      vertex 3.5 43.4 101
      vertex 3.5 43.4 115
    endloop
  endfacet
  facet normal 1 0 0
    outer loop
      vertex 3.5 43.4 101
      vertex 3.5 41.6938 115
      vertex 3.5 41.6938 101
    endloop
  endfacet
  facet normal 0 0 -1
    outer loop
      vertex 0 42 101
      vertex 3.5 43.4 101
      vertex 3.5 41.6938 101
    endloop
  endfacet
  facet normal 0 0 -1
    outer loop
      vertex -3.5 43.4 101
      vertex 0 42 101
      vertex -3.5 41.6938 101
    endloop
  endfacet
  facet normal 0 0 -1
    outer loop
      vertex 0 42 101
      vertex -3.5 43.4 101
      vertex 3.5 43.4 101
    endloop
  endfacet
  facet normal 0 1 -0
    outer loop
      vertex 3.5 43.4 101
      vertex -3.5 43.4 115
      vertex 3.5 43.4 115
    endloop
  endfacet
  facet normal 0 1 0
    outer loop
      vertex -3.5 43.4 115
      vertex 3.5 43.4 101
      vertex -3.5 43.4 101
    endloop
  endfacet
  facet normal -1 0 0
    outer loop
      vertex -3.5 41.6938 133
      vertex -3.5 43.4 147
      vertex -3.5 43.4 133
    endloop
  endfacet
  facet normal -1 -0 0
    outer loop
      vertex -3.5 43.4 147
      vertex -3.5 41.6938 133
      vertex -3.5 41.6938 147
    endloop
  endfacet
  facet normal 0 0 1
    outer loop
      vertex 3 42 147
      vertex 3.5 43.4 147
      vertex 3 43.4 147
    endloop
  endfacet
  facet normal 0 0 1
    outer loop
      vertex 3.5 43.4 147
      vertex 3 42 147
      vertex 3.5 41.6938 147
    endloop
  endfacet
  facet normal 0 0 1
    outer loop
      vertex 3.5 41.6938 147
      vertex 3 42 147
      vertex 0 42 147
    endloop
  endfacet
  facet normal 0 0 1
    outer loop
      vertex -3 43.4 147
      vertex -3.5 43.4 147
      vertex -3 42 147
    endloop
  endfacet
  facet normal -0 0 1
    outer loop
      vertex -3 42 147
      vertex -3.5 41.6938 147
      vertex 0 42 147
    endloop
  endfacet
  facet normal 0 0 1
    outer loop
      vertex -3.5 41.6938 147
      vertex -3 42 147
      vertex -3.5 43.4 147
    endloop
  endfacet
  facet normal 1 -0 0
    outer loop
      vertex 3.5 41.6938 147
      vertex 3.5 43.4 133
      vertex 3.5 43.4 147
    endloop
  endfacet
  facet normal 1 0 0
    outer loop
      vertex 3.5 43.4 133
      vertex 3.5 41.6938 147
      vertex 3.5 41.6938 133
    endloop
  endfacet
  facet normal 0 0 -1
    outer loop
      vertex 0 42 133
      vertex 3.5 43.4 133
      vertex 3.5 41.6938 133
    endloop
  endfacet
  facet normal 0 0 -1
    outer loop
      vertex -3.5 43.4 133
      vertex 0 42 133
      vertex -3.5 41.6938 133
    endloop
  endfacet
  facet normal 0 0 -1
    outer loop
      vertex 0 42 133
      vertex -3.5 43.4 133
      vertex 3.5 43.4 133
    endloop
  endfacet
  facet normal 0 1 0
    outer loop
      vertex 3.5 43.4 147
      vertex 3 43.4 146
      vertex 3 43.4 147
    endloop
  endfacet
  facet normal 0 1 0
    outer loop
      vertex 3 43.4 146
      vertex 3.5 43.4 133
      vertex -3 43.4 146
    endloop
  endfacet
  facet normal 0 1 -0
    outer loop
      vertex 3.5 43.4 133
      vertex 3 43.4 146
      vertex 3.5 43.4 147
    endloop
  endfacet
  facet normal 0 1 -0
    outer loop
      vertex -3 43.4 146
      vertex -3.5 43.4 147
      vertex -3 43.4 147
    endloop
  endfacet
  facet normal 0 1 0
    outer loop
      vertex -3.5 43.4 133
      vertex -3 43.4 146
      vertex 3.5 43.4 133
    endloop
  endfacet
  facet normal 0 1 0
    outer loop
      vertex -3 43.4 146
      vertex -3.5 43.4 133
      vertex -3.5 43.4 147
    endloop
  endfacet
  facet normal 0.939703 0.341992 0
    outer loop
      vertex -10.9712 40.3764 43
      vertex -11.5547 41.9797 29
      vertex -11.5547 41.9797 43
    endloop
  endfacet
  facet normal 0.939703 0.341992 0
    outer loop
      vertex -11.5547 41.9797 29
      vertex -10.9712 40.3764 43
      vertex -10.9712 40.3764 29
    endloop
  endfacet
  facet normal 0 0 1
    outer loop
      vertex -11.5547 41.9797 43
      vertex -14.3648 39.4671 43
      vertex -10.9712 40.3764 43
    endloop
  endfacet
  facet normal -0 0 1
    outer loop
      vertex -18.1326 39.5856 43
      vertex -14.3648 39.4671 43
      vertex -11.5547 41.9797 43
    endloop
  endfacet
  facet normal 0 0 1
    outer loop
      vertex -14.3648 39.4671 43
      vertex -18.1326 39.5856 43
      vertex -17.549 37.9823 43
    endloop
  endfacet
  facet normal -0.342013 0.939695 0
    outer loop
      vertex -11.5547 41.9797 29
      vertex -18.1326 39.5856 43
      vertex -11.5547 41.9797 43
    endloop
  endfacet
  facet normal -0.342013 0.939695 0
    outer loop
      vertex -18.1326 39.5856 43
      vertex -11.5547 41.9797 29
      vertex -18.1326 39.5856 29
    endloop
  endfacet
  facet normal -0.939684 -0.342044 0
    outer loop
      vertex -17.549 37.9823 29
      vertex -18.1326 39.5856 43
      vertex -18.1326 39.5856 29
    endloop
  endfacet
  facet normal -0.939684 -0.342044 0
    outer loop
      vertex -18.1326 39.5856 43
      vertex -17.549 37.9823 29
      vertex -17.549 37.9823 43
    endloop
  endfacet
  facet normal 0 0 -1
    outer loop
      vertex -14.3648 39.4671 29
      vertex -11.5547 41.9797 29
      vertex -10.9712 40.3764 29
    endloop
  endfacet
  facet normal 0 0 -1
    outer loop
      vertex -18.1326 39.5856 29
      vertex -14.3648 39.4671 29
      vertex -17.549 37.9823 29
    endloop
  endfacet
  facet normal 0 0 -1
    outer loop
      vertex -14.3648 39.4671 29
      vertex -18.1326 39.5856 29
      vertex -11.5547 41.9797 29
    endloop
  endfacet
  facet normal 0.939703 0.341992 0
    outer loop
      vertex -10.9712 40.3764 79
      vertex -11.5547 41.9797 65
      vertex -11.5547 41.9797 79
    endloop
  endfacet
  facet normal 0.939703 0.341992 0
    outer loop
      vertex -11.5547 41.9797 65
      vertex -10.9712 40.3764 79
      vertex -10.9712 40.3764 65
    endloop
  endfacet
  facet normal 0 0 1
    outer loop
      vertex -11.5547 41.9797 79
      vertex -14.3648 39.4671 79
      vertex -10.9712 40.3764 79
    endloop
  endfacet
  facet normal -0 0 1
    outer loop
      vertex -18.1326 39.5856 79
      vertex -14.3648 39.4671 79
      vertex -11.5547 41.9797 79
    endloop
  endfacet
  facet normal 0 0 1
    outer loop
      vertex -14.3648 39.4671 79
      vertex -18.1326 39.5856 79
      vertex -17.549 37.9823 79
    endloop
  endfacet
  facet normal -0.342013 0.939695 0
    outer loop
      vertex -11.5547 41.9797 65
      vertex -18.1326 39.5856 79
      vertex -11.5547 41.9797 79
    endloop
  endfacet
  facet normal -0.342013 0.939695 0
    outer loop
      vertex -18.1326 39.5856 79
      vertex -11.5547 41.9797 65
      vertex -18.1326 39.5856 65
    endloop
  endfacet
  facet normal -0.939684 -0.342044 0
    outer loop
      vertex -17.549 37.9823 65
      vertex -18.1326 39.5856 79
      vertex -18.1326 39.5856 65
    endloop
  endfacet
  facet normal -0.939684 -0.342044 0
    outer loop
      vertex -18.1326 39.5856 79
      vertex -17.549 37.9823 65
      vertex -17.549 37.9823 79
    endloop
  endfacet
  facet normal 0 0 -1
    outer loop
      vertex -14.3648 39.4671 65
      vertex -11.5547 41.9797 65
      vertex -10.9712 40.3764 65
    endloop
  endfacet
  facet normal 0 0 -1
    outer loop
      vertex -18.1326 39.5856 65
      vertex -14.3648 39.4671 65
      vertex -17.549 37.9823 65
    endloop
  endfacet
  facet normal 0 0 -1
    outer loop
      vertex -14.3648 39.4671 65
      vertex -18.1326 39.5856 65
      vertex -11.5547 41.9797 65
    endloop
  endfacet
  facet normal 0.939703 0.341992 0
    outer loop
      vertex -10.9712 40.3764 115
      vertex -11.5547 41.9797 101
      vertex -11.5547 41.9797 115
    endloop
  endfacet
  facet normal 0.939703 0.341992 0
    outer loop
      vertex -11.5547 41.9797 101
      vertex -10.9712 40.3764 115
      vertex -10.9712 40.3764 101
    endloop
  endfacet
  facet normal 0 0 1
    outer loop
      vertex -11.5547 41.9797 115
      vertex -14.3648 39.4671 115
      vertex -10.9712 40.3764 115
    endloop
  endfacet
  facet normal -0 0 1
    outer loop
      vertex -18.1326 39.5856 115
      vertex -14.3648 39.4671 115
      vertex -11.5547 41.9797 115
    endloop
  endfacet
  facet normal 0 0 1
    outer loop
      vertex -14.3648 39.4671 115
      vertex -18.1326 39.5856 115
      vertex -17.549 37.9823 115
    endloop
  endfacet
  facet normal -0.342013 0.939695 0
    outer loop
      vertex -11.5547 41.9797 101
      vertex -18.1326 39.5856 115
      vertex -11.5547 41.9797 115
    endloop
  endfacet
  facet normal -0.342013 0.939695 0
    outer loop
      vertex -18.1326 39.5856 115
      vertex -11.5547 41.9797 101
      vertex -18.1326 39.5856 101
    endloop
  endfacet
  facet normal -0.939684 -0.342044 0
    outer loop
      vertex -17.549 37.9823 101
      vertex -18.1326 39.5856 115
      vertex -18.1326 39.5856 101
    endloop
  endfacet
  facet normal -0.939684 -0.342044 0
    outer loop
      vertex -18.1326 39.5856 115
      vertex -17.549 37.9823 101
      vertex -17.549 37.9823 115
    endloop
  endfacet
  facet normal 0 0 -1
    outer loop
      vertex -14.3648 39.4671 101
      vertex -11.5547 41.9797 101
      vertex -10.9712 40.3764 101
    endloop
  endfacet
  facet normal 0 0 -1
    outer loop
      vertex -18.1326 39.5856 101
      vertex -14.3648 39.4671 101
      vertex -17.549 37.9823 101
    endloop
  endfacet
  facet normal 0 0 -1
    outer loop
      vertex -14.3648 39.4671 101
      vertex -18.1326 39.5856 101
      vertex -11.5547 41.9797 101
    endloop
  endfacet
  facet normal 0.939703 0.341992 0
    outer loop
      vertex -10.9712 40.3764 147
      vertex -11.5547 41.9797 133
      vertex -11.5547 41.9797 147
    endloop
  endfacet
  facet normal 0.939703 0.341992 0
    outer loop
      vertex -11.5547 41.9797 133
      vertex -10.9712 40.3764 147
      vertex -10.9712 40.3764 133
    endloop
  endfacet
  facet normal 0 0 1
    outer loop
      vertex -11.5547 41.9797 147
      vertex -14.3648 39.4671 147
      vertex -10.9712 40.3764 147
    endloop
  endfacet
  facet normal -0 0 1
    outer loop
      vertex -18.1326 39.5856 147
      vertex -14.3648 39.4671 147
      vertex -11.5547 41.9797 147
    endloop
  endfacet
  facet normal 0 0 1
    outer loop
      vertex -14.3648 39.4671 147
      vertex -18.1326 39.5856 147
      vertex -17.549 37.9823 147
    endloop
  endfacet
  facet normal -0.342013 0.939695 0
    outer loop
      vertex -11.5547 41.9797 133
      vertex -18.1326 39.5856 147
      vertex -11.5547 41.9797 147
    endloop
  endfacet
  facet normal -0.342013 0.939695 0
    outer loop
      vertex -18.1326 39.5856 147
      vertex -11.5547 41.9797 133
      vertex -18.1326 39.5856 133
    endloop
  endfacet
  facet normal -0.939684 -0.342044 0
    outer loop
      vertex -17.549 37.9823 133
      vertex -18.1326 39.5856 147
      vertex -18.1326 39.5856 133
    endloop
  endfacet
  facet normal -0.939684 -0.342044 0
    outer loop
      vertex -18.1326 39.5856 147
      vertex -17.549 37.9823 133
      vertex -17.549 37.9823 147
    endloop
  endfacet
  facet normal 0 0 -1
    outer loop
      vertex -14.3648 39.4671 133
      vertex -11.5547 41.9797 133
      vertex -10.9712 40.3764 133
    endloop
  endfacet
  facet normal 0 0 -1
    outer loop
      vertex -18.1326 39.5856 133
      vertex -14.3648 39.4671 133
      vertex -17.549 37.9823 133
    endloop
  endfacet
  facet normal 0 0 -1
    outer loop
      vertex -14.3648 39.4671 133
      vertex -18.1326 39.5856 133
      vertex -11.5547 41.9797 133
    endloop
  endfacet
  facet normal 0.766045 0.642787 0
    outer loop
      vertex -24.1191 34.1891 43
      vertex -25.2158 35.4961 29
      vertex -25.2158 35.4961 43
    endloop
  endfacet
  facet normal 0.766045 0.642787 0
    outer loop
      vertex -25.2158 35.4961 29
      vertex -24.1191 34.1891 43
      vertex -24.1191 34.1891 29
    endloop
  endfacet
  facet normal 0 0 1
    outer loop
      vertex -25.2158 35.4961 43
      vertex -26.9971 32.1739 43
      vertex -24.1191 34.1891 43
    endloop
  endfacet
  facet normal 0 0 1
    outer loop
      vertex -30.5781 30.9966 43
      vertex -26.9971 32.1739 43
      vertex -25.2158 35.4961 43
    endloop
  endfacet
  facet normal 0 0 1
    outer loop
      vertex -26.9971 32.1739 43
      vertex -30.5781 30.9966 43
      vertex -29.4814 29.6895 43
    endloop
  endfacet
  facet normal -0.642787 0.766045 0
    outer loop
      vertex -25.2158 35.4961 29
      vertex -30.5781 30.9966 43
      vertex -25.2158 35.4961 43
    endloop
  endfacet
  facet normal -0.642787 0.766045 0
    outer loop
      vertex -30.5781 30.9966 43
      vertex -25.2158 35.4961 29
      vertex -30.5781 30.9966 29
    endloop
  endfacet
  facet normal -0.76607 -0.642758 0
    outer loop
      vertex -30.5781 30.9966 29
      vertex -29.4814 29.6895 30
      vertex -30.5781 30.9966 43
    endloop
  endfacet
  facet normal -0.766065 -0.642763 -1.14902e-05
    outer loop
      vertex -29.2926 29.4645 29
      vertex -29.4814 29.6895 30
      vertex -30.5781 30.9966 29
    endloop
  endfacet
  facet normal -0.76604 -0.642793 0
    outer loop
      vertex -29.4814 29.6895 30
      vertex -29.2926 29.4645 29
      vertex -29.2926 29.4645 30
    endloop
  endfacet
  facet normal -0.76607 -0.642758 0
    outer loop
      vertex -30.5781 30.9966 43
      vertex -29.4814 29.6895 30
      vertex -29.4814 29.6895 43
    endloop
  endfacet
  facet normal 0 0 -1
    outer loop
      vertex -30.5781 30.9966 29
      vertex -28 30.5491 29
      vertex -29.2926 29.4645 29
    endloop
  endfacet
  facet normal 0 0 -1
    outer loop
      vertex -26.9971 32.1739 29
      vertex -25.2158 35.4961 29
      vertex -24.1191 34.1891 29
    endloop
  endfacet
  facet normal 0 0 -1
    outer loop
      vertex -30.5781 30.9966 29
      vertex -26.9971 32.1739 29
      vertex -28 31.1709 29
    endloop
  endfacet
  facet normal 0 0 -1
    outer loop
      vertex -28 30.5491 29
      vertex -30.5781 30.9966 29
      vertex -28 31.1709 29
    endloop
  endfacet
  facet normal -0 0 -1
    outer loop
      vertex -26.9971 32.1739 29
      vertex -30.5781 30.9966 29
      vertex -25.2158 35.4961 29
    endloop
  endfacet
  facet normal 0.642781 -0.76605 0
    outer loop
      vertex -29.2926 29.4645 29
      vertex -28 30.5491 30
      vertex -29.2926 29.4645 30
    endloop
  endfacet
  facet normal 0.642781 -0.76605 0
    outer loop
      vertex -28 30.5491 30
      vertex -29.2926 29.4645 29
      vertex -28 30.5491 29
    endloop
  endfacet
  facet normal 0.766045 0.642787 0
    outer loop
      vertex -24.1191 34.1891 79
      vertex -25.2158 35.4961 65
      vertex -25.2158 35.4961 79
    endloop
  endfacet
  facet normal 0.766045 0.642787 0
    outer loop
      vertex -25.2158 35.4961 65
      vertex -24.1191 34.1891 79
      vertex -24.1191 34.1891 65
    endloop
  endfacet
  facet normal 0 0 1
    outer loop
      vertex -25.2158 35.4961 79
      vertex -26.9971 32.1739 79
      vertex -24.1191 34.1891 79
    endloop
  endfacet
  facet normal 0 0 1
    outer loop
      vertex -30.5781 30.9966 79
      vertex -26.9971 32.1739 79
      vertex -25.2158 35.4961 79
    endloop
  endfacet
  facet normal 0 0 1
    outer loop
      vertex -26.9971 32.1739 79
      vertex -30.5781 30.9966 79
      vertex -29.4814 29.6895 79
    endloop
  endfacet
  facet normal -0.642787 0.766045 0
    outer loop
      vertex -25.2158 35.4961 65
      vertex -30.5781 30.9966 79
      vertex -25.2158 35.4961 79
    endloop
  endfacet
  facet normal -0.642787 0.766045 0
    outer loop
      vertex -30.5781 30.9966 79
      vertex -25.2158 35.4961 65
      vertex -30.5781 30.9966 65
    endloop
  endfacet
  facet normal -0.76607 -0.642758 0
    outer loop
      vertex -29.4814 29.6895 65
      vertex -30.5781 30.9966 79
      vertex -30.5781 30.9966 65
    endloop
  endfacet
  facet normal -0.76607 -0.642758 0
    outer loop
      vertex -30.5781 30.9966 79
      vertex -29.4814 29.6895 65
      vertex -29.4814 29.6895 79
    endloop
  endfacet
  facet normal 0 0 -1
    outer loop
      vertex -26.9971 32.1739 65
      vertex -25.2158 35.4961 65
      vertex -24.1191 34.1891 65
    endloop
  endfacet
  facet normal 0 0 -1
    outer loop
      vertex -30.5781 30.9966 65
      vertex -26.9971 32.1739 65
      vertex -29.4814 29.6895 65
    endloop
  endfacet
  facet normal -0 0 -1
    outer loop
      vertex -26.9971 32.1739 65
      vertex -30.5781 30.9966 65
      vertex -25.2158 35.4961 65
    endloop
  endfacet
  facet normal 0.766045 0.642787 0
    outer loop
      vertex -24.1191 34.1891 115
      vertex -25.2158 35.4961 101
      vertex -25.2158 35.4961 115
    endloop
  endfacet
  facet normal 0.766045 0.642787 0
    outer loop
      vertex -25.2158 35.4961 101
      vertex -24.1191 34.1891 115
      vertex -24.1191 34.1891 101
    endloop
  endfacet
  facet normal 0 0 1
    outer loop
      vertex -25.2158 35.4961 115
      vertex -26.9971 32.1739 115
      vertex -24.1191 34.1891 115
    endloop
  endfacet
  facet normal 0 0 1
    outer loop
      vertex -30.5781 30.9966 115
      vertex -26.9971 32.1739 115
      vertex -25.2158 35.4961 115
    endloop
  endfacet
  facet normal 0 0 1
    outer loop
      vertex -26.9971 32.1739 115
      vertex -30.5781 30.9966 115
      vertex -29.4814 29.6895 115
    endloop
  endfacet
  facet normal -0.642787 0.766045 0
    outer loop
      vertex -25.2158 35.4961 101
      vertex -30.5781 30.9966 115
      vertex -25.2158 35.4961 115
    endloop
  endfacet
  facet normal -0.642787 0.766045 0
    outer loop
      vertex -30.5781 30.9966 115
      vertex -25.2158 35.4961 101
      vertex -30.5781 30.9966 101
    endloop
  endfacet
  facet normal -0.76607 -0.642758 0
    outer loop
      vertex -29.4814 29.6895 101
      vertex -30.5781 30.9966 115
      vertex -30.5781 30.9966 101
    endloop
  endfacet
  facet normal -0.76607 -0.642758 0
    outer loop
      vertex -30.5781 30.9966 115
      vertex -29.4814 29.6895 101
      vertex -29.4814 29.6895 115
    endloop
  endfacet
  facet normal 0 0 -1
    outer loop
      vertex -26.9971 32.1739 101
      vertex -25.2158 35.4961 101
      vertex -24.1191 34.1891 101
    endloop
  endfacet
  facet normal 0 0 -1
    outer loop
      vertex -30.5781 30.9966 101
      vertex -26.9971 32.1739 101
      vertex -29.4814 29.6895 101
    endloop
  endfacet
  facet normal -0 0 -1
    outer loop
      vertex -26.9971 32.1739 101
      vertex -30.5781 30.9966 101
      vertex -25.2158 35.4961 101
    endloop
  endfacet
  facet normal 0.766045 0.642787 0
    outer loop
      vertex -24.1191 34.1891 147
      vertex -25.2158 35.4961 133
      vertex -25.2158 35.4961 147
    endloop
  endfacet
  facet normal 0.766045 0.642787 0
    outer loop
      vertex -25.2158 35.4961 133
      vertex -24.1191 34.1891 147
      vertex -24.1191 34.1891 133
    endloop
  endfacet
  facet normal 0 0 1
    outer loop
      vertex -25.2158 35.4961 147
      vertex -26.9971 32.1739 147
      vertex -24.1191 34.1891 147
    endloop
  endfacet
  facet normal -0 0 1
    outer loop
      vertex -28.4987 32.7414 147
      vertex -26.9971 32.1739 147
      vertex -25.2158 35.4961 147
    endloop
  endfacet
  facet normal 0 0 1
    outer loop
      vertex -26.9971 32.1739 147
      vertex -28.4987 32.7414 147
      vertex -27.5772 31.8198 147
    endloop
  endfacet
  facet normal -0 0 1
    outer loop
      vertex -27.5772 31.8198 147
      vertex -28 31.1709 147
      vertex -26.9971 32.1739 147
    endloop
  endfacet
  facet normal 0 0 1
    outer loop
      vertex -29.5845 29.8124 147
      vertex -28 30.5491 147
      vertex -28 31.1709 147
    endloop
  endfacet
  facet normal 0 0 1
    outer loop
      vertex -29.5845 29.8124 147
      vertex -28 31.1709 147
      vertex -27.5772 31.8198 147
    endloop
  endfacet
  facet normal 0 0 1
    outer loop
      vertex -28 30.5491 147
      vertex -29.5845 29.8124 147
      vertex -29.2926 29.4645 147
    endloop
  endfacet
  facet normal -0.64279 0.766042 0
    outer loop
      vertex -25.2158 35.4961 147
      vertex -28.4987 32.7414 146
      vertex -28.4987 32.7414 147
    endloop
  endfacet
  facet normal -0.64279 0.766042 0
    outer loop
      vertex -25.2158 35.4961 133
      vertex -28.4987 32.7414 146
      vertex -25.2158 35.4961 147
    endloop
  endfacet
  facet normal -0.642787 0.766045 1.31055e-06
    outer loop
      vertex -30.5781 30.9966 133
      vertex -28.4987 32.7414 146
      vertex -25.2158 35.4961 133
    endloop
  endfacet
  facet normal -0.642782 0.766049 0
    outer loop
      vertex -28.4987 32.7414 146
      vertex -30.5781 30.9966 133
      vertex -30.5781 30.9966 146
    endloop
  endfacet
  facet normal -0.76607 -0.642758 0
    outer loop
      vertex -29.4814 29.6895 138
      vertex -30.5781 30.9966 146
      vertex -30.5781 30.9966 133
    endloop
  endfacet
  facet normal -0.76607 -0.642758 -0
    outer loop
      vertex -29.4814 29.6895 138
      vertex -30.5781 30.9966 133
      vertex -29.4814 29.6895 133
    endloop
  endfacet
  facet normal -0.766064 -0.642764 1.81295e-06
    outer loop
      vertex -30.5781 30.9966 146
      vertex -29.4814 29.6895 138
      vertex -29.5845 29.8124 146
    endloop
  endfacet
  facet normal -0.76604 -0.642793 2.56198e-06
    outer loop
      vertex -29.2926 29.4645 138
      vertex -29.5845 29.8124 146
      vertex -29.4814 29.6895 138
    endloop
  endfacet
  facet normal -0.766069 -0.642758 0
    outer loop
      vertex -29.5845 29.8124 146
      vertex -29.2926 29.4645 138
      vertex -29.2926 29.4645 147
    endloop
  endfacet
  facet normal -0.766069 -0.642758 0
    outer loop
      vertex -29.5845 29.8124 146
      vertex -29.2926 29.4645 147
      vertex -29.5845 29.8124 147
    endloop
  endfacet
  facet normal 0 0 -1
    outer loop
      vertex -26.9971 32.1739 133
      vertex -25.2158 35.4961 133
      vertex -24.1191 34.1891 133
    endloop
  endfacet
  facet normal 0 0 -1
    outer loop
      vertex -30.5781 30.9966 133
      vertex -26.9971 32.1739 133
      vertex -29.4814 29.6895 133
    endloop
  endfacet
  facet normal -0 0 -1
    outer loop
      vertex -26.9971 32.1739 133
      vertex -30.5781 30.9966 133
      vertex -25.2158 35.4961 133
    endloop
  endfacet
  facet normal 0.642781 -0.76605 0
    outer loop
      vertex -29.2926 29.4645 138
      vertex -28 30.5491 147
      vertex -29.2926 29.4645 147
    endloop
  endfacet
  facet normal 0.642781 -0.76605 0
    outer loop
      vertex -28 30.5491 147
      vertex -29.2926 29.4645 138
      vertex -28 30.5491 138
    endloop
  endfacet
  facet normal -1 0 0
    outer loop
      vertex -3 50 146
      vertex -3 48.7375 150
      vertex -3 50 162
    endloop
  endfacet
  facet normal -1 0 0
    outer loop
      vertex -3 43.4 147
      vertex -3 50 146
      vertex -3 43.4 146
    endloop
  endfacet
  facet normal -1 0 0
    outer loop
      vertex -3 50 146
      vertex -3 43.4 147
      vertex -3 48.7375 150
    endloop
  endfacet
  facet normal -1 0 0
    outer loop
      vertex -3 42 150
      vertex -3 43.4 147
      vertex -3 42 147
    endloop
  endfacet
  facet normal -1 0 0
    outer loop
      vertex -3 43.4 147
      vertex -3 42 150
      vertex -3 48.7375 150
    endloop
  endfacet
  facet normal -1 0 0
    outer loop
      vertex -3 48.7375 160
      vertex -3 50 162
      vertex -3 48.7375 150
    endloop
  endfacet
  facet normal -1 0 0
    outer loop
      vertex -3 42 162
      vertex -3 48.7375 160
      vertex -3 42 160
    endloop
  endfacet
  facet normal -1 0 0
    outer loop
      vertex -3 48.7375 160
      vertex -3 42 162
      vertex -3 50 162
    endloop
  endfacet
  facet normal 0 0 1
    outer loop
      vertex 3 50 162
      vertex 0 42 162
      vertex 3 42 162
    endloop
  endfacet
  facet normal -0 0 1
    outer loop
      vertex -3 50 162
      vertex 0 42 162
      vertex 3 50 162
    endloop
  endfacet
  facet normal 0 0 1
    outer loop
      vertex 0 42 162
      vertex -3 50 162
      vertex -3 42 162
    endloop
  endfacet
  facet normal 1 -0 0
    outer loop
      vertex 3 42 150
      vertex 3 43.4 147
      vertex 3 48.7375 150
    endloop
  endfacet
  facet normal 1 0 0
    outer loop
      vertex 3 43.4 147
      vertex 3 42 150
      vertex 3 42 147
    endloop
  endfacet
  facet normal 1 0 0
    outer loop
      vertex 3 48.7375 150
      vertex 3 50 162
      vertex 3 48.7375 160
    endloop
  endfacet
  facet normal 1 -0 0
    outer loop
      vertex 3 42 162
      vertex 3 48.7375 160
      vertex 3 50 162
    endloop
  endfacet
  facet normal 1 0 0
    outer loop
      vertex 3 48.7375 160
      vertex 3 42 162
      vertex 3 42 160
    endloop
  endfacet
  facet normal 1 0 0
    outer loop
      vertex 3 50 162
      vertex 3 48.7375 150
      vertex 3 50 146
    endloop
  endfacet
  facet normal 1 -0 0
    outer loop
      vertex 3 43.4 147
      vertex 3 50 146
      vertex 3 48.7375 150
    endloop
  endfacet
  facet normal 1 0 0
    outer loop
      vertex 3 50 146
      vertex 3 43.4 147
      vertex 3 43.4 146
    endloop
  endfacet
  facet normal 0 1 -0
    outer loop
      vertex 3 50 146
      vertex -3 50 162
      vertex 3 50 162
    endloop
  endfacet
  facet normal 0 1 0
    outer loop
      vertex -3 50 162
      vertex 3 50 146
      vertex -3 50 146
    endloop
  endfacet
  facet normal 0 0 -1
    outer loop
      vertex -3 43.4 146
      vertex 3 50 146
      vertex 3 43.4 146
    endloop
  endfacet
  facet normal -0 0 -1
    outer loop
      vertex 3 50 146
      vertex -3 43.4 146
      vertex -3 50 146
    endloop
  endfacet
  facet normal 0 -1 0
    outer loop
      vertex 0 42 160
      vertex 3 42 162
      vertex 0 42 162
    endloop
  endfacet
  facet normal 0 -1 -0
    outer loop
      vertex 3 42 162
      vertex 0 42 160
      vertex 3 42 160
    endloop
  endfacet
  facet normal 0 -1 0
    outer loop
      vertex -3 42 160
      vertex 0 42 162
      vertex -3 42 162
    endloop
  endfacet
  facet normal 0 -1 -0
    outer loop
      vertex 0 42 162
      vertex -3 42 160
      vertex 0 42 160
    endloop
  endfacet
  facet normal 0 -1 0
    outer loop
      vertex -3 42 147
      vertex 0 42 150
      vertex -3 42 150
    endloop
  endfacet
  facet normal 0 -1 -0
    outer loop
      vertex 0 42 150
      vertex -3 42 147
      vertex 0 42 147
    endloop
  endfacet
  facet normal 0 -1 0
    outer loop
      vertex 0 42 147
      vertex 3 42 150
      vertex 0 42 150
    endloop
  endfacet
  facet normal 0 -1 -0
    outer loop
      vertex 3 42 150
      vertex 0 42 147
      vertex 3 42 147
    endloop
  endfacet
  facet normal 0.707114 0.7071 0
    outer loop
      vertex -28 32.2426 150
      vertex -33.234 37.4767 146
      vertex -33.234 37.4767 162
    endloop
  endfacet
  facet normal 0.707114 0.7071 -0
    outer loop
      vertex -28 32.2426 150
      vertex -33.234 37.4767 162
      vertex -28 32.2426 160
    endloop
  endfacet
  facet normal 0.707113 0.707101 -2.6425e-06
    outer loop
      vertex -27.5772 31.8198 162
      vertex -28 32.2426 160
      vertex -33.234 37.4767 162
    endloop
  endfacet
  facet normal 0.707107 0.707107 0
    outer loop
      vertex -28 32.2426 160
      vertex -27.5772 31.8198 162
      vertex -27.5772 31.8198 160
    endloop
  endfacet
  facet normal 0.707107 0.707107 0
    outer loop
      vertex -33.234 37.4767 146
      vertex -28.4987 32.7414 147
      vertex -28.4987 32.7414 146
    endloop
  endfacet
  facet normal 0.707104 0.707109 2.44279e-05
    outer loop
      vertex -33.234 37.4767 146
      vertex -28 32.2426 150
      vertex -28.4987 32.7414 147
    endloop
  endfacet
  facet normal 0.707107 0.707107 -0
    outer loop
      vertex -27.5772 31.8198 147
      vertex -28 32.2426 150
      vertex -27.5772 31.8198 150
    endloop
  endfacet
  facet normal 0.707145 0.707068 1.08138e-05
    outer loop
      vertex -28 32.2426 150
      vertex -27.5772 31.8198 147
      vertex -28.4987 32.7414 147
    endloop
  endfacet
  facet normal 0 0 1
    outer loop
      vertex -33.234 37.4767 162
      vertex -31.8198 27.5772 162
      vertex -27.5772 31.8198 162
    endloop
  endfacet
  facet normal 0 0 1
    outer loop
      vertex -31.8198 27.5772 162
      vertex -33.234 37.4767 162
      vertex -37.4767 33.234 162
    endloop
  endfacet
  facet normal -0.707101 -0.707113 0
    outer loop
      vertex -31.8198 27.5772 146
      vertex -37.4767 33.234 162
      vertex -37.4767 33.234 146
    endloop
  endfacet
  facet normal -0.707101 -0.707113 0
    outer loop
      vertex -37.4767 33.234 162
      vertex -31.8198 27.5772 146
      vertex -31.8198 27.5772 162
    endloop
  endfacet
  facet normal -0 0 -1
    outer loop
      vertex -29.5845 29.8124 146
      vertex -31.8198 27.5772 146
      vertex -30.5781 30.9966 146
    endloop
  endfacet
  facet normal 0 0 -1
    outer loop
      vertex -30.5781 30.9966 146
      vertex -33.234 37.4767 146
      vertex -28.4987 32.7414 146
    endloop
  endfacet
  facet normal 0 0 -1
    outer loop
      vertex -37.4767 33.234 146
      vertex -30.5781 30.9966 146
      vertex -31.8198 27.5772 146
    endloop
  endfacet
  facet normal 0 0 -1
    outer loop
      vertex -30.5781 30.9966 146
      vertex -37.4767 33.234 146
      vertex -33.234 37.4767 146
    endloop
  endfacet
  facet normal 0.707107 -0.707107 0
    outer loop
      vertex -27.5772 31.8198 162
      vertex -28 31.397 160
      vertex -27.5772 31.8198 160
    endloop
  endfacet
  facet normal 0.707107 -0.707107 0
    outer loop
      vertex -31.8198 27.5772 162
      vertex -28 31.397 150
      vertex -28 31.397 160
    endloop
  endfacet
  facet normal 0.707107 -0.707107 1.18425e-15
    outer loop
      vertex -31.8198 27.5772 162
      vertex -28 31.397 160
      vertex -27.5772 31.8198 162
    endloop
  endfacet
  facet normal 0.707107 -0.707107 0
    outer loop
      vertex -31.8198 27.5772 146
      vertex -28 31.397 150
      vertex -31.8198 27.5772 162
    endloop
  endfacet
  facet normal 0.707079 -0.707134 5.27417e-05
    outer loop
      vertex -28 31.397 150
      vertex -31.8198 27.5772 146
      vertex -29.5845 29.8124 147
    endloop
  endfacet
  facet normal 0.707091 -0.707123 0
    outer loop
      vertex -29.5845 29.8124 147
      vertex -31.8198 27.5772 146
      vertex -29.5845 29.8124 146
    endloop
  endfacet
  facet normal 0.707107 -0.707107 0
    outer loop
      vertex -28 31.397 150
      vertex -27.5772 31.8198 147
      vertex -27.5772 31.8198 150
    endloop
  endfacet
  facet normal 0.707124 -0.707089 4.9645e-06
    outer loop
      vertex -27.5772 31.8198 147
      vertex -28 31.397 150
      vertex -29.5845 29.8124 147
    endloop
  endfacet
  facet normal -0.707107 0.707107 0
    outer loop
      vertex -37.4767 33.234 146
      vertex -33.234 37.4767 162
      vertex -33.234 37.4767 146
    endloop
  endfacet
  facet normal -0.707107 0.707107 0
    outer loop
      vertex -33.234 37.4767 162
      vertex -37.4767 33.234 146
      vertex -37.4767 33.234 162
    endloop
  endfacet
  facet normal 0 1 0
    outer loop
      vertex -48.7375 3 160
      vertex -42 3 162
      vertex -42.4 3 160
    endloop
  endfacet
  facet normal 0 1 0
    outer loop
      vertex -42 3 162
      vertex -42.4 3 150
      vertex -42.4 3 160
    endloop
  endfacet
  facet normal 0 1 0
    outer loop
      vertex -42.4 3 150
      vertex -42 3 146
      vertex -48.7375 3 150
    endloop
  endfacet
  facet normal 0 1 -0
    outer loop
      vertex -42 3 146
      vertex -42.4 3 150
      vertex -42 3 162
    endloop
  endfacet
  facet normal 0 1 0
    outer loop
      vertex -42 3 162
      vertex -48.7375 3 160
      vertex -50 3 162
    endloop
  endfacet
  facet normal 0 1 -0
    outer loop
      vertex -48.7375 3 150
      vertex -50 3 162
      vertex -48.7375 3 160
    endloop
  endfacet
  facet normal 0 1 0
    outer loop
      vertex -48.7375 3 150
      vertex -50 3 146
      vertex -50 3 162
    endloop
  endfacet
  facet normal 0 1 0
    outer loop
      vertex -50 3 146
      vertex -48.7375 3 150
      vertex -42 3 146
    endloop
  endfacet
  facet normal -0 0 1
    outer loop
      vertex -50 3 162
      vertex -42 -3 162
      vertex -42 3 162
    endloop
  endfacet
  facet normal 0 0 1
    outer loop
      vertex -42 -3 162
      vertex -50 3 162
      vertex -50 -3 162
    endloop
  endfacet
  facet normal -1 0 0
    outer loop
      vertex -50 -3 146
      vertex -50 3 162
      vertex -50 3 146
    endloop
  endfacet
  facet normal -1 -0 0
    outer loop
      vertex -50 3 162
      vertex -50 -3 146
      vertex -50 -3 162
    endloop
  endfacet
  facet normal 0 -1 0
    outer loop
      vertex -50 -3 162
      vertex -48.7375 -3 160
      vertex -42 -3 162
    endloop
  endfacet
  facet normal 0 -1 0
    outer loop
      vertex -50 -3 162
      vertex -48.7375 -3 150
      vertex -48.7375 -3 160
    endloop
  endfacet
  facet normal 0 -1 0
    outer loop
      vertex -42 -3 146
      vertex -48.7375 -3 150
      vertex -50 -3 146
    endloop
  endfacet
  facet normal 0 -1 0
    outer loop
      vertex -50 -3 146
      vertex -48.7375 -3 150
      vertex -50 -3 162
    endloop
  endfacet
  facet normal 0 -1 0
    outer loop
      vertex -42.4 -3 160
      vertex -42 -3 162
      vertex -48.7375 -3 160
    endloop
  endfacet
  facet normal 0 -1 0
    outer loop
      vertex -42.4 -3 150
      vertex -42 -3 162
      vertex -42.4 -3 160
    endloop
  endfacet
  facet normal 0 -1 0
    outer loop
      vertex -42.4 -3 150
      vertex -42 -3 146
      vertex -42 -3 162
    endloop
  endfacet
  facet normal 0 -1 0
    outer loop
      vertex -48.7375 -3 150
      vertex -42 -3 146
      vertex -42.4 -3 150
    endloop
  endfacet
  facet normal 0 0 -1
    outer loop
      vertex -50 -3 146
      vertex -42 3 146
      vertex -42 -3 146
    endloop
  endfacet
  facet normal -0 0 -1
    outer loop
      vertex -42 3 146
      vertex -50 -3 146
      vertex -50 3 146
    endloop
  endfacet
  facet normal 1 -0 0
    outer loop
      vertex -42 -3 162
      vertex -42 3 146
      vertex -42 3 162
    endloop
  endfacet
  facet normal 1 0 0
    outer loop
      vertex -42 3 146
      vertex -42 -3 162
      vertex -42 -3 146
    endloop
  endfacet
  facet normal 0 0 1
    outer loop
      vertex -31.8198 -27.5772 162
      vertex -33.234 -37.4767 162
      vertex -27.5772 -31.8198 162
    endloop
  endfacet
  facet normal 0 -0 1
    outer loop
      vertex -33.234 -37.4767 162
      vertex -31.8198 -27.5772 162
      vertex -37.4767 -33.234 162
    endloop
  endfacet
  facet normal -0.707101 0.707113 0
    outer loop
      vertex -37.4767 -33.234 146
      vertex -31.8198 -27.5772 162
      vertex -31.8198 -27.5772 146
    endloop
  endfacet
  facet normal -0.707101 0.707113 0
    outer loop
      vertex -31.8198 -27.5772 162
      vertex -37.4767 -33.234 146
      vertex -37.4767 -33.234 162
    endloop
  endfacet
  facet normal 0.707107 0.707107 -0
    outer loop
      vertex -28 -31.397 150
      vertex -31.8198 -27.5772 162
      vertex -28 -31.397 160
    endloop
  endfacet
  facet normal 0.707107 0.707107 1.25826e-15
    outer loop
      vertex -27.5772 -31.8198 162
      vertex -28 -31.397 160
      vertex -31.8198 -27.5772 162
    endloop
  endfacet
  facet normal 0.707107 0.707107 0
    outer loop
      vertex -28 -31.397 160
      vertex -27.5772 -31.8198 162
      vertex -27.5772 -31.8198 160
    endloop
  endfacet
  facet normal 0.707107 0.707107 0
    outer loop
      vertex -31.8198 -27.5772 162
      vertex -28 -31.397 150
      vertex -31.8198 -27.5772 146
    endloop
  endfacet
  facet normal 0.707107 0.707107 -0
    outer loop
      vertex -27.5772 -31.8198 146
      vertex -28 -31.397 150
      vertex -27.5772 -31.8198 150
    endloop
  endfacet
  facet normal 0.707107 0.707107 -6.29132e-16
    outer loop
      vertex -28 -31.397 150
      vertex -27.5772 -31.8198 146
      vertex -31.8198 -27.5772 146
    endloop
  endfacet
  facet normal 0.707107 -0.707107 0
    outer loop
      vertex -27.5772 -31.8198 162
      vertex -28 -32.2426 160
      vertex -27.5772 -31.8198 160
    endloop
  endfacet
  facet normal 0.707114 -0.7071 0
    outer loop
      vertex -28 -32.2426 160
      vertex -33.234 -37.4767 162
      vertex -28 -32.2426 150
    endloop
  endfacet
  facet normal 0.707113 -0.707101 -2.6425e-06
    outer loop
      vertex -33.234 -37.4767 162
      vertex -28 -32.2426 160
      vertex -27.5772 -31.8198 162
    endloop
  endfacet
  facet normal 0.707107 -0.707107 0
    outer loop
      vertex -28 -32.2426 150
      vertex -27.5772 -31.8198 146
      vertex -27.5772 -31.8198 150
    endloop
  endfacet
  facet normal 0.707114 -0.7071 0
    outer loop
      vertex -33.234 -37.4767 146
      vertex -28 -32.2426 150
      vertex -33.234 -37.4767 162
    endloop
  endfacet
  facet normal 0.707113 -0.707101 1.32125e-06
    outer loop
      vertex -28 -32.2426 150
      vertex -33.234 -37.4767 146
      vertex -27.5772 -31.8198 146
    endloop
  endfacet
  facet normal 0 0 -1
    outer loop
      vertex -33.234 -37.4767 146
      vertex -31.8198 -27.5772 146
      vertex -27.5772 -31.8198 146
    endloop
  endfacet
  facet normal 0 0 -1
    outer loop
      vertex -31.8198 -27.5772 146
      vertex -33.234 -37.4767 146
      vertex -37.4767 -33.234 146
    endloop
  endfacet
  facet normal -0.707107 -0.707107 0
    outer loop
      vertex -33.234 -37.4767 146
      vertex -37.4767 -33.234 162
      vertex -37.4767 -33.234 146
    endloop
  endfacet
  facet normal -0.707107 -0.707107 0
    outer loop
      vertex -37.4767 -33.234 162
      vertex -33.234 -37.4767 146
      vertex -33.234 -37.4767 162
    endloop
  endfacet
  facet normal -0 0 1
    outer loop
      vertex 0 -42 162
      vertex 3 -50 162
      vertex 3 -42 162
    endloop
  endfacet
  facet normal 0 0 1
    outer loop
      vertex -3 -50 162
      vertex 0 -42 162
      vertex -3 -42 162
    endloop
  endfacet
  facet normal 0 0 1
    outer loop
      vertex 0 -42 162
      vertex -3 -50 162
      vertex 3 -50 162
    endloop
  endfacet
  facet normal -1 0 0
    outer loop
      vertex -3 -42 146
      vertex -3 -48.7375 150
      vertex -3 -42 150
    endloop
  endfacet
  facet normal -1 0 0
    outer loop
      vertex -3 -50 162
      vertex -3 -48.7375 150
      vertex -3 -50 146
    endloop
  endfacet
  facet normal -1 0 0
    outer loop
      vertex -3 -50 146
      vertex -3 -48.7375 150
      vertex -3 -42 146
    endloop
  endfacet
  facet normal -1 0 0
    outer loop
      vertex -3 -48.7375 160
      vertex -3 -42 162
      vertex -3 -42 160
    endloop
  endfacet
  facet normal -1 0 0
    outer loop
      vertex -3 -48.7375 160
      vertex -3 -50 162
      vertex -3 -42 162
    endloop
  endfacet
  facet normal -1 0 0
    outer loop
      vertex -3 -48.7375 150
      vertex -3 -50 162
      vertex -3 -48.7375 160
    endloop
  endfacet
  facet normal 0 1 -0
    outer loop
      vertex 0 -42 160
      vertex -3 -42 162
      vertex 0 -42 162
    endloop
  endfacet
  facet normal 0 1 0
    outer loop
      vertex -3 -42 162
      vertex 0 -42 160
      vertex -3 -42 160
    endloop
  endfacet
  facet normal 0 1 -0
    outer loop
      vertex 3 -42 146
      vertex 0 -42 150
      vertex 3 -42 150
    endloop
  endfacet
  facet normal 0 1 0
    outer loop
      vertex 0 -42 150
      vertex 3 -42 146
      vertex 0 -42 146
    endloop
  endfacet
  facet normal 0 1 -0
    outer loop
      vertex 3 -42 160
      vertex 0 -42 162
      vertex 3 -42 162
    endloop
  endfacet
  facet normal 0 1 0
    outer loop
      vertex 0 -42 162
      vertex 3 -42 160
      vertex 0 -42 160
    endloop
  endfacet
  facet normal 0 1 -0
    outer loop
      vertex 0 -42 146
      vertex -3 -42 150
      vertex 0 -42 150
    endloop
  endfacet
  facet normal 0 1 0
    outer loop
      vertex -3 -42 150
      vertex 0 -42 146
      vertex -3 -42 146
    endloop
  endfacet
  facet normal 1 0 0
    outer loop
      vertex 3 -42 162
      vertex 3 -48.7375 160
      vertex 3 -42 160
    endloop
  endfacet
  facet normal 1 0 0
    outer loop
      vertex 3 -48.7375 160
      vertex 3 -50 162
      vertex 3 -48.7375 150
    endloop
  endfacet
  facet normal 1 -0 0
    outer loop
      vertex 3 -50 162
      vertex 3 -48.7375 160
      vertex 3 -42 162
    endloop
  endfacet
  facet normal 1 -0 0
    outer loop
      vertex 3 -48.7375 150
      vertex 3 -42 146
      vertex 3 -42 150
    endloop
  endfacet
  facet normal 1 0 0
    outer loop
      vertex 3 -48.7375 150
      vertex 3 -50 146
      vertex 3 -42 146
    endloop
  endfacet
  facet normal 1 0 0
    outer loop
      vertex 3 -50 146
      vertex 3 -48.7375 150
      vertex 3 -50 162
    endloop
  endfacet
  facet normal 0 0 -1
    outer loop
      vertex 3 -50 146
      vertex 0 -42 146
      vertex 3 -42 146
    endloop
  endfacet
  facet normal 0 0 -1
    outer loop
      vertex -3 -50 146
      vertex 0 -42 146
      vertex 3 -50 146
    endloop
  endfacet
  facet normal -0 0 -1
    outer loop
      vertex 0 -42 146
      vertex -3 -50 146
      vertex -3 -42 146
    endloop
  endfacet
  facet normal 0 -1 0
    outer loop
      vertex -3 -50 146
      vertex 3 -50 162
      vertex -3 -50 162
    endloop
  endfacet
  facet normal 0 -1 -0
    outer loop
      vertex 3 -50 162
      vertex -3 -50 146
      vertex 3 -50 146
    endloop
  endfacet
  facet normal 0 0 1
    outer loop
      vertex 31.8198 -27.5772 162
      vertex 33.234 -37.4767 162
      vertex 37.4767 -33.234 162
    endloop
  endfacet
  facet normal 0 0 1
    outer loop
      vertex 33.234 -37.4767 162
      vertex 31.8198 -27.5772 162
      vertex 27.5772 -31.8198 162
    endloop
  endfacet
  facet normal 0.707101 0.707113 0
    outer loop
      vertex 37.4767 -33.234 162
      vertex 31.8198 -27.5772 146
      vertex 31.8198 -27.5772 162
    endloop
  endfacet
  facet normal 0.707101 0.707113 0
    outer loop
      vertex 31.8198 -27.5772 146
      vertex 37.4767 -33.234 162
      vertex 37.4767 -33.234 146
    endloop
  endfacet
  facet normal -0.707107 -0.707107 0
    outer loop
      vertex 27.5772 -31.8198 146
      vertex 28 -32.2426 150
      vertex 27.5772 -31.8198 150
    endloop
  endfacet
  facet normal -0.707114 -0.7071 -0
    outer loop
      vertex 33.234 -37.4767 162
      vertex 28 -32.2426 150
      vertex 33.234 -37.4767 146
    endloop
  endfacet
  facet normal -0.707113 -0.707101 1.32125e-06
    outer loop
      vertex 33.234 -37.4767 146
      vertex 28 -32.2426 150
      vertex 27.5772 -31.8198 146
    endloop
  endfacet
  facet normal -0.707107 -0.707107 0
    outer loop
      vertex 28 -32.2426 160
      vertex 27.5772 -31.8198 162
      vertex 27.5772 -31.8198 160
    endloop
  endfacet
  facet normal -0.707114 -0.7071 0
    outer loop
      vertex 28 -32.2426 150
      vertex 33.234 -37.4767 162
      vertex 28 -32.2426 160
    endloop
  endfacet
  facet normal -0.707113 -0.707101 -2.6425e-06
    outer loop
      vertex 28 -32.2426 160
      vertex 33.234 -37.4767 162
      vertex 27.5772 -31.8198 162
    endloop
  endfacet
  facet normal -0.707107 0.707107 0
    outer loop
      vertex 31.8198 -27.5772 146
      vertex 28 -31.397 150
      vertex 31.8198 -27.5772 162
    endloop
  endfacet
  facet normal -0.707107 0.707107 -6.29132e-16
    outer loop
      vertex 27.5772 -31.8198 146
      vertex 28 -31.397 150
      vertex 31.8198 -27.5772 146
    endloop
  endfacet
  facet normal -0.707107 0.707107 0
    outer loop
      vertex 28 -31.397 150
      vertex 27.5772 -31.8198 146
      vertex 27.5772 -31.8198 150
    endloop
  endfacet
  facet normal -0.707107 0.707107 0
    outer loop
      vertex 28 -31.397 160
      vertex 31.8198 -27.5772 162
      vertex 28 -31.397 150
    endloop
  endfacet
  facet normal -0.707107 0.707107 0
    outer loop
      vertex 27.5772 -31.8198 162
      vertex 28 -31.397 160
      vertex 27.5772 -31.8198 160
    endloop
  endfacet
  facet normal -0.707107 0.707107 1.25826e-15
    outer loop
      vertex 28 -31.397 160
      vertex 27.5772 -31.8198 162
      vertex 31.8198 -27.5772 162
    endloop
  endfacet
  facet normal 0 0 -1
    outer loop
      vertex 33.234 -37.4767 146
      vertex 31.8198 -27.5772 146
      vertex 37.4767 -33.234 146
    endloop
  endfacet
  facet normal 0 -0 -1
    outer loop
      vertex 31.8198 -27.5772 146
      vertex 33.234 -37.4767 146
      vertex 27.5772 -31.8198 146
    endloop
  endfacet
  facet normal 0.707107 -0.707107 0
    outer loop
      vertex 33.234 -37.4767 162
      vertex 37.4767 -33.234 146
      vertex 37.4767 -33.234 162
    endloop
  endfacet
  facet normal 0.707107 -0.707107 0
    outer loop
      vertex 37.4767 -33.234 146
      vertex 33.234 -37.4767 162
      vertex 33.234 -37.4767 146
    endloop
  endfacet
  facet normal -0 0 1
    outer loop
      vertex 42 3 162
      vertex 50 -3 162
      vertex 50 3 162
    endloop
  endfacet
  facet normal 0 0 1
    outer loop
      vertex 50 -3 162
      vertex 42 3 162
      vertex 42 -3 162
    endloop
  endfacet
  facet normal 0 1 0
    outer loop
      vertex 50 3 162
      vertex 48.7375 3 160
      vertex 42 3 162
    endloop
  endfacet
  facet normal 0 1 0
    outer loop
      vertex 50 3 162
      vertex 48.7375 3 150
      vertex 48.7375 3 160
    endloop
  endfacet
  facet normal 0 1 0
    outer loop
      vertex 42 3 146
      vertex 48.7375 3 150
      vertex 50 3 146
    endloop
  endfacet
  facet normal 0 1 -0
    outer loop
      vertex 50 3 146
      vertex 48.7375 3 150
      vertex 50 3 162
    endloop
  endfacet
  facet normal 0 1 -0
    outer loop
      vertex 42.4 3 160
      vertex 42 3 162
      vertex 48.7375 3 160
    endloop
  endfacet
  facet normal 0 1 -0
    outer loop
      vertex 42.4 3 150
      vertex 42 3 162
      vertex 42.4 3 160
    endloop
  endfacet
  facet normal 0 1 0
    outer loop
      vertex 42.4 3 150
      vertex 42 3 146
      vertex 42 3 162
    endloop
  endfacet
  facet normal 0 1 0
    outer loop
      vertex 48.7375 3 150
      vertex 42 3 146
      vertex 42.4 3 150
    endloop
  endfacet
  facet normal 0 -1 0
    outer loop
      vertex 48.7375 -3 160
      vertex 42 -3 162
      vertex 42.4 -3 160
    endloop
  endfacet
  facet normal 0 -1 0
    outer loop
      vertex 42 -3 162
      vertex 42.4 -3 150
      vertex 42.4 -3 160
    endloop
  endfacet
  facet normal 0 -1 -0
    outer loop
      vertex 42.4 -3 150
      vertex 42 -3 146
      vertex 48.7375 -3 150
    endloop
  endfacet
  facet normal 0 -1 0
    outer loop
      vertex 42 -3 146
      vertex 42.4 -3 150
      vertex 42 -3 162
    endloop
  endfacet
  facet normal 0 -1 0
    outer loop
      vertex 42 -3 162
      vertex 48.7375 -3 160
      vertex 50 -3 162
    endloop
  endfacet
  facet normal 0 -1 0
    outer loop
      vertex 48.7375 -3 150
      vertex 50 -3 162
      vertex 48.7375 -3 160
    endloop
  endfacet
  facet normal 0 -1 0
    outer loop
      vertex 48.7375 -3 150
      vertex 50 -3 146
      vertex 50 -3 162
    endloop
  endfacet
  facet normal 0 -1 0
    outer loop
      vertex 50 -3 146
      vertex 48.7375 -3 150
      vertex 42 -3 146
    endloop
  endfacet
  facet normal -1 0 0
    outer loop
      vertex 42 -3 146
      vertex 42 3 162
      vertex 42 3 146
    endloop
  endfacet
  facet normal -1 -0 0
    outer loop
      vertex 42 3 162
      vertex 42 -3 146
      vertex 42 -3 162
    endloop
  endfacet
  facet normal 0 0 -1
    outer loop
      vertex 42 -3 146
      vertex 50 3 146
      vertex 50 -3 146
    endloop
  endfacet
  facet normal -0 0 -1
    outer loop
      vertex 50 3 146
      vertex 42 -3 146
      vertex 42 3 146
    endloop
  endfacet
  facet normal 1 -0 0
    outer loop
      vertex 50 -3 162
      vertex 50 3 146
      vertex 50 3 162
    endloop
  endfacet
  facet normal 1 0 0
    outer loop
      vertex 50 3 146
      vertex 50 -3 162
      vertex 50 -3 146
    endloop
  endfacet
  facet normal -0.707145 0.707068 1.08138e-05
    outer loop
      vertex 27.5772 31.8198 147
      vertex 28 32.2426 150
      vertex 28.4987 32.7414 147
    endloop
  endfacet
  facet normal -0.707107 0.707107 0
    outer loop
      vertex 28 32.2426 150
      vertex 27.5772 31.8198 147
      vertex 27.5772 31.8198 150
    endloop
  endfacet
  facet normal -0.707107 0.707107 0
    outer loop
      vertex 28.4987 32.7414 147
      vertex 33.234 37.4767 146
      vertex 28.4987 32.7414 146
    endloop
  endfacet
  facet normal -0.707104 0.707109 2.44279e-05
    outer loop
      vertex 28 32.2426 150
      vertex 33.234 37.4767 146
      vertex 28.4987 32.7414 147
    endloop
  endfacet
  facet normal -0.707114 0.7071 0
    outer loop
      vertex 33.234 37.4767 146
      vertex 28 32.2426 150
      vertex 33.234 37.4767 162
    endloop
  endfacet
  facet normal -0.707114 0.7071 0
    outer loop
      vertex 28 32.2426 160
      vertex 33.234 37.4767 162
      vertex 28 32.2426 150
    endloop
  endfacet
  facet normal -0.707107 0.707107 0
    outer loop
      vertex 27.5772 31.8198 162
      vertex 28 32.2426 160
      vertex 27.5772 31.8198 160
    endloop
  endfacet
  facet normal -0.707113 0.707101 -2.6425e-06
    outer loop
      vertex 28 32.2426 160
      vertex 27.5772 31.8198 162
      vertex 33.234 37.4767 162
    endloop
  endfacet
  facet normal 0 0 1
    outer loop
      vertex 33.234 37.4767 162
      vertex 31.8198 27.5772 162
      vertex 37.4767 33.234 162
    endloop
  endfacet
  facet normal 0 -0 1
    outer loop
      vertex 31.8198 27.5772 162
      vertex 33.234 37.4767 162
      vertex 27.5772 31.8198 162
    endloop
  endfacet
  facet normal 0.707101 -0.707113 0
    outer loop
      vertex 31.8198 27.5772 162
      vertex 37.4767 33.234 146
      vertex 37.4767 33.234 162
    endloop
  endfacet
  facet normal 0.707101 -0.707113 0
    outer loop
      vertex 37.4767 33.234 146
      vertex 31.8198 27.5772 162
      vertex 31.8198 27.5772 146
    endloop
  endfacet
  facet normal 0.707107 0.707107 0
    outer loop
      vertex 37.4767 33.234 162
      vertex 33.234 37.4767 146
      vertex 33.234 37.4767 162
    endloop
  endfacet
  facet normal 0.707107 0.707107 0
    outer loop
      vertex 33.234 37.4767 146
      vertex 37.4767 33.234 162
      vertex 37.4767 33.234 146
    endloop
  endfacet
  facet normal 0 0 -1
    outer loop
      vertex 31.8198 27.5772 146
      vertex 29.5845 29.8124 146
      vertex 30.5781 30.9966 146
    endloop
  endfacet
  facet normal 0 0 -1
    outer loop
      vertex 30.5781 30.9966 146
      vertex 37.4767 33.234 146
      vertex 31.8198 27.5772 146
    endloop
  endfacet
  facet normal -0 0 -1
    outer loop
      vertex 37.4767 33.234 146
      vertex 30.5781 30.9966 146
      vertex 33.234 37.4767 146
    endloop
  endfacet
  facet normal 0 0 -1
    outer loop
      vertex 33.234 37.4767 146
      vertex 30.5781 30.9966 146
      vertex 28.4987 32.7414 146
    endloop
  endfacet
  facet normal -0.707091 -0.707123 0
    outer loop
      vertex 29.5845 29.8124 146
      vertex 31.8198 27.5772 146
      vertex 29.5845 29.8124 147
    endloop
  endfacet
  facet normal -0.707107 -0.707107 0
    outer loop
      vertex 27.5772 31.8198 147
      vertex 28 31.397 150
      vertex 27.5772 31.8198 150
    endloop
  endfacet
  facet normal -0.707079 -0.707134 5.27417e-05
    outer loop
      vertex 31.8198 27.5772 146
      vertex 28 31.397 150
      vertex 29.5845 29.8124 147
    endloop
  endfacet
  facet normal -0.707124 -0.707089 4.9645e-06
    outer loop
      vertex 29.5845 29.8124 147
      vertex 28 31.397 150
      vertex 27.5772 31.8198 147
    endloop
  endfacet
  facet normal -0.707107 -0.707107 0
    outer loop
      vertex 28 31.397 160
      vertex 27.5772 31.8198 162
      vertex 27.5772 31.8198 160
    endloop
  endfacet
  facet normal -0.707107 -0.707107 0
    outer loop
      vertex 28 31.397 150
      vertex 31.8198 27.5772 146
      vertex 31.8198 27.5772 162
    endloop
  endfacet
  facet normal -0.707107 -0.707107 0
    outer loop
      vertex 28 31.397 150
      vertex 31.8198 27.5772 162
      vertex 28 31.397 160
    endloop
  endfacet
  facet normal -0.707107 -0.707107 1.25826e-15
    outer loop
      vertex 28 31.397 160
      vertex 31.8198 27.5772 162
      vertex 27.5772 31.8198 162
    endloop
  endfacet
  facet normal 0.754862 0.0850388 0.650347
    outer loop
      vertex 46 0 168
      vertex 2.26657 0.25013 218.729
      vertex 2.31801 0 218.702
    endloop
  endfacet
  facet normal 0.754862 0.085051 0.650346
    outer loop
      vertex 2.26657 0.25013 218.729
      vertex 46 0 168
      vertex 44.8467 10.236 168
    endloop
  endfacet
  facet normal -0.754862 0.085051 0.650346
    outer loop
      vertex -46 0 168
      vertex -2.26657 0.25013 218.729
      vertex -44.8467 10.236 168
    endloop
  endfacet
  facet normal -0.754862 0.0850388 0.650347
    outer loop
      vertex -2.26657 0.25013 218.729
      vertex -46 0 168
      vertex -2.31801 0 218.702
    endloop
  endfacet
  facet normal 0.250265 -0.717196 0.650383
    outer loop
      vertex 10.236 -44.8467 168
      vertex 0.995477 -2.06713 218.73
      vertex 0.755503 -2.13908 218.743
    endloop
  endfacet
  facet normal 0.250892 -0.717013 0.650343
    outer loop
      vertex 0.995477 -2.06713 218.73
      vertex 10.236 -44.8467 168
      vertex 19.9587 -41.4446 168
    endloop
  endfacet
  facet normal 0.200383 -0.979666 -0.0100375
    outer loop
      vertex -0.25013 2.26657 218.729
      vertex -0.50535 2.21408 218.757
      vertex -0.425866 2.23043 218.748
    endloop
  endfacet
  facet normal -0.0839446 0.755042 0.65028
    outer loop
      vertex -0.50535 2.21408 218.757
      vertex -0.25013 2.26657 218.729
      vertex -10.236 44.8467 168
    endloop
  endfacet
  facet normal 0.085051 0.754862 0.650346
    outer loop
      vertex 0 46 168
      vertex 0.25013 2.26657 218.729
      vertex 10.236 44.8467 168
    endloop
  endfacet
  facet normal 0.0850388 0.754862 0.650347
    outer loop
      vertex 0.25013 2.26657 218.729
      vertex 0 46 168
      vertex 0 2.31801 218.702
    endloop
  endfacet
  facet normal -0.979666 0.200383 -0.0100375
    outer loop
      vertex 2.21408 -0.50535 218.757
      vertex 2.26657 -0.25013 218.729
      vertex 2.23043 -0.425866 218.748
    endloop
  endfacet
  facet normal 0.755042 -0.0839446 0.65028
    outer loop
      vertex 2.26657 -0.25013 218.729
      vertex 2.21408 -0.50535 218.757
      vertex 44.8467 -10.236 168
    endloop
  endfacet
  facet normal -0.646055 0.400075 0.650041
    outer loop
      vertex -35.9642 28.6805 168
      vertex -2.00293 1.15639 218.693
      vertex -1.94879 1.22107 218.707
    endloop
  endfacet
  facet normal -0.6432 0.404159 0.650346
    outer loop
      vertex -41.4446 19.9587 168
      vertex -2.00293 1.15639 218.693
      vertex -35.9642 28.6805 168
    endloop
  endfacet
  facet normal -0.642292 0.405772 0.650238
    outer loop
      vertex -2.00293 1.15639 218.693
      vertex -41.4446 19.9587 168
      vertex -2.06713 0.995477 218.73
    endloop
  endfacet
  facet normal 0.537147 0.537147 0.650343
    outer loop
      vertex 28.6805 35.9642 168
      vertex 1.7816 1.42078 218.748
      vertex 35.9642 28.6805 168
    endloop
  endfacet
  facet normal 0.537147 0.537147 0.650343
    outer loop
      vertex 1.7816 1.42078 218.748
      vertex 28.6805 35.9642 168
      vertex 1.42078 1.7816 218.748
    endloop
  endfacet
  facet normal -0.642856 -0.404655 0.650376
    outer loop
      vertex -1.94879 -1.22107 218.707
      vertex -35.9642 -28.6805 168
      vertex -1.7816 -1.42078 218.748
    endloop
  endfacet
  facet normal -0.537147 -0.537147 0.650343
    outer loop
      vertex -1.7816 -1.42078 218.748
      vertex -28.6805 -35.9642 168
      vertex -1.42078 -1.7816 218.748
    endloop
  endfacet
  facet normal -0.537147 -0.537147 0.650343
    outer loop
      vertex -28.6805 -35.9642 168
      vertex -1.7816 -1.42078 218.748
      vertex -35.9642 -28.6805 168
    endloop
  endfacet
  facet normal 0.400075 -0.646055 0.650041
    outer loop
      vertex 1.15639 -2.00293 218.693
      vertex 28.6805 -35.9642 168
      vertex 1.22107 -1.94879 218.707
    endloop
  endfacet
  facet normal 0.404159 -0.6432 0.650346
    outer loop
      vertex 28.6805 -35.9642 168
      vertex 1.15639 -2.00293 218.693
      vertex 19.9587 -41.4446 168
    endloop
  endfacet
  facet normal 0.405772 -0.642292 0.650238
    outer loop
      vertex 19.9587 -41.4446 168
      vertex 1.15639 -2.00293 218.693
      vertex 0.995477 -2.06713 218.73
    endloop
  endfacet
  facet normal -0.251329 0.716883 0.650318
    outer loop
      vertex -0.50535 2.21408 218.757
      vertex -10.236 44.8467 168
      vertex -0.755503 2.13908 218.743
    endloop
  endfacet
  facet normal -0.405772 0.642292 0.650238
    outer loop
      vertex -19.9587 41.4446 168
      vertex -1.15639 2.00293 218.693
      vertex -0.995477 2.06713 218.73
    endloop
  endfacet
  facet normal -0.404159 0.6432 0.650346
    outer loop
      vertex -28.6805 35.9642 168
      vertex -1.15639 2.00293 218.693
      vertex -19.9587 41.4446 168
    endloop
  endfacet
  facet normal -0.400075 0.646055 0.650041
    outer loop
      vertex -1.15639 2.00293 218.693
      vertex -28.6805 35.9642 168
      vertex -1.22107 1.94879 218.707
    endloop
  endfacet
  facet normal -0.717013 0.250892 0.650343
    outer loop
      vertex -44.8467 10.236 168
      vertex -2.06713 0.995477 218.73
      vertex -41.4446 19.9587 168
    endloop
  endfacet
  facet normal -0.717196 0.250265 0.650383
    outer loop
      vertex -2.06713 0.995477 218.73
      vertex -44.8467 10.236 168
      vertex -2.13908 0.755503 218.743
    endloop
  endfacet
  facet normal -0.646055 -0.400075 0.650041
    outer loop
      vertex -2.00293 -1.15639 218.693
      vertex -35.9642 -28.6805 168
      vertex -1.94879 -1.22107 218.707
    endloop
  endfacet
  facet normal -0.642292 -0.405772 0.650238
    outer loop
      vertex -41.4446 -19.9587 168
      vertex -2.00293 -1.15639 218.693
      vertex -2.06713 -0.995477 218.73
    endloop
  endfacet
  facet normal -0.6432 -0.404159 0.650346
    outer loop
      vertex -2.00293 -1.15639 218.693
      vertex -41.4446 -19.9587 168
      vertex -35.9642 -28.6805 168
    endloop
  endfacet
  facet normal -0.251329 -0.716883 0.650318
    outer loop
      vertex -0.755503 -2.13908 218.743
      vertex -10.236 -44.8467 168
      vertex -0.50535 -2.21408 218.757
    endloop
  endfacet
  facet normal 0.717196 -0.250265 0.650383
    outer loop
      vertex 2.06713 -0.995477 218.73
      vertex 44.8467 -10.236 168
      vertex 2.13908 -0.755503 218.743
    endloop
  endfacet
  facet normal 0.717013 -0.250892 0.650343
    outer loop
      vertex 44.8467 -10.236 168
      vertex 2.06713 -0.995477 218.73
      vertex 41.4446 -19.9587 168
    endloop
  endfacet
  facet normal 0.754862 -0.0850388 0.650347
    outer loop
      vertex 2.26657 -0.25013 218.729
      vertex 46 0 168
      vertex 2.31801 0 218.702
    endloop
  endfacet
  facet normal 0.754862 -0.085051 0.650346
    outer loop
      vertex 46 0 168
      vertex 2.26657 -0.25013 218.729
      vertex 44.8467 -10.236 168
    endloop
  endfacet
  facet normal 0.404655 0.642856 0.650376
    outer loop
      vertex 28.6805 35.9642 168
      vertex 1.22107 1.94879 218.707
      vertex 1.42078 1.7816 218.748
    endloop
  endfacet
  facet normal -0.0850388 0.754862 0.650347
    outer loop
      vertex 0 46 168
      vertex -0.25013 2.26657 218.729
      vertex 0 2.31801 218.702
    endloop
  endfacet
  facet normal -0.085051 0.754862 0.650346
    outer loop
      vertex -0.25013 2.26657 218.729
      vertex 0 46 168
      vertex -10.236 44.8467 168
    endloop
  endfacet
  facet normal -0.250265 0.717196 0.650383
    outer loop
      vertex -10.236 44.8467 168
      vertex -0.995477 2.06713 218.73
      vertex -0.755503 2.13908 218.743
    endloop
  endfacet
  facet normal -0.250892 0.717013 0.650343
    outer loop
      vertex -0.995477 2.06713 218.73
      vertex -10.236 44.8467 168
      vertex -19.9587 41.4446 168
    endloop
  endfacet
  facet normal -0.404655 0.642856 0.650376
    outer loop
      vertex -1.22107 1.94879 218.707
      vertex -28.6805 35.9642 168
      vertex -1.42078 1.7816 218.748
    endloop
  endfacet
  facet normal -0.717196 -0.250265 0.650383
    outer loop
      vertex -44.8467 -10.236 168
      vertex -2.06713 -0.995477 218.73
      vertex -2.13908 -0.755503 218.743
    endloop
  endfacet
  facet normal -0.717013 -0.250892 0.650343
    outer loop
      vertex -2.06713 -0.995477 218.73
      vertex -44.8467 -10.236 168
      vertex -41.4446 -19.9587 168
    endloop
  endfacet
  facet normal -0.085051 -0.754862 0.650346
    outer loop
      vertex 0 -46 168
      vertex -0.25013 -2.26657 218.729
      vertex -10.236 -44.8467 168
    endloop
  endfacet
  facet normal -0.0850388 -0.754862 0.650347
    outer loop
      vertex -0.25013 -2.26657 218.729
      vertex 0 -46 168
      vertex 0 -2.31801 218.702
    endloop
  endfacet
  facet normal 0.716883 -0.251329 0.650318
    outer loop
      vertex 2.21408 -0.50535 218.757
      vertex 2.13908 -0.755503 218.743
      vertex 44.8467 -10.236 168
    endloop
  endfacet
  facet normal 0.251329 0.716883 0.650318
    outer loop
      vertex 10.236 44.8467 168
      vertex 0.50535 2.21408 218.757
      vertex 0.755503 2.13908 218.743
    endloop
  endfacet
  facet normal 0.717013 0.250892 0.650343
    outer loop
      vertex 2.06713 0.995477 218.73
      vertex 44.8467 10.236 168
      vertex 41.4446 19.9587 168
    endloop
  endfacet
  facet normal 0.717196 0.250265 0.650383
    outer loop
      vertex 44.8467 10.236 168
      vertex 2.06713 0.995477 218.73
      vertex 2.13908 0.755503 218.743
    endloop
  endfacet
  facet normal 0.6432 0.404159 0.650346
    outer loop
      vertex 2.00293 1.15639 218.693
      vertex 41.4446 19.9587 168
      vertex 35.9642 28.6805 168
    endloop
  endfacet
  facet normal 0.642292 0.405772 0.650238
    outer loop
      vertex 41.4446 19.9587 168
      vertex 2.00293 1.15639 218.693
      vertex 2.06713 0.995477 218.73
    endloop
  endfacet
  facet normal 0.646055 0.400075 0.650041
    outer loop
      vertex 2.00293 1.15639 218.693
      vertex 35.9642 28.6805 168
      vertex 1.94879 1.22107 218.707
    endloop
  endfacet
  facet normal -0.537147 0.537147 0.650343
    outer loop
      vertex -28.6805 35.9642 168
      vertex -1.7816 1.42078 218.748
      vertex -1.42078 1.7816 218.748
    endloop
  endfacet
  facet normal -0.537147 0.537147 0.650343
    outer loop
      vertex -1.7816 1.42078 218.748
      vertex -28.6805 35.9642 168
      vertex -35.9642 28.6805 168
    endloop
  endfacet
  facet normal -0.755389 0.0817678 0.650154
    outer loop
      vertex -44.8467 10.236 168
      vertex -2.23043 0.425866 218.748
      vertex -2.21408 0.50535 218.757
    endloop
  endfacet
  facet normal -0.754882 0.0849284 0.650339
    outer loop
      vertex -2.23043 0.425866 218.748
      vertex -44.8467 10.236 168
      vertex -2.26657 0.25013 218.729
    endloop
  endfacet
  facet normal -0.250892 -0.717013 0.650343
    outer loop
      vertex -10.236 -44.8467 168
      vertex -0.995477 -2.06713 218.73
      vertex -19.9587 -41.4446 168
    endloop
  endfacet
  facet normal -0.250265 -0.717196 0.650383
    outer loop
      vertex -0.995477 -2.06713 218.73
      vertex -10.236 -44.8467 168
      vertex -0.755503 -2.13908 218.743
    endloop
  endfacet
  facet normal 0.200383 0.979666 -0.0100375
    outer loop
      vertex -0.50535 -2.21408 218.757
      vertex -0.25013 -2.26657 218.729
      vertex -0.425866 -2.23043 218.748
    endloop
  endfacet
  facet normal -0.0839446 -0.755042 0.65028
    outer loop
      vertex -0.25013 -2.26657 218.729
      vertex -0.50535 -2.21408 218.757
      vertex -10.236 -44.8467 168
    endloop
  endfacet
  facet normal 0.0850388 -0.754862 0.650347
    outer loop
      vertex 0 -46 168
      vertex 0.25013 -2.26657 218.729
      vertex 0 -2.31801 218.702
    endloop
  endfacet
  facet normal 0.085051 -0.754862 0.650346
    outer loop
      vertex 0.25013 -2.26657 218.729
      vertex 0 -46 168
      vertex 10.236 -44.8467 168
    endloop
  endfacet
  facet normal 0.404655 -0.642856 0.650376
    outer loop
      vertex 1.42078 -1.7816 218.748
      vertex 1.22107 -1.94879 218.707
      vertex 28.6805 -35.9642 168
    endloop
  endfacet
  facet normal 0.642292 -0.405772 0.650238
    outer loop
      vertex 2.00293 -1.15639 218.693
      vertex 41.4446 -19.9587 168
      vertex 2.06713 -0.995477 218.73
    endloop
  endfacet
  facet normal 0.6432 -0.404159 0.650346
    outer loop
      vertex 41.4446 -19.9587 168
      vertex 2.00293 -1.15639 218.693
      vertex 35.9642 -28.6805 168
    endloop
  endfacet
  facet normal 0.646055 -0.400075 0.650041
    outer loop
      vertex 35.9642 -28.6805 168
      vertex 2.00293 -1.15639 218.693
      vertex 1.94879 -1.22107 218.707
    endloop
  endfacet
  facet normal -0.200383 -0.979666 -0.0100375
    outer loop
      vertex 0.50535 2.21408 218.757
      vertex 0.25013 2.26657 218.729
      vertex 0.425866 2.23043 218.748
    endloop
  endfacet
  facet normal 0.0839446 0.755042 0.65028
    outer loop
      vertex 0.25013 2.26657 218.729
      vertex 0.50535 2.21408 218.757
      vertex 10.236 44.8467 168
    endloop
  endfacet
  facet normal 0.404159 0.6432 0.650346
    outer loop
      vertex 1.15639 2.00293 218.693
      vertex 28.6805 35.9642 168
      vertex 19.9587 41.4446 168
    endloop
  endfacet
  facet normal 0.400075 0.646055 0.650041
    outer loop
      vertex 28.6805 35.9642 168
      vertex 1.15639 2.00293 218.693
      vertex 1.22107 1.94879 218.707
    endloop
  endfacet
  facet normal 0.405772 0.642292 0.650238
    outer loop
      vertex 1.15639 2.00293 218.693
      vertex 19.9587 41.4446 168
      vertex 0.995477 2.06713 218.73
    endloop
  endfacet
  facet normal 0.250892 0.717013 0.650343
    outer loop
      vertex 10.236 44.8467 168
      vertex 0.995477 2.06713 218.73
      vertex 19.9587 41.4446 168
    endloop
  endfacet
  facet normal 0.250265 0.717196 0.650383
    outer loop
      vertex 0.995477 2.06713 218.73
      vertex 10.236 44.8467 168
      vertex 0.755503 2.13908 218.743
    endloop
  endfacet
  facet normal 0.642856 0.404655 0.650376
    outer loop
      vertex 35.9642 28.6805 168
      vertex 1.7816 1.42078 218.748
      vertex 1.94879 1.22107 218.707
    endloop
  endfacet
  facet normal 0.755389 0.0817678 0.650154
    outer loop
      vertex 2.23043 0.425866 218.748
      vertex 44.8467 10.236 168
      vertex 2.21408 0.50535 218.757
    endloop
  endfacet
  facet normal 0.754882 0.0849284 0.650339
    outer loop
      vertex 44.8467 10.236 168
      vertex 2.23043 0.425866 218.748
      vertex 2.26657 0.25013 218.729
    endloop
  endfacet
  facet normal 0.716883 0.251329 0.650318
    outer loop
      vertex 44.8467 10.236 168
      vertex 2.13908 0.755503 218.743
      vertex 2.21408 0.50535 218.757
    endloop
  endfacet
  facet normal -0.754862 -0.0850388 0.650347
    outer loop
      vertex -46 0 168
      vertex -2.26657 -0.25013 218.729
      vertex -2.31801 0 218.702
    endloop
  endfacet
  facet normal -0.754862 -0.085051 0.650346
    outer loop
      vertex -2.26657 -0.25013 218.729
      vertex -46 0 168
      vertex -44.8467 -10.236 168
    endloop
  endfacet
  facet normal 0.979666 0.200383 -0.0100375
    outer loop
      vertex -2.26657 -0.25013 218.729
      vertex -2.21408 -0.50535 218.757
      vertex -2.23043 -0.425866 218.748
    endloop
  endfacet
  facet normal -0.755042 -0.0839446 0.65028
    outer loop
      vertex -2.21408 -0.50535 218.757
      vertex -2.26657 -0.25013 218.729
      vertex -44.8467 -10.236 168
    endloop
  endfacet
  facet normal -0.405772 -0.642292 0.650238
    outer loop
      vertex -1.15639 -2.00293 218.693
      vertex -19.9587 -41.4446 168
      vertex -0.995477 -2.06713 218.73
    endloop
  endfacet
  facet normal -0.400075 -0.646055 0.650041
    outer loop
      vertex -28.6805 -35.9642 168
      vertex -1.15639 -2.00293 218.693
      vertex -1.22107 -1.94879 218.707
    endloop
  endfacet
  facet normal -0.404159 -0.6432 0.650346
    outer loop
      vertex -1.15639 -2.00293 218.693
      vertex -28.6805 -35.9642 168
      vertex -19.9587 -41.4446 168
    endloop
  endfacet
  facet normal -0.200383 0.979666 -0.0100375
    outer loop
      vertex 0.25013 -2.26657 218.729
      vertex 0.50535 -2.21408 218.757
      vertex 0.425866 -2.23043 218.748
    endloop
  endfacet
  facet normal 0.0839446 -0.755042 0.65028
    outer loop
      vertex 0.50535 -2.21408 218.757
      vertex 0.25013 -2.26657 218.729
      vertex 10.236 -44.8467 168
    endloop
  endfacet
  facet normal 0.251329 -0.716883 0.650318
    outer loop
      vertex 0.755503 -2.13908 218.743
      vertex 0.50535 -2.21408 218.757
      vertex 10.236 -44.8467 168
    endloop
  endfacet
  facet normal 0.537147 -0.537147 0.650343
    outer loop
      vertex 1.7816 -1.42078 218.748
      vertex 28.6805 -35.9642 168
      vertex 35.9642 -28.6805 168
    endloop
  endfacet
  facet normal 0.537147 -0.537147 0.650343
    outer loop
      vertex 28.6805 -35.9642 168
      vertex 1.7816 -1.42078 218.748
      vertex 1.42078 -1.7816 218.748
    endloop
  endfacet
  facet normal -0.716883 0.251329 0.650318
    outer loop
      vertex -2.13908 0.755503 218.743
      vertex -44.8467 10.236 168
      vertex -2.21408 0.50535 218.757
    endloop
  endfacet
  facet normal -0.716883 -0.251329 0.650318
    outer loop
      vertex -2.21408 -0.50535 218.757
      vertex -44.8467 -10.236 168
      vertex -2.13908 -0.755503 218.743
    endloop
  endfacet
  facet normal -0.404655 -0.642856 0.650376
    outer loop
      vertex -1.42078 -1.7816 218.748
      vertex -28.6805 -35.9642 168
      vertex -1.22107 -1.94879 218.707
    endloop
  endfacet
  facet normal 0.642856 -0.404655 0.650376
    outer loop
      vertex 1.94879 -1.22107 218.707
      vertex 1.7816 -1.42078 218.748
      vertex 35.9642 -28.6805 168
    endloop
  endfacet
  facet normal -0.642856 0.404655 0.650376
    outer loop
      vertex -1.7816 1.42078 218.748
      vertex -35.9642 28.6805 168
      vertex -1.94879 1.22107 218.707
    endloop
  endfacet
  facet normal -0.707107 0.707107 0
    outer loop
      vertex -2.30042 1.32815 219.288
      vertex -1.32815 2.30042 220.712
      vertex -1.32815 2.30042 219.288
    endloop
  endfacet
  facet normal -0.707107 0.707107 0
    outer loop
      vertex -1.32815 2.30042 220.712
      vertex -2.30042 1.32815 219.288
      vertex -2.30042 1.32815 220.712
    endloop
  endfacet
  facet normal 0.362502 0.362502 0.858595
    outer loop
      vertex 0.972271 1.68402 221.945
      vertex 0.616395 0.355876 222.656
      vertex 1.68402 0.972271 221.945
    endloop
  endfacet
  facet normal 0.362502 0.362502 0.858595
    outer loop
      vertex 0.616395 0.355876 222.656
      vertex 0.972271 1.68402 221.945
      vertex 0.355876 0.616395 222.656
    endloop
  endfacet
  facet normal 0.843642 0.226054 0.486999
    outer loop
      vertex 2.6563 0 220.712
      vertex 1.68402 0.972271 221.945
      vertex 1.94454 0 221.945
    endloop
  endfacet
  facet normal -0.965925 0.258821 0
    outer loop
      vertex -2.6563 0 219.288
      vertex -2.30042 1.32815 220.712
      vertex -2.30042 1.32815 219.288
    endloop
  endfacet
  facet normal -0.965925 0.258821 0
    outer loop
      vertex -2.30042 1.32815 220.712
      vertex -2.6563 0 219.288
      vertex -2.6563 0 220.712
    endloop
  endfacet
  facet normal 0.843642 0.226055 0.486998
    outer loop
      vertex 2.30042 1.32815 220.712
      vertex 1.68402 0.972271 221.945
      vertex 2.6563 0 220.712
    endloop
  endfacet
  facet normal 0.965925 0.258821 0
    outer loop
      vertex 2.6563 0 220.712
      vertex 2.30042 1.32815 219.288
      vertex 2.30042 1.32815 220.712
    endloop
  endfacet
  facet normal 0.965925 0.258821 0
    outer loop
      vertex 2.30042 1.32815 219.288
      vertex 2.6563 0 220.712
      vertex 2.6563 0 219.288
    endloop
  endfacet
  facet normal -0.843629 -0.226065 -0.487016
    outer loop
      vertex -2.26657 -0.25013 218.729
      vertex -2.6563 0 219.288
      vertex -2.31801 0 218.702
    endloop
  endfacet
  facet normal -0.843629 -0.226142 -0.486981
    outer loop
      vertex -2.6563 0 219.288
      vertex -2.26657 -0.25013 218.729
      vertex -2.23043 -0.425866 218.748
    endloop
  endfacet
  facet normal 0.844038 0.224793 -0.486896
    outer loop
      vertex 2.30042 1.32815 219.288
      vertex 2.06713 0.995477 218.73
      vertex 2.00293 1.15639 218.693
    endloop
  endfacet
  facet normal 0.84324 0.226413 -0.487528
    outer loop
      vertex 2.30042 1.32815 219.288
      vertex 2.13908 0.755503 218.743
      vertex 2.06713 0.995477 218.73
    endloop
  endfacet
  facet normal 0.843758 0.22572 -0.486953
    outer loop
      vertex 2.30042 1.32815 219.288
      vertex 2.21408 0.50535 218.757
      vertex 2.13908 0.755503 218.743
    endloop
  endfacet
  facet normal 0.843454 0.226005 -0.487346
    outer loop
      vertex 2.6563 0 219.288
      vertex 2.21408 0.50535 218.757
      vertex 2.30042 1.32815 219.288
    endloop
  endfacet
  facet normal 0.843935 0.228552 -0.485322
    outer loop
      vertex 2.21408 0.50535 218.757
      vertex 2.6563 0 219.288
      vertex 2.23043 0.425866 218.748
    endloop
  endfacet
  facet normal 0.495187 0.132685 0.858594
    outer loop
      vertex 1.68402 0.972271 221.945
      vertex 0.616395 0.355876 222.656
      vertex 0.711752 0 222.656
    endloop
  endfacet
  facet normal 0.226054 0.843642 0.486999
    outer loop
      vertex 0 2.6563 220.712
      vertex 0 1.94454 221.945
      vertex 0.972271 1.68402 221.945
    endloop
  endfacet
  facet normal 0.965925 -0.258821 0
    outer loop
      vertex 2.30042 -1.32815 220.712
      vertex 2.6563 0 219.288
      vertex 2.6563 0 220.712
    endloop
  endfacet
  facet normal 0.965925 -0.258821 0
    outer loop
      vertex 2.6563 0 219.288
      vertex 2.30042 -1.32815 220.712
      vertex 2.30042 -1.32815 219.288
    endloop
  endfacet
  facet normal 0.620269 0.615184 -0.486636
    outer loop
      vertex 1.32815 2.30042 219.288
      vertex 1.22107 1.94879 218.707
      vertex 1.15639 2.00293 218.693
    endloop
  endfacet
  facet normal 0.617138 0.617619 -0.487533
    outer loop
      vertex 1.32815 2.30042 219.288
      vertex 1.42078 1.7816 218.748
      vertex 1.22107 1.94879 218.707
    endloop
  endfacet
  facet normal 0.61746 0.61746 -0.487325
    outer loop
      vertex 2.30042 1.32815 219.288
      vertex 1.42078 1.7816 218.748
      vertex 1.32815 2.30042 219.288
    endloop
  endfacet
  facet normal 0.61746 0.61746 -0.487325
    outer loop
      vertex 1.42078 1.7816 218.748
      vertex 2.30042 1.32815 219.288
      vertex 1.7816 1.42078 218.748
    endloop
  endfacet
  facet normal 0.617619 0.617138 -0.487533
    outer loop
      vertex 2.30042 1.32815 219.288
      vertex 1.94879 1.22107 218.707
      vertex 1.7816 1.42078 218.748
    endloop
  endfacet
  facet normal 0.615184 0.620269 -0.486636
    outer loop
      vertex 1.94879 1.22107 218.707
      vertex 2.30042 1.32815 219.288
      vertex 2.00293 1.15639 218.693
    endloop
  endfacet
  facet normal 0.843642 -0.226055 0.486998
    outer loop
      vertex 2.6563 0 220.712
      vertex 1.68402 -0.972271 221.945
      vertex 2.30042 -1.32815 220.712
    endloop
  endfacet
  facet normal 0.495187 0.132685 0.858594
    outer loop
      vertex 1.68402 0.972271 221.945
      vertex 0.711752 0 222.656
      vertex 1.94454 0 221.945
    endloop
  endfacet
  facet normal -0.132685 0.495187 0.858594
    outer loop
      vertex 0 1.94454 221.945
      vertex -0.972271 1.68402 221.945
      vertex 0 0.711752 222.656
    endloop
  endfacet
  facet normal 0.226055 -0.843642 0.486998
    outer loop
      vertex 0.972271 -1.68402 221.945
      vertex 0 -2.6563 220.712
      vertex 1.32815 -2.30042 220.712
    endloop
  endfacet
  facet normal -0.226054 -0.843642 0.486999
    outer loop
      vertex 0 -1.94454 221.945
      vertex -0.972271 -1.68402 221.945
      vertex 0 -2.6563 220.712
    endloop
  endfacet
  facet normal 0.843629 0.226142 -0.486981
    outer loop
      vertex 2.6563 0 219.288
      vertex 2.26657 0.25013 218.729
      vertex 2.23043 0.425866 218.748
    endloop
  endfacet
  facet normal 0.843629 0.226065 -0.487016
    outer loop
      vertex 2.26657 0.25013 218.729
      vertex 2.6563 0 219.288
      vertex 2.31801 0 218.702
    endloop
  endfacet
  facet normal -0.258821 0.965925 0
    outer loop
      vertex 0 2.6563 219.288
      vertex -1.32815 2.30042 220.712
      vertex 0 2.6563 220.712
    endloop
  endfacet
  facet normal -0.258821 0.965925 0
    outer loop
      vertex -1.32815 2.30042 220.712
      vertex 0 2.6563 219.288
      vertex -1.32815 2.30042 219.288
    endloop
  endfacet
  facet normal 0.843935 -0.228552 -0.485322
    outer loop
      vertex 2.6563 0 219.288
      vertex 2.21408 -0.50535 218.757
      vertex 2.23043 -0.425866 218.748
    endloop
  endfacet
  facet normal 0.84337 -0.225562 -0.487698
    outer loop
      vertex 2.6563 0 219.288
      vertex 2.13908 -0.755503 218.743
      vertex 2.21408 -0.50535 218.757
    endloop
  endfacet
  facet normal 0.84353 -0.226025 -0.487207
    outer loop
      vertex 2.30042 -1.32815 219.288
      vertex 2.13908 -0.755503 218.743
      vertex 2.6563 0 219.288
    endloop
  endfacet
  facet normal 0.84324 -0.226413 -0.487528
    outer loop
      vertex 2.13908 -0.755503 218.743
      vertex 2.30042 -1.32815 219.288
      vertex 2.06713 -0.995477 218.73
    endloop
  endfacet
  facet normal 0.844038 -0.224793 -0.486896
    outer loop
      vertex 2.06713 -0.995477 218.73
      vertex 2.30042 -1.32815 219.288
      vertex 2.00293 -1.15639 218.693
    endloop
  endfacet
  facet normal -0.843642 -0.226055 0.486998
    outer loop
      vertex -1.68402 -0.972271 221.945
      vertex -2.6563 0 220.712
      vertex -2.30042 -1.32815 220.712
    endloop
  endfacet
  facet normal 0.258821 0.965925 -0
    outer loop
      vertex 1.32815 2.30042 219.288
      vertex 0 2.6563 220.712
      vertex 1.32815 2.30042 220.712
    endloop
  endfacet
  facet normal 0.258821 0.965925 0
    outer loop
      vertex 0 2.6563 220.712
      vertex 1.32815 2.30042 219.288
      vertex 0 2.6563 219.288
    endloop
  endfacet
  facet normal -0.495187 -0.132685 0.858594
    outer loop
      vertex -0.711752 0 222.656
      vertex -1.94454 0 221.945
      vertex -1.68402 -0.972271 221.945
    endloop
  endfacet
  facet normal 0.132685 -0.495187 0.858594
    outer loop
      vertex 0.355876 -0.616395 222.656
      vertex 0 -0.711752 222.656
      vertex 0.972271 -1.68402 221.945
    endloop
  endfacet
  facet normal 0.617589 -0.617589 0.486998
    outer loop
      vertex 0.972271 -1.68402 221.945
      vertex 2.30042 -1.32815 220.712
      vertex 1.68402 -0.972271 221.945
    endloop
  endfacet
  facet normal 0.617589 -0.617589 0.486998
    outer loop
      vertex 2.30042 -1.32815 220.712
      vertex 0.972271 -1.68402 221.945
      vertex 1.32815 -2.30042 220.712
    endloop
  endfacet
  facet normal -0.226055 -0.843642 0.486998
    outer loop
      vertex -0.972271 -1.68402 221.945
      vertex -1.32815 -2.30042 220.712
      vertex 0 -2.6563 220.712
    endloop
  endfacet
  facet normal -0.617589 -0.617589 0.486998
    outer loop
      vertex -2.30042 -1.32815 220.712
      vertex -0.972271 -1.68402 221.945
      vertex -1.68402 -0.972271 221.945
    endloop
  endfacet
  facet normal -0.617589 -0.617589 0.486998
    outer loop
      vertex -0.972271 -1.68402 221.945
      vertex -2.30042 -1.32815 220.712
      vertex -1.32815 -2.30042 220.712
    endloop
  endfacet
  facet normal -0.843629 0.226065 -0.487016
    outer loop
      vertex -2.6563 0 219.288
      vertex -2.26657 0.25013 218.729
      vertex -2.31801 0 218.702
    endloop
  endfacet
  facet normal -0.843629 0.226142 -0.486981
    outer loop
      vertex -2.26657 0.25013 218.729
      vertex -2.6563 0 219.288
      vertex -2.23043 0.425866 218.748
    endloop
  endfacet
  facet normal 0.258821 -0.965925 0
    outer loop
      vertex 0 -2.6563 219.288
      vertex 1.32815 -2.30042 220.712
      vertex 0 -2.6563 220.712
    endloop
  endfacet
  facet normal 0.258821 -0.965925 0
    outer loop
      vertex 1.32815 -2.30042 220.712
      vertex 0 -2.6563 219.288
      vertex 1.32815 -2.30042 219.288
    endloop
  endfacet
  facet normal -0.707107 -0.707107 0
    outer loop
      vertex -1.32815 -2.30042 219.288
      vertex -2.30042 -1.32815 220.712
      vertex -2.30042 -1.32815 219.288
    endloop
  endfacet
  facet normal -0.707107 -0.707107 0
    outer loop
      vertex -2.30042 -1.32815 220.712
      vertex -1.32815 -2.30042 219.288
      vertex -1.32815 -2.30042 220.712
    endloop
  endfacet
  facet normal 0.615184 -0.620269 -0.486636
    outer loop
      vertex 2.30042 -1.32815 219.288
      vertex 1.94879 -1.22107 218.707
      vertex 2.00293 -1.15639 218.693
    endloop
  endfacet
  facet normal 0.617619 -0.617138 -0.487533
    outer loop
      vertex 2.30042 -1.32815 219.288
      vertex 1.7816 -1.42078 218.748
      vertex 1.94879 -1.22107 218.707
    endloop
  endfacet
  facet normal 0.61746 -0.61746 -0.487325
    outer loop
      vertex 2.30042 -1.32815 219.288
      vertex 1.42078 -1.7816 218.748
      vertex 1.7816 -1.42078 218.748
    endloop
  endfacet
  facet normal 0.61746 -0.61746 -0.487325
    outer loop
      vertex 1.32815 -2.30042 219.288
      vertex 1.42078 -1.7816 218.748
      vertex 2.30042 -1.32815 219.288
    endloop
  endfacet
  facet normal 0.617138 -0.617619 -0.487533
    outer loop
      vertex 1.42078 -1.7816 218.748
      vertex 1.32815 -2.30042 219.288
      vertex 1.22107 -1.94879 218.707
    endloop
  endfacet
  facet normal 0.620269 -0.615184 -0.486636
    outer loop
      vertex 1.22107 -1.94879 218.707
      vertex 1.32815 -2.30042 219.288
      vertex 1.15639 -2.00293 218.693
    endloop
  endfacet
  facet normal 0.707107 -0.707107 0
    outer loop
      vertex 1.32815 -2.30042 220.712
      vertex 2.30042 -1.32815 219.288
      vertex 2.30042 -1.32815 220.712
    endloop
  endfacet
  facet normal 0.707107 -0.707107 0
    outer loop
      vertex 2.30042 -1.32815 219.288
      vertex 1.32815 -2.30042 220.712
      vertex 1.32815 -2.30042 219.288
    endloop
  endfacet
  facet normal 0.226055 0.843642 0.486998
    outer loop
      vertex 1.32815 2.30042 220.712
      vertex 0 2.6563 220.712
      vertex 0.972271 1.68402 221.945
    endloop
  endfacet
  facet normal 0.617589 0.617589 0.486998
    outer loop
      vertex 0.972271 1.68402 221.945
      vertex 2.30042 1.32815 220.712
      vertex 1.32815 2.30042 220.712
    endloop
  endfacet
  facet normal 0.617589 0.617589 0.486998
    outer loop
      vertex 2.30042 1.32815 220.712
      vertex 0.972271 1.68402 221.945
      vertex 1.68402 0.972271 221.945
    endloop
  endfacet
  facet normal 0.707107 0.707107 0
    outer loop
      vertex 2.30042 1.32815 220.712
      vertex 1.32815 2.30042 219.288
      vertex 1.32815 2.30042 220.712
    endloop
  endfacet
  facet normal 0.707107 0.707107 0
    outer loop
      vertex 1.32815 2.30042 219.288
      vertex 2.30042 1.32815 220.712
      vertex 2.30042 1.32815 219.288
    endloop
  endfacet
  facet normal 0.226005 0.843454 -0.487346
    outer loop
      vertex 1.32815 2.30042 219.288
      vertex 0.50535 2.21408 218.757
      vertex 0 2.6563 219.288
    endloop
  endfacet
  facet normal 0.22572 0.843758 -0.486953
    outer loop
      vertex 1.32815 2.30042 219.288
      vertex 0.755503 2.13908 218.743
      vertex 0.50535 2.21408 218.757
    endloop
  endfacet
  facet normal 0.226413 0.84324 -0.487528
    outer loop
      vertex 1.32815 2.30042 219.288
      vertex 0.995477 2.06713 218.73
      vertex 0.755503 2.13908 218.743
    endloop
  endfacet
  facet normal 0.224793 0.844038 -0.486896
    outer loop
      vertex 0.995477 2.06713 218.73
      vertex 1.32815 2.30042 219.288
      vertex 1.15639 2.00293 218.693
    endloop
  endfacet
  facet normal 0.228552 0.843935 -0.485322
    outer loop
      vertex 0 2.6563 219.288
      vertex 0.50535 2.21408 218.757
      vertex 0.425866 2.23043 218.748
    endloop
  endfacet
  facet normal -0.226005 0.843454 -0.487346
    outer loop
      vertex 0 2.6563 219.288
      vertex -0.50535 2.21408 218.757
      vertex -1.32815 2.30042 219.288
    endloop
  endfacet
  facet normal -0.228552 0.843935 -0.485322
    outer loop
      vertex -0.50535 2.21408 218.757
      vertex 0 2.6563 219.288
      vertex -0.425866 2.23043 218.748
    endloop
  endfacet
  facet normal -0.22572 0.843758 -0.486953
    outer loop
      vertex -0.755503 2.13908 218.743
      vertex -1.32815 2.30042 219.288
      vertex -0.50535 2.21408 218.757
    endloop
  endfacet
  facet normal -0.226413 0.84324 -0.487528
    outer loop
      vertex -0.995477 2.06713 218.73
      vertex -1.32815 2.30042 219.288
      vertex -0.755503 2.13908 218.743
    endloop
  endfacet
  facet normal -0.224793 0.844038 -0.486896
    outer loop
      vertex -1.32815 2.30042 219.288
      vertex -0.995477 2.06713 218.73
      vertex -1.15639 2.00293 218.693
    endloop
  endfacet
  facet normal -0.843642 -0.226054 0.486999
    outer loop
      vertex -1.94454 0 221.945
      vertex -2.6563 0 220.712
      vertex -1.68402 -0.972271 221.945
    endloop
  endfacet
  facet normal -0.495187 0.132685 0.858594
    outer loop
      vertex -1.68402 0.972271 221.945
      vertex -1.94454 0 221.945
      vertex -0.711752 0 222.656
    endloop
  endfacet
  facet normal 0.226054 -0.843642 0.486999
    outer loop
      vertex 0 -1.94454 221.945
      vertex 0 -2.6563 220.712
      vertex 0.972271 -1.68402 221.945
    endloop
  endfacet
  facet normal 0.843642 -0.226054 0.486999
    outer loop
      vertex 1.94454 0 221.945
      vertex 1.68402 -0.972271 221.945
      vertex 2.6563 0 220.712
    endloop
  endfacet
  facet normal 0.495187 -0.132685 0.858594
    outer loop
      vertex 1.94454 0 221.945
      vertex 0.711752 0 222.656
      vertex 1.68402 -0.972271 221.945
    endloop
  endfacet
  facet normal -0.258821 -0.965925 0
    outer loop
      vertex -1.32815 -2.30042 219.288
      vertex 0 -2.6563 220.712
      vertex -1.32815 -2.30042 220.712
    endloop
  endfacet
  facet normal -0.258821 -0.965925 -0
    outer loop
      vertex 0 -2.6563 220.712
      vertex -1.32815 -2.30042 219.288
      vertex 0 -2.6563 219.288
    endloop
  endfacet
  facet normal -0.844038 0.224793 -0.486896
    outer loop
      vertex -2.06713 0.995477 218.73
      vertex -2.30042 1.32815 219.288
      vertex -2.00293 1.15639 218.693
    endloop
  endfacet
  facet normal -0.84324 0.226413 -0.487528
    outer loop
      vertex -2.13908 0.755503 218.743
      vertex -2.30042 1.32815 219.288
      vertex -2.06713 0.995477 218.73
    endloop
  endfacet
  facet normal -0.843758 0.22572 -0.486953
    outer loop
      vertex -2.21408 0.50535 218.757
      vertex -2.30042 1.32815 219.288
      vertex -2.13908 0.755503 218.743
    endloop
  endfacet
  facet normal -0.843935 0.228552 -0.485322
    outer loop
      vertex -2.6563 0 219.288
      vertex -2.21408 0.50535 218.757
      vertex -2.23043 0.425866 218.748
    endloop
  endfacet
  facet normal -0.843454 0.226005 -0.487346
    outer loop
      vertex -2.21408 0.50535 218.757
      vertex -2.6563 0 219.288
      vertex -2.30042 1.32815 219.288
    endloop
  endfacet
  facet normal 0.843629 -0.226065 -0.487016
    outer loop
      vertex 2.6563 0 219.288
      vertex 2.26657 -0.25013 218.729
      vertex 2.31801 0 218.702
    endloop
  endfacet
  facet normal 0.843629 -0.226142 -0.486981
    outer loop
      vertex 2.26657 -0.25013 218.729
      vertex 2.6563 0 219.288
      vertex 2.23043 -0.425866 218.748
    endloop
  endfacet
  facet normal 0.226005 -0.843454 -0.487346
    outer loop
      vertex 0 -2.6563 219.288
      vertex 0.50535 -2.21408 218.757
      vertex 1.32815 -2.30042 219.288
    endloop
  endfacet
  facet normal 0.228552 -0.843935 -0.485322
    outer loop
      vertex 0.50535 -2.21408 218.757
      vertex 0 -2.6563 219.288
      vertex 0.425866 -2.23043 218.748
    endloop
  endfacet
  facet normal 0.22572 -0.843758 -0.486953
    outer loop
      vertex 0.755503 -2.13908 218.743
      vertex 1.32815 -2.30042 219.288
      vertex 0.50535 -2.21408 218.757
    endloop
  endfacet
  facet normal 0.226413 -0.84324 -0.487528
    outer loop
      vertex 0.995477 -2.06713 218.73
      vertex 1.32815 -2.30042 219.288
      vertex 0.755503 -2.13908 218.743
    endloop
  endfacet
  facet normal 0.224793 -0.844038 -0.486896
    outer loop
      vertex 1.32815 -2.30042 219.288
      vertex 0.995477 -2.06713 218.73
      vertex 1.15639 -2.00293 218.693
    endloop
  endfacet
  facet normal 0.226142 -0.843629 -0.486981
    outer loop
      vertex 0 -2.6563 219.288
      vertex 0.25013 -2.26657 218.729
      vertex 0.425866 -2.23043 218.748
    endloop
  endfacet
  facet normal 0.226065 -0.843629 -0.487016
    outer loop
      vertex 0.25013 -2.26657 218.729
      vertex 0 -2.6563 219.288
      vertex 0 -2.31801 218.702
    endloop
  endfacet
  facet normal -0.226054 0.843642 0.486999
    outer loop
      vertex 0 2.6563 220.712
      vertex -0.972271 1.68402 221.945
      vertex 0 1.94454 221.945
    endloop
  endfacet
  facet normal -0.362502 0.362502 0.858595
    outer loop
      vertex -0.972271 1.68402 221.945
      vertex -0.616395 0.355876 222.656
      vertex -0.355876 0.616395 222.656
    endloop
  endfacet
  facet normal -0.362502 0.362502 0.858595
    outer loop
      vertex -0.616395 0.355876 222.656
      vertex -0.972271 1.68402 221.945
      vertex -1.68402 0.972271 221.945
    endloop
  endfacet
  facet normal -0.226055 0.843642 0.486998
    outer loop
      vertex 0 2.6563 220.712
      vertex -1.32815 2.30042 220.712
      vertex -0.972271 1.68402 221.945
    endloop
  endfacet
  facet normal -0.132685 0.495187 0.858594
    outer loop
      vertex 0 0.711752 222.656
      vertex -0.972271 1.68402 221.945
      vertex -0.355876 0.616395 222.656
    endloop
  endfacet
  facet normal -0.495187 -0.132685 0.858594
    outer loop
      vertex -0.711752 0 222.656
      vertex -1.68402 -0.972271 221.945
      vertex -0.616395 -0.355876 222.656
    endloop
  endfacet
  facet normal 0 0 1
    outer loop
      vertex 0.616395 0.355876 222.656
      vertex 0.616395 -0.355876 222.656
      vertex 0.711752 0 222.656
    endloop
  endfacet
  facet normal 0 0 1
    outer loop
      vertex 0.355876 0.616395 222.656
      vertex 0.616395 -0.355876 222.656
      vertex 0.616395 0.355876 222.656
    endloop
  endfacet
  facet normal 0 0 1
    outer loop
      vertex 0.355876 0.616395 222.656
      vertex 0.355876 -0.616395 222.656
      vertex 0.616395 -0.355876 222.656
    endloop
  endfacet
  facet normal 0 0 1
    outer loop
      vertex 0 0.711752 222.656
      vertex 0.355876 -0.616395 222.656
      vertex 0.355876 0.616395 222.656
    endloop
  endfacet
  facet normal 0 0 1
    outer loop
      vertex 0 0.711752 222.656
      vertex 0 -0.711752 222.656
      vertex 0.355876 -0.616395 222.656
    endloop
  endfacet
  facet normal -0 0 1
    outer loop
      vertex -0.355876 0.616395 222.656
      vertex 0 -0.711752 222.656
      vertex 0 0.711752 222.656
    endloop
  endfacet
  facet normal 0 0 1
    outer loop
      vertex -0.355876 0.616395 222.656
      vertex -0.355876 -0.616395 222.656
      vertex 0 -0.711752 222.656
    endloop
  endfacet
  facet normal -0 0 1
    outer loop
      vertex -0.616395 0.355876 222.656
      vertex -0.355876 -0.616395 222.656
      vertex -0.355876 0.616395 222.656
    endloop
  endfacet
  facet normal 0 0 1
    outer loop
      vertex -0.616395 0.355876 222.656
      vertex -0.616395 -0.355876 222.656
      vertex -0.355876 -0.616395 222.656
    endloop
  endfacet
  facet normal 0 -0 1
    outer loop
      vertex -0.616395 -0.355876 222.656
      vertex -0.616395 0.355876 222.656
      vertex -0.711752 0 222.656
    endloop
  endfacet
  facet normal -0.132685 -0.495187 0.858594
    outer loop
      vertex -0.355876 -0.616395 222.656
      vertex -0.972271 -1.68402 221.945
      vertex 0 -0.711752 222.656
    endloop
  endfacet
  facet normal -0.362502 -0.362502 0.858595
    outer loop
      vertex -0.616395 -0.355876 222.656
      vertex -0.972271 -1.68402 221.945
      vertex -0.355876 -0.616395 222.656
    endloop
  endfacet
  facet normal -0.362502 -0.362502 0.858595
    outer loop
      vertex -0.972271 -1.68402 221.945
      vertex -0.616395 -0.355876 222.656
      vertex -1.68402 -0.972271 221.945
    endloop
  endfacet
  facet normal 0.362502 -0.362502 0.858595
    outer loop
      vertex 0.616395 -0.355876 222.656
      vertex 0.972271 -1.68402 221.945
      vertex 1.68402 -0.972271 221.945
    endloop
  endfacet
  facet normal 0.362502 -0.362502 0.858595
    outer loop
      vertex 0.972271 -1.68402 221.945
      vertex 0.616395 -0.355876 222.656
      vertex 0.355876 -0.616395 222.656
    endloop
  endfacet
  facet normal -0.226142 0.843629 -0.486981
    outer loop
      vertex 0 2.6563 219.288
      vertex -0.25013 2.26657 218.729
      vertex -0.425866 2.23043 218.748
    endloop
  endfacet
  facet normal -0.226065 0.843629 -0.487016
    outer loop
      vertex -0.25013 2.26657 218.729
      vertex 0 2.6563 219.288
      vertex 0 2.31801 218.702
    endloop
  endfacet
  facet normal 0.226142 0.843629 -0.486981
    outer loop
      vertex 0.25013 2.26657 218.729
      vertex 0 2.6563 219.288
      vertex 0.425866 2.23043 218.748
    endloop
  endfacet
  facet normal 0.226065 0.843629 -0.487016
    outer loop
      vertex 0 2.6563 219.288
      vertex 0.25013 2.26657 218.729
      vertex 0 2.31801 218.702
    endloop
  endfacet
  facet normal -0.843642 0.226054 0.486999
    outer loop
      vertex -1.68402 0.972271 221.945
      vertex -2.6563 0 220.712
      vertex -1.94454 0 221.945
    endloop
  endfacet
  facet normal -0.620269 0.615184 -0.486636
    outer loop
      vertex -1.22107 1.94879 218.707
      vertex -1.32815 2.30042 219.288
      vertex -1.15639 2.00293 218.693
    endloop
  endfacet
  facet normal -0.617138 0.617619 -0.487533
    outer loop
      vertex -1.42078 1.7816 218.748
      vertex -1.32815 2.30042 219.288
      vertex -1.22107 1.94879 218.707
    endloop
  endfacet
  facet normal -0.61746 0.61746 -0.487325
    outer loop
      vertex -2.30042 1.32815 219.288
      vertex -1.42078 1.7816 218.748
      vertex -1.7816 1.42078 218.748
    endloop
  endfacet
  facet normal -0.61746 0.61746 -0.487325
    outer loop
      vertex -1.42078 1.7816 218.748
      vertex -2.30042 1.32815 219.288
      vertex -1.32815 2.30042 219.288
    endloop
  endfacet
  facet normal -0.617619 0.617138 -0.487533
    outer loop
      vertex -1.94879 1.22107 218.707
      vertex -2.30042 1.32815 219.288
      vertex -1.7816 1.42078 218.748
    endloop
  endfacet
  facet normal -0.615184 0.620269 -0.486636
    outer loop
      vertex -2.30042 1.32815 219.288
      vertex -1.94879 1.22107 218.707
      vertex -2.00293 1.15639 218.693
    endloop
  endfacet
  facet normal -0.615184 -0.620269 -0.486636
    outer loop
      vertex -1.94879 -1.22107 218.707
      vertex -2.30042 -1.32815 219.288
      vertex -2.00293 -1.15639 218.693
    endloop
  endfacet
  facet normal -0.617619 -0.617138 -0.487533
    outer loop
      vertex -1.7816 -1.42078 218.748
      vertex -2.30042 -1.32815 219.288
      vertex -1.94879 -1.22107 218.707
    endloop
  endfacet
  facet normal -0.61746 -0.61746 -0.487325
    outer loop
      vertex -1.42078 -1.7816 218.748
      vertex -2.30042 -1.32815 219.288
      vertex -1.7816 -1.42078 218.748
    endloop
  endfacet
  facet normal -0.617138 -0.617619 -0.487533
    outer loop
      vertex -1.32815 -2.30042 219.288
      vertex -1.42078 -1.7816 218.748
      vertex -1.22107 -1.94879 218.707
    endloop
  endfacet
  facet normal -0.620269 -0.615184 -0.486636
    outer loop
      vertex -1.32815 -2.30042 219.288
      vertex -1.22107 -1.94879 218.707
      vertex -1.15639 -2.00293 218.693
    endloop
  endfacet
  facet normal -0.61746 -0.61746 -0.487325
    outer loop
      vertex -1.42078 -1.7816 218.748
      vertex -1.32815 -2.30042 219.288
      vertex -2.30042 -1.32815 219.288
    endloop
  endfacet
  facet normal 0.132685 0.495187 0.858594
    outer loop
      vertex 0.972271 1.68402 221.945
      vertex 0 0.711752 222.656
      vertex 0.355876 0.616395 222.656
    endloop
  endfacet
  facet normal 0.132685 0.495187 0.858594
    outer loop
      vertex 0 1.94454 221.945
      vertex 0 0.711752 222.656
      vertex 0.972271 1.68402 221.945
    endloop
  endfacet
  facet normal -0.495187 0.132685 0.858594
    outer loop
      vertex -0.616395 0.355876 222.656
      vertex -1.68402 0.972271 221.945
      vertex -0.711752 0 222.656
    endloop
  endfacet
  facet normal 0.132685 -0.495187 0.858594
    outer loop
      vertex 0 -0.711752 222.656
      vertex 0 -1.94454 221.945
      vertex 0.972271 -1.68402 221.945
    endloop
  endfacet
  facet normal -0.132685 -0.495187 0.858594
    outer loop
      vertex 0 -0.711752 222.656
      vertex -0.972271 -1.68402 221.945
      vertex 0 -1.94454 221.945
    endloop
  endfacet
  facet normal 0.495187 -0.132685 0.858594
    outer loop
      vertex 0.711752 0 222.656
      vertex 0.616395 -0.355876 222.656
      vertex 1.68402 -0.972271 221.945
    endloop
  endfacet
  facet normal -0.843642 0.226055 0.486998
    outer loop
      vertex -2.30042 1.32815 220.712
      vertex -2.6563 0 220.712
      vertex -1.68402 0.972271 221.945
    endloop
  endfacet
  facet normal -0.617589 0.617589 0.486998
    outer loop
      vertex -2.30042 1.32815 220.712
      vertex -0.972271 1.68402 221.945
      vertex -1.32815 2.30042 220.712
    endloop
  endfacet
  facet normal -0.617589 0.617589 0.486998
    outer loop
      vertex -0.972271 1.68402 221.945
      vertex -2.30042 1.32815 220.712
      vertex -1.68402 0.972271 221.945
    endloop
  endfacet
  facet normal -0.843935 -0.228552 -0.485322
    outer loop
      vertex -2.21408 -0.50535 218.757
      vertex -2.6563 0 219.288
      vertex -2.23043 -0.425866 218.748
    endloop
  endfacet
  facet normal -0.84337 -0.225562 -0.487698
    outer loop
      vertex -2.13908 -0.755503 218.743
      vertex -2.6563 0 219.288
      vertex -2.21408 -0.50535 218.757
    endloop
  endfacet
  facet normal -0.84324 -0.226413 -0.487528
    outer loop
      vertex -2.30042 -1.32815 219.288
      vertex -2.13908 -0.755503 218.743
      vertex -2.06713 -0.995477 218.73
    endloop
  endfacet
  facet normal -0.844038 -0.224793 -0.486896
    outer loop
      vertex -2.30042 -1.32815 219.288
      vertex -2.06713 -0.995477 218.73
      vertex -2.00293 -1.15639 218.693
    endloop
  endfacet
  facet normal -0.84353 -0.226025 -0.487207
    outer loop
      vertex -2.13908 -0.755503 218.743
      vertex -2.30042 -1.32815 219.288
      vertex -2.6563 0 219.288
    endloop
  endfacet
  facet normal -0.965925 -0.258821 0
    outer loop
      vertex -2.30042 -1.32815 219.288
      vertex -2.6563 0 220.712
      vertex -2.6563 0 219.288
    endloop
  endfacet
  facet normal -0.965925 -0.258821 0
    outer loop
      vertex -2.6563 0 220.712
      vertex -2.30042 -1.32815 219.288
      vertex -2.30042 -1.32815 220.712
    endloop
  endfacet
  facet normal -0.226142 -0.843629 -0.486981
    outer loop
      vertex -0.25013 -2.26657 218.729
      vertex 0 -2.6563 219.288
      vertex -0.425866 -2.23043 218.748
    endloop
  endfacet
  facet normal -0.226065 -0.843629 -0.487016
    outer loop
      vertex 0 -2.6563 219.288
      vertex -0.25013 -2.26657 218.729
      vertex 0 -2.31801 218.702
    endloop
  endfacet
  facet normal -0.226005 -0.843454 -0.487346
    outer loop
      vertex -1.32815 -2.30042 219.288
      vertex -0.50535 -2.21408 218.757
      vertex 0 -2.6563 219.288
    endloop
  endfacet
  facet normal -0.22572 -0.843758 -0.486953
    outer loop
      vertex -1.32815 -2.30042 219.288
      vertex -0.755503 -2.13908 218.743
      vertex -0.50535 -2.21408 218.757
    endloop
  endfacet
  facet normal -0.226413 -0.84324 -0.487528
    outer loop
      vertex -1.32815 -2.30042 219.288
      vertex -0.995477 -2.06713 218.73
      vertex -0.755503 -2.13908 218.743
    endloop
  endfacet
  facet normal -0.224793 -0.844038 -0.486896
    outer loop
      vertex -0.995477 -2.06713 218.73
      vertex -1.32815 -2.30042 219.288
      vertex -1.15639 -2.00293 218.693
    endloop
  endfacet
  facet normal -0.228552 -0.843935 -0.485322
    outer loop
      vertex 0 -2.6563 219.288
      vertex -0.50535 -2.21408 218.757
      vertex -0.425866 -2.23043 218.748
    endloop
  endfacet
endsolid OpenSCAD_Model
