solid OpenSCAD_Model
  facet normal 0 0.978156 -0.207874
    outer loop
      vertex 45 -40.4513 25.6959
      vertex 41.4 -40.3063 26.3782
      vertex 45 -40.3063 26.3782
    endloop
  endfacet
  facet normal 0 0.978156 -0.207874
    outer loop
      vertex 41.4 -40.3063 26.3782
      vertex 45 -40.4513 25.6959
      vertex 41.4 -40.4513 25.6959
    endloop
  endfacet
  facet normal 0 0.939685 -0.342042
    outer loop
      vertex 45 -40.3063 26.3782
      vertex 41.4 -40.0677 27.0337
      vertex 45 -40.0677 27.0337
    endloop
  endfacet
  facet normal 0 0.939685 -0.342042
    outer loop
      vertex 41.4 -40.0677 27.0337
      vertex 45 -40.3063 26.3782
      vertex 41.4 -40.3063 26.3782
    endloop
  endfacet
  facet normal 0 0.882936 -0.469494
    outer loop
      vertex 45 -40.0677 27.0337
      vertex 41.4 -39.7402 27.6496
      vertex 45 -39.7402 27.6496
    endloop
  endfacet
  facet normal 0 0.882936 -0.469494
    outer loop
      vertex 41.4 -39.7402 27.6496
      vertex 45 -40.0677 27.0337
      vertex 41.4 -40.0677 27.0337
    endloop
  endfacet
  facet normal 0 0.809009 -0.587797
    outer loop
      vertex 45 -39.7402 27.6496
      vertex 41.4 -39.3302 28.2139
      vertex 45 -39.3302 28.2139
    endloop
  endfacet
  facet normal 0 0.809009 -0.587797
    outer loop
      vertex 41.4 -39.3302 28.2139
      vertex 45 -39.7402 27.6496
      vertex 41.4 -39.7402 27.6496
    endloop
  endfacet
  facet normal 0 0.719399 -0.694597
    outer loop
      vertex 45 -39.3302 28.2139
      vertex 41.4 -38.8457 28.7157
      vertex 45 -38.8457 28.7157
    endloop
  endfacet
  facet normal 0 0.719399 -0.694597
    outer loop
      vertex 41.4 -38.8457 28.7157
      vertex 45 -39.3302 28.2139
      vertex 41.4 -39.3302 28.2139
    endloop
  endfacet
  facet normal 0 0.615686 -0.787992
    outer loop
      vertex 41.4 -38.8457 28.7157
      vertex 45 -38.296 29.1452
      vertex 45 -38.8457 28.7157
    endloop
  endfacet
  facet normal 0 0.615686 -0.787992
    outer loop
      vertex 45 -38.296 29.1452
      vertex 41.4 -38.8457 28.7157
      vertex 41.4 -38.296 29.1452
    endloop
  endfacet
  facet normal 0 0.499962 -0.866047
    outer loop
      vertex 41.4 -38.296 29.1452
      vertex 45 -37.6918 29.494
      vertex 45 -38.296 29.1452
    endloop
  endfacet
  facet normal 0 0.499962 -0.866047
    outer loop
      vertex 45 -37.6918 29.494
      vertex 41.4 -38.296 29.1452
      vertex 41.4 -37.6918 29.494
    endloop
  endfacet
  facet normal 0 0.374627 -0.927176
    outer loop
      vertex 41.4 -37.6918 29.494
      vertex 45 -37.0451 29.7553
      vertex 45 -37.6918 29.494
    endloop
  endfacet
  facet normal 0 0.374627 -0.927176
    outer loop
      vertex 45 -37.0451 29.7553
      vertex 41.4 -37.6918 29.494
      vertex 41.4 -37.0451 29.7553
    endloop
  endfacet
  facet normal 0 0.241827 -0.970319
    outer loop
      vertex 41.4 -37.0451 29.7553
      vertex 45 -36.3682 29.924
      vertex 45 -37.0451 29.7553
    endloop
  endfacet
  facet normal 0 0.241827 -0.970319
    outer loop
      vertex 45 -36.3682 29.924
      vertex 41.4 -37.0451 29.7553
      vertex 41.4 -36.3682 29.924
    endloop
  endfacet
  facet normal 0 0.087204 -0.99619
    outer loop
      vertex 41.4 -36.3682 29.924
      vertex 45 -35.5 30
      vertex 45 -36.3682 29.924
    endloop
  endfacet
  facet normal 0 0.087204 -0.99619
    outer loop
      vertex 45 -35.5 30
      vertex 41.4 -36.3682 29.924
      vertex 41.4 -35.5 30
    endloop
  endfacet
  facet normal 0 0 -1
    outer loop
      vertex 41.4 -35.5 30
      vertex 45 -23.087 30
      vertex 45 -35.5 30
    endloop
  endfacet
  facet normal -0 0 -1
    outer loop
      vertex 45 -23.087 30
      vertex 41.4 -35.5 30
      vertex 41.4 -23.087 30
    endloop
  endfacet
  facet normal 0 0.0350762 -0.999385
    outer loop
      vertex 41.4 -23.087 30
      vertex 45 -22.9132 30.0061
      vertex 45 -23.087 30
    endloop
  endfacet
  facet normal 0 0.0350762 -0.999385
    outer loop
      vertex 45 -22.9132 30.0061
      vertex 41.4 -23.087 30
      vertex 41.4 -22.9132 30.0061
    endloop
  endfacet
  facet normal 0 0.069715 -0.997567
    outer loop
      vertex 41.4 -22.9132 30.0061
      vertex 45 -22.4782 30.0365
      vertex 45 -22.9132 30.0061
    endloop
  endfacet
  facet normal 0 0.069715 -0.997567
    outer loop
      vertex 45 -22.4782 30.0365
      vertex 41.4 -22.9132 30.0061
      vertex 41.4 -22.4782 30.0365
    endloop
  endfacet
  facet normal 0 0.139008 -0.990291
    outer loop
      vertex 41.4 -22.4782 30.0365
      vertex 45 -22.1334 30.0849
      vertex 45 -22.4782 30.0365
    endloop
  endfacet
  facet normal 0 0.139008 -0.990291
    outer loop
      vertex 45 -22.1334 30.0849
      vertex 41.4 -22.4782 30.0365
      vertex 41.4 -22.1334 30.0849
    endloop
  endfacet
  facet normal 0 0.208137 -0.9781
    outer loop
      vertex 41.4 -22.1334 30.0849
      vertex 45 -21.7927 30.1574
      vertex 45 -22.1334 30.0849
    endloop
  endfacet
  facet normal 0 0.208137 -0.9781
    outer loop
      vertex 45 -21.7927 30.1574
      vertex 41.4 -22.1334 30.0849
      vertex 41.4 -21.7927 30.1574
    endloop
  endfacet
  facet normal 0 0.275403 -0.961329
    outer loop
      vertex 41.4 -21.7927 30.1574
      vertex 45 -21.4576 30.2534
      vertex 45 -21.7927 30.1574
    endloop
  endfacet
  facet normal 0 0.275403 -0.961329
    outer loop
      vertex 45 -21.4576 30.2534
      vertex 41.4 -21.7927 30.1574
      vertex 41.4 -21.4576 30.2534
    endloop
  endfacet
  facet normal 0 0.342135 -0.939651
    outer loop
      vertex 41.4 -21.4576 30.2534
      vertex 45 -21.1305 30.3725
      vertex 45 -21.4576 30.2534
    endloop
  endfacet
  facet normal 0 0.342135 -0.939651
    outer loop
      vertex 45 -21.1305 30.3725
      vertex 41.4 -21.4576 30.2534
      vertex 41.4 -21.1305 30.3725
    endloop
  endfacet
  facet normal 0 0.406698 -0.913563
    outer loop
      vertex 41.4 -21.1305 30.3725
      vertex 45 -20.8122 30.5142
      vertex 45 -21.1305 30.3725
    endloop
  endfacet
  facet normal 0 0.406698 -0.913563
    outer loop
      vertex 45 -20.8122 30.5142
      vertex 41.4 -21.1305 30.3725
      vertex 41.4 -20.8122 30.5142
    endloop
  endfacet
  facet normal 0 0.469561 -0.8829
    outer loop
      vertex 41.4 -20.8122 30.5142
      vertex 45 -20.5044 30.6779
      vertex 45 -20.8122 30.5142
    endloop
  endfacet
  facet normal 0 0.469561 -0.8829
    outer loop
      vertex 45 -20.5044 30.6779
      vertex 41.4 -20.8122 30.5142
      vertex 41.4 -20.5044 30.6779
    endloop
  endfacet
  facet normal 0 0.529999 -0.847998
    outer loop
      vertex 41.4 -20.5044 30.6779
      vertex 45 -20.2092 30.8624
      vertex 45 -20.5044 30.6779
    endloop
  endfacet
  facet normal 0 0.529999 -0.847998
    outer loop
      vertex 45 -20.2092 30.8624
      vertex 41.4 -20.5044 30.6779
      vertex 41.4 -20.2092 30.8624
    endloop
  endfacet
  facet normal 0 0.587711 -0.809071
    outer loop
      vertex 41.4 -20.2092 30.8624
      vertex 45 -19.9274 31.0671
      vertex 45 -20.2092 30.8624
    endloop
  endfacet
  facet normal 0 0.587711 -0.809071
    outer loop
      vertex 45 -19.9274 31.0671
      vertex 41.4 -20.2092 30.8624
      vertex 41.4 -19.9274 31.0671
    endloop
  endfacet
  facet normal 0 0.642721 -0.7661
    outer loop
      vertex 41.4 -19.9274 31.0671
      vertex 45 -19.6604 31.2911
      vertex 45 -19.9274 31.0671
    endloop
  endfacet
  facet normal 0 0.642721 -0.7661
    outer loop
      vertex 45 -19.6604 31.2911
      vertex 41.4 -19.9274 31.0671
      vertex 41.4 -19.6604 31.2911
    endloop
  endfacet
  facet normal 0 0.694799 -0.719204
    outer loop
      vertex 41.4 -19.6604 31.2911
      vertex 45 -19.4099 31.5331
      vertex 45 -19.6604 31.2911
    endloop
  endfacet
  facet normal 0 0.694799 -0.719204
    outer loop
      vertex 45 -19.4099 31.5331
      vertex 41.4 -19.6604 31.2911
      vertex 41.4 -19.4099 31.5331
    endloop
  endfacet
  facet normal 0 0.743023 -0.669266
    outer loop
      vertex 45 -19.4099 31.5331
      vertex 41.4 -19.1767 31.792
      vertex 45 -19.1767 31.792
    endloop
  endfacet
  facet normal 0 0.743023 -0.669266
    outer loop
      vertex 41.4 -19.1767 31.792
      vertex 45 -19.4099 31.5331
      vertex 41.4 -19.4099 31.5331
    endloop
  endfacet
  facet normal 0 0.788098 -0.615549
    outer loop
      vertex 45 -19.1767 31.792
      vertex 41.4 -18.9623 32.0665
      vertex 45 -18.9623 32.0665
    endloop
  endfacet
  facet normal 0 0.788098 -0.615549
    outer loop
      vertex 41.4 -18.9623 32.0665
      vertex 45 -19.1767 31.792
      vertex 41.4 -19.1767 31.792
    endloop
  endfacet
  facet normal 0 0.829078 -0.559132
    outer loop
      vertex 45 -18.9623 32.0665
      vertex 41.4 -18.7676 32.3552
      vertex 45 -18.7676 32.3552
    endloop
  endfacet
  facet normal 0 0.829078 -0.559132
    outer loop
      vertex 41.4 -18.7676 32.3552
      vertex 45 -18.9623 32.0665
      vertex 41.4 -18.9623 32.0665
    endloop
  endfacet
  facet normal 0 0.865884 -0.500244
    outer loop
      vertex 45 -18.7676 32.3552
      vertex 41.4 -18.5933 32.6569
      vertex 45 -18.5933 32.6569
    endloop
  endfacet
  facet normal 0 0.865884 -0.500244
    outer loop
      vertex 41.4 -18.5933 32.6569
      vertex 45 -18.7676 32.3552
      vertex 41.4 -18.7676 32.3552
    endloop
  endfacet
  facet normal 0 0.898859 -0.438237
    outer loop
      vertex 45 -18.5933 32.6569
      vertex 41.4 -18.4406 32.9701
      vertex 45 -18.4406 32.9701
    endloop
  endfacet
  facet normal 0 0.898859 -0.438237
    outer loop
      vertex 41.4 -18.4406 32.9701
      vertex 45 -18.5933 32.6569
      vertex 41.4 -18.5933 32.6569
    endloop
  endfacet
  facet normal 0 0.927144 -0.374705
    outer loop
      vertex 45 -18.4406 32.9701
      vertex 41.4 -18.3101 33.293
      vertex 45 -18.3101 33.293
    endloop
  endfacet
  facet normal 0 0.927144 -0.374705
    outer loop
      vertex 41.4 -18.3101 33.293
      vertex 45 -18.4406 32.9701
      vertex 41.4 -18.4406 32.9701
    endloop
  endfacet
  facet normal 0 0.951123 -0.308813
    outer loop
      vertex 45 -18.3101 33.293
      vertex 41.4 -18.2025 33.6244
      vertex 45 -18.2025 33.6244
    endloop
  endfacet
  facet normal 0 0.951123 -0.308813
    outer loop
      vertex 41.4 -18.2025 33.6244
      vertex 45 -18.3101 33.293
      vertex 41.4 -18.3101 33.293
    endloop
  endfacet
  facet normal 0 0.970286 -0.241959
    outer loop
      vertex 45 -18.2025 33.6244
      vertex 41.4 -18.1235 33.9412
      vertex 45 -18.1235 33.9412
    endloop
  endfacet
  facet normal 0 0.970286 -0.241959
    outer loop
      vertex 41.4 -18.1235 33.9412
      vertex 45 -18.2025 33.6244
      vertex 41.4 -18.2025 33.6244
    endloop
  endfacet
  facet normal 0 0.986263 -0.165186
    outer loop
      vertex 45 -18.1235 33.9412
      vertex 41.4 -18.0588 34.3275
      vertex 45 -18.0588 34.3275
    endloop
  endfacet
  facet normal 0 0.986263 -0.165186
    outer loop
      vertex 41.4 -18.0588 34.3275
      vertex 45 -18.1235 33.9412
      vertex 41.4 -18.1235 33.9412
    endloop
  endfacet
  facet normal 0 0.996199 -0.08711
    outer loop
      vertex 45 -18.0588 34.3275
      vertex 41.4 -18.0095 34.8913
      vertex 45 -18.0095 34.8913
    endloop
  endfacet
  facet normal 0 0.996199 -0.08711
    outer loop
      vertex 41.4 -18.0095 34.8913
      vertex 45 -18.0588 34.3275
      vertex 41.4 -18.0588 34.3275
    endloop
  endfacet
  facet normal 0 0.99905 -0.0435766
    outer loop
      vertex 45 -18.0095 34.8913
      vertex 41.4 -18 35.1091
      vertex 45 -18 35.1091
    endloop
  endfacet
  facet normal 0 0.99905 -0.0435766
    outer loop
      vertex 41.4 -18 35.1091
      vertex 45 -18.0095 34.8913
      vertex 41.4 -18.0095 34.8913
    endloop
  endfacet
  facet normal 0 1 -0
    outer loop
      vertex 45 -18 35.1091
      vertex 41.4 -18 74.913
      vertex 45 -18 74.913
    endloop
  endfacet
  facet normal 0 1 0
    outer loop
      vertex 41.4 -18 74.913
      vertex 45 -18 35.1091
      vertex 41.4 -18 35.1091
    endloop
  endfacet
  facet normal 0 0.999385 0.0350762
    outer loop
      vertex 45 -18 74.913
      vertex 41.4 -18.0061 75.0868
      vertex 45 -18.0061 75.0868
    endloop
  endfacet
  facet normal 0 0.999385 0.0350762
    outer loop
      vertex 41.4 -18.0061 75.0868
      vertex 45 -18 74.913
      vertex 41.4 -18 74.913
    endloop
  endfacet
  facet normal 0 0.997567 0.069715
    outer loop
      vertex 45 -18.0061 75.0868
      vertex 41.4 -18.0365 75.5218
      vertex 45 -18.0365 75.5218
    endloop
  endfacet
  facet normal 0 0.997567 0.069715
    outer loop
      vertex 41.4 -18.0365 75.5218
      vertex 45 -18.0061 75.0868
      vertex 41.4 -18.0061 75.0868
    endloop
  endfacet
  facet normal 0 0.990291 0.139008
    outer loop
      vertex 45 -18.0365 75.5218
      vertex 41.4 -18.0849 75.8666
      vertex 45 -18.0849 75.8666
    endloop
  endfacet
  facet normal 0 0.990291 0.139008
    outer loop
      vertex 41.4 -18.0849 75.8666
      vertex 45 -18.0365 75.5218
      vertex 41.4 -18.0365 75.5218
    endloop
  endfacet
  facet normal 0 0.9781 0.208137
    outer loop
      vertex 45 -18.0849 75.8666
      vertex 41.4 -18.1574 76.2073
      vertex 45 -18.1574 76.2073
    endloop
  endfacet
  facet normal 0 0.9781 0.208137
    outer loop
      vertex 41.4 -18.1574 76.2073
      vertex 45 -18.0849 75.8666
      vertex 41.4 -18.0849 75.8666
    endloop
  endfacet
  facet normal 0 0.961329 0.275403
    outer loop
      vertex 45 -18.1574 76.2073
      vertex 41.4 -18.2534 76.5424
      vertex 45 -18.2534 76.5424
    endloop
  endfacet
  facet normal 0 0.961329 0.275403
    outer loop
      vertex 41.4 -18.2534 76.5424
      vertex 45 -18.1574 76.2073
      vertex 41.4 -18.1574 76.2073
    endloop
  endfacet
  facet normal 0 0.939651 0.342135
    outer loop
      vertex 45 -18.2534 76.5424
      vertex 41.4 -18.3725 76.8695
      vertex 45 -18.3725 76.8695
    endloop
  endfacet
  facet normal 0 0.939651 0.342135
    outer loop
      vertex 41.4 -18.3725 76.8695
      vertex 45 -18.2534 76.5424
      vertex 41.4 -18.2534 76.5424
    endloop
  endfacet
  facet normal 0 0.913563 0.406698
    outer loop
      vertex 45 -18.3725 76.8695
      vertex 41.4 -18.5142 77.1878
      vertex 45 -18.5142 77.1878
    endloop
  endfacet
  facet normal 0 0.913563 0.406698
    outer loop
      vertex 41.4 -18.5142 77.1878
      vertex 45 -18.3725 76.8695
      vertex 41.4 -18.3725 76.8695
    endloop
  endfacet
  facet normal 0 0.8829 0.469561
    outer loop
      vertex 45 -18.5142 77.1878
      vertex 41.4 -18.6779 77.4956
      vertex 45 -18.6779 77.4956
    endloop
  endfacet
  facet normal 0 0.8829 0.469561
    outer loop
      vertex 41.4 -18.6779 77.4956
      vertex 45 -18.5142 77.1878
      vertex 41.4 -18.5142 77.1878
    endloop
  endfacet
  facet normal 0 0.847998 0.529999
    outer loop
      vertex 45 -18.6779 77.4956
      vertex 41.4 -18.8624 77.7908
      vertex 45 -18.8624 77.7908
    endloop
  endfacet
  facet normal 0 0.847998 0.529999
    outer loop
      vertex 41.4 -18.8624 77.7908
      vertex 45 -18.6779 77.4956
      vertex 41.4 -18.6779 77.4956
    endloop
  endfacet
  facet normal 0 0.809071 0.587711
    outer loop
      vertex 45 -18.8624 77.7908
      vertex 41.4 -19.0671 78.0726
      vertex 45 -19.0671 78.0726
    endloop
  endfacet
  facet normal 0 0.809071 0.587711
    outer loop
      vertex 41.4 -19.0671 78.0726
      vertex 45 -18.8624 77.7908
      vertex 41.4 -18.8624 77.7908
    endloop
  endfacet
  facet normal 0 0.7661 0.642721
    outer loop
      vertex 45 -19.0671 78.0726
      vertex 41.4 -19.2911 78.3396
      vertex 45 -19.2911 78.3396
    endloop
  endfacet
  facet normal 0 0.7661 0.642721
    outer loop
      vertex 41.4 -19.2911 78.3396
      vertex 45 -19.0671 78.0726
      vertex 41.4 -19.0671 78.0726
    endloop
  endfacet
  facet normal 0 0.719204 0.694799
    outer loop
      vertex 45 -19.2911 78.3396
      vertex 41.4 -19.5331 78.5901
      vertex 45 -19.5331 78.5901
    endloop
  endfacet
  facet normal 0 0.719204 0.694799
    outer loop
      vertex 41.4 -19.5331 78.5901
      vertex 45 -19.2911 78.3396
      vertex 41.4 -19.2911 78.3396
    endloop
  endfacet
  facet normal -0 0.669266 0.743023
    outer loop
      vertex 41.4 -19.5331 78.5901
      vertex 45 -19.792 78.8233
      vertex 45 -19.5331 78.5901
    endloop
  endfacet
  facet normal 0 0.669266 0.743023
    outer loop
      vertex 45 -19.792 78.8233
      vertex 41.4 -19.5331 78.5901
      vertex 41.4 -19.792 78.8233
    endloop
  endfacet
  facet normal -0 0.615549 0.788098
    outer loop
      vertex 41.4 -19.792 78.8233
      vertex 45 -20.0665 79.0377
      vertex 45 -19.792 78.8233
    endloop
  endfacet
  facet normal 0 0.615549 0.788098
    outer loop
      vertex 45 -20.0665 79.0377
      vertex 41.4 -19.792 78.8233
      vertex 41.4 -20.0665 79.0377
    endloop
  endfacet
  facet normal -0 0.559132 0.829078
    outer loop
      vertex 41.4 -20.0665 79.0377
      vertex 45 -20.3552 79.2324
      vertex 45 -20.0665 79.0377
    endloop
  endfacet
  facet normal 0 0.559132 0.829078
    outer loop
      vertex 45 -20.3552 79.2324
      vertex 41.4 -20.0665 79.0377
      vertex 41.4 -20.3552 79.2324
    endloop
  endfacet
  facet normal -0 0.500244 0.865884
    outer loop
      vertex 41.4 -20.3552 79.2324
      vertex 45 -20.6569 79.4067
      vertex 45 -20.3552 79.2324
    endloop
  endfacet
  facet normal 0 0.500244 0.865884
    outer loop
      vertex 45 -20.6569 79.4067
      vertex 41.4 -20.3552 79.2324
      vertex 41.4 -20.6569 79.4067
    endloop
  endfacet
  facet normal -0 0.438237 0.898859
    outer loop
      vertex 41.4 -20.6569 79.4067
      vertex 45 -20.9701 79.5594
      vertex 45 -20.6569 79.4067
    endloop
  endfacet
  facet normal 0 0.438237 0.898859
    outer loop
      vertex 45 -20.9701 79.5594
      vertex 41.4 -20.6569 79.4067
      vertex 41.4 -20.9701 79.5594
    endloop
  endfacet
  facet normal -0 0.374705 0.927144
    outer loop
      vertex 41.4 -20.9701 79.5594
      vertex 45 -21.293 79.6899
      vertex 45 -20.9701 79.5594
    endloop
  endfacet
  facet normal 0 0.374705 0.927144
    outer loop
      vertex 45 -21.293 79.6899
      vertex 41.4 -20.9701 79.5594
      vertex 41.4 -21.293 79.6899
    endloop
  endfacet
  facet normal -0 0.308813 0.951123
    outer loop
      vertex 41.4 -21.293 79.6899
      vertex 45 -21.6244 79.7975
      vertex 45 -21.293 79.6899
    endloop
  endfacet
  facet normal 0 0.308813 0.951123
    outer loop
      vertex 45 -21.6244 79.7975
      vertex 41.4 -21.293 79.6899
      vertex 41.4 -21.6244 79.7975
    endloop
  endfacet
  facet normal -0 0.241959 0.970286
    outer loop
      vertex 41.4 -21.6244 79.7975
      vertex 45 -21.9412 79.8765
      vertex 45 -21.6244 79.7975
    endloop
  endfacet
  facet normal 0 0.241959 0.970286
    outer loop
      vertex 45 -21.9412 79.8765
      vertex 41.4 -21.6244 79.7975
      vertex 41.4 -21.9412 79.8765
    endloop
  endfacet
  facet normal -0 0.165186 0.986263
    outer loop
      vertex 41.4 -21.9412 79.8765
      vertex 45 -22.3275 79.9412
      vertex 45 -21.9412 79.8765
    endloop
  endfacet
  facet normal 0 0.165186 0.986263
    outer loop
      vertex 45 -22.3275 79.9412
      vertex 41.4 -21.9412 79.8765
      vertex 41.4 -22.3275 79.9412
    endloop
  endfacet
  facet normal -0 0.08711 0.996199
    outer loop
      vertex 41.4 -22.3275 79.9412
      vertex 45 -22.8913 79.9905
      vertex 45 -22.3275 79.9412
    endloop
  endfacet
  facet normal 0 0.08711 0.996199
    outer loop
      vertex 45 -22.8913 79.9905
      vertex 41.4 -22.3275 79.9412
      vertex 41.4 -22.8913 79.9905
    endloop
  endfacet
  facet normal -0 0.0435766 0.99905
    outer loop
      vertex 41.4 -22.8913 79.9905
      vertex 45 -23.1091 80
      vertex 45 -22.8913 79.9905
    endloop
  endfacet
  facet normal 0 0.0435766 0.99905
    outer loop
      vertex 45 -23.1091 80
      vertex 41.4 -22.8913 79.9905
      vertex 41.4 -23.1091 80
    endloop
  endfacet
  facet normal -0 0 1
    outer loop
      vertex 41.4 -23.1091 80
      vertex 45 -35.5 80
      vertex 45 -23.1091 80
    endloop
  endfacet
  facet normal 0 0 1
    outer loop
      vertex 45 -35.5 80
      vertex 41.4 -23.1091 80
      vertex 41.4 -35.5 80
    endloop
  endfacet
  facet normal -0 0.0698106 0.99756
    outer loop
      vertex 41.4 -35.5 80
      vertex 45 -36.1959 80.0487
      vertex 45 -35.5 80
    endloop
  endfacet
  facet normal 0 0.0698106 0.99756
    outer loop
      vertex 45 -36.1959 80.0487
      vertex 41.4 -35.5 80
      vertex 41.4 -36.1959 80.0487
    endloop
  endfacet
  facet normal -0 0.207874 0.978156
    outer loop
      vertex 41.4 -36.1959 80.0487
      vertex 45 -36.8782 80.1937
      vertex 45 -36.1959 80.0487
    endloop
  endfacet
  facet normal 0 0.207874 0.978156
    outer loop
      vertex 45 -36.8782 80.1937
      vertex 41.4 -36.1959 80.0487
      vertex 41.4 -36.8782 80.1937
    endloop
  endfacet
  facet normal -0 0.342042 0.939685
    outer loop
      vertex 41.4 -36.8782 80.1937
      vertex 45 -37.5337 80.4323
      vertex 45 -36.8782 80.1937
    endloop
  endfacet
  facet normal 0 0.342042 0.939685
    outer loop
      vertex 45 -37.5337 80.4323
      vertex 41.4 -36.8782 80.1937
      vertex 41.4 -37.5337 80.4323
    endloop
  endfacet
  facet normal -0 0.469494 0.882936
    outer loop
      vertex 41.4 -37.5337 80.4323
      vertex 45 -38.1496 80.7598
      vertex 45 -37.5337 80.4323
    endloop
  endfacet
  facet normal 0 0.469494 0.882936
    outer loop
      vertex 45 -38.1496 80.7598
      vertex 41.4 -37.5337 80.4323
      vertex 41.4 -38.1496 80.7598
    endloop
  endfacet
  facet normal -0 0.587797 0.809009
    outer loop
      vertex 41.4 -38.1496 80.7598
      vertex 45 -38.7139 81.1698
      vertex 45 -38.1496 80.7598
    endloop
  endfacet
  facet normal 0 0.587797 0.809009
    outer loop
      vertex 45 -38.7139 81.1698
      vertex 41.4 -38.1496 80.7598
      vertex 41.4 -38.7139 81.1698
    endloop
  endfacet
  facet normal -0 0.694597 0.719399
    outer loop
      vertex 41.4 -38.7139 81.1698
      vertex 45 -39.2157 81.6543
      vertex 45 -38.7139 81.1698
    endloop
  endfacet
  facet normal 0 0.694597 0.719399
    outer loop
      vertex 45 -39.2157 81.6543
      vertex 41.4 -38.7139 81.1698
      vertex 41.4 -39.2157 81.6543
    endloop
  endfacet
  facet normal 0 0.787992 0.615686
    outer loop
      vertex 45 -39.2157 81.6543
      vertex 41.4 -39.6452 82.204
      vertex 45 -39.6452 82.204
    endloop
  endfacet
  facet normal 0 0.787992 0.615686
    outer loop
      vertex 41.4 -39.6452 82.204
      vertex 45 -39.2157 81.6543
      vertex 41.4 -39.2157 81.6543
    endloop
  endfacet
  facet normal 0 0.866047 0.499962
    outer loop
      vertex 45 -39.6452 82.204
      vertex 41.4 -39.994 82.8082
      vertex 45 -39.994 82.8082
    endloop
  endfacet
  facet normal 0 0.866047 0.499962
    outer loop
      vertex 41.4 -39.994 82.8082
      vertex 45 -39.6452 82.204
      vertex 41.4 -39.6452 82.204
    endloop
  endfacet
  facet normal 0 0.927176 0.374627
    outer loop
      vertex 45 -39.994 82.8082
      vertex 41.4 -40.2553 83.4549
      vertex 45 -40.2553 83.4549
    endloop
  endfacet
  facet normal 0 0.927176 0.374627
    outer loop
      vertex 41.4 -40.2553 83.4549
      vertex 45 -39.994 82.8082
      vertex 41.4 -39.994 82.8082
    endloop
  endfacet
  facet normal 0 0.970319 0.241827
    outer loop
      vertex 45 -40.2553 83.4549
      vertex 41.4 -40.424 84.1318
      vertex 45 -40.424 84.1318
    endloop
  endfacet
  facet normal 0 0.970319 0.241827
    outer loop
      vertex 41.4 -40.424 84.1318
      vertex 45 -40.2553 83.4549
      vertex 41.4 -40.2553 83.4549
    endloop
  endfacet
  facet normal 0 0.99619 0.087204
    outer loop
      vertex 45 -40.424 84.1318
      vertex 41.4 -40.5 85
      vertex 45 -40.5 85
    endloop
  endfacet
  facet normal 0 0.99619 0.087204
    outer loop
      vertex 41.4 -40.5 85
      vertex 45 -40.424 84.1318
      vertex 41.4 -40.424 84.1318
    endloop
  endfacet
  facet normal 0 1 -0
    outer loop
      vertex 45 -40.5 85
      vertex 41.4 -40.5 100
      vertex 45 -40.5 100
    endloop
  endfacet
  facet normal 0 1 0
    outer loop
      vertex 41.4 -40.5 100
      vertex 45 -40.5 85
      vertex 41.4 -40.5 85
    endloop
  endfacet
  facet normal 0 0.997561 -0.0698006
    outer loop
      vertex 45 -40.5 100
      vertex 41.4 -40.4513 100.696
      vertex 45 -40.4513 100.696
    endloop
  endfacet
  facet normal 0 0.997561 -0.0698006
    outer loop
      vertex 41.4 -40.4513 100.696
      vertex 45 -40.5 100
      vertex 41.4 -40.5 100
    endloop
  endfacet
  facet normal 0 0.978137 -0.207962
    outer loop
      vertex 45 -40.4513 100.696
      vertex 41.4 -40.3063 101.378
      vertex 45 -40.3063 101.378
    endloop
  endfacet
  facet normal 0 0.978137 -0.207962
    outer loop
      vertex 41.4 -40.3063 101.378
      vertex 45 -40.4513 100.696
      vertex 41.4 -40.4513 100.696
    endloop
  endfacet
  facet normal 0 0.939768 -0.341812
    outer loop
      vertex 45 -40.3063 101.378
      vertex 41.4 -40.0677 102.034
      vertex 45 -40.0677 102.034
    endloop
  endfacet
  facet normal 0 0.939768 -0.341812
    outer loop
      vertex 41.4 -40.0677 102.034
      vertex 45 -40.3063 101.378
      vertex 41.4 -40.3063 101.378
    endloop
  endfacet
  facet normal 0 0.882967 -0.469435
    outer loop
      vertex 45 -40.0677 102.034
      vertex 41.4 -39.7402 102.65
      vertex 45 -39.7402 102.65
    endloop
  endfacet
  facet normal 0 0.882967 -0.469435
    outer loop
      vertex 41.4 -39.7402 102.65
      vertex 45 -40.0677 102.034
      vertex 41.4 -40.0677 102.034
    endloop
  endfacet
  facet normal 0 0.80886 -0.588001
    outer loop
      vertex 45 -39.7402 102.65
      vertex 41.4 -39.3302 103.214
      vertex 45 -39.3302 103.214
    endloop
  endfacet
  facet normal 0 0.80886 -0.588001
    outer loop
      vertex 41.4 -39.3302 103.214
      vertex 45 -39.7402 102.65
      vertex 41.4 -39.7402 102.65
    endloop
  endfacet
  facet normal 0 0.719537 -0.694454
    outer loop
      vertex 45 -39.3302 103.214
      vertex 41.4 -38.8457 103.716
      vertex 45 -38.8457 103.716
    endloop
  endfacet
  facet normal 0 0.719537 -0.694454
    outer loop
      vertex 41.4 -38.8457 103.716
      vertex 45 -39.3302 103.214
      vertex 41.4 -39.3302 103.214
    endloop
  endfacet
  facet normal 0 0.61524 -0.78834
    outer loop
      vertex 41.4 -38.8457 103.716
      vertex 45 -38.296 104.145
      vertex 45 -38.8457 103.716
    endloop
  endfacet
  facet normal 0 0.61524 -0.78834
    outer loop
      vertex 45 -38.296 104.145
      vertex 41.4 -38.8457 103.716
      vertex 41.4 -38.296 104.145
    endloop
  endfacet
  facet normal 0 0.500177 -0.865923
    outer loop
      vertex 41.4 -38.296 104.145
      vertex 45 -37.6918 104.494
      vertex 45 -38.296 104.145
    endloop
  endfacet
  facet normal 0 0.500177 -0.865923
    outer loop
      vertex 45 -37.6918 104.494
      vertex 41.4 -38.296 104.145
      vertex 41.4 -37.6918 104.494
    endloop
  endfacet
  facet normal 0 0.374257 -0.927325
    outer loop
      vertex 41.4 -37.6918 104.494
      vertex 45 -37.0451 104.755
      vertex 45 -37.6918 104.494
    endloop
  endfacet
  facet normal 0 0.374257 -0.927325
    outer loop
      vertex 45 -37.0451 104.755
      vertex 41.4 -37.6918 104.494
      vertex 41.4 -37.0451 104.755
    endloop
  endfacet
  facet normal 0 0.242232 -0.970218
    outer loop
      vertex 41.4 -37.0451 104.755
      vertex 45 -36.3682 104.924
      vertex 45 -37.0451 104.755
    endloop
  endfacet
  facet normal 0 0.242232 -0.970218
    outer loop
      vertex 45 -36.3682 104.924
      vertex 41.4 -37.0451 104.755
      vertex 41.4 -36.3682 104.924
    endloop
  endfacet
  facet normal 0 0.087204 -0.99619
    outer loop
      vertex 41.4 -36.3682 104.924
      vertex 45 -35.5 105
      vertex 45 -36.3682 104.924
    endloop
  endfacet
  facet normal 0 0.087204 -0.99619
    outer loop
      vertex 45 -35.5 105
      vertex 41.4 -36.3682 104.924
      vertex 41.4 -35.5 105
    endloop
  endfacet
  facet normal 0 0 -1
    outer loop
      vertex 41.4 -35.5 105
      vertex 45 35.5 105
      vertex 45 -35.5 105
    endloop
  endfacet
  facet normal -0 0 -1
    outer loop
      vertex 45 35.5 105
      vertex 41.4 -35.5 105
      vertex 41.4 35.5 105
    endloop
  endfacet
  facet normal 0 -0.0702385 -0.99753
    outer loop
      vertex 41.4 35.5 105
      vertex 45 36.1959 104.951
      vertex 45 35.5 105
    endloop
  endfacet
  facet normal -0 -0.0702385 -0.99753
    outer loop
      vertex 45 36.1959 104.951
      vertex 41.4 35.5 105
      vertex 41.4 36.1959 104.951
    endloop
  endfacet
  facet normal 0 -0.207874 -0.978156
    outer loop
      vertex 41.4 36.1959 104.951
      vertex 45 36.8782 104.806
      vertex 45 36.1959 104.951
    endloop
  endfacet
  facet normal -0 -0.207874 -0.978156
    outer loop
      vertex 45 36.8782 104.806
      vertex 41.4 36.1959 104.951
      vertex 41.4 36.8782 104.806
    endloop
  endfacet
  facet normal 0 -0.341282 -0.939961
    outer loop
      vertex 41.4 36.8782 104.806
      vertex 45 37.5337 104.568
      vertex 45 36.8782 104.806
    endloop
  endfacet
  facet normal -0 -0.341282 -0.939961
    outer loop
      vertex 45 37.5337 104.568
      vertex 41.4 36.8782 104.806
      vertex 41.4 37.5337 104.568
    endloop
  endfacet
  facet normal 0 -0.470053 -0.882638
    outer loop
      vertex 41.4 37.5337 104.568
      vertex 45 38.1496 104.24
      vertex 45 37.5337 104.568
    endloop
  endfacet
  facet normal -0 -0.470053 -0.882638
    outer loop
      vertex 45 38.1496 104.24
      vertex 41.4 37.5337 104.568
      vertex 41.4 38.1496 104.24
    endloop
  endfacet
  facet normal 0 -0.587797 -0.809009
    outer loop
      vertex 41.4 38.1496 104.24
      vertex 45 38.7139 103.83
      vertex 45 38.1496 104.24
    endloop
  endfacet
  facet normal -0 -0.587797 -0.809009
    outer loop
      vertex 45 38.7139 103.83
      vertex 41.4 38.1496 104.24
      vertex 41.4 38.7139 103.83
    endloop
  endfacet
  facet normal 0 -0.694226 -0.719757
    outer loop
      vertex 41.4 38.7139 103.83
      vertex 45 39.2157 103.346
      vertex 45 38.7139 103.83
    endloop
  endfacet
  facet normal -0 -0.694226 -0.719757
    outer loop
      vertex 45 39.2157 103.346
      vertex 41.4 38.7139 103.83
      vertex 41.4 39.2157 103.346
    endloop
  endfacet
  facet normal 0 -0.788155 -0.615477
    outer loop
      vertex 41.4 39.6452 102.796
      vertex 45 39.2157 103.346
      vertex 41.4 39.2157 103.346
    endloop
  endfacet
  facet normal 0 -0.788155 -0.615477
    outer loop
      vertex 45 39.2157 103.346
      vertex 41.4 39.6452 102.796
      vertex 45 39.6452 102.796
    endloop
  endfacet
  facet normal 0 -0.865975 -0.500086
    outer loop
      vertex 41.4 39.994 102.192
      vertex 45 39.6452 102.796
      vertex 41.4 39.6452 102.796
    endloop
  endfacet
  facet normal 0 -0.865975 -0.500086
    outer loop
      vertex 45 39.6452 102.796
      vertex 41.4 39.994 102.192
      vertex 45 39.994 102.192
    endloop
  endfacet
  facet normal 0 -0.927236 -0.374477
    outer loop
      vertex 41.4 40.2553 101.545
      vertex 45 39.994 102.192
      vertex 41.4 39.994 102.192
    endloop
  endfacet
  facet normal 0 -0.927236 -0.374477
    outer loop
      vertex 45 39.994 102.192
      vertex 41.4 40.2553 101.545
      vertex 45 40.2553 101.545
    endloop
  endfacet
  facet normal 0 -0.970328 -0.241794
    outer loop
      vertex 41.4 40.424 100.868
      vertex 45 40.2553 101.545
      vertex 41.4 40.2553 101.545
    endloop
  endfacet
  facet normal 0 -0.970328 -0.241794
    outer loop
      vertex 45 40.2553 101.545
      vertex 41.4 40.424 100.868
      vertex 45 40.424 100.868
    endloop
  endfacet
  facet normal 0 -0.996189 -0.0872239
    outer loop
      vertex 41.4 40.5 100
      vertex 45 40.424 100.868
      vertex 41.4 40.424 100.868
    endloop
  endfacet
  facet normal 0 -0.996189 -0.0872239
    outer loop
      vertex 45 40.424 100.868
      vertex 41.4 40.5 100
      vertex 45 40.5 100
    endloop
  endfacet
  facet normal 0 -1 0
    outer loop
      vertex 41.4 40.5 85
      vertex 45 40.5 100
      vertex 41.4 40.5 100
    endloop
  endfacet
  facet normal 0 -1 -0
    outer loop
      vertex 45 40.5 100
      vertex 41.4 40.5 85
      vertex 45 40.5 85
    endloop
  endfacet
  facet normal 0 -0.99756 0.0698106
    outer loop
      vertex 41.4 40.4513 84.3041
      vertex 45 40.5 85
      vertex 41.4 40.5 85
    endloop
  endfacet
  facet normal 0 -0.99756 0.0698106
    outer loop
      vertex 45 40.5 85
      vertex 41.4 40.4513 84.3041
      vertex 45 40.4513 84.3041
    endloop
  endfacet
  facet normal 0 -0.978156 0.207874
    outer loop
      vertex 41.4 40.3063 83.6218
      vertex 45 40.4513 84.3041
      vertex 41.4 40.4513 84.3041
    endloop
  endfacet
  facet normal 0 -0.978156 0.207874
    outer loop
      vertex 45 40.4513 84.3041
      vertex 41.4 40.3063 83.6218
      vertex 45 40.3063 83.6218
    endloop
  endfacet
  facet normal 0 -0.939685 0.342042
    outer loop
      vertex 41.4 40.0677 82.9663
      vertex 45 40.3063 83.6218
      vertex 41.4 40.3063 83.6218
    endloop
  endfacet
  facet normal 0 -0.939685 0.342042
    outer loop
      vertex 45 40.3063 83.6218
      vertex 41.4 40.0677 82.9663
      vertex 45 40.0677 82.9663
    endloop
  endfacet
  facet normal 0 -0.882936 0.469494
    outer loop
      vertex 41.4 39.7402 82.3504
      vertex 45 40.0677 82.9663
      vertex 41.4 40.0677 82.9663
    endloop
  endfacet
  facet normal 0 -0.882936 0.469494
    outer loop
      vertex 45 40.0677 82.9663
      vertex 41.4 39.7402 82.3504
      vertex 45 39.7402 82.3504
    endloop
  endfacet
  facet normal 0 -0.809009 0.587797
    outer loop
      vertex 41.4 39.3302 81.7861
      vertex 45 39.7402 82.3504
      vertex 41.4 39.7402 82.3504
    endloop
  endfacet
  facet normal 0 -0.809009 0.587797
    outer loop
      vertex 45 39.7402 82.3504
      vertex 41.4 39.3302 81.7861
      vertex 45 39.3302 81.7861
    endloop
  endfacet
  facet normal 0 -0.719399 0.694597
    outer loop
      vertex 41.4 38.8457 81.2843
      vertex 45 39.3302 81.7861
      vertex 41.4 39.3302 81.7861
    endloop
  endfacet
  facet normal 0 -0.719399 0.694597
    outer loop
      vertex 45 39.3302 81.7861
      vertex 41.4 38.8457 81.2843
      vertex 45 38.8457 81.2843
    endloop
  endfacet
  facet normal 0 -0.615686 0.787992
    outer loop
      vertex 41.4 38.8457 81.2843
      vertex 45 38.296 80.8548
      vertex 45 38.8457 81.2843
    endloop
  endfacet
  facet normal 0 -0.615686 0.787992
    outer loop
      vertex 45 38.296 80.8548
      vertex 41.4 38.8457 81.2843
      vertex 41.4 38.296 80.8548
    endloop
  endfacet
  facet normal 0 -0.499962 0.866047
    outer loop
      vertex 41.4 38.296 80.8548
      vertex 45 37.6918 80.506
      vertex 45 38.296 80.8548
    endloop
  endfacet
  facet normal 0 -0.499962 0.866047
    outer loop
      vertex 45 37.6918 80.506
      vertex 41.4 38.296 80.8548
      vertex 41.4 37.6918 80.506
    endloop
  endfacet
  facet normal 0 -0.374627 0.927176
    outer loop
      vertex 41.4 37.6918 80.506
      vertex 45 37.0451 80.2447
      vertex 45 37.6918 80.506
    endloop
  endfacet
  facet normal 0 -0.374627 0.927176
    outer loop
      vertex 45 37.0451 80.2447
      vertex 41.4 37.6918 80.506
      vertex 41.4 37.0451 80.2447
    endloop
  endfacet
  facet normal 0 -0.241827 0.970319
    outer loop
      vertex 41.4 37.0451 80.2447
      vertex 45 36.3682 80.076
      vertex 45 37.0451 80.2447
    endloop
  endfacet
  facet normal 0 -0.241827 0.970319
    outer loop
      vertex 45 36.3682 80.076
      vertex 41.4 37.0451 80.2447
      vertex 41.4 36.3682 80.076
    endloop
  endfacet
  facet normal 0 -0.087204 0.99619
    outer loop
      vertex 41.4 36.3682 80.076
      vertex 45 35.5 80
      vertex 45 36.3682 80.076
    endloop
  endfacet
  facet normal 0 -0.087204 0.99619
    outer loop
      vertex 45 35.5 80
      vertex 41.4 36.3682 80.076
      vertex 41.4 35.5 80
    endloop
  endfacet
  facet normal -0 0 1
    outer loop
      vertex 41.4 35.5 80
      vertex 45 23.087 80
      vertex 45 35.5 80
    endloop
  endfacet
  facet normal 0 0 1
    outer loop
      vertex 45 23.087 80
      vertex 41.4 35.5 80
      vertex 41.4 23.087 80
    endloop
  endfacet
  facet normal 0 -0.0350762 0.999385
    outer loop
      vertex 41.4 23.087 80
      vertex 45 22.9132 79.9939
      vertex 45 23.087 80
    endloop
  endfacet
  facet normal 0 -0.0350762 0.999385
    outer loop
      vertex 45 22.9132 79.9939
      vertex 41.4 23.087 80
      vertex 41.4 22.9132 79.9939
    endloop
  endfacet
  facet normal 0 -0.069715 0.997567
    outer loop
      vertex 41.4 22.9132 79.9939
      vertex 45 22.4782 79.9635
      vertex 45 22.9132 79.9939
    endloop
  endfacet
  facet normal 0 -0.069715 0.997567
    outer loop
      vertex 45 22.4782 79.9635
      vertex 41.4 22.9132 79.9939
      vertex 41.4 22.4782 79.9635
    endloop
  endfacet
  facet normal 0 -0.139008 0.990291
    outer loop
      vertex 41.4 22.4782 79.9635
      vertex 45 22.1334 79.9151
      vertex 45 22.4782 79.9635
    endloop
  endfacet
  facet normal 0 -0.139008 0.990291
    outer loop
      vertex 45 22.1334 79.9151
      vertex 41.4 22.4782 79.9635
      vertex 41.4 22.1334 79.9151
    endloop
  endfacet
  facet normal 0 -0.208137 0.9781
    outer loop
      vertex 41.4 22.1334 79.9151
      vertex 45 21.7927 79.8426
      vertex 45 22.1334 79.9151
    endloop
  endfacet
  facet normal 0 -0.208137 0.9781
    outer loop
      vertex 45 21.7927 79.8426
      vertex 41.4 22.1334 79.9151
      vertex 41.4 21.7927 79.8426
    endloop
  endfacet
  facet normal 0 -0.275403 0.961329
    outer loop
      vertex 41.4 21.7927 79.8426
      vertex 45 21.4576 79.7466
      vertex 45 21.7927 79.8426
    endloop
  endfacet
  facet normal 0 -0.275403 0.961329
    outer loop
      vertex 45 21.4576 79.7466
      vertex 41.4 21.7927 79.8426
      vertex 41.4 21.4576 79.7466
    endloop
  endfacet
  facet normal 0 -0.342135 0.939651
    outer loop
      vertex 41.4 21.4576 79.7466
      vertex 45 21.1305 79.6275
      vertex 45 21.4576 79.7466
    endloop
  endfacet
  facet normal 0 -0.342135 0.939651
    outer loop
      vertex 45 21.1305 79.6275
      vertex 41.4 21.4576 79.7466
      vertex 41.4 21.1305 79.6275
    endloop
  endfacet
  facet normal 0 -0.406698 0.913563
    outer loop
      vertex 41.4 21.1305 79.6275
      vertex 45 20.8122 79.4858
      vertex 45 21.1305 79.6275
    endloop
  endfacet
  facet normal 0 -0.406698 0.913563
    outer loop
      vertex 45 20.8122 79.4858
      vertex 41.4 21.1305 79.6275
      vertex 41.4 20.8122 79.4858
    endloop
  endfacet
  facet normal 0 -0.469561 0.8829
    outer loop
      vertex 41.4 20.8122 79.4858
      vertex 45 20.5044 79.3221
      vertex 45 20.8122 79.4858
    endloop
  endfacet
  facet normal 0 -0.469561 0.8829
    outer loop
      vertex 45 20.5044 79.3221
      vertex 41.4 20.8122 79.4858
      vertex 41.4 20.5044 79.3221
    endloop
  endfacet
  facet normal 0 -0.529999 0.847998
    outer loop
      vertex 41.4 20.5044 79.3221
      vertex 45 20.2092 79.1376
      vertex 45 20.5044 79.3221
    endloop
  endfacet
  facet normal 0 -0.529999 0.847998
    outer loop
      vertex 45 20.2092 79.1376
      vertex 41.4 20.5044 79.3221
      vertex 41.4 20.2092 79.1376
    endloop
  endfacet
  facet normal 0 -0.587711 0.809071
    outer loop
      vertex 41.4 20.2092 79.1376
      vertex 45 19.9274 78.9329
      vertex 45 20.2092 79.1376
    endloop
  endfacet
  facet normal 0 -0.587711 0.809071
    outer loop
      vertex 45 19.9274 78.9329
      vertex 41.4 20.2092 79.1376
      vertex 41.4 19.9274 78.9329
    endloop
  endfacet
  facet normal 0 -0.642721 0.7661
    outer loop
      vertex 41.4 19.9274 78.9329
      vertex 45 19.6604 78.7089
      vertex 45 19.9274 78.9329
    endloop
  endfacet
  facet normal 0 -0.642721 0.7661
    outer loop
      vertex 45 19.6604 78.7089
      vertex 41.4 19.9274 78.9329
      vertex 41.4 19.6604 78.7089
    endloop
  endfacet
  facet normal 0 -0.694799 0.719204
    outer loop
      vertex 41.4 19.6604 78.7089
      vertex 45 19.4099 78.4669
      vertex 45 19.6604 78.7089
    endloop
  endfacet
  facet normal 0 -0.694799 0.719204
    outer loop
      vertex 45 19.4099 78.4669
      vertex 41.4 19.6604 78.7089
      vertex 41.4 19.4099 78.4669
    endloop
  endfacet
  facet normal 0 -0.743023 0.669266
    outer loop
      vertex 41.4 19.1767 78.208
      vertex 45 19.4099 78.4669
      vertex 41.4 19.4099 78.4669
    endloop
  endfacet
  facet normal 0 -0.743023 0.669266
    outer loop
      vertex 45 19.4099 78.4669
      vertex 41.4 19.1767 78.208
      vertex 45 19.1767 78.208
    endloop
  endfacet
  facet normal 0 -0.788098 0.615549
    outer loop
      vertex 41.4 18.9623 77.9335
      vertex 45 19.1767 78.208
      vertex 41.4 19.1767 78.208
    endloop
  endfacet
  facet normal 0 -0.788098 0.615549
    outer loop
      vertex 45 19.1767 78.208
      vertex 41.4 18.9623 77.9335
      vertex 45 18.9623 77.9335
    endloop
  endfacet
  facet normal 0 -0.829078 0.559132
    outer loop
      vertex 41.4 18.7676 77.6448
      vertex 45 18.9623 77.9335
      vertex 41.4 18.9623 77.9335
    endloop
  endfacet
  facet normal 0 -0.829078 0.559132
    outer loop
      vertex 45 18.9623 77.9335
      vertex 41.4 18.7676 77.6448
      vertex 45 18.7676 77.6448
    endloop
  endfacet
  facet normal 0 -0.865884 0.500244
    outer loop
      vertex 41.4 18.5933 77.3431
      vertex 45 18.7676 77.6448
      vertex 41.4 18.7676 77.6448
    endloop
  endfacet
  facet normal 0 -0.865884 0.500244
    outer loop
      vertex 45 18.7676 77.6448
      vertex 41.4 18.5933 77.3431
      vertex 45 18.5933 77.3431
    endloop
  endfacet
  facet normal 0 -0.898859 0.438237
    outer loop
      vertex 41.4 18.4406 77.0299
      vertex 45 18.5933 77.3431
      vertex 41.4 18.5933 77.3431
    endloop
  endfacet
  facet normal 0 -0.898859 0.438237
    outer loop
      vertex 45 18.5933 77.3431
      vertex 41.4 18.4406 77.0299
      vertex 45 18.4406 77.0299
    endloop
  endfacet
  facet normal 0 -0.927144 0.374705
    outer loop
      vertex 41.4 18.3101 76.707
      vertex 45 18.4406 77.0299
      vertex 41.4 18.4406 77.0299
    endloop
  endfacet
  facet normal 0 -0.927144 0.374705
    outer loop
      vertex 45 18.4406 77.0299
      vertex 41.4 18.3101 76.707
      vertex 45 18.3101 76.707
    endloop
  endfacet
  facet normal 0 -0.951123 0.308813
    outer loop
      vertex 41.4 18.2025 76.3756
      vertex 45 18.3101 76.707
      vertex 41.4 18.3101 76.707
    endloop
  endfacet
  facet normal 0 -0.951123 0.308813
    outer loop
      vertex 45 18.3101 76.707
      vertex 41.4 18.2025 76.3756
      vertex 45 18.2025 76.3756
    endloop
  endfacet
  facet normal 0 -0.970286 0.241959
    outer loop
      vertex 41.4 18.1235 76.0588
      vertex 45 18.2025 76.3756
      vertex 41.4 18.2025 76.3756
    endloop
  endfacet
  facet normal 0 -0.970286 0.241959
    outer loop
      vertex 45 18.2025 76.3756
      vertex 41.4 18.1235 76.0588
      vertex 45 18.1235 76.0588
    endloop
  endfacet
  facet normal 0 -0.986263 0.165186
    outer loop
      vertex 41.4 18.0588 75.6725
      vertex 45 18.1235 76.0588
      vertex 41.4 18.1235 76.0588
    endloop
  endfacet
  facet normal 0 -0.986263 0.165186
    outer loop
      vertex 45 18.1235 76.0588
      vertex 41.4 18.0588 75.6725
      vertex 45 18.0588 75.6725
    endloop
  endfacet
  facet normal 0 -0.996199 0.08711
    outer loop
      vertex 41.4 18.0095 75.1087
      vertex 45 18.0588 75.6725
      vertex 41.4 18.0588 75.6725
    endloop
  endfacet
  facet normal 0 -0.996199 0.08711
    outer loop
      vertex 45 18.0588 75.6725
      vertex 41.4 18.0095 75.1087
      vertex 45 18.0095 75.1087
    endloop
  endfacet
  facet normal 0 -0.99905 0.0435766
    outer loop
      vertex 41.4 18 74.8909
      vertex 45 18.0095 75.1087
      vertex 41.4 18.0095 75.1087
    endloop
  endfacet
  facet normal 0 -0.99905 0.0435766
    outer loop
      vertex 45 18.0095 75.1087
      vertex 41.4 18 74.8909
      vertex 45 18 74.8909
    endloop
  endfacet
  facet normal 0 -1 0
    outer loop
      vertex 41.4 18 35.087
      vertex 45 18 74.8909
      vertex 41.4 18 74.8909
    endloop
  endfacet
  facet normal 0 -1 -0
    outer loop
      vertex 45 18 74.8909
      vertex 41.4 18 35.087
      vertex 45 18 35.087
    endloop
  endfacet
  facet normal 0 -0.999385 -0.0350762
    outer loop
      vertex 41.4 18.0061 34.9132
      vertex 45 18 35.087
      vertex 41.4 18 35.087
    endloop
  endfacet
  facet normal 0 -0.999385 -0.0350762
    outer loop
      vertex 45 18 35.087
      vertex 41.4 18.0061 34.9132
      vertex 45 18.0061 34.9132
    endloop
  endfacet
  facet normal 0 -0.997567 -0.069715
    outer loop
      vertex 41.4 18.0365 34.4782
      vertex 45 18.0061 34.9132
      vertex 41.4 18.0061 34.9132
    endloop
  endfacet
  facet normal 0 -0.997567 -0.069715
    outer loop
      vertex 45 18.0061 34.9132
      vertex 41.4 18.0365 34.4782
      vertex 45 18.0365 34.4782
    endloop
  endfacet
  facet normal 0 -0.990291 -0.139008
    outer loop
      vertex 41.4 18.0849 34.1334
      vertex 45 18.0365 34.4782
      vertex 41.4 18.0365 34.4782
    endloop
  endfacet
  facet normal 0 -0.990291 -0.139008
    outer loop
      vertex 45 18.0365 34.4782
      vertex 41.4 18.0849 34.1334
      vertex 45 18.0849 34.1334
    endloop
  endfacet
  facet normal 0 -0.9781 -0.208137
    outer loop
      vertex 41.4 18.1574 33.7927
      vertex 45 18.0849 34.1334
      vertex 41.4 18.0849 34.1334
    endloop
  endfacet
  facet normal 0 -0.9781 -0.208137
    outer loop
      vertex 45 18.0849 34.1334
      vertex 41.4 18.1574 33.7927
      vertex 45 18.1574 33.7927
    endloop
  endfacet
  facet normal 0 -0.961329 -0.275403
    outer loop
      vertex 41.4 18.2534 33.4576
      vertex 45 18.1574 33.7927
      vertex 41.4 18.1574 33.7927
    endloop
  endfacet
  facet normal 0 -0.961329 -0.275403
    outer loop
      vertex 45 18.1574 33.7927
      vertex 41.4 18.2534 33.4576
      vertex 45 18.2534 33.4576
    endloop
  endfacet
  facet normal 0 -0.939651 -0.342135
    outer loop
      vertex 41.4 18.3725 33.1305
      vertex 45 18.2534 33.4576
      vertex 41.4 18.2534 33.4576
    endloop
  endfacet
  facet normal 0 -0.939651 -0.342135
    outer loop
      vertex 45 18.2534 33.4576
      vertex 41.4 18.3725 33.1305
      vertex 45 18.3725 33.1305
    endloop
  endfacet
  facet normal 0 -0.913563 -0.406698
    outer loop
      vertex 41.4 18.5142 32.8122
      vertex 45 18.3725 33.1305
      vertex 41.4 18.3725 33.1305
    endloop
  endfacet
  facet normal 0 -0.913563 -0.406698
    outer loop
      vertex 45 18.3725 33.1305
      vertex 41.4 18.5142 32.8122
      vertex 45 18.5142 32.8122
    endloop
  endfacet
  facet normal 0 -0.8829 -0.469561
    outer loop
      vertex 41.4 18.6779 32.5044
      vertex 45 18.5142 32.8122
      vertex 41.4 18.5142 32.8122
    endloop
  endfacet
  facet normal 0 -0.8829 -0.469561
    outer loop
      vertex 45 18.5142 32.8122
      vertex 41.4 18.6779 32.5044
      vertex 45 18.6779 32.5044
    endloop
  endfacet
  facet normal 0 -0.847998 -0.529999
    outer loop
      vertex 41.4 18.8624 32.2092
      vertex 45 18.6779 32.5044
      vertex 41.4 18.6779 32.5044
    endloop
  endfacet
  facet normal 0 -0.847998 -0.529999
    outer loop
      vertex 45 18.6779 32.5044
      vertex 41.4 18.8624 32.2092
      vertex 45 18.8624 32.2092
    endloop
  endfacet
  facet normal 0 -0.809071 -0.587711
    outer loop
      vertex 41.4 19.0671 31.9274
      vertex 45 18.8624 32.2092
      vertex 41.4 18.8624 32.2092
    endloop
  endfacet
  facet normal 0 -0.809071 -0.587711
    outer loop
      vertex 45 18.8624 32.2092
      vertex 41.4 19.0671 31.9274
      vertex 45 19.0671 31.9274
    endloop
  endfacet
  facet normal 0 -0.7661 -0.642721
    outer loop
      vertex 41.4 19.2911 31.6604
      vertex 45 19.0671 31.9274
      vertex 41.4 19.0671 31.9274
    endloop
  endfacet
  facet normal 0 -0.7661 -0.642721
    outer loop
      vertex 45 19.0671 31.9274
      vertex 41.4 19.2911 31.6604
      vertex 45 19.2911 31.6604
    endloop
  endfacet
  facet normal 0 -0.719204 -0.694799
    outer loop
      vertex 41.4 19.5331 31.4099
      vertex 45 19.2911 31.6604
      vertex 41.4 19.2911 31.6604
    endloop
  endfacet
  facet normal 0 -0.719204 -0.694799
    outer loop
      vertex 45 19.2911 31.6604
      vertex 41.4 19.5331 31.4099
      vertex 45 19.5331 31.4099
    endloop
  endfacet
  facet normal 0 -0.669266 -0.743023
    outer loop
      vertex 41.4 19.5331 31.4099
      vertex 45 19.792 31.1767
      vertex 45 19.5331 31.4099
    endloop
  endfacet
  facet normal -0 -0.669266 -0.743023
    outer loop
      vertex 45 19.792 31.1767
      vertex 41.4 19.5331 31.4099
      vertex 41.4 19.792 31.1767
    endloop
  endfacet
  facet normal 0 -0.615549 -0.788098
    outer loop
      vertex 41.4 19.792 31.1767
      vertex 45 20.0665 30.9623
      vertex 45 19.792 31.1767
    endloop
  endfacet
  facet normal -0 -0.615549 -0.788098
    outer loop
      vertex 45 20.0665 30.9623
      vertex 41.4 19.792 31.1767
      vertex 41.4 20.0665 30.9623
    endloop
  endfacet
  facet normal 0 -0.559132 -0.829078
    outer loop
      vertex 41.4 20.0665 30.9623
      vertex 45 20.3552 30.7676
      vertex 45 20.0665 30.9623
    endloop
  endfacet
  facet normal -0 -0.559132 -0.829078
    outer loop
      vertex 45 20.3552 30.7676
      vertex 41.4 20.0665 30.9623
      vertex 41.4 20.3552 30.7676
    endloop
  endfacet
  facet normal 0 -0.500244 -0.865884
    outer loop
      vertex 41.4 20.3552 30.7676
      vertex 45 20.6569 30.5933
      vertex 45 20.3552 30.7676
    endloop
  endfacet
  facet normal -0 -0.500244 -0.865884
    outer loop
      vertex 45 20.6569 30.5933
      vertex 41.4 20.3552 30.7676
      vertex 41.4 20.6569 30.5933
    endloop
  endfacet
  facet normal 0 -0.438237 -0.898859
    outer loop
      vertex 41.4 20.6569 30.5933
      vertex 45 20.9701 30.4406
      vertex 45 20.6569 30.5933
    endloop
  endfacet
  facet normal -0 -0.438237 -0.898859
    outer loop
      vertex 45 20.9701 30.4406
      vertex 41.4 20.6569 30.5933
      vertex 41.4 20.9701 30.4406
    endloop
  endfacet
  facet normal 0 -0.374705 -0.927144
    outer loop
      vertex 41.4 20.9701 30.4406
      vertex 45 21.293 30.3101
      vertex 45 20.9701 30.4406
    endloop
  endfacet
  facet normal -0 -0.374705 -0.927144
    outer loop
      vertex 45 21.293 30.3101
      vertex 41.4 20.9701 30.4406
      vertex 41.4 21.293 30.3101
    endloop
  endfacet
  facet normal 0 -0.308813 -0.951123
    outer loop
      vertex 41.4 21.293 30.3101
      vertex 45 21.6244 30.2025
      vertex 45 21.293 30.3101
    endloop
  endfacet
  facet normal -0 -0.308813 -0.951123
    outer loop
      vertex 45 21.6244 30.2025
      vertex 41.4 21.293 30.3101
      vertex 41.4 21.6244 30.2025
    endloop
  endfacet
  facet normal 0 -0.241959 -0.970286
    outer loop
      vertex 41.4 21.6244 30.2025
      vertex 45 21.9412 30.1235
      vertex 45 21.6244 30.2025
    endloop
  endfacet
  facet normal -0 -0.241959 -0.970286
    outer loop
      vertex 45 21.9412 30.1235
      vertex 41.4 21.6244 30.2025
      vertex 41.4 21.9412 30.1235
    endloop
  endfacet
  facet normal 0 -0.165186 -0.986263
    outer loop
      vertex 41.4 21.9412 30.1235
      vertex 45 22.3275 30.0588
      vertex 45 21.9412 30.1235
    endloop
  endfacet
  facet normal -0 -0.165186 -0.986263
    outer loop
      vertex 45 22.3275 30.0588
      vertex 41.4 21.9412 30.1235
      vertex 41.4 22.3275 30.0588
    endloop
  endfacet
  facet normal 0 -0.08711 -0.996199
    outer loop
      vertex 41.4 22.3275 30.0588
      vertex 45 22.8913 30.0095
      vertex 45 22.3275 30.0588
    endloop
  endfacet
  facet normal -0 -0.08711 -0.996199
    outer loop
      vertex 45 22.8913 30.0095
      vertex 41.4 22.3275 30.0588
      vertex 41.4 22.8913 30.0095
    endloop
  endfacet
  facet normal 0 -0.0435766 -0.99905
    outer loop
      vertex 41.4 22.8913 30.0095
      vertex 45 23.1091 30
      vertex 45 22.8913 30.0095
    endloop
  endfacet
  facet normal -0 -0.0435766 -0.99905
    outer loop
      vertex 45 23.1091 30
      vertex 41.4 22.8913 30.0095
      vertex 41.4 23.1091 30
    endloop
  endfacet
  facet normal 0 0 -1
    outer loop
      vertex 41.4 23.1091 30
      vertex 45 35.5 30
      vertex 45 23.1091 30
    endloop
  endfacet
  facet normal -0 0 -1
    outer loop
      vertex 45 35.5 30
      vertex 41.4 23.1091 30
      vertex 41.4 35.5 30
    endloop
  endfacet
  facet normal 0 -0.0698106 -0.99756
    outer loop
      vertex 41.4 35.5 30
      vertex 45 36.1959 29.9513
      vertex 45 35.5 30
    endloop
  endfacet
  facet normal -0 -0.0698106 -0.99756
    outer loop
      vertex 45 36.1959 29.9513
      vertex 41.4 35.5 30
      vertex 41.4 36.1959 29.9513
    endloop
  endfacet
  facet normal 0 -0.207874 -0.978156
    outer loop
      vertex 41.4 36.1959 29.9513
      vertex 45 36.8782 29.8063
      vertex 45 36.1959 29.9513
    endloop
  endfacet
  facet normal -0 -0.207874 -0.978156
    outer loop
      vertex 45 36.8782 29.8063
      vertex 41.4 36.1959 29.9513
      vertex 41.4 36.8782 29.8063
    endloop
  endfacet
  facet normal 0 -0.342042 -0.939685
    outer loop
      vertex 41.4 36.8782 29.8063
      vertex 45 37.5337 29.5677
      vertex 45 36.8782 29.8063
    endloop
  endfacet
  facet normal -0 -0.342042 -0.939685
    outer loop
      vertex 45 37.5337 29.5677
      vertex 41.4 36.8782 29.8063
      vertex 41.4 37.5337 29.5677
    endloop
  endfacet
  facet normal 0 -0.469494 -0.882936
    outer loop
      vertex 41.4 37.5337 29.5677
      vertex 45 38.1496 29.2402
      vertex 45 37.5337 29.5677
    endloop
  endfacet
  facet normal -0 -0.469494 -0.882936
    outer loop
      vertex 45 38.1496 29.2402
      vertex 41.4 37.5337 29.5677
      vertex 41.4 38.1496 29.2402
    endloop
  endfacet
  facet normal 0 -0.587797 -0.809009
    outer loop
      vertex 41.4 38.1496 29.2402
      vertex 45 38.7139 28.8302
      vertex 45 38.1496 29.2402
    endloop
  endfacet
  facet normal -0 -0.587797 -0.809009
    outer loop
      vertex 45 38.7139 28.8302
      vertex 41.4 38.1496 29.2402
      vertex 41.4 38.7139 28.8302
    endloop
  endfacet
  facet normal 0 -0.694597 -0.719399
    outer loop
      vertex 41.4 38.7139 28.8302
      vertex 45 39.2157 28.3457
      vertex 45 38.7139 28.8302
    endloop
  endfacet
  facet normal -0 -0.694597 -0.719399
    outer loop
      vertex 45 39.2157 28.3457
      vertex 41.4 38.7139 28.8302
      vertex 41.4 39.2157 28.3457
    endloop
  endfacet
  facet normal 0 -0.787992 -0.615686
    outer loop
      vertex 41.4 39.6452 27.796
      vertex 45 39.2157 28.3457
      vertex 41.4 39.2157 28.3457
    endloop
  endfacet
  facet normal 0 -0.787992 -0.615686
    outer loop
      vertex 45 39.2157 28.3457
      vertex 41.4 39.6452 27.796
      vertex 45 39.6452 27.796
    endloop
  endfacet
  facet normal 0 -0.866047 -0.499962
    outer loop
      vertex 41.4 39.994 27.1918
      vertex 45 39.6452 27.796
      vertex 41.4 39.6452 27.796
    endloop
  endfacet
  facet normal 0 -0.866047 -0.499962
    outer loop
      vertex 45 39.6452 27.796
      vertex 41.4 39.994 27.1918
      vertex 45 39.994 27.1918
    endloop
  endfacet
  facet normal 0 -0.927176 -0.374627
    outer loop
      vertex 41.4 40.2553 26.5451
      vertex 45 39.994 27.1918
      vertex 41.4 39.994 27.1918
    endloop
  endfacet
  facet normal 0 -0.927176 -0.374627
    outer loop
      vertex 45 39.994 27.1918
      vertex 41.4 40.2553 26.5451
      vertex 45 40.2553 26.5451
    endloop
  endfacet
  facet normal 0 -0.970319 -0.241827
    outer loop
      vertex 41.4 40.424 25.8682
      vertex 45 40.2553 26.5451
      vertex 41.4 40.2553 26.5451
    endloop
  endfacet
  facet normal 0 -0.970319 -0.241827
    outer loop
      vertex 45 40.2553 26.5451
      vertex 41.4 40.424 25.8682
      vertex 45 40.424 25.8682
    endloop
  endfacet
  facet normal 0 -0.99619 -0.087204
    outer loop
      vertex 41.4 40.5 25
      vertex 45 40.424 25.8682
      vertex 41.4 40.424 25.8682
    endloop
  endfacet
  facet normal 0 -0.99619 -0.087204
    outer loop
      vertex 45 40.424 25.8682
      vertex 41.4 40.5 25
      vertex 45 40.5 25
    endloop
  endfacet
  facet normal 0 -1 0
    outer loop
      vertex 41.4 40.5 10
      vertex 45 40.5 25
      vertex 41.4 40.5 25
    endloop
  endfacet
  facet normal 0 -1 -0
    outer loop
      vertex 45 40.5 25
      vertex 41.4 40.5 10
      vertex 45 40.5 10
    endloop
  endfacet
  facet normal 0 -0.99756 0.0698146
    outer loop
      vertex 41.4 40.4513 9.30414
      vertex 45 40.5 10
      vertex 41.4 40.5 10
    endloop
  endfacet
  facet normal 0 -0.99756 0.0698146
    outer loop
      vertex 45 40.5 10
      vertex 41.4 40.4513 9.30414
      vertex 45 40.4513 9.30414
    endloop
  endfacet
  facet normal 0 -0.978157 0.207865
    outer loop
      vertex 41.4 40.3063 8.62181
      vertex 45 40.4513 9.30414
      vertex 41.4 40.4513 9.30414
    endloop
  endfacet
  facet normal 0 -0.978157 0.207865
    outer loop
      vertex 45 40.4513 9.30414
      vertex 41.4 40.3063 8.62181
      vertex 45 40.3063 8.62181
    endloop
  endfacet
  facet normal 0 -0.939683 0.342047
    outer loop
      vertex 41.4 40.0677 7.96632
      vertex 45 40.3063 8.62181
      vertex 41.4 40.3063 8.62181
    endloop
  endfacet
  facet normal 0 -0.939683 0.342047
    outer loop
      vertex 45 40.3063 8.62181
      vertex 41.4 40.0677 7.96632
      vertex 45 40.0677 7.96632
    endloop
  endfacet
  facet normal 0 -0.882942 0.469482
    outer loop
      vertex 41.4 39.7402 7.3504
      vertex 45 40.0677 7.96632
      vertex 41.4 40.0677 7.96632
    endloop
  endfacet
  facet normal 0 -0.882942 0.469482
    outer loop
      vertex 45 40.0677 7.96632
      vertex 41.4 39.7402 7.3504
      vertex 45 39.7402 7.3504
    endloop
  endfacet
  facet normal 0 -0.809029 0.587769
    outer loop
      vertex 41.4 39.3302 6.78606
      vertex 45 39.7402 7.3504
      vertex 41.4 39.7402 7.3504
    endloop
  endfacet
  facet normal 0 -0.809029 0.587769
    outer loop
      vertex 45 39.7402 7.3504
      vertex 41.4 39.3302 6.78606
      vertex 45 39.3302 6.78606
    endloop
  endfacet
  facet normal 0 -0.719392 0.694604
    outer loop
      vertex 41.4 38.8457 6.28427
      vertex 45 39.3302 6.78606
      vertex 41.4 39.3302 6.78606
    endloop
  endfacet
  facet normal 0 -0.719392 0.694604
    outer loop
      vertex 45 39.3302 6.78606
      vertex 41.4 38.8457 6.28427
      vertex 45 38.8457 6.28427
    endloop
  endfacet
  facet normal 0 -0.61565 0.78802
    outer loop
      vertex 41.4 38.8457 6.28427
      vertex 45 38.296 5.85481
      vertex 45 38.8457 6.28427
    endloop
  endfacet
  facet normal 0 -0.61565 0.78802
    outer loop
      vertex 45 38.296 5.85481
      vertex 41.4 38.8457 6.28427
      vertex 41.4 38.296 5.85481
    endloop
  endfacet
  facet normal 0 -0.499941 0.86606
    outer loop
      vertex 41.4 38.296 5.85481
      vertex 45 37.6918 5.50603
      vertex 45 38.296 5.85481
    endloop
  endfacet
  facet normal 0 -0.499941 0.86606
    outer loop
      vertex 45 37.6918 5.50603
      vertex 41.4 38.296 5.85481
      vertex 41.4 37.6918 5.50603
    endloop
  endfacet
  facet normal 0 -0.374639 0.927171
    outer loop
      vertex 41.4 37.6918 5.50603
      vertex 45 37.0451 5.24472
      vertex 45 37.6918 5.50603
    endloop
  endfacet
  facet normal 0 -0.374639 0.927171
    outer loop
      vertex 45 37.0451 5.24472
      vertex 41.4 37.6918 5.50603
      vertex 41.4 37.0451 5.24472
    endloop
  endfacet
  facet normal 0 -0.241908 0.970299
    outer loop
      vertex 41.4 37.0451 5.24472
      vertex 45 36.3682 5.07596
      vertex 45 37.0451 5.24472
    endloop
  endfacet
  facet normal 0 -0.241908 0.970299
    outer loop
      vertex 45 36.3682 5.07596
      vertex 41.4 37.0451 5.24472
      vertex 41.4 36.3682 5.07596
    endloop
  endfacet
  facet normal 0 -0.0871584 0.996194
    outer loop
      vertex 41.4 36.3682 5.07596
      vertex 45 35.5 5
      vertex 45 36.3682 5.07596
    endloop
  endfacet
  facet normal 0 -0.0871584 0.996194
    outer loop
      vertex 45 35.5 5
      vertex 41.4 36.3682 5.07596
      vertex 41.4 35.5 5
    endloop
  endfacet
  facet normal -0 0 1
    outer loop
      vertex 41.4 35.5 5
      vertex 45 -35.5 5
      vertex 45 35.5 5
    endloop
  endfacet
  facet normal 0 0 1
    outer loop
      vertex 45 -35.5 5
      vertex 41.4 35.5 5
      vertex 41.4 -35.5 5
    endloop
  endfacet
  facet normal -0 0.0697535 0.997564
    outer loop
      vertex 41.4 -35.5 5
      vertex 45 -36.1959 5.04866
      vertex 45 -35.5 5
    endloop
  endfacet
  facet normal 0 0.0697535 0.997564
    outer loop
      vertex 45 -36.1959 5.04866
      vertex 41.4 -35.5 5
      vertex 41.4 -36.1959 5.04866
    endloop
  endfacet
  facet normal -0 0.207929 0.978144
    outer loop
      vertex 41.4 -36.1959 5.04866
      vertex 45 -36.8782 5.1937
      vertex 45 -36.1959 5.04866
    endloop
  endfacet
  facet normal 0 0.207929 0.978144
    outer loop
      vertex 45 -36.8782 5.1937
      vertex 41.4 -36.1959 5.04866
      vertex 41.4 -36.8782 5.1937
    endloop
  endfacet
  facet normal -0 0.342004 0.939698
    outer loop
      vertex 41.4 -36.8782 5.1937
      vertex 45 -37.5337 5.43227
      vertex 45 -36.8782 5.1937
    endloop
  endfacet
  facet normal 0 0.342004 0.939698
    outer loop
      vertex 45 -37.5337 5.43227
      vertex 41.4 -36.8782 5.1937
      vertex 41.4 -37.5337 5.43227
    endloop
  endfacet
  facet normal -0 0.469494 0.882936
    outer loop
      vertex 41.4 -37.5337 5.43227
      vertex 45 -38.1496 5.75977
      vertex 45 -37.5337 5.43227
    endloop
  endfacet
  facet normal 0 0.469494 0.882936
    outer loop
      vertex 45 -38.1496 5.75977
      vertex 41.4 -37.5337 5.43227
      vertex 41.4 -38.1496 5.75977
    endloop
  endfacet
  facet normal -0 0.587806 0.809002
    outer loop
      vertex 41.4 -38.1496 5.75977
      vertex 45 -38.7139 6.16978
      vertex 45 -38.1496 5.75977
    endloop
  endfacet
  facet normal 0 0.587806 0.809002
    outer loop
      vertex 45 -38.7139 6.16978
      vertex 41.4 -38.1496 5.75977
      vertex 41.4 -38.7139 6.16978
    endloop
  endfacet
  facet normal -0 0.694642 0.719356
    outer loop
      vertex 41.4 -38.7139 6.16978
      vertex 45 -39.2157 6.65434
      vertex 45 -38.7139 6.16978
    endloop
  endfacet
  facet normal 0 0.694642 0.719356
    outer loop
      vertex 45 -39.2157 6.65434
      vertex 41.4 -38.7139 6.16978
      vertex 41.4 -39.2157 6.65434
    endloop
  endfacet
  facet normal 0 0.787992 0.615686
    outer loop
      vertex 45 -39.2157 6.65434
      vertex 41.4 -39.6452 7.20404
      vertex 45 -39.6452 7.20404
    endloop
  endfacet
  facet normal 0 0.787992 0.615686
    outer loop
      vertex 41.4 -39.6452 7.20404
      vertex 45 -39.2157 6.65434
      vertex 41.4 -39.2157 6.65434
    endloop
  endfacet
  facet normal 0 0.866015 0.500018
    outer loop
      vertex 45 -39.6452 7.20404
      vertex 41.4 -39.994 7.80815
      vertex 45 -39.994 7.80815
    endloop
  endfacet
  facet normal 0 0.866015 0.500018
    outer loop
      vertex 41.4 -39.994 7.80815
      vertex 45 -39.6452 7.20404
      vertex 41.4 -39.6452 7.20404
    endloop
  endfacet
  facet normal 0 0.927188 0.374597
    outer loop
      vertex 45 -39.994 7.80815
      vertex 41.4 -40.2553 8.45491
      vertex 45 -40.2553 8.45491
    endloop
  endfacet
  facet normal 0 0.927188 0.374597
    outer loop
      vertex 41.4 -40.2553 8.45491
      vertex 45 -39.994 7.80815
      vertex 41.4 -39.994 7.80815
    endloop
  endfacet
  facet normal 0 0.970315 0.241844
    outer loop
      vertex 45 -40.2553 8.45491
      vertex 41.4 -40.424 9.13176
      vertex 45 -40.424 9.13176
    endloop
  endfacet
  facet normal 0 0.970315 0.241844
    outer loop
      vertex 41.4 -40.424 9.13176
      vertex 45 -40.2553 8.45491
      vertex 41.4 -40.2553 8.45491
    endloop
  endfacet
  facet normal 0 0.996191 0.0872
    outer loop
      vertex 45 -40.424 9.13176
      vertex 41.4 -40.5 10
      vertex 45 -40.5 10
    endloop
  endfacet
  facet normal 0 0.996191 0.0872
    outer loop
      vertex 41.4 -40.5 10
      vertex 45 -40.424 9.13176
      vertex 41.4 -40.424 9.13176
    endloop
  endfacet
  facet normal 0 1 -0
    outer loop
      vertex 45 -40.5 10
      vertex 41.4 -40.5 25
      vertex 45 -40.5 25
    endloop
  endfacet
  facet normal 0 1 0
    outer loop
      vertex 41.4 -40.5 25
      vertex 45 -40.5 10
      vertex 41.4 -40.5 10
    endloop
  endfacet
  facet normal 0 0.99756 -0.0698106
    outer loop
      vertex 45 -40.5 25
      vertex 41.4 -40.4513 25.6959
      vertex 45 -40.4513 25.6959
    endloop
  endfacet
  facet normal 0 0.99756 -0.0698106
    outer loop
      vertex 41.4 -40.4513 25.6959
      vertex 45 -40.5 25
      vertex 41.4 -40.5 25
    endloop
  endfacet
  facet normal 0 0.978156 -0.207874
    outer loop
      vertex -41.4 -40.4513 25.6959
      vertex -45 -40.3063 26.3782
      vertex -41.4 -40.3063 26.3782
    endloop
  endfacet
  facet normal 0 0.978156 -0.207874
    outer loop
      vertex -45 -40.3063 26.3782
      vertex -41.4 -40.4513 25.6959
      vertex -45 -40.4513 25.6959
    endloop
  endfacet
  facet normal 0 0.939685 -0.342042
    outer loop
      vertex -41.4 -40.3063 26.3782
      vertex -45 -40.0677 27.0337
      vertex -41.4 -40.0677 27.0337
    endloop
  endfacet
  facet normal 0 0.939685 -0.342042
    outer loop
      vertex -45 -40.0677 27.0337
      vertex -41.4 -40.3063 26.3782
      vertex -45 -40.3063 26.3782
    endloop
  endfacet
  facet normal 0 0.882936 -0.469494
    outer loop
      vertex -41.4 -40.0677 27.0337
      vertex -45 -39.7402 27.6496
      vertex -41.4 -39.7402 27.6496
    endloop
  endfacet
  facet normal 0 0.882936 -0.469494
    outer loop
      vertex -45 -39.7402 27.6496
      vertex -41.4 -40.0677 27.0337
      vertex -45 -40.0677 27.0337
    endloop
  endfacet
  facet normal 0 0.809009 -0.587797
    outer loop
      vertex -41.4 -39.7402 27.6496
      vertex -45 -39.3302 28.2139
      vertex -41.4 -39.3302 28.2139
    endloop
  endfacet
  facet normal 0 0.809009 -0.587797
    outer loop
      vertex -45 -39.3302 28.2139
      vertex -41.4 -39.7402 27.6496
      vertex -45 -39.7402 27.6496
    endloop
  endfacet
  facet normal 0 0.719399 -0.694597
    outer loop
      vertex -41.4 -39.3302 28.2139
      vertex -45 -38.8457 28.7157
      vertex -41.4 -38.8457 28.7157
    endloop
  endfacet
  facet normal 0 0.719399 -0.694597
    outer loop
      vertex -45 -38.8457 28.7157
      vertex -41.4 -39.3302 28.2139
      vertex -45 -39.3302 28.2139
    endloop
  endfacet
  facet normal 0 0.615686 -0.787992
    outer loop
      vertex -45 -38.8457 28.7157
      vertex -41.4 -38.296 29.1452
      vertex -41.4 -38.8457 28.7157
    endloop
  endfacet
  facet normal 0 0.615686 -0.787992
    outer loop
      vertex -41.4 -38.296 29.1452
      vertex -45 -38.8457 28.7157
      vertex -45 -38.296 29.1452
    endloop
  endfacet
  facet normal 0 0.499962 -0.866047
    outer loop
      vertex -45 -38.296 29.1452
      vertex -41.4 -37.6918 29.494
      vertex -41.4 -38.296 29.1452
    endloop
  endfacet
  facet normal 0 0.499962 -0.866047
    outer loop
      vertex -41.4 -37.6918 29.494
      vertex -45 -38.296 29.1452
      vertex -45 -37.6918 29.494
    endloop
  endfacet
  facet normal 0 0.374627 -0.927176
    outer loop
      vertex -45 -37.6918 29.494
      vertex -41.4 -37.0451 29.7553
      vertex -41.4 -37.6918 29.494
    endloop
  endfacet
  facet normal 0 0.374627 -0.927176
    outer loop
      vertex -41.4 -37.0451 29.7553
      vertex -45 -37.6918 29.494
      vertex -45 -37.0451 29.7553
    endloop
  endfacet
  facet normal 0 0.241827 -0.970319
    outer loop
      vertex -45 -37.0451 29.7553
      vertex -41.4 -36.3682 29.924
      vertex -41.4 -37.0451 29.7553
    endloop
  endfacet
  facet normal 0 0.241827 -0.970319
    outer loop
      vertex -41.4 -36.3682 29.924
      vertex -45 -37.0451 29.7553
      vertex -45 -36.3682 29.924
    endloop
  endfacet
  facet normal 0 0.087204 -0.99619
    outer loop
      vertex -45 -36.3682 29.924
      vertex -41.4 -35.5 30
      vertex -41.4 -36.3682 29.924
    endloop
  endfacet
  facet normal 0 0.087204 -0.99619
    outer loop
      vertex -41.4 -35.5 30
      vertex -45 -36.3682 29.924
      vertex -45 -35.5 30
    endloop
  endfacet
  facet normal 0 0 -1
    outer loop
      vertex -45 -35.5 30
      vertex -41.4 -23.087 30
      vertex -41.4 -35.5 30
    endloop
  endfacet
  facet normal -0 0 -1
    outer loop
      vertex -41.4 -23.087 30
      vertex -45 -35.5 30
      vertex -45 -23.087 30
    endloop
  endfacet
  facet normal 0 0.0350762 -0.999385
    outer loop
      vertex -45 -23.087 30
      vertex -41.4 -22.9132 30.0061
      vertex -41.4 -23.087 30
    endloop
  endfacet
  facet normal 0 0.0350762 -0.999385
    outer loop
      vertex -41.4 -22.9132 30.0061
      vertex -45 -23.087 30
      vertex -45 -22.9132 30.0061
    endloop
  endfacet
  facet normal 0 0.069715 -0.997567
    outer loop
      vertex -45 -22.9132 30.0061
      vertex -41.4 -22.4782 30.0365
      vertex -41.4 -22.9132 30.0061
    endloop
  endfacet
  facet normal 0 0.069715 -0.997567
    outer loop
      vertex -41.4 -22.4782 30.0365
      vertex -45 -22.9132 30.0061
      vertex -45 -22.4782 30.0365
    endloop
  endfacet
  facet normal 0 0.139008 -0.990291
    outer loop
      vertex -45 -22.4782 30.0365
      vertex -41.4 -22.1334 30.0849
      vertex -41.4 -22.4782 30.0365
    endloop
  endfacet
  facet normal 0 0.139008 -0.990291
    outer loop
      vertex -41.4 -22.1334 30.0849
      vertex -45 -22.4782 30.0365
      vertex -45 -22.1334 30.0849
    endloop
  endfacet
  facet normal 0 0.208137 -0.9781
    outer loop
      vertex -45 -22.1334 30.0849
      vertex -41.4 -21.7927 30.1574
      vertex -41.4 -22.1334 30.0849
    endloop
  endfacet
  facet normal 0 0.208137 -0.9781
    outer loop
      vertex -41.4 -21.7927 30.1574
      vertex -45 -22.1334 30.0849
      vertex -45 -21.7927 30.1574
    endloop
  endfacet
  facet normal 0 0.275403 -0.961329
    outer loop
      vertex -45 -21.7927 30.1574
      vertex -41.4 -21.4576 30.2534
      vertex -41.4 -21.7927 30.1574
    endloop
  endfacet
  facet normal 0 0.275403 -0.961329
    outer loop
      vertex -41.4 -21.4576 30.2534
      vertex -45 -21.7927 30.1574
      vertex -45 -21.4576 30.2534
    endloop
  endfacet
  facet normal 0 0.342135 -0.939651
    outer loop
      vertex -45 -21.4576 30.2534
      vertex -41.4 -21.1305 30.3725
      vertex -41.4 -21.4576 30.2534
    endloop
  endfacet
  facet normal 0 0.342135 -0.939651
    outer loop
      vertex -41.4 -21.1305 30.3725
      vertex -45 -21.4576 30.2534
      vertex -45 -21.1305 30.3725
    endloop
  endfacet
  facet normal 0 0.406698 -0.913563
    outer loop
      vertex -45 -21.1305 30.3725
      vertex -41.4 -20.8122 30.5142
      vertex -41.4 -21.1305 30.3725
    endloop
  endfacet
  facet normal 0 0.406698 -0.913563
    outer loop
      vertex -41.4 -20.8122 30.5142
      vertex -45 -21.1305 30.3725
      vertex -45 -20.8122 30.5142
    endloop
  endfacet
  facet normal 0 0.469561 -0.8829
    outer loop
      vertex -45 -20.8122 30.5142
      vertex -41.4 -20.5044 30.6779
      vertex -41.4 -20.8122 30.5142
    endloop
  endfacet
  facet normal 0 0.469561 -0.8829
    outer loop
      vertex -41.4 -20.5044 30.6779
      vertex -45 -20.8122 30.5142
      vertex -45 -20.5044 30.6779
    endloop
  endfacet
  facet normal 0 0.529999 -0.847998
    outer loop
      vertex -45 -20.5044 30.6779
      vertex -41.4 -20.2092 30.8624
      vertex -41.4 -20.5044 30.6779
    endloop
  endfacet
  facet normal 0 0.529999 -0.847998
    outer loop
      vertex -41.4 -20.2092 30.8624
      vertex -45 -20.5044 30.6779
      vertex -45 -20.2092 30.8624
    endloop
  endfacet
  facet normal 0 0.587711 -0.809071
    outer loop
      vertex -45 -20.2092 30.8624
      vertex -41.4 -19.9274 31.0671
      vertex -41.4 -20.2092 30.8624
    endloop
  endfacet
  facet normal 0 0.587711 -0.809071
    outer loop
      vertex -41.4 -19.9274 31.0671
      vertex -45 -20.2092 30.8624
      vertex -45 -19.9274 31.0671
    endloop
  endfacet
  facet normal 0 0.642721 -0.7661
    outer loop
      vertex -45 -19.9274 31.0671
      vertex -41.4 -19.6604 31.2911
      vertex -41.4 -19.9274 31.0671
    endloop
  endfacet
  facet normal 0 0.642721 -0.7661
    outer loop
      vertex -41.4 -19.6604 31.2911
      vertex -45 -19.9274 31.0671
      vertex -45 -19.6604 31.2911
    endloop
  endfacet
  facet normal 0 0.694799 -0.719204
    outer loop
      vertex -45 -19.6604 31.2911
      vertex -41.4 -19.4099 31.5331
      vertex -41.4 -19.6604 31.2911
    endloop
  endfacet
  facet normal 0 0.694799 -0.719204
    outer loop
      vertex -41.4 -19.4099 31.5331
      vertex -45 -19.6604 31.2911
      vertex -45 -19.4099 31.5331
    endloop
  endfacet
  facet normal 0 0.743023 -0.669266
    outer loop
      vertex -41.4 -19.4099 31.5331
      vertex -45 -19.1767 31.792
      vertex -41.4 -19.1767 31.792
    endloop
  endfacet
  facet normal 0 0.743023 -0.669266
    outer loop
      vertex -45 -19.1767 31.792
      vertex -41.4 -19.4099 31.5331
      vertex -45 -19.4099 31.5331
    endloop
  endfacet
  facet normal 0 0.788098 -0.615549
    outer loop
      vertex -41.4 -19.1767 31.792
      vertex -45 -18.9623 32.0665
      vertex -41.4 -18.9623 32.0665
    endloop
  endfacet
  facet normal 0 0.788098 -0.615549
    outer loop
      vertex -45 -18.9623 32.0665
      vertex -41.4 -19.1767 31.792
      vertex -45 -19.1767 31.792
    endloop
  endfacet
  facet normal 0 0.829078 -0.559132
    outer loop
      vertex -41.4 -18.9623 32.0665
      vertex -45 -18.7676 32.3552
      vertex -41.4 -18.7676 32.3552
    endloop
  endfacet
  facet normal 0 0.829078 -0.559132
    outer loop
      vertex -45 -18.7676 32.3552
      vertex -41.4 -18.9623 32.0665
      vertex -45 -18.9623 32.0665
    endloop
  endfacet
  facet normal 0 0.865884 -0.500244
    outer loop
      vertex -41.4 -18.7676 32.3552
      vertex -45 -18.5933 32.6569
      vertex -41.4 -18.5933 32.6569
    endloop
  endfacet
  facet normal 0 0.865884 -0.500244
    outer loop
      vertex -45 -18.5933 32.6569
      vertex -41.4 -18.7676 32.3552
      vertex -45 -18.7676 32.3552
    endloop
  endfacet
  facet normal 0 0.898859 -0.438237
    outer loop
      vertex -41.4 -18.5933 32.6569
      vertex -45 -18.4406 32.9701
      vertex -41.4 -18.4406 32.9701
    endloop
  endfacet
  facet normal 0 0.898859 -0.438237
    outer loop
      vertex -45 -18.4406 32.9701
      vertex -41.4 -18.5933 32.6569
      vertex -45 -18.5933 32.6569
    endloop
  endfacet
  facet normal 0 0.927144 -0.374705
    outer loop
      vertex -41.4 -18.4406 32.9701
      vertex -45 -18.3101 33.293
      vertex -41.4 -18.3101 33.293
    endloop
  endfacet
  facet normal 0 0.927144 -0.374705
    outer loop
      vertex -45 -18.3101 33.293
      vertex -41.4 -18.4406 32.9701
      vertex -45 -18.4406 32.9701
    endloop
  endfacet
  facet normal 0 0.951123 -0.308813
    outer loop
      vertex -41.4 -18.3101 33.293
      vertex -45 -18.2025 33.6244
      vertex -41.4 -18.2025 33.6244
    endloop
  endfacet
  facet normal 0 0.951123 -0.308813
    outer loop
      vertex -45 -18.2025 33.6244
      vertex -41.4 -18.3101 33.293
      vertex -45 -18.3101 33.293
    endloop
  endfacet
  facet normal 0 0.970286 -0.241959
    outer loop
      vertex -41.4 -18.2025 33.6244
      vertex -45 -18.1235 33.9412
      vertex -41.4 -18.1235 33.9412
    endloop
  endfacet
  facet normal 0 0.970286 -0.241959
    outer loop
      vertex -45 -18.1235 33.9412
      vertex -41.4 -18.2025 33.6244
      vertex -45 -18.2025 33.6244
    endloop
  endfacet
  facet normal 0 0.986263 -0.165186
    outer loop
      vertex -41.4 -18.1235 33.9412
      vertex -45 -18.0588 34.3275
      vertex -41.4 -18.0588 34.3275
    endloop
  endfacet
  facet normal 0 0.986263 -0.165186
    outer loop
      vertex -45 -18.0588 34.3275
      vertex -41.4 -18.1235 33.9412
      vertex -45 -18.1235 33.9412
    endloop
  endfacet
  facet normal 0 0.996199 -0.08711
    outer loop
      vertex -41.4 -18.0588 34.3275
      vertex -45 -18.0095 34.8913
      vertex -41.4 -18.0095 34.8913
    endloop
  endfacet
  facet normal 0 0.996199 -0.08711
    outer loop
      vertex -45 -18.0095 34.8913
      vertex -41.4 -18.0588 34.3275
      vertex -45 -18.0588 34.3275
    endloop
  endfacet
  facet normal 0 0.99905 -0.0435766
    outer loop
      vertex -41.4 -18.0095 34.8913
      vertex -45 -18 35.1091
      vertex -41.4 -18 35.1091
    endloop
  endfacet
  facet normal 0 0.99905 -0.0435766
    outer loop
      vertex -45 -18 35.1091
      vertex -41.4 -18.0095 34.8913
      vertex -45 -18.0095 34.8913
    endloop
  endfacet
  facet normal 0 1 -0
    outer loop
      vertex -41.4 -18 35.1091
      vertex -45 -18 74.913
      vertex -41.4 -18 74.913
    endloop
  endfacet
  facet normal 0 1 0
    outer loop
      vertex -45 -18 74.913
      vertex -41.4 -18 35.1091
      vertex -45 -18 35.1091
    endloop
  endfacet
  facet normal 0 0.999385 0.0350762
    outer loop
      vertex -41.4 -18 74.913
      vertex -45 -18.0061 75.0868
      vertex -41.4 -18.0061 75.0868
    endloop
  endfacet
  facet normal 0 0.999385 0.0350762
    outer loop
      vertex -45 -18.0061 75.0868
      vertex -41.4 -18 74.913
      vertex -45 -18 74.913
    endloop
  endfacet
  facet normal 0 0.997567 0.069715
    outer loop
      vertex -41.4 -18.0061 75.0868
      vertex -45 -18.0365 75.5218
      vertex -41.4 -18.0365 75.5218
    endloop
  endfacet
  facet normal 0 0.997567 0.069715
    outer loop
      vertex -45 -18.0365 75.5218
      vertex -41.4 -18.0061 75.0868
      vertex -45 -18.0061 75.0868
    endloop
  endfacet
  facet normal 0 0.990291 0.139008
    outer loop
      vertex -41.4 -18.0365 75.5218
      vertex -45 -18.0849 75.8666
      vertex -41.4 -18.0849 75.8666
    endloop
  endfacet
  facet normal 0 0.990291 0.139008
    outer loop
      vertex -45 -18.0849 75.8666
      vertex -41.4 -18.0365 75.5218
      vertex -45 -18.0365 75.5218
    endloop
  endfacet
  facet normal 0 0.9781 0.208137
    outer loop
      vertex -41.4 -18.0849 75.8666
      vertex -45 -18.1574 76.2073
      vertex -41.4 -18.1574 76.2073
    endloop
  endfacet
  facet normal 0 0.9781 0.208137
    outer loop
      vertex -45 -18.1574 76.2073
      vertex -41.4 -18.0849 75.8666
      vertex -45 -18.0849 75.8666
    endloop
  endfacet
  facet normal 0 0.961329 0.275403
    outer loop
      vertex -41.4 -18.1574 76.2073
      vertex -45 -18.2534 76.5424
      vertex -41.4 -18.2534 76.5424
    endloop
  endfacet
  facet normal 0 0.961329 0.275403
    outer loop
      vertex -45 -18.2534 76.5424
      vertex -41.4 -18.1574 76.2073
      vertex -45 -18.1574 76.2073
    endloop
  endfacet
  facet normal 0 0.939651 0.342135
    outer loop
      vertex -41.4 -18.2534 76.5424
      vertex -45 -18.3725 76.8695
      vertex -41.4 -18.3725 76.8695
    endloop
  endfacet
  facet normal 0 0.939651 0.342135
    outer loop
      vertex -45 -18.3725 76.8695
      vertex -41.4 -18.2534 76.5424
      vertex -45 -18.2534 76.5424
    endloop
  endfacet
  facet normal 0 0.913563 0.406698
    outer loop
      vertex -41.4 -18.3725 76.8695
      vertex -45 -18.5142 77.1878
      vertex -41.4 -18.5142 77.1878
    endloop
  endfacet
  facet normal 0 0.913563 0.406698
    outer loop
      vertex -45 -18.5142 77.1878
      vertex -41.4 -18.3725 76.8695
      vertex -45 -18.3725 76.8695
    endloop
  endfacet
  facet normal 0 0.8829 0.469561
    outer loop
      vertex -41.4 -18.5142 77.1878
      vertex -45 -18.6779 77.4956
      vertex -41.4 -18.6779 77.4956
    endloop
  endfacet
  facet normal 0 0.8829 0.469561
    outer loop
      vertex -45 -18.6779 77.4956
      vertex -41.4 -18.5142 77.1878
      vertex -45 -18.5142 77.1878
    endloop
  endfacet
  facet normal 0 0.847998 0.529999
    outer loop
      vertex -41.4 -18.6779 77.4956
      vertex -45 -18.8624 77.7908
      vertex -41.4 -18.8624 77.7908
    endloop
  endfacet
  facet normal 0 0.847998 0.529999
    outer loop
      vertex -45 -18.8624 77.7908
      vertex -41.4 -18.6779 77.4956
      vertex -45 -18.6779 77.4956
    endloop
  endfacet
  facet normal 0 0.809071 0.587711
    outer loop
      vertex -41.4 -18.8624 77.7908
      vertex -45 -19.0671 78.0726
      vertex -41.4 -19.0671 78.0726
    endloop
  endfacet
  facet normal 0 0.809071 0.587711
    outer loop
      vertex -45 -19.0671 78.0726
      vertex -41.4 -18.8624 77.7908
      vertex -45 -18.8624 77.7908
    endloop
  endfacet
  facet normal 0 0.7661 0.642721
    outer loop
      vertex -41.4 -19.0671 78.0726
      vertex -45 -19.2911 78.3396
      vertex -41.4 -19.2911 78.3396
    endloop
  endfacet
  facet normal 0 0.7661 0.642721
    outer loop
      vertex -45 -19.2911 78.3396
      vertex -41.4 -19.0671 78.0726
      vertex -45 -19.0671 78.0726
    endloop
  endfacet
  facet normal 0 0.719204 0.694799
    outer loop
      vertex -41.4 -19.2911 78.3396
      vertex -45 -19.5331 78.5901
      vertex -41.4 -19.5331 78.5901
    endloop
  endfacet
  facet normal 0 0.719204 0.694799
    outer loop
      vertex -45 -19.5331 78.5901
      vertex -41.4 -19.2911 78.3396
      vertex -45 -19.2911 78.3396
    endloop
  endfacet
  facet normal -0 0.669266 0.743023
    outer loop
      vertex -45 -19.5331 78.5901
      vertex -41.4 -19.792 78.8233
      vertex -41.4 -19.5331 78.5901
    endloop
  endfacet
  facet normal 0 0.669266 0.743023
    outer loop
      vertex -41.4 -19.792 78.8233
      vertex -45 -19.5331 78.5901
      vertex -45 -19.792 78.8233
    endloop
  endfacet
  facet normal -0 0.615549 0.788098
    outer loop
      vertex -45 -19.792 78.8233
      vertex -41.4 -20.0665 79.0377
      vertex -41.4 -19.792 78.8233
    endloop
  endfacet
  facet normal 0 0.615549 0.788098
    outer loop
      vertex -41.4 -20.0665 79.0377
      vertex -45 -19.792 78.8233
      vertex -45 -20.0665 79.0377
    endloop
  endfacet
  facet normal -0 0.559132 0.829078
    outer loop
      vertex -45 -20.0665 79.0377
      vertex -41.4 -20.3552 79.2324
      vertex -41.4 -20.0665 79.0377
    endloop
  endfacet
  facet normal 0 0.559132 0.829078
    outer loop
      vertex -41.4 -20.3552 79.2324
      vertex -45 -20.0665 79.0377
      vertex -45 -20.3552 79.2324
    endloop
  endfacet
  facet normal -0 0.500244 0.865884
    outer loop
      vertex -45 -20.3552 79.2324
      vertex -41.4 -20.6569 79.4067
      vertex -41.4 -20.3552 79.2324
    endloop
  endfacet
  facet normal 0 0.500244 0.865884
    outer loop
      vertex -41.4 -20.6569 79.4067
      vertex -45 -20.3552 79.2324
      vertex -45 -20.6569 79.4067
    endloop
  endfacet
  facet normal -0 0.438237 0.898859
    outer loop
      vertex -45 -20.6569 79.4067
      vertex -41.4 -20.9701 79.5594
      vertex -41.4 -20.6569 79.4067
    endloop
  endfacet
  facet normal 0 0.438237 0.898859
    outer loop
      vertex -41.4 -20.9701 79.5594
      vertex -45 -20.6569 79.4067
      vertex -45 -20.9701 79.5594
    endloop
  endfacet
  facet normal -0 0.374705 0.927144
    outer loop
      vertex -45 -20.9701 79.5594
      vertex -41.4 -21.293 79.6899
      vertex -41.4 -20.9701 79.5594
    endloop
  endfacet
  facet normal 0 0.374705 0.927144
    outer loop
      vertex -41.4 -21.293 79.6899
      vertex -45 -20.9701 79.5594
      vertex -45 -21.293 79.6899
    endloop
  endfacet
  facet normal -0 0.308813 0.951123
    outer loop
      vertex -45 -21.293 79.6899
      vertex -41.4 -21.6244 79.7975
      vertex -41.4 -21.293 79.6899
    endloop
  endfacet
  facet normal 0 0.308813 0.951123
    outer loop
      vertex -41.4 -21.6244 79.7975
      vertex -45 -21.293 79.6899
      vertex -45 -21.6244 79.7975
    endloop
  endfacet
  facet normal -0 0.241959 0.970286
    outer loop
      vertex -45 -21.6244 79.7975
      vertex -41.4 -21.9412 79.8765
      vertex -41.4 -21.6244 79.7975
    endloop
  endfacet
  facet normal 0 0.241959 0.970286
    outer loop
      vertex -41.4 -21.9412 79.8765
      vertex -45 -21.6244 79.7975
      vertex -45 -21.9412 79.8765
    endloop
  endfacet
  facet normal -0 0.165186 0.986263
    outer loop
      vertex -45 -21.9412 79.8765
      vertex -41.4 -22.3275 79.9412
      vertex -41.4 -21.9412 79.8765
    endloop
  endfacet
  facet normal 0 0.165186 0.986263
    outer loop
      vertex -41.4 -22.3275 79.9412
      vertex -45 -21.9412 79.8765
      vertex -45 -22.3275 79.9412
    endloop
  endfacet
  facet normal -0 0.08711 0.996199
    outer loop
      vertex -45 -22.3275 79.9412
      vertex -41.4 -22.8913 79.9905
      vertex -41.4 -22.3275 79.9412
    endloop
  endfacet
  facet normal 0 0.08711 0.996199
    outer loop
      vertex -41.4 -22.8913 79.9905
      vertex -45 -22.3275 79.9412
      vertex -45 -22.8913 79.9905
    endloop
  endfacet
  facet normal -0 0.0435766 0.99905
    outer loop
      vertex -45 -22.8913 79.9905
      vertex -41.4 -23.1091 80
      vertex -41.4 -22.8913 79.9905
    endloop
  endfacet
  facet normal 0 0.0435766 0.99905
    outer loop
      vertex -41.4 -23.1091 80
      vertex -45 -22.8913 79.9905
      vertex -45 -23.1091 80
    endloop
  endfacet
  facet normal -0 0 1
    outer loop
      vertex -45 -23.1091 80
      vertex -41.4 -35.5 80
      vertex -41.4 -23.1091 80
    endloop
  endfacet
  facet normal 0 0 1
    outer loop
      vertex -41.4 -35.5 80
      vertex -45 -23.1091 80
      vertex -45 -35.5 80
    endloop
  endfacet
  facet normal -0 0.0698106 0.99756
    outer loop
      vertex -45 -35.5 80
      vertex -41.4 -36.1959 80.0487
      vertex -41.4 -35.5 80
    endloop
  endfacet
  facet normal 0 0.0698106 0.99756
    outer loop
      vertex -41.4 -36.1959 80.0487
      vertex -45 -35.5 80
      vertex -45 -36.1959 80.0487
    endloop
  endfacet
  facet normal -0 0.207874 0.978156
    outer loop
      vertex -45 -36.1959 80.0487
      vertex -41.4 -36.8782 80.1937
      vertex -41.4 -36.1959 80.0487
    endloop
  endfacet
  facet normal 0 0.207874 0.978156
    outer loop
      vertex -41.4 -36.8782 80.1937
      vertex -45 -36.1959 80.0487
      vertex -45 -36.8782 80.1937
    endloop
  endfacet
  facet normal -0 0.342042 0.939685
    outer loop
      vertex -45 -36.8782 80.1937
      vertex -41.4 -37.5337 80.4323
      vertex -41.4 -36.8782 80.1937
    endloop
  endfacet
  facet normal 0 0.342042 0.939685
    outer loop
      vertex -41.4 -37.5337 80.4323
      vertex -45 -36.8782 80.1937
      vertex -45 -37.5337 80.4323
    endloop
  endfacet
  facet normal -0 0.469494 0.882936
    outer loop
      vertex -45 -37.5337 80.4323
      vertex -41.4 -38.1496 80.7598
      vertex -41.4 -37.5337 80.4323
    endloop
  endfacet
  facet normal 0 0.469494 0.882936
    outer loop
      vertex -41.4 -38.1496 80.7598
      vertex -45 -37.5337 80.4323
      vertex -45 -38.1496 80.7598
    endloop
  endfacet
  facet normal -0 0.587797 0.809009
    outer loop
      vertex -45 -38.1496 80.7598
      vertex -41.4 -38.7139 81.1698
      vertex -41.4 -38.1496 80.7598
    endloop
  endfacet
  facet normal 0 0.587797 0.809009
    outer loop
      vertex -41.4 -38.7139 81.1698
      vertex -45 -38.1496 80.7598
      vertex -45 -38.7139 81.1698
    endloop
  endfacet
  facet normal -0 0.694597 0.719399
    outer loop
      vertex -45 -38.7139 81.1698
      vertex -41.4 -39.2157 81.6543
      vertex -41.4 -38.7139 81.1698
    endloop
  endfacet
  facet normal 0 0.694597 0.719399
    outer loop
      vertex -41.4 -39.2157 81.6543
      vertex -45 -38.7139 81.1698
      vertex -45 -39.2157 81.6543
    endloop
  endfacet
  facet normal 0 0.787992 0.615686
    outer loop
      vertex -41.4 -39.2157 81.6543
      vertex -45 -39.6452 82.204
      vertex -41.4 -39.6452 82.204
    endloop
  endfacet
  facet normal 0 0.787992 0.615686
    outer loop
      vertex -45 -39.6452 82.204
      vertex -41.4 -39.2157 81.6543
      vertex -45 -39.2157 81.6543
    endloop
  endfacet
  facet normal 0 0.866047 0.499962
    outer loop
      vertex -41.4 -39.6452 82.204
      vertex -45 -39.994 82.8082
      vertex -41.4 -39.994 82.8082
    endloop
  endfacet
  facet normal 0 0.866047 0.499962
    outer loop
      vertex -45 -39.994 82.8082
      vertex -41.4 -39.6452 82.204
      vertex -45 -39.6452 82.204
    endloop
  endfacet
  facet normal 0 0.927176 0.374627
    outer loop
      vertex -41.4 -39.994 82.8082
      vertex -45 -40.2553 83.4549
      vertex -41.4 -40.2553 83.4549
    endloop
  endfacet
  facet normal 0 0.927176 0.374627
    outer loop
      vertex -45 -40.2553 83.4549
      vertex -41.4 -39.994 82.8082
      vertex -45 -39.994 82.8082
    endloop
  endfacet
  facet normal 0 0.970319 0.241827
    outer loop
      vertex -41.4 -40.2553 83.4549
      vertex -45 -40.424 84.1318
      vertex -41.4 -40.424 84.1318
    endloop
  endfacet
  facet normal 0 0.970319 0.241827
    outer loop
      vertex -45 -40.424 84.1318
      vertex -41.4 -40.2553 83.4549
      vertex -45 -40.2553 83.4549
    endloop
  endfacet
  facet normal 0 0.99619 0.087204
    outer loop
      vertex -41.4 -40.424 84.1318
      vertex -45 -40.5 85
      vertex -41.4 -40.5 85
    endloop
  endfacet
  facet normal 0 0.99619 0.087204
    outer loop
      vertex -45 -40.5 85
      vertex -41.4 -40.424 84.1318
      vertex -45 -40.424 84.1318
    endloop
  endfacet
  facet normal 0 1 -0
    outer loop
      vertex -41.4 -40.5 85
      vertex -45 -40.5 100
      vertex -41.4 -40.5 100
    endloop
  endfacet
  facet normal 0 1 0
    outer loop
      vertex -45 -40.5 100
      vertex -41.4 -40.5 85
      vertex -45 -40.5 85
    endloop
  endfacet
  facet normal 0 0.997561 -0.0698006
    outer loop
      vertex -41.4 -40.5 100
      vertex -45 -40.4513 100.696
      vertex -41.4 -40.4513 100.696
    endloop
  endfacet
  facet normal 0 0.997561 -0.0698006
    outer loop
      vertex -45 -40.4513 100.696
      vertex -41.4 -40.5 100
      vertex -45 -40.5 100
    endloop
  endfacet
  facet normal 0 0.978137 -0.207962
    outer loop
      vertex -41.4 -40.4513 100.696
      vertex -45 -40.3063 101.378
      vertex -41.4 -40.3063 101.378
    endloop
  endfacet
  facet normal 0 0.978137 -0.207962
    outer loop
      vertex -45 -40.3063 101.378
      vertex -41.4 -40.4513 100.696
      vertex -45 -40.4513 100.696
    endloop
  endfacet
  facet normal 0 0.939768 -0.341812
    outer loop
      vertex -41.4 -40.3063 101.378
      vertex -45 -40.0677 102.034
      vertex -41.4 -40.0677 102.034
    endloop
  endfacet
  facet normal 0 0.939768 -0.341812
    outer loop
      vertex -45 -40.0677 102.034
      vertex -41.4 -40.3063 101.378
      vertex -45 -40.3063 101.378
    endloop
  endfacet
  facet normal 0 0.882967 -0.469435
    outer loop
      vertex -41.4 -40.0677 102.034
      vertex -45 -39.7402 102.65
      vertex -41.4 -39.7402 102.65
    endloop
  endfacet
  facet normal 0 0.882967 -0.469435
    outer loop
      vertex -45 -39.7402 102.65
      vertex -41.4 -40.0677 102.034
      vertex -45 -40.0677 102.034
    endloop
  endfacet
  facet normal 0 0.80886 -0.588001
    outer loop
      vertex -41.4 -39.7402 102.65
      vertex -45 -39.3302 103.214
      vertex -41.4 -39.3302 103.214
    endloop
  endfacet
  facet normal 0 0.80886 -0.588001
    outer loop
      vertex -45 -39.3302 103.214
      vertex -41.4 -39.7402 102.65
      vertex -45 -39.7402 102.65
    endloop
  endfacet
  facet normal 0 0.719537 -0.694454
    outer loop
      vertex -41.4 -39.3302 103.214
      vertex -45 -38.8457 103.716
      vertex -41.4 -38.8457 103.716
    endloop
  endfacet
  facet normal 0 0.719537 -0.694454
    outer loop
      vertex -45 -38.8457 103.716
      vertex -41.4 -39.3302 103.214
      vertex -45 -39.3302 103.214
    endloop
  endfacet
  facet normal 0 0.61524 -0.78834
    outer loop
      vertex -45 -38.8457 103.716
      vertex -41.4 -38.296 104.145
      vertex -41.4 -38.8457 103.716
    endloop
  endfacet
  facet normal 0 0.61524 -0.78834
    outer loop
      vertex -41.4 -38.296 104.145
      vertex -45 -38.8457 103.716
      vertex -45 -38.296 104.145
    endloop
  endfacet
  facet normal 0 0.500177 -0.865923
    outer loop
      vertex -45 -38.296 104.145
      vertex -41.4 -37.6918 104.494
      vertex -41.4 -38.296 104.145
    endloop
  endfacet
  facet normal 0 0.500177 -0.865923
    outer loop
      vertex -41.4 -37.6918 104.494
      vertex -45 -38.296 104.145
      vertex -45 -37.6918 104.494
    endloop
  endfacet
  facet normal 0 0.374257 -0.927325
    outer loop
      vertex -45 -37.6918 104.494
      vertex -41.4 -37.0451 104.755
      vertex -41.4 -37.6918 104.494
    endloop
  endfacet
  facet normal 0 0.374257 -0.927325
    outer loop
      vertex -41.4 -37.0451 104.755
      vertex -45 -37.6918 104.494
      vertex -45 -37.0451 104.755
    endloop
  endfacet
  facet normal 0 0.242232 -0.970218
    outer loop
      vertex -45 -37.0451 104.755
      vertex -41.4 -36.3682 104.924
      vertex -41.4 -37.0451 104.755
    endloop
  endfacet
  facet normal 0 0.242232 -0.970218
    outer loop
      vertex -41.4 -36.3682 104.924
      vertex -45 -37.0451 104.755
      vertex -45 -36.3682 104.924
    endloop
  endfacet
  facet normal 0 0.087204 -0.99619
    outer loop
      vertex -45 -36.3682 104.924
      vertex -41.4 -35.5 105
      vertex -41.4 -36.3682 104.924
    endloop
  endfacet
  facet normal 0 0.087204 -0.99619
    outer loop
      vertex -41.4 -35.5 105
      vertex -45 -36.3682 104.924
      vertex -45 -35.5 105
    endloop
  endfacet
  facet normal 0 0 -1
    outer loop
      vertex -45 -35.5 105
      vertex -41.4 35.5 105
      vertex -41.4 -35.5 105
    endloop
  endfacet
  facet normal -0 0 -1
    outer loop
      vertex -41.4 35.5 105
      vertex -45 -35.5 105
      vertex -45 35.5 105
    endloop
  endfacet
  facet normal 0 -0.0702385 -0.99753
    outer loop
      vertex -45 35.5 105
      vertex -41.4 36.1959 104.951
      vertex -41.4 35.5 105
    endloop
  endfacet
  facet normal -0 -0.0702385 -0.99753
    outer loop
      vertex -41.4 36.1959 104.951
      vertex -45 35.5 105
      vertex -45 36.1959 104.951
    endloop
  endfacet
  facet normal 0 -0.207874 -0.978156
    outer loop
      vertex -45 36.1959 104.951
      vertex -41.4 36.8782 104.806
      vertex -41.4 36.1959 104.951
    endloop
  endfacet
  facet normal -0 -0.207874 -0.978156
    outer loop
      vertex -41.4 36.8782 104.806
      vertex -45 36.1959 104.951
      vertex -45 36.8782 104.806
    endloop
  endfacet
  facet normal 0 -0.341282 -0.939961
    outer loop
      vertex -45 36.8782 104.806
      vertex -41.4 37.5337 104.568
      vertex -41.4 36.8782 104.806
    endloop
  endfacet
  facet normal -0 -0.341282 -0.939961
    outer loop
      vertex -41.4 37.5337 104.568
      vertex -45 36.8782 104.806
      vertex -45 37.5337 104.568
    endloop
  endfacet
  facet normal 0 -0.470053 -0.882638
    outer loop
      vertex -45 37.5337 104.568
      vertex -41.4 38.1496 104.24
      vertex -41.4 37.5337 104.568
    endloop
  endfacet
  facet normal -0 -0.470053 -0.882638
    outer loop
      vertex -41.4 38.1496 104.24
      vertex -45 37.5337 104.568
      vertex -45 38.1496 104.24
    endloop
  endfacet
  facet normal 0 -0.587797 -0.809009
    outer loop
      vertex -45 38.1496 104.24
      vertex -41.4 38.7139 103.83
      vertex -41.4 38.1496 104.24
    endloop
  endfacet
  facet normal -0 -0.587797 -0.809009
    outer loop
      vertex -41.4 38.7139 103.83
      vertex -45 38.1496 104.24
      vertex -45 38.7139 103.83
    endloop
  endfacet
  facet normal 0 -0.694226 -0.719757
    outer loop
      vertex -45 38.7139 103.83
      vertex -41.4 39.2157 103.346
      vertex -41.4 38.7139 103.83
    endloop
  endfacet
  facet normal -0 -0.694226 -0.719757
    outer loop
      vertex -41.4 39.2157 103.346
      vertex -45 38.7139 103.83
      vertex -45 39.2157 103.346
    endloop
  endfacet
  facet normal 0 -0.788155 -0.615477
    outer loop
      vertex -45 39.6452 102.796
      vertex -41.4 39.2157 103.346
      vertex -45 39.2157 103.346
    endloop
  endfacet
  facet normal 0 -0.788155 -0.615477
    outer loop
      vertex -41.4 39.2157 103.346
      vertex -45 39.6452 102.796
      vertex -41.4 39.6452 102.796
    endloop
  endfacet
  facet normal 0 -0.865975 -0.500086
    outer loop
      vertex -45 39.994 102.192
      vertex -41.4 39.6452 102.796
      vertex -45 39.6452 102.796
    endloop
  endfacet
  facet normal 0 -0.865975 -0.500086
    outer loop
      vertex -41.4 39.6452 102.796
      vertex -45 39.994 102.192
      vertex -41.4 39.994 102.192
    endloop
  endfacet
  facet normal 0 -0.927236 -0.374477
    outer loop
      vertex -45 40.2553 101.545
      vertex -41.4 39.994 102.192
      vertex -45 39.994 102.192
    endloop
  endfacet
  facet normal 0 -0.927236 -0.374477
    outer loop
      vertex -41.4 39.994 102.192
      vertex -45 40.2553 101.545
      vertex -41.4 40.2553 101.545
    endloop
  endfacet
  facet normal 0 -0.970328 -0.241794
    outer loop
      vertex -45 40.424 100.868
      vertex -41.4 40.2553 101.545
      vertex -45 40.2553 101.545
    endloop
  endfacet
  facet normal 0 -0.970328 -0.241794
    outer loop
      vertex -41.4 40.2553 101.545
      vertex -45 40.424 100.868
      vertex -41.4 40.424 100.868
    endloop
  endfacet
  facet normal 0 -0.996189 -0.0872239
    outer loop
      vertex -45 40.5 100
      vertex -41.4 40.424 100.868
      vertex -45 40.424 100.868
    endloop
  endfacet
  facet normal 0 -0.996189 -0.0872239
    outer loop
      vertex -41.4 40.424 100.868
      vertex -45 40.5 100
      vertex -41.4 40.5 100
    endloop
  endfacet
  facet normal 0 -1 0
    outer loop
      vertex -45 40.5 85
      vertex -41.4 40.5 100
      vertex -45 40.5 100
    endloop
  endfacet
  facet normal 0 -1 -0
    outer loop
      vertex -41.4 40.5 100
      vertex -45 40.5 85
      vertex -41.4 40.5 85
    endloop
  endfacet
  facet normal 0 -0.99756 0.0698106
    outer loop
      vertex -45 40.4513 84.3041
      vertex -41.4 40.5 85
      vertex -45 40.5 85
    endloop
  endfacet
  facet normal 0 -0.99756 0.0698106
    outer loop
      vertex -41.4 40.5 85
      vertex -45 40.4513 84.3041
      vertex -41.4 40.4513 84.3041
    endloop
  endfacet
  facet normal 0 -0.978156 0.207874
    outer loop
      vertex -45 40.3063 83.6218
      vertex -41.4 40.4513 84.3041
      vertex -45 40.4513 84.3041
    endloop
  endfacet
  facet normal 0 -0.978156 0.207874
    outer loop
      vertex -41.4 40.4513 84.3041
      vertex -45 40.3063 83.6218
      vertex -41.4 40.3063 83.6218
    endloop
  endfacet
  facet normal 0 -0.939685 0.342042
    outer loop
      vertex -45 40.0677 82.9663
      vertex -41.4 40.3063 83.6218
      vertex -45 40.3063 83.6218
    endloop
  endfacet
  facet normal 0 -0.939685 0.342042
    outer loop
      vertex -41.4 40.3063 83.6218
      vertex -45 40.0677 82.9663
      vertex -41.4 40.0677 82.9663
    endloop
  endfacet
  facet normal 0 -0.882936 0.469494
    outer loop
      vertex -45 39.7402 82.3504
      vertex -41.4 40.0677 82.9663
      vertex -45 40.0677 82.9663
    endloop
  endfacet
  facet normal 0 -0.882936 0.469494
    outer loop
      vertex -41.4 40.0677 82.9663
      vertex -45 39.7402 82.3504
      vertex -41.4 39.7402 82.3504
    endloop
  endfacet
  facet normal 0 -0.809009 0.587797
    outer loop
      vertex -45 39.3302 81.7861
      vertex -41.4 39.7402 82.3504
      vertex -45 39.7402 82.3504
    endloop
  endfacet
  facet normal 0 -0.809009 0.587797
    outer loop
      vertex -41.4 39.7402 82.3504
      vertex -45 39.3302 81.7861
      vertex -41.4 39.3302 81.7861
    endloop
  endfacet
  facet normal 0 -0.719399 0.694597
    outer loop
      vertex -45 38.8457 81.2843
      vertex -41.4 39.3302 81.7861
      vertex -45 39.3302 81.7861
    endloop
  endfacet
  facet normal 0 -0.719399 0.694597
    outer loop
      vertex -41.4 39.3302 81.7861
      vertex -45 38.8457 81.2843
      vertex -41.4 38.8457 81.2843
    endloop
  endfacet
  facet normal 0 -0.615686 0.787992
    outer loop
      vertex -45 38.8457 81.2843
      vertex -41.4 38.296 80.8548
      vertex -41.4 38.8457 81.2843
    endloop
  endfacet
  facet normal 0 -0.615686 0.787992
    outer loop
      vertex -41.4 38.296 80.8548
      vertex -45 38.8457 81.2843
      vertex -45 38.296 80.8548
    endloop
  endfacet
  facet normal 0 -0.499962 0.866047
    outer loop
      vertex -45 38.296 80.8548
      vertex -41.4 37.6918 80.506
      vertex -41.4 38.296 80.8548
    endloop
  endfacet
  facet normal 0 -0.499962 0.866047
    outer loop
      vertex -41.4 37.6918 80.506
      vertex -45 38.296 80.8548
      vertex -45 37.6918 80.506
    endloop
  endfacet
  facet normal 0 -0.374627 0.927176
    outer loop
      vertex -45 37.6918 80.506
      vertex -41.4 37.0451 80.2447
      vertex -41.4 37.6918 80.506
    endloop
  endfacet
  facet normal 0 -0.374627 0.927176
    outer loop
      vertex -41.4 37.0451 80.2447
      vertex -45 37.6918 80.506
      vertex -45 37.0451 80.2447
    endloop
  endfacet
  facet normal 0 -0.241827 0.970319
    outer loop
      vertex -45 37.0451 80.2447
      vertex -41.4 36.3682 80.076
      vertex -41.4 37.0451 80.2447
    endloop
  endfacet
  facet normal 0 -0.241827 0.970319
    outer loop
      vertex -41.4 36.3682 80.076
      vertex -45 37.0451 80.2447
      vertex -45 36.3682 80.076
    endloop
  endfacet
  facet normal 0 -0.087204 0.99619
    outer loop
      vertex -45 36.3682 80.076
      vertex -41.4 35.5 80
      vertex -41.4 36.3682 80.076
    endloop
  endfacet
  facet normal 0 -0.087204 0.99619
    outer loop
      vertex -41.4 35.5 80
      vertex -45 36.3682 80.076
      vertex -45 35.5 80
    endloop
  endfacet
  facet normal -0 0 1
    outer loop
      vertex -45 35.5 80
      vertex -41.4 23.087 80
      vertex -41.4 35.5 80
    endloop
  endfacet
  facet normal 0 0 1
    outer loop
      vertex -41.4 23.087 80
      vertex -45 35.5 80
      vertex -45 23.087 80
    endloop
  endfacet
  facet normal 0 -0.0350762 0.999385
    outer loop
      vertex -45 23.087 80
      vertex -41.4 22.9132 79.9939
      vertex -41.4 23.087 80
    endloop
  endfacet
  facet normal 0 -0.0350762 0.999385
    outer loop
      vertex -41.4 22.9132 79.9939
      vertex -45 23.087 80
      vertex -45 22.9132 79.9939
    endloop
  endfacet
  facet normal 0 -0.069715 0.997567
    outer loop
      vertex -45 22.9132 79.9939
      vertex -41.4 22.4782 79.9635
      vertex -41.4 22.9132 79.9939
    endloop
  endfacet
  facet normal 0 -0.069715 0.997567
    outer loop
      vertex -41.4 22.4782 79.9635
      vertex -45 22.9132 79.9939
      vertex -45 22.4782 79.9635
    endloop
  endfacet
  facet normal 0 -0.139008 0.990291
    outer loop
      vertex -45 22.4782 79.9635
      vertex -41.4 22.1334 79.9151
      vertex -41.4 22.4782 79.9635
    endloop
  endfacet
  facet normal 0 -0.139008 0.990291
    outer loop
      vertex -41.4 22.1334 79.9151
      vertex -45 22.4782 79.9635
      vertex -45 22.1334 79.9151
    endloop
  endfacet
  facet normal 0 -0.208137 0.9781
    outer loop
      vertex -45 22.1334 79.9151
      vertex -41.4 21.7927 79.8426
      vertex -41.4 22.1334 79.9151
    endloop
  endfacet
  facet normal 0 -0.208137 0.9781
    outer loop
      vertex -41.4 21.7927 79.8426
      vertex -45 22.1334 79.9151
      vertex -45 21.7927 79.8426
    endloop
  endfacet
  facet normal 0 -0.275403 0.961329
    outer loop
      vertex -45 21.7927 79.8426
      vertex -41.4 21.4576 79.7466
      vertex -41.4 21.7927 79.8426
    endloop
  endfacet
  facet normal 0 -0.275403 0.961329
    outer loop
      vertex -41.4 21.4576 79.7466
      vertex -45 21.7927 79.8426
      vertex -45 21.4576 79.7466
    endloop
  endfacet
  facet normal 0 -0.342135 0.939651
    outer loop
      vertex -45 21.4576 79.7466
      vertex -41.4 21.1305 79.6275
      vertex -41.4 21.4576 79.7466
    endloop
  endfacet
  facet normal 0 -0.342135 0.939651
    outer loop
      vertex -41.4 21.1305 79.6275
      vertex -45 21.4576 79.7466
      vertex -45 21.1305 79.6275
    endloop
  endfacet
  facet normal 0 -0.406698 0.913563
    outer loop
      vertex -45 21.1305 79.6275
      vertex -41.4 20.8122 79.4858
      vertex -41.4 21.1305 79.6275
    endloop
  endfacet
  facet normal 0 -0.406698 0.913563
    outer loop
      vertex -41.4 20.8122 79.4858
      vertex -45 21.1305 79.6275
      vertex -45 20.8122 79.4858
    endloop
  endfacet
  facet normal 0 -0.469561 0.8829
    outer loop
      vertex -45 20.8122 79.4858
      vertex -41.4 20.5044 79.3221
      vertex -41.4 20.8122 79.4858
    endloop
  endfacet
  facet normal 0 -0.469561 0.8829
    outer loop
      vertex -41.4 20.5044 79.3221
      vertex -45 20.8122 79.4858
      vertex -45 20.5044 79.3221
    endloop
  endfacet
  facet normal 0 -0.529999 0.847998
    outer loop
      vertex -45 20.5044 79.3221
      vertex -41.4 20.2092 79.1376
      vertex -41.4 20.5044 79.3221
    endloop
  endfacet
  facet normal 0 -0.529999 0.847998
    outer loop
      vertex -41.4 20.2092 79.1376
      vertex -45 20.5044 79.3221
      vertex -45 20.2092 79.1376
    endloop
  endfacet
  facet normal 0 -0.587711 0.809071
    outer loop
      vertex -45 20.2092 79.1376
      vertex -41.4 19.9274 78.9329
      vertex -41.4 20.2092 79.1376
    endloop
  endfacet
  facet normal 0 -0.587711 0.809071
    outer loop
      vertex -41.4 19.9274 78.9329
      vertex -45 20.2092 79.1376
      vertex -45 19.9274 78.9329
    endloop
  endfacet
  facet normal 0 -0.642721 0.7661
    outer loop
      vertex -45 19.9274 78.9329
      vertex -41.4 19.6604 78.7089
      vertex -41.4 19.9274 78.9329
    endloop
  endfacet
  facet normal 0 -0.642721 0.7661
    outer loop
      vertex -41.4 19.6604 78.7089
      vertex -45 19.9274 78.9329
      vertex -45 19.6604 78.7089
    endloop
  endfacet
  facet normal 0 -0.694799 0.719204
    outer loop
      vertex -45 19.6604 78.7089
      vertex -41.4 19.4099 78.4669
      vertex -41.4 19.6604 78.7089
    endloop
  endfacet
  facet normal 0 -0.694799 0.719204
    outer loop
      vertex -41.4 19.4099 78.4669
      vertex -45 19.6604 78.7089
      vertex -45 19.4099 78.4669
    endloop
  endfacet
  facet normal 0 -0.743023 0.669266
    outer loop
      vertex -45 19.1767 78.208
      vertex -41.4 19.4099 78.4669
      vertex -45 19.4099 78.4669
    endloop
  endfacet
  facet normal 0 -0.743023 0.669266
    outer loop
      vertex -41.4 19.4099 78.4669
      vertex -45 19.1767 78.208
      vertex -41.4 19.1767 78.208
    endloop
  endfacet
  facet normal 0 -0.788098 0.615549
    outer loop
      vertex -45 18.9623 77.9335
      vertex -41.4 19.1767 78.208
      vertex -45 19.1767 78.208
    endloop
  endfacet
  facet normal 0 -0.788098 0.615549
    outer loop
      vertex -41.4 19.1767 78.208
      vertex -45 18.9623 77.9335
      vertex -41.4 18.9623 77.9335
    endloop
  endfacet
  facet normal 0 -0.829078 0.559132
    outer loop
      vertex -45 18.7676 77.6448
      vertex -41.4 18.9623 77.9335
      vertex -45 18.9623 77.9335
    endloop
  endfacet
  facet normal 0 -0.829078 0.559132
    outer loop
      vertex -41.4 18.9623 77.9335
      vertex -45 18.7676 77.6448
      vertex -41.4 18.7676 77.6448
    endloop
  endfacet
  facet normal 0 -0.865884 0.500244
    outer loop
      vertex -45 18.5933 77.3431
      vertex -41.4 18.7676 77.6448
      vertex -45 18.7676 77.6448
    endloop
  endfacet
  facet normal 0 -0.865884 0.500244
    outer loop
      vertex -41.4 18.7676 77.6448
      vertex -45 18.5933 77.3431
      vertex -41.4 18.5933 77.3431
    endloop
  endfacet
  facet normal 0 -0.898859 0.438237
    outer loop
      vertex -45 18.4406 77.0299
      vertex -41.4 18.5933 77.3431
      vertex -45 18.5933 77.3431
    endloop
  endfacet
  facet normal 0 -0.898859 0.438237
    outer loop
      vertex -41.4 18.5933 77.3431
      vertex -45 18.4406 77.0299
      vertex -41.4 18.4406 77.0299
    endloop
  endfacet
  facet normal 0 -0.927144 0.374705
    outer loop
      vertex -45 18.3101 76.707
      vertex -41.4 18.4406 77.0299
      vertex -45 18.4406 77.0299
    endloop
  endfacet
  facet normal 0 -0.927144 0.374705
    outer loop
      vertex -41.4 18.4406 77.0299
      vertex -45 18.3101 76.707
      vertex -41.4 18.3101 76.707
    endloop
  endfacet
  facet normal 0 -0.951123 0.308813
    outer loop
      vertex -45 18.2025 76.3756
      vertex -41.4 18.3101 76.707
      vertex -45 18.3101 76.707
    endloop
  endfacet
  facet normal 0 -0.951123 0.308813
    outer loop
      vertex -41.4 18.3101 76.707
      vertex -45 18.2025 76.3756
      vertex -41.4 18.2025 76.3756
    endloop
  endfacet
  facet normal 0 -0.970286 0.241959
    outer loop
      vertex -45 18.1235 76.0588
      vertex -41.4 18.2025 76.3756
      vertex -45 18.2025 76.3756
    endloop
  endfacet
  facet normal 0 -0.970286 0.241959
    outer loop
      vertex -41.4 18.2025 76.3756
      vertex -45 18.1235 76.0588
      vertex -41.4 18.1235 76.0588
    endloop
  endfacet
  facet normal 0 -0.986263 0.165186
    outer loop
      vertex -45 18.0588 75.6725
      vertex -41.4 18.1235 76.0588
      vertex -45 18.1235 76.0588
    endloop
  endfacet
  facet normal 0 -0.986263 0.165186
    outer loop
      vertex -41.4 18.1235 76.0588
      vertex -45 18.0588 75.6725
      vertex -41.4 18.0588 75.6725
    endloop
  endfacet
  facet normal 0 -0.996199 0.08711
    outer loop
      vertex -45 18.0095 75.1087
      vertex -41.4 18.0588 75.6725
      vertex -45 18.0588 75.6725
    endloop
  endfacet
  facet normal 0 -0.996199 0.08711
    outer loop
      vertex -41.4 18.0588 75.6725
      vertex -45 18.0095 75.1087
      vertex -41.4 18.0095 75.1087
    endloop
  endfacet
  facet normal 0 -0.99905 0.0435766
    outer loop
      vertex -45 18 74.8909
      vertex -41.4 18.0095 75.1087
      vertex -45 18.0095 75.1087
    endloop
  endfacet
  facet normal 0 -0.99905 0.0435766
    outer loop
      vertex -41.4 18.0095 75.1087
      vertex -45 18 74.8909
      vertex -41.4 18 74.8909
    endloop
  endfacet
  facet normal 0 -1 0
    outer loop
      vertex -45 18 35.087
      vertex -41.4 18 74.8909
      vertex -45 18 74.8909
    endloop
  endfacet
  facet normal 0 -1 -0
    outer loop
      vertex -41.4 18 74.8909
      vertex -45 18 35.087
      vertex -41.4 18 35.087
    endloop
  endfacet
  facet normal 0 -0.999385 -0.0350762
    outer loop
      vertex -45 18.0061 34.9132
      vertex -41.4 18 35.087
      vertex -45 18 35.087
    endloop
  endfacet
  facet normal 0 -0.999385 -0.0350762
    outer loop
      vertex -41.4 18 35.087
      vertex -45 18.0061 34.9132
      vertex -41.4 18.0061 34.9132
    endloop
  endfacet
  facet normal 0 -0.997567 -0.069715
    outer loop
      vertex -45 18.0365 34.4782
      vertex -41.4 18.0061 34.9132
      vertex -45 18.0061 34.9132
    endloop
  endfacet
  facet normal 0 -0.997567 -0.069715
    outer loop
      vertex -41.4 18.0061 34.9132
      vertex -45 18.0365 34.4782
      vertex -41.4 18.0365 34.4782
    endloop
  endfacet
  facet normal 0 -0.990291 -0.139008
    outer loop
      vertex -45 18.0849 34.1334
      vertex -41.4 18.0365 34.4782
      vertex -45 18.0365 34.4782
    endloop
  endfacet
  facet normal 0 -0.990291 -0.139008
    outer loop
      vertex -41.4 18.0365 34.4782
      vertex -45 18.0849 34.1334
      vertex -41.4 18.0849 34.1334
    endloop
  endfacet
  facet normal 0 -0.9781 -0.208137
    outer loop
      vertex -45 18.1574 33.7927
      vertex -41.4 18.0849 34.1334
      vertex -45 18.0849 34.1334
    endloop
  endfacet
  facet normal 0 -0.9781 -0.208137
    outer loop
      vertex -41.4 18.0849 34.1334
      vertex -45 18.1574 33.7927
      vertex -41.4 18.1574 33.7927
    endloop
  endfacet
  facet normal 0 -0.961329 -0.275403
    outer loop
      vertex -45 18.2534 33.4576
      vertex -41.4 18.1574 33.7927
      vertex -45 18.1574 33.7927
    endloop
  endfacet
  facet normal 0 -0.961329 -0.275403
    outer loop
      vertex -41.4 18.1574 33.7927
      vertex -45 18.2534 33.4576
      vertex -41.4 18.2534 33.4576
    endloop
  endfacet
  facet normal 0 -0.939651 -0.342135
    outer loop
      vertex -45 18.3725 33.1305
      vertex -41.4 18.2534 33.4576
      vertex -45 18.2534 33.4576
    endloop
  endfacet
  facet normal 0 -0.939651 -0.342135
    outer loop
      vertex -41.4 18.2534 33.4576
      vertex -45 18.3725 33.1305
      vertex -41.4 18.3725 33.1305
    endloop
  endfacet
  facet normal 0 -0.913563 -0.406698
    outer loop
      vertex -45 18.5142 32.8122
      vertex -41.4 18.3725 33.1305
      vertex -45 18.3725 33.1305
    endloop
  endfacet
  facet normal 0 -0.913563 -0.406698
    outer loop
      vertex -41.4 18.3725 33.1305
      vertex -45 18.5142 32.8122
      vertex -41.4 18.5142 32.8122
    endloop
  endfacet
  facet normal 0 -0.8829 -0.469561
    outer loop
      vertex -45 18.6779 32.5044
      vertex -41.4 18.5142 32.8122
      vertex -45 18.5142 32.8122
    endloop
  endfacet
  facet normal 0 -0.8829 -0.469561
    outer loop
      vertex -41.4 18.5142 32.8122
      vertex -45 18.6779 32.5044
      vertex -41.4 18.6779 32.5044
    endloop
  endfacet
  facet normal 0 -0.847998 -0.529999
    outer loop
      vertex -45 18.8624 32.2092
      vertex -41.4 18.6779 32.5044
      vertex -45 18.6779 32.5044
    endloop
  endfacet
  facet normal 0 -0.847998 -0.529999
    outer loop
      vertex -41.4 18.6779 32.5044
      vertex -45 18.8624 32.2092
      vertex -41.4 18.8624 32.2092
    endloop
  endfacet
  facet normal 0 -0.809071 -0.587711
    outer loop
      vertex -45 19.0671 31.9274
      vertex -41.4 18.8624 32.2092
      vertex -45 18.8624 32.2092
    endloop
  endfacet
  facet normal 0 -0.809071 -0.587711
    outer loop
      vertex -41.4 18.8624 32.2092
      vertex -45 19.0671 31.9274
      vertex -41.4 19.0671 31.9274
    endloop
  endfacet
  facet normal 0 -0.7661 -0.642721
    outer loop
      vertex -45 19.2911 31.6604
      vertex -41.4 19.0671 31.9274
      vertex -45 19.0671 31.9274
    endloop
  endfacet
  facet normal 0 -0.7661 -0.642721
    outer loop
      vertex -41.4 19.0671 31.9274
      vertex -45 19.2911 31.6604
      vertex -41.4 19.2911 31.6604
    endloop
  endfacet
  facet normal 0 -0.719204 -0.694799
    outer loop
      vertex -45 19.5331 31.4099
      vertex -41.4 19.2911 31.6604
      vertex -45 19.2911 31.6604
    endloop
  endfacet
  facet normal 0 -0.719204 -0.694799
    outer loop
      vertex -41.4 19.2911 31.6604
      vertex -45 19.5331 31.4099
      vertex -41.4 19.5331 31.4099
    endloop
  endfacet
  facet normal 0 -0.669266 -0.743023
    outer loop
      vertex -45 19.5331 31.4099
      vertex -41.4 19.792 31.1767
      vertex -41.4 19.5331 31.4099
    endloop
  endfacet
  facet normal -0 -0.669266 -0.743023
    outer loop
      vertex -41.4 19.792 31.1767
      vertex -45 19.5331 31.4099
      vertex -45 19.792 31.1767
    endloop
  endfacet
  facet normal 0 -0.615549 -0.788098
    outer loop
      vertex -45 19.792 31.1767
      vertex -41.4 20.0665 30.9623
      vertex -41.4 19.792 31.1767
    endloop
  endfacet
  facet normal -0 -0.615549 -0.788098
    outer loop
      vertex -41.4 20.0665 30.9623
      vertex -45 19.792 31.1767
      vertex -45 20.0665 30.9623
    endloop
  endfacet
  facet normal 0 -0.559132 -0.829078
    outer loop
      vertex -45 20.0665 30.9623
      vertex -41.4 20.3552 30.7676
      vertex -41.4 20.0665 30.9623
    endloop
  endfacet
  facet normal -0 -0.559132 -0.829078
    outer loop
      vertex -41.4 20.3552 30.7676
      vertex -45 20.0665 30.9623
      vertex -45 20.3552 30.7676
    endloop
  endfacet
  facet normal 0 -0.500244 -0.865884
    outer loop
      vertex -45 20.3552 30.7676
      vertex -41.4 20.6569 30.5933
      vertex -41.4 20.3552 30.7676
    endloop
  endfacet
  facet normal -0 -0.500244 -0.865884
    outer loop
      vertex -41.4 20.6569 30.5933
      vertex -45 20.3552 30.7676
      vertex -45 20.6569 30.5933
    endloop
  endfacet
  facet normal 0 -0.438237 -0.898859
    outer loop
      vertex -45 20.6569 30.5933
      vertex -41.4 20.9701 30.4406
      vertex -41.4 20.6569 30.5933
    endloop
  endfacet
  facet normal -0 -0.438237 -0.898859
    outer loop
      vertex -41.4 20.9701 30.4406
      vertex -45 20.6569 30.5933
      vertex -45 20.9701 30.4406
    endloop
  endfacet
  facet normal 0 -0.374705 -0.927144
    outer loop
      vertex -45 20.9701 30.4406
      vertex -41.4 21.293 30.3101
      vertex -41.4 20.9701 30.4406
    endloop
  endfacet
  facet normal -0 -0.374705 -0.927144
    outer loop
      vertex -41.4 21.293 30.3101
      vertex -45 20.9701 30.4406
      vertex -45 21.293 30.3101
    endloop
  endfacet
  facet normal 0 -0.308813 -0.951123
    outer loop
      vertex -45 21.293 30.3101
      vertex -41.4 21.6244 30.2025
      vertex -41.4 21.293 30.3101
    endloop
  endfacet
  facet normal -0 -0.308813 -0.951123
    outer loop
      vertex -41.4 21.6244 30.2025
      vertex -45 21.293 30.3101
      vertex -45 21.6244 30.2025
    endloop
  endfacet
  facet normal 0 -0.241959 -0.970286
    outer loop
      vertex -45 21.6244 30.2025
      vertex -41.4 21.9412 30.1235
      vertex -41.4 21.6244 30.2025
    endloop
  endfacet
  facet normal -0 -0.241959 -0.970286
    outer loop
      vertex -41.4 21.9412 30.1235
      vertex -45 21.6244 30.2025
      vertex -45 21.9412 30.1235
    endloop
  endfacet
  facet normal 0 -0.165186 -0.986263
    outer loop
      vertex -45 21.9412 30.1235
      vertex -41.4 22.3275 30.0588
      vertex -41.4 21.9412 30.1235
    endloop
  endfacet
  facet normal -0 -0.165186 -0.986263
    outer loop
      vertex -41.4 22.3275 30.0588
      vertex -45 21.9412 30.1235
      vertex -45 22.3275 30.0588
    endloop
  endfacet
  facet normal 0 -0.08711 -0.996199
    outer loop
      vertex -45 22.3275 30.0588
      vertex -41.4 22.8913 30.0095
      vertex -41.4 22.3275 30.0588
    endloop
  endfacet
  facet normal -0 -0.08711 -0.996199
    outer loop
      vertex -41.4 22.8913 30.0095
      vertex -45 22.3275 30.0588
      vertex -45 22.8913 30.0095
    endloop
  endfacet
  facet normal 0 -0.0435766 -0.99905
    outer loop
      vertex -45 22.8913 30.0095
      vertex -41.4 23.1091 30
      vertex -41.4 22.8913 30.0095
    endloop
  endfacet
  facet normal -0 -0.0435766 -0.99905
    outer loop
      vertex -41.4 23.1091 30
      vertex -45 22.8913 30.0095
      vertex -45 23.1091 30
    endloop
  endfacet
  facet normal 0 0 -1
    outer loop
      vertex -45 23.1091 30
      vertex -41.4 35.5 30
      vertex -41.4 23.1091 30
    endloop
  endfacet
  facet normal -0 0 -1
    outer loop
      vertex -41.4 35.5 30
      vertex -45 23.1091 30
      vertex -45 35.5 30
    endloop
  endfacet
  facet normal 0 -0.0698106 -0.99756
    outer loop
      vertex -45 35.5 30
      vertex -41.4 36.1959 29.9513
      vertex -41.4 35.5 30
    endloop
  endfacet
  facet normal -0 -0.0698106 -0.99756
    outer loop
      vertex -41.4 36.1959 29.9513
      vertex -45 35.5 30
      vertex -45 36.1959 29.9513
    endloop
  endfacet
  facet normal 0 -0.207874 -0.978156
    outer loop
      vertex -45 36.1959 29.9513
      vertex -41.4 36.8782 29.8063
      vertex -41.4 36.1959 29.9513
    endloop
  endfacet
  facet normal -0 -0.207874 -0.978156
    outer loop
      vertex -41.4 36.8782 29.8063
      vertex -45 36.1959 29.9513
      vertex -45 36.8782 29.8063
    endloop
  endfacet
  facet normal 0 -0.342042 -0.939685
    outer loop
      vertex -45 36.8782 29.8063
      vertex -41.4 37.5337 29.5677
      vertex -41.4 36.8782 29.8063
    endloop
  endfacet
  facet normal -0 -0.342042 -0.939685
    outer loop
      vertex -41.4 37.5337 29.5677
      vertex -45 36.8782 29.8063
      vertex -45 37.5337 29.5677
    endloop
  endfacet
  facet normal 0 -0.469494 -0.882936
    outer loop
      vertex -45 37.5337 29.5677
      vertex -41.4 38.1496 29.2402
      vertex -41.4 37.5337 29.5677
    endloop
  endfacet
  facet normal -0 -0.469494 -0.882936
    outer loop
      vertex -41.4 38.1496 29.2402
      vertex -45 37.5337 29.5677
      vertex -45 38.1496 29.2402
    endloop
  endfacet
  facet normal 0 -0.587797 -0.809009
    outer loop
      vertex -45 38.1496 29.2402
      vertex -41.4 38.7139 28.8302
      vertex -41.4 38.1496 29.2402
    endloop
  endfacet
  facet normal -0 -0.587797 -0.809009
    outer loop
      vertex -41.4 38.7139 28.8302
      vertex -45 38.1496 29.2402
      vertex -45 38.7139 28.8302
    endloop
  endfacet
  facet normal 0 -0.694597 -0.719399
    outer loop
      vertex -45 38.7139 28.8302
      vertex -41.4 39.2157 28.3457
      vertex -41.4 38.7139 28.8302
    endloop
  endfacet
  facet normal -0 -0.694597 -0.719399
    outer loop
      vertex -41.4 39.2157 28.3457
      vertex -45 38.7139 28.8302
      vertex -45 39.2157 28.3457
    endloop
  endfacet
  facet normal 0 -0.787992 -0.615686
    outer loop
      vertex -45 39.6452 27.796
      vertex -41.4 39.2157 28.3457
      vertex -45 39.2157 28.3457
    endloop
  endfacet
  facet normal 0 -0.787992 -0.615686
    outer loop
      vertex -41.4 39.2157 28.3457
      vertex -45 39.6452 27.796
      vertex -41.4 39.6452 27.796
    endloop
  endfacet
  facet normal 0 -0.866047 -0.499962
    outer loop
      vertex -45 39.994 27.1918
      vertex -41.4 39.6452 27.796
      vertex -45 39.6452 27.796
    endloop
  endfacet
  facet normal 0 -0.866047 -0.499962
    outer loop
      vertex -41.4 39.6452 27.796
      vertex -45 39.994 27.1918
      vertex -41.4 39.994 27.1918
    endloop
  endfacet
  facet normal 0 -0.927176 -0.374627
    outer loop
      vertex -45 40.2553 26.5451
      vertex -41.4 39.994 27.1918
      vertex -45 39.994 27.1918
    endloop
  endfacet
  facet normal 0 -0.927176 -0.374627
    outer loop
      vertex -41.4 39.994 27.1918
      vertex -45 40.2553 26.5451
      vertex -41.4 40.2553 26.5451
    endloop
  endfacet
  facet normal 0 -0.970319 -0.241827
    outer loop
      vertex -45 40.424 25.8682
      vertex -41.4 40.2553 26.5451
      vertex -45 40.2553 26.5451
    endloop
  endfacet
  facet normal 0 -0.970319 -0.241827
    outer loop
      vertex -41.4 40.2553 26.5451
      vertex -45 40.424 25.8682
      vertex -41.4 40.424 25.8682
    endloop
  endfacet
  facet normal 0 -0.99619 -0.087204
    outer loop
      vertex -45 40.5 25
      vertex -41.4 40.424 25.8682
      vertex -45 40.424 25.8682
    endloop
  endfacet
  facet normal 0 -0.99619 -0.087204
    outer loop
      vertex -41.4 40.424 25.8682
      vertex -45 40.5 25
      vertex -41.4 40.5 25
    endloop
  endfacet
  facet normal 0 -1 0
    outer loop
      vertex -45 40.5 10
      vertex -41.4 40.5 25
      vertex -45 40.5 25
    endloop
  endfacet
  facet normal 0 -1 -0
    outer loop
      vertex -41.4 40.5 25
      vertex -45 40.5 10
      vertex -41.4 40.5 10
    endloop
  endfacet
  facet normal 0 -0.99756 0.0698146
    outer loop
      vertex -45 40.4513 9.30414
      vertex -41.4 40.5 10
      vertex -45 40.5 10
    endloop
  endfacet
  facet normal 0 -0.99756 0.0698146
    outer loop
      vertex -41.4 40.5 10
      vertex -45 40.4513 9.30414
      vertex -41.4 40.4513 9.30414
    endloop
  endfacet
  facet normal 0 -0.978157 0.207865
    outer loop
      vertex -45 40.3063 8.62181
      vertex -41.4 40.4513 9.30414
      vertex -45 40.4513 9.30414
    endloop
  endfacet
  facet normal 0 -0.978157 0.207865
    outer loop
      vertex -41.4 40.4513 9.30414
      vertex -45 40.3063 8.62181
      vertex -41.4 40.3063 8.62181
    endloop
  endfacet
  facet normal 0 -0.939683 0.342047
    outer loop
      vertex -45 40.0677 7.96632
      vertex -41.4 40.3063 8.62181
      vertex -45 40.3063 8.62181
    endloop
  endfacet
  facet normal 0 -0.939683 0.342047
    outer loop
      vertex -41.4 40.3063 8.62181
      vertex -45 40.0677 7.96632
      vertex -41.4 40.0677 7.96632
    endloop
  endfacet
  facet normal 0 -0.882942 0.469482
    outer loop
      vertex -45 39.7402 7.3504
      vertex -41.4 40.0677 7.96632
      vertex -45 40.0677 7.96632
    endloop
  endfacet
  facet normal 0 -0.882942 0.469482
    outer loop
      vertex -41.4 40.0677 7.96632
      vertex -45 39.7402 7.3504
      vertex -41.4 39.7402 7.3504
    endloop
  endfacet
  facet normal 0 -0.809029 0.587769
    outer loop
      vertex -45 39.3302 6.78606
      vertex -41.4 39.7402 7.3504
      vertex -45 39.7402 7.3504
    endloop
  endfacet
  facet normal 0 -0.809029 0.587769
    outer loop
      vertex -41.4 39.7402 7.3504
      vertex -45 39.3302 6.78606
      vertex -41.4 39.3302 6.78606
    endloop
  endfacet
  facet normal 0 -0.719392 0.694604
    outer loop
      vertex -45 38.8457 6.28427
      vertex -41.4 39.3302 6.78606
      vertex -45 39.3302 6.78606
    endloop
  endfacet
  facet normal 0 -0.719392 0.694604
    outer loop
      vertex -41.4 39.3302 6.78606
      vertex -45 38.8457 6.28427
      vertex -41.4 38.8457 6.28427
    endloop
  endfacet
  facet normal 0 -0.61565 0.78802
    outer loop
      vertex -45 38.8457 6.28427
      vertex -41.4 38.296 5.85481
      vertex -41.4 38.8457 6.28427
    endloop
  endfacet
  facet normal 0 -0.61565 0.78802
    outer loop
      vertex -41.4 38.296 5.85481
      vertex -45 38.8457 6.28427
      vertex -45 38.296 5.85481
    endloop
  endfacet
  facet normal 0 -0.499941 0.86606
    outer loop
      vertex -45 38.296 5.85481
      vertex -41.4 37.6918 5.50603
      vertex -41.4 38.296 5.85481
    endloop
  endfacet
  facet normal 0 -0.499941 0.86606
    outer loop
      vertex -41.4 37.6918 5.50603
      vertex -45 38.296 5.85481
      vertex -45 37.6918 5.50603
    endloop
  endfacet
  facet normal 0 -0.374639 0.927171
    outer loop
      vertex -45 37.6918 5.50603
      vertex -41.4 37.0451 5.24472
      vertex -41.4 37.6918 5.50603
    endloop
  endfacet
  facet normal 0 -0.374639 0.927171
    outer loop
      vertex -41.4 37.0451 5.24472
      vertex -45 37.6918 5.50603
      vertex -45 37.0451 5.24472
    endloop
  endfacet
  facet normal 0 -0.241908 0.970299
    outer loop
      vertex -45 37.0451 5.24472
      vertex -41.4 36.3682 5.07596
      vertex -41.4 37.0451 5.24472
    endloop
  endfacet
  facet normal 0 -0.241908 0.970299
    outer loop
      vertex -41.4 36.3682 5.07596
      vertex -45 37.0451 5.24472
      vertex -45 36.3682 5.07596
    endloop
  endfacet
  facet normal 0 -0.0871584 0.996194
    outer loop
      vertex -45 36.3682 5.07596
      vertex -41.4 35.5 5
      vertex -41.4 36.3682 5.07596
    endloop
  endfacet
  facet normal 0 -0.0871584 0.996194
    outer loop
      vertex -41.4 35.5 5
      vertex -45 36.3682 5.07596
      vertex -45 35.5 5
    endloop
  endfacet
  facet normal -0 0 1
    outer loop
      vertex -45 35.5 5
      vertex -41.4 -35.5 5
      vertex -41.4 35.5 5
    endloop
  endfacet
  facet normal 0 0 1
    outer loop
      vertex -41.4 -35.5 5
      vertex -45 35.5 5
      vertex -45 -35.5 5
    endloop
  endfacet
  facet normal -0 0.0697535 0.997564
    outer loop
      vertex -45 -35.5 5
      vertex -41.4 -36.1959 5.04866
      vertex -41.4 -35.5 5
    endloop
  endfacet
  facet normal 0 0.0697535 0.997564
    outer loop
      vertex -41.4 -36.1959 5.04866
      vertex -45 -35.5 5
      vertex -45 -36.1959 5.04866
    endloop
  endfacet
  facet normal -0 0.207929 0.978144
    outer loop
      vertex -45 -36.1959 5.04866
      vertex -41.4 -36.8782 5.1937
      vertex -41.4 -36.1959 5.04866
    endloop
  endfacet
  facet normal 0 0.207929 0.978144
    outer loop
      vertex -41.4 -36.8782 5.1937
      vertex -45 -36.1959 5.04866
      vertex -45 -36.8782 5.1937
    endloop
  endfacet
  facet normal -0 0.342004 0.939698
    outer loop
      vertex -45 -36.8782 5.1937
      vertex -41.4 -37.5337 5.43227
      vertex -41.4 -36.8782 5.1937
    endloop
  endfacet
  facet normal 0 0.342004 0.939698
    outer loop
      vertex -41.4 -37.5337 5.43227
      vertex -45 -36.8782 5.1937
      vertex -45 -37.5337 5.43227
    endloop
  endfacet
  facet normal -0 0.469494 0.882936
    outer loop
      vertex -45 -37.5337 5.43227
      vertex -41.4 -38.1496 5.75977
      vertex -41.4 -37.5337 5.43227
    endloop
  endfacet
  facet normal 0 0.469494 0.882936
    outer loop
      vertex -41.4 -38.1496 5.75977
      vertex -45 -37.5337 5.43227
      vertex -45 -38.1496 5.75977
    endloop
  endfacet
  facet normal -0 0.587806 0.809002
    outer loop
      vertex -45 -38.1496 5.75977
      vertex -41.4 -38.7139 6.16978
      vertex -41.4 -38.1496 5.75977
    endloop
  endfacet
  facet normal 0 0.587806 0.809002
    outer loop
      vertex -41.4 -38.7139 6.16978
      vertex -45 -38.1496 5.75977
      vertex -45 -38.7139 6.16978
    endloop
  endfacet
  facet normal -0 0.694642 0.719356
    outer loop
      vertex -45 -38.7139 6.16978
      vertex -41.4 -39.2157 6.65434
      vertex -41.4 -38.7139 6.16978
    endloop
  endfacet
  facet normal 0 0.694642 0.719356
    outer loop
      vertex -41.4 -39.2157 6.65434
      vertex -45 -38.7139 6.16978
      vertex -45 -39.2157 6.65434
    endloop
  endfacet
  facet normal 0 0.787992 0.615686
    outer loop
      vertex -41.4 -39.2157 6.65434
      vertex -45 -39.6452 7.20404
      vertex -41.4 -39.6452 7.20404
    endloop
  endfacet
  facet normal 0 0.787992 0.615686
    outer loop
      vertex -45 -39.6452 7.20404
      vertex -41.4 -39.2157 6.65434
      vertex -45 -39.2157 6.65434
    endloop
  endfacet
  facet normal 0 0.866015 0.500018
    outer loop
      vertex -41.4 -39.6452 7.20404
      vertex -45 -39.994 7.80815
      vertex -41.4 -39.994 7.80815
    endloop
  endfacet
  facet normal 0 0.866015 0.500018
    outer loop
      vertex -45 -39.994 7.80815
      vertex -41.4 -39.6452 7.20404
      vertex -45 -39.6452 7.20404
    endloop
  endfacet
  facet normal 0 0.927188 0.374597
    outer loop
      vertex -41.4 -39.994 7.80815
      vertex -45 -40.2553 8.45491
      vertex -41.4 -40.2553 8.45491
    endloop
  endfacet
  facet normal 0 0.927188 0.374597
    outer loop
      vertex -45 -40.2553 8.45491
      vertex -41.4 -39.994 7.80815
      vertex -45 -39.994 7.80815
    endloop
  endfacet
  facet normal 0 0.970315 0.241844
    outer loop
      vertex -41.4 -40.2553 8.45491
      vertex -45 -40.424 9.13176
      vertex -41.4 -40.424 9.13176
    endloop
  endfacet
  facet normal 0 0.970315 0.241844
    outer loop
      vertex -45 -40.424 9.13176
      vertex -41.4 -40.2553 8.45491
      vertex -45 -40.2553 8.45491
    endloop
  endfacet
  facet normal 0 0.996191 0.0872
    outer loop
      vertex -41.4 -40.424 9.13176
      vertex -45 -40.5 10
      vertex -41.4 -40.5 10
    endloop
  endfacet
  facet normal 0 0.996191 0.0872
    outer loop
      vertex -45 -40.5 10
      vertex -41.4 -40.424 9.13176
      vertex -45 -40.424 9.13176
    endloop
  endfacet
  facet normal 0 1 -0
    outer loop
      vertex -41.4 -40.5 10
      vertex -45 -40.5 25
      vertex -41.4 -40.5 25
    endloop
  endfacet
  facet normal 0 1 0
    outer loop
      vertex -45 -40.5 25
      vertex -41.4 -40.5 10
      vertex -45 -40.5 10
    endloop
  endfacet
  facet normal 0 0.99756 -0.0698106
    outer loop
      vertex -41.4 -40.5 25
      vertex -45 -40.4513 25.6959
      vertex -41.4 -40.4513 25.6959
    endloop
  endfacet
  facet normal 0 0.99756 -0.0698106
    outer loop
      vertex -45 -40.4513 25.6959
      vertex -41.4 -40.5 25
      vertex -45 -40.5 25
    endloop
  endfacet
  facet normal 1 0 0
    outer loop
      vertex -41.4 -23.1091 80
      vertex -41.4 -18 74.913
      vertex -41.4 -18.0061 75.0868
    endloop
  endfacet
  facet normal 1 0 0
    outer loop
      vertex -41.4 -18 74.913
      vertex -41.4 -35.5 80
      vertex -41.4 -18 35.1091
    endloop
  endfacet
  facet normal 1 0 0
    outer loop
      vertex -41.4 -22.8913 79.9905
      vertex -41.4 -18.0061 75.0868
      vertex -41.4 -18.0365 75.5218
    endloop
  endfacet
  facet normal 1 0 0
    outer loop
      vertex -41.4 -35.5 30
      vertex -41.4 -18 35.1091
      vertex -41.4 -35.5 80
    endloop
  endfacet
  facet normal 1 0 0
    outer loop
      vertex -41.4 -22.8913 79.9905
      vertex -41.4 -18.0365 75.5218
      vertex -41.4 -18.0849 75.8666
    endloop
  endfacet
  facet normal 1 0 -0
    outer loop
      vertex -41.4 -23.087 30
      vertex -41.4 -18 35.1091
      vertex -41.4 -35.5 30
    endloop
  endfacet
  facet normal 1 0 0
    outer loop
      vertex -41.4 -22.8913 79.9905
      vertex -41.4 -18.0849 75.8666
      vertex -41.4 -18.1574 76.2073
    endloop
  endfacet
  facet normal 1 0 0
    outer loop
      vertex -41.4 -18 35.1091
      vertex -41.4 -23.087 30
      vertex -41.4 -18.0095 34.8913
    endloop
  endfacet
  facet normal 1 0 0
    outer loop
      vertex -41.4 -22.8913 79.9905
      vertex -41.4 -18.1574 76.2073
      vertex -41.4 -18.2534 76.5424
    endloop
  endfacet
  facet normal 1 0 -0
    outer loop
      vertex -41.4 -22.9132 30.0061
      vertex -41.4 -18.0095 34.8913
      vertex -41.4 -23.087 30
    endloop
  endfacet
  facet normal 1 0 0
    outer loop
      vertex -41.4 -22.8913 79.9905
      vertex -41.4 -18.2534 76.5424
      vertex -41.4 -18.3725 76.8695
    endloop
  endfacet
  facet normal 1 0 0
    outer loop
      vertex -41.4 -18.0095 34.8913
      vertex -41.4 -22.9132 30.0061
      vertex -41.4 -18.0588 34.3275
    endloop
  endfacet
  facet normal 1 0 0
    outer loop
      vertex -41.4 -22.8913 79.9905
      vertex -41.4 -18.3725 76.8695
      vertex -41.4 -18.5142 77.1878
    endloop
  endfacet
  facet normal 1 0 0
    outer loop
      vertex -41.4 -18.0588 34.3275
      vertex -41.4 -22.9132 30.0061
      vertex -41.4 -18.1235 33.9412
    endloop
  endfacet
  facet normal 1 0 0
    outer loop
      vertex -41.4 -22.8913 79.9905
      vertex -41.4 -18.5142 77.1878
      vertex -41.4 -18.6779 77.4956
    endloop
  endfacet
  facet normal 1 0 0
    outer loop
      vertex -41.4 -18.1235 33.9412
      vertex -41.4 -22.9132 30.0061
      vertex -41.4 -18.2025 33.6244
    endloop
  endfacet
  facet normal 1 0 0
    outer loop
      vertex -41.4 -22.8913 79.9905
      vertex -41.4 -18.6779 77.4956
      vertex -41.4 -18.8624 77.7908
    endloop
  endfacet
  facet normal 1 0 0
    outer loop
      vertex -41.4 -18.2025 33.6244
      vertex -41.4 -22.9132 30.0061
      vertex -41.4 -18.3101 33.293
    endloop
  endfacet
  facet normal 1 0 0
    outer loop
      vertex -41.4 -22.8913 79.9905
      vertex -41.4 -18.8624 77.7908
      vertex -41.4 -19.0671 78.0726
    endloop
  endfacet
  facet normal 1 0 0
    outer loop
      vertex -41.4 -18.3101 33.293
      vertex -41.4 -22.9132 30.0061
      vertex -41.4 -18.4406 32.9701
    endloop
  endfacet
  facet normal 1 0 0
    outer loop
      vertex -41.4 -22.8913 79.9905
      vertex -41.4 -19.0671 78.0726
      vertex -41.4 -19.2911 78.3396
    endloop
  endfacet
  facet normal 1 0 0
    outer loop
      vertex -41.4 -18.4406 32.9701
      vertex -41.4 -22.9132 30.0061
      vertex -41.4 -18.5933 32.6569
    endloop
  endfacet
  facet normal 1 0 0
    outer loop
      vertex -41.4 -22.8913 79.9905
      vertex -41.4 -19.2911 78.3396
      vertex -41.4 -19.5331 78.5901
    endloop
  endfacet
  facet normal 1 0 0
    outer loop
      vertex -41.4 -18.5933 32.6569
      vertex -41.4 -22.9132 30.0061
      vertex -41.4 -18.7676 32.3552
    endloop
  endfacet
  facet normal 1 0 0
    outer loop
      vertex -41.4 -22.8913 79.9905
      vertex -41.4 -19.5331 78.5901
      vertex -41.4 -19.792 78.8233
    endloop
  endfacet
  facet normal 1 0 0
    outer loop
      vertex -41.4 -18.7676 32.3552
      vertex -41.4 -22.9132 30.0061
      vertex -41.4 -18.9623 32.0665
    endloop
  endfacet
  facet normal 1 0 0
    outer loop
      vertex -41.4 -22.3275 79.9412
      vertex -41.4 -19.792 78.8233
      vertex -41.4 -20.0665 79.0377
    endloop
  endfacet
  facet normal 1 0 0
    outer loop
      vertex -41.4 -18 74.913
      vertex -41.4 -23.1091 80
      vertex -41.4 -35.5 80
    endloop
  endfacet
  facet normal 1 0 0
    outer loop
      vertex -41.4 -22.3275 79.9412
      vertex -41.4 -20.0665 79.0377
      vertex -41.4 -20.3552 79.2324
    endloop
  endfacet
  facet normal 1 0 0
    outer loop
      vertex -41.4 -18.9623 32.0665
      vertex -41.4 -22.9132 30.0061
      vertex -41.4 -19.1767 31.792
    endloop
  endfacet
  facet normal 1 0 0
    outer loop
      vertex -41.4 -22.3275 79.9412
      vertex -41.4 -20.3552 79.2324
      vertex -41.4 -20.6569 79.4067
    endloop
  endfacet
  facet normal 1 0 0
    outer loop
      vertex -41.4 -19.6604 31.2911
      vertex -41.4 -22.9132 30.0061
      vertex -41.4 -19.9274 31.0671
    endloop
  endfacet
  facet normal 1 0 0
    outer loop
      vertex -41.4 -22.3275 79.9412
      vertex -41.4 -20.6569 79.4067
      vertex -41.4 -20.9701 79.5594
    endloop
  endfacet
  facet normal 1 0 0
    outer loop
      vertex -41.4 -19.9274 31.0671
      vertex -41.4 -22.9132 30.0061
      vertex -41.4 -20.2092 30.8624
    endloop
  endfacet
  facet normal 1 0 0
    outer loop
      vertex -41.4 -22.3275 79.9412
      vertex -41.4 -20.9701 79.5594
      vertex -41.4 -21.293 79.6899
    endloop
  endfacet
  facet normal 1 0 0
    outer loop
      vertex -41.4 -20.2092 30.8624
      vertex -41.4 -22.9132 30.0061
      vertex -41.4 -20.5044 30.6779
    endloop
  endfacet
  facet normal 1 0 0
    outer loop
      vertex -41.4 -22.3275 79.9412
      vertex -41.4 -21.293 79.6899
      vertex -41.4 -21.6244 79.7975
    endloop
  endfacet
  facet normal 1 0 0
    outer loop
      vertex -41.4 -20.5044 30.6779
      vertex -41.4 -22.9132 30.0061
      vertex -41.4 -20.8122 30.5142
    endloop
  endfacet
  facet normal 1 0 0
    outer loop
      vertex -41.4 -22.3275 79.9412
      vertex -41.4 -21.6244 79.7975
      vertex -41.4 -21.9412 79.8765
    endloop
  endfacet
  facet normal 1 0 0
    outer loop
      vertex -41.4 -20.8122 30.5142
      vertex -41.4 -22.9132 30.0061
      vertex -41.4 -21.1305 30.3725
    endloop
  endfacet
  facet normal 1 0 0
    outer loop
      vertex -41.4 -19.792 78.8233
      vertex -41.4 -22.3275 79.9412
      vertex -41.4 -22.8913 79.9905
    endloop
  endfacet
  facet normal 1 0 0
    outer loop
      vertex -41.4 -21.4576 30.2534
      vertex -41.4 -22.9132 30.0061
      vertex -41.4 -21.7927 30.1574
    endloop
  endfacet
  facet normal 1 0 0
    outer loop
      vertex -41.4 -18.0061 75.0868
      vertex -41.4 -22.8913 79.9905
      vertex -41.4 -23.1091 80
    endloop
  endfacet
  facet normal 1 0 0
    outer loop
      vertex -41.4 -21.7927 30.1574
      vertex -41.4 -22.9132 30.0061
      vertex -41.4 -22.1334 30.0849
    endloop
  endfacet
  facet normal 1 0 0
    outer loop
      vertex -41.4 -22.1334 30.0849
      vertex -41.4 -22.9132 30.0061
      vertex -41.4 -22.4782 30.0365
    endloop
  endfacet
  facet normal 1 0 0
    outer loop
      vertex -41.4 -21.1305 30.3725
      vertex -41.4 -22.9132 30.0061
      vertex -41.4 -21.4576 30.2534
    endloop
  endfacet
  facet normal 1 0 0
    outer loop
      vertex -41.4 -19.1767 31.792
      vertex -41.4 -22.9132 30.0061
      vertex -41.4 -19.4099 31.5331
    endloop
  endfacet
  facet normal 1 0 0
    outer loop
      vertex -41.4 -19.4099 31.5331
      vertex -41.4 -22.9132 30.0061
      vertex -41.4 -19.6604 31.2911
    endloop
  endfacet
  facet normal 1 0 0
    outer loop
      vertex -41.4 -36.1959 80.0487
      vertex -41.4 -35.5 30
      vertex -41.4 -35.5 80
    endloop
  endfacet
  facet normal 1 0 0
    outer loop
      vertex -41.4 -36.1959 80.0487
      vertex -41.4 -36.3682 29.924
      vertex -41.4 -35.5 30
    endloop
  endfacet
  facet normal 1 0 0
    outer loop
      vertex -41.4 -36.8782 80.1937
      vertex -41.4 -36.3682 29.924
      vertex -41.4 -36.1959 80.0487
    endloop
  endfacet
  facet normal 1 0 0
    outer loop
      vertex -41.4 -36.8782 80.1937
      vertex -41.4 -37.0451 29.7553
      vertex -41.4 -36.3682 29.924
    endloop
  endfacet
  facet normal 1 0 0
    outer loop
      vertex -41.4 -37.5337 80.4323
      vertex -41.4 -37.0451 29.7553
      vertex -41.4 -36.8782 80.1937
    endloop
  endfacet
  facet normal 1 0 0
    outer loop
      vertex -41.4 -37.5337 80.4323
      vertex -41.4 -37.6918 29.494
      vertex -41.4 -37.0451 29.7553
    endloop
  endfacet
  facet normal 1 0 0
    outer loop
      vertex -41.4 -38.1496 80.7598
      vertex -41.4 -37.6918 29.494
      vertex -41.4 -37.5337 80.4323
    endloop
  endfacet
  facet normal 1 0 0
    outer loop
      vertex -41.4 -38.1496 80.7598
      vertex -41.4 -38.296 29.1452
      vertex -41.4 -37.6918 29.494
    endloop
  endfacet
  facet normal 1 0 0
    outer loop
      vertex -41.4 -38.7139 81.1698
      vertex -41.4 -38.296 29.1452
      vertex -41.4 -38.1496 80.7598
    endloop
  endfacet
  facet normal 1 0 0
    outer loop
      vertex -41.4 -38.7139 81.1698
      vertex -41.4 -38.8457 28.7157
      vertex -41.4 -38.296 29.1452
    endloop
  endfacet
  facet normal 1 0 0
    outer loop
      vertex -41.4 -39.2157 81.6543
      vertex -41.4 -38.8457 28.7157
      vertex -41.4 -38.7139 81.1698
    endloop
  endfacet
  facet normal 1 0 0
    outer loop
      vertex -41.4 -39.2157 81.6543
      vertex -41.4 -39.3302 28.2139
      vertex -41.4 -38.8457 28.7157
    endloop
  endfacet
  facet normal 1 0 0
    outer loop
      vertex -41.4 -39.6452 82.204
      vertex -41.4 -39.3302 28.2139
      vertex -41.4 -39.2157 81.6543
    endloop
  endfacet
  facet normal 1 0 0
    outer loop
      vertex -41.4 -39.6452 82.204
      vertex -41.4 -39.7402 27.6496
      vertex -41.4 -39.3302 28.2139
    endloop
  endfacet
  facet normal 1 0 0
    outer loop
      vertex -41.4 -39.994 82.8082
      vertex -41.4 -39.7402 27.6496
      vertex -41.4 -39.6452 82.204
    endloop
  endfacet
  facet normal 1 0 0
    outer loop
      vertex -41.4 -39.994 82.8082
      vertex -41.4 -40.0677 27.0337
      vertex -41.4 -39.7402 27.6496
    endloop
  endfacet
  facet normal 1 0 0
    outer loop
      vertex -41.4 -40.2553 83.4549
      vertex -41.4 -40.0677 27.0337
      vertex -41.4 -39.994 82.8082
    endloop
  endfacet
  facet normal 1 0 0
    outer loop
      vertex -41.4 -40.2553 83.4549
      vertex -41.4 -40.3063 26.3782
      vertex -41.4 -40.0677 27.0337
    endloop
  endfacet
  facet normal 1 0 0
    outer loop
      vertex -41.4 -40.424 84.1318
      vertex -41.4 -40.3063 26.3782
      vertex -41.4 -40.2553 83.4549
    endloop
  endfacet
  facet normal 1 0 0
    outer loop
      vertex -41.4 -40.424 84.1318
      vertex -41.4 -40.4513 25.6959
      vertex -41.4 -40.3063 26.3782
    endloop
  endfacet
  facet normal 1 0 0
    outer loop
      vertex -41.4 -40.5 85
      vertex -41.4 -40.4513 25.6959
      vertex -41.4 -40.424 84.1318
    endloop
  endfacet
  facet normal 1 0 0
    outer loop
      vertex -41.4 -40.4513 25.6959
      vertex -41.4 -40.5 85
      vertex -41.4 -40.5 25
    endloop
  endfacet
  facet normal 1 -0 0
    outer loop
      vertex -41.4 40.4513 84.3041
      vertex -41.4 40.5 25
      vertex -41.4 40.5 85
    endloop
  endfacet
  facet normal 1 0 0
    outer loop
      vertex -41.4 40.4513 84.3041
      vertex -41.4 40.424 25.8682
      vertex -41.4 40.5 25
    endloop
  endfacet
  facet normal 1 -0 0
    outer loop
      vertex -41.4 40.3063 83.6218
      vertex -41.4 40.424 25.8682
      vertex -41.4 40.4513 84.3041
    endloop
  endfacet
  facet normal 1 0 0
    outer loop
      vertex -41.4 40.3063 83.6218
      vertex -41.4 40.2553 26.5451
      vertex -41.4 40.424 25.8682
    endloop
  endfacet
  facet normal 1 -0 0
    outer loop
      vertex -41.4 40.0677 82.9663
      vertex -41.4 40.2553 26.5451
      vertex -41.4 40.3063 83.6218
    endloop
  endfacet
  facet normal 1 0 0
    outer loop
      vertex -41.4 40.0677 82.9663
      vertex -41.4 39.994 27.1918
      vertex -41.4 40.2553 26.5451
    endloop
  endfacet
  facet normal 1 -0 0
    outer loop
      vertex -41.4 39.7402 82.3504
      vertex -41.4 39.994 27.1918
      vertex -41.4 40.0677 82.9663
    endloop
  endfacet
  facet normal 1 0 0
    outer loop
      vertex -41.4 39.7402 82.3504
      vertex -41.4 39.6452 27.796
      vertex -41.4 39.994 27.1918
    endloop
  endfacet
  facet normal 1 -0 0
    outer loop
      vertex -41.4 39.3302 81.7861
      vertex -41.4 39.6452 27.796
      vertex -41.4 39.7402 82.3504
    endloop
  endfacet
  facet normal 1 0 0
    outer loop
      vertex -41.4 39.3302 81.7861
      vertex -41.4 39.2157 28.3457
      vertex -41.4 39.6452 27.796
    endloop
  endfacet
  facet normal 1 -0 0
    outer loop
      vertex -41.4 38.8457 81.2843
      vertex -41.4 39.2157 28.3457
      vertex -41.4 39.3302 81.7861
    endloop
  endfacet
  facet normal 1 0 0
    outer loop
      vertex -41.4 38.8457 81.2843
      vertex -41.4 38.7139 28.8302
      vertex -41.4 39.2157 28.3457
    endloop
  endfacet
  facet normal 1 -0 0
    outer loop
      vertex -41.4 38.296 80.8548
      vertex -41.4 38.7139 28.8302
      vertex -41.4 38.8457 81.2843
    endloop
  endfacet
  facet normal 1 0 0
    outer loop
      vertex -41.4 38.296 80.8548
      vertex -41.4 38.1496 29.2402
      vertex -41.4 38.7139 28.8302
    endloop
  endfacet
  facet normal 1 -0 0
    outer loop
      vertex -41.4 37.6918 80.506
      vertex -41.4 38.1496 29.2402
      vertex -41.4 38.296 80.8548
    endloop
  endfacet
  facet normal 1 0 0
    outer loop
      vertex -41.4 37.6918 80.506
      vertex -41.4 37.5337 29.5677
      vertex -41.4 38.1496 29.2402
    endloop
  endfacet
  facet normal 1 -0 0
    outer loop
      vertex -41.4 37.0451 80.2447
      vertex -41.4 37.5337 29.5677
      vertex -41.4 37.6918 80.506
    endloop
  endfacet
  facet normal 1 0 0
    outer loop
      vertex -41.4 37.0451 80.2447
      vertex -41.4 36.8782 29.8063
      vertex -41.4 37.5337 29.5677
    endloop
  endfacet
  facet normal 1 -0 0
    outer loop
      vertex -41.4 36.3682 80.076
      vertex -41.4 36.8782 29.8063
      vertex -41.4 37.0451 80.2447
    endloop
  endfacet
  facet normal 1 0 0
    outer loop
      vertex -41.4 36.3682 80.076
      vertex -41.4 36.1959 29.9513
      vertex -41.4 36.8782 29.8063
    endloop
  endfacet
  facet normal 1 -0 0
    outer loop
      vertex -41.4 35.5 80
      vertex -41.4 36.1959 29.9513
      vertex -41.4 36.3682 80.076
    endloop
  endfacet
  facet normal 1 0 0
    outer loop
      vertex -41.4 35.5 80
      vertex -41.4 35.5 30
      vertex -41.4 36.1959 29.9513
    endloop
  endfacet
  facet normal 1 -0 0
    outer loop
      vertex -41.4 18 35.087
      vertex -41.4 35.5 30
      vertex -41.4 35.5 80
    endloop
  endfacet
  facet normal 1 0 0
    outer loop
      vertex -41.4 18 74.8909
      vertex -41.4 35.5 80
      vertex -41.4 23.087 80
    endloop
  endfacet
  facet normal 1 0 0
    outer loop
      vertex -41.4 18 74.8909
      vertex -41.4 23.087 80
      vertex -41.4 22.9132 79.9939
    endloop
  endfacet
  facet normal 1 0 0
    outer loop
      vertex -41.4 18 35.087
      vertex -41.4 35.5 80
      vertex -41.4 18 74.8909
    endloop
  endfacet
  facet normal 1 0 0
    outer loop
      vertex -41.4 18.0095 75.1087
      vertex -41.4 22.9132 79.9939
      vertex -41.4 22.4782 79.9635
    endloop
  endfacet
  facet normal 1 0 0
    outer loop
      vertex -41.4 35.5 30
      vertex -41.4 18 35.087
      vertex -41.4 23.1091 30
    endloop
  endfacet
  facet normal 1 0 0
    outer loop
      vertex -41.4 18.0095 75.1087
      vertex -41.4 22.4782 79.9635
      vertex -41.4 22.1334 79.9151
    endloop
  endfacet
  facet normal 1 0 0
    outer loop
      vertex -41.4 23.1091 30
      vertex -41.4 18 35.087
      vertex -41.4 22.8913 30.0095
    endloop
  endfacet
  facet normal 1 0 0
    outer loop
      vertex -41.4 18.0095 75.1087
      vertex -41.4 22.1334 79.9151
      vertex -41.4 21.7927 79.8426
    endloop
  endfacet
  facet normal 1 -0 -0
    outer loop
      vertex -41.4 18.0061 34.9132
      vertex -41.4 22.8913 30.0095
      vertex -41.4 18 35.087
    endloop
  endfacet
  facet normal 1 0 0
    outer loop
      vertex -41.4 18.0095 75.1087
      vertex -41.4 21.7927 79.8426
      vertex -41.4 21.4576 79.7466
    endloop
  endfacet
  facet normal 1 0 0
    outer loop
      vertex -41.4 22.8913 30.0095
      vertex -41.4 18.0061 34.9132
      vertex -41.4 22.3275 30.0588
    endloop
  endfacet
  facet normal 1 0 0
    outer loop
      vertex -41.4 18.0095 75.1087
      vertex -41.4 21.4576 79.7466
      vertex -41.4 21.1305 79.6275
    endloop
  endfacet
  facet normal 1 0 0
    outer loop
      vertex -41.4 22.3275 30.0588
      vertex -41.4 18.0061 34.9132
      vertex -41.4 21.9412 30.1235
    endloop
  endfacet
  facet normal 1 0 0
    outer loop
      vertex -41.4 18.0095 75.1087
      vertex -41.4 21.1305 79.6275
      vertex -41.4 20.8122 79.4858
    endloop
  endfacet
  facet normal 1 0 0
    outer loop
      vertex -41.4 21.9412 30.1235
      vertex -41.4 18.0061 34.9132
      vertex -41.4 21.6244 30.2025
    endloop
  endfacet
  facet normal 1 0 0
    outer loop
      vertex -41.4 18.0095 75.1087
      vertex -41.4 20.8122 79.4858
      vertex -41.4 20.5044 79.3221
    endloop
  endfacet
  facet normal 1 0 0
    outer loop
      vertex -41.4 21.6244 30.2025
      vertex -41.4 18.0061 34.9132
      vertex -41.4 21.293 30.3101
    endloop
  endfacet
  facet normal 1 0 0
    outer loop
      vertex -41.4 18.0095 75.1087
      vertex -41.4 20.5044 79.3221
      vertex -41.4 20.2092 79.1376
    endloop
  endfacet
  facet normal 1 0 0
    outer loop
      vertex -41.4 21.293 30.3101
      vertex -41.4 18.0061 34.9132
      vertex -41.4 20.9701 30.4406
    endloop
  endfacet
  facet normal 1 0 0
    outer loop
      vertex -41.4 18.0095 75.1087
      vertex -41.4 20.2092 79.1376
      vertex -41.4 19.9274 78.9329
    endloop
  endfacet
  facet normal 1 0 0
    outer loop
      vertex -41.4 20.9701 30.4406
      vertex -41.4 18.0061 34.9132
      vertex -41.4 20.6569 30.5933
    endloop
  endfacet
  facet normal 1 0 0
    outer loop
      vertex -41.4 18.0095 75.1087
      vertex -41.4 19.9274 78.9329
      vertex -41.4 19.6604 78.7089
    endloop
  endfacet
  facet normal 1 0 0
    outer loop
      vertex -41.4 20.6569 30.5933
      vertex -41.4 18.0061 34.9132
      vertex -41.4 20.3552 30.7676
    endloop
  endfacet
  facet normal 1 0 0
    outer loop
      vertex -41.4 18.0095 75.1087
      vertex -41.4 19.6604 78.7089
      vertex -41.4 19.4099 78.4669
    endloop
  endfacet
  facet normal 1 0 0
    outer loop
      vertex -41.4 20.3552 30.7676
      vertex -41.4 18.0061 34.9132
      vertex -41.4 20.0665 30.9623
    endloop
  endfacet
  facet normal 1 0 0
    outer loop
      vertex -41.4 18.0095 75.1087
      vertex -41.4 19.4099 78.4669
      vertex -41.4 19.1767 78.208
    endloop
  endfacet
  facet normal 1 0 0
    outer loop
      vertex -41.4 20.0665 30.9623
      vertex -41.4 18.0061 34.9132
      vertex -41.4 19.792 31.1767
    endloop
  endfacet
  facet normal 1 0 0
    outer loop
      vertex -41.4 18.0588 75.6725
      vertex -41.4 19.1767 78.208
      vertex -41.4 18.9623 77.9335
    endloop
  endfacet
  facet normal 1 0 0
    outer loop
      vertex -41.4 19.792 31.1767
      vertex -41.4 18.0061 34.9132
      vertex -41.4 19.5331 31.4099
    endloop
  endfacet
  facet normal 1 0 0
    outer loop
      vertex -41.4 18.0588 75.6725
      vertex -41.4 18.9623 77.9335
      vertex -41.4 18.7676 77.6448
    endloop
  endfacet
  facet normal 1 0 0
    outer loop
      vertex -41.4 19.5331 31.4099
      vertex -41.4 18.0061 34.9132
      vertex -41.4 19.2911 31.6604
    endloop
  endfacet
  facet normal 1 0 0
    outer loop
      vertex -41.4 18.0588 75.6725
      vertex -41.4 18.7676 77.6448
      vertex -41.4 18.5933 77.3431
    endloop
  endfacet
  facet normal 1 0 0
    outer loop
      vertex -41.4 19.2911 31.6604
      vertex -41.4 18.0061 34.9132
      vertex -41.4 19.0671 31.9274
    endloop
  endfacet
  facet normal 1 0 0
    outer loop
      vertex -41.4 18.0588 75.6725
      vertex -41.4 18.5933 77.3431
      vertex -41.4 18.4406 77.0299
    endloop
  endfacet
  facet normal 1 0 0
    outer loop
      vertex -41.4 19.0671 31.9274
      vertex -41.4 18.0061 34.9132
      vertex -41.4 18.8624 32.2092
    endloop
  endfacet
  facet normal 1 0 0
    outer loop
      vertex -41.4 18.0588 75.6725
      vertex -41.4 18.4406 77.0299
      vertex -41.4 18.3101 76.707
    endloop
  endfacet
  facet normal 1 0 0
    outer loop
      vertex -41.4 18.8624 32.2092
      vertex -41.4 18.0061 34.9132
      vertex -41.4 18.6779 32.5044
    endloop
  endfacet
  facet normal 1 0 0
    outer loop
      vertex -41.4 18.0588 75.6725
      vertex -41.4 18.3101 76.707
      vertex -41.4 18.2025 76.3756
    endloop
  endfacet
  facet normal 1 0 0
    outer loop
      vertex -41.4 18.6779 32.5044
      vertex -41.4 18.0061 34.9132
      vertex -41.4 18.5142 32.8122
    endloop
  endfacet
  facet normal 1 0 0
    outer loop
      vertex -41.4 18.0588 75.6725
      vertex -41.4 18.2025 76.3756
      vertex -41.4 18.1235 76.0588
    endloop
  endfacet
  facet normal 1 0 0
    outer loop
      vertex -41.4 18.5142 32.8122
      vertex -41.4 18.0061 34.9132
      vertex -41.4 18.3725 33.1305
    endloop
  endfacet
  facet normal 1 0 0
    outer loop
      vertex -41.4 19.1767 78.208
      vertex -41.4 18.0588 75.6725
      vertex -41.4 18.0095 75.1087
    endloop
  endfacet
  facet normal 1 0 0
    outer loop
      vertex -41.4 18.3725 33.1305
      vertex -41.4 18.0061 34.9132
      vertex -41.4 18.2534 33.4576
    endloop
  endfacet
  facet normal 1 0 0
    outer loop
      vertex -41.4 22.9132 79.9939
      vertex -41.4 18.0095 75.1087
      vertex -41.4 18 74.8909
    endloop
  endfacet
  facet normal 1 0 0
    outer loop
      vertex -41.4 18.2534 33.4576
      vertex -41.4 18.0061 34.9132
      vertex -41.4 18.1574 33.7927
    endloop
  endfacet
  facet normal 1 0 0
    outer loop
      vertex -41.4 18.1574 33.7927
      vertex -41.4 18.0061 34.9132
      vertex -41.4 18.0849 34.1334
    endloop
  endfacet
  facet normal 1 0 0
    outer loop
      vertex -41.4 18.0849 34.1334
      vertex -41.4 18.0061 34.9132
      vertex -41.4 18.0365 34.4782
    endloop
  endfacet
  facet normal 1 0 0
    outer loop
      vertex -41.4 40.5 85
      vertex -41.4 41.4 106
      vertex -41.4 40.5 100
    endloop
  endfacet
  facet normal 1 0 0
    outer loop
      vertex -41.4 41.4 106
      vertex -41.4 40.424 100.868
      vertex -41.4 40.5 100
    endloop
  endfacet
  facet normal 1 0 0
    outer loop
      vertex -41.4 41.4 106
      vertex -41.4 40.2553 101.545
      vertex -41.4 40.424 100.868
    endloop
  endfacet
  facet normal 1 0 0
    outer loop
      vertex -41.4 41.4 106
      vertex -41.4 39.994 102.192
      vertex -41.4 40.2553 101.545
    endloop
  endfacet
  facet normal 1 0 0
    outer loop
      vertex -41.4 41.4 106
      vertex -41.4 39.6452 102.796
      vertex -41.4 39.994 102.192
    endloop
  endfacet
  facet normal 1 0 0
    outer loop
      vertex -41.4 41.4 106
      vertex -41.4 39.2157 103.346
      vertex -41.4 39.6452 102.796
    endloop
  endfacet
  facet normal 1 0 0
    outer loop
      vertex -41.4 41.4 106
      vertex -41.4 38.7139 103.83
      vertex -41.4 39.2157 103.346
    endloop
  endfacet
  facet normal 1 0 0
    outer loop
      vertex -41.4 41.4 106
      vertex -41.4 38.1496 104.24
      vertex -41.4 38.7139 103.83
    endloop
  endfacet
  facet normal 1 0 0
    outer loop
      vertex -41.4 41.4 106
      vertex -41.4 37.5337 104.568
      vertex -41.4 38.1496 104.24
    endloop
  endfacet
  facet normal 1 0 0
    outer loop
      vertex -41.4 41.4 106
      vertex -41.4 36.8782 104.806
      vertex -41.4 37.5337 104.568
    endloop
  endfacet
  facet normal 1 0 0
    outer loop
      vertex -41.4 41.4 106
      vertex -41.4 36.1959 104.951
      vertex -41.4 36.8782 104.806
    endloop
  endfacet
  facet normal 1 0 0
    outer loop
      vertex -41.4 41.4 106
      vertex -41.4 35.5 105
      vertex -41.4 36.1959 104.951
    endloop
  endfacet
  facet normal 1 0 0
    outer loop
      vertex -41.4 41.4 106
      vertex -41.4 -35.5 105
      vertex -41.4 35.5 105
    endloop
  endfacet
  facet normal 1 0 0
    outer loop
      vertex -41.4 -41.4 106
      vertex -41.4 -40.5 85
      vertex -41.4 -40.5 100
    endloop
  endfacet
  facet normal 1 0 0
    outer loop
      vertex -41.4 -40.5 85
      vertex -41.4 -41.4 106
      vertex -41.4 -40.5 25
    endloop
  endfacet
  facet normal 1 0 0
    outer loop
      vertex -41.4 -41.4 3
      vertex -41.4 -40.5 25
      vertex -41.4 -41.4 106
    endloop
  endfacet
  facet normal 1 0 0
    outer loop
      vertex -41.4 -40.4513 100.696
      vertex -41.4 -41.4 106
      vertex -41.4 -40.5 100
    endloop
  endfacet
  facet normal 1 0 0
    outer loop
      vertex -41.4 -40.3063 101.378
      vertex -41.4 -41.4 106
      vertex -41.4 -40.4513 100.696
    endloop
  endfacet
  facet normal 1 0 0
    outer loop
      vertex -41.4 -40.0677 102.034
      vertex -41.4 -41.4 106
      vertex -41.4 -40.3063 101.378
    endloop
  endfacet
  facet normal 1 0 0
    outer loop
      vertex -41.4 -39.7402 102.65
      vertex -41.4 -41.4 106
      vertex -41.4 -40.0677 102.034
    endloop
  endfacet
  facet normal 1 0 0
    outer loop
      vertex -41.4 -39.3302 103.214
      vertex -41.4 -41.4 106
      vertex -41.4 -39.7402 102.65
    endloop
  endfacet
  facet normal 1 0 0
    outer loop
      vertex -41.4 -38.8457 103.716
      vertex -41.4 -41.4 106
      vertex -41.4 -39.3302 103.214
    endloop
  endfacet
  facet normal 1 0 0
    outer loop
      vertex -41.4 -38.296 104.145
      vertex -41.4 -41.4 106
      vertex -41.4 -38.8457 103.716
    endloop
  endfacet
  facet normal 1 0 0
    outer loop
      vertex -41.4 -37.6918 104.494
      vertex -41.4 -41.4 106
      vertex -41.4 -38.296 104.145
    endloop
  endfacet
  facet normal 1 0 0
    outer loop
      vertex -41.4 -37.0451 104.755
      vertex -41.4 -41.4 106
      vertex -41.4 -37.6918 104.494
    endloop
  endfacet
  facet normal 1 0 0
    outer loop
      vertex -41.4 -36.3682 104.924
      vertex -41.4 -41.4 106
      vertex -41.4 -37.0451 104.755
    endloop
  endfacet
  facet normal 1 0 0
    outer loop
      vertex -41.4 -35.5 105
      vertex -41.4 -41.4 106
      vertex -41.4 -36.3682 104.924
    endloop
  endfacet
  facet normal 1 -0 0
    outer loop
      vertex -41.4 -41.4 106
      vertex -41.4 -35.5 105
      vertex -41.4 41.4 106
    endloop
  endfacet
  facet normal 1 0 0
    outer loop
      vertex -41.4 41.4 106
      vertex -41.4 40.5 85
      vertex -41.4 41.4 3
    endloop
  endfacet
  facet normal 1 -0 0
    outer loop
      vertex -41.4 40.5 25
      vertex -41.4 41.4 3
      vertex -41.4 40.5 85
    endloop
  endfacet
  facet normal 1 -0 0
    outer loop
      vertex -41.4 40.5 10
      vertex -41.4 41.4 3
      vertex -41.4 40.5 25
    endloop
  endfacet
  facet normal 1 -0 0
    outer loop
      vertex -41.4 40.4513 9.30414
      vertex -41.4 41.4 3
      vertex -41.4 40.5 10
    endloop
  endfacet
  facet normal 1 -0 0
    outer loop
      vertex -41.4 40.3063 8.62181
      vertex -41.4 41.4 3
      vertex -41.4 40.4513 9.30414
    endloop
  endfacet
  facet normal 1 -0 0
    outer loop
      vertex -41.4 40.0677 7.96632
      vertex -41.4 41.4 3
      vertex -41.4 40.3063 8.62181
    endloop
  endfacet
  facet normal 1 -0 0
    outer loop
      vertex -41.4 39.7402 7.3504
      vertex -41.4 41.4 3
      vertex -41.4 40.0677 7.96632
    endloop
  endfacet
  facet normal 1 -0 0
    outer loop
      vertex -41.4 39.3302 6.78606
      vertex -41.4 41.4 3
      vertex -41.4 39.7402 7.3504
    endloop
  endfacet
  facet normal 1 -0 0
    outer loop
      vertex -41.4 38.8457 6.28427
      vertex -41.4 41.4 3
      vertex -41.4 39.3302 6.78606
    endloop
  endfacet
  facet normal 1 -0 0
    outer loop
      vertex -41.4 38.296 5.85481
      vertex -41.4 41.4 3
      vertex -41.4 38.8457 6.28427
    endloop
  endfacet
  facet normal 1 -0 0
    outer loop
      vertex -41.4 37.6918 5.50603
      vertex -41.4 41.4 3
      vertex -41.4 38.296 5.85481
    endloop
  endfacet
  facet normal 1 -0 0
    outer loop
      vertex -41.4 37.0451 5.24472
      vertex -41.4 41.4 3
      vertex -41.4 37.6918 5.50603
    endloop
  endfacet
  facet normal 1 -0 0
    outer loop
      vertex -41.4 36.3682 5.07596
      vertex -41.4 41.4 3
      vertex -41.4 37.0451 5.24472
    endloop
  endfacet
  facet normal 1 -0 0
    outer loop
      vertex -41.4 35.5 5
      vertex -41.4 41.4 3
      vertex -41.4 36.3682 5.07596
    endloop
  endfacet
  facet normal 1 -0 0
    outer loop
      vertex -41.4 -35.5 5
      vertex -41.4 41.4 3
      vertex -41.4 35.5 5
    endloop
  endfacet
  facet normal 1 0 0
    outer loop
      vertex -41.4 -35.5 5
      vertex -41.4 -41.4 3
      vertex -41.4 41.4 3
    endloop
  endfacet
  facet normal 1 0 0
    outer loop
      vertex -41.4 -36.1959 5.04866
      vertex -41.4 -41.4 3
      vertex -41.4 -35.5 5
    endloop
  endfacet
  facet normal 1 0 0
    outer loop
      vertex -41.4 -36.8782 5.1937
      vertex -41.4 -41.4 3
      vertex -41.4 -36.1959 5.04866
    endloop
  endfacet
  facet normal 1 0 0
    outer loop
      vertex -41.4 -37.5337 5.43227
      vertex -41.4 -41.4 3
      vertex -41.4 -36.8782 5.1937
    endloop
  endfacet
  facet normal 1 0 0
    outer loop
      vertex -41.4 -38.1496 5.75977
      vertex -41.4 -41.4 3
      vertex -41.4 -37.5337 5.43227
    endloop
  endfacet
  facet normal 1 0 0
    outer loop
      vertex -41.4 -38.7139 6.16978
      vertex -41.4 -41.4 3
      vertex -41.4 -38.1496 5.75977
    endloop
  endfacet
  facet normal 1 0 0
    outer loop
      vertex -41.4 -39.2157 6.65434
      vertex -41.4 -41.4 3
      vertex -41.4 -38.7139 6.16978
    endloop
  endfacet
  facet normal 1 0 0
    outer loop
      vertex -41.4 -39.6452 7.20404
      vertex -41.4 -41.4 3
      vertex -41.4 -39.2157 6.65434
    endloop
  endfacet
  facet normal 1 0 0
    outer loop
      vertex -41.4 -39.994 7.80815
      vertex -41.4 -41.4 3
      vertex -41.4 -39.6452 7.20404
    endloop
  endfacet
  facet normal 1 0 0
    outer loop
      vertex -41.4 -40.2553 8.45491
      vertex -41.4 -41.4 3
      vertex -41.4 -39.994 7.80815
    endloop
  endfacet
  facet normal 1 0 0
    outer loop
      vertex -41.4 -40.424 9.13176
      vertex -41.4 -41.4 3
      vertex -41.4 -40.2553 8.45491
    endloop
  endfacet
  facet normal 1 0 0
    outer loop
      vertex -41.4 -40.5 10
      vertex -41.4 -41.4 3
      vertex -41.4 -40.424 9.13176
    endloop
  endfacet
  facet normal 1 0 0
    outer loop
      vertex -41.4 -40.5 25
      vertex -41.4 -41.4 3
      vertex -41.4 -40.5 10
    endloop
  endfacet
  facet normal 0 0 -1
    outer loop
      vertex -41.4 -41.4 106
      vertex 41.4 41.4 106
      vertex 41.4 -41.4 106
    endloop
  endfacet
  facet normal -0 0 -1
    outer loop
      vertex 41.4 41.4 106
      vertex -41.4 -41.4 106
      vertex -41.4 41.4 106
    endloop
  endfacet
  facet normal -1 0 0
    outer loop
      vertex 41.4 -35.5 80
      vertex 41.4 -18 74.913
      vertex 41.4 -18 35.1091
    endloop
  endfacet
  facet normal -1 0 0
    outer loop
      vertex 41.4 -23.087 30
      vertex 41.4 -18 35.1091
      vertex 41.4 -18.0095 34.8913
    endloop
  endfacet
  facet normal -1 -0 -0
    outer loop
      vertex 41.4 -23.1091 80
      vertex 41.4 -18 74.913
      vertex 41.4 -35.5 80
    endloop
  endfacet
  facet normal -1 0 0
    outer loop
      vertex 41.4 -22.9132 30.0061
      vertex 41.4 -18.0095 34.8913
      vertex 41.4 -18.0588 34.3275
    endloop
  endfacet
  facet normal -1 -0 0
    outer loop
      vertex 41.4 -18 35.1091
      vertex 41.4 -35.5 30
      vertex 41.4 -35.5 80
    endloop
  endfacet
  facet normal -1 0 0
    outer loop
      vertex 41.4 -22.9132 30.0061
      vertex 41.4 -18.0588 34.3275
      vertex 41.4 -18.1235 33.9412
    endloop
  endfacet
  facet normal -1 0 0
    outer loop
      vertex 41.4 -18 74.913
      vertex 41.4 -23.1091 80
      vertex 41.4 -18.0061 75.0868
    endloop
  endfacet
  facet normal -1 0 0
    outer loop
      vertex 41.4 -22.9132 30.0061
      vertex 41.4 -18.1235 33.9412
      vertex 41.4 -18.2025 33.6244
    endloop
  endfacet
  facet normal -1 -0 -0
    outer loop
      vertex 41.4 -22.8913 79.9905
      vertex 41.4 -18.0061 75.0868
      vertex 41.4 -23.1091 80
    endloop
  endfacet
  facet normal -1 0 0
    outer loop
      vertex 41.4 -22.9132 30.0061
      vertex 41.4 -18.2025 33.6244
      vertex 41.4 -18.3101 33.293
    endloop
  endfacet
  facet normal -1 0 0
    outer loop
      vertex 41.4 -18.0061 75.0868
      vertex 41.4 -22.8913 79.9905
      vertex 41.4 -18.0365 75.5218
    endloop
  endfacet
  facet normal -1 0 0
    outer loop
      vertex 41.4 -22.9132 30.0061
      vertex 41.4 -18.3101 33.293
      vertex 41.4 -18.4406 32.9701
    endloop
  endfacet
  facet normal -1 0 0
    outer loop
      vertex 41.4 -18.0365 75.5218
      vertex 41.4 -22.8913 79.9905
      vertex 41.4 -18.0849 75.8666
    endloop
  endfacet
  facet normal -1 0 0
    outer loop
      vertex 41.4 -22.9132 30.0061
      vertex 41.4 -18.4406 32.9701
      vertex 41.4 -18.5933 32.6569
    endloop
  endfacet
  facet normal -1 0 0
    outer loop
      vertex 41.4 -18.0849 75.8666
      vertex 41.4 -22.8913 79.9905
      vertex 41.4 -18.1574 76.2073
    endloop
  endfacet
  facet normal -1 0 0
    outer loop
      vertex 41.4 -22.9132 30.0061
      vertex 41.4 -18.5933 32.6569
      vertex 41.4 -18.7676 32.3552
    endloop
  endfacet
  facet normal -1 0 0
    outer loop
      vertex 41.4 -18.1574 76.2073
      vertex 41.4 -22.8913 79.9905
      vertex 41.4 -18.2534 76.5424
    endloop
  endfacet
  facet normal -1 0 0
    outer loop
      vertex 41.4 -22.9132 30.0061
      vertex 41.4 -18.7676 32.3552
      vertex 41.4 -18.9623 32.0665
    endloop
  endfacet
  facet normal -1 0 0
    outer loop
      vertex 41.4 -18.2534 76.5424
      vertex 41.4 -22.8913 79.9905
      vertex 41.4 -18.3725 76.8695
    endloop
  endfacet
  facet normal -1 0 0
    outer loop
      vertex 41.4 -22.9132 30.0061
      vertex 41.4 -18.9623 32.0665
      vertex 41.4 -19.1767 31.792
    endloop
  endfacet
  facet normal -1 0 0
    outer loop
      vertex 41.4 -18.3725 76.8695
      vertex 41.4 -22.8913 79.9905
      vertex 41.4 -18.5142 77.1878
    endloop
  endfacet
  facet normal -1 0 0
    outer loop
      vertex 41.4 -22.9132 30.0061
      vertex 41.4 -19.1767 31.792
      vertex 41.4 -19.4099 31.5331
    endloop
  endfacet
  facet normal -1 0 0
    outer loop
      vertex 41.4 -18.5142 77.1878
      vertex 41.4 -22.8913 79.9905
      vertex 41.4 -18.6779 77.4956
    endloop
  endfacet
  facet normal -1 0 0
    outer loop
      vertex 41.4 -22.9132 30.0061
      vertex 41.4 -19.4099 31.5331
      vertex 41.4 -19.6604 31.2911
    endloop
  endfacet
  facet normal -1 0 0
    outer loop
      vertex 41.4 -18.6779 77.4956
      vertex 41.4 -22.8913 79.9905
      vertex 41.4 -18.8624 77.7908
    endloop
  endfacet
  facet normal -1 0 0
    outer loop
      vertex 41.4 -22.9132 30.0061
      vertex 41.4 -19.6604 31.2911
      vertex 41.4 -19.9274 31.0671
    endloop
  endfacet
  facet normal -1 0 0
    outer loop
      vertex 41.4 -18.8624 77.7908
      vertex 41.4 -22.8913 79.9905
      vertex 41.4 -19.0671 78.0726
    endloop
  endfacet
  facet normal -1 0 0
    outer loop
      vertex 41.4 -22.9132 30.0061
      vertex 41.4 -19.9274 31.0671
      vertex 41.4 -20.2092 30.8624
    endloop
  endfacet
  facet normal -1 0 0
    outer loop
      vertex 41.4 -18 35.1091
      vertex 41.4 -23.087 30
      vertex 41.4 -35.5 30
    endloop
  endfacet
  facet normal -1 0 0
    outer loop
      vertex 41.4 -22.9132 30.0061
      vertex 41.4 -20.2092 30.8624
      vertex 41.4 -20.5044 30.6779
    endloop
  endfacet
  facet normal -1 0 0
    outer loop
      vertex 41.4 -19.5331 78.5901
      vertex 41.4 -22.8913 79.9905
      vertex 41.4 -19.792 78.8233
    endloop
  endfacet
  facet normal -1 0 0
    outer loop
      vertex 41.4 -22.9132 30.0061
      vertex 41.4 -20.5044 30.6779
      vertex 41.4 -20.8122 30.5142
    endloop
  endfacet
  facet normal -1 -0 -0
    outer loop
      vertex 41.4 -22.3275 79.9412
      vertex 41.4 -19.792 78.8233
      vertex 41.4 -22.8913 79.9905
    endloop
  endfacet
  facet normal -1 0 0
    outer loop
      vertex 41.4 -22.9132 30.0061
      vertex 41.4 -20.8122 30.5142
      vertex 41.4 -21.1305 30.3725
    endloop
  endfacet
  facet normal -1 0 0
    outer loop
      vertex 41.4 -19.792 78.8233
      vertex 41.4 -22.3275 79.9412
      vertex 41.4 -20.0665 79.0377
    endloop
  endfacet
  facet normal -1 0 0
    outer loop
      vertex 41.4 -22.9132 30.0061
      vertex 41.4 -21.1305 30.3725
      vertex 41.4 -21.4576 30.2534
    endloop
  endfacet
  facet normal -1 0 0
    outer loop
      vertex 41.4 -20.0665 79.0377
      vertex 41.4 -22.3275 79.9412
      vertex 41.4 -20.3552 79.2324
    endloop
  endfacet
  facet normal -1 0 0
    outer loop
      vertex 41.4 -22.9132 30.0061
      vertex 41.4 -21.4576 30.2534
      vertex 41.4 -21.7927 30.1574
    endloop
  endfacet
  facet normal -1 0 0
    outer loop
      vertex 41.4 -20.3552 79.2324
      vertex 41.4 -22.3275 79.9412
      vertex 41.4 -20.6569 79.4067
    endloop
  endfacet
  facet normal -1 0 0
    outer loop
      vertex 41.4 -22.9132 30.0061
      vertex 41.4 -21.7927 30.1574
      vertex 41.4 -22.1334 30.0849
    endloop
  endfacet
  facet normal -1 0 0
    outer loop
      vertex 41.4 -20.6569 79.4067
      vertex 41.4 -22.3275 79.9412
      vertex 41.4 -20.9701 79.5594
    endloop
  endfacet
  facet normal -1 0 0
    outer loop
      vertex 41.4 -22.9132 30.0061
      vertex 41.4 -22.1334 30.0849
      vertex 41.4 -22.4782 30.0365
    endloop
  endfacet
  facet normal -1 0 0
    outer loop
      vertex 41.4 -20.9701 79.5594
      vertex 41.4 -22.3275 79.9412
      vertex 41.4 -21.293 79.6899
    endloop
  endfacet
  facet normal -1 0 0
    outer loop
      vertex 41.4 -18.0095 34.8913
      vertex 41.4 -22.9132 30.0061
      vertex 41.4 -23.087 30
    endloop
  endfacet
  facet normal -1 0 0
    outer loop
      vertex 41.4 -21.293 79.6899
      vertex 41.4 -22.3275 79.9412
      vertex 41.4 -21.6244 79.7975
    endloop
  endfacet
  facet normal -1 0 0
    outer loop
      vertex 41.4 -21.6244 79.7975
      vertex 41.4 -22.3275 79.9412
      vertex 41.4 -21.9412 79.8765
    endloop
  endfacet
  facet normal -1 0 0
    outer loop
      vertex 41.4 -19.0671 78.0726
      vertex 41.4 -22.8913 79.9905
      vertex 41.4 -19.2911 78.3396
    endloop
  endfacet
  facet normal -1 0 0
    outer loop
      vertex 41.4 -19.2911 78.3396
      vertex 41.4 -22.8913 79.9905
      vertex 41.4 -19.5331 78.5901
    endloop
  endfacet
  facet normal -1 0 0
    outer loop
      vertex 41.4 -35.5 30
      vertex 41.4 -36.1959 80.0487
      vertex 41.4 -35.5 80
    endloop
  endfacet
  facet normal -1 0 0
    outer loop
      vertex 41.4 -36.3682 29.924
      vertex 41.4 -36.1959 80.0487
      vertex 41.4 -35.5 30
    endloop
  endfacet
  facet normal -1 0 0
    outer loop
      vertex 41.4 -36.3682 29.924
      vertex 41.4 -36.8782 80.1937
      vertex 41.4 -36.1959 80.0487
    endloop
  endfacet
  facet normal -1 0 0
    outer loop
      vertex 41.4 -37.0451 29.7553
      vertex 41.4 -36.8782 80.1937
      vertex 41.4 -36.3682 29.924
    endloop
  endfacet
  facet normal -1 0 0
    outer loop
      vertex 41.4 -37.0451 29.7553
      vertex 41.4 -37.5337 80.4323
      vertex 41.4 -36.8782 80.1937
    endloop
  endfacet
  facet normal -1 0 0
    outer loop
      vertex 41.4 -37.6918 29.494
      vertex 41.4 -37.5337 80.4323
      vertex 41.4 -37.0451 29.7553
    endloop
  endfacet
  facet normal -1 0 0
    outer loop
      vertex 41.4 -37.6918 29.494
      vertex 41.4 -38.1496 80.7598
      vertex 41.4 -37.5337 80.4323
    endloop
  endfacet
  facet normal -1 0 0
    outer loop
      vertex 41.4 -38.296 29.1452
      vertex 41.4 -38.1496 80.7598
      vertex 41.4 -37.6918 29.494
    endloop
  endfacet
  facet normal -1 0 0
    outer loop
      vertex 41.4 -38.296 29.1452
      vertex 41.4 -38.7139 81.1698
      vertex 41.4 -38.1496 80.7598
    endloop
  endfacet
  facet normal -1 0 0
    outer loop
      vertex 41.4 -38.8457 28.7157
      vertex 41.4 -38.7139 81.1698
      vertex 41.4 -38.296 29.1452
    endloop
  endfacet
  facet normal -1 0 0
    outer loop
      vertex 41.4 -38.8457 28.7157
      vertex 41.4 -39.2157 81.6543
      vertex 41.4 -38.7139 81.1698
    endloop
  endfacet
  facet normal -1 0 0
    outer loop
      vertex 41.4 -39.3302 28.2139
      vertex 41.4 -39.2157 81.6543
      vertex 41.4 -38.8457 28.7157
    endloop
  endfacet
  facet normal -1 0 0
    outer loop
      vertex 41.4 -39.3302 28.2139
      vertex 41.4 -39.6452 82.204
      vertex 41.4 -39.2157 81.6543
    endloop
  endfacet
  facet normal -1 0 0
    outer loop
      vertex 41.4 -39.7402 27.6496
      vertex 41.4 -39.6452 82.204
      vertex 41.4 -39.3302 28.2139
    endloop
  endfacet
  facet normal -1 0 0
    outer loop
      vertex 41.4 -39.7402 27.6496
      vertex 41.4 -39.994 82.8082
      vertex 41.4 -39.6452 82.204
    endloop
  endfacet
  facet normal -1 0 0
    outer loop
      vertex 41.4 -40.0677 27.0337
      vertex 41.4 -39.994 82.8082
      vertex 41.4 -39.7402 27.6496
    endloop
  endfacet
  facet normal -1 0 0
    outer loop
      vertex 41.4 -40.0677 27.0337
      vertex 41.4 -40.2553 83.4549
      vertex 41.4 -39.994 82.8082
    endloop
  endfacet
  facet normal -1 0 0
    outer loop
      vertex 41.4 -40.3063 26.3782
      vertex 41.4 -40.2553 83.4549
      vertex 41.4 -40.0677 27.0337
    endloop
  endfacet
  facet normal -1 0 0
    outer loop
      vertex 41.4 -40.3063 26.3782
      vertex 41.4 -40.424 84.1318
      vertex 41.4 -40.2553 83.4549
    endloop
  endfacet
  facet normal -1 0 0
    outer loop
      vertex 41.4 -40.4513 25.6959
      vertex 41.4 -40.424 84.1318
      vertex 41.4 -40.3063 26.3782
    endloop
  endfacet
  facet normal -1 0 0
    outer loop
      vertex 41.4 -40.5 85
      vertex 41.4 -40.4513 25.6959
      vertex 41.4 -40.5 25
    endloop
  endfacet
  facet normal -1 0 0
    outer loop
      vertex 41.4 -40.4513 25.6959
      vertex 41.4 -40.5 85
      vertex 41.4 -40.424 84.1318
    endloop
  endfacet
  facet normal -1 0 0
    outer loop
      vertex 41.4 40.5 25
      vertex 41.4 40.4513 84.3041
      vertex 41.4 40.5 85
    endloop
  endfacet
  facet normal -1 0 0
    outer loop
      vertex 41.4 40.424 25.8682
      vertex 41.4 40.4513 84.3041
      vertex 41.4 40.5 25
    endloop
  endfacet
  facet normal -1 0 0
    outer loop
      vertex 41.4 40.424 25.8682
      vertex 41.4 40.3063 83.6218
      vertex 41.4 40.4513 84.3041
    endloop
  endfacet
  facet normal -1 0 0
    outer loop
      vertex 41.4 40.2553 26.5451
      vertex 41.4 40.3063 83.6218
      vertex 41.4 40.424 25.8682
    endloop
  endfacet
  facet normal -1 0 0
    outer loop
      vertex 41.4 40.2553 26.5451
      vertex 41.4 40.0677 82.9663
      vertex 41.4 40.3063 83.6218
    endloop
  endfacet
  facet normal -1 0 0
    outer loop
      vertex 41.4 39.994 27.1918
      vertex 41.4 40.0677 82.9663
      vertex 41.4 40.2553 26.5451
    endloop
  endfacet
  facet normal -1 0 0
    outer loop
      vertex 41.4 39.994 27.1918
      vertex 41.4 39.7402 82.3504
      vertex 41.4 40.0677 82.9663
    endloop
  endfacet
  facet normal -1 0 0
    outer loop
      vertex 41.4 39.6452 27.796
      vertex 41.4 39.7402 82.3504
      vertex 41.4 39.994 27.1918
    endloop
  endfacet
  facet normal -1 0 0
    outer loop
      vertex 41.4 39.6452 27.796
      vertex 41.4 39.3302 81.7861
      vertex 41.4 39.7402 82.3504
    endloop
  endfacet
  facet normal -1 0 0
    outer loop
      vertex 41.4 39.2157 28.3457
      vertex 41.4 39.3302 81.7861
      vertex 41.4 39.6452 27.796
    endloop
  endfacet
  facet normal -1 0 0
    outer loop
      vertex 41.4 39.2157 28.3457
      vertex 41.4 38.8457 81.2843
      vertex 41.4 39.3302 81.7861
    endloop
  endfacet
  facet normal -1 0 0
    outer loop
      vertex 41.4 38.7139 28.8302
      vertex 41.4 38.8457 81.2843
      vertex 41.4 39.2157 28.3457
    endloop
  endfacet
  facet normal -1 0 0
    outer loop
      vertex 41.4 38.7139 28.8302
      vertex 41.4 38.296 80.8548
      vertex 41.4 38.8457 81.2843
    endloop
  endfacet
  facet normal -1 0 0
    outer loop
      vertex 41.4 38.1496 29.2402
      vertex 41.4 38.296 80.8548
      vertex 41.4 38.7139 28.8302
    endloop
  endfacet
  facet normal -1 0 0
    outer loop
      vertex 41.4 38.1496 29.2402
      vertex 41.4 37.6918 80.506
      vertex 41.4 38.296 80.8548
    endloop
  endfacet
  facet normal -1 0 0
    outer loop
      vertex 41.4 37.5337 29.5677
      vertex 41.4 37.6918 80.506
      vertex 41.4 38.1496 29.2402
    endloop
  endfacet
  facet normal -1 0 0
    outer loop
      vertex 41.4 37.5337 29.5677
      vertex 41.4 37.0451 80.2447
      vertex 41.4 37.6918 80.506
    endloop
  endfacet
  facet normal -1 0 0
    outer loop
      vertex 41.4 36.8782 29.8063
      vertex 41.4 37.0451 80.2447
      vertex 41.4 37.5337 29.5677
    endloop
  endfacet
  facet normal -1 0 0
    outer loop
      vertex 41.4 36.8782 29.8063
      vertex 41.4 36.3682 80.076
      vertex 41.4 37.0451 80.2447
    endloop
  endfacet
  facet normal -1 0 0
    outer loop
      vertex 41.4 36.1959 29.9513
      vertex 41.4 36.3682 80.076
      vertex 41.4 36.8782 29.8063
    endloop
  endfacet
  facet normal -1 0 0
    outer loop
      vertex 41.4 35.5 80
      vertex 41.4 36.1959 29.9513
      vertex 41.4 35.5 30
    endloop
  endfacet
  facet normal -1 0 0
    outer loop
      vertex 41.4 36.1959 29.9513
      vertex 41.4 35.5 80
      vertex 41.4 36.3682 80.076
    endloop
  endfacet
  facet normal -1 0 0
    outer loop
      vertex 41.4 18 35.087
      vertex 41.4 35.5 30
      vertex 41.4 23.1091 30
    endloop
  endfacet
  facet normal -1 0 0
    outer loop
      vertex 41.4 35.5 30
      vertex 41.4 18 35.087
      vertex 41.4 35.5 80
    endloop
  endfacet
  facet normal -1 -0 0
    outer loop
      vertex 41.4 35.5 80
      vertex 41.4 18 74.8909
      vertex 41.4 23.087 80
    endloop
  endfacet
  facet normal -1 0 0
    outer loop
      vertex 41.4 18 35.087
      vertex 41.4 23.1091 30
      vertex 41.4 22.8913 30.0095
    endloop
  endfacet
  facet normal -1 0 0
    outer loop
      vertex 41.4 23.087 80
      vertex 41.4 18 74.8909
      vertex 41.4 22.9132 79.9939
    endloop
  endfacet
  facet normal -1 0 0
    outer loop
      vertex 41.4 18.0061 34.9132
      vertex 41.4 22.8913 30.0095
      vertex 41.4 22.3275 30.0588
    endloop
  endfacet
  facet normal -1 0 -0
    outer loop
      vertex 41.4 18.0095 75.1087
      vertex 41.4 22.9132 79.9939
      vertex 41.4 18 74.8909
    endloop
  endfacet
  facet normal -1 0 0
    outer loop
      vertex 41.4 18.0061 34.9132
      vertex 41.4 22.3275 30.0588
      vertex 41.4 21.9412 30.1235
    endloop
  endfacet
  facet normal -1 0 0
    outer loop
      vertex 41.4 35.5 80
      vertex 41.4 18 35.087
      vertex 41.4 18 74.8909
    endloop
  endfacet
  facet normal -1 0 0
    outer loop
      vertex 41.4 18.0061 34.9132
      vertex 41.4 21.9412 30.1235
      vertex 41.4 21.6244 30.2025
    endloop
  endfacet
  facet normal -1 0 0
    outer loop
      vertex 41.4 22.9132 79.9939
      vertex 41.4 18.0095 75.1087
      vertex 41.4 22.4782 79.9635
    endloop
  endfacet
  facet normal -1 0 0
    outer loop
      vertex 41.4 18.0061 34.9132
      vertex 41.4 21.6244 30.2025
      vertex 41.4 21.293 30.3101
    endloop
  endfacet
  facet normal -1 0 0
    outer loop
      vertex 41.4 22.4782 79.9635
      vertex 41.4 18.0095 75.1087
      vertex 41.4 22.1334 79.9151
    endloop
  endfacet
  facet normal -1 0 0
    outer loop
      vertex 41.4 18.0061 34.9132
      vertex 41.4 21.293 30.3101
      vertex 41.4 20.9701 30.4406
    endloop
  endfacet
  facet normal -1 0 0
    outer loop
      vertex 41.4 22.1334 79.9151
      vertex 41.4 18.0095 75.1087
      vertex 41.4 21.7927 79.8426
    endloop
  endfacet
  facet normal -1 0 0
    outer loop
      vertex 41.4 18.0061 34.9132
      vertex 41.4 20.9701 30.4406
      vertex 41.4 20.6569 30.5933
    endloop
  endfacet
  facet normal -1 0 0
    outer loop
      vertex 41.4 21.7927 79.8426
      vertex 41.4 18.0095 75.1087
      vertex 41.4 21.4576 79.7466
    endloop
  endfacet
  facet normal -1 0 0
    outer loop
      vertex 41.4 18.0061 34.9132
      vertex 41.4 20.6569 30.5933
      vertex 41.4 20.3552 30.7676
    endloop
  endfacet
  facet normal -1 0 0
    outer loop
      vertex 41.4 21.4576 79.7466
      vertex 41.4 18.0095 75.1087
      vertex 41.4 21.1305 79.6275
    endloop
  endfacet
  facet normal -1 0 0
    outer loop
      vertex 41.4 18.0061 34.9132
      vertex 41.4 20.3552 30.7676
      vertex 41.4 20.0665 30.9623
    endloop
  endfacet
  facet normal -1 0 0
    outer loop
      vertex 41.4 21.1305 79.6275
      vertex 41.4 18.0095 75.1087
      vertex 41.4 20.8122 79.4858
    endloop
  endfacet
  facet normal -1 0 0
    outer loop
      vertex 41.4 18.0061 34.9132
      vertex 41.4 20.0665 30.9623
      vertex 41.4 19.792 31.1767
    endloop
  endfacet
  facet normal -1 0 0
    outer loop
      vertex 41.4 20.8122 79.4858
      vertex 41.4 18.0095 75.1087
      vertex 41.4 20.5044 79.3221
    endloop
  endfacet
  facet normal -1 0 0
    outer loop
      vertex 41.4 18.0061 34.9132
      vertex 41.4 19.792 31.1767
      vertex 41.4 19.5331 31.4099
    endloop
  endfacet
  facet normal -1 0 0
    outer loop
      vertex 41.4 20.5044 79.3221
      vertex 41.4 18.0095 75.1087
      vertex 41.4 20.2092 79.1376
    endloop
  endfacet
  facet normal -1 0 0
    outer loop
      vertex 41.4 18.0061 34.9132
      vertex 41.4 19.5331 31.4099
      vertex 41.4 19.2911 31.6604
    endloop
  endfacet
  facet normal -1 0 0
    outer loop
      vertex 41.4 20.2092 79.1376
      vertex 41.4 18.0095 75.1087
      vertex 41.4 19.9274 78.9329
    endloop
  endfacet
  facet normal -1 0 0
    outer loop
      vertex 41.4 18.0061 34.9132
      vertex 41.4 19.2911 31.6604
      vertex 41.4 19.0671 31.9274
    endloop
  endfacet
  facet normal -1 0 0
    outer loop
      vertex 41.4 19.9274 78.9329
      vertex 41.4 18.0095 75.1087
      vertex 41.4 19.6604 78.7089
    endloop
  endfacet
  facet normal -1 0 0
    outer loop
      vertex 41.4 18.0061 34.9132
      vertex 41.4 19.0671 31.9274
      vertex 41.4 18.8624 32.2092
    endloop
  endfacet
  facet normal -1 0 0
    outer loop
      vertex 41.4 19.6604 78.7089
      vertex 41.4 18.0095 75.1087
      vertex 41.4 19.4099 78.4669
    endloop
  endfacet
  facet normal -1 0 0
    outer loop
      vertex 41.4 18.0061 34.9132
      vertex 41.4 18.8624 32.2092
      vertex 41.4 18.6779 32.5044
    endloop
  endfacet
  facet normal -1 0 0
    outer loop
      vertex 41.4 19.4099 78.4669
      vertex 41.4 18.0095 75.1087
      vertex 41.4 19.1767 78.208
    endloop
  endfacet
  facet normal -1 0 0
    outer loop
      vertex 41.4 18.0061 34.9132
      vertex 41.4 18.6779 32.5044
      vertex 41.4 18.5142 32.8122
    endloop
  endfacet
  facet normal -1 0 -0
    outer loop
      vertex 41.4 18.0588 75.6725
      vertex 41.4 19.1767 78.208
      vertex 41.4 18.0095 75.1087
    endloop
  endfacet
  facet normal -1 0 0
    outer loop
      vertex 41.4 18.0061 34.9132
      vertex 41.4 18.5142 32.8122
      vertex 41.4 18.3725 33.1305
    endloop
  endfacet
  facet normal -1 0 0
    outer loop
      vertex 41.4 19.1767 78.208
      vertex 41.4 18.0588 75.6725
      vertex 41.4 18.9623 77.9335
    endloop
  endfacet
  facet normal -1 0 0
    outer loop
      vertex 41.4 18.0061 34.9132
      vertex 41.4 18.3725 33.1305
      vertex 41.4 18.2534 33.4576
    endloop
  endfacet
  facet normal -1 0 0
    outer loop
      vertex 41.4 18.9623 77.9335
      vertex 41.4 18.0588 75.6725
      vertex 41.4 18.7676 77.6448
    endloop
  endfacet
  facet normal -1 0 0
    outer loop
      vertex 41.4 18.0061 34.9132
      vertex 41.4 18.2534 33.4576
      vertex 41.4 18.1574 33.7927
    endloop
  endfacet
  facet normal -1 0 0
    outer loop
      vertex 41.4 18.7676 77.6448
      vertex 41.4 18.0588 75.6725
      vertex 41.4 18.5933 77.3431
    endloop
  endfacet
  facet normal -1 0 0
    outer loop
      vertex 41.4 18.0061 34.9132
      vertex 41.4 18.1574 33.7927
      vertex 41.4 18.0849 34.1334
    endloop
  endfacet
  facet normal -1 0 0
    outer loop
      vertex 41.4 18.5933 77.3431
      vertex 41.4 18.0588 75.6725
      vertex 41.4 18.4406 77.0299
    endloop
  endfacet
  facet normal -1 0 0
    outer loop
      vertex 41.4 18.0061 34.9132
      vertex 41.4 18.0849 34.1334
      vertex 41.4 18.0365 34.4782
    endloop
  endfacet
  facet normal -1 0 0
    outer loop
      vertex 41.4 18.4406 77.0299
      vertex 41.4 18.0588 75.6725
      vertex 41.4 18.3101 76.707
    endloop
  endfacet
  facet normal -1 0 0
    outer loop
      vertex 41.4 22.8913 30.0095
      vertex 41.4 18.0061 34.9132
      vertex 41.4 18 35.087
    endloop
  endfacet
  facet normal -1 0 0
    outer loop
      vertex 41.4 18.3101 76.707
      vertex 41.4 18.0588 75.6725
      vertex 41.4 18.2025 76.3756
    endloop
  endfacet
  facet normal -1 0 0
    outer loop
      vertex 41.4 18.2025 76.3756
      vertex 41.4 18.0588 75.6725
      vertex 41.4 18.1235 76.0588
    endloop
  endfacet
  facet normal -1 0 0
    outer loop
      vertex 41.4 40.5 25
      vertex 41.4 41.4 3
      vertex 41.4 40.5 10
    endloop
  endfacet
  facet normal -1 0 0
    outer loop
      vertex 41.4 41.4 3
      vertex 41.4 40.4513 9.30414
      vertex 41.4 40.5 10
    endloop
  endfacet
  facet normal -1 0 0
    outer loop
      vertex 41.4 41.4 3
      vertex 41.4 40.3063 8.62181
      vertex 41.4 40.4513 9.30414
    endloop
  endfacet
  facet normal -1 0 0
    outer loop
      vertex 41.4 41.4 3
      vertex 41.4 40.0677 7.96632
      vertex 41.4 40.3063 8.62181
    endloop
  endfacet
  facet normal -1 0 0
    outer loop
      vertex 41.4 41.4 3
      vertex 41.4 39.7402 7.3504
      vertex 41.4 40.0677 7.96632
    endloop
  endfacet
  facet normal -1 0 0
    outer loop
      vertex 41.4 41.4 3
      vertex 41.4 39.3302 6.78606
      vertex 41.4 39.7402 7.3504
    endloop
  endfacet
  facet normal -1 0 0
    outer loop
      vertex 41.4 41.4 3
      vertex 41.4 38.8457 6.28427
      vertex 41.4 39.3302 6.78606
    endloop
  endfacet
  facet normal -1 0 0
    outer loop
      vertex 41.4 41.4 3
      vertex 41.4 38.296 5.85481
      vertex 41.4 38.8457 6.28427
    endloop
  endfacet
  facet normal -1 0 0
    outer loop
      vertex 41.4 41.4 3
      vertex 41.4 37.6918 5.50603
      vertex 41.4 38.296 5.85481
    endloop
  endfacet
  facet normal -1 0 0
    outer loop
      vertex 41.4 41.4 3
      vertex 41.4 37.0451 5.24472
      vertex 41.4 37.6918 5.50603
    endloop
  endfacet
  facet normal -1 0 0
    outer loop
      vertex 41.4 41.4 3
      vertex 41.4 36.3682 5.07596
      vertex 41.4 37.0451 5.24472
    endloop
  endfacet
  facet normal -1 0 0
    outer loop
      vertex 41.4 41.4 3
      vertex 41.4 35.5 5
      vertex 41.4 36.3682 5.07596
    endloop
  endfacet
  facet normal -1 0 0
    outer loop
      vertex 41.4 41.4 3
      vertex 41.4 -35.5 5
      vertex 41.4 35.5 5
    endloop
  endfacet
  facet normal -1 0 0
    outer loop
      vertex 41.4 -41.4 3
      vertex 41.4 -40.5 25
      vertex 41.4 -40.5 10
    endloop
  endfacet
  facet normal -1 -0 0
    outer loop
      vertex 41.4 -40.5 25
      vertex 41.4 -41.4 3
      vertex 41.4 -40.5 85
    endloop
  endfacet
  facet normal -1 -0 0
    outer loop
      vertex 41.4 -40.5 85
      vertex 41.4 -41.4 3
      vertex 41.4 -41.4 106
    endloop
  endfacet
  facet normal -1 -0 0
    outer loop
      vertex 41.4 -40.424 9.13176
      vertex 41.4 -41.4 3
      vertex 41.4 -40.5 10
    endloop
  endfacet
  facet normal -1 -0 0
    outer loop
      vertex 41.4 -40.2553 8.45491
      vertex 41.4 -41.4 3
      vertex 41.4 -40.424 9.13176
    endloop
  endfacet
  facet normal -1 -0 0
    outer loop
      vertex 41.4 -39.994 7.80815
      vertex 41.4 -41.4 3
      vertex 41.4 -40.2553 8.45491
    endloop
  endfacet
  facet normal -1 -0 0
    outer loop
      vertex 41.4 -39.6452 7.20404
      vertex 41.4 -41.4 3
      vertex 41.4 -39.994 7.80815
    endloop
  endfacet
  facet normal -1 -0 0
    outer loop
      vertex 41.4 -39.2157 6.65434
      vertex 41.4 -41.4 3
      vertex 41.4 -39.6452 7.20404
    endloop
  endfacet
  facet normal -1 -0 0
    outer loop
      vertex 41.4 -38.7139 6.16978
      vertex 41.4 -41.4 3
      vertex 41.4 -39.2157 6.65434
    endloop
  endfacet
  facet normal -1 -0 0
    outer loop
      vertex 41.4 -38.1496 5.75977
      vertex 41.4 -41.4 3
      vertex 41.4 -38.7139 6.16978
    endloop
  endfacet
  facet normal -1 -0 0
    outer loop
      vertex 41.4 -37.5337 5.43227
      vertex 41.4 -41.4 3
      vertex 41.4 -38.1496 5.75977
    endloop
  endfacet
  facet normal -1 -0 0
    outer loop
      vertex 41.4 -36.8782 5.1937
      vertex 41.4 -41.4 3
      vertex 41.4 -37.5337 5.43227
    endloop
  endfacet
  facet normal -1 -0 0
    outer loop
      vertex 41.4 -36.1959 5.04866
      vertex 41.4 -41.4 3
      vertex 41.4 -36.8782 5.1937
    endloop
  endfacet
  facet normal -1 -0 0
    outer loop
      vertex 41.4 -35.5 5
      vertex 41.4 -41.4 3
      vertex 41.4 -36.1959 5.04866
    endloop
  endfacet
  facet normal -1 0 0
    outer loop
      vertex 41.4 -41.4 3
      vertex 41.4 -35.5 5
      vertex 41.4 41.4 3
    endloop
  endfacet
  facet normal -1 0 0
    outer loop
      vertex 41.4 41.4 3
      vertex 41.4 40.5 25
      vertex 41.4 41.4 106
    endloop
  endfacet
  facet normal -1 0 0
    outer loop
      vertex 41.4 40.5 85
      vertex 41.4 41.4 106
      vertex 41.4 40.5 25
    endloop
  endfacet
  facet normal -1 0 0
    outer loop
      vertex 41.4 40.5 100
      vertex 41.4 41.4 106
      vertex 41.4 40.5 85
    endloop
  endfacet
  facet normal -1 0 0
    outer loop
      vertex 41.4 40.424 100.868
      vertex 41.4 41.4 106
      vertex 41.4 40.5 100
    endloop
  endfacet
  facet normal -1 0 0
    outer loop
      vertex 41.4 40.2553 101.545
      vertex 41.4 41.4 106
      vertex 41.4 40.424 100.868
    endloop
  endfacet
  facet normal -1 0 0
    outer loop
      vertex 41.4 39.994 102.192
      vertex 41.4 41.4 106
      vertex 41.4 40.2553 101.545
    endloop
  endfacet
  facet normal -1 0 0
    outer loop
      vertex 41.4 39.6452 102.796
      vertex 41.4 41.4 106
      vertex 41.4 39.994 102.192
    endloop
  endfacet
  facet normal -1 0 0
    outer loop
      vertex 41.4 39.2157 103.346
      vertex 41.4 41.4 106
      vertex 41.4 39.6452 102.796
    endloop
  endfacet
  facet normal -1 0 0
    outer loop
      vertex 41.4 38.7139 103.83
      vertex 41.4 41.4 106
      vertex 41.4 39.2157 103.346
    endloop
  endfacet
  facet normal -1 0 0
    outer loop
      vertex 41.4 38.1496 104.24
      vertex 41.4 41.4 106
      vertex 41.4 38.7139 103.83
    endloop
  endfacet
  facet normal -1 0 0
    outer loop
      vertex 41.4 37.5337 104.568
      vertex 41.4 41.4 106
      vertex 41.4 38.1496 104.24
    endloop
  endfacet
  facet normal -1 0 0
    outer loop
      vertex 41.4 36.8782 104.806
      vertex 41.4 41.4 106
      vertex 41.4 37.5337 104.568
    endloop
  endfacet
  facet normal -1 0 0
    outer loop
      vertex 41.4 36.1959 104.951
      vertex 41.4 41.4 106
      vertex 41.4 36.8782 104.806
    endloop
  endfacet
  facet normal -1 0 0
    outer loop
      vertex 41.4 35.5 105
      vertex 41.4 41.4 106
      vertex 41.4 36.1959 104.951
    endloop
  endfacet
  facet normal -1 0 0
    outer loop
      vertex 41.4 -35.5 105
      vertex 41.4 41.4 106
      vertex 41.4 35.5 105
    endloop
  endfacet
  facet normal -1 0 0
    outer loop
      vertex 41.4 -35.5 105
      vertex 41.4 -41.4 106
      vertex 41.4 41.4 106
    endloop
  endfacet
  facet normal -1 0 0
    outer loop
      vertex 41.4 -36.3682 104.924
      vertex 41.4 -41.4 106
      vertex 41.4 -35.5 105
    endloop
  endfacet
  facet normal -1 0 0
    outer loop
      vertex 41.4 -37.0451 104.755
      vertex 41.4 -41.4 106
      vertex 41.4 -36.3682 104.924
    endloop
  endfacet
  facet normal -1 0 0
    outer loop
      vertex 41.4 -37.6918 104.494
      vertex 41.4 -41.4 106
      vertex 41.4 -37.0451 104.755
    endloop
  endfacet
  facet normal -1 0 0
    outer loop
      vertex 41.4 -38.296 104.145
      vertex 41.4 -41.4 106
      vertex 41.4 -37.6918 104.494
    endloop
  endfacet
  facet normal -1 0 0
    outer loop
      vertex 41.4 -38.8457 103.716
      vertex 41.4 -41.4 106
      vertex 41.4 -38.296 104.145
    endloop
  endfacet
  facet normal -1 0 0
    outer loop
      vertex 41.4 -39.3302 103.214
      vertex 41.4 -41.4 106
      vertex 41.4 -38.8457 103.716
    endloop
  endfacet
  facet normal -1 0 0
    outer loop
      vertex 41.4 -39.7402 102.65
      vertex 41.4 -41.4 106
      vertex 41.4 -39.3302 103.214
    endloop
  endfacet
  facet normal -1 0 0
    outer loop
      vertex 41.4 -40.0677 102.034
      vertex 41.4 -41.4 106
      vertex 41.4 -39.7402 102.65
    endloop
  endfacet
  facet normal -1 0 0
    outer loop
      vertex 41.4 -40.3063 101.378
      vertex 41.4 -41.4 106
      vertex 41.4 -40.0677 102.034
    endloop
  endfacet
  facet normal -1 0 0
    outer loop
      vertex 41.4 -40.4513 100.696
      vertex 41.4 -41.4 106
      vertex 41.4 -40.3063 101.378
    endloop
  endfacet
  facet normal -1 0 0
    outer loop
      vertex 41.4 -40.5 100
      vertex 41.4 -41.4 106
      vertex 41.4 -40.4513 100.696
    endloop
  endfacet
  facet normal -1 0 0
    outer loop
      vertex 41.4 -40.5 85
      vertex 41.4 -41.4 106
      vertex 41.4 -40.5 100
    endloop
  endfacet
  facet normal 0 -1 0
    outer loop
      vertex -41.4 41.4 3
      vertex 41.4 41.4 106
      vertex -41.4 41.4 106
    endloop
  endfacet
  facet normal 0 -1 -0
    outer loop
      vertex 41.4 41.4 106
      vertex -41.4 41.4 3
      vertex 41.4 41.4 3
    endloop
  endfacet
  facet normal -0 0 1
    outer loop
      vertex -41.4 41.4 3
      vertex 41.4 -41.4 3
      vertex 41.4 41.4 3
    endloop
  endfacet
  facet normal 0 0 1
    outer loop
      vertex 41.4 -41.4 3
      vertex -41.4 41.4 3
      vertex -41.4 -41.4 3
    endloop
  endfacet
  facet normal 0 1 -0
    outer loop
      vertex 41.4 -41.4 3
      vertex -41.4 -41.4 106
      vertex 41.4 -41.4 106
    endloop
  endfacet
  facet normal 0 1 0
    outer loop
      vertex -41.4 -41.4 106
      vertex 41.4 -41.4 3
      vertex -41.4 -41.4 3
    endloop
  endfacet
  facet normal -1 0 0
    outer loop
      vertex -45 45 110
      vertex -45 40.4513 84.3041
      vertex -45 40.5 85
    endloop
  endfacet
  facet normal -1 0 0
    outer loop
      vertex -45 45 110
      vertex -45 40.424 25.8682
      vertex -45 40.4513 84.3041
    endloop
  endfacet
  facet normal -1 0 0
    outer loop
      vertex -45 40.424 25.8682
      vertex -45 40.3063 83.6218
      vertex -45 40.4513 84.3041
    endloop
  endfacet
  facet normal -1 0 0
    outer loop
      vertex -45 40.2553 26.5451
      vertex -45 40.3063 83.6218
      vertex -45 40.424 25.8682
    endloop
  endfacet
  facet normal -1 0 0
    outer loop
      vertex -45 40.2553 26.5451
      vertex -45 40.0677 82.9663
      vertex -45 40.3063 83.6218
    endloop
  endfacet
  facet normal -1 0 0
    outer loop
      vertex -45 39.994 27.1918
      vertex -45 40.0677 82.9663
      vertex -45 40.2553 26.5451
    endloop
  endfacet
  facet normal -1 0 0
    outer loop
      vertex -45 39.994 27.1918
      vertex -45 39.7402 82.3504
      vertex -45 40.0677 82.9663
    endloop
  endfacet
  facet normal -1 0 0
    outer loop
      vertex -45 39.6452 27.796
      vertex -45 39.7402 82.3504
      vertex -45 39.994 27.1918
    endloop
  endfacet
  facet normal -1 0 0
    outer loop
      vertex -45 39.6452 27.796
      vertex -45 39.3302 81.7861
      vertex -45 39.7402 82.3504
    endloop
  endfacet
  facet normal -1 0 0
    outer loop
      vertex -45 39.2157 28.3457
      vertex -45 39.3302 81.7861
      vertex -45 39.6452 27.796
    endloop
  endfacet
  facet normal -1 0 0
    outer loop
      vertex -45 39.2157 28.3457
      vertex -45 38.8457 81.2843
      vertex -45 39.3302 81.7861
    endloop
  endfacet
  facet normal -1 0 0
    outer loop
      vertex -45 38.7139 28.8302
      vertex -45 38.8457 81.2843
      vertex -45 39.2157 28.3457
    endloop
  endfacet
  facet normal -1 0 0
    outer loop
      vertex -45 38.7139 28.8302
      vertex -45 38.296 80.8548
      vertex -45 38.8457 81.2843
    endloop
  endfacet
  facet normal -1 0 0
    outer loop
      vertex -45 38.1496 29.2402
      vertex -45 38.296 80.8548
      vertex -45 38.7139 28.8302
    endloop
  endfacet
  facet normal -1 0 0
    outer loop
      vertex -45 38.1496 29.2402
      vertex -45 37.6918 80.506
      vertex -45 38.296 80.8548
    endloop
  endfacet
  facet normal -1 0 0
    outer loop
      vertex -45 37.5337 29.5677
      vertex -45 37.6918 80.506
      vertex -45 38.1496 29.2402
    endloop
  endfacet
  facet normal -1 0 0
    outer loop
      vertex -45 37.5337 29.5677
      vertex -45 37.0451 80.2447
      vertex -45 37.6918 80.506
    endloop
  endfacet
  facet normal -1 0 0
    outer loop
      vertex -45 36.8782 29.8063
      vertex -45 37.0451 80.2447
      vertex -45 37.5337 29.5677
    endloop
  endfacet
  facet normal -1 0 0
    outer loop
      vertex -45 36.8782 29.8063
      vertex -45 36.3682 80.076
      vertex -45 37.0451 80.2447
    endloop
  endfacet
  facet normal -1 0 0
    outer loop
      vertex -45 36.1959 29.9513
      vertex -45 36.3682 80.076
      vertex -45 36.8782 29.8063
    endloop
  endfacet
  facet normal -1 0 0
    outer loop
      vertex -45 35.5 80
      vertex -45 36.1959 29.9513
      vertex -45 35.5 30
    endloop
  endfacet
  facet normal -1 0 0
    outer loop
      vertex -45 36.1959 29.9513
      vertex -45 35.5 80
      vertex -45 36.3682 80.076
    endloop
  endfacet
  facet normal -1 0 0
    outer loop
      vertex -45 18 35.087
      vertex -45 35.5 30
      vertex -45 23.1091 30
    endloop
  endfacet
  facet normal -1 0 0
    outer loop
      vertex -45 35.5 30
      vertex -45 18 35.087
      vertex -45 35.5 80
    endloop
  endfacet
  facet normal -1 -0 0
    outer loop
      vertex -45 35.5 80
      vertex -45 18 74.8909
      vertex -45 23.087 80
    endloop
  endfacet
  facet normal -1 0 0
    outer loop
      vertex -45 18 35.087
      vertex -45 23.1091 30
      vertex -45 22.8913 30.0095
    endloop
  endfacet
  facet normal -1 0 0
    outer loop
      vertex -45 23.087 80
      vertex -45 18 74.8909
      vertex -45 22.9132 79.9939
    endloop
  endfacet
  facet normal -1 0 0
    outer loop
      vertex -45 18.0061 34.9132
      vertex -45 22.8913 30.0095
      vertex -45 22.3275 30.0588
    endloop
  endfacet
  facet normal -1 0 -0
    outer loop
      vertex -45 18.0095 75.1087
      vertex -45 22.9132 79.9939
      vertex -45 18 74.8909
    endloop
  endfacet
  facet normal -1 0 0
    outer loop
      vertex -45 18.0061 34.9132
      vertex -45 22.3275 30.0588
      vertex -45 21.9412 30.1235
    endloop
  endfacet
  facet normal -1 0 0
    outer loop
      vertex -45 35.5 80
      vertex -45 18 35.087
      vertex -45 18 74.8909
    endloop
  endfacet
  facet normal -1 0 0
    outer loop
      vertex -45 18.0061 34.9132
      vertex -45 21.9412 30.1235
      vertex -45 21.6244 30.2025
    endloop
  endfacet
  facet normal -1 0 0
    outer loop
      vertex -45 22.9132 79.9939
      vertex -45 18.0095 75.1087
      vertex -45 22.4782 79.9635
    endloop
  endfacet
  facet normal -1 0 0
    outer loop
      vertex -45 18.0061 34.9132
      vertex -45 21.6244 30.2025
      vertex -45 21.293 30.3101
    endloop
  endfacet
  facet normal -1 0 0
    outer loop
      vertex -45 22.4782 79.9635
      vertex -45 18.0095 75.1087
      vertex -45 22.1334 79.9151
    endloop
  endfacet
  facet normal -1 0 0
    outer loop
      vertex -45 18.0061 34.9132
      vertex -45 21.293 30.3101
      vertex -45 20.9701 30.4406
    endloop
  endfacet
  facet normal -1 0 0
    outer loop
      vertex -45 22.1334 79.9151
      vertex -45 18.0095 75.1087
      vertex -45 21.7927 79.8426
    endloop
  endfacet
  facet normal -1 0 0
    outer loop
      vertex -45 18.0061 34.9132
      vertex -45 20.9701 30.4406
      vertex -45 20.6569 30.5933
    endloop
  endfacet
  facet normal -1 0 0
    outer loop
      vertex -45 21.7927 79.8426
      vertex -45 18.0095 75.1087
      vertex -45 21.4576 79.7466
    endloop
  endfacet
  facet normal -1 0 0
    outer loop
      vertex -45 18.0061 34.9132
      vertex -45 20.6569 30.5933
      vertex -45 20.3552 30.7676
    endloop
  endfacet
  facet normal -1 0 0
    outer loop
      vertex -45 21.4576 79.7466
      vertex -45 18.0095 75.1087
      vertex -45 21.1305 79.6275
    endloop
  endfacet
  facet normal -1 0 0
    outer loop
      vertex -45 18.0061 34.9132
      vertex -45 20.3552 30.7676
      vertex -45 20.0665 30.9623
    endloop
  endfacet
  facet normal -1 0 0
    outer loop
      vertex -45 21.1305 79.6275
      vertex -45 18.0095 75.1087
      vertex -45 20.8122 79.4858
    endloop
  endfacet
  facet normal -1 0 0
    outer loop
      vertex -45 18.0061 34.9132
      vertex -45 20.0665 30.9623
      vertex -45 19.792 31.1767
    endloop
  endfacet
  facet normal -1 0 0
    outer loop
      vertex -45 20.8122 79.4858
      vertex -45 18.0095 75.1087
      vertex -45 20.5044 79.3221
    endloop
  endfacet
  facet normal -1 0 0
    outer loop
      vertex -45 18.0061 34.9132
      vertex -45 19.792 31.1767
      vertex -45 19.5331 31.4099
    endloop
  endfacet
  facet normal -1 0 0
    outer loop
      vertex -45 20.5044 79.3221
      vertex -45 18.0095 75.1087
      vertex -45 20.2092 79.1376
    endloop
  endfacet
  facet normal -1 0 0
    outer loop
      vertex -45 18.0061 34.9132
      vertex -45 19.5331 31.4099
      vertex -45 19.2911 31.6604
    endloop
  endfacet
  facet normal -1 0 0
    outer loop
      vertex -45 20.2092 79.1376
      vertex -45 18.0095 75.1087
      vertex -45 19.9274 78.9329
    endloop
  endfacet
  facet normal -1 0 0
    outer loop
      vertex -45 18.0061 34.9132
      vertex -45 19.2911 31.6604
      vertex -45 19.0671 31.9274
    endloop
  endfacet
  facet normal -1 0 0
    outer loop
      vertex -45 19.9274 78.9329
      vertex -45 18.0095 75.1087
      vertex -45 19.6604 78.7089
    endloop
  endfacet
  facet normal -1 0 0
    outer loop
      vertex -45 18.0061 34.9132
      vertex -45 19.0671 31.9274
      vertex -45 18.8624 32.2092
    endloop
  endfacet
  facet normal -1 0 0
    outer loop
      vertex -45 19.6604 78.7089
      vertex -45 18.0095 75.1087
      vertex -45 19.4099 78.4669
    endloop
  endfacet
  facet normal -1 0 0
    outer loop
      vertex -45 18.0061 34.9132
      vertex -45 18.8624 32.2092
      vertex -45 18.6779 32.5044
    endloop
  endfacet
  facet normal -1 0 0
    outer loop
      vertex -45 19.4099 78.4669
      vertex -45 18.0095 75.1087
      vertex -45 19.1767 78.208
    endloop
  endfacet
  facet normal -1 0 0
    outer loop
      vertex -45 18.0061 34.9132
      vertex -45 18.6779 32.5044
      vertex -45 18.5142 32.8122
    endloop
  endfacet
  facet normal -1 0 -0
    outer loop
      vertex -45 18.0588 75.6725
      vertex -45 19.1767 78.208
      vertex -45 18.0095 75.1087
    endloop
  endfacet
  facet normal -1 0 0
    outer loop
      vertex -45 18.0061 34.9132
      vertex -45 18.5142 32.8122
      vertex -45 18.3725 33.1305
    endloop
  endfacet
  facet normal -1 0 0
    outer loop
      vertex -45 19.1767 78.208
      vertex -45 18.0588 75.6725
      vertex -45 18.9623 77.9335
    endloop
  endfacet
  facet normal -1 0 0
    outer loop
      vertex -45 18.0061 34.9132
      vertex -45 18.3725 33.1305
      vertex -45 18.2534 33.4576
    endloop
  endfacet
  facet normal -1 0 0
    outer loop
      vertex -45 18.9623 77.9335
      vertex -45 18.0588 75.6725
      vertex -45 18.7676 77.6448
    endloop
  endfacet
  facet normal -1 0 0
    outer loop
      vertex -45 18.0061 34.9132
      vertex -45 18.2534 33.4576
      vertex -45 18.1574 33.7927
    endloop
  endfacet
  facet normal -1 0 0
    outer loop
      vertex -45 18.7676 77.6448
      vertex -45 18.0588 75.6725
      vertex -45 18.5933 77.3431
    endloop
  endfacet
  facet normal -1 0 0
    outer loop
      vertex -45 18.0061 34.9132
      vertex -45 18.1574 33.7927
      vertex -45 18.0849 34.1334
    endloop
  endfacet
  facet normal -1 0 0
    outer loop
      vertex -45 18.5933 77.3431
      vertex -45 18.0588 75.6725
      vertex -45 18.4406 77.0299
    endloop
  endfacet
  facet normal -1 0 0
    outer loop
      vertex -45 18.0061 34.9132
      vertex -45 18.0849 34.1334
      vertex -45 18.0365 34.4782
    endloop
  endfacet
  facet normal -1 0 0
    outer loop
      vertex -45 18.4406 77.0299
      vertex -45 18.0588 75.6725
      vertex -45 18.3101 76.707
    endloop
  endfacet
  facet normal -1 0 0
    outer loop
      vertex -45 22.8913 30.0095
      vertex -45 18.0061 34.9132
      vertex -45 18 35.087
    endloop
  endfacet
  facet normal -1 0 0
    outer loop
      vertex -45 18.3101 76.707
      vertex -45 18.0588 75.6725
      vertex -45 18.2025 76.3756
    endloop
  endfacet
  facet normal -1 0 0
    outer loop
      vertex -45 18.2025 76.3756
      vertex -45 18.0588 75.6725
      vertex -45 18.1235 76.0588
    endloop
  endfacet
  facet normal -1 0 0
    outer loop
      vertex -45 40.5 25
      vertex -45 45 0
      vertex -45 40.5 10
    endloop
  endfacet
  facet normal -1 0 0
    outer loop
      vertex -45 45 0
      vertex -45 40.4513 9.30414
      vertex -45 40.5 10
    endloop
  endfacet
  facet normal -1 0 0
    outer loop
      vertex -45 45 0
      vertex -45 40.3063 8.62181
      vertex -45 40.4513 9.30414
    endloop
  endfacet
  facet normal -1 0 0
    outer loop
      vertex -45 45 0
      vertex -45 40.0677 7.96632
      vertex -45 40.3063 8.62181
    endloop
  endfacet
  facet normal -1 0 0
    outer loop
      vertex -45 45 0
      vertex -45 39.7402 7.3504
      vertex -45 40.0677 7.96632
    endloop
  endfacet
  facet normal -1 0 0
    outer loop
      vertex -45 45 0
      vertex -45 39.3302 6.78606
      vertex -45 39.7402 7.3504
    endloop
  endfacet
  facet normal -1 0 0
    outer loop
      vertex -45 45 0
      vertex -45 38.8457 6.28427
      vertex -45 39.3302 6.78606
    endloop
  endfacet
  facet normal -1 0 0
    outer loop
      vertex -45 45 0
      vertex -45 38.296 5.85481
      vertex -45 38.8457 6.28427
    endloop
  endfacet
  facet normal -1 0 0
    outer loop
      vertex -45 45 0
      vertex -45 37.6918 5.50603
      vertex -45 38.296 5.85481
    endloop
  endfacet
  facet normal -1 0 0
    outer loop
      vertex -45 45 0
      vertex -45 37.0451 5.24472
      vertex -45 37.6918 5.50603
    endloop
  endfacet
  facet normal -1 0 0
    outer loop
      vertex -45 45 0
      vertex -45 36.3682 5.07596
      vertex -45 37.0451 5.24472
    endloop
  endfacet
  facet normal -1 0 0
    outer loop
      vertex -45 45 0
      vertex -45 35.5 5
      vertex -45 36.3682 5.07596
    endloop
  endfacet
  facet normal -1 0 0
    outer loop
      vertex -45 45 0
      vertex -45 -35.5 5
      vertex -45 35.5 5
    endloop
  endfacet
  facet normal -1 0 0
    outer loop
      vertex -45 -45 0
      vertex -45 -40.5 25
      vertex -45 -40.5 10
    endloop
  endfacet
  facet normal -1 -0 0
    outer loop
      vertex -45 -40.5 25
      vertex -45 -45 0
      vertex -45 -40.5 85
    endloop
  endfacet
  facet normal -1 0 0
    outer loop
      vertex -45 -45 110
      vertex -45 -40.5 85
      vertex -45 -45 0
    endloop
  endfacet
  facet normal -1 -0 0
    outer loop
      vertex -45 -40.424 9.13176
      vertex -45 -45 0
      vertex -45 -40.5 10
    endloop
  endfacet
  facet normal -1 -0 0
    outer loop
      vertex -45 -40.2553 8.45491
      vertex -45 -45 0
      vertex -45 -40.424 9.13176
    endloop
  endfacet
  facet normal -1 -0 0
    outer loop
      vertex -45 -39.994 7.80815
      vertex -45 -45 0
      vertex -45 -40.2553 8.45491
    endloop
  endfacet
  facet normal -1 -0 0
    outer loop
      vertex -45 -39.6452 7.20404
      vertex -45 -45 0
      vertex -45 -39.994 7.80815
    endloop
  endfacet
  facet normal -1 -0 0
    outer loop
      vertex -45 -39.2157 6.65434
      vertex -45 -45 0
      vertex -45 -39.6452 7.20404
    endloop
  endfacet
  facet normal -1 -0 0
    outer loop
      vertex -45 -38.7139 6.16978
      vertex -45 -45 0
      vertex -45 -39.2157 6.65434
    endloop
  endfacet
  facet normal -1 -0 0
    outer loop
      vertex -45 -38.1496 5.75977
      vertex -45 -45 0
      vertex -45 -38.7139 6.16978
    endloop
  endfacet
  facet normal -1 -0 0
    outer loop
      vertex -45 -37.5337 5.43227
      vertex -45 -45 0
      vertex -45 -38.1496 5.75977
    endloop
  endfacet
  facet normal -1 -0 0
    outer loop
      vertex -45 -36.8782 5.1937
      vertex -45 -45 0
      vertex -45 -37.5337 5.43227
    endloop
  endfacet
  facet normal -1 -0 0
    outer loop
      vertex -45 -36.1959 5.04866
      vertex -45 -45 0
      vertex -45 -36.8782 5.1937
    endloop
  endfacet
  facet normal -1 -0 0
    outer loop
      vertex -45 -35.5 5
      vertex -45 -45 0
      vertex -45 -36.1959 5.04866
    endloop
  endfacet
  facet normal -1 0 0
    outer loop
      vertex -45 -45 0
      vertex -45 -35.5 5
      vertex -45 45 0
    endloop
  endfacet
  facet normal -1 0 0
    outer loop
      vertex -45 40.424 25.8682
      vertex -45 45 0
      vertex -45 40.5 25
    endloop
  endfacet
  facet normal -1 0 0
    outer loop
      vertex -45 45 0
      vertex -45 40.424 25.8682
      vertex -45 45 110
    endloop
  endfacet
  facet normal -1 0 0
    outer loop
      vertex -45 40.5 100
      vertex -45 45 110
      vertex -45 40.5 85
    endloop
  endfacet
  facet normal -1 0 0
    outer loop
      vertex -45 40.424 100.868
      vertex -45 45 110
      vertex -45 40.5 100
    endloop
  endfacet
  facet normal -1 0 0
    outer loop
      vertex -45 40.2553 101.545
      vertex -45 45 110
      vertex -45 40.424 100.868
    endloop
  endfacet
  facet normal -1 0 0
    outer loop
      vertex -45 39.994 102.192
      vertex -45 45 110
      vertex -45 40.2553 101.545
    endloop
  endfacet
  facet normal -1 0 0
    outer loop
      vertex -45 39.6452 102.796
      vertex -45 45 110
      vertex -45 39.994 102.192
    endloop
  endfacet
  facet normal -1 0 0
    outer loop
      vertex -45 39.2157 103.346
      vertex -45 45 110
      vertex -45 39.6452 102.796
    endloop
  endfacet
  facet normal -1 0 0
    outer loop
      vertex -45 38.7139 103.83
      vertex -45 45 110
      vertex -45 39.2157 103.346
    endloop
  endfacet
  facet normal -1 0 0
    outer loop
      vertex -45 38.1496 104.24
      vertex -45 45 110
      vertex -45 38.7139 103.83
    endloop
  endfacet
  facet normal -1 0 0
    outer loop
      vertex -45 37.5337 104.568
      vertex -45 45 110
      vertex -45 38.1496 104.24
    endloop
  endfacet
  facet normal -1 0 0
    outer loop
      vertex -45 36.8782 104.806
      vertex -45 45 110
      vertex -45 37.5337 104.568
    endloop
  endfacet
  facet normal -1 0 0
    outer loop
      vertex -45 36.1959 104.951
      vertex -45 45 110
      vertex -45 36.8782 104.806
    endloop
  endfacet
  facet normal -1 0 0
    outer loop
      vertex -45 35.5 105
      vertex -45 45 110
      vertex -45 36.1959 104.951
    endloop
  endfacet
  facet normal -1 0 0
    outer loop
      vertex -45 -35.5 105
      vertex -45 45 110
      vertex -45 35.5 105
    endloop
  endfacet
  facet normal -1 0 0
    outer loop
      vertex -45 -35.5 105
      vertex -45 -45 110
      vertex -45 45 110
    endloop
  endfacet
  facet normal -1 0 0
    outer loop
      vertex -45 -36.3682 104.924
      vertex -45 -45 110
      vertex -45 -35.5 105
    endloop
  endfacet
  facet normal -1 0 0
    outer loop
      vertex -45 -37.0451 104.755
      vertex -45 -45 110
      vertex -45 -36.3682 104.924
    endloop
  endfacet
  facet normal -1 0 0
    outer loop
      vertex -45 -37.6918 104.494
      vertex -45 -45 110
      vertex -45 -37.0451 104.755
    endloop
  endfacet
  facet normal -1 0 0
    outer loop
      vertex -45 -38.296 104.145
      vertex -45 -45 110
      vertex -45 -37.6918 104.494
    endloop
  endfacet
  facet normal -1 0 0
    outer loop
      vertex -45 -38.8457 103.716
      vertex -45 -45 110
      vertex -45 -38.296 104.145
    endloop
  endfacet
  facet normal -1 0 0
    outer loop
      vertex -45 -39.3302 103.214
      vertex -45 -45 110
      vertex -45 -38.8457 103.716
    endloop
  endfacet
  facet normal -1 0 0
    outer loop
      vertex -45 -39.7402 102.65
      vertex -45 -45 110
      vertex -45 -39.3302 103.214
    endloop
  endfacet
  facet normal -1 0 0
    outer loop
      vertex -45 -40.0677 102.034
      vertex -45 -45 110
      vertex -45 -39.7402 102.65
    endloop
  endfacet
  facet normal -1 0 0
    outer loop
      vertex -45 -40.3063 101.378
      vertex -45 -45 110
      vertex -45 -40.0677 102.034
    endloop
  endfacet
  facet normal -1 0 0
    outer loop
      vertex -45 -40.4513 100.696
      vertex -45 -45 110
      vertex -45 -40.3063 101.378
    endloop
  endfacet
  facet normal -1 0 0
    outer loop
      vertex -45 -40.5 100
      vertex -45 -45 110
      vertex -45 -40.4513 100.696
    endloop
  endfacet
  facet normal -1 0 0
    outer loop
      vertex -45 -40.5 85
      vertex -45 -45 110
      vertex -45 -40.5 100
    endloop
  endfacet
  facet normal -1 0 0
    outer loop
      vertex -45 -35.5 80
      vertex -45 -18 74.913
      vertex -45 -18 35.1091
    endloop
  endfacet
  facet normal -1 0 0
    outer loop
      vertex -45 -23.087 30
      vertex -45 -18 35.1091
      vertex -45 -18.0095 34.8913
    endloop
  endfacet
  facet normal -1 -0 -0
    outer loop
      vertex -45 -23.1091 80
      vertex -45 -18 74.913
      vertex -45 -35.5 80
    endloop
  endfacet
  facet normal -1 0 0
    outer loop
      vertex -45 -22.9132 30.0061
      vertex -45 -18.0095 34.8913
      vertex -45 -18.0588 34.3275
    endloop
  endfacet
  facet normal -1 -0 0
    outer loop
      vertex -45 -18 35.1091
      vertex -45 -35.5 30
      vertex -45 -35.5 80
    endloop
  endfacet
  facet normal -1 0 0
    outer loop
      vertex -45 -22.9132 30.0061
      vertex -45 -18.0588 34.3275
      vertex -45 -18.1235 33.9412
    endloop
  endfacet
  facet normal -1 0 0
    outer loop
      vertex -45 -18 74.913
      vertex -45 -23.1091 80
      vertex -45 -18.0061 75.0868
    endloop
  endfacet
  facet normal -1 0 0
    outer loop
      vertex -45 -22.9132 30.0061
      vertex -45 -18.1235 33.9412
      vertex -45 -18.2025 33.6244
    endloop
  endfacet
  facet normal -1 -0 -0
    outer loop
      vertex -45 -22.8913 79.9905
      vertex -45 -18.0061 75.0868
      vertex -45 -23.1091 80
    endloop
  endfacet
  facet normal -1 0 0
    outer loop
      vertex -45 -22.9132 30.0061
      vertex -45 -18.2025 33.6244
      vertex -45 -18.3101 33.293
    endloop
  endfacet
  facet normal -1 0 0
    outer loop
      vertex -45 -18.0061 75.0868
      vertex -45 -22.8913 79.9905
      vertex -45 -18.0365 75.5218
    endloop
  endfacet
  facet normal -1 0 0
    outer loop
      vertex -45 -22.9132 30.0061
      vertex -45 -18.3101 33.293
      vertex -45 -18.4406 32.9701
    endloop
  endfacet
  facet normal -1 0 0
    outer loop
      vertex -45 -18.0365 75.5218
      vertex -45 -22.8913 79.9905
      vertex -45 -18.0849 75.8666
    endloop
  endfacet
  facet normal -1 0 0
    outer loop
      vertex -45 -22.9132 30.0061
      vertex -45 -18.4406 32.9701
      vertex -45 -18.5933 32.6569
    endloop
  endfacet
  facet normal -1 0 0
    outer loop
      vertex -45 -18.0849 75.8666
      vertex -45 -22.8913 79.9905
      vertex -45 -18.1574 76.2073
    endloop
  endfacet
  facet normal -1 0 0
    outer loop
      vertex -45 -22.9132 30.0061
      vertex -45 -18.5933 32.6569
      vertex -45 -18.7676 32.3552
    endloop
  endfacet
  facet normal -1 0 0
    outer loop
      vertex -45 -18.1574 76.2073
      vertex -45 -22.8913 79.9905
      vertex -45 -18.2534 76.5424
    endloop
  endfacet
  facet normal -1 0 0
    outer loop
      vertex -45 -22.9132 30.0061
      vertex -45 -18.7676 32.3552
      vertex -45 -18.9623 32.0665
    endloop
  endfacet
  facet normal -1 0 0
    outer loop
      vertex -45 -18.2534 76.5424
      vertex -45 -22.8913 79.9905
      vertex -45 -18.3725 76.8695
    endloop
  endfacet
  facet normal -1 0 0
    outer loop
      vertex -45 -22.9132 30.0061
      vertex -45 -18.9623 32.0665
      vertex -45 -19.1767 31.792
    endloop
  endfacet
  facet normal -1 0 0
    outer loop
      vertex -45 -18.3725 76.8695
      vertex -45 -22.8913 79.9905
      vertex -45 -18.5142 77.1878
    endloop
  endfacet
  facet normal -1 0 0
    outer loop
      vertex -45 -22.9132 30.0061
      vertex -45 -19.1767 31.792
      vertex -45 -19.4099 31.5331
    endloop
  endfacet
  facet normal -1 0 0
    outer loop
      vertex -45 -18.5142 77.1878
      vertex -45 -22.8913 79.9905
      vertex -45 -18.6779 77.4956
    endloop
  endfacet
  facet normal -1 0 0
    outer loop
      vertex -45 -22.9132 30.0061
      vertex -45 -19.4099 31.5331
      vertex -45 -19.6604 31.2911
    endloop
  endfacet
  facet normal -1 0 0
    outer loop
      vertex -45 -18.6779 77.4956
      vertex -45 -22.8913 79.9905
      vertex -45 -18.8624 77.7908
    endloop
  endfacet
  facet normal -1 0 0
    outer loop
      vertex -45 -22.9132 30.0061
      vertex -45 -19.6604 31.2911
      vertex -45 -19.9274 31.0671
    endloop
  endfacet
  facet normal -1 0 0
    outer loop
      vertex -45 -18.8624 77.7908
      vertex -45 -22.8913 79.9905
      vertex -45 -19.0671 78.0726
    endloop
  endfacet
  facet normal -1 0 0
    outer loop
      vertex -45 -22.9132 30.0061
      vertex -45 -19.9274 31.0671
      vertex -45 -20.2092 30.8624
    endloop
  endfacet
  facet normal -1 0 0
    outer loop
      vertex -45 -18 35.1091
      vertex -45 -23.087 30
      vertex -45 -35.5 30
    endloop
  endfacet
  facet normal -1 0 0
    outer loop
      vertex -45 -22.9132 30.0061
      vertex -45 -20.2092 30.8624
      vertex -45 -20.5044 30.6779
    endloop
  endfacet
  facet normal -1 0 0
    outer loop
      vertex -45 -19.5331 78.5901
      vertex -45 -22.8913 79.9905
      vertex -45 -19.792 78.8233
    endloop
  endfacet
  facet normal -1 0 0
    outer loop
      vertex -45 -22.9132 30.0061
      vertex -45 -20.5044 30.6779
      vertex -45 -20.8122 30.5142
    endloop
  endfacet
  facet normal -1 -0 -0
    outer loop
      vertex -45 -22.3275 79.9412
      vertex -45 -19.792 78.8233
      vertex -45 -22.8913 79.9905
    endloop
  endfacet
  facet normal -1 0 0
    outer loop
      vertex -45 -22.9132 30.0061
      vertex -45 -20.8122 30.5142
      vertex -45 -21.1305 30.3725
    endloop
  endfacet
  facet normal -1 0 0
    outer loop
      vertex -45 -19.792 78.8233
      vertex -45 -22.3275 79.9412
      vertex -45 -20.0665 79.0377
    endloop
  endfacet
  facet normal -1 0 0
    outer loop
      vertex -45 -22.9132 30.0061
      vertex -45 -21.1305 30.3725
      vertex -45 -21.4576 30.2534
    endloop
  endfacet
  facet normal -1 0 0
    outer loop
      vertex -45 -20.0665 79.0377
      vertex -45 -22.3275 79.9412
      vertex -45 -20.3552 79.2324
    endloop
  endfacet
  facet normal -1 0 0
    outer loop
      vertex -45 -22.9132 30.0061
      vertex -45 -21.4576 30.2534
      vertex -45 -21.7927 30.1574
    endloop
  endfacet
  facet normal -1 0 0
    outer loop
      vertex -45 -20.3552 79.2324
      vertex -45 -22.3275 79.9412
      vertex -45 -20.6569 79.4067
    endloop
  endfacet
  facet normal -1 0 0
    outer loop
      vertex -45 -22.9132 30.0061
      vertex -45 -21.7927 30.1574
      vertex -45 -22.1334 30.0849
    endloop
  endfacet
  facet normal -1 0 0
    outer loop
      vertex -45 -20.6569 79.4067
      vertex -45 -22.3275 79.9412
      vertex -45 -20.9701 79.5594
    endloop
  endfacet
  facet normal -1 0 0
    outer loop
      vertex -45 -22.9132 30.0061
      vertex -45 -22.1334 30.0849
      vertex -45 -22.4782 30.0365
    endloop
  endfacet
  facet normal -1 0 0
    outer loop
      vertex -45 -20.9701 79.5594
      vertex -45 -22.3275 79.9412
      vertex -45 -21.293 79.6899
    endloop
  endfacet
  facet normal -1 0 0
    outer loop
      vertex -45 -18.0095 34.8913
      vertex -45 -22.9132 30.0061
      vertex -45 -23.087 30
    endloop
  endfacet
  facet normal -1 0 0
    outer loop
      vertex -45 -21.293 79.6899
      vertex -45 -22.3275 79.9412
      vertex -45 -21.6244 79.7975
    endloop
  endfacet
  facet normal -1 0 0
    outer loop
      vertex -45 -21.6244 79.7975
      vertex -45 -22.3275 79.9412
      vertex -45 -21.9412 79.8765
    endloop
  endfacet
  facet normal -1 0 0
    outer loop
      vertex -45 -19.0671 78.0726
      vertex -45 -22.8913 79.9905
      vertex -45 -19.2911 78.3396
    endloop
  endfacet
  facet normal -1 0 0
    outer loop
      vertex -45 -19.2911 78.3396
      vertex -45 -22.8913 79.9905
      vertex -45 -19.5331 78.5901
    endloop
  endfacet
  facet normal -1 0 0
    outer loop
      vertex -45 -35.5 30
      vertex -45 -36.1959 80.0487
      vertex -45 -35.5 80
    endloop
  endfacet
  facet normal -1 0 0
    outer loop
      vertex -45 -36.3682 29.924
      vertex -45 -36.1959 80.0487
      vertex -45 -35.5 30
    endloop
  endfacet
  facet normal -1 0 0
    outer loop
      vertex -45 -36.3682 29.924
      vertex -45 -36.8782 80.1937
      vertex -45 -36.1959 80.0487
    endloop
  endfacet
  facet normal -1 0 0
    outer loop
      vertex -45 -37.0451 29.7553
      vertex -45 -36.8782 80.1937
      vertex -45 -36.3682 29.924
    endloop
  endfacet
  facet normal -1 0 0
    outer loop
      vertex -45 -37.0451 29.7553
      vertex -45 -37.5337 80.4323
      vertex -45 -36.8782 80.1937
    endloop
  endfacet
  facet normal -1 0 0
    outer loop
      vertex -45 -37.6918 29.494
      vertex -45 -37.5337 80.4323
      vertex -45 -37.0451 29.7553
    endloop
  endfacet
  facet normal -1 0 0
    outer loop
      vertex -45 -37.6918 29.494
      vertex -45 -38.1496 80.7598
      vertex -45 -37.5337 80.4323
    endloop
  endfacet
  facet normal -1 0 0
    outer loop
      vertex -45 -38.296 29.1452
      vertex -45 -38.1496 80.7598
      vertex -45 -37.6918 29.494
    endloop
  endfacet
  facet normal -1 0 0
    outer loop
      vertex -45 -38.296 29.1452
      vertex -45 -38.7139 81.1698
      vertex -45 -38.1496 80.7598
    endloop
  endfacet
  facet normal -1 0 0
    outer loop
      vertex -45 -38.8457 28.7157
      vertex -45 -38.7139 81.1698
      vertex -45 -38.296 29.1452
    endloop
  endfacet
  facet normal -1 0 0
    outer loop
      vertex -45 -38.8457 28.7157
      vertex -45 -39.2157 81.6543
      vertex -45 -38.7139 81.1698
    endloop
  endfacet
  facet normal -1 0 0
    outer loop
      vertex -45 -39.3302 28.2139
      vertex -45 -39.2157 81.6543
      vertex -45 -38.8457 28.7157
    endloop
  endfacet
  facet normal -1 0 0
    outer loop
      vertex -45 -39.3302 28.2139
      vertex -45 -39.6452 82.204
      vertex -45 -39.2157 81.6543
    endloop
  endfacet
  facet normal -1 0 0
    outer loop
      vertex -45 -39.7402 27.6496
      vertex -45 -39.6452 82.204
      vertex -45 -39.3302 28.2139
    endloop
  endfacet
  facet normal -1 0 0
    outer loop
      vertex -45 -39.7402 27.6496
      vertex -45 -39.994 82.8082
      vertex -45 -39.6452 82.204
    endloop
  endfacet
  facet normal -1 0 0
    outer loop
      vertex -45 -40.0677 27.0337
      vertex -45 -39.994 82.8082
      vertex -45 -39.7402 27.6496
    endloop
  endfacet
  facet normal -1 0 0
    outer loop
      vertex -45 -40.0677 27.0337
      vertex -45 -40.2553 83.4549
      vertex -45 -39.994 82.8082
    endloop
  endfacet
  facet normal -1 0 0
    outer loop
      vertex -45 -40.3063 26.3782
      vertex -45 -40.2553 83.4549
      vertex -45 -40.0677 27.0337
    endloop
  endfacet
  facet normal -1 0 0
    outer loop
      vertex -45 -40.3063 26.3782
      vertex -45 -40.424 84.1318
      vertex -45 -40.2553 83.4549
    endloop
  endfacet
  facet normal -1 0 0
    outer loop
      vertex -45 -40.4513 25.6959
      vertex -45 -40.424 84.1318
      vertex -45 -40.3063 26.3782
    endloop
  endfacet
  facet normal -1 0 0
    outer loop
      vertex -45 -40.5 85
      vertex -45 -40.4513 25.6959
      vertex -45 -40.5 25
    endloop
  endfacet
  facet normal -1 0 0
    outer loop
      vertex -45 -40.4513 25.6959
      vertex -45 -40.5 85
      vertex -45 -40.424 84.1318
    endloop
  endfacet
  facet normal 0 0 1
    outer loop
      vertex 45 45 110
      vertex 35 0 110
      vertex 45 -45 110
    endloop
  endfacet
  facet normal 0 0 1
    outer loop
      vertex 45 45 110
      vertex 0 35 110
      vertex 35 0 110
    endloop
  endfacet
  facet normal 0 0 1
    outer loop
      vertex 0 35 110
      vertex -45 45 110
      vertex -35 0 110
    endloop
  endfacet
  facet normal -0 0 1
    outer loop
      vertex -45 45 110
      vertex 0 35 110
      vertex 45 45 110
    endloop
  endfacet
  facet normal -0 0 1
    outer loop
      vertex 0 -35 110
      vertex 45 -45 110
      vertex 35 0 110
    endloop
  endfacet
  facet normal 0 0 1
    outer loop
      vertex 0 -35 110
      vertex -45 -45 110
      vertex 45 -45 110
    endloop
  endfacet
  facet normal 0 0 1
    outer loop
      vertex -35 0 110
      vertex -45 -45 110
      vertex 0 -35 110
    endloop
  endfacet
  facet normal 0 0 1
    outer loop
      vertex -45 -45 110
      vertex -35 0 110
      vertex -45 45 110
    endloop
  endfacet
  facet normal 1 -0 0
    outer loop
      vertex 45 40.424 25.8682
      vertex 45 45 0
      vertex 45 40.4513 84.3041
    endloop
  endfacet
  facet normal 1 0 0
    outer loop
      vertex 45 45 0
      vertex 45 40.424 25.8682
      vertex 45 40.5 25
    endloop
  endfacet
  facet normal 1 -0 0
    outer loop
      vertex 45 40.3063 83.6218
      vertex 45 40.424 25.8682
      vertex 45 40.4513 84.3041
    endloop
  endfacet
  facet normal 1 0 0
    outer loop
      vertex 45 40.3063 83.6218
      vertex 45 40.2553 26.5451
      vertex 45 40.424 25.8682
    endloop
  endfacet
  facet normal 1 -0 0
    outer loop
      vertex 45 40.0677 82.9663
      vertex 45 40.2553 26.5451
      vertex 45 40.3063 83.6218
    endloop
  endfacet
  facet normal 1 0 0
    outer loop
      vertex 45 40.0677 82.9663
      vertex 45 39.994 27.1918
      vertex 45 40.2553 26.5451
    endloop
  endfacet
  facet normal 1 -0 0
    outer loop
      vertex 45 39.7402 82.3504
      vertex 45 39.994 27.1918
      vertex 45 40.0677 82.9663
    endloop
  endfacet
  facet normal 1 0 0
    outer loop
      vertex 45 39.7402 82.3504
      vertex 45 39.6452 27.796
      vertex 45 39.994 27.1918
    endloop
  endfacet
  facet normal 1 -0 0
    outer loop
      vertex 45 39.3302 81.7861
      vertex 45 39.6452 27.796
      vertex 45 39.7402 82.3504
    endloop
  endfacet
  facet normal 1 0 0
    outer loop
      vertex 45 39.3302 81.7861
      vertex 45 39.2157 28.3457
      vertex 45 39.6452 27.796
    endloop
  endfacet
  facet normal 1 -0 0
    outer loop
      vertex 45 38.8457 81.2843
      vertex 45 39.2157 28.3457
      vertex 45 39.3302 81.7861
    endloop
  endfacet
  facet normal 1 0 0
    outer loop
      vertex 45 38.8457 81.2843
      vertex 45 38.7139 28.8302
      vertex 45 39.2157 28.3457
    endloop
  endfacet
  facet normal 1 -0 0
    outer loop
      vertex 45 38.296 80.8548
      vertex 45 38.7139 28.8302
      vertex 45 38.8457 81.2843
    endloop
  endfacet
  facet normal 1 0 0
    outer loop
      vertex 45 38.296 80.8548
      vertex 45 38.1496 29.2402
      vertex 45 38.7139 28.8302
    endloop
  endfacet
  facet normal 1 -0 0
    outer loop
      vertex 45 37.6918 80.506
      vertex 45 38.1496 29.2402
      vertex 45 38.296 80.8548
    endloop
  endfacet
  facet normal 1 0 0
    outer loop
      vertex 45 37.6918 80.506
      vertex 45 37.5337 29.5677
      vertex 45 38.1496 29.2402
    endloop
  endfacet
  facet normal 1 -0 0
    outer loop
      vertex 45 37.0451 80.2447
      vertex 45 37.5337 29.5677
      vertex 45 37.6918 80.506
    endloop
  endfacet
  facet normal 1 0 0
    outer loop
      vertex 45 37.0451 80.2447
      vertex 45 36.8782 29.8063
      vertex 45 37.5337 29.5677
    endloop
  endfacet
  facet normal 1 -0 0
    outer loop
      vertex 45 36.3682 80.076
      vertex 45 36.8782 29.8063
      vertex 45 37.0451 80.2447
    endloop
  endfacet
  facet normal 1 0 0
    outer loop
      vertex 45 36.3682 80.076
      vertex 45 36.1959 29.9513
      vertex 45 36.8782 29.8063
    endloop
  endfacet
  facet normal 1 -0 0
    outer loop
      vertex 45 35.5 80
      vertex 45 36.1959 29.9513
      vertex 45 36.3682 80.076
    endloop
  endfacet
  facet normal 1 0 0
    outer loop
      vertex 45 35.5 80
      vertex 45 35.5 30
      vertex 45 36.1959 29.9513
    endloop
  endfacet
  facet normal 1 -0 0
    outer loop
      vertex 45 18 35.087
      vertex 45 35.5 30
      vertex 45 35.5 80
    endloop
  endfacet
  facet normal 1 0 0
    outer loop
      vertex 45 18 74.8909
      vertex 45 35.5 80
      vertex 45 23.087 80
    endloop
  endfacet
  facet normal 1 0 0
    outer loop
      vertex 45 18 74.8909
      vertex 45 23.087 80
      vertex 45 22.9132 79.9939
    endloop
  endfacet
  facet normal 1 0 0
    outer loop
      vertex 45 18 35.087
      vertex 45 35.5 80
      vertex 45 18 74.8909
    endloop
  endfacet
  facet normal 1 0 0
    outer loop
      vertex 45 18.0095 75.1087
      vertex 45 22.9132 79.9939
      vertex 45 22.4782 79.9635
    endloop
  endfacet
  facet normal 1 0 0
    outer loop
      vertex 45 35.5 30
      vertex 45 18 35.087
      vertex 45 23.1091 30
    endloop
  endfacet
  facet normal 1 0 0
    outer loop
      vertex 45 18.0095 75.1087
      vertex 45 22.4782 79.9635
      vertex 45 22.1334 79.9151
    endloop
  endfacet
  facet normal 1 0 0
    outer loop
      vertex 45 23.1091 30
      vertex 45 18 35.087
      vertex 45 22.8913 30.0095
    endloop
  endfacet
  facet normal 1 0 0
    outer loop
      vertex 45 18.0095 75.1087
      vertex 45 22.1334 79.9151
      vertex 45 21.7927 79.8426
    endloop
  endfacet
  facet normal 1 -0 -0
    outer loop
      vertex 45 18.0061 34.9132
      vertex 45 22.8913 30.0095
      vertex 45 18 35.087
    endloop
  endfacet
  facet normal 1 0 0
    outer loop
      vertex 45 18.0095 75.1087
      vertex 45 21.7927 79.8426
      vertex 45 21.4576 79.7466
    endloop
  endfacet
  facet normal 1 0 0
    outer loop
      vertex 45 22.8913 30.0095
      vertex 45 18.0061 34.9132
      vertex 45 22.3275 30.0588
    endloop
  endfacet
  facet normal 1 0 0
    outer loop
      vertex 45 18.0095 75.1087
      vertex 45 21.4576 79.7466
      vertex 45 21.1305 79.6275
    endloop
  endfacet
  facet normal 1 0 0
    outer loop
      vertex 45 22.3275 30.0588
      vertex 45 18.0061 34.9132
      vertex 45 21.9412 30.1235
    endloop
  endfacet
  facet normal 1 0 0
    outer loop
      vertex 45 18.0095 75.1087
      vertex 45 21.1305 79.6275
      vertex 45 20.8122 79.4858
    endloop
  endfacet
  facet normal 1 0 0
    outer loop
      vertex 45 21.9412 30.1235
      vertex 45 18.0061 34.9132
      vertex 45 21.6244 30.2025
    endloop
  endfacet
  facet normal 1 0 0
    outer loop
      vertex 45 18.0095 75.1087
      vertex 45 20.8122 79.4858
      vertex 45 20.5044 79.3221
    endloop
  endfacet
  facet normal 1 0 0
    outer loop
      vertex 45 21.6244 30.2025
      vertex 45 18.0061 34.9132
      vertex 45 21.293 30.3101
    endloop
  endfacet
  facet normal 1 0 0
    outer loop
      vertex 45 18.0095 75.1087
      vertex 45 20.5044 79.3221
      vertex 45 20.2092 79.1376
    endloop
  endfacet
  facet normal 1 0 0
    outer loop
      vertex 45 21.293 30.3101
      vertex 45 18.0061 34.9132
      vertex 45 20.9701 30.4406
    endloop
  endfacet
  facet normal 1 0 0
    outer loop
      vertex 45 18.0095 75.1087
      vertex 45 20.2092 79.1376
      vertex 45 19.9274 78.9329
    endloop
  endfacet
  facet normal 1 0 0
    outer loop
      vertex 45 20.9701 30.4406
      vertex 45 18.0061 34.9132
      vertex 45 20.6569 30.5933
    endloop
  endfacet
  facet normal 1 0 0
    outer loop
      vertex 45 18.0095 75.1087
      vertex 45 19.9274 78.9329
      vertex 45 19.6604 78.7089
    endloop
  endfacet
  facet normal 1 0 0
    outer loop
      vertex 45 20.6569 30.5933
      vertex 45 18.0061 34.9132
      vertex 45 20.3552 30.7676
    endloop
  endfacet
  facet normal 1 0 0
    outer loop
      vertex 45 18.0095 75.1087
      vertex 45 19.6604 78.7089
      vertex 45 19.4099 78.4669
    endloop
  endfacet
  facet normal 1 0 0
    outer loop
      vertex 45 20.3552 30.7676
      vertex 45 18.0061 34.9132
      vertex 45 20.0665 30.9623
    endloop
  endfacet
  facet normal 1 0 0
    outer loop
      vertex 45 18.0095 75.1087
      vertex 45 19.4099 78.4669
      vertex 45 19.1767 78.208
    endloop
  endfacet
  facet normal 1 0 0
    outer loop
      vertex 45 20.0665 30.9623
      vertex 45 18.0061 34.9132
      vertex 45 19.792 31.1767
    endloop
  endfacet
  facet normal 1 0 0
    outer loop
      vertex 45 18.0588 75.6725
      vertex 45 19.1767 78.208
      vertex 45 18.9623 77.9335
    endloop
  endfacet
  facet normal 1 0 0
    outer loop
      vertex 45 19.792 31.1767
      vertex 45 18.0061 34.9132
      vertex 45 19.5331 31.4099
    endloop
  endfacet
  facet normal 1 0 0
    outer loop
      vertex 45 18.0588 75.6725
      vertex 45 18.9623 77.9335
      vertex 45 18.7676 77.6448
    endloop
  endfacet
  facet normal 1 0 0
    outer loop
      vertex 45 19.5331 31.4099
      vertex 45 18.0061 34.9132
      vertex 45 19.2911 31.6604
    endloop
  endfacet
  facet normal 1 0 0
    outer loop
      vertex 45 18.0588 75.6725
      vertex 45 18.7676 77.6448
      vertex 45 18.5933 77.3431
    endloop
  endfacet
  facet normal 1 0 0
    outer loop
      vertex 45 19.2911 31.6604
      vertex 45 18.0061 34.9132
      vertex 45 19.0671 31.9274
    endloop
  endfacet
  facet normal 1 0 0
    outer loop
      vertex 45 18.0588 75.6725
      vertex 45 18.5933 77.3431
      vertex 45 18.4406 77.0299
    endloop
  endfacet
  facet normal 1 0 0
    outer loop
      vertex 45 19.0671 31.9274
      vertex 45 18.0061 34.9132
      vertex 45 18.8624 32.2092
    endloop
  endfacet
  facet normal 1 0 0
    outer loop
      vertex 45 18.0588 75.6725
      vertex 45 18.4406 77.0299
      vertex 45 18.3101 76.707
    endloop
  endfacet
  facet normal 1 0 0
    outer loop
      vertex 45 18.8624 32.2092
      vertex 45 18.0061 34.9132
      vertex 45 18.6779 32.5044
    endloop
  endfacet
  facet normal 1 0 0
    outer loop
      vertex 45 18.0588 75.6725
      vertex 45 18.3101 76.707
      vertex 45 18.2025 76.3756
    endloop
  endfacet
  facet normal 1 0 0
    outer loop
      vertex 45 18.6779 32.5044
      vertex 45 18.0061 34.9132
      vertex 45 18.5142 32.8122
    endloop
  endfacet
  facet normal 1 0 0
    outer loop
      vertex 45 18.0588 75.6725
      vertex 45 18.2025 76.3756
      vertex 45 18.1235 76.0588
    endloop
  endfacet
  facet normal 1 0 0
    outer loop
      vertex 45 18.5142 32.8122
      vertex 45 18.0061 34.9132
      vertex 45 18.3725 33.1305
    endloop
  endfacet
  facet normal 1 0 0
    outer loop
      vertex 45 19.1767 78.208
      vertex 45 18.0588 75.6725
      vertex 45 18.0095 75.1087
    endloop
  endfacet
  facet normal 1 0 0
    outer loop
      vertex 45 18.3725 33.1305
      vertex 45 18.0061 34.9132
      vertex 45 18.2534 33.4576
    endloop
  endfacet
  facet normal 1 0 0
    outer loop
      vertex 45 22.9132 79.9939
      vertex 45 18.0095 75.1087
      vertex 45 18 74.8909
    endloop
  endfacet
  facet normal 1 0 0
    outer loop
      vertex 45 18.2534 33.4576
      vertex 45 18.0061 34.9132
      vertex 45 18.1574 33.7927
    endloop
  endfacet
  facet normal 1 0 0
    outer loop
      vertex 45 18.1574 33.7927
      vertex 45 18.0061 34.9132
      vertex 45 18.0849 34.1334
    endloop
  endfacet
  facet normal 1 0 0
    outer loop
      vertex 45 18.0849 34.1334
      vertex 45 18.0061 34.9132
      vertex 45 18.0365 34.4782
    endloop
  endfacet
  facet normal 1 0 0
    outer loop
      vertex 45 40.5 85
      vertex 45 45 110
      vertex 45 40.5 100
    endloop
  endfacet
  facet normal 1 0 0
    outer loop
      vertex 45 45 110
      vertex 45 40.424 100.868
      vertex 45 40.5 100
    endloop
  endfacet
  facet normal 1 0 0
    outer loop
      vertex 45 45 110
      vertex 45 40.2553 101.545
      vertex 45 40.424 100.868
    endloop
  endfacet
  facet normal 1 0 0
    outer loop
      vertex 45 45 110
      vertex 45 39.994 102.192
      vertex 45 40.2553 101.545
    endloop
  endfacet
  facet normal 1 0 0
    outer loop
      vertex 45 45 110
      vertex 45 39.6452 102.796
      vertex 45 39.994 102.192
    endloop
  endfacet
  facet normal 1 0 0
    outer loop
      vertex 45 45 110
      vertex 45 39.2157 103.346
      vertex 45 39.6452 102.796
    endloop
  endfacet
  facet normal 1 0 0
    outer loop
      vertex 45 45 110
      vertex 45 38.7139 103.83
      vertex 45 39.2157 103.346
    endloop
  endfacet
  facet normal 1 0 0
    outer loop
      vertex 45 45 110
      vertex 45 38.1496 104.24
      vertex 45 38.7139 103.83
    endloop
  endfacet
  facet normal 1 0 0
    outer loop
      vertex 45 45 110
      vertex 45 37.5337 104.568
      vertex 45 38.1496 104.24
    endloop
  endfacet
  facet normal 1 0 0
    outer loop
      vertex 45 45 110
      vertex 45 36.8782 104.806
      vertex 45 37.5337 104.568
    endloop
  endfacet
  facet normal 1 0 0
    outer loop
      vertex 45 45 110
      vertex 45 36.1959 104.951
      vertex 45 36.8782 104.806
    endloop
  endfacet
  facet normal 1 0 0
    outer loop
      vertex 45 45 110
      vertex 45 35.5 105
      vertex 45 36.1959 104.951
    endloop
  endfacet
  facet normal 1 0 0
    outer loop
      vertex 45 45 110
      vertex 45 -35.5 105
      vertex 45 35.5 105
    endloop
  endfacet
  facet normal 1 0 0
    outer loop
      vertex 45 -45 110
      vertex 45 -40.5 85
      vertex 45 -40.5 100
    endloop
  endfacet
  facet normal 1 0 0
    outer loop
      vertex 45 -40.5 85
      vertex 45 -45 110
      vertex 45 -40.5 25
    endloop
  endfacet
  facet normal 1 0 0
    outer loop
      vertex 45 -45 0
      vertex 45 -40.5 25
      vertex 45 -45 110
    endloop
  endfacet
  facet normal 1 0 0
    outer loop
      vertex 45 -40.4513 100.696
      vertex 45 -45 110
      vertex 45 -40.5 100
    endloop
  endfacet
  facet normal 1 0 0
    outer loop
      vertex 45 -40.3063 101.378
      vertex 45 -45 110
      vertex 45 -40.4513 100.696
    endloop
  endfacet
  facet normal 1 0 0
    outer loop
      vertex 45 -40.0677 102.034
      vertex 45 -45 110
      vertex 45 -40.3063 101.378
    endloop
  endfacet
  facet normal 1 0 0
    outer loop
      vertex 45 -39.7402 102.65
      vertex 45 -45 110
      vertex 45 -40.0677 102.034
    endloop
  endfacet
  facet normal 1 0 0
    outer loop
      vertex 45 -39.3302 103.214
      vertex 45 -45 110
      vertex 45 -39.7402 102.65
    endloop
  endfacet
  facet normal 1 0 0
    outer loop
      vertex 45 -38.8457 103.716
      vertex 45 -45 110
      vertex 45 -39.3302 103.214
    endloop
  endfacet
  facet normal 1 0 0
    outer loop
      vertex 45 -38.296 104.145
      vertex 45 -45 110
      vertex 45 -38.8457 103.716
    endloop
  endfacet
  facet normal 1 0 0
    outer loop
      vertex 45 -37.6918 104.494
      vertex 45 -45 110
      vertex 45 -38.296 104.145
    endloop
  endfacet
  facet normal 1 0 0
    outer loop
      vertex 45 -37.0451 104.755
      vertex 45 -45 110
      vertex 45 -37.6918 104.494
    endloop
  endfacet
  facet normal 1 0 0
    outer loop
      vertex 45 -36.3682 104.924
      vertex 45 -45 110
      vertex 45 -37.0451 104.755
    endloop
  endfacet
  facet normal 1 0 0
    outer loop
      vertex 45 -35.5 105
      vertex 45 -45 110
      vertex 45 -36.3682 104.924
    endloop
  endfacet
  facet normal 1 -0 0
    outer loop
      vertex 45 -45 110
      vertex 45 -35.5 105
      vertex 45 45 110
    endloop
  endfacet
  facet normal 1 0 0
    outer loop
      vertex 45 40.4513 84.3041
      vertex 45 45 110
      vertex 45 40.5 85
    endloop
  endfacet
  facet normal 1 0 0
    outer loop
      vertex 45 45 110
      vertex 45 40.4513 84.3041
      vertex 45 45 0
    endloop
  endfacet
  facet normal 1 -0 0
    outer loop
      vertex 45 40.5 10
      vertex 45 45 0
      vertex 45 40.5 25
    endloop
  endfacet
  facet normal 1 -0 0
    outer loop
      vertex 45 40.4513 9.30414
      vertex 45 45 0
      vertex 45 40.5 10
    endloop
  endfacet
  facet normal 1 -0 0
    outer loop
      vertex 45 40.3063 8.62181
      vertex 45 45 0
      vertex 45 40.4513 9.30414
    endloop
  endfacet
  facet normal 1 -0 0
    outer loop
      vertex 45 40.0677 7.96632
      vertex 45 45 0
      vertex 45 40.3063 8.62181
    endloop
  endfacet
  facet normal 1 -0 0
    outer loop
      vertex 45 39.7402 7.3504
      vertex 45 45 0
      vertex 45 40.0677 7.96632
    endloop
  endfacet
  facet normal 1 -0 0
    outer loop
      vertex 45 39.3302 6.78606
      vertex 45 45 0
      vertex 45 39.7402 7.3504
    endloop
  endfacet
  facet normal 1 -0 0
    outer loop
      vertex 45 38.8457 6.28427
      vertex 45 45 0
      vertex 45 39.3302 6.78606
    endloop
  endfacet
  facet normal 1 -0 0
    outer loop
      vertex 45 38.296 5.85481
      vertex 45 45 0
      vertex 45 38.8457 6.28427
    endloop
  endfacet
  facet normal 1 -0 0
    outer loop
      vertex 45 37.6918 5.50603
      vertex 45 45 0
      vertex 45 38.296 5.85481
    endloop
  endfacet
  facet normal 1 -0 0
    outer loop
      vertex 45 37.0451 5.24472
      vertex 45 45 0
      vertex 45 37.6918 5.50603
    endloop
  endfacet
  facet normal 1 -0 0
    outer loop
      vertex 45 36.3682 5.07596
      vertex 45 45 0
      vertex 45 37.0451 5.24472
    endloop
  endfacet
  facet normal 1 -0 0
    outer loop
      vertex 45 35.5 5
      vertex 45 45 0
      vertex 45 36.3682 5.07596
    endloop
  endfacet
  facet normal 1 -0 0
    outer loop
      vertex 45 -35.5 5
      vertex 45 45 0
      vertex 45 35.5 5
    endloop
  endfacet
  facet normal 1 0 0
    outer loop
      vertex 45 -35.5 5
      vertex 45 -45 0
      vertex 45 45 0
    endloop
  endfacet
  facet normal 1 0 0
    outer loop
      vertex 45 -36.1959 5.04866
      vertex 45 -45 0
      vertex 45 -35.5 5
    endloop
  endfacet
  facet normal 1 0 0
    outer loop
      vertex 45 -36.8782 5.1937
      vertex 45 -45 0
      vertex 45 -36.1959 5.04866
    endloop
  endfacet
  facet normal 1 0 0
    outer loop
      vertex 45 -37.5337 5.43227
      vertex 45 -45 0
      vertex 45 -36.8782 5.1937
    endloop
  endfacet
  facet normal 1 0 0
    outer loop
      vertex 45 -38.1496 5.75977
      vertex 45 -45 0
      vertex 45 -37.5337 5.43227
    endloop
  endfacet
  facet normal 1 0 0
    outer loop
      vertex 45 -38.7139 6.16978
      vertex 45 -45 0
      vertex 45 -38.1496 5.75977
    endloop
  endfacet
  facet normal 1 0 0
    outer loop
      vertex 45 -39.2157 6.65434
      vertex 45 -45 0
      vertex 45 -38.7139 6.16978
    endloop
  endfacet
  facet normal 1 0 0
    outer loop
      vertex 45 -39.6452 7.20404
      vertex 45 -45 0
      vertex 45 -39.2157 6.65434
    endloop
  endfacet
  facet normal 1 0 0
    outer loop
      vertex 45 -39.994 7.80815
      vertex 45 -45 0
      vertex 45 -39.6452 7.20404
    endloop
  endfacet
  facet normal 1 0 0
    outer loop
      vertex 45 -40.2553 8.45491
      vertex 45 -45 0
      vertex 45 -39.994 7.80815
    endloop
  endfacet
  facet normal 1 0 0
    outer loop
      vertex 45 -40.424 9.13176
      vertex 45 -45 0
      vertex 45 -40.2553 8.45491
    endloop
  endfacet
  facet normal 1 0 0
    outer loop
      vertex 45 -40.5 10
      vertex 45 -45 0
      vertex 45 -40.424 9.13176
    endloop
  endfacet
  facet normal 1 0 0
    outer loop
      vertex 45 -40.5 25
      vertex 45 -45 0
      vertex 45 -40.5 10
    endloop
  endfacet
  facet normal 1 0 0
    outer loop
      vertex 45 -23.1091 80
      vertex 45 -18 74.913
      vertex 45 -18.0061 75.0868
    endloop
  endfacet
  facet normal 1 0 0
    outer loop
      vertex 45 -18 74.913
      vertex 45 -35.5 80
      vertex 45 -18 35.1091
    endloop
  endfacet
  facet normal 1 0 0
    outer loop
      vertex 45 -22.8913 79.9905
      vertex 45 -18.0061 75.0868
      vertex 45 -18.0365 75.5218
    endloop
  endfacet
  facet normal 1 0 0
    outer loop
      vertex 45 -35.5 30
      vertex 45 -18 35.1091
      vertex 45 -35.5 80
    endloop
  endfacet
  facet normal 1 0 0
    outer loop
      vertex 45 -22.8913 79.9905
      vertex 45 -18.0365 75.5218
      vertex 45 -18.0849 75.8666
    endloop
  endfacet
  facet normal 1 0 -0
    outer loop
      vertex 45 -23.087 30
      vertex 45 -18 35.1091
      vertex 45 -35.5 30
    endloop
  endfacet
  facet normal 1 0 0
    outer loop
      vertex 45 -22.8913 79.9905
      vertex 45 -18.0849 75.8666
      vertex 45 -18.1574 76.2073
    endloop
  endfacet
  facet normal 1 0 0
    outer loop
      vertex 45 -18 35.1091
      vertex 45 -23.087 30
      vertex 45 -18.0095 34.8913
    endloop
  endfacet
  facet normal 1 0 0
    outer loop
      vertex 45 -22.8913 79.9905
      vertex 45 -18.1574 76.2073
      vertex 45 -18.2534 76.5424
    endloop
  endfacet
  facet normal 1 0 -0
    outer loop
      vertex 45 -22.9132 30.0061
      vertex 45 -18.0095 34.8913
      vertex 45 -23.087 30
    endloop
  endfacet
  facet normal 1 0 0
    outer loop
      vertex 45 -22.8913 79.9905
      vertex 45 -18.2534 76.5424
      vertex 45 -18.3725 76.8695
    endloop
  endfacet
  facet normal 1 0 0
    outer loop
      vertex 45 -18.0095 34.8913
      vertex 45 -22.9132 30.0061
      vertex 45 -18.0588 34.3275
    endloop
  endfacet
  facet normal 1 0 0
    outer loop
      vertex 45 -22.8913 79.9905
      vertex 45 -18.3725 76.8695
      vertex 45 -18.5142 77.1878
    endloop
  endfacet
  facet normal 1 0 0
    outer loop
      vertex 45 -18.0588 34.3275
      vertex 45 -22.9132 30.0061
      vertex 45 -18.1235 33.9412
    endloop
  endfacet
  facet normal 1 0 0
    outer loop
      vertex 45 -22.8913 79.9905
      vertex 45 -18.5142 77.1878
      vertex 45 -18.6779 77.4956
    endloop
  endfacet
  facet normal 1 0 0
    outer loop
      vertex 45 -18.1235 33.9412
      vertex 45 -22.9132 30.0061
      vertex 45 -18.2025 33.6244
    endloop
  endfacet
  facet normal 1 0 0
    outer loop
      vertex 45 -22.8913 79.9905
      vertex 45 -18.6779 77.4956
      vertex 45 -18.8624 77.7908
    endloop
  endfacet
  facet normal 1 0 0
    outer loop
      vertex 45 -18.2025 33.6244
      vertex 45 -22.9132 30.0061
      vertex 45 -18.3101 33.293
    endloop
  endfacet
  facet normal 1 0 0
    outer loop
      vertex 45 -22.8913 79.9905
      vertex 45 -18.8624 77.7908
      vertex 45 -19.0671 78.0726
    endloop
  endfacet
  facet normal 1 0 0
    outer loop
      vertex 45 -18.3101 33.293
      vertex 45 -22.9132 30.0061
      vertex 45 -18.4406 32.9701
    endloop
  endfacet
  facet normal 1 0 0
    outer loop
      vertex 45 -22.8913 79.9905
      vertex 45 -19.0671 78.0726
      vertex 45 -19.2911 78.3396
    endloop
  endfacet
  facet normal 1 0 0
    outer loop
      vertex 45 -18.4406 32.9701
      vertex 45 -22.9132 30.0061
      vertex 45 -18.5933 32.6569
    endloop
  endfacet
  facet normal 1 0 0
    outer loop
      vertex 45 -22.8913 79.9905
      vertex 45 -19.2911 78.3396
      vertex 45 -19.5331 78.5901
    endloop
  endfacet
  facet normal 1 0 0
    outer loop
      vertex 45 -18.5933 32.6569
      vertex 45 -22.9132 30.0061
      vertex 45 -18.7676 32.3552
    endloop
  endfacet
  facet normal 1 0 0
    outer loop
      vertex 45 -22.8913 79.9905
      vertex 45 -19.5331 78.5901
      vertex 45 -19.792 78.8233
    endloop
  endfacet
  facet normal 1 0 0
    outer loop
      vertex 45 -18.7676 32.3552
      vertex 45 -22.9132 30.0061
      vertex 45 -18.9623 32.0665
    endloop
  endfacet
  facet normal 1 0 0
    outer loop
      vertex 45 -22.3275 79.9412
      vertex 45 -19.792 78.8233
      vertex 45 -20.0665 79.0377
    endloop
  endfacet
  facet normal 1 0 0
    outer loop
      vertex 45 -18 74.913
      vertex 45 -23.1091 80
      vertex 45 -35.5 80
    endloop
  endfacet
  facet normal 1 0 0
    outer loop
      vertex 45 -22.3275 79.9412
      vertex 45 -20.0665 79.0377
      vertex 45 -20.3552 79.2324
    endloop
  endfacet
  facet normal 1 0 0
    outer loop
      vertex 45 -18.9623 32.0665
      vertex 45 -22.9132 30.0061
      vertex 45 -19.1767 31.792
    endloop
  endfacet
  facet normal 1 0 0
    outer loop
      vertex 45 -22.3275 79.9412
      vertex 45 -20.3552 79.2324
      vertex 45 -20.6569 79.4067
    endloop
  endfacet
  facet normal 1 0 0
    outer loop
      vertex 45 -19.6604 31.2911
      vertex 45 -22.9132 30.0061
      vertex 45 -19.9274 31.0671
    endloop
  endfacet
  facet normal 1 0 0
    outer loop
      vertex 45 -22.3275 79.9412
      vertex 45 -20.6569 79.4067
      vertex 45 -20.9701 79.5594
    endloop
  endfacet
  facet normal 1 0 0
    outer loop
      vertex 45 -19.9274 31.0671
      vertex 45 -22.9132 30.0061
      vertex 45 -20.2092 30.8624
    endloop
  endfacet
  facet normal 1 0 0
    outer loop
      vertex 45 -22.3275 79.9412
      vertex 45 -20.9701 79.5594
      vertex 45 -21.293 79.6899
    endloop
  endfacet
  facet normal 1 0 0
    outer loop
      vertex 45 -20.2092 30.8624
      vertex 45 -22.9132 30.0061
      vertex 45 -20.5044 30.6779
    endloop
  endfacet
  facet normal 1 0 0
    outer loop
      vertex 45 -22.3275 79.9412
      vertex 45 -21.293 79.6899
      vertex 45 -21.6244 79.7975
    endloop
  endfacet
  facet normal 1 0 0
    outer loop
      vertex 45 -20.5044 30.6779
      vertex 45 -22.9132 30.0061
      vertex 45 -20.8122 30.5142
    endloop
  endfacet
  facet normal 1 0 0
    outer loop
      vertex 45 -22.3275 79.9412
      vertex 45 -21.6244 79.7975
      vertex 45 -21.9412 79.8765
    endloop
  endfacet
  facet normal 1 0 0
    outer loop
      vertex 45 -20.8122 30.5142
      vertex 45 -22.9132 30.0061
      vertex 45 -21.1305 30.3725
    endloop
  endfacet
  facet normal 1 0 0
    outer loop
      vertex 45 -19.792 78.8233
      vertex 45 -22.3275 79.9412
      vertex 45 -22.8913 79.9905
    endloop
  endfacet
  facet normal 1 0 0
    outer loop
      vertex 45 -21.4576 30.2534
      vertex 45 -22.9132 30.0061
      vertex 45 -21.7927 30.1574
    endloop
  endfacet
  facet normal 1 0 0
    outer loop
      vertex 45 -18.0061 75.0868
      vertex 45 -22.8913 79.9905
      vertex 45 -23.1091 80
    endloop
  endfacet
  facet normal 1 0 0
    outer loop
      vertex 45 -21.7927 30.1574
      vertex 45 -22.9132 30.0061
      vertex 45 -22.1334 30.0849
    endloop
  endfacet
  facet normal 1 0 0
    outer loop
      vertex 45 -22.1334 30.0849
      vertex 45 -22.9132 30.0061
      vertex 45 -22.4782 30.0365
    endloop
  endfacet
  facet normal 1 0 0
    outer loop
      vertex 45 -21.1305 30.3725
      vertex 45 -22.9132 30.0061
      vertex 45 -21.4576 30.2534
    endloop
  endfacet
  facet normal 1 0 0
    outer loop
      vertex 45 -19.1767 31.792
      vertex 45 -22.9132 30.0061
      vertex 45 -19.4099 31.5331
    endloop
  endfacet
  facet normal 1 0 0
    outer loop
      vertex 45 -19.4099 31.5331
      vertex 45 -22.9132 30.0061
      vertex 45 -19.6604 31.2911
    endloop
  endfacet
  facet normal 1 0 0
    outer loop
      vertex 45 -36.1959 80.0487
      vertex 45 -35.5 30
      vertex 45 -35.5 80
    endloop
  endfacet
  facet normal 1 0 0
    outer loop
      vertex 45 -36.1959 80.0487
      vertex 45 -36.3682 29.924
      vertex 45 -35.5 30
    endloop
  endfacet
  facet normal 1 0 0
    outer loop
      vertex 45 -36.8782 80.1937
      vertex 45 -36.3682 29.924
      vertex 45 -36.1959 80.0487
    endloop
  endfacet
  facet normal 1 0 0
    outer loop
      vertex 45 -36.8782 80.1937
      vertex 45 -37.0451 29.7553
      vertex 45 -36.3682 29.924
    endloop
  endfacet
  facet normal 1 0 0
    outer loop
      vertex 45 -37.5337 80.4323
      vertex 45 -37.0451 29.7553
      vertex 45 -36.8782 80.1937
    endloop
  endfacet
  facet normal 1 0 0
    outer loop
      vertex 45 -37.5337 80.4323
      vertex 45 -37.6918 29.494
      vertex 45 -37.0451 29.7553
    endloop
  endfacet
  facet normal 1 0 0
    outer loop
      vertex 45 -38.1496 80.7598
      vertex 45 -37.6918 29.494
      vertex 45 -37.5337 80.4323
    endloop
  endfacet
  facet normal 1 0 0
    outer loop
      vertex 45 -38.1496 80.7598
      vertex 45 -38.296 29.1452
      vertex 45 -37.6918 29.494
    endloop
  endfacet
  facet normal 1 0 0
    outer loop
      vertex 45 -38.7139 81.1698
      vertex 45 -38.296 29.1452
      vertex 45 -38.1496 80.7598
    endloop
  endfacet
  facet normal 1 0 0
    outer loop
      vertex 45 -38.7139 81.1698
      vertex 45 -38.8457 28.7157
      vertex 45 -38.296 29.1452
    endloop
  endfacet
  facet normal 1 0 0
    outer loop
      vertex 45 -39.2157 81.6543
      vertex 45 -38.8457 28.7157
      vertex 45 -38.7139 81.1698
    endloop
  endfacet
  facet normal 1 0 0
    outer loop
      vertex 45 -39.2157 81.6543
      vertex 45 -39.3302 28.2139
      vertex 45 -38.8457 28.7157
    endloop
  endfacet
  facet normal 1 0 0
    outer loop
      vertex 45 -39.6452 82.204
      vertex 45 -39.3302 28.2139
      vertex 45 -39.2157 81.6543
    endloop
  endfacet
  facet normal 1 0 0
    outer loop
      vertex 45 -39.6452 82.204
      vertex 45 -39.7402 27.6496
      vertex 45 -39.3302 28.2139
    endloop
  endfacet
  facet normal 1 0 0
    outer loop
      vertex 45 -39.994 82.8082
      vertex 45 -39.7402 27.6496
      vertex 45 -39.6452 82.204
    endloop
  endfacet
  facet normal 1 0 0
    outer loop
      vertex 45 -39.994 82.8082
      vertex 45 -40.0677 27.0337
      vertex 45 -39.7402 27.6496
    endloop
  endfacet
  facet normal 1 0 0
    outer loop
      vertex 45 -40.2553 83.4549
      vertex 45 -40.0677 27.0337
      vertex 45 -39.994 82.8082
    endloop
  endfacet
  facet normal 1 0 0
    outer loop
      vertex 45 -40.2553 83.4549
      vertex 45 -40.3063 26.3782
      vertex 45 -40.0677 27.0337
    endloop
  endfacet
  facet normal 1 0 0
    outer loop
      vertex 45 -40.424 84.1318
      vertex 45 -40.3063 26.3782
      vertex 45 -40.2553 83.4549
    endloop
  endfacet
  facet normal 1 0 0
    outer loop
      vertex 45 -40.424 84.1318
      vertex 45 -40.4513 25.6959
      vertex 45 -40.3063 26.3782
    endloop
  endfacet
  facet normal 1 0 0
    outer loop
      vertex 45 -40.5 85
      vertex 45 -40.4513 25.6959
      vertex 45 -40.424 84.1318
    endloop
  endfacet
  facet normal 1 0 0
    outer loop
      vertex 45 -40.4513 25.6959
      vertex 45 -40.5 85
      vertex 45 -40.5 25
    endloop
  endfacet
  facet normal 0 0 -1
    outer loop
      vertex -45 -45 0
      vertex 45 45 0
      vertex 45 -45 0
    endloop
  endfacet
  facet normal -0 0 -1
    outer loop
      vertex 45 45 0
      vertex -45 -45 0
      vertex -45 45 0
    endloop
  endfacet
  facet normal 0 -1 0
    outer loop
      vertex -45 -45 0
      vertex 45 -45 110
      vertex -45 -45 110
    endloop
  endfacet
  facet normal 0 -1 -0
    outer loop
      vertex 45 -45 110
      vertex -45 -45 0
      vertex 45 -45 0
    endloop
  endfacet
  facet normal 0 1 0
    outer loop
      vertex 45 45 110
      vertex 0 45 102
      vertex -45 45 110
    endloop
  endfacet
  facet normal 0 1 0
    outer loop
      vertex 45 45 110
      vertex 22 45 74
      vertex 0 45 102
    endloop
  endfacet
  facet normal 0 1 0
    outer loop
      vertex 22 45 74
      vertex 0 45 64
      vertex -22 45 74
    endloop
  endfacet
  facet normal 0 1 0
    outer loop
      vertex 22 45 74
      vertex 22 45 36
      vertex 0 45 64
    endloop
  endfacet
  facet normal 0 1 0
    outer loop
      vertex 45 45 110
      vertex 22 45 36
      vertex 22 45 74
    endloop
  endfacet
  facet normal 0 1 0
    outer loop
      vertex 22 45 36
      vertex 45 45 0
      vertex -22 45 36
    endloop
  endfacet
  facet normal 0 1 -0
    outer loop
      vertex 45 45 0
      vertex 22 45 36
      vertex 45 45 110
    endloop
  endfacet
  facet normal 0 1 -0
    outer loop
      vertex -22 45 74
      vertex -45 45 110
      vertex 0 45 102
    endloop
  endfacet
  facet normal 0 1 0
    outer loop
      vertex -22 45 36
      vertex -22 45 74
      vertex 0 45 64
    endloop
  endfacet
  facet normal 0 1 -0
    outer loop
      vertex -22 45 36
      vertex -45 45 110
      vertex -22 45 74
    endloop
  endfacet
  facet normal 0 1 0
    outer loop
      vertex -22 45 36
      vertex -45 45 0
      vertex -45 45 110
    endloop
  endfacet
  facet normal 0 1 0
    outer loop
      vertex -45 45 0
      vertex -22 45 36
      vertex 45 45 0
    endloop
  endfacet
  facet normal 0 1 0
    outer loop
      vertex 22 45.4 36
      vertex -22 45.4 36
      vertex 0 45.4 64
    endloop
  endfacet
  facet normal 0 0 -1
    outer loop
      vertex -22 45 36
      vertex 22 45.4 36
      vertex 22 45 36
    endloop
  endfacet
  facet normal -0 0 -1
    outer loop
      vertex 22 45.4 36
      vertex -22 45 36
      vertex -22 45.4 36
    endloop
  endfacet
  facet normal 0.786318 -0 0.617822
    outer loop
      vertex 0 45 64
      vertex 22 45.4 36
      vertex 0 45.4 64
    endloop
  endfacet
  facet normal 0.786318 0 0.617822
    outer loop
      vertex 22 45.4 36
      vertex 0 45 64
      vertex 22 45 36
    endloop
  endfacet
  facet normal -0.786318 0 0.617822
    outer loop
      vertex -22 45 36
      vertex 0 45.4 64
      vertex -22 45.4 36
    endloop
  endfacet
  facet normal -0.786318 0 0.617822
    outer loop
      vertex 0 45.4 64
      vertex -22 45 36
      vertex 0 45 64
    endloop
  endfacet
  facet normal 0 1 0
    outer loop
      vertex 22 45.4 74
      vertex -22 45.4 74
      vertex 0 45.4 102
    endloop
  endfacet
  facet normal 0 0 -1
    outer loop
      vertex -22 45 74
      vertex 22 45.4 74
      vertex 22 45 74
    endloop
  endfacet
  facet normal -0 0 -1
    outer loop
      vertex 22 45.4 74
      vertex -22 45 74
      vertex -22 45.4 74
    endloop
  endfacet
  facet normal 0.786318 -0 0.617822
    outer loop
      vertex 0 45 102
      vertex 22 45.4 74
      vertex 0 45.4 102
    endloop
  endfacet
  facet normal 0.786318 0 0.617822
    outer loop
      vertex 22 45.4 74
      vertex 0 45 102
      vertex 22 45 74
    endloop
  endfacet
  facet normal -0.786318 0 0.617822
    outer loop
      vertex -22 45 74
      vertex 0 45.4 102
      vertex -22 45.4 74
    endloop
  endfacet
  facet normal -0.786318 0 0.617822
    outer loop
      vertex 0 45.4 102
      vertex -22 45 74
      vertex 0 45 102
    endloop
  endfacet
  facet normal -0.542634 0.543439 0.640487
    outer loop
      vertex 0 35 110
      vertex -0.430654 3.43305 136.419
      vertex 0 3.6521 136.598
    endloop
  endfacet
  facet normal -0.543216 0.543202 0.640194
    outer loop
      vertex 0 35 110
      vertex -1.62989 2.82306 135.919
      vertex -0.430654 3.43305 136.419
    endloop
  endfacet
  facet normal -0.543206 0.543206 0.640199
    outer loop
      vertex 0 35 110
      vertex -2.82306 1.62989 135.919
      vertex -1.62989 2.82306 135.919
    endloop
  endfacet
  facet normal -0.543206 0.543206 0.640199
    outer loop
      vertex -35 0 110
      vertex -2.82306 1.62989 135.919
      vertex 0 35 110
    endloop
  endfacet
  facet normal -0.543202 0.543216 0.640194
    outer loop
      vertex -2.82306 1.62989 135.919
      vertex -35 0 110
      vertex -3.43305 0.430654 136.419
    endloop
  endfacet
  facet normal -0.543439 0.542634 0.640487
    outer loop
      vertex -3.43305 0.430654 136.419
      vertex -35 0 110
      vertex -3.6521 0 136.598
    endloop
  endfacet
  facet normal 0.543439 0.542634 0.640487
    outer loop
      vertex 35 0 110
      vertex 3.43305 0.430654 136.419
      vertex 3.6521 0 136.598
    endloop
  endfacet
  facet normal 0.543202 0.543216 0.640194
    outer loop
      vertex 35 0 110
      vertex 2.82306 1.62989 135.919
      vertex 3.43305 0.430654 136.419
    endloop
  endfacet
  facet normal 0.543206 0.543206 0.640199
    outer loop
      vertex 35 0 110
      vertex 1.62989 2.82306 135.919
      vertex 2.82306 1.62989 135.919
    endloop
  endfacet
  facet normal 0.543206 0.543206 0.640199
    outer loop
      vertex 0 35 110
      vertex 1.62989 2.82306 135.919
      vertex 35 0 110
    endloop
  endfacet
  facet normal 0.543216 0.543202 0.640194
    outer loop
      vertex 1.62989 2.82306 135.919
      vertex 0 35 110
      vertex 0.430654 3.43305 136.419
    endloop
  endfacet
  facet normal 0.542634 0.543439 0.640487
    outer loop
      vertex 0.430654 3.43305 136.419
      vertex 0 35 110
      vertex 0 3.6521 136.598
    endloop
  endfacet
  facet normal 0.543439 -0.542634 0.640487
    outer loop
      vertex 3.43305 -0.430654 136.419
      vertex 35 0 110
      vertex 3.6521 0 136.598
    endloop
  endfacet
  facet normal 0.543202 -0.543216 0.640194
    outer loop
      vertex 2.82306 -1.62989 135.919
      vertex 35 0 110
      vertex 3.43305 -0.430654 136.419
    endloop
  endfacet
  facet normal 0.543206 -0.543206 0.640199
    outer loop
      vertex 1.62989 -2.82306 135.919
      vertex 35 0 110
      vertex 2.82306 -1.62989 135.919
    endloop
  endfacet
  facet normal 0.543216 -0.543202 0.640194
    outer loop
      vertex 0 -35 110
      vertex 1.62989 -2.82306 135.919
      vertex 0.430654 -3.43305 136.419
    endloop
  endfacet
  facet normal 0.542634 -0.543439 0.640487
    outer loop
      vertex 0 -35 110
      vertex 0.430654 -3.43305 136.419
      vertex 0 -3.6521 136.598
    endloop
  endfacet
  facet normal 0.543206 -0.543206 0.640199
    outer loop
      vertex 1.62989 -2.82306 135.919
      vertex 0 -35 110
      vertex 35 0 110
    endloop
  endfacet
  facet normal -0.542634 -0.543439 0.640487
    outer loop
      vertex -0.430654 -3.43305 136.419
      vertex 0 -35 110
      vertex 0 -3.6521 136.598
    endloop
  endfacet
  facet normal -0.543216 -0.543202 0.640194
    outer loop
      vertex -1.62989 -2.82306 135.919
      vertex 0 -35 110
      vertex -0.430654 -3.43305 136.419
    endloop
  endfacet
  facet normal -0.543206 -0.543206 0.640199
    outer loop
      vertex -2.82306 -1.62989 135.919
      vertex 0 -35 110
      vertex -1.62989 -2.82306 135.919
    endloop
  endfacet
  facet normal -0.543202 -0.543216 0.640194
    outer loop
      vertex -35 0 110
      vertex -2.82306 -1.62989 135.919
      vertex -3.43305 -0.430654 136.419
    endloop
  endfacet
  facet normal -0.543439 -0.542634 0.640487
    outer loop
      vertex -35 0 110
      vertex -3.43305 -0.430654 136.419
      vertex -3.6521 0 136.598
    endloop
  endfacet
  facet normal -0.543206 -0.543206 0.640199
    outer loop
      vertex -2.82306 -1.62989 135.919
      vertex -35 0 110
      vertex 0 -35 110
    endloop
  endfacet
  facet normal 0.495828 0.132858 0.858198
    outer loop
      vertex 2.44949 1.41421 140.828
      vertex 1.03528 0 141.864
      vertex 2.82843 0 140.828
    endloop
  endfacet
  facet normal 0.843594 0.226042 0.487087
    outer loop
      vertex 3.8637 0 139.035
      vertex 2.44949 1.41421 140.828
      vertex 2.82843 0 140.828
    endloop
  endfacet
  facet normal 0.25882 -0.965926 0
    outer loop
      vertex 0 -3.8637 136.965
      vertex 1.93185 -3.34606 139.035
      vertex 0 -3.8637 139.035
    endloop
  endfacet
  facet normal 0.25882 -0.965926 0
    outer loop
      vertex 1.93185 -3.34606 139.035
      vertex 0 -3.8637 136.965
      vertex 1.93185 -3.34606 136.965
    endloop
  endfacet
  facet normal -0.843594 -0.226041 0.487088
    outer loop
      vertex -2.44949 -1.41421 140.828
      vertex -3.8637 0 139.035
      vertex -3.34606 -1.93185 139.035
    endloop
  endfacet
  facet normal -0.25882 0.965926 0
    outer loop
      vertex 0 3.8637 136.965
      vertex -1.93185 3.34606 139.035
      vertex 0 3.8637 139.035
    endloop
  endfacet
  facet normal -0.25882 0.965926 0
    outer loop
      vertex -1.93185 3.34606 139.035
      vertex 0 3.8637 136.965
      vertex -1.93185 3.34606 136.965
    endloop
  endfacet
  facet normal 0.617553 0.617553 0.487089
    outer loop
      vertex 1.41421 2.44949 140.828
      vertex 3.34606 1.93185 139.035
      vertex 1.93185 3.34606 139.035
    endloop
  endfacet
  facet normal 0.617553 0.617553 0.487089
    outer loop
      vertex 3.34606 1.93185 139.035
      vertex 1.41421 2.44949 140.828
      vertex 2.44949 1.41421 140.828
    endloop
  endfacet
  facet normal -0.25882 -0.965926 0
    outer loop
      vertex -1.93185 -3.34606 136.965
      vertex 0 -3.8637 139.035
      vertex -1.93185 -3.34606 139.035
    endloop
  endfacet
  facet normal -0.25882 -0.965926 -0
    outer loop
      vertex 0 -3.8637 139.035
      vertex -1.93185 -3.34606 136.965
      vertex 0 -3.8637 136.965
    endloop
  endfacet
  facet normal 0.226041 -0.843594 0.487088
    outer loop
      vertex 1.41421 -2.44949 140.828
      vertex 0 -3.8637 139.035
      vertex 1.93185 -3.34606 139.035
    endloop
  endfacet
  facet normal 0.843595 -0.226042 -0.487085
    outer loop
      vertex 3.34606 -1.93185 136.965
      vertex 3.43305 -0.430654 136.419
      vertex 3.8637 0 136.965
    endloop
  endfacet
  facet normal 0.843613 -0.226033 -0.487058
    outer loop
      vertex 3.43305 -0.430654 136.419
      vertex 3.34606 -1.93185 136.965
      vertex 2.82306 -1.62989 135.919
    endloop
  endfacet
  facet normal -0.495826 -0.13286 0.858199
    outer loop
      vertex -1.03528 0 141.864
      vertex -2.44949 -1.41421 140.828
      vertex -0.896575 -0.517637 141.864
    endloop
  endfacet
  facet normal -0.226042 -0.843595 -0.487085
    outer loop
      vertex -1.93185 -3.34606 136.965
      vertex -0.430654 -3.43305 136.419
      vertex 0 -3.8637 136.965
    endloop
  endfacet
  facet normal -0.226033 -0.843613 -0.487058
    outer loop
      vertex -0.430654 -3.43305 136.419
      vertex -1.93185 -3.34606 136.965
      vertex -1.62989 -2.82306 135.919
    endloop
  endfacet
  facet normal 0.495826 -0.13286 0.858199
    outer loop
      vertex 1.03528 0 141.864
      vertex 0.896575 -0.517637 141.864
      vertex 2.44949 -1.41421 140.828
    endloop
  endfacet
  facet normal 0.843713 0.226956 -0.486457
    outer loop
      vertex 3.6521 0 136.598
      vertex 3.43305 0.430654 136.419
      vertex 3.8637 0 136.965
    endloop
  endfacet
  facet normal 0.25882 0.965926 -0
    outer loop
      vertex 1.93185 3.34606 136.965
      vertex 0 3.8637 139.035
      vertex 1.93185 3.34606 139.035
    endloop
  endfacet
  facet normal 0.25882 0.965926 0
    outer loop
      vertex 0 3.8637 139.035
      vertex 1.93185 3.34606 136.965
      vertex 0 3.8637 136.965
    endloop
  endfacet
  facet normal 0.13286 0.495826 0.858199
    outer loop
      vertex 1.41421 2.44949 140.828
      vertex 0 1.03528 141.864
      vertex 0.517637 0.896575 141.864
    endloop
  endfacet
  facet normal -0.132858 0.495828 0.858198
    outer loop
      vertex 0 2.82843 140.828
      vertex -1.41421 2.44949 140.828
      vertex 0 1.03528 141.864
    endloop
  endfacet
  facet normal 0 0 1
    outer loop
      vertex 0.896575 0.517637 141.864
      vertex 0.896575 -0.517637 141.864
      vertex 1.03528 0 141.864
    endloop
  endfacet
  facet normal 0 0 1
    outer loop
      vertex 0.517637 0.896575 141.864
      vertex 0.896575 -0.517637 141.864
      vertex 0.896575 0.517637 141.864
    endloop
  endfacet
  facet normal 0 0 1
    outer loop
      vertex 0.517637 0.896575 141.864
      vertex 0.517637 -0.896575 141.864
      vertex 0.896575 -0.517637 141.864
    endloop
  endfacet
  facet normal 0 0 1
    outer loop
      vertex 0 1.03528 141.864
      vertex 0.517637 -0.896575 141.864
      vertex 0.517637 0.896575 141.864
    endloop
  endfacet
  facet normal 0 0 1
    outer loop
      vertex 0 1.03528 141.864
      vertex 0 -1.03528 141.864
      vertex 0.517637 -0.896575 141.864
    endloop
  endfacet
  facet normal -0 0 1
    outer loop
      vertex -0.517637 0.896575 141.864
      vertex 0 -1.03528 141.864
      vertex 0 1.03528 141.864
    endloop
  endfacet
  facet normal 0 0 1
    outer loop
      vertex -0.517637 0.896575 141.864
      vertex -0.517637 -0.896575 141.864
      vertex 0 -1.03528 141.864
    endloop
  endfacet
  facet normal -0 0 1
    outer loop
      vertex -0.896575 0.517637 141.864
      vertex -0.517637 -0.896575 141.864
      vertex -0.517637 0.896575 141.864
    endloop
  endfacet
  facet normal 0 0 1
    outer loop
      vertex -0.896575 0.517637 141.864
      vertex -0.896575 -0.517637 141.864
      vertex -0.517637 -0.896575 141.864
    endloop
  endfacet
  facet normal 0 -0 1
    outer loop
      vertex -0.896575 -0.517637 141.864
      vertex -0.896575 0.517637 141.864
      vertex -1.03528 0 141.864
    endloop
  endfacet
  facet normal 0.362971 0.362971 0.858198
    outer loop
      vertex 1.41421 2.44949 140.828
      vertex 0.896575 0.517637 141.864
      vertex 2.44949 1.41421 140.828
    endloop
  endfacet
  facet normal 0.362971 0.362971 0.858198
    outer loop
      vertex 0.896575 0.517637 141.864
      vertex 1.41421 2.44949 140.828
      vertex 0.517637 0.896575 141.864
    endloop
  endfacet
  facet normal 0.707107 0.707107 0
    outer loop
      vertex 3.34606 1.93185 139.035
      vertex 1.93185 3.34606 136.965
      vertex 1.93185 3.34606 139.035
    endloop
  endfacet
  facet normal 0.707107 0.707107 0
    outer loop
      vertex 1.93185 3.34606 136.965
      vertex 3.34606 1.93185 139.035
      vertex 3.34606 1.93185 136.965
    endloop
  endfacet
  facet normal 0.226042 -0.843594 0.487087
    outer loop
      vertex 0 -2.82843 140.828
      vertex 0 -3.8637 139.035
      vertex 1.41421 -2.44949 140.828
    endloop
  endfacet
  facet normal 0.132858 -0.495828 0.858198
    outer loop
      vertex 0 -1.03528 141.864
      vertex 0 -2.82843 140.828
      vertex 1.41421 -2.44949 140.828
    endloop
  endfacet
  facet normal -0.226956 0.843713 -0.486457
    outer loop
      vertex 0 3.6521 136.598
      vertex -0.430654 3.43305 136.419
      vertex 0 3.8637 136.965
    endloop
  endfacet
  facet normal 0.617564 -0.617564 -0.487061
    outer loop
      vertex 3.34606 -1.93185 136.965
      vertex 1.62989 -2.82306 135.919
      vertex 2.82306 -1.62989 135.919
    endloop
  endfacet
  facet normal 0.617564 -0.617564 -0.487061
    outer loop
      vertex 1.62989 -2.82306 135.919
      vertex 3.34606 -1.93185 136.965
      vertex 1.93185 -3.34606 136.965
    endloop
  endfacet
  facet normal 0.617564 0.617564 -0.487061
    outer loop
      vertex 3.34606 1.93185 136.965
      vertex 1.62989 2.82306 135.919
      vertex 1.93185 3.34606 136.965
    endloop
  endfacet
  facet normal 0.617564 0.617564 -0.487061
    outer loop
      vertex 1.62989 2.82306 135.919
      vertex 3.34606 1.93185 136.965
      vertex 2.82306 1.62989 135.919
    endloop
  endfacet
  facet normal 0.226956 0.843713 -0.486457
    outer loop
      vertex 0.430654 3.43305 136.419
      vertex 0 3.6521 136.598
      vertex 0 3.8637 136.965
    endloop
  endfacet
  facet normal -0.843594 0.226042 0.487087
    outer loop
      vertex -2.44949 1.41421 140.828
      vertex -3.8637 0 139.035
      vertex -2.82843 0 140.828
    endloop
  endfacet
  facet normal -0.843594 0.226041 0.487088
    outer loop
      vertex -3.34606 1.93185 139.035
      vertex -3.8637 0 139.035
      vertex -2.44949 1.41421 140.828
    endloop
  endfacet
  facet normal -0.843613 -0.226033 -0.487058
    outer loop
      vertex -3.34606 -1.93185 136.965
      vertex -3.43305 -0.430654 136.419
      vertex -2.82306 -1.62989 135.919
    endloop
  endfacet
  facet normal -0.843595 -0.226042 -0.487085
    outer loop
      vertex -3.43305 -0.430654 136.419
      vertex -3.34606 -1.93185 136.965
      vertex -3.8637 0 136.965
    endloop
  endfacet
  facet normal 0.226042 0.843594 0.487087
    outer loop
      vertex 0 3.8637 139.035
      vertex 0 2.82843 140.828
      vertex 1.41421 2.44949 140.828
    endloop
  endfacet
  facet normal 0.495826 0.13286 0.858199
    outer loop
      vertex 2.44949 1.41421 140.828
      vertex 0.896575 0.517637 141.864
      vertex 1.03528 0 141.864
    endloop
  endfacet
  facet normal 0.226041 0.843594 0.487088
    outer loop
      vertex 1.93185 3.34606 139.035
      vertex 0 3.8637 139.035
      vertex 1.41421 2.44949 140.828
    endloop
  endfacet
  facet normal 0.843613 0.226033 -0.487058
    outer loop
      vertex 3.34606 1.93185 136.965
      vertex 3.43305 0.430654 136.419
      vertex 2.82306 1.62989 135.919
    endloop
  endfacet
  facet normal 0.843595 0.226042 -0.487085
    outer loop
      vertex 3.43305 0.430654 136.419
      vertex 3.34606 1.93185 136.965
      vertex 3.8637 0 136.965
    endloop
  endfacet
  facet normal 0.965926 0.25882 0
    outer loop
      vertex 3.8637 0 139.035
      vertex 3.34606 1.93185 136.965
      vertex 3.34606 1.93185 139.035
    endloop
  endfacet
  facet normal 0.965926 0.25882 0
    outer loop
      vertex 3.34606 1.93185 136.965
      vertex 3.8637 0 139.035
      vertex 3.8637 0 136.965
    endloop
  endfacet
  facet normal -0.226042 -0.843594 0.487087
    outer loop
      vertex 0 -2.82843 140.828
      vertex -1.41421 -2.44949 140.828
      vertex 0 -3.8637 139.035
    endloop
  endfacet
  facet normal -0.132858 -0.495828 0.858198
    outer loop
      vertex 0 -1.03528 141.864
      vertex -1.41421 -2.44949 140.828
      vertex 0 -2.82843 140.828
    endloop
  endfacet
  facet normal -0.617553 -0.617553 0.487089
    outer loop
      vertex -1.93185 -3.34606 139.035
      vertex -2.44949 -1.41421 140.828
      vertex -3.34606 -1.93185 139.035
    endloop
  endfacet
  facet normal -0.617553 -0.617553 0.487089
    outer loop
      vertex -2.44949 -1.41421 140.828
      vertex -1.93185 -3.34606 139.035
      vertex -1.41421 -2.44949 140.828
    endloop
  endfacet
  facet normal 0.226042 -0.843595 -0.487085
    outer loop
      vertex 0.430654 -3.43305 136.419
      vertex 1.93185 -3.34606 136.965
      vertex 0 -3.8637 136.965
    endloop
  endfacet
  facet normal 0.226033 -0.843613 -0.487058
    outer loop
      vertex 1.93185 -3.34606 136.965
      vertex 0.430654 -3.43305 136.419
      vertex 1.62989 -2.82306 135.919
    endloop
  endfacet
  facet normal -0.617564 -0.617564 -0.487061
    outer loop
      vertex -1.62989 -2.82306 135.919
      vertex -3.34606 -1.93185 136.965
      vertex -2.82306 -1.62989 135.919
    endloop
  endfacet
  facet normal -0.617564 -0.617564 -0.487061
    outer loop
      vertex -3.34606 -1.93185 136.965
      vertex -1.62989 -2.82306 135.919
      vertex -1.93185 -3.34606 136.965
    endloop
  endfacet
  facet normal -0.707107 -0.707107 0
    outer loop
      vertex -1.93185 -3.34606 136.965
      vertex -3.34606 -1.93185 139.035
      vertex -3.34606 -1.93185 136.965
    endloop
  endfacet
  facet normal -0.707107 -0.707107 0
    outer loop
      vertex -3.34606 -1.93185 139.035
      vertex -1.93185 -3.34606 136.965
      vertex -1.93185 -3.34606 139.035
    endloop
  endfacet
  facet normal 0.843713 -0.226956 -0.486457
    outer loop
      vertex 3.8637 0 136.965
      vertex 3.43305 -0.430654 136.419
      vertex 3.6521 0 136.598
    endloop
  endfacet
  facet normal -0.226956 -0.843713 -0.486457
    outer loop
      vertex 0 -3.8637 136.965
      vertex -0.430654 -3.43305 136.419
      vertex 0 -3.6521 136.598
    endloop
  endfacet
  facet normal -0.226042 0.843595 -0.487085
    outer loop
      vertex -0.430654 3.43305 136.419
      vertex -1.93185 3.34606 136.965
      vertex 0 3.8637 136.965
    endloop
  endfacet
  facet normal -0.226033 0.843613 -0.487058
    outer loop
      vertex -1.93185 3.34606 136.965
      vertex -0.430654 3.43305 136.419
      vertex -1.62989 2.82306 135.919
    endloop
  endfacet
  facet normal 0.226042 0.843595 -0.487085
    outer loop
      vertex 1.93185 3.34606 136.965
      vertex 0.430654 3.43305 136.419
      vertex 0 3.8637 136.965
    endloop
  endfacet
  facet normal 0.226033 0.843613 -0.487058
    outer loop
      vertex 0.430654 3.43305 136.419
      vertex 1.93185 3.34606 136.965
      vertex 1.62989 2.82306 135.919
    endloop
  endfacet
  facet normal -0.707107 0.707107 0
    outer loop
      vertex -3.34606 1.93185 136.965
      vertex -1.93185 3.34606 139.035
      vertex -1.93185 3.34606 136.965
    endloop
  endfacet
  facet normal -0.707107 0.707107 0
    outer loop
      vertex -1.93185 3.34606 139.035
      vertex -3.34606 1.93185 136.965
      vertex -3.34606 1.93185 139.035
    endloop
  endfacet
  facet normal -0.617564 0.617564 -0.487061
    outer loop
      vertex -1.62989 2.82306 135.919
      vertex -3.34606 1.93185 136.965
      vertex -1.93185 3.34606 136.965
    endloop
  endfacet
  facet normal -0.617564 0.617564 -0.487061
    outer loop
      vertex -3.34606 1.93185 136.965
      vertex -1.62989 2.82306 135.919
      vertex -2.82306 1.62989 135.919
    endloop
  endfacet
  facet normal -0.495828 0.132858 0.858198
    outer loop
      vertex -2.44949 1.41421 140.828
      vertex -2.82843 0 140.828
      vertex -1.03528 0 141.864
    endloop
  endfacet
  facet normal -0.843594 -0.226042 0.487087
    outer loop
      vertex -2.82843 0 140.828
      vertex -3.8637 0 139.035
      vertex -2.44949 -1.41421 140.828
    endloop
  endfacet
  facet normal -0.226042 0.843594 0.487087
    outer loop
      vertex 0 3.8637 139.035
      vertex -1.41421 2.44949 140.828
      vertex 0 2.82843 140.828
    endloop
  endfacet
  facet normal 0.843594 0.226041 0.487088
    outer loop
      vertex 3.34606 1.93185 139.035
      vertex 2.44949 1.41421 140.828
      vertex 3.8637 0 139.035
    endloop
  endfacet
  facet normal -0.362971 -0.362971 0.858198
    outer loop
      vertex -0.896575 -0.517637 141.864
      vertex -1.41421 -2.44949 140.828
      vertex -0.517637 -0.896575 141.864
    endloop
  endfacet
  facet normal -0.362971 -0.362971 0.858198
    outer loop
      vertex -1.41421 -2.44949 140.828
      vertex -0.896575 -0.517637 141.864
      vertex -2.44949 -1.41421 140.828
    endloop
  endfacet
  facet normal 0.362971 -0.362971 0.858198
    outer loop
      vertex 0.896575 -0.517637 141.864
      vertex 1.41421 -2.44949 140.828
      vertex 2.44949 -1.41421 140.828
    endloop
  endfacet
  facet normal 0.362971 -0.362971 0.858198
    outer loop
      vertex 1.41421 -2.44949 140.828
      vertex 0.896575 -0.517637 141.864
      vertex 0.517637 -0.896575 141.864
    endloop
  endfacet
  facet normal -0.226041 -0.843594 0.487088
    outer loop
      vertex -1.41421 -2.44949 140.828
      vertex -1.93185 -3.34606 139.035
      vertex 0 -3.8637 139.035
    endloop
  endfacet
  facet normal 0.707107 -0.707107 0
    outer loop
      vertex 1.93185 -3.34606 139.035
      vertex 3.34606 -1.93185 136.965
      vertex 3.34606 -1.93185 139.035
    endloop
  endfacet
  facet normal 0.707107 -0.707107 0
    outer loop
      vertex 3.34606 -1.93185 136.965
      vertex 1.93185 -3.34606 139.035
      vertex 1.93185 -3.34606 136.965
    endloop
  endfacet
  facet normal -0.965926 -0.25882 0
    outer loop
      vertex -3.34606 -1.93185 136.965
      vertex -3.8637 0 139.035
      vertex -3.8637 0 136.965
    endloop
  endfacet
  facet normal -0.965926 -0.25882 0
    outer loop
      vertex -3.8637 0 139.035
      vertex -3.34606 -1.93185 136.965
      vertex -3.34606 -1.93185 139.035
    endloop
  endfacet
  facet normal 0.226956 -0.843713 -0.486457
    outer loop
      vertex 0.430654 -3.43305 136.419
      vertex 0 -3.8637 136.965
      vertex 0 -3.6521 136.598
    endloop
  endfacet
  facet normal -0.965926 0.25882 0
    outer loop
      vertex -3.8637 0 136.965
      vertex -3.34606 1.93185 139.035
      vertex -3.34606 1.93185 136.965
    endloop
  endfacet
  facet normal -0.965926 0.25882 0
    outer loop
      vertex -3.34606 1.93185 139.035
      vertex -3.8637 0 136.965
      vertex -3.8637 0 139.035
    endloop
  endfacet
  facet normal -0.843613 0.226033 -0.487058
    outer loop
      vertex -3.43305 0.430654 136.419
      vertex -3.34606 1.93185 136.965
      vertex -2.82306 1.62989 135.919
    endloop
  endfacet
  facet normal -0.843595 0.226042 -0.487085
    outer loop
      vertex -3.34606 1.93185 136.965
      vertex -3.43305 0.430654 136.419
      vertex -3.8637 0 136.965
    endloop
  endfacet
  facet normal -0.495826 0.13286 0.858199
    outer loop
      vertex -0.896575 0.517637 141.864
      vertex -2.44949 1.41421 140.828
      vertex -1.03528 0 141.864
    endloop
  endfacet
  facet normal -0.495828 -0.132858 0.858198
    outer loop
      vertex -1.03528 0 141.864
      vertex -2.82843 0 140.828
      vertex -2.44949 -1.41421 140.828
    endloop
  endfacet
  facet normal 0.132858 0.495828 0.858198
    outer loop
      vertex 0 2.82843 140.828
      vertex 0 1.03528 141.864
      vertex 1.41421 2.44949 140.828
    endloop
  endfacet
  facet normal -0.226041 0.843594 0.487088
    outer loop
      vertex 0 3.8637 139.035
      vertex -1.93185 3.34606 139.035
      vertex -1.41421 2.44949 140.828
    endloop
  endfacet
  facet normal -0.13286 -0.495826 0.858199
    outer loop
      vertex -0.517637 -0.896575 141.864
      vertex -1.41421 -2.44949 140.828
      vertex 0 -1.03528 141.864
    endloop
  endfacet
  facet normal 0.13286 -0.495826 0.858199
    outer loop
      vertex 0.517637 -0.896575 141.864
      vertex 0 -1.03528 141.864
      vertex 1.41421 -2.44949 140.828
    endloop
  endfacet
  facet normal 0.965926 -0.25882 0
    outer loop
      vertex 3.34606 -1.93185 139.035
      vertex 3.8637 0 136.965
      vertex 3.8637 0 139.035
    endloop
  endfacet
  facet normal 0.965926 -0.25882 0
    outer loop
      vertex 3.8637 0 136.965
      vertex 3.34606 -1.93185 139.035
      vertex 3.34606 -1.93185 136.965
    endloop
  endfacet
  facet normal -0.843713 -0.226956 -0.486457
    outer loop
      vertex -3.43305 -0.430654 136.419
      vertex -3.8637 0 136.965
      vertex -3.6521 0 136.598
    endloop
  endfacet
  facet normal -0.843713 0.226956 -0.486457
    outer loop
      vertex -3.6521 0 136.598
      vertex -3.8637 0 136.965
      vertex -3.43305 0.430654 136.419
    endloop
  endfacet
  facet normal -0.13286 0.495826 0.858199
    outer loop
      vertex 0 1.03528 141.864
      vertex -1.41421 2.44949 140.828
      vertex -0.517637 0.896575 141.864
    endloop
  endfacet
  facet normal -0.362971 0.362971 0.858198
    outer loop
      vertex -1.41421 2.44949 140.828
      vertex -0.896575 0.517637 141.864
      vertex -0.517637 0.896575 141.864
    endloop
  endfacet
  facet normal -0.362971 0.362971 0.858198
    outer loop
      vertex -0.896575 0.517637 141.864
      vertex -1.41421 2.44949 140.828
      vertex -2.44949 1.41421 140.828
    endloop
  endfacet
  facet normal -0.617553 0.617553 0.487089
    outer loop
      vertex -1.93185 3.34606 139.035
      vertex -2.44949 1.41421 140.828
      vertex -1.41421 2.44949 140.828
    endloop
  endfacet
  facet normal -0.617553 0.617553 0.487089
    outer loop
      vertex -2.44949 1.41421 140.828
      vertex -1.93185 3.34606 139.035
      vertex -3.34606 1.93185 139.035
    endloop
  endfacet
  facet normal 0.617553 -0.617553 0.487089
    outer loop
      vertex 1.41421 -2.44949 140.828
      vertex 3.34606 -1.93185 139.035
      vertex 2.44949 -1.41421 140.828
    endloop
  endfacet
  facet normal 0.617553 -0.617553 0.487089
    outer loop
      vertex 3.34606 -1.93185 139.035
      vertex 1.41421 -2.44949 140.828
      vertex 1.93185 -3.34606 139.035
    endloop
  endfacet
  facet normal 0.843594 -0.226041 0.487088
    outer loop
      vertex 3.8637 0 139.035
      vertex 2.44949 -1.41421 140.828
      vertex 3.34606 -1.93185 139.035
    endloop
  endfacet
  facet normal 0.843594 -0.226042 0.487087
    outer loop
      vertex 2.82843 0 140.828
      vertex 2.44949 -1.41421 140.828
      vertex 3.8637 0 139.035
    endloop
  endfacet
  facet normal 0.495828 -0.132858 0.858198
    outer loop
      vertex 2.82843 0 140.828
      vertex 1.03528 0 141.864
      vertex 2.44949 -1.41421 140.828
    endloop
  endfacet
endsolid OpenSCAD_Model
